name,retinue,weapon,shield,armor,ranged,has_tiltyard,size,extra_tags,upkeep_per_retinue,playstyle,tiltyard_mastery,pursuits,military_pursuit_count,domain_count
"MaA/FarmTools/Cloth [(NInd, RProw, NPie, NCun), Nimble]|M1",Man-at-Arms,Farm Tools,,Cloth,,False,25,"Immune Blocked,Nimble",2000,,False,Coliseum|Conditioning Field,1,3
"MaA/Cudgel/Cloth [(NInd, RProw, NPie, NCun), Nimble]|M1",Man-at-Arms,Cudgel,,Cloth,,False,25,"Immune Blocked,Nimble",2000,,False,Coliseum|Conditioning Field,1,3
"MaA/Pitchfork/Cloth [(NInd, RProw, NPie, NCun), Nimble]|M1",Man-at-Arms,Pitchfork,,Cloth,,False,25,"Immune Blocked,Nimble",2000,,False,Coliseum|Conditioning Field,1,3
"MaA/Pitchfork/Cloth [(NInd, EProw, NPie, NCun), Nimble, Riposte]|M1",Man-at-Arms,Pitchfork,,Cloth,,False,25,"Immune Blocked,Nimble,Riposte,Parry,Improved Parry",2000,,False,Coliseum|Conditioning Field|Grand Tournament,1,6
"MaA/FarmTools/Cloth [(NInd, RProw, NPie, NCun), Nimble]|M2",Man-at-Arms,Farm Tools,,Cloth,,False,25,"Immune Blocked,Nimble",2000,,False,Coliseum|Conditioning Field|Stable,2,3
"MaA/FarmTools/Cloth [RoPaM, (NInd, SProw, NPie, NCun), Nimble, Riposte]|M2",Man-at-Arms,Farm Tools,,Cloth,,False,25,"Immune Blocked,Nimble,Drilled,Riposte,Parry,Improved Parry,Immune Strain",2000,,False,Coliseum|Conditioning Field|Grand Tournament|Royal Pavilion|Tiltyard,2,10
"MaA/FarmTools/Buckler/Cloth [(RInd, RProw, NPie, NCun), Nimble]|M2",Man-at-Arms,Farm Tools,Buckler Shield,Cloth,,False,25,"Immune Blocked,Nimble",1800,,False,Carpentry|Coliseum|Conditioning Field|Joinery,2,6
"MaA/FarmTools/Leather [(NInd, RProw, NPie, NCun), Nimble]|M2",Man-at-Arms,Farm Tools,,Leather,,False,25,"Immune Blocked,Nimble",1800,,False,Animal Husbandry|Coliseum|Conditioning Field|Tannery,2,3
"MaA/Cudgel/Cloth [(NInd, RProw, NPie, NCun), Nimble]|M2",Man-at-Arms,Cudgel,,Cloth,,False,25,"Immune Blocked,Nimble",2000,,False,Coliseum|Conditioning Field|Stable,2,3
"MaA/Cudgel/Leather [(NInd, EProw, NPie, NCun), Nimble, Riposte]|M2",Man-at-Arms,Cudgel,,Leather,,False,25,"Immune Blocked,Nimble,Riposte,Parry,Improved Parry",1800,,False,Animal Husbandry|Coliseum|Conditioning Field|Grand Tournament|Tannery,2,6
"MaA/Pitchfork/Cloth [(NInd, RProw, NPie, NCun), Nimble]|M2",Man-at-Arms,Pitchfork,,Cloth,,False,25,"Immune Blocked,Nimble",2000,,False,Coliseum|Conditioning Field|Stable,2,3
"MaA/Pitchfork/Cloth [RoPaI, (NInd, SProw, NPie, NCun), Nimble]|M2",Man-at-Arms,Pitchfork,,Cloth,,False,25,"Parry,Immune Blocked,Immune Strain,Nimble",2000,,False,Coliseum|Conditioning Field|Royal Pavilion,2,10
"MaA/Pitchfork/Cloth [(NInd, EProw, NPie, NCun), Nimble, Riposte]|M2",Man-at-Arms,Pitchfork,,Cloth,,False,25,"Immune Blocked,Nimble,Riposte,Parry,Improved Parry",2000,,False,Coliseum|Conditioning Field|Grand Tournament|Stable,2,6
"MaA/Pitchfork/Leather [(NInd, RProw, NPie, NCun), Nimble]|M2",Man-at-Arms,Pitchfork,,Leather,,False,25,"Immune Blocked,Nimble",1800,,False,Animal Husbandry|Coliseum|Conditioning Field|Tannery,2,3
"MaA/Daggers/Cloth [(NInd, RProw, NPie, NCun), Nimble]|M2",Man-at-Arms,Daggers,,Cloth,,False,25,"Immune Blocked,Nimble",2000,,False,Coliseum|Conditioning Field|Furnace,2,3
"MaA/Daggers/Cloth [(NInd, EProw, NPie, NCun), Nimble, Riposte]|M2",Man-at-Arms,Daggers,,Cloth,,False,25,"Immune Blocked,Nimble,Riposte,Parry,Improved Parry",2000,,False,Coliseum|Conditioning Field|Furnace|Grand Tournament,2,6
"MaA/Spears/Cloth [(NInd, RProw, NPie, NCun), Nimble]|M2",Man-at-Arms,Spears,,Cloth,,False,25,"Immune Blocked,Nimble",2000,,False,Coliseum|Conditioning Field|Furnace,2,3
"MaA/Halberd/Cloth [(RInd, RProw, NPie, NCun), Nimble]|M2",Man-at-Arms,Halberd,,Cloth,,False,25,"Immune Blocked,Nimble",2000,,False,Blacksmith|Coliseum|Conditioning Field|Furnace,2,6
"MaA/BattleAxe/Cloth [(RInd, RProw, NPie, NCun), Nimble]|M2",Man-at-Arms,Battle Axe,,Cloth,,False,25,"Immune Blocked,Nimble",2000,,False,Blacksmith|Coliseum|Conditioning Field|Furnace,2,6
"MaA/BattleAxe/Cloth [(RInd, EProw, NPie, NCun), Nimble, Riposte]|M2",Man-at-Arms,Battle Axe,,Cloth,,False,25,"Immune Blocked,Nimble,Riposte,Parry,Improved Parry",2000,,False,Blacksmith|Coliseum|Conditioning Field|Furnace|Grand Tournament,2,9
"MaA/2HBastard/Cloth [(EInd, RProw, NPie, NCun), Nimble]|M2",Man-at-Arms,2HBastard,,Cloth,,False,25,"Immune Blocked,Nimble",2000,,False,Blacksmith|Coliseum|Conditioning Field|Forge|Furnace,2,9
"MaA/WarHammer/Cloth [(EInd, RProw, NPie, NCun), Nimble]|M2",Man-at-Arms,War Hammer,,Cloth,,False,25,"Immune Blocked,Nimble",2000,,False,Blacksmith|Coliseum|Conditioning Field|Forge|Furnace,2,9
"MaA/FarmTools/Cloth [(NInd, RProw, NPie, NCun), Nimble, Recover 8]|M3",Man-at-Arms,Farm Tools,,Cloth,,False,25,"Immune Blocked,Recover 8,Nimble",2000,,False,Apothecary|Coliseum|Conditioning Field|Herb Garden,3,3
"MaA/FarmTools/Cloth [RoPaM, (NInd, SProw, NPie, NCun), Nimble, Riposte]|M3",Man-at-Arms,Farm Tools,,Cloth,,False,25,"Immune Blocked,Nimble,Drilled,Riposte,Parry,Improved Parry,Immune Strain",2000,,False,Coliseum|Conditioning Field|Grand Tournament|Royal Pavilion|Stable|Tiltyard,3,10
"MaA/FarmTools/Buckler/Cloth [(RInd, RProw, NPie, NCun), Nimble]|M3",Man-at-Arms,Farm Tools,Buckler Shield,Cloth,,False,25,"Immune Blocked,Nimble",1800,,False,Carpentry|Coliseum|Conditioning Field|Joinery|Stable,3,6
"MaA/FarmTools/Targe/Cloth [(RInd, RProw, NPie, NCun), Nimble]|M3",Man-at-Arms,Farm Tools,Targe Shield,Cloth,,False,25,"Immune Blocked,Nimble",1800,,False,Blacksmith|Carpentry|Coliseum|Conditioning Field|Furnace|Joinery,3,6
"MaA/FarmTools/Tower/Cloth [(EInd, RProw, NPie, NCun), Nimble]|M3",Man-at-Arms,Farm Tools,Tower Shield,Cloth,,False,25,"Immune Blocked,Nimble",1800,,False,Blacksmith|Carpentry|Coliseum|Conditioning Field|Forge|Furnace|Joinery,3,9
"MaA/FarmTools/Leather [(NInd, RProw, NPie, NCun), Nimble]|M3",Man-at-Arms,Farm Tools,,Leather,,False,25,"Immune Blocked,Nimble",1800,,False,Animal Husbandry|Coliseum|Conditioning Field|Stable|Tannery,3,3
"MaA/FarmTools/Buckler/Leather [(RInd, RProw, NPie, NCun), Nimble]|M3",Man-at-Arms,Farm Tools,Buckler Shield,Leather,,False,25,"Immune Blocked,Nimble",1600,,False,Animal Husbandry|Carpentry|Coliseum|Conditioning Field|Joinery|Tannery,3,6
"MaA/FarmTools/Chain [(RInd, RProw, NPie, NCun), Nimble]|M3",Man-at-Arms,Farm Tools,,Chainmail,,False,25,"Immune Blocked,Nimble",1600,,False,Animal Husbandry|Armory|Blacksmith|Coliseum|Conditioning Field|Furnace|Tannery,3,6
"MaA/FarmTools/FullPlate [(EInd, RProw, NPie, NCun), Nimble, Temp]|M3",Man-at-Arms,Farm Tools,,Full Plate,,False,25,"Immune Blocked,Tempered,Nimble",1600,,False,Animal Husbandry|Armory|Blacksmith|Coliseum|Conditioning Field|Furnace|Gilded Foundry|Tannery,3,9
"MaA/Cudgel/Cloth [(NInd, RProw, NPie, NCun), Nimble, Recover 8]|M3",Man-at-Arms,Cudgel,,Cloth,,False,25,"Immune Blocked,Recover 8,Nimble",2000,,False,Apothecary|Coliseum|Conditioning Field|Herb Garden,3,3
"MaA/Cudgel/Leather [(NInd, EProw, NPie, NCun), Nimble, Riposte]|M3",Man-at-Arms,Cudgel,,Leather,,False,25,"Immune Blocked,Nimble,Riposte,Parry,Improved Parry",1800,,False,Animal Husbandry|Coliseum|Conditioning Field|Grand Tournament|Stable|Tannery,3,6
"MaA/Cudgel/Chain [(RInd, RProw, NPie, NCun), Nimble]|M3",Man-at-Arms,Cudgel,,Chainmail,,False,25,"Immune Blocked,Nimble",1600,,False,Animal Husbandry|Armory|Blacksmith|Coliseum|Conditioning Field|Furnace|Tannery,3,6
"MaA/Cudgel/FullPlate [(EInd, RProw, NPie, NCun), Nimble, Temp]|M3",Man-at-Arms,Cudgel,,Full Plate,,False,25,"Immune Blocked,Tempered,Nimble",1600,,False,Animal Husbandry|Armory|Blacksmith|Coliseum|Conditioning Field|Furnace|Gilded Foundry|Tannery,3,9
"MaA/Pitchfork/Cloth [(NInd, RProw, NPie, NCun), Nimble, Recover 8]|M3",Man-at-Arms,Pitchfork,,Cloth,,False,25,"Immune Blocked,Recover 8,Nimble",2000,,False,Apothecary|Coliseum|Conditioning Field|Herb Garden,3,3
"MaA/Pitchfork/Cloth [RoPaI, (NInd, SProw, NPie, NCun), Nimble]|M3",Man-at-Arms,Pitchfork,,Cloth,,False,25,"Parry,Immune Blocked,Immune Strain,Nimble",2000,,False,Coliseum|Conditioning Field|Royal Pavilion|Stable,3,10
"MaA/Pitchfork/Cloth [(NInd, EProw, NPie, NCun), Nimble, Recover 8, Riposte]|M3",Man-at-Arms,Pitchfork,,Cloth,,False,25,"Immune Blocked,Recover 8,Nimble,Riposte,Parry,Improved Parry",2000,,False,Apothecary|Coliseum|Conditioning Field|Grand Tournament|Herb Garden,3,6
"MaA/Pitchfork/Leather [(NInd, RProw, NPie, NCun), Nimble]|M3",Man-at-Arms,Pitchfork,,Leather,,False,25,"Immune Blocked,Nimble",1800,,False,Animal Husbandry|Coliseum|Conditioning Field|Stable|Tannery,3,3
"MaA/Pitchfork/Chain [(RInd, RProw, NPie, NCun), Nimble]|M3",Man-at-Arms,Pitchfork,,Chainmail,,False,25,"Immune Blocked,Nimble",1600,,False,Animal Husbandry|Armory|Blacksmith|Coliseum|Conditioning Field|Furnace|Tannery,3,6
"MaA/Pitchfork/FullPlate [(EInd, RProw, NPie, NCun), Nimble, Temp]|M3",Man-at-Arms,Pitchfork,,Full Plate,,False,25,"Immune Blocked,Tempered,Nimble",1600,,False,Animal Husbandry|Armory|Blacksmith|Coliseum|Conditioning Field|Furnace|Gilded Foundry|Tannery,3,9
"MaA/Daggers/Cloth [(EInd, RProw, NPie, NCun), Nimble, Serr]|M3",Man-at-Arms,Daggers,,Cloth,,False,25,"Immune Blocked,Serrated,Nimble",1800,,False,Blacksmith|Coliseum|Conditioning Field|Furnace|Master Workshop,3,9
"MaA/Daggers/Cloth [(EInd, EProw, NPie, NCun), Nimble, Riposte, Serr]|M3",Man-at-Arms,Daggers,,Cloth,,False,25,"Immune Blocked,Nimble,Serrated,Riposte,Parry,Improved Parry",1800,,False,Blacksmith|Coliseum|Conditioning Field|Furnace|Grand Tournament|Master Workshop,3,12
"MaA/Daggers/Leather [(NInd, RProw, NPie, NCun), Nimble]|M3",Man-at-Arms,Daggers,,Leather,,False,25,"Immune Blocked,Nimble",1800,,False,Animal Husbandry|Coliseum|Conditioning Field|Furnace|Tannery,3,3
"MaA/Daggers/Leather [(NInd, EProw, NPie, NCun), Nimble, Riposte]|M3",Man-at-Arms,Daggers,,Leather,,False,25,"Immune Blocked,Nimble,Riposte,Parry,Improved Parry",1800,,False,Animal Husbandry|Coliseum|Conditioning Field|Furnace|Grand Tournament|Tannery,3,6
"MaA/Daggers/Chain [(RInd, RProw, NPie, NCun), Nimble]|M3",Man-at-Arms,Daggers,,Chainmail,,False,25,"Immune Blocked,Nimble",1600,,False,Animal Husbandry|Armory|Blacksmith|Coliseum|Conditioning Field|Furnace|Tannery,3,6
"MaA/ShortSword/Targe/Cloth [(RInd, RProw, NPie, NCun), Nimble]|M3",Man-at-Arms,Short Sword,Targe Shield,Cloth,,False,25,"Immune Blocked,Nimble",1800,,False,Blacksmith|Carpentry|Coliseum|Conditioning Field|Furnace|Joinery,3,6
"MaA/ShortSword/Tower/Cloth [(EInd, RProw, NPie, NCun), Nimble]|M3",Man-at-Arms,Short Sword,Tower Shield,Cloth,,False,25,"Immune Blocked,Nimble",1800,,False,Blacksmith|Carpentry|Coliseum|Conditioning Field|Forge|Furnace|Joinery,3,9
"MaA/Spears/Cloth [(EInd, RProw, NPie, NCun), Nimble, Serr]|M3",Man-at-Arms,Spears,,Cloth,,False,25,"Immune Blocked,Serrated,Nimble",1800,,False,Blacksmith|Coliseum|Conditioning Field|Furnace|Master Workshop,3,9
"MaA/Spears/Leather [(NInd, RProw, NPie, NCun), Nimble]|M3",Man-at-Arms,Spears,,Leather,,False,25,"Immune Blocked,Nimble",1800,,False,Animal Husbandry|Coliseum|Conditioning Field|Furnace|Tannery,3,3
"MaA/Spears/Chain [(RInd, RProw, NPie, NCun), Nimble]|M3",Man-at-Arms,Spears,,Chainmail,,False,25,"Immune Blocked,Nimble",1600,,False,Animal Husbandry|Armory|Blacksmith|Coliseum|Conditioning Field|Furnace|Tannery,3,6
"MaA/Spears/Chain [(RInd, EProw, NPie, NCun), Nimble, Riposte]|M3",Man-at-Arms,Spears,,Chainmail,,False,25,"Immune Blocked,Nimble,Riposte,Parry,Improved Parry",1600,,False,Animal Husbandry|Armory|Blacksmith|Coliseum|Conditioning Field|Furnace|Grand Tournament|Tannery,3,9
"MaA/Spears/FullPlate [(EInd, RProw, NPie, NCun), Nimble, Temp]|M3",Man-at-Arms,Spears,,Full Plate,,False,25,"Immune Blocked,Tempered,Nimble",1600,,False,Animal Husbandry|Armory|Blacksmith|Coliseum|Conditioning Field|Furnace|Gilded Foundry|Tannery,3,9
"MaA/Arming/Tower/Cloth [(EInd, RProw, NPie, NCun), Nimble]|M3",Man-at-Arms,Arming Sword,Tower Shield,Cloth,,False,25,"Immune Blocked,Nimble",1800,,False,Blacksmith|Carpentry|Coliseum|Conditioning Field|Forge|Furnace|Joinery,3,9
"MaA/Pike/Leather [(RInd, RProw, NPie, NCun), Nimble]|M3",Man-at-Arms,Pike,,Leather,,False,25,"Immune Blocked,Nimble",1800,,False,Animal Husbandry|Blacksmith|Coliseum|Conditioning Field|Furnace|Tannery,3,6
"MaA/Pike/Leather [(RInd, EProw, NPie, NCun), Nimble, Riposte]|M3",Man-at-Arms,Pike,,Leather,,False,25,"Immune Blocked,Nimble,Riposte,Parry,Improved Parry",1800,,False,Animal Husbandry|Blacksmith|Coliseum|Conditioning Field|Furnace|Grand Tournament|Tannery,3,9
"MaA/Pike/Chain [(RInd, EProw, NPie, NCun), Nimble, Riposte]|M3",Man-at-Arms,Pike,,Chainmail,,False,25,"Immune Blocked,Nimble,Riposte,Parry,Improved Parry",1600,,False,Animal Husbandry|Armory|Blacksmith|Coliseum|Conditioning Field|Furnace|Grand Tournament|Tannery,3,9
"MaA/Pike/Chain [(RInd, RProw, NPie, NCun), Nimble]|M3",Man-at-Arms,Pike,,Chainmail,,False,25,"Immune Blocked,Nimble",1600,,False,Animal Husbandry|Armory|Blacksmith|Coliseum|Conditioning Field|Furnace|Tannery,3,6
"MaA/Pike/FullPlate [(EInd, RProw, NPie, NCun), Nimble, Temp]|M3",Man-at-Arms,Pike,,Full Plate,,False,25,"Immune Blocked,Tempered,Nimble",1600,,False,Animal Husbandry|Armory|Blacksmith|Coliseum|Conditioning Field|Furnace|Gilded Foundry|Tannery,3,9
"MaA/Flail/Tower/Cloth [(EInd, RProw, NPie, NCun), Nimble]|M3",Man-at-Arms,Flail,Tower Shield,Cloth,,False,25,"Immune Blocked,Nimble",1800,,False,Blacksmith|Carpentry|Coliseum|Conditioning Field|Forge|Furnace|Joinery,3,9
"MaA/Halberd/Cloth [(EInd, RProw, NPie, NCun), Nimble, Serr]|M3",Man-at-Arms,Halberd,,Cloth,,False,25,"Immune Blocked,Serrated,Nimble",1800,,False,Blacksmith|Coliseum|Conditioning Field|Furnace|Master Workshop,3,9
"MaA/Halberd/Cloth [(RInd, RProw, NPie, NCun), Nimble]|M3",Man-at-Arms,Halberd,,Cloth,,False,25,"Immune Blocked,Nimble",2000,,False,Blacksmith|Coliseum|Conditioning Field|Furnace|Stable,3,6
"MaA/Halberd/Leather [(RInd, RProw, NPie, NCun), Nimble]|M3",Man-at-Arms,Halberd,,Leather,,False,25,"Immune Blocked,Nimble",1800,,False,Animal Husbandry|Blacksmith|Coliseum|Conditioning Field|Furnace|Tannery,3,6
"MaA/Halberd/Chain [(RInd, RProw, NPie, NCun), Nimble]|M3",Man-at-Arms,Halberd,,Chainmail,,False,25,"Immune Blocked,Nimble",1600,,False,Animal Husbandry|Armory|Blacksmith|Coliseum|Conditioning Field|Furnace|Tannery,3,6
"MaA/Halberd/FullPlate [(EInd, RProw, NPie, NCun), Nimble, Temp]|M3",Man-at-Arms,Halberd,,Full Plate,,False,25,"Immune Blocked,Tempered,Nimble",1600,,False,Animal Husbandry|Armory|Blacksmith|Coliseum|Conditioning Field|Furnace|Gilded Foundry|Tannery,3,9
"MaA/BattleAxe/Cloth [(EInd, RProw, NPie, NCun), Nimble, Serr]|M3",Man-at-Arms,Battle Axe,,Cloth,,False,25,"Immune Blocked,Serrated,Nimble",1800,,False,Blacksmith|Coliseum|Conditioning Field|Furnace|Master Workshop,3,9
"MaA/BattleAxe/Cloth [(RInd, EProw, NPie, NCun), Nimble, Riposte]|M3",Man-at-Arms,Battle Axe,,Cloth,,False,25,"Immune Blocked,Nimble,Riposte,Parry,Improved Parry",2000,,False,Blacksmith|Coliseum|Conditioning Field|Furnace|Grand Tournament|Stable,3,9
"MaA/BattleAxe/Leather [(RInd, RProw, NPie, NCun), Nimble]|M3",Man-at-Arms,Battle Axe,,Leather,,False,25,"Immune Blocked,Nimble",1800,,False,Animal Husbandry|Blacksmith|Coliseum|Conditioning Field|Furnace|Tannery,3,6
"MaA/BattleAxe/Chain [(RInd, RProw, NPie, NCun), Nimble]|M3",Man-at-Arms,Battle Axe,,Chainmail,,False,25,"Immune Blocked,Nimble",1600,,False,Animal Husbandry|Armory|Blacksmith|Coliseum|Conditioning Field|Furnace|Tannery,3,6
"MaA/BattleAxe/FullPlate [(EInd, EProw, NPie, NCun), Nimble, Riposte, Temp]|M3",Man-at-Arms,Battle Axe,,Full Plate,,False,25,"Immune Blocked,Nimble,Riposte,Parry,Tempered,Improved Parry",1600,,False,Animal Husbandry|Armory|Blacksmith|Coliseum|Conditioning Field|Furnace|Gilded Foundry|Grand Tournament|Tannery,3,12
"MaA/Cavalry Spear/Buckler/Cloth [(RInd, RProw, NPie, NCun), Nimble]|M3",Man-at-Arms,Cavalry Spear,Buckler Shield,Cloth,,False,25,"Immune Blocked,Nimble",1800,,False,Blacksmith|Carpentry|Coliseum|Conditioning Field|Furnace|Joinery,3,6
"MaA/Cavalry Spear/Buckler/Cloth [(RInd, EProw, NPie, NCun), Nimble, Riposte]|M3",Man-at-Arms,Cavalry Spear,Buckler Shield,Cloth,,False,25,"Immune Blocked,Nimble,Riposte,Parry,Improved Parry",1800,,False,Blacksmith|Carpentry|Coliseum|Conditioning Field|Furnace|Grand Tournament|Joinery,3,9
"MaA/Cavalry Spear/Targe/Cloth [(RInd, EProw, NPie, NCun), Nimble, Riposte]|M3",Man-at-Arms,Cavalry Spear,Targe Shield,Cloth,,False,25,"Immune Blocked,Nimble,Riposte,Parry,Improved Parry",1800,,False,Blacksmith|Carpentry|Coliseum|Conditioning Field|Furnace|Grand Tournament|Joinery,3,9
"MaA/Cavalry Spear/Targe/Cloth [(RInd, RProw, NPie, NCun), Nimble]|M3",Man-at-Arms,Cavalry Spear,Targe Shield,Cloth,,False,25,"Immune Blocked,Nimble",1800,,False,Blacksmith|Carpentry|Coliseum|Conditioning Field|Furnace|Joinery,3,6
"MaA/Morningstar/Tower/Cloth [(EInd, EProw, NPie, NCun), Nimble, Riposte]|M3",Man-at-Arms,Morningstar,Tower Shield,Cloth,,False,25,"Immune Blocked,Nimble,Riposte,Parry,Improved Parry",1800,,False,Blacksmith|Carpentry|Coliseum|Conditioning Field|Forge|Furnace|Grand Tournament|Joinery,3,12
"MaA/Bastard/Tower/Cloth [(EInd, RProw, NPie, NCun), Nimble]|M3",Man-at-Arms,Bastard Sword,Tower Shield,Cloth,,False,25,"Immune Blocked,Nimble",1800,,False,Blacksmith|Carpentry|Coliseum|Conditioning Field|Forge|Furnace|Joinery,3,9
"MaA/2HBastard/Cloth [(EInd, RProw, NPie, NCun), Nimble]|M3",Man-at-Arms,2HBastard,,Cloth,,False,25,"Immune Blocked,Nimble",2000,,False,Blacksmith|Coliseum|Conditioning Field|Forge|Furnace|Stable,3,9
"MaA/2HBastard/Cloth [(EInd, RProw, NPie, NCun), Nimble, Serr]|M3",Man-at-Arms,2HBastard,,Cloth,,False,25,"Immune Blocked,Serrated,Nimble",1800,,False,Blacksmith|Coliseum|Conditioning Field|Forge|Furnace|Master Workshop,3,9
"MaA/2HBastard/Leather [(EInd, RProw, NPie, NCun), Nimble]|M3",Man-at-Arms,2HBastard,,Leather,,False,25,"Immune Blocked,Nimble",1800,,False,Animal Husbandry|Blacksmith|Coliseum|Conditioning Field|Forge|Furnace|Tannery,3,9
"MaA/2HBastard/Chain [(EInd, RProw, NPie, NCun), Nimble]|M3",Man-at-Arms,2HBastard,,Chainmail,,False,25,"Immune Blocked,Nimble",1600,,False,Animal Husbandry|Armory|Blacksmith|Coliseum|Conditioning Field|Forge|Furnace|Tannery,3,9
"MaA/2HBastard/FullPlate [(EInd, RProw, NPie, NCun), Nimble, Temp]|M3",Man-at-Arms,2HBastard,,Full Plate,,False,25,"Immune Blocked,Tempered,Nimble",1600,,False,Animal Husbandry|Armory|Blacksmith|Coliseum|Conditioning Field|Forge|Furnace|Gilded Foundry|Tannery,3,9
"MaA/WarHammer/Cloth [MiMiStI, (EInd, SProw, NPie, NCun), Nimble]|M3",Man-at-Arms,War Hammer,,Cloth,,False,25,"+1I,Immune Blocked,Seize: first,Nimble,Parry,MaxInit3",2000,,False,Blacksmith|Coliseum|Conditioning Field|Forge|Furnace|Ministry of Military Strategy,3,16
"MaA/WarHammer/Cloth [(EInd, RProw, NPie, NCun), Nimble]|M3",Man-at-Arms,War Hammer,,Cloth,,False,25,"Immune Blocked,Nimble",2000,,False,Blacksmith|Coliseum|Conditioning Field|Forge|Furnace|Stable,3,9
"MaA/WarHammer/Leather [(EInd, RProw, NPie, NCun), Nimble]|M3",Man-at-Arms,War Hammer,,Leather,,False,25,"Immune Blocked,Nimble",1800,,False,Animal Husbandry|Blacksmith|Coliseum|Conditioning Field|Forge|Furnace|Tannery,3,9
"MaA/WarHammer/Chain [(EInd, RProw, NPie, NCun), Nimble]|M3",Man-at-Arms,War Hammer,,Chainmail,,False,25,"Immune Blocked,Nimble",1600,,False,Animal Husbandry|Armory|Blacksmith|Coliseum|Conditioning Field|Forge|Furnace|Tannery,3,9
"MaA/WarHammer/FullPlate [(EInd, RProw, NPie, NCun), Nimble, Temp]|M3",Man-at-Arms,War Hammer,,Full Plate,,False,25,"Immune Blocked,Tempered,Nimble",1600,,False,Animal Husbandry|Armory|Blacksmith|Coliseum|Conditioning Field|Forge|Furnace|Gilded Foundry|Tannery,3,9
"MaA/Lance/Buckler/Cloth [(EInd, RProw, NPie, NCun), Nimble]|M3",Man-at-Arms,Lance,Buckler Shield,Cloth,,False,25,"Immune Blocked,Nimble",1800,,False,Blacksmith|Carpentry|Coliseum|Conditioning Field|Forge|Furnace|Joinery,3,9
"MaA/Lance/Targe/Cloth [(EInd, EProw, NPie, NCun), Nimble, Riposte]|M3",Man-at-Arms,Lance,Targe Shield,Cloth,,False,25,"Immune Blocked,Nimble,Riposte,Parry,Improved Parry",1800,,False,Blacksmith|Carpentry|Coliseum|Conditioning Field|Forge|Furnace|Grand Tournament|Joinery,3,12
"MaA/Daggers/FullPlate [MiMiStI, (EInd, SProw, NPie, NCun), Nimble, Temp]|M4",Man-at-Arms,Daggers,,Full Plate,,False,25,"+1I,Immune Blocked,Nimble,Seize: first,Parry,Tempered,MaxInit3",1600,,False,Animal Husbandry|Armory|Blacksmith|Coliseum|Conditioning Field|Furnace|Gilded Foundry|Ministry of Military Strategy|Tannery,4,16
"MaA/Cavalry Spear/Targe/Cloth [RoPaM, (RInd, SProw, NPie, NCun), Nimble, Riposte]|M4",Man-at-Arms,Cavalry Spear,Targe Shield,Cloth,,False,25,"Immune Blocked,Nimble,Drilled,Riposte,Parry,Improved Parry,Immune Strain",1800,,False,Blacksmith|Carpentry|Coliseum|Conditioning Field|Furnace|Grand Tournament|Joinery|Royal Pavilion|Tiltyard,4,13
"MaA/Halberd/Cloth [MiMiStM, (RInd, SProw, NPie, NCun), Nimble]|M4",Man-at-Arms,Halberd,,Cloth,,False,25,"Nimble,Seize: first,Parry,Improved Parry,+1I,Immune Blocked,Crit 7,MaxInit3",2000,,False,Blacksmith|Coliseum|Conditioning Field|Furnace|Ministry of Military Strategy|University|War College,4,13
"MaA/BattleAxe/Chain [(EInd, RProw, NPie, NCun), Nimble, Serr]|M4",Man-at-Arms,Battle Axe,,Chainmail,,False,25,"Immune Blocked,Serrated,Nimble",1400,,False,Animal Husbandry|Armory|Blacksmith|Coliseum|Conditioning Field|Furnace|Master Workshop|Tannery,4,9
"MaA/ShortSword/Targe/Leather [(RInd, RProw, NPie, NCun), Nimble]|M4",Man-at-Arms,Short Sword,Targe Shield,Leather,,False,25,"Immune Blocked,Nimble",1600,,False,Animal Husbandry|Blacksmith|Carpentry|Coliseum|Conditioning Field|Furnace|Joinery|Tannery,4,6
"MaA/ShortSword/Tower/Cloth [(EInd, RProw, NPie, NCun), Nimble, Serr]|M4",Man-at-Arms,Short Sword,Tower Shield,Cloth,,False,25,"Immune Blocked,Serrated,Nimble",1600,,False,Blacksmith|Carpentry|Coliseum|Conditioning Field|Forge|Furnace|Joinery|Master Workshop,4,9
"MaA/Arming/Tower/FullPlate [(EInd, RProw, NPie, NCun), Nimble, Temp]|M4",Man-at-Arms,Arming Sword,Tower Shield,Full Plate,,False,25,"Immune Blocked,Tempered,Nimble",1400,,False,Animal Husbandry|Armory|Blacksmith|Carpentry|Coliseum|Conditioning Field|Forge|Furnace|Gilded Foundry|Joinery|Tannery,4,9
"MaA/Cudgel+HuntBow/Cloth (TY) [(NInd, EProw, NPie, NCun), Florentine, ImmU, Nimble]|M4",Man-at-Arms,Cudgel,,Cloth,Hunting Bow,True,25,"Immune Blocked,Nimble,Parry,Immune Unwieldy,Florentine",1800,,False,Carpentry|Coliseum|Conditioning Field|Fletchery|Tiltyard,4,6
"MaA/FarmTools/Tower/FullPlate [(EInd, RProw, NPie, NCun), Nimble, Temp]|M4",Man-at-Arms,Farm Tools,Tower Shield,Full Plate,,False,25,"Immune Blocked,Tempered,Nimble",1400,,False,Animal Husbandry|Armory|Blacksmith|Carpentry|Coliseum|Conditioning Field|Forge|Furnace|Gilded Foundry|Joinery|Tannery,4,9
"MaA/Lance/Kite/Cloth [(EInd, RProw, NPie, NCun), Nimble]|M4",Man-at-Arms,Lance,Kite Shield,Cloth,,False,25,"Immune Blocked,Nimble",1400,,False,Armory|Blacksmith|Carpentry|Coliseum|Conditioning Field|Forge|Furnace|Joinery|Tannery,4,9
"MaA/Flail/Kite/Leather [(RInd, RProw, NPie, NCun), Nimble]|M4",Man-at-Arms,Flail,Kite Shield,Leather,,False,25,"Immune Blocked,Nimble",1400,,False,Animal Husbandry|Armory|Blacksmith|Carpentry|Coliseum|Conditioning Field|Furnace|Joinery|Tannery,4,6
"MaA/Spears/Chain [(RInd, RProw, NPie, NCun), Nimble]|M4",Man-at-Arms,Spears,,Chainmail,,False,25,"Immune Blocked,Nimble",1600,,False,Animal Husbandry|Armory|Blacksmith|Coliseum|Conditioning Field|Furnace|Stable|Tannery,4,6
"MaA/Pike/FullPlate [(EInd, RProw, NPie, NCun), Nimble, Serr, Temp]|M4",Man-at-Arms,Pike,,Full Plate,,False,25,"Immune Blocked,Serrated,Tempered,Nimble",1400,,False,Animal Husbandry|Armory|Blacksmith|Coliseum|Conditioning Field|Furnace|Gilded Foundry|Master Workshop|Tannery,4,9
"MaA/ShortSword/Targe/FullPlate [(EInd, RProw, NPie, NCun), Nimble, Temp]|M4",Man-at-Arms,Short Sword,Targe Shield,Full Plate,,False,25,"Immune Blocked,Tempered,Nimble",1400,,False,Animal Husbandry|Armory|Blacksmith|Carpentry|Coliseum|Conditioning Field|Furnace|Gilded Foundry|Joinery|Tannery,4,9
"MaA/Daggers/Cloth [(NInd, RProw, NPie, NCun), Nimble, Recover 8]|M4",Man-at-Arms,Daggers,,Cloth,,False,25,"Immune Blocked,Recover 8,Nimble",2000,,False,Apothecary|Coliseum|Conditioning Field|Furnace|Herb Garden,4,3
"MaA/Cudgel/Leather [(NInd, EProw, NPie, NCun), Nimble, Recover 8, Riposte]|M4",Man-at-Arms,Cudgel,,Leather,,False,25,"Immune Blocked,Recover 8,Nimble,Riposte,Parry,Improved Parry",1800,,False,Animal Husbandry|Apothecary|Coliseum|Conditioning Field|Grand Tournament|Herb Garden|Tannery,4,6
"MaA/2HBastard/Chain [(EInd, RProw, NPie, NCun), Nimble, Serr]|M4",Man-at-Arms,2HBastard,,Chainmail,,False,25,"Immune Blocked,Serrated,Nimble",1400,,False,Animal Husbandry|Armory|Blacksmith|Coliseum|Conditioning Field|Forge|Furnace|Master Workshop|Tannery,4,9
"MaA/Pitchfork/Cloth [RoPaI, (NInd, SProw, NPie, NCun), Nimble, Recover 8]|M4",Man-at-Arms,Pitchfork,,Cloth,,False,25,"Immune Blocked,Recover 8,Nimble,Parry,Immune Strain",2000,,False,Apothecary|Coliseum|Conditioning Field|Herb Garden|Royal Pavilion,4,10
"MaA/2HBastard/Leather [(EInd, RProw, NPie, NCun), Nimble]|M4",Man-at-Arms,2HBastard,,Leather,,False,25,"Immune Blocked,Nimble",1800,,False,Animal Husbandry|Blacksmith|Coliseum|Conditioning Field|Forge|Furnace|Stable|Tannery,4,9
"MaA/Cavalry Spear/Targe/FullPlate [(EInd, RProw, NPie, NCun), Nimble, Temp]|M4",Man-at-Arms,Cavalry Spear,Targe Shield,Full Plate,,False,25,"Immune Blocked,Tempered,Nimble",1400,,False,Animal Husbandry|Armory|Blacksmith|Carpentry|Coliseum|Conditioning Field|Furnace|Gilded Foundry|Joinery|Tannery,4,9
"MaA/Spears/Leather [(EInd, RProw, NPie, NCun), Nimble, Serr]|M4",Man-at-Arms,Spears,,Leather,,False,25,"Immune Blocked,Serrated,Nimble",1600,,False,Animal Husbandry|Blacksmith|Coliseum|Conditioning Field|Furnace|Master Workshop|Tannery,4,9
"MaA/Cavalry Spear/Buckler/Cloth [(EInd, EProw, NPie, NCun), Nimble, Riposte, Serr]|M4",Man-at-Arms,Cavalry Spear,Buckler Shield,Cloth,,False,25,"Immune Blocked,Nimble,Serrated,Riposte,Parry,Improved Parry",1600,,False,Blacksmith|Carpentry|Coliseum|Conditioning Field|Furnace|Grand Tournament|Joinery|Master Workshop,4,12
"MaA/ShortSword/Kite/Leather [(RInd, RProw, NPie, NCun), Nimble]|M4",Man-at-Arms,Short Sword,Kite Shield,Leather,,False,25,"Immune Blocked,Nimble",1400,,False,Animal Husbandry|Armory|Blacksmith|Carpentry|Coliseum|Conditioning Field|Furnace|Joinery|Tannery,4,6
"MaA/Halberd/Leather [(RInd, RProw, NPie, NCun), Nimble]|M4",Man-at-Arms,Halberd,,Leather,,False,25,"Immune Blocked,Nimble",1800,,False,Animal Husbandry|Blacksmith|Coliseum|Conditioning Field|Furnace|Stable|Tannery,4,6
"MaA/FarmTools/Buckler/Chain [(RInd, EProw, NPie, NCun), Nimble, Riposte]|M4",Man-at-Arms,Farm Tools,Buckler Shield,Chainmail,,False,25,"Immune Blocked,Nimble,Riposte,Parry,Improved Parry",1400,,False,Animal Husbandry|Armory|Blacksmith|Carpentry|Coliseum|Conditioning Field|Furnace|Grand Tournament|Joinery|Tannery,4,9
"MaA/Flail/Kite/FullPlate [(EInd, RProw, NPie, NCun), Nimble, Temp]|M4",Man-at-Arms,Flail,Kite Shield,Full Plate,,False,25,"Immune Blocked,Tempered,Nimble",1400,,False,Animal Husbandry|Armory|Blacksmith|Carpentry|Coliseum|Conditioning Field|Furnace|Gilded Foundry|Joinery|Tannery,4,9
"MaA/Spears/Leather [(NInd, RProw, NPie, NCun), Nimble]|M4",Man-at-Arms,Spears,,Leather,,False,25,"Immune Blocked,Nimble",1300,,False,Animal Husbandry|Butchery|Coliseum|Conditioning Field|Furnace|Tannery,4,3
"MaA/Cavalry Spear/Buckler/Cloth [(EInd, RProw, NPie, NCun), Nimble, Serr]|M4",Man-at-Arms,Cavalry Spear,Buckler Shield,Cloth,,False,25,"Immune Blocked,Serrated,Nimble",1600,,False,Blacksmith|Carpentry|Coliseum|Conditioning Field|Furnace|Joinery|Master Workshop,4,9
"MaA/Cavalry Spear/Kite/Leather [(RInd, RProw, NPie, NCun), Nimble]|M4",Man-at-Arms,Cavalry Spear,Kite Shield,Leather,,False,25,"Immune Blocked,Nimble",1400,,False,Animal Husbandry|Armory|Blacksmith|Carpentry|Coliseum|Conditioning Field|Furnace|Joinery|Tannery,4,6
"MaA/Arming/Tower/Chain [(EInd, RProw, NPie, NCun), Nimble]|M4",Man-at-Arms,Arming Sword,Tower Shield,Chainmail,,False,25,"Immune Blocked,Nimble",1400,,False,Animal Husbandry|Armory|Blacksmith|Carpentry|Coliseum|Conditioning Field|Forge|Furnace|Joinery|Tannery,4,9
"MaA/Cavalry Spear/Kite/FullPlate [(EInd, RProw, NPie, NCun), Nimble, Temp]|M4",Man-at-Arms,Cavalry Spear,Kite Shield,Full Plate,,False,25,"Immune Blocked,Tempered,Nimble",1400,,False,Animal Husbandry|Armory|Blacksmith|Carpentry|Coliseum|Conditioning Field|Furnace|Gilded Foundry|Joinery|Tannery,4,9
"MaA/Cudgel/FullPlate [(EInd, RProw, NPie, NCun), Nimble, Temp]|M4",Man-at-Arms,Cudgel,,Full Plate,,False,25,"Immune Blocked,Tempered,Nimble",1100,,False,Animal Husbandry|Armory|Blacksmith|Butchery|Coliseum|Conditioning Field|Furnace|Gilded Foundry|Tannery,4,9
"MaA/Pike/Chain [(RInd, EProw, NPie, NCun), Nimble, Riposte]|M4",Man-at-Arms,Pike,,Chainmail,,False,25,"Immune Blocked,Nimble,Riposte,Parry,Improved Parry",1600,,False,Animal Husbandry|Armory|Blacksmith|Coliseum|Conditioning Field|Furnace|Grand Tournament|Stable|Tannery,4,9
"MaA/FarmTools/Buckler/Leather [(RInd, RProw, NPie, NCun), Nimble]|M4",Man-at-Arms,Farm Tools,Buckler Shield,Leather,,False,25,"Immune Blocked,Nimble",1100,,False,Animal Husbandry|Butchery|Carpentry|Coliseum|Conditioning Field|Joinery|Tannery,4,6
"MaA/Lance/Targe/Cloth [RoPaM, (EInd, SProw, NPie, NCun), Nimble, Riposte]|M4",Man-at-Arms,Lance,Targe Shield,Cloth,,False,25,"Immune Blocked,Nimble,Drilled,Riposte,Parry,Improved Parry,Immune Strain",1800,,False,Blacksmith|Carpentry|Coliseum|Conditioning Field|Forge|Furnace|Grand Tournament|Joinery|Royal Pavilion|Tiltyard,4,16
"MaA/Daggers/Leather [(EInd, EProw, NPie, NCun), Nimble, Riposte, Serr]|M4",Man-at-Arms,Daggers,,Leather,,False,25,"Immune Blocked,Nimble,Serrated,Riposte,Parry,Improved Parry",1600,,False,Animal Husbandry|Blacksmith|Coliseum|Conditioning Field|Furnace|Grand Tournament|Master Workshop|Tannery,4,12
"MaA/FarmTools/Chain [(RInd, RProw, NPie, NCun), Nimble]|M4",Man-at-Arms,Farm Tools,,Chainmail,,False,25,"Immune Blocked,Nimble",1600,,False,Animal Husbandry|Armory|Blacksmith|Coliseum|Conditioning Field|Furnace|Stable|Tannery,4,6
"MaA/FarmTools/Buckler/Leather [MiMiStI, (RInd, SProw, NPie, NCun), Nimble]|M4",Man-at-Arms,Farm Tools,Buckler Shield,Leather,,False,25,"+1I,Immune Blocked,Nimble,Seize: first,Parry,MaxInit3",1600,,False,Animal Husbandry|Carpentry|Coliseum|Conditioning Field|Joinery|Ministry of Military Strategy|Tannery,4,13
"MaA/FarmTools/FullPlate [RoPaI, (EInd, SProw, NPie, NCun), Nimble, Temp]|M4",Man-at-Arms,Farm Tools,,Full Plate,,False,25,"Immune Blocked,Nimble,Parry,Tempered,Immune Strain",1600,,False,Animal Husbandry|Armory|Blacksmith|Coliseum|Conditioning Field|Furnace|Gilded Foundry|Royal Pavilion|Tannery,4,16
"MaA/ShortSword/Tower/Cloth [RoPaM, (EInd, SProw, NPie, NCun), Nimble, Riposte]|M4",Man-at-Arms,Short Sword,Tower Shield,Cloth,,False,25,"Immune Blocked,Nimble,Drilled,Riposte,Parry,Improved Parry,Immune Strain",1800,,False,Blacksmith|Carpentry|Coliseum|Conditioning Field|Forge|Furnace|Grand Tournament|Joinery|Royal Pavilion|Tiltyard,4,16
"MaA/Cudgel/Cloth [PrM, (NInd, EProw, SPie, NCun), Nimble, Rec 6, Shake+1]|M4",Man-at-Arms,Cudgel,,Cloth,,False,25,"Immune Blocked,Nimble,Parry,Shake +1,Recover 6,Resolute",2000,,False,Abbey|Coliseum|Conditioning Field|Hospitaller|Monastery|Pilgrimage Site|Preceptory,4,16
"MaA/2HBastard/Chain [RoPaM, (EInd, SProw, NPie, NCun), Nimble, Riposte]|M4",Man-at-Arms,2HBastard,,Chainmail,,False,25,"Immune Blocked,Nimble,Drilled,Riposte,Parry,Improved Parry,Immune Strain",1600,,False,Animal Husbandry|Armory|Blacksmith|Coliseum|Conditioning Field|Forge|Furnace|Grand Tournament|Royal Pavilion|Tannery|Tiltyard,4,16
"MaA/Cudgel/Cloth [(NInd, RProw, EPie, NCun), Enduring, Nimble, Rec 6, Recover 7, Recover 8, Shake+1]|M4",Man-at-Arms,Cudgel,,Cloth,,False,25,"Immune Blocked,Recover 8,Enduring,Nimble,Recover 7,Shake +1,Recover 6",1900,,False,Alchemy|Apothecary|Coliseum|Conditioning Field|Herb Garden|Hospitaller|Infirmary|Stable,4,9
"MaA/BattleAxe/Cloth [(RInd, RProw, NPie, NCun), Nimble, Recover 8]|M4",Man-at-Arms,Battle Axe,,Cloth,,False,25,"Immune Blocked,Recover 8,Nimble",2000,,False,Apothecary|Blacksmith|Coliseum|Conditioning Field|Furnace|Herb Garden,4,6
"MaA/Bastard/Tower/Chain [(EInd, EProw, NPie, NCun), Nimble, Riposte]|M4",Man-at-Arms,Bastard Sword,Tower Shield,Chainmail,,False,25,"Immune Blocked,Nimble,Riposte,Parry,Improved Parry",1400,,False,Animal Husbandry|Armory|Blacksmith|Carpentry|Coliseum|Conditioning Field|Forge|Furnace|Grand Tournament|Joinery|Tannery,4,12
"MaA/WarHammer/Cloth [(EInd, RProw, NPie, NCun), Nimble, Recover 8]|M4",Man-at-Arms,War Hammer,,Cloth,,False,25,"Immune Blocked,Recover 8,Nimble",2000,,False,Apothecary|Blacksmith|Coliseum|Conditioning Field|Forge|Furnace|Herb Garden,4,9
"MaA/Bastard/Tower/Cloth [(EInd, RProw, NPie, NCun), Nimble]|M4",Man-at-Arms,Bastard Sword,Tower Shield,Cloth,,False,25,"Immune Blocked,Nimble",1800,,False,Blacksmith|Carpentry|Coliseum|Conditioning Field|Forge|Furnace|Joinery|Stable,4,9
"MaA/Pike/FullPlate [OuInPoI, (EInd, RProw, NPie, SCun), Nimble, Temp]|M4",Man-at-Arms,Pike,,Full Plate,,False,25,"Immune Blocked,confers:Blocked,Nimble,confers:Strain,Outrider: once,Tempered",1600,,False,Animal Husbandry|Armory|Blacksmith|Coliseum|Conditioning Field|Furnace|Gilded Foundry|Outrider Intercept Post|Tannery,4,19
"MaA/Pitchfork/FullPlate [(EInd, RProw, NPie, NCun), Nimble, Temp]|M4",Man-at-Arms,Pitchfork,,Full Plate,,False,25,"Immune Blocked,Tempered,Nimble",1100,,False,Animal Husbandry|Armory|Blacksmith|Butchery|Coliseum|Conditioning Field|Furnace|Gilded Foundry|Tannery,4,9
"MaA/Arming/Tower/Cloth [(EInd, RProw, NPie, NCun), Nimble, Serr]|M4",Man-at-Arms,Arming Sword,Tower Shield,Cloth,,False,25,"Immune Blocked,Serrated,Nimble",1600,,False,Blacksmith|Carpentry|Coliseum|Conditioning Field|Forge|Furnace|Joinery|Master Workshop,4,9
"MaA/ShortSword/Kite/Chain [(RInd, RProw, NPie, NCun), Nimble]|M4",Man-at-Arms,Short Sword,Kite Shield,Chainmail,,False,25,"Immune Blocked,Nimble",1400,,False,Animal Husbandry|Armory|Blacksmith|Carpentry|Coliseum|Conditioning Field|Furnace|Joinery|Tannery,4,6
"MaA/Lance/Kite/Chain [(EInd, RProw, NPie, NCun), Nimble]|M4",Man-at-Arms,Lance,Kite Shield,Chainmail,,False,25,"Immune Blocked,Nimble",1400,,False,Animal Husbandry|Armory|Blacksmith|Carpentry|Coliseum|Conditioning Field|Forge|Furnace|Joinery|Tannery,4,9
"MaA/FarmTools/Targe/Leather [(RInd, RProw, NPie, NCun), Nimble]|M4",Man-at-Arms,Farm Tools,Targe Shield,Leather,,False,25,"Immune Blocked,Nimble",1600,,False,Animal Husbandry|Blacksmith|Carpentry|Coliseum|Conditioning Field|Furnace|Joinery|Tannery,4,6
"MaA/Cavalry Spear/Targe/Cloth [(EInd, RProw, NPie, NCun), Nimble, Serr]|M4",Man-at-Arms,Cavalry Spear,Targe Shield,Cloth,,False,25,"Immune Blocked,Serrated,Nimble",1600,,False,Blacksmith|Carpentry|Coliseum|Conditioning Field|Furnace|Joinery|Master Workshop,4,9
"MaA/FarmTools/Kite/Chain [(RInd, RProw, NPie, NCun), Nimble]|M4",Man-at-Arms,Farm Tools,Kite Shield,Chainmail,,False,25,"Immune Blocked,Nimble",1400,,False,Animal Husbandry|Armory|Blacksmith|Carpentry|Coliseum|Conditioning Field|Furnace|Joinery|Tannery,4,6
"MaA/2HBastard/FullPlate [OuInPoI, (EInd, RProw, NPie, SCun), Nimble, Temp]|M4",Man-at-Arms,2HBastard,,Full Plate,,False,25,"Immune Blocked,confers:Blocked,Nimble,confers:Strain,Outrider: once,Tempered",1600,,False,Animal Husbandry|Armory|Blacksmith|Coliseum|Conditioning Field|Forge|Furnace|Gilded Foundry|Outrider Intercept Post|Tannery,4,19
"MaA/Lance/Buckler/FullPlate [(EInd, EProw, NPie, NCun), Nimble, Riposte, Temp]|M4",Man-at-Arms,Lance,Buckler Shield,Full Plate,,False,25,"Immune Blocked,Nimble,Riposte,Parry,Tempered,Improved Parry",1400,,False,Animal Husbandry|Armory|Blacksmith|Carpentry|Coliseum|Conditioning Field|Forge|Furnace|Gilded Foundry|Grand Tournament|Joinery|Tannery,4,12
"MaA/Flail/Tower/FullPlate [(EInd, RProw, NPie, NCun), Nimble, Temp]|M4",Man-at-Arms,Flail,Tower Shield,Full Plate,,False,25,"Immune Blocked,Tempered,Nimble",1400,,False,Animal Husbandry|Armory|Blacksmith|Carpentry|Coliseum|Conditioning Field|Forge|Furnace|Gilded Foundry|Joinery|Tannery,4,9
"MaA/Spears/FullPlate [(EInd, RProw, NPie, NCun), Nimble, Temp]|M4",Man-at-Arms,Spears,,Full Plate,,False,25,"Immune Blocked,Tempered,Nimble",1100,,False,Animal Husbandry|Armory|Blacksmith|Butchery|Coliseum|Conditioning Field|Furnace|Gilded Foundry|Tannery,4,9
"MaA/Cudgel/Chain [(EInd, RProw, NPie, NCun), Nimble, Serr]|M4",Man-at-Arms,Cudgel,,Chainmail,,False,25,"Immune Blocked,Serrated,Nimble",1400,,False,Animal Husbandry|Armory|Blacksmith|Coliseum|Conditioning Field|Furnace|Master Workshop|Tannery,4,9
"MaA/ShortSword/Kite/Cloth [(RInd, RProw, NPie, NCun), Nimble]|M4",Man-at-Arms,Short Sword,Kite Shield,Cloth,,False,25,"Immune Blocked,Nimble",1400,,False,Armory|Blacksmith|Carpentry|Coliseum|Conditioning Field|Furnace|Joinery|Tannery,4,6
"MaA/Daggers/Chain [(EInd, RProw, NPie, NCun), Nimble, Serr]|M4",Man-at-Arms,Daggers,,Chainmail,,False,25,"Immune Blocked,Serrated,Nimble",1400,,False,Animal Husbandry|Armory|Blacksmith|Coliseum|Conditioning Field|Furnace|Master Workshop|Tannery,4,9
"MaA/Cudgel/Chain [(RInd, RProw, NPie, NCun), Nimble]|M4",Man-at-Arms,Cudgel,,Chainmail,,False,25,"Immune Blocked,Nimble",1600,,False,Animal Husbandry|Armory|Blacksmith|Coliseum|Conditioning Field|Furnace|Stable|Tannery,4,6
"MaA/FarmTools/Kite/Leather [(RInd, RProw, NPie, NCun), Nimble]|M4",Man-at-Arms,Farm Tools,Kite Shield,Leather,,False,25,"Immune Blocked,Nimble",1400,,False,Animal Husbandry|Armory|Blacksmith|Carpentry|Coliseum|Conditioning Field|Furnace|Joinery|Tannery,4,6
"MaA/ShortSword/Tower/Chain [(EInd, RProw, NPie, NCun), Nimble]|M4",Man-at-Arms,Short Sword,Tower Shield,Chainmail,,False,25,"Immune Blocked,Nimble",1400,,False,Animal Husbandry|Armory|Blacksmith|Carpentry|Coliseum|Conditioning Field|Forge|Furnace|Joinery|Tannery,4,9
"MaA/Lance/Targe/Leather [(EInd, RProw, NPie, NCun), Nimble]|M4",Man-at-Arms,Lance,Targe Shield,Leather,,False,25,"Immune Blocked,Nimble",1600,,False,Animal Husbandry|Blacksmith|Carpentry|Coliseum|Conditioning Field|Forge|Furnace|Joinery|Tannery,4,9
"MaA/Arming/Tower/Chain [(EInd, EProw, NPie, NCun), Nimble, Riposte]|M4",Man-at-Arms,Arming Sword,Tower Shield,Chainmail,,False,25,"Immune Blocked,Nimble,Riposte,Parry,Improved Parry",1400,,False,Animal Husbandry|Armory|Blacksmith|Carpentry|Coliseum|Conditioning Field|Forge|Furnace|Grand Tournament|Joinery|Tannery,4,12
"MaA/2HBastard/Cloth [(EInd, RProw, NPie, NCun), Nimble, Recover 8]|M4",Man-at-Arms,2HBastard,,Cloth,,False,25,"Immune Blocked,Recover 8,Nimble",2000,,False,Apothecary|Blacksmith|Coliseum|Conditioning Field|Forge|Furnace|Herb Garden,4,9
"MaA/Halberd/Cloth [(RInd, RProw, NPie, NCun), Nimble, Recover 8]|M4",Man-at-Arms,Halberd,,Cloth,,False,25,"Immune Blocked,Recover 8,Nimble",2000,,False,Apothecary|Blacksmith|Coliseum|Conditioning Field|Furnace|Herb Garden,4,6
"MaA/Morningstar/Tower/FullPlate [(EInd, RProw, NPie, NCun), Nimble, Temp]|M4",Man-at-Arms,Morningstar,Tower Shield,Full Plate,,False,25,"Immune Blocked,Tempered,Nimble",1400,,False,Animal Husbandry|Armory|Blacksmith|Carpentry|Coliseum|Conditioning Field|Forge|Furnace|Gilded Foundry|Joinery|Tannery,4,9
"MaA/FarmTools/Tower/Cloth [(EInd, RProw, NPie, NCun), Nimble]|M4",Man-at-Arms,Farm Tools,Tower Shield,Cloth,,False,25,"Immune Blocked,Nimble",1800,,False,Blacksmith|Carpentry|Coliseum|Conditioning Field|Forge|Furnace|Joinery|Stable,4,9
"MaA/ShortSword/Targe/Cloth [(EInd, RProw, NPie, NCun), Nimble, Serr]|M4",Man-at-Arms,Short Sword,Targe Shield,Cloth,,False,25,"Immune Blocked,Serrated,Nimble",1600,,False,Blacksmith|Carpentry|Coliseum|Conditioning Field|Furnace|Joinery|Master Workshop,4,9
"MaA/Spears/FullPlate [(EInd, RProw, NPie, NCun), Nimble, Serr, Temp]|M4",Man-at-Arms,Spears,,Full Plate,,False,25,"Immune Blocked,Serrated,Tempered,Nimble",1400,,False,Animal Husbandry|Armory|Blacksmith|Coliseum|Conditioning Field|Furnace|Gilded Foundry|Master Workshop|Tannery,4,9
"MaA/Cavalry Spear/Buckler/FullPlate [(EInd, RProw, NPie, NCun), Nimble, Temp]|M4",Man-at-Arms,Cavalry Spear,Buckler Shield,Full Plate,,False,25,"Immune Blocked,Tempered,Nimble",1400,,False,Animal Husbandry|Armory|Blacksmith|Carpentry|Coliseum|Conditioning Field|Furnace|Gilded Foundry|Joinery|Tannery,4,9
"MaA/Halberd/Chain [(EInd, RProw, NPie, NCun), Nimble, Serr]|M4",Man-at-Arms,Halberd,,Chainmail,,False,25,"Immune Blocked,Serrated,Nimble",1400,,False,Animal Husbandry|Armory|Blacksmith|Coliseum|Conditioning Field|Furnace|Master Workshop|Tannery,4,9
"MaA/Spears/FullPlate [RoPaI, (EInd, SProw, NPie, NCun), Nimble, Temp]|M4",Man-at-Arms,Spears,,Full Plate,,False,25,"Immune Blocked,Nimble,Parry,Tempered,Immune Strain",1600,,False,Animal Husbandry|Armory|Blacksmith|Coliseum|Conditioning Field|Furnace|Gilded Foundry|Royal Pavilion|Tannery,4,16
"MaA/Cavalry Spear/Buckler/Chain [(RInd, RProw, NPie, NCun), Nimble]|M4",Man-at-Arms,Cavalry Spear,Buckler Shield,Chainmail,,False,25,"Immune Blocked,Nimble",1400,,False,Animal Husbandry|Armory|Blacksmith|Carpentry|Coliseum|Conditioning Field|Furnace|Joinery|Tannery,4,6
"MaA/FarmTools/Tower/Cloth [(EInd, RProw, NPie, NCun), Nimble, Serr]|M4",Man-at-Arms,Farm Tools,Tower Shield,Cloth,,False,25,"Immune Blocked,Serrated,Nimble",1600,,False,Blacksmith|Carpentry|Coliseum|Conditioning Field|Forge|Furnace|Joinery|Master Workshop,4,9
"MaA/Pitchfork/Chain [(EInd, RProw, NPie, NCun), Nimble, Serr]|M4",Man-at-Arms,Pitchfork,,Chainmail,,False,25,"Immune Blocked,Serrated,Nimble",1400,,False,Animal Husbandry|Armory|Blacksmith|Coliseum|Conditioning Field|Furnace|Master Workshop|Tannery,4,9
"MaA/Flail/Tower/Leather [(EInd, RProw, NPie, NCun), Nimble]|M4",Man-at-Arms,Flail,Tower Shield,Leather,,False,25,"Immune Blocked,Nimble",1600,,False,Animal Husbandry|Blacksmith|Carpentry|Coliseum|Conditioning Field|Forge|Furnace|Joinery|Tannery,4,9
"MaA/Lance/Buckler/Leather [(EInd, EProw, NPie, NCun), Nimble, Riposte]|M4",Man-at-Arms,Lance,Buckler Shield,Leather,,False,25,"Immune Blocked,Nimble,Riposte,Parry,Improved Parry",1600,,False,Animal Husbandry|Blacksmith|Carpentry|Coliseum|Conditioning Field|Forge|Furnace|Grand Tournament|Joinery|Tannery,4,12
"MaA/FarmTools/Kite/FullPlate [(EInd, RProw, NPie, NCun), Nimble, Temp]|M4",Man-at-Arms,Farm Tools,Kite Shield,Full Plate,,False,25,"Immune Blocked,Tempered,Nimble",1400,,False,Animal Husbandry|Armory|Blacksmith|Carpentry|Coliseum|Conditioning Field|Furnace|Gilded Foundry|Joinery|Tannery,4,9
"MaA/WarHammer/FullPlate [OuInPoI, (EInd, RProw, NPie, SCun), Nimble, Temp]|M4",Man-at-Arms,War Hammer,,Full Plate,,False,25,"Immune Blocked,confers:Blocked,Nimble,confers:Strain,Outrider: once,Tempered",1600,,False,Animal Husbandry|Armory|Blacksmith|Coliseum|Conditioning Field|Forge|Furnace|Gilded Foundry|Outrider Intercept Post|Tannery,4,19
"MaA/FarmTools/Targe/Chain [(RInd, RProw, NPie, NCun), Nimble]|M4",Man-at-Arms,Farm Tools,Targe Shield,Chainmail,,False,25,"Immune Blocked,Nimble",1400,,False,Animal Husbandry|Armory|Blacksmith|Carpentry|Coliseum|Conditioning Field|Furnace|Joinery|Tannery,4,6
"MaA/Morningstar/Tower/Chain [(EInd, RProw, NPie, NCun), Nimble]|M4",Man-at-Arms,Morningstar,Tower Shield,Chainmail,,False,25,"Immune Blocked,Nimble",1400,,False,Animal Husbandry|Armory|Blacksmith|Carpentry|Coliseum|Conditioning Field|Forge|Furnace|Joinery|Tannery,4,9
"MaA/FarmTools/Kite/Cloth [(RInd, RProw, NPie, NCun), Nimble]|M4",Man-at-Arms,Farm Tools,Kite Shield,Cloth,,False,25,"Immune Blocked,Nimble",1400,,False,Armory|Blacksmith|Carpentry|Coliseum|Conditioning Field|Furnace|Joinery|Tannery,4,6
"MaA/ShortSword/Tower/FullPlate [(EInd, RProw, NPie, NCun), Nimble, Temp]|M4",Man-at-Arms,Short Sword,Tower Shield,Full Plate,,False,25,"Immune Blocked,Tempered,Nimble",1400,,False,Animal Husbandry|Armory|Blacksmith|Carpentry|Coliseum|Conditioning Field|Forge|Furnace|Gilded Foundry|Joinery|Tannery,4,9
"MaA/Bastard/Tower/FullPlate [(EInd, RProw, NPie, NCun), Nimble, Temp]|M4",Man-at-Arms,Bastard Sword,Tower Shield,Full Plate,,False,25,"Immune Blocked,Tempered,Nimble",1400,,False,Animal Husbandry|Armory|Blacksmith|Carpentry|Coliseum|Conditioning Field|Forge|Furnace|Gilded Foundry|Joinery|Tannery,4,9
"MaA/2HBastard/Leather [(EInd, RProw, NPie, NCun), Nimble, Serr]|M4",Man-at-Arms,2HBastard,,Leather,,False,25,"Immune Blocked,Serrated,Nimble",1600,,False,Animal Husbandry|Blacksmith|Coliseum|Conditioning Field|Forge|Furnace|Master Workshop|Tannery,4,9
"MaA/Spears/Cloth [(NInd, RProw, NPie, NCun), Nimble, Recover 8]|M4",Man-at-Arms,Spears,,Cloth,,False,25,"Immune Blocked,Recover 8,Nimble",2000,,False,Apothecary|Coliseum|Conditioning Field|Furnace|Herb Garden,4,3
"MaA/ShortSword/Tower/Cloth [(EInd, RProw, NPie, NCun), Nimble]|M4",Man-at-Arms,Short Sword,Tower Shield,Cloth,,False,25,"Immune Blocked,Nimble",1800,,False,Blacksmith|Carpentry|Coliseum|Conditioning Field|Forge|Furnace|Joinery|Stable,4,9
"MaA/Daggers/FullPlate [RoPaM, (EInd, SProw, NPie, NCun), Nimble, Riposte, Temp]|M4",Man-at-Arms,Daggers,,Full Plate,,False,25,"Nimble,Parry,Drilled,Improved Parry,Immune Blocked,Riposte,Immune Strain,Tempered",1600,,False,Animal Husbandry|Armory|Blacksmith|Coliseum|Conditioning Field|Furnace|Gilded Foundry|Grand Tournament|Royal Pavilion|Tannery|Tiltyard,4,16
"MaA/Pitchfork/Cloth [(NInd, EProw, EPie, NCun), Enduring, Nimble, Rec 6, Recover 7, Recover 8, Riposte, Shake+1]|M4",Man-at-Arms,Pitchfork,,Cloth,,False,25,"Recover 8,Enduring,Nimble,Shake +1,Recover 6,Improved Parry,Recover 7,Immune Blocked,Riposte,Parry",1900,,False,Alchemy|Apothecary|Coliseum|Conditioning Field|Grand Tournament|Herb Garden|Hospitaller|Infirmary|Stable,4,12
"MaA/Pike/Chain [(RInd, RProw, NPie, NCun), Nimble]|M4",Man-at-Arms,Pike,,Chainmail,,False,25,"Immune Blocked,Nimble",1600,,False,Animal Husbandry|Armory|Blacksmith|Coliseum|Conditioning Field|Furnace|Stable|Tannery,4,6
"MaA/Cavalry Spear/Targe/Chain [(RInd, RProw, NPie, NCun), Nimble]|M4",Man-at-Arms,Cavalry Spear,Targe Shield,Chainmail,,False,25,"Immune Blocked,Nimble",1400,,False,Animal Husbandry|Armory|Blacksmith|Carpentry|Coliseum|Conditioning Field|Furnace|Joinery|Tannery,4,6
"MaA/Pitchfork/Chain [(RInd, RProw, NPie, NCun), Nimble]|M4",Man-at-Arms,Pitchfork,,Chainmail,,False,25,"Immune Blocked,Nimble",1600,,False,Animal Husbandry|Armory|Blacksmith|Coliseum|Conditioning Field|Furnace|Stable|Tannery,4,6
"MaA/Flail/Tower/Cloth [(EInd, RProw, NPie, NCun), Nimble, Serr]|M4",Man-at-Arms,Flail,Tower Shield,Cloth,,False,25,"Immune Blocked,Serrated,Nimble",1600,,False,Blacksmith|Carpentry|Coliseum|Conditioning Field|Forge|Furnace|Joinery|Master Workshop,4,9
"MaA/Pitchfork/Cloth [(NInd, RProw, EPie, NCun), Enduring, Nimble, Rec 6, Recover 7, Recover 8, Shake+1]|M4",Man-at-Arms,Pitchfork,,Cloth,,False,25,"Immune Blocked,Recover 8,Enduring,Nimble,Recover 7,Shake +1,Recover 6",1900,,False,Alchemy|Apothecary|Coliseum|Conditioning Field|Herb Garden|Hospitaller|Infirmary|Stable,4,9
"MaA/FarmTools/Leather [MiMiStM, (NInd, SProw, NPie, NCun), Nimble]|M4",Man-at-Arms,Farm Tools,,Leather,,False,25,"Nimble,Seize: first,Parry,Improved Parry,+1I,Immune Blocked,Crit 7,MaxInit3",1800,,False,Animal Husbandry|Coliseum|Conditioning Field|Ministry of Military Strategy|Tannery|University|War College,4,10
"MaA/BattleAxe/Chain [(RInd, RProw, NPie, NCun), Nimble]|M4",Man-at-Arms,Battle Axe,,Chainmail,,False,25,"Immune Blocked,Nimble",1600,,False,Animal Husbandry|Armory|Blacksmith|Coliseum|Conditioning Field|Furnace|Stable|Tannery,4,6
"MaA/Bastard/Tower/FullPlate [(EInd, RProw, NPie, NCun), Nimble, Temp]|M5",Man-at-Arms,Bastard Sword,Tower Shield,Full Plate,,False,25,"Immune Blocked,Tempered,Nimble",900,,False,Animal Husbandry|Armory|Blacksmith|Butchery|Carpentry|Coliseum|Conditioning Field|Forge|Furnace|Gilded Foundry|Joinery|Tannery,5,9
"MaA/Lance/Kite/Chain [(EInd, EProw, NPie, NCun), Nimble, Riposte]|M5",Man-at-Arms,Lance,Kite Shield,Chainmail,,False,25,"Immune Blocked,Nimble,Riposte,Parry,Improved Parry",900,,False,Animal Husbandry|Armory|Blacksmith|Butchery|Carpentry|Coliseum|Conditioning Field|Forge|Furnace|Grand Tournament|Joinery|Tannery,5,12
"MaA/2HBastard+Crossbow/Cloth (TY) [(EInd, EProw, NPie, NCun), Florentine, ImmU, Nimble]|M5",Man-at-Arms,2HBastard,,Cloth,Crossbow,True,25,"Immune Blocked,Nimble,Parry,Immune Unwieldy,Florentine",1800,,False,Blacksmith|Carpentry|Coliseum|Conditioning Field|Fletchery|Forge|Furnace|Tiltyard,5,12
"MaA/Morningstar+Crossbow/Cloth (TY) [(EInd, EProw, NPie, NCun), Florentine, ImmU, Nimble]|M5",Man-at-Arms,Morningstar,,Cloth,Crossbow,True,25,"Immune Blocked,Nimble,Parry,Immune Unwieldy,Florentine",1800,,False,Blacksmith|Carpentry|Coliseum|Conditioning Field|Fletchery|Forge|Furnace|Tiltyard,5,12
"MaA/Cudgel/FullPlate [MiMiStI, (EInd, SProw, NPie, NCun), Nimble, Temp]|M5",Man-at-Arms,Cudgel,,Full Plate,,False,25,"+1I,Immune Blocked,Nimble,Seize: first,Parry,Tempered,MaxInit3",1100,,False,Animal Husbandry|Armory|Blacksmith|Butchery|Coliseum|Conditioning Field|Furnace|Gilded Foundry|Ministry of Military Strategy|Tannery,5,16
"MaA/Cudgel/Leather [(NInd, EProw, EPie, NCun), Enduring, Nimble, Rec 6, Recover 7, Recover 8, Riposte, Shake+1]|M5",Man-at-Arms,Cudgel,,Leather,,False,25,"Recover 8,Nimble,Enduring,Shake +1,Recover 6,Improved Parry,Recover 7,Immune Blocked,Riposte,Parry",1700,,False,Alchemy|Animal Husbandry|Apothecary|Coliseum|Conditioning Field|Grand Tournament|Herb Garden|Hospitaller|Infirmary|Stable|Tannery,5,12
"MaA/Flail/Kite/Chain [(EInd, RProw, NPie, NCun), Nimble, Serr]|M5",Man-at-Arms,Flail,Kite Shield,Chainmail,,False,25,"Immune Blocked,Serrated,Nimble",1200,,False,Animal Husbandry|Armory|Blacksmith|Carpentry|Coliseum|Conditioning Field|Furnace|Joinery|Master Workshop|Tannery,5,9
"MaA/Lance/Buckler/Cloth [MiMiStM, (EInd, SProw, NPie, NCun), Nimble]|M5",Man-at-Arms,Lance,Buckler Shield,Cloth,,False,25,"Nimble,Seize: first,Parry,Improved Parry,+1I,Immune Blocked,Crit 7,MaxInit3",1800,,False,Blacksmith|Carpentry|Coliseum|Conditioning Field|Forge|Furnace|Joinery|Ministry of Military Strategy|University|War College,5,16
"MaA/FarmTools/Buckler/Chain [(RInd, EProw, NPie, NCun), Nimble, Riposte]|M5",Man-at-Arms,Farm Tools,Buckler Shield,Chainmail,,False,25,"Immune Blocked,Nimble,Riposte,Parry,Improved Parry",900,,False,Animal Husbandry|Armory|Blacksmith|Butchery|Carpentry|Coliseum|Conditioning Field|Furnace|Grand Tournament|Joinery|Tannery,5,9
"MaA/ShortSword/Tower/Chain [RoPaI, (EInd, SProw, NPie, NCun), Nimble]|M5",Man-at-Arms,Short Sword,Tower Shield,Chainmail,,False,25,"Parry,Immune Blocked,Immune Strain,Nimble",1400,,False,Animal Husbandry|Armory|Blacksmith|Carpentry|Coliseum|Conditioning Field|Forge|Furnace|Joinery|Royal Pavilion|Tannery,5,16
"MaA/FarmTools/Kite/Cloth [(RInd, RProw, NPie, NCun), Nimble]|M5",Man-at-Arms,Farm Tools,Kite Shield,Cloth,,False,25,"Immune Blocked,Nimble",1400,,False,Armory|Blacksmith|Carpentry|Coliseum|Conditioning Field|Furnace|Joinery|Stable|Tannery,5,6
"MaA/Daggers/Chain [(RInd, RProw, NPie, NCun), Nimble, Recover 8]|M5",Man-at-Arms,Daggers,,Chainmail,,False,25,"Immune Blocked,Recover 8,Nimble",1600,,False,Animal Husbandry|Apothecary|Armory|Blacksmith|Coliseum|Conditioning Field|Furnace|Herb Garden|Tannery,5,6
"MaA/Daggers/Cloth [(NInd, RProw, EPie, NCun), Enduring, Nimble, Rec 6, Recover 7, Recover 8, Shake+1]|M5",Man-at-Arms,Daggers,,Cloth,,False,25,"Immune Blocked,Recover 8,Enduring,Nimble,Recover 7,Shake +1,Recover 6",1900,,False,Alchemy|Apothecary|Coliseum|Conditioning Field|Furnace|Herb Garden|Hospitaller|Infirmary|Stable,5,9
"MaA/Arming+Longbow/Tower/Cloth (TY) [(EInd, EProw, NPie, NCun), Florentine, ImmU, Nimble]|M5",Man-at-Arms,Arming Sword,Tower Shield,Cloth,Longbow,True,25,"Immune Blocked,Nimble,Parry,Immune Unwieldy,Florentine",1600,,False,Blacksmith|Carpentry|Coliseum|Conditioning Field|Fletchery|Forge|Furnace|Joinery|Tiltyard,5,12
"MaA/Arming/Cloth (DW) [(RInd, EProw, NPie, NCun), DW, Florentine, ImmU, Nimble]|M5",Man-at-Arms,Arming Sword,,Cloth,,True,25,"Immune Blocked,Nimble,Dual Wield,Parry,Immune Unwieldy,Florentine",2000,,False,Blacksmith|Carpentry|Coliseum|Conditioning Field|Fletchery|Furnace|Tiltyard,5,9
"MaA/Flail/Kite/Cloth [RoPaM, (RInd, SProw, NPie, NCun), Nimble, Riposte]|M5",Man-at-Arms,Flail,Kite Shield,Cloth,,False,25,"Immune Blocked,Nimble,Drilled,Riposte,Parry,Improved Parry,Immune Strain",1400,,False,Armory|Blacksmith|Carpentry|Coliseum|Conditioning Field|Furnace|Grand Tournament|Joinery|Royal Pavilion|Tannery|Tiltyard,5,13
"MaA/Lance/Targe/Leather [OuInPoI, (EInd, RProw, NPie, SCun), Nimble]|M5",Man-at-Arms,Lance,Targe Shield,Leather,,False,25,"Immune Blocked,confers:Blocked,Nimble,confers:Strain,Outrider: once",1600,,False,Animal Husbandry|Blacksmith|Carpentry|Coliseum|Conditioning Field|Forge|Furnace|Joinery|Outrider Intercept Post|Tannery,5,19
"MaA/Bastard+Javelin/Tower/Cloth (TY) [(EInd, EProw, NPie, NCun), Florentine, ImmU, Nimble]|M5",Man-at-Arms,Bastard Sword,Tower Shield,Cloth,Javelin,True,25,"Immune Blocked,Nimble,Parry,Immune Unwieldy,Florentine",1600,,False,Blacksmith|Carpentry|Coliseum|Conditioning Field|Fletchery|Forge|Furnace|Joinery|Tiltyard,5,12
"MaA/2HBastard/Cloth [(EInd, RProw, EPie, NCun), Enduring, Nimble, Rec 6, Recover 7, Recover 8, Serr, Shake+1]|M5",Man-at-Arms,2HBastard,,Cloth,,False,25,"Recover 8,Nimble,Enduring,Shake +1,Recover 6,Recover 7,Immune Blocked,Serrated",1700,,False,Alchemy|Apothecary|Blacksmith|Coliseum|Conditioning Field|Forge|Furnace|Herb Garden|Hospitaller|Infirmary|Master Workshop,5,15
"MaA/ShortSword+Javelin/Tower/Cloth (TY) [(EInd, EProw, NPie, NCun), Florentine, ImmU, Nimble]|M5",Man-at-Arms,Short Sword,Tower Shield,Cloth,Javelin,True,25,"Immune Blocked,Nimble,Parry,Immune Unwieldy,Florentine",1600,,False,Blacksmith|Carpentry|Coliseum|Conditioning Field|Fletchery|Forge|Furnace|Joinery|Tiltyard,5,12
"MaA/Bastard/Tower/FullPlate [(EInd, RProw, NPie, NCun), Nimble, Serr, Temp]|M5",Man-at-Arms,Bastard Sword,Tower Shield,Full Plate,,False,25,"Immune Blocked,Serrated,Tempered,Nimble",1200,,False,Animal Husbandry|Armory|Blacksmith|Carpentry|Coliseum|Conditioning Field|Forge|Furnace|Gilded Foundry|Joinery|Master Workshop|Tannery,5,9
"MaA/Cavalry Spear/Targe/Leather [(RInd, RProw, NPie, NCun), Nimble]|M5",Man-at-Arms,Cavalry Spear,Targe Shield,Leather,,False,25,"Immune Blocked,Nimble",1600,,False,Animal Husbandry|Blacksmith|Carpentry|Coliseum|Conditioning Field|Furnace|Joinery|Stable|Tannery,5,6
"MaA/Lance/Buckler/FullPlate [(EInd, RProw, NPie, NCun), Nimble, Temp]|M5",Man-at-Arms,Lance,Buckler Shield,Full Plate,,False,25,"Immune Blocked,Tempered,Nimble",1400,,False,Animal Husbandry|Armory|Blacksmith|Carpentry|Coliseum|Conditioning Field|Forge|Furnace|Gilded Foundry|Joinery|Stable|Tannery,5,9
"MaA/ShortSword/Kite/FullPlate [(EInd, RProw, NPie, NCun), Nimble, Serr, Temp]|M5",Man-at-Arms,Short Sword,Kite Shield,Full Plate,,False,25,"Immune Blocked,Serrated,Tempered,Nimble",1200,,False,Animal Husbandry|Armory|Blacksmith|Carpentry|Coliseum|Conditioning Field|Furnace|Gilded Foundry|Joinery|Master Workshop|Tannery,5,9
"MaA/Flail+HuntBow/Tower/Cloth (TY) [(EInd, EProw, NPie, NCun), Florentine, ImmU, Nimble]|M5",Man-at-Arms,Flail,Tower Shield,Cloth,Hunting Bow,True,25,"Immune Blocked,Nimble,Parry,Immune Unwieldy,Florentine",1600,,False,Blacksmith|Carpentry|Coliseum|Conditioning Field|Fletchery|Forge|Furnace|Joinery|Tiltyard,5,12
"MaA/Flail+Longbow/Tower/Cloth (TY) [(EInd, EProw, NPie, NCun), Florentine, ImmU, Nimble]|M5",Man-at-Arms,Flail,Tower Shield,Cloth,Longbow,True,25,"Immune Blocked,Nimble,Parry,Immune Unwieldy,Florentine",1600,,False,Blacksmith|Carpentry|Coliseum|Conditioning Field|Fletchery|Forge|Furnace|Joinery|Tiltyard,5,12
"MaA/2HBastard/FullPlate [(EInd, RProw, NPie, NCun), Nimble, Recover 8, Temp]|M5",Man-at-Arms,2HBastard,,Full Plate,,False,25,"Immune Blocked,Tempered,Recover 8,Nimble",1600,,False,Animal Husbandry|Apothecary|Armory|Blacksmith|Coliseum|Conditioning Field|Forge|Furnace|Gilded Foundry|Herb Garden|Tannery,5,9
"MaA/BattleAxe/FullPlate [MiMiStM, (EInd, SProw, NPie, NCun), Nimble, Temp]|M5",Man-at-Arms,Battle Axe,,Full Plate,,False,25,"Nimble,Seize: first,Parry,Improved Parry,+1I,Immune Blocked,Crit 7,MaxInit3,Tempered",1600,,False,Animal Husbandry|Armory|Blacksmith|Coliseum|Conditioning Field|Furnace|Gilded Foundry|Ministry of Military Strategy|Tannery|University|War College,5,16
"MaA/Cavalry Spear/Targe/Cloth [(RInd, EProw, NPie, NCun), Nimble, Recover 8, Riposte]|M5",Man-at-Arms,Cavalry Spear,Targe Shield,Cloth,,False,25,"Immune Blocked,Recover 8,Nimble,Riposte,Parry,Improved Parry",1800,,False,Apothecary|Blacksmith|Carpentry|Coliseum|Conditioning Field|Furnace|Grand Tournament|Herb Garden|Joinery,5,9
"MaA/ShortSword+Crossbow/Tower/Cloth (TY) [RoPaM, (EInd, SProw, NPie, NCun), Florentine, ImmU, Nimble, Riposte]|M5",Man-at-Arms,Short Sword,Tower Shield,Cloth,Crossbow,True,25,"Nimble,Parry,Drilled,Improved Parry,Immune Blocked,Riposte,Immune Strain,Immune Unwieldy,Florentine",1600,,False,Blacksmith|Carpentry|Coliseum|Conditioning Field|Fletchery|Forge|Furnace|Grand Tournament|Joinery|Royal Pavilion|Tiltyard,5,16
"MaA/FarmTools/Kite/Cloth [(EInd, RProw, NPie, NCun), Nimble, Serr]|M5",Man-at-Arms,Farm Tools,Kite Shield,Cloth,,False,25,"Immune Blocked,Serrated,Nimble",1200,,False,Armory|Blacksmith|Carpentry|Coliseum|Conditioning Field|Furnace|Joinery|Master Workshop|Tannery,5,9
"MaA/Lance/Kite/FullPlate [(EInd, RProw, NPie, NCun), Nimble, Serr, Temp]|M5",Man-at-Arms,Lance,Kite Shield,Full Plate,,False,25,"Immune Blocked,Serrated,Tempered,Nimble",1200,,False,Animal Husbandry|Armory|Blacksmith|Carpentry|Coliseum|Conditioning Field|Forge|Furnace|Gilded Foundry|Joinery|Master Workshop|Tannery,5,9
"MaA/2HBastard/Chain [(EInd, RProw, NPie, NCun), Nimble, Recover 8]|M5",Man-at-Arms,2HBastard,,Chainmail,,False,25,"Immune Blocked,Recover 8,Nimble",1600,,False,Animal Husbandry|Apothecary|Armory|Blacksmith|Coliseum|Conditioning Field|Forge|Furnace|Herb Garden|Tannery,5,9
"MaA/Arming/Kite/FullPlate [(EInd, RProw, NPie, NCun), Nimble, Temp]|M5",Man-at-Arms,Arming Sword,Kite Shield,Full Plate,,False,25,"Immune Blocked,Tempered,Nimble",1400,,False,Animal Husbandry|Armory|Blacksmith|Carpentry|Coliseum|Conditioning Field|Furnace|Gilded Foundry|Joinery|Stable|Tannery,5,9
"MaA/Cavalry Spear/Buckler/Cloth [(RInd, RProw, NPie, NCun), Nimble, Recover 8]|M5",Man-at-Arms,Cavalry Spear,Buckler Shield,Cloth,,False,25,"Immune Blocked,Recover 8,Nimble",1800,,False,Apothecary|Blacksmith|Carpentry|Coliseum|Conditioning Field|Furnace|Herb Garden|Joinery,5,6
"MaA/Lance/Targe/Leather [(EInd, RProw, NPie, NCun), Nimble, Serr]|M5",Man-at-Arms,Lance,Targe Shield,Leather,,False,25,"Immune Blocked,Serrated,Nimble",1400,,False,Animal Husbandry|Blacksmith|Carpentry|Coliseum|Conditioning Field|Forge|Furnace|Joinery|Master Workshop|Tannery,5,9
"MaA/Flail/Kite/Leather [PrI, (RInd, EProw, SPie, NCun), Nimble, Shake+1]|M5",Man-at-Arms,Flail,Kite Shield,Leather,,False,25,"Immune Blocked,Nimble,Parry,Shake +1,Resolute",1400,,False,Animal Husbandry|Armory|Blacksmith|Carpentry|Coliseum|Conditioning Field|Furnace|Joinery|Preceptory|Tannery,5,19
"MaA/ShortSword/Kite/Chain [(RInd, RProw, NPie, NCun), Nimble]|M5",Man-at-Arms,Short Sword,Kite Shield,Chainmail,,False,25,"Immune Blocked,Nimble",1400,,False,Animal Husbandry|Armory|Blacksmith|Carpentry|Coliseum|Conditioning Field|Furnace|Joinery|Stable|Tannery,5,6
"MaA/ShortSword/Targe/Leather [(RInd, RProw, NPie, NCun), Nimble]|M5",Man-at-Arms,Short Sword,Targe Shield,Leather,,False,25,"Immune Blocked,Nimble",1600,,False,Animal Husbandry|Blacksmith|Carpentry|Coliseum|Conditioning Field|Furnace|Joinery|Stable|Tannery,5,6
"MaA/FarmTools/Targe/Cloth [(RInd, RProw, NPie, NCun), Nimble, Recover 8]|M5",Man-at-Arms,Farm Tools,Targe Shield,Cloth,,False,25,"Immune Blocked,Recover 8,Nimble",1800,,False,Apothecary|Blacksmith|Carpentry|Coliseum|Conditioning Field|Furnace|Herb Garden|Joinery,5,6
"MaA/Lance/Targe/Chain [(EInd, RProw, NPie, NCun), Nimble]|M5",Man-at-Arms,Lance,Targe Shield,Chainmail,,False,25,"Immune Blocked,Nimble",900,,False,Animal Husbandry|Armory|Blacksmith|Butchery|Carpentry|Coliseum|Conditioning Field|Forge|Furnace|Joinery|Tannery,5,9
"MaA/Cudgel+Javelin/Cloth (TY) [(RInd, EProw, NPie, NCun), Florentine, ImmU, Nimble]|M5",Man-at-Arms,Cudgel,,Cloth,Javelin,True,25,"Immune Blocked,Nimble,Parry,Immune Unwieldy,Florentine",1800,,False,Blacksmith|Carpentry|Coliseum|Conditioning Field|Fletchery|Furnace|Tiltyard,5,9
"MaA/Arming+Crossbow/Cloth (TY) [(EInd, EProw, NPie, NCun), Florentine, ImmU, Nimble]|M5",Man-at-Arms,Arming Sword,,Cloth,Crossbow,True,25,"Immune Blocked,Nimble,Parry,Immune Unwieldy,Florentine",1800,,False,Blacksmith|Carpentry|Coliseum|Conditioning Field|Fletchery|Forge|Furnace|Tiltyard,5,12
"MaA/Lance/Kite/Leather [(EInd, RProw, NPie, NCun), Nimble]|M5",Man-at-Arms,Lance,Kite Shield,Leather,,False,25,"Immune Blocked,Nimble",900,,False,Animal Husbandry|Armory|Blacksmith|Butchery|Carpentry|Coliseum|Conditioning Field|Forge|Furnace|Joinery|Tannery,5,9
"MaA/Lance/Buckler/FullPlate [(EInd, EProw, NPie, NCun), Nimble, Riposte, Temp]|M5",Man-at-Arms,Lance,Buckler Shield,Full Plate,,False,25,"Immune Blocked,Nimble,Riposte,Parry,Tempered,Improved Parry",1400,,False,Animal Husbandry|Armory|Blacksmith|Carpentry|Coliseum|Conditioning Field|Forge|Furnace|Gilded Foundry|Grand Tournament|Joinery|Stable|Tannery,5,12
"MaA/Bastard/Tower/Leather [(EInd, RProw, NPie, NCun), Nimble, Serr]|M5",Man-at-Arms,Bastard Sword,Tower Shield,Leather,,False,25,"Immune Blocked,Serrated,Nimble",1400,,False,Animal Husbandry|Blacksmith|Carpentry|Coliseum|Conditioning Field|Forge|Furnace|Joinery|Master Workshop|Tannery,5,9
"MaA/Halberd+Javelin/Cloth (TY) [(RInd, EProw, NPie, NCun), Florentine, ImmU, Nimble]|M5",Man-at-Arms,Halberd,,Cloth,Javelin,True,25,"Immune Blocked,Nimble,Parry,Immune Unwieldy,Florentine",1800,,False,Blacksmith|Carpentry|Coliseum|Conditioning Field|Fletchery|Furnace|Tiltyard,5,9
"MaA/HuntBow/Cloth [(NInd, EProw, NPie, NCun), Florentine, ImmU, Nimble]|M5",Man-at-Arms,Farm Tools,,Cloth,Hunting Bow,True,25,"Immune Blocked,Nimble,Parry,Immune Unwieldy,Florentine",1800,,False,Carpentry|Coliseum|Conditioning Field|Fletchery|Stable|Tiltyard,5,6
"MaA/Flail+HuntBow/Tower/Cloth (TY) [RoPaM, (EInd, SProw, NPie, NCun), Florentine, ImmU, Nimble, Riposte]|M5",Man-at-Arms,Flail,Tower Shield,Cloth,Hunting Bow,True,25,"Nimble,Parry,Drilled,Improved Parry,Immune Blocked,Riposte,Immune Strain,Immune Unwieldy,Florentine",1600,,False,Blacksmith|Carpentry|Coliseum|Conditioning Field|Fletchery|Forge|Furnace|Grand Tournament|Joinery|Royal Pavilion|Tiltyard,5,16
"MaA/Flail/Kite/Chain [(RInd, RProw, NPie, NCun), Nimble]|M5",Man-at-Arms,Flail,Kite Shield,Chainmail,,False,25,"Immune Blocked,Nimble",900,,False,Animal Husbandry|Armory|Blacksmith|Butchery|Carpentry|Coliseum|Conditioning Field|Furnace|Joinery|Tannery,5,6
"MaA/Daggers/FullPlate [RoPaM, (EInd, SProw, NPie, NCun), Nimble, Riposte, Serr, Temp]|M5",Man-at-Arms,Daggers,,Full Plate,,False,25,"Nimble,Parry,Drilled,Improved Parry,Immune Blocked,Riposte,Serrated,Tempered,Immune Strain",1400,,False,Animal Husbandry|Armory|Blacksmith|Coliseum|Conditioning Field|Furnace|Gilded Foundry|Grand Tournament|Master Workshop|Royal Pavilion|Tannery|Tiltyard,5,16
"MaA/Halberd/Chain [(RInd, RProw, NPie, NCun), Nimble, Recover 8]|M5",Man-at-Arms,Halberd,,Chainmail,,False,25,"Immune Blocked,Recover 8,Nimble",1600,,False,Animal Husbandry|Apothecary|Armory|Blacksmith|Coliseum|Conditioning Field|Furnace|Herb Garden|Tannery,5,6
"MaA/Cavalry Spear/Kite/Cloth [(EInd, RProw, NPie, NCun), Nimble, Serr]|M5",Man-at-Arms,Cavalry Spear,Kite Shield,Cloth,,False,25,"Immune Blocked,Serrated,Nimble",1200,,False,Armory|Blacksmith|Carpentry|Coliseum|Conditioning Field|Furnace|Joinery|Master Workshop|Tannery,5,9
"MaA/BattleAxe/Cloth [(EInd, RProw, EPie, NCun), Enduring, Nimble, Rec 6, Recover 7, Recover 8, Serr, Shake+1]|M5",Man-at-Arms,Battle Axe,,Cloth,,False,25,"Recover 8,Enduring,Nimble,Shake +1,Recover 6,Recover 7,Immune Blocked,Serrated",1700,,False,Alchemy|Apothecary|Blacksmith|Coliseum|Conditioning Field|Furnace|Herb Garden|Hospitaller|Infirmary|Master Workshop,5,15
"MaA/FarmTools/Buckler/Cloth [(RInd, RProw, EPie, NCun), Enduring, Nimble, Rec 6, Recover 7, Recover 8, Shake+1]|M5",Man-at-Arms,Farm Tools,Buckler Shield,Cloth,,False,25,"Immune Blocked,Recover 8,Nimble,Enduring,Recover 7,Shake +1,Recover 6",1700,,False,Alchemy|Apothecary|Carpentry|Coliseum|Conditioning Field|Herb Garden|Hospitaller|Infirmary|Joinery|Stable,5,12
"MaA/2HBastard+HuntBow/Cloth (TY) [(EInd, EProw, NPie, NCun), Florentine, ImmU, Nimble]|M5",Man-at-Arms,2HBastard,,Cloth,Hunting Bow,True,25,"Immune Blocked,Nimble,Parry,Immune Unwieldy,Florentine",1800,,False,Blacksmith|Carpentry|Coliseum|Conditioning Field|Fletchery|Forge|Furnace|Tiltyard,5,12
"MaA/Pitchfork+Crossbow/Cloth (TY) [(EInd, EProw, NPie, NCun), Florentine, ImmU, Nimble]|M5",Man-at-Arms,Pitchfork,,Cloth,Crossbow,True,25,"Immune Blocked,Nimble,Parry,Immune Unwieldy,Florentine",1800,,False,Blacksmith|Carpentry|Coliseum|Conditioning Field|Fletchery|Forge|Furnace|Tiltyard,5,12
"MaA/Bastard+HuntBow/Tower/Cloth (TY) [(EInd, EProw, NPie, NCun), Florentine, ImmU, Nimble]|M5",Man-at-Arms,Bastard Sword,Tower Shield,Cloth,Hunting Bow,True,25,"Immune Blocked,Nimble,Parry,Immune Unwieldy,Florentine",1600,,False,Blacksmith|Carpentry|Coliseum|Conditioning Field|Fletchery|Forge|Furnace|Joinery|Tiltyard,5,12
"MaA/Daggers+HuntBow/Cloth (TY) [(NInd, EProw, NPie, NCun), Florentine, ImmU, Nimble]|M5",Man-at-Arms,Daggers,,Cloth,Hunting Bow,True,25,"Immune Blocked,Nimble,Parry,Immune Unwieldy,Florentine",1800,,False,Carpentry|Coliseum|Conditioning Field|Fletchery|Furnace|Tiltyard,5,6
"MaA/ShortSword+HuntBow/Targe/Cloth (TY) [(RInd, EProw, NPie, NCun), Florentine, ImmU, Nimble]|M5",Man-at-Arms,Short Sword,Targe Shield,Cloth,Hunting Bow,True,25,"Immune Blocked,Nimble,Parry,Immune Unwieldy,Florentine",1600,,False,Blacksmith|Carpentry|Coliseum|Conditioning Field|Fletchery|Furnace|Joinery|Tiltyard,5,9
"MaA/Arming+HuntBow/Tower/Cloth (TY) [(EInd, EProw, NPie, NCun), Florentine, ImmU, Nimble]|M5",Man-at-Arms,Arming Sword,Tower Shield,Cloth,Hunting Bow,True,25,"Immune Blocked,Nimble,Parry,Immune Unwieldy,Florentine",1600,,False,Blacksmith|Carpentry|Coliseum|Conditioning Field|Fletchery|Forge|Furnace|Joinery|Tiltyard,5,12
"MaA/Poleaxe/Cloth [ABFM, (SInd, EProw, NPie, NCun), Nimble, Riposte, Serr, Temp]|M5",Man-at-Arms,Poleaxe,,Cloth,,False,25,"Nimble,ABF,Parry,Improved Parry,Immune Blocked,Riposte,Serrated,Tempered",900,,False,ABF|Armory|Blacksmith|Coliseum|Conditioning Field|Forge|Furnace|Gilded Foundry|Grand Tournament|Master Workshop|Stable|Tannery,5,16
"MaA/BattleAxe+Longbow/Cloth (TY) [(RInd, EProw, NPie, NCun), Florentine, ImmU, Nimble]|M5",Man-at-Arms,Battle Axe,,Cloth,Longbow,True,25,"Immune Blocked,Nimble,Parry,Immune Unwieldy,Florentine",1800,,False,Blacksmith|Carpentry|Coliseum|Conditioning Field|Fletchery|Furnace|Tiltyard,5,9
"MaA/Arming/Tower/FullPlate [RoPaM, (EInd, SProw, NPie, NCun), Nimble, Riposte, Temp]|M5",Man-at-Arms,Arming Sword,Tower Shield,Full Plate,,False,25,"Nimble,Parry,Drilled,Improved Parry,Immune Blocked,Riposte,Immune Strain,Tempered",1400,,False,Animal Husbandry|Armory|Blacksmith|Carpentry|Coliseum|Conditioning Field|Forge|Furnace|Gilded Foundry|Grand Tournament|Joinery|Royal Pavilion|Tannery|Tiltyard,5,16
"MaA/Pike+Longbow/Cloth (TY) [RoPaM, (RInd, SProw, NPie, NCun), Florentine, ImmU, Nimble, Riposte]|M5",Man-at-Arms,Pike,,Cloth,Longbow,True,25,"Nimble,Parry,Drilled,Improved Parry,Immune Blocked,Riposte,Immune Strain,Immune Unwieldy,Florentine",1800,,False,Blacksmith|Carpentry|Coliseum|Conditioning Field|Fletchery|Furnace|Grand Tournament|Royal Pavilion|Tiltyard,5,13
"MaA/Cavalry Spear/Kite/Cloth [(RInd, RProw, NPie, NCun), Nimble]|M5",Man-at-Arms,Cavalry Spear,Kite Shield,Cloth,,False,25,"Immune Blocked,Nimble",900,,False,Animal Husbandry|Armory|Blacksmith|Butchery|Carpentry|Coliseum|Conditioning Field|Furnace|Joinery|Tannery,5,6
"MaA/Spears+Longbow/Cloth (TY) [(NInd, EProw, NPie, NCun), Florentine, ImmU, Nimble, Riposte]|M5",Man-at-Arms,Spears,,Cloth,Longbow,True,25,"Immune Blocked,Florentine,Nimble,Riposte,Parry,Immune Unwieldy,Improved Parry",1800,,False,Carpentry|Coliseum|Conditioning Field|Fletchery|Furnace|Grand Tournament|Tiltyard,5,6
"MaA/ShortSword/Targe/Cloth [(RInd, RProw, NPie, NCun), Nimble, Recover 8]|M5",Man-at-Arms,Short Sword,Targe Shield,Cloth,,False,25,"Immune Blocked,Recover 8,Nimble",1800,,False,Apothecary|Blacksmith|Carpentry|Coliseum|Conditioning Field|Furnace|Herb Garden|Joinery,5,6
"MaA/Cudgel/Cloth [(EInd, RProw, EPie, NCun), Enduring, Nimble, Rec 6, Recover 7, Recover 8, Serr, Shake+1]|M5",Man-at-Arms,Cudgel,,Cloth,,False,25,"Recover 8,Enduring,Nimble,Shake +1,Recover 6,Recover 7,Immune Blocked,Serrated",1700,,False,Alchemy|Apothecary|Blacksmith|Coliseum|Conditioning Field|Furnace|Herb Garden|Hospitaller|Infirmary|Master Workshop,5,15
"MaA/Pitchfork/Chain [(RInd, RProw, NPie, NCun), Nimble, Recover 8]|M5",Man-at-Arms,Pitchfork,,Chainmail,,False,25,"Immune Blocked,Recover 8,Nimble",1600,,False,Animal Husbandry|Apothecary|Armory|Blacksmith|Coliseum|Conditioning Field|Furnace|Herb Garden|Tannery,5,6
"MaA/Lance/Targe/Cloth [RoPaM, (EInd, SProw, NPie, NCun), Nimble, Riposte, Serr]|M5",Man-at-Arms,Lance,Targe Shield,Cloth,,False,25,"Nimble,Parry,Drilled,Improved Parry,Immune Blocked,Riposte,Serrated,Immune Strain",1600,,False,Blacksmith|Carpentry|Coliseum|Conditioning Field|Forge|Furnace|Grand Tournament|Joinery|Master Workshop|Royal Pavilion|Tiltyard,5,16
"MaA/Pike/Chain [(RInd, RProw, NPie, NCun), Nimble, Recover 8]|M5",Man-at-Arms,Pike,,Chainmail,,False,25,"Immune Blocked,Recover 8,Nimble",1600,,False,Animal Husbandry|Apothecary|Armory|Blacksmith|Coliseum|Conditioning Field|Furnace|Herb Garden|Tannery,5,6
"MaA/Arming+Javelin/Tower/Cloth (TY) [(EInd, EProw, NPie, NCun), Florentine, ImmU, Nimble]|M5",Man-at-Arms,Arming Sword,Tower Shield,Cloth,Javelin,True,25,"Immune Blocked,Nimble,Parry,Immune Unwieldy,Florentine",1600,,False,Blacksmith|Carpentry|Coliseum|Conditioning Field|Fletchery|Forge|Furnace|Joinery|Tiltyard,5,12
"MaA/ShortSword/Kite/Cloth [(RInd, RProw, NPie, NCun), Nimble]|M5",Man-at-Arms,Short Sword,Kite Shield,Cloth,,False,25,"Immune Blocked,Nimble",900,,False,Animal Husbandry|Armory|Blacksmith|Butchery|Carpentry|Coliseum|Conditioning Field|Furnace|Joinery|Tannery,5,6
"MaA/2HBastard/Gothic [ABFM, (SInd, RProw, NPie, NCun), Nimble, Serr, Temp]|M5",Man-at-Arms,2HBastard,,Gothic Plate,,False,25,"Immune Blocked,Nimble,ABF,Serrated,Tempered",900,,False,ABF|Animal Husbandry|Armory|Blacksmith|Coliseum|Conditioning Field|Forge|Furnace|Gilded Foundry|Master Workshop|Stable|Tannery,5,13
"MaA/Flail/Tower/Chain [(EInd, RProw, NPie, NCun), Nimble]|M5",Man-at-Arms,Flail,Tower Shield,Chainmail,,False,25,"Immune Blocked,Nimble",900,,False,Animal Husbandry|Armory|Blacksmith|Butchery|Carpentry|Coliseum|Conditioning Field|Forge|Furnace|Joinery|Tannery,5,9
"MaA/Arming/Kite/Leather [(EInd, RProw, NPie, NCun), Nimble, Serr]|M5",Man-at-Arms,Arming Sword,Kite Shield,Leather,,False,25,"Immune Blocked,Serrated,Nimble",1200,,False,Animal Husbandry|Armory|Blacksmith|Carpentry|Coliseum|Conditioning Field|Furnace|Joinery|Master Workshop|Tannery,5,9
"MaA/Arming/Tower/Leather [RoPaM, (EInd, SProw, NPie, NCun), Nimble, Riposte]|M5",Man-at-Arms,Arming Sword,Tower Shield,Leather,,False,25,"Immune Blocked,Nimble,Drilled,Riposte,Parry,Improved Parry,Immune Strain",1600,,False,Animal Husbandry|Blacksmith|Carpentry|Coliseum|Conditioning Field|Forge|Furnace|Grand Tournament|Joinery|Royal Pavilion|Tannery|Tiltyard,5,16
"MaA/Daggers/FullPlate [RoPaM, (EInd, SProw, NPie, NCun), Nimble, Riposte, Temp]|M5",Man-at-Arms,Daggers,,Full Plate,,False,25,"Nimble,Parry,Drilled,Improved Parry,Immune Blocked,Riposte,Immune Strain,Tempered",1100,,False,Animal Husbandry|Armory|Blacksmith|Butchery|Coliseum|Conditioning Field|Furnace|Gilded Foundry|Grand Tournament|Royal Pavilion|Tannery|Tiltyard,5,16
"MaA/Morningstar+Crossbow/Tower/Cloth (TY) [RoPaM, (EInd, SProw, NPie, NCun), Florentine, ImmU, Nimble, Riposte]|M5",Man-at-Arms,Morningstar,Tower Shield,Cloth,Crossbow,True,25,"Nimble,Parry,Drilled,Improved Parry,Immune Blocked,Riposte,Immune Strain,Immune Unwieldy,Florentine",1600,,False,Blacksmith|Carpentry|Coliseum|Conditioning Field|Fletchery|Forge|Furnace|Grand Tournament|Joinery|Royal Pavilion|Tiltyard,5,16
"MaA/FarmTools/Cloth [(NInd, RProw, EPie, RCun), Enduring, Nimble, Poison, Rec 6, Recover 7, Recover 8, Shake+1]|M5",Man-at-Arms,Farm Tools,,Cloth,,False,25,"Recover 8,Enduring,Nimble,Poison,Shake +1,Recover 6,Recover 7,Immune Blocked",1800,,False,Academy|Alchemy|Apothecary|Coliseum|Conditioning Field|Herb Garden|Hospitaller|Infirmary|Toxicarium,5,12
"MaA/FarmTools/Buckler/Chain [OuInPoI, (RInd, RProw, NPie, SCun), Nimble]|M5",Man-at-Arms,Farm Tools,Buckler Shield,Chainmail,,False,25,"Immune Blocked,confers:Blocked,Nimble,confers:Strain,Outrider: once",1400,,False,Animal Husbandry|Armory|Blacksmith|Carpentry|Coliseum|Conditioning Field|Furnace|Joinery|Outrider Intercept Post|Tannery,5,16
"MaA/ShortSword/Kite/Leather [(EInd, RProw, NPie, NCun), Nimble, Serr]|M5",Man-at-Arms,Short Sword,Kite Shield,Leather,,False,25,"Immune Blocked,Serrated,Nimble",1200,,False,Animal Husbandry|Armory|Blacksmith|Carpentry|Coliseum|Conditioning Field|Furnace|Joinery|Master Workshop|Tannery,5,9
"MaA/BattleAxe/Leather [(RInd, RProw, NPie, NCun), Nimble, Recover 8]|M5",Man-at-Arms,Battle Axe,,Leather,,False,25,"Immune Blocked,Recover 8,Nimble",1800,,False,Animal Husbandry|Apothecary|Blacksmith|Coliseum|Conditioning Field|Furnace|Herb Garden|Tannery,5,6
"MaA/Arming/Kite/Leather [(RInd, RProw, NPie, NCun), Nimble]|M5",Man-at-Arms,Arming Sword,Kite Shield,Leather,,False,25,"Immune Blocked,Nimble",1400,,False,Animal Husbandry|Armory|Blacksmith|Carpentry|Coliseum|Conditioning Field|Furnace|Joinery|Stable|Tannery,5,6
"MaA/FarmTools/Tower/FullPlate [(EInd, RProw, NPie, NCun), Nimble, Temp]|M5",Man-at-Arms,Farm Tools,Tower Shield,Full Plate,,False,25,"Immune Blocked,Tempered,Nimble",1400,,False,Animal Husbandry|Armory|Blacksmith|Carpentry|Coliseum|Conditioning Field|Forge|Furnace|Gilded Foundry|Joinery|Stable|Tannery,5,9
"MaA/Cudgel/FullPlate [(EInd, RProw, NPie, NCun), Nimble, Recover 8, Temp]|M5",Man-at-Arms,Cudgel,,Full Plate,,False,25,"Immune Blocked,Tempered,Recover 8,Nimble",1600,,False,Animal Husbandry|Apothecary|Armory|Blacksmith|Coliseum|Conditioning Field|Furnace|Gilded Foundry|Herb Garden|Tannery,5,9
"MaA/WarHammer/FullPlate [RoPaI, (EInd, SProw, NPie, NCun), Nimble, Serr, Temp]|M5",Man-at-Arms,War Hammer,,Full Plate,,False,25,"Immune Blocked,Nimble,Parry,Tempered,Serrated,Immune Strain",1400,,False,Animal Husbandry|Armory|Blacksmith|Coliseum|Conditioning Field|Forge|Furnace|Gilded Foundry|Master Workshop|Royal Pavilion|Tannery,5,16
"MaA/Halberd/Leather [(RInd, RProw, NPie, NCun), Nimble, Recover 8]|M5",Man-at-Arms,Halberd,,Leather,,False,25,"Immune Blocked,Recover 8,Nimble",1800,,False,Animal Husbandry|Apothecary|Blacksmith|Coliseum|Conditioning Field|Furnace|Herb Garden|Tannery,5,6
"MaA/2HBastard/Chain [RoPaM, (EInd, SProw, NPie, NCun), Nimble, Riposte]|M5",Man-at-Arms,2HBastard,,Chainmail,,False,25,"Immune Blocked,Nimble,Drilled,Riposte,Parry,Improved Parry,Immune Strain",1600,,False,Animal Husbandry|Armory|Blacksmith|Coliseum|Conditioning Field|Forge|Furnace|Grand Tournament|Royal Pavilion|Stable|Tannery|Tiltyard,5,16
"MaA/WarHammer/Chain [(EInd, RProw, NPie, NCun), Nimble, Recover 8]|M5",Man-at-Arms,War Hammer,,Chainmail,,False,25,"Immune Blocked,Recover 8,Nimble",1600,,False,Animal Husbandry|Apothecary|Armory|Blacksmith|Coliseum|Conditioning Field|Forge|Furnace|Herb Garden|Tannery,5,9
"MaA/FarmTools/Targe/FullPlate [(EInd, RProw, NPie, NCun), Nimble, Serr, Temp]|M5",Man-at-Arms,Farm Tools,Targe Shield,Full Plate,,False,25,"Immune Blocked,Serrated,Tempered,Nimble",1200,,False,Animal Husbandry|Armory|Blacksmith|Carpentry|Coliseum|Conditioning Field|Furnace|Gilded Foundry|Joinery|Master Workshop|Tannery,5,9
"MaA/Arming/Tower/Chain [(EInd, RProw, NPie, NCun), Nimble]|M5",Man-at-Arms,Arming Sword,Tower Shield,Chainmail,,False,25,"Immune Blocked,Nimble",1400,,False,Animal Husbandry|Armory|Blacksmith|Carpentry|Coliseum|Conditioning Field|Forge|Furnace|Joinery|Stable|Tannery,5,9
"MaA/Cavalry Spear/Buckler/Cloth [(RInd, EProw, NPie, NCun), Nimble, Recover 8, Riposte]|M5",Man-at-Arms,Cavalry Spear,Buckler Shield,Cloth,,False,25,"Immune Blocked,Recover 8,Nimble,Riposte,Parry,Improved Parry",1800,,False,Apothecary|Blacksmith|Carpentry|Coliseum|Conditioning Field|Furnace|Grand Tournament|Herb Garden|Joinery,5,9
"MaA/Halberd+HuntBow/Cloth (TY) [(RInd, EProw, NPie, NCun), Florentine, ImmU, Nimble]|M5",Man-at-Arms,Halberd,,Cloth,Hunting Bow,True,25,"Immune Blocked,Nimble,Parry,Immune Unwieldy,Florentine",1800,,False,Blacksmith|Carpentry|Coliseum|Conditioning Field|Fletchery|Furnace|Tiltyard,5,9
"MaA/Daggers/FullPlate [MiMiStI, (EInd, SProw, NPie, NCun), Nimble, Temp]|M5",Man-at-Arms,Daggers,,Full Plate,,False,25,"+1I,Immune Blocked,Nimble,Seize: first,Parry,Tempered,MaxInit3",1100,,False,Animal Husbandry|Armory|Blacksmith|Butchery|Coliseum|Conditioning Field|Furnace|Gilded Foundry|Ministry of Military Strategy|Tannery,5,16
"MaA/WarHammer+Javelin/Cloth (TY) [(EInd, EProw, NPie, NCun), Florentine, ImmU, Nimble]|M5",Man-at-Arms,War Hammer,,Cloth,Javelin,True,25,"Immune Blocked,Nimble,Parry,Immune Unwieldy,Florentine",1800,,False,Blacksmith|Carpentry|Coliseum|Conditioning Field|Fletchery|Forge|Furnace|Tiltyard,5,12
"MaA/WarHammer/Cloth [(EInd, RProw, EPie, NCun), Enduring, Nimble, Rec 6, Recover 7, Recover 8, Shake+1]|M5",Man-at-Arms,War Hammer,,Cloth,,False,25,"Immune Blocked,Recover 8,Nimble,Enduring,Recover 7,Shake +1,Recover 6",1900,,False,Alchemy|Apothecary|Blacksmith|Coliseum|Conditioning Field|Forge|Furnace|Herb Garden|Hospitaller|Infirmary|Stable,5,15
"MaA/ShortSword/Kite/Chain [(EInd, EProw, NPie, NCun), Nimble, Riposte, Serr]|M5",Man-at-Arms,Short Sword,Kite Shield,Chainmail,,False,25,"Immune Blocked,Nimble,Serrated,Riposte,Parry,Improved Parry",1200,,False,Animal Husbandry|Armory|Blacksmith|Carpentry|Coliseum|Conditioning Field|Furnace|Grand Tournament|Joinery|Master Workshop|Tannery,5,12
"MaA/WarHammer/Cloth [(EInd, RProw, EPie, NCun), Enduring, Nimble, Rec 6, Recover 7, Recover 8, Serr, Shake+1]|M5",Man-at-Arms,War Hammer,,Cloth,,False,25,"Recover 8,Nimble,Enduring,Shake +1,Recover 6,Recover 7,Immune Blocked,Serrated",1700,,False,Alchemy|Apothecary|Blacksmith|Coliseum|Conditioning Field|Forge|Furnace|Herb Garden|Hospitaller|Infirmary|Master Workshop,5,15
"MaA/Daggers+Longbow/Cloth (TY) [(EInd, EProw, NPie, NCun), Florentine, ImmU, Nimble, Serr]|M6",Man-at-Arms,Daggers,,Cloth,Longbow,True,25,"Immune Blocked,Florentine,Nimble,Parry,Immune Unwieldy,Serrated",1600,,False,Blacksmith|Carpentry|Coliseum|Conditioning Field|Fletchery|Furnace|Master Workshop|Tiltyard,6,12
"MaA/Morningstar+HuntBow/Tower/Leather (TY) [(EInd, EProw, NPie, NCun), Florentine, ImmU, Nimble]|M6",Man-at-Arms,Morningstar,Tower Shield,Leather,Hunting Bow,True,25,"Immune Blocked,Nimble,Parry,Immune Unwieldy,Florentine",1400,,False,Animal Husbandry|Blacksmith|Carpentry|Coliseum|Conditioning Field|Fletchery|Forge|Furnace|Joinery|Tannery|Tiltyard,6,12
"MaA/Morningstar+Crossbow/Tower/Cloth (TY) [RoPaM, (EInd, SProw, NPie, NCun), Florentine, ImmU, Nimble, Riposte, Serr]|M6",Man-at-Arms,Morningstar,Tower Shield,Cloth,Crossbow,True,25,"Nimble,Parry,Drilled,Improved Parry,Immune Blocked,Riposte,Serrated,Immune Unwieldy,Florentine,Immune Strain",1400,,False,Blacksmith|Carpentry|Coliseum|Conditioning Field|Fletchery|Forge|Furnace|Grand Tournament|Joinery|Master Workshop|Royal Pavilion|Tiltyard,6,16
"MaA/Bastard+Javelin/Tower/Chain (TY) [(EInd, EProw, NPie, NCun), Florentine, ImmU, Nimble]|M6",Man-at-Arms,Bastard Sword,Tower Shield,Chainmail,Javelin,True,25,"Immune Blocked,Nimble,Parry,Immune Unwieldy,Florentine",1200,,False,Animal Husbandry|Armory|Blacksmith|Carpentry|Coliseum|Conditioning Field|Fletchery|Forge|Furnace|Joinery|Tannery|Tiltyard,6,12
"MaA/Morningstar/Heater/Chain [ABFM, (SInd, RProw, NPie, NCun), Nimble, Serr, Temp]|M6",Man-at-Arms,Morningstar,Heater Shield,Chainmail,,False,25,"Immune Blocked,Nimble,ABF,Serrated,Tempered",700,,False,ABF|Animal Husbandry|Armory|Blacksmith|Carpentry|Coliseum|Conditioning Field|Forge|Furnace|Gilded Foundry|Joinery|Master Workshop|Stable|Tannery,6,13
"MaA/ShortSword+Longbow/Tower/Leather (TY) [(EInd, EProw, NPie, NCun), Florentine, ImmU, Nimble]|M6",Man-at-Arms,Short Sword,Tower Shield,Leather,Longbow,True,25,"Immune Blocked,Nimble,Parry,Immune Unwieldy,Florentine",1400,,False,Animal Husbandry|Blacksmith|Carpentry|Coliseum|Conditioning Field|Fletchery|Forge|Furnace|Joinery|Tannery|Tiltyard,6,12
"MaA/Pitchfork+Crossbow/Cloth (TY) [(EInd, EProw, NPie, NCun), Florentine, ImmU, Nimble, Riposte, Serr]|M6",Man-at-Arms,Pitchfork,,Cloth,Crossbow,True,25,"Nimble,Parry,Improved Parry,Immune Blocked,Riposte,Serrated,Immune Unwieldy,Florentine",1600,,False,Blacksmith|Carpentry|Coliseum|Conditioning Field|Fletchery|Forge|Furnace|Grand Tournament|Master Workshop|Tiltyard,6,12
"MaA/ShortSword/Targe/Cloth [OuInPoM, (RInd, RProw, NPie, SCun), Nimble]|M6",Man-at-Arms,Short Sword,Targe Shield,Cloth,,False,25,"Immune Blocked,confers:Blocked,Nimble,confers:Strain,Outrider: every",1800,,False,Blacksmith|Caravanery|Carpentry|Cipher Chamber|Coliseum|Conditioning Field|Furnace|Joinery|Outrider Intercept Post,6,16
"MaA/Lance/Kite/Leather [(EInd, RProw, NPie, NCun), Nimble, Recover 8]|M6",Man-at-Arms,Lance,Kite Shield,Leather,,False,25,"Immune Blocked,Recover 8,Nimble",1400,,False,Animal Husbandry|Apothecary|Armory|Blacksmith|Carpentry|Coliseum|Conditioning Field|Forge|Furnace|Herb Garden|Joinery|Tannery,6,9
"MaA/Flail+Javelin/Tower/FullPlate (TY) [(EInd, EProw, NPie, NCun), Florentine, ImmU, Nimble, Temp]|M6",Man-at-Arms,Flail,Tower Shield,Full Plate,Javelin,True,25,"Immune Blocked,Nimble,Parry,Tempered,Immune Unwieldy,Florentine",1200,,False,Animal Husbandry|Armory|Blacksmith|Carpentry|Coliseum|Conditioning Field|Fletchery|Forge|Furnace|Gilded Foundry|Joinery|Tannery|Tiltyard,6,12
"MaA/BattleAxe+Crossbow/Chain (TY) [(EInd, EProw, NPie, NCun), Florentine, ImmU, Nimble, Riposte]|M6",Man-at-Arms,Battle Axe,,Chainmail,Crossbow,True,25,"Immune Blocked,Florentine,Nimble,Riposte,Parry,Immune Unwieldy,Improved Parry",1400,,False,Animal Husbandry|Armory|Blacksmith|Carpentry|Coliseum|Conditioning Field|Fletchery|Forge|Furnace|Grand Tournament|Tannery|Tiltyard,6,12
"MaA/Arming/Tower/Gothic [ABFM, (SInd, RProw, NPie, NCun), Nimble, Serr, Temp]|M6",Man-at-Arms,Arming Sword,Tower Shield,Gothic Plate,,False,25,"Immune Blocked,Nimble,ABF,Serrated,Tempered",700,,False,ABF|Animal Husbandry|Armory|Blacksmith|Carpentry|Coliseum|Conditioning Field|Forge|Furnace|Gilded Foundry|Joinery|Master Workshop|Stable|Tannery,6,13
"MaA/ShortSword/Targe/Cloth [(EInd, RProw, EPie, NCun), Enduring, Nimble, Rec 6, Recover 7, Recover 8, Serr, Shake+1]|M6",Man-at-Arms,Short Sword,Targe Shield,Cloth,,False,25,"Recover 8,Nimble,Enduring,Shake +1,Recover 6,Recover 7,Immune Blocked,Serrated",1500,,False,Alchemy|Apothecary|Blacksmith|Carpentry|Coliseum|Conditioning Field|Furnace|Herb Garden|Hospitaller|Infirmary|Joinery|Master Workshop,6,15
"MaA/Lance/Kite/Cloth [(EInd, RProw, NPie, NCun), Nimble, Recover 8]|M6",Man-at-Arms,Lance,Kite Shield,Cloth,,False,25,"Immune Blocked,Recover 8,Nimble",1400,,False,Apothecary|Armory|Blacksmith|Carpentry|Coliseum|Conditioning Field|Forge|Furnace|Herb Garden|Joinery|Tannery,6,9
"MaA/2HBastard+Crossbow/Chain (TY) [(EInd, EProw, NPie, NCun), Florentine, ImmU, Nimble, Riposte]|M6",Man-at-Arms,2HBastard,,Chainmail,Crossbow,True,25,"Immune Blocked,Florentine,Nimble,Riposte,Parry,Immune Unwieldy,Improved Parry",1400,,False,Animal Husbandry|Armory|Blacksmith|Carpentry|Coliseum|Conditioning Field|Fletchery|Forge|Furnace|Grand Tournament|Tannery|Tiltyard,6,12
"MaA/Lance/Targe/FullPlate [MiMiStI, (EInd, SProw, NPie, NCun), Nimble, Temp]|M6",Man-at-Arms,Lance,Targe Shield,Full Plate,,False,25,"+1I,Immune Blocked,Nimble,Seize: first,Parry,Tempered,MaxInit3",900,,False,Animal Husbandry|Armory|Blacksmith|Butchery|Carpentry|Coliseum|Conditioning Field|Forge|Furnace|Gilded Foundry|Joinery|Ministry of Military Strategy|Tannery,6,16
"MaA/Flail+Longbow/Tower/Chain (TY) [(EInd, EProw, NPie, NCun), Florentine, ImmU, Nimble]|M6",Man-at-Arms,Flail,Tower Shield,Chainmail,Longbow,True,25,"Immune Blocked,Nimble,Parry,Immune Unwieldy,Florentine",1200,,False,Animal Husbandry|Armory|Blacksmith|Carpentry|Coliseum|Conditioning Field|Fletchery|Forge|Furnace|Joinery|Tannery|Tiltyard,6,12
"MaA/Morningstar/Tower/Gothic [ABFM, (SInd, RProw, NPie, NCun), Nimble, Serr, Temp]|M6",Man-at-Arms,Morningstar,Tower Shield,Gothic Plate,,False,25,"Immune Blocked,Nimble,ABF,Serrated,Tempered",700,,False,ABF|Animal Husbandry|Armory|Blacksmith|Carpentry|Coliseum|Conditioning Field|Forge|Furnace|Gilded Foundry|Joinery|Master Workshop|Stable|Tannery,6,13
"MaA/BattleAxe+Longbow/Leather (TY) [RoPaM, (RInd, SProw, NPie, NCun), Florentine, ImmU, Nimble, Riposte]|M6",Man-at-Arms,Battle Axe,,Leather,Longbow,True,25,"Nimble,Parry,Drilled,Improved Parry,Immune Blocked,Riposte,Immune Strain,Immune Unwieldy,Florentine",1600,,False,Animal Husbandry|Blacksmith|Carpentry|Coliseum|Conditioning Field|Fletchery|Furnace|Grand Tournament|Royal Pavilion|Tannery|Tiltyard,6,13
"MaA/Pitchfork+Javelin/Cloth (TY) [(EInd, EProw, NPie, NCun), Florentine, ImmU, Nimble, Serr]|M6",Man-at-Arms,Pitchfork,,Cloth,Javelin,True,25,"Immune Blocked,Florentine,Nimble,Parry,Immune Unwieldy,Serrated",1600,,False,Blacksmith|Carpentry|Coliseum|Conditioning Field|Fletchery|Furnace|Master Workshop|Tiltyard,6,12
"MaA/Flail+Longbow/Tower/FullPlate (TY) [(EInd, EProw, NPie, NCun), Florentine, ImmU, Nimble, Temp]|M6",Man-at-Arms,Flail,Tower Shield,Full Plate,Longbow,True,25,"Immune Blocked,Nimble,Parry,Tempered,Immune Unwieldy,Florentine",1200,,False,Animal Husbandry|Armory|Blacksmith|Carpentry|Coliseum|Conditioning Field|Fletchery|Forge|Furnace|Gilded Foundry|Joinery|Tannery|Tiltyard,6,12
"MaA/Bastard+Longbow/Tower/FullPlate (TY) [(EInd, EProw, NPie, NCun), Florentine, ImmU, Nimble, Temp]|M6",Man-at-Arms,Bastard Sword,Tower Shield,Full Plate,Longbow,True,25,"Immune Blocked,Nimble,Parry,Tempered,Immune Unwieldy,Florentine",1200,,False,Animal Husbandry|Armory|Blacksmith|Carpentry|Coliseum|Conditioning Field|Fletchery|Forge|Furnace|Gilded Foundry|Joinery|Tannery|Tiltyard,6,12
"MaA/FarmTools/Buckler/Leather [(RInd, RProw, EPie, NCun), Enduring, Nimble, Rec 6, Recover 7, Recover 8, Shake+1]|M6",Man-at-Arms,Farm Tools,Buckler Shield,Leather,,False,25,"Immune Blocked,Recover 8,Nimble,Enduring,Recover 7,Shake +1,Recover 6",1000,,False,Alchemy|Animal Husbandry|Apothecary|Butchery|Carpentry|Coliseum|Conditioning Field|Herb Garden|Hospitaller|Infirmary|Joinery|Tannery,6,12
"MaA/Longbow/Cloth [(NInd, EProw, NPie, NCun), Florentine, ImmU, Nimble]|M6",Man-at-Arms,Farm Tools,,Cloth,Longbow,True,25,"Immune Blocked,Nimble,Parry,Immune Unwieldy,Florentine",1800,,False,Carpentry|Coliseum|Conditioning Field|Fletchery|Furnace|Stable|Tiltyard,6,6
"MaA/Arming+Longbow/Tower/Cloth (TY) [(EInd, EProw, NPie, NCun), Florentine, ImmU, Nimble]|M6",Man-at-Arms,Arming Sword,Tower Shield,Cloth,Longbow,True,25,"Immune Blocked,Nimble,Parry,Immune Unwieldy,Florentine",1600,,False,Blacksmith|Carpentry|Coliseum|Conditioning Field|Fletchery|Forge|Furnace|Joinery|Stable|Tiltyard,6,12
"MaA/Flail+Longbow/Kite/FullPlate (TY) [(EInd, EProw, NPie, NCun), Florentine, ImmU, Nimble, Temp]|M6",Man-at-Arms,Flail,Kite Shield,Full Plate,Longbow,True,25,"Immune Blocked,Nimble,Parry,Tempered,Immune Unwieldy,Florentine",1200,,False,Animal Husbandry|Armory|Blacksmith|Carpentry|Coliseum|Conditioning Field|Fletchery|Furnace|Gilded Foundry|Joinery|Tannery|Tiltyard,6,12
"MaA/Bastard/Tower/Cloth [(EInd, RProw, EPie, NCun), Enduring, Nimble, Rec 6, Recover 7, Recover 8, Shake+1]|M6",Man-at-Arms,Bastard Sword,Tower Shield,Cloth,,False,25,"Immune Blocked,Recover 8,Nimble,Enduring,Recover 7,Shake +1,Recover 6",1700,,False,Alchemy|Apothecary|Blacksmith|Carpentry|Coliseum|Conditioning Field|Forge|Furnace|Herb Garden|Hospitaller|Infirmary|Joinery|Stable,6,15
"MaA/ShortSword/Kite/Chain [RoPaI, (EInd, SProw, NPie, NCun), Nimble, Serr]|M6",Man-at-Arms,Short Sword,Kite Shield,Chainmail,,False,25,"Immune Blocked,Nimble,Parry,Serrated,Immune Strain",1200,,False,Animal Husbandry|Armory|Blacksmith|Carpentry|Coliseum|Conditioning Field|Furnace|Joinery|Master Workshop|Royal Pavilion|Tannery,6,16
"MaA/ShortSword+Longbow/Targe/Leather (TY) [RoPaM, (RInd, SProw, NPie, NCun), Florentine, ImmU, Nimble, Riposte]|M6",Man-at-Arms,Short Sword,Targe Shield,Leather,Longbow,True,25,"Nimble,Parry,Drilled,Improved Parry,Immune Blocked,Riposte,Immune Strain,Immune Unwieldy,Florentine",1400,,False,Animal Husbandry|Blacksmith|Carpentry|Coliseum|Conditioning Field|Fletchery|Furnace|Grand Tournament|Joinery|Royal Pavilion|Tannery|Tiltyard,6,13
"MaA/2HBastard+Javelin/FullPlate (TY) [(EInd, EProw, NPie, NCun), Florentine, ImmU, Nimble, Temp]|M6",Man-at-Arms,2HBastard,,Full Plate,Javelin,True,25,"Immune Blocked,Nimble,Parry,Tempered,Immune Unwieldy,Florentine",1400,,False,Animal Husbandry|Armory|Blacksmith|Carpentry|Coliseum|Conditioning Field|Fletchery|Forge|Furnace|Gilded Foundry|Tannery|Tiltyard,6,12
"MaA/FarmTools/Gothic [ABFM, (SInd, RProw, NPie, NCun), Nimble, Serr, Temp]|M6",Man-at-Arms,Farm Tools,,Gothic Plate,,False,25,"Immune Blocked,Nimble,ABF,Serrated,Tempered",900,,False,ABF|Animal Husbandry|Armory|Blacksmith|Coliseum|Conditioning Field|Furnace|Gilded Foundry|Master Workshop|Stable|Tannery,6,13
"MaA/ShortSword+HuntBow/Tower/FullPlate (TY) [(EInd, EProw, NPie, NCun), Florentine, ImmU, Nimble, Temp]|M6",Man-at-Arms,Short Sword,Tower Shield,Full Plate,Hunting Bow,True,25,"Immune Blocked,Nimble,Parry,Tempered,Immune Unwieldy,Florentine",1200,,False,Animal Husbandry|Armory|Blacksmith|Carpentry|Coliseum|Conditioning Field|Fletchery|Forge|Furnace|Gilded Foundry|Joinery|Tannery|Tiltyard,6,12
"MaA/ShortSword+HuntBow/Tower/Cloth (TY) [RoPaI, (EInd, SProw, NPie, NCun), Florentine, ImmU, Nimble]|M6",Man-at-Arms,Short Sword,Tower Shield,Cloth,Hunting Bow,True,25,"Immune Blocked,Nimble,Parry,Immune Unwieldy,Florentine,Immune Strain",1600,,False,Blacksmith|Carpentry|Coliseum|Conditioning Field|Fletchery|Forge|Furnace|Joinery|Royal Pavilion|Tiltyard,6,16
"MaA/Lance/Buckler/Cloth [MiMiStM, (EInd, SProw, NPie, NCun), Nimble, Serr]|M6",Man-at-Arms,Lance,Buckler Shield,Cloth,,False,25,"Nimble,Seize: first,Parry,MaxInit3,Improved Parry,+1I,Immune Blocked,Crit 7,Serrated",1600,,False,Blacksmith|Carpentry|Coliseum|Conditioning Field|Forge|Furnace|Joinery|Master Workshop|Ministry of Military Strategy|University|War College,6,16
"MaA/FarmTools/Tower/FullPlate [MiMiStI, (EInd, SProw, NPie, NCun), Nimble, Temp]|M6",Man-at-Arms,Farm Tools,Tower Shield,Full Plate,,False,25,"+1I,Immune Blocked,Nimble,Seize: first,Parry,Tempered,MaxInit3",1400,,False,Animal Husbandry|Armory|Blacksmith|Carpentry|Coliseum|Conditioning Field|Forge|Furnace|Gilded Foundry|Joinery|Ministry of Military Strategy|Stable|Tannery,6,16
"MaA/Cudgel+Javelin/Chain (TY) [(RInd, EProw, NPie, NCun), Florentine, ImmU, Nimble]|M6",Man-at-Arms,Cudgel,,Chainmail,Javelin,True,25,"Immune Blocked,Nimble,Parry,Immune Unwieldy,Florentine",1400,,False,Animal Husbandry|Armory|Blacksmith|Carpentry|Coliseum|Conditioning Field|Fletchery|Furnace|Tannery|Tiltyard,6,9
"MaA/Spears+HuntBow/Leather (TY) [(NInd, EProw, NPie, NCun), Florentine, ImmU, Nimble]|M6",Man-at-Arms,Spears,,Leather,Hunting Bow,True,25,"Immune Blocked,Nimble,Parry,Immune Unwieldy,Florentine",1600,,False,Animal Husbandry|Carpentry|Coliseum|Conditioning Field|Fletchery|Furnace|Tannery|Tiltyard,6,6
"MaA/Arming/FullPlate (DW) [(EInd, EProw, NPie, NCun), DW, Florentine, ImmU, Nimble, Temp]|M6",Man-at-Arms,Arming Sword,,Full Plate,,True,25,"Immune Blocked,Nimble,Dual Wield,Parry,Tempered,Immune Unwieldy,Florentine",1600,,False,Animal Husbandry|Armory|Blacksmith|Carpentry|Coliseum|Conditioning Field|Fletchery|Furnace|Gilded Foundry|Tannery|Tiltyard,6,12
"MaA/Poleaxe/Cloth [ABFM, (SInd, RProw, NPie, NCun), Nimble, Serr, Temp]|M6",Man-at-Arms,Poleaxe,,Cloth,,False,25,"Immune Blocked,Nimble,ABF,Serrated,Tempered",400,,False,ABF|Animal Husbandry|Armory|Blacksmith|Butchery|Coliseum|Conditioning Field|Forge|Furnace|Gilded Foundry|Master Workshop|Stable|Tannery,6,13
"MaA/Halberd+Javelin/Leather (TY) [(RInd, EProw, NPie, NCun), Florentine, ImmU, Nimble]|M6",Man-at-Arms,Halberd,,Leather,Javelin,True,25,"Immune Blocked,Nimble,Parry,Immune Unwieldy,Florentine",1600,,False,Animal Husbandry|Blacksmith|Carpentry|Coliseum|Conditioning Field|Fletchery|Furnace|Tannery|Tiltyard,6,9
"MaA/Pike+HuntBow/Cloth (TY) [(RInd, EProw, NPie, NCun), Florentine, ImmU, Nimble]|M6",Man-at-Arms,Pike,,Cloth,Hunting Bow,True,25,"Immune Blocked,Nimble,Parry,Immune Unwieldy,Florentine",1800,,False,Blacksmith|Carpentry|Coliseum|Conditioning Field|Fletchery|Furnace|Stable|Tiltyard,6,9
"MaA/Flail/Chain (DW) [(RInd, EProw, NPie, NCun), DW, Florentine, ImmU, Nimble]|M6",Man-at-Arms,Flail,,Chainmail,,True,25,"Immune Blocked,Nimble,Dual Wield,Parry,Immune Unwieldy,Florentine",1600,,False,Animal Husbandry|Armory|Blacksmith|Carpentry|Coliseum|Conditioning Field|Fletchery|Furnace|Tannery|Tiltyard,6,9
"MaA/FarmTools/Targe/Cloth [(RInd, RProw, EPie, NCun), Enduring, Nimble, Rec 6, Recover 7, Recover 8, Shake+1]|M6",Man-at-Arms,Farm Tools,Targe Shield,Cloth,,False,25,"Immune Blocked,Recover 8,Nimble,Enduring,Recover 7,Shake +1,Recover 6",1700,,False,Alchemy|Apothecary|Blacksmith|Carpentry|Coliseum|Conditioning Field|Furnace|Herb Garden|Hospitaller|Infirmary|Joinery|Stable,6,12
"MaA/Cudgel+Longbow/Chain (TY) [(RInd, EProw, NPie, NCun), Florentine, ImmU, Nimble]|M6",Man-at-Arms,Cudgel,,Chainmail,Longbow,True,25,"Immune Blocked,Nimble,Parry,Immune Unwieldy,Florentine",1400,,False,Animal Husbandry|Armory|Blacksmith|Carpentry|Coliseum|Conditioning Field|Fletchery|Furnace|Tannery|Tiltyard,6,9
"MaA/Halberd/Cloth [(EInd, RProw, EPie, NCun), Enduring, Nimble, Rec 6, Recover 7, Recover 8, Serr, Shake+1]|M6",Man-at-Arms,Halberd,,Cloth,,False,25,"Recover 8,Enduring,Nimble,Shake +1,Recover 6,Recover 7,Immune Blocked,Serrated",1700,,False,Alchemy|Apothecary|Blacksmith|Coliseum|Conditioning Field|Furnace|Herb Garden|Hospitaller|Infirmary|Master Workshop|Stable,6,15
"MaA/ShortSword+Longbow/Tower/Cloth (TY) [(EInd, EProw, NPie, NCun), Florentine, ImmU, Nimble]|M6",Man-at-Arms,Short Sword,Tower Shield,Cloth,Longbow,True,25,"Immune Blocked,Nimble,Parry,Immune Unwieldy,Florentine",1600,,False,Blacksmith|Carpentry|Coliseum|Conditioning Field|Fletchery|Forge|Furnace|Joinery|Stable|Tiltyard,6,12
"MaA/Bastard+Longbow/Tower/Chain (TY) [(EInd, EProw, NPie, NCun), Florentine, ImmU, Nimble]|M6",Man-at-Arms,Bastard Sword,Tower Shield,Chainmail,Longbow,True,25,"Immune Blocked,Nimble,Parry,Immune Unwieldy,Florentine",1200,,False,Animal Husbandry|Armory|Blacksmith|Carpentry|Coliseum|Conditioning Field|Fletchery|Forge|Furnace|Joinery|Tannery|Tiltyard,6,12
"MaA/WarHammer/Cloth [(EInd, RProw, EPie, NCun), Enduring, Nimble, Rec 6, Recover 7, Recover 8, Serr, Shake+1]|M6",Man-at-Arms,War Hammer,,Cloth,,False,25,"Recover 8,Nimble,Enduring,Shake +1,Recover 6,Recover 7,Immune Blocked,Serrated",1700,,False,Alchemy|Apothecary|Blacksmith|Coliseum|Conditioning Field|Forge|Furnace|Herb Garden|Hospitaller|Infirmary|Master Workshop|Stable,6,15
"MaA/WarHammer+Crossbow/Leather (TY) [(EInd, EProw, NPie, NCun), Florentine, ImmU, Nimble]|M6",Man-at-Arms,War Hammer,,Leather,Crossbow,True,25,"Immune Blocked,Nimble,Parry,Immune Unwieldy,Florentine",1600,,False,Animal Husbandry|Blacksmith|Carpentry|Coliseum|Conditioning Field|Fletchery|Forge|Furnace|Tannery|Tiltyard,6,12
"MaA/FarmTools/Kite/Chain [(RInd, EProw, NPie, NCun), Nimble, Recover 8, Riposte]|M6",Man-at-Arms,Farm Tools,Kite Shield,Chainmail,,False,25,"Immune Blocked,Recover 8,Nimble,Riposte,Parry,Improved Parry",1400,,False,Animal Husbandry|Apothecary|Armory|Blacksmith|Carpentry|Coliseum|Conditioning Field|Furnace|Grand Tournament|Herb Garden|Joinery|Tannery,6,9
"MaA/Poleaxe/Chain [ABFM, (SInd, RProw, NPie, NCun), Nimble, Serr, Temp]|M6",Man-at-Arms,Poleaxe,,Chainmail,,False,25,"Immune Blocked,Nimble,ABF,Serrated,Tempered",400,,False,ABF|Animal Husbandry|Armory|Blacksmith|Butchery|Coliseum|Conditioning Field|Forge|Furnace|Gilded Foundry|Master Workshop|Stable|Tannery,6,13
"MaA/Pike+Javelin/Chain (TY) [(RInd, EProw, NPie, NCun), Florentine, ImmU, Nimble]|M6",Man-at-Arms,Pike,,Chainmail,Javelin,True,25,"Immune Blocked,Nimble,Parry,Immune Unwieldy,Florentine",1400,,False,Animal Husbandry|Armory|Blacksmith|Carpentry|Coliseum|Conditioning Field|Fletchery|Furnace|Tannery|Tiltyard,6,9
"MaA/Pike/FullPlate [(EInd, RProw, EPie, NCun), Enduring, Nimble, Rec 6, Recover 7, Recover 8, Shake+1, Temp]|M6",Man-at-Arms,Pike,,Full Plate,,False,25,"Recover 8,Nimble,Enduring,Shake +1,Recover 6,Recover 7,Immune Blocked,Tempered",1000,,False,Alchemy|Animal Husbandry|Apothecary|Armory|Blacksmith|Butchery|Coliseum|Conditioning Field|Furnace|Gilded Foundry|Herb Garden|Hospitaller|Infirmary|Tannery,6,15
"MaA/Spears+Longbow/Cloth (TY) [(NInd, EProw, NPie, NCun), Florentine, ImmU, Nimble, Riposte]|M6",Man-at-Arms,Spears,,Cloth,Longbow,True,25,"Immune Blocked,Florentine,Nimble,Riposte,Parry,Immune Unwieldy,Improved Parry",1800,,False,Carpentry|Coliseum|Conditioning Field|Fletchery|Furnace|Grand Tournament|Stable|Tiltyard,6,6
"MaA/Arming+Longbow/Tower/Chain (TY) [(EInd, EProw, NPie, NCun), Florentine, ImmU, Nimble]|M6",Man-at-Arms,Arming Sword,Tower Shield,Chainmail,Longbow,True,25,"Immune Blocked,Nimble,Parry,Immune Unwieldy,Florentine",1200,,False,Animal Husbandry|Armory|Blacksmith|Carpentry|Coliseum|Conditioning Field|Fletchery|Forge|Furnace|Joinery|Tannery|Tiltyard,6,12
"MaA/2HBastard+HuntBow/FullPlate (TY) [(EInd, EProw, NPie, NCun), Florentine, ImmU, Nimble, Temp]|M6",Man-at-Arms,2HBastard,,Full Plate,Hunting Bow,True,25,"Immune Blocked,Nimble,Parry,Tempered,Immune Unwieldy,Florentine",1400,,False,Animal Husbandry|Armory|Blacksmith|Carpentry|Coliseum|Conditioning Field|Fletchery|Forge|Furnace|Gilded Foundry|Tannery|Tiltyard,6,12
"MaA/ShortSword+Javelin/Kite/Chain (TY) [(RInd, EProw, NPie, NCun), Florentine, ImmU, Nimble]|M6",Man-at-Arms,Short Sword,Kite Shield,Chainmail,Javelin,True,25,"Immune Blocked,Nimble,Parry,Immune Unwieldy,Florentine",1200,,False,Animal Husbandry|Armory|Blacksmith|Carpentry|Coliseum|Conditioning Field|Fletchery|Furnace|Joinery|Tannery|Tiltyard,6,9
"MaA/WarHammer+Crossbow/Chain (TY) [(EInd, EProw, NPie, NCun), Florentine, ImmU, Nimble]|M6",Man-at-Arms,War Hammer,,Chainmail,Crossbow,True,25,"Immune Blocked,Nimble,Parry,Immune Unwieldy,Florentine",1400,,False,Animal Husbandry|Armory|Blacksmith|Carpentry|Coliseum|Conditioning Field|Fletchery|Forge|Furnace|Tannery|Tiltyard,6,12
"MaA/Flail/Cloth (DW) [RoPaI, (RInd, SProw, NPie, NCun), DW, Florentine, ImmU, Nimble]|M6",Man-at-Arms,Flail,,Cloth,,True,25,"Immune Blocked,Nimble,Dual Wield,Parry,Immune Unwieldy,Florentine,Immune Strain",2000,,False,Blacksmith|Carpentry|Coliseum|Conditioning Field|Fletchery|Furnace|Royal Pavilion|Tiltyard,6,13
"MaA/Flail+Crossbow/FullPlate (TY) [(EInd, EProw, NPie, NCun), Florentine, ImmU, Nimble, Temp]|M6",Man-at-Arms,Flail,,Full Plate,Crossbow,True,25,"Immune Blocked,Nimble,Parry,Tempered,Immune Unwieldy,Florentine",1400,,False,Animal Husbandry|Armory|Blacksmith|Carpentry|Coliseum|Conditioning Field|Fletchery|Forge|Furnace|Gilded Foundry|Tannery|Tiltyard,6,12
"MaA/Bastard+Javelin/Tower/Cloth (TY) [(EInd, EProw, NPie, NCun), Florentine, ImmU, Nimble]|M6",Man-at-Arms,Bastard Sword,Tower Shield,Cloth,Javelin,True,25,"Immune Blocked,Nimble,Parry,Immune Unwieldy,Florentine",1600,,False,Blacksmith|Carpentry|Coliseum|Conditioning Field|Fletchery|Forge|Furnace|Joinery|Stable|Tiltyard,6,12
"MaA/Spears+Javelin/FullPlate (TY) [RoPaM, (EInd, SProw, NPie, NCun), Florentine, ImmU, Nimble, Riposte, Temp]|M6",Man-at-Arms,Spears,,Full Plate,Javelin,True,25,"Nimble,Parry,Drilled,Improved Parry,Immune Blocked,Riposte,Immune Strain,Tempered,Immune Unwieldy,Florentine",1400,,False,Animal Husbandry|Armory|Blacksmith|Carpentry|Coliseum|Conditioning Field|Fletchery|Furnace|Gilded Foundry|Grand Tournament|Royal Pavilion|Tannery|Tiltyard,6,16
"MaA/Flail+Longbow/Kite/FullPlate (TY) [(EInd, EProw, NPie, NCun), Florentine, ImmU, Nimble, Riposte, Temp]|M6",Man-at-Arms,Flail,Kite Shield,Full Plate,Longbow,True,25,"Nimble,Improved Parry,Immune Blocked,Riposte,Parry,Tempered,Immune Unwieldy,Florentine",1200,,False,Animal Husbandry|Armory|Blacksmith|Carpentry|Coliseum|Conditioning Field|Fletchery|Furnace|Gilded Foundry|Grand Tournament|Joinery|Tannery|Tiltyard,6,12
"MaA/WarHammer/Chain [(EInd, RProw, EPie, NCun), Enduring, Nimble, Rec 6, Recover 7, Recover 8, Shake+1]|M6",Man-at-Arms,War Hammer,,Chainmail,,False,25,"Immune Blocked,Recover 8,Nimble,Enduring,Recover 7,Shake +1,Recover 6",1500,,False,Alchemy|Animal Husbandry|Apothecary|Armory|Blacksmith|Coliseum|Conditioning Field|Forge|Furnace|Herb Garden|Hospitaller|Infirmary|Stable|Tannery,6,15
"MaA/ShortSword/Targe/Leather [(RInd, RProw, NPie, NCun), Nimble, Recover 8]|M6",Man-at-Arms,Short Sword,Targe Shield,Leather,,False,25,"Immune Blocked,Recover 8,Nimble",1600,,False,Animal Husbandry|Apothecary|Blacksmith|Carpentry|Coliseum|Conditioning Field|Furnace|Herb Garden|Joinery|Tannery,6,6
"MaA/Pike/FullPlate [OuInPoI, (EInd, RProw, NPie, SCun), Nimble, Recover 8, Temp]|M6",Man-at-Arms,Pike,,Full Plate,,False,25,"Immune Blocked,confers:Blocked,Recover 8,Nimble,confers:Strain,Outrider: once,Tempered",1600,,False,Animal Husbandry|Apothecary|Armory|Blacksmith|Coliseum|Conditioning Field|Furnace|Gilded Foundry|Herb Garden|Outrider Intercept Post|Tannery,6,19
"MaA/Bastard+HuntBow/Tower/FullPlate (TY) [(EInd, EProw, NPie, NCun), Florentine, ImmU, Nimble, Temp]|M6",Man-at-Arms,Bastard Sword,Tower Shield,Full Plate,Hunting Bow,True,25,"Immune Blocked,Nimble,Parry,Tempered,Immune Unwieldy,Florentine",1200,,False,Animal Husbandry|Armory|Blacksmith|Carpentry|Coliseum|Conditioning Field|Fletchery|Forge|Furnace|Gilded Foundry|Joinery|Tannery|Tiltyard,6,12
"MaA/WarHammer+Longbow/Leather (TY) [(EInd, EProw, NPie, NCun), Florentine, ImmU, Nimble]|M6",Man-at-Arms,War Hammer,,Leather,Longbow,True,25,"Immune Blocked,Nimble,Parry,Immune Unwieldy,Florentine",1600,,False,Animal Husbandry|Blacksmith|Carpentry|Coliseum|Conditioning Field|Fletchery|Forge|Furnace|Tannery|Tiltyard,6,12
"MaA/Morningstar/Tower/Chain [(EInd, RProw, NPie, NCun), Nimble, Recover 8]|M6",Man-at-Arms,Morningstar,Tower Shield,Chainmail,,False,25,"Immune Blocked,Recover 8,Nimble",1400,,False,Animal Husbandry|Apothecary|Armory|Blacksmith|Carpentry|Coliseum|Conditioning Field|Forge|Furnace|Herb Garden|Joinery|Tannery,6,9
"MaA/Cavalry Spear/Kite/Cloth [(RInd, RProw, NPie, NCun), Nimble, Recover 8]|M6",Man-at-Arms,Cavalry Spear,Kite Shield,Cloth,,False,25,"Immune Blocked,Recover 8,Nimble",1400,,False,Apothecary|Armory|Blacksmith|Carpentry|Coliseum|Conditioning Field|Furnace|Herb Garden|Joinery|Tannery,6,6
"MaA/ShortSword/Kite/Leather [(RInd, RProw, NPie, NCun), Nimble, Recover 8]|M6",Man-at-Arms,Short Sword,Kite Shield,Leather,,False,25,"Immune Blocked,Recover 8,Nimble",1400,,False,Animal Husbandry|Apothecary|Armory|Blacksmith|Carpentry|Coliseum|Conditioning Field|Furnace|Herb Garden|Joinery|Tannery,6,6
"MaA/Pike+Crossbow/Chain (TY) [(EInd, EProw, NPie, NCun), Florentine, ImmU, Nimble]|M6",Man-at-Arms,Pike,,Chainmail,Crossbow,True,25,"Immune Blocked,Nimble,Parry,Immune Unwieldy,Florentine",1400,,False,Animal Husbandry|Armory|Blacksmith|Carpentry|Coliseum|Conditioning Field|Fletchery|Forge|Furnace|Tannery|Tiltyard,6,12
"MaA/FarmTools/Targe/Chain [RoPaM, (EInd, SProw, NPie, NCun), Nimble, Riposte, Serr]|M6",Man-at-Arms,Farm Tools,Targe Shield,Chainmail,,False,25,"Nimble,Parry,Drilled,Improved Parry,Immune Blocked,Riposte,Serrated,Immune Strain",1200,,False,Animal Husbandry|Armory|Blacksmith|Carpentry|Coliseum|Conditioning Field|Furnace|Grand Tournament|Joinery|Master Workshop|Royal Pavilion|Tannery|Tiltyard,6,16
"MaA/Cudgel+Crossbow/Leather (TY) [(EInd, EProw, NPie, NCun), Florentine, ImmU, Nimble]|M6",Man-at-Arms,Cudgel,,Leather,Crossbow,True,25,"Immune Blocked,Nimble,Parry,Immune Unwieldy,Florentine",1600,,False,Animal Husbandry|Blacksmith|Carpentry|Coliseum|Conditioning Field|Fletchery|Forge|Furnace|Tannery|Tiltyard,6,12
"MaA/Morningstar+Crossbow/Chain (TY) [(EInd, EProw, NPie, NCun), Florentine, ImmU, Nimble]|M6",Man-at-Arms,Morningstar,,Chainmail,Crossbow,True,25,"Immune Blocked,Nimble,Parry,Immune Unwieldy,Florentine",1400,,False,Animal Husbandry|Armory|Blacksmith|Carpentry|Coliseum|Conditioning Field|Fletchery|Forge|Furnace|Tannery|Tiltyard,6,12
"MaA/ShortSword/Tower/Leather [(EInd, RProw, NPie, NCun), Nimble, Recover 8]|M6",Man-at-Arms,Short Sword,Tower Shield,Leather,,False,25,"Immune Blocked,Recover 8,Nimble",1600,,False,Animal Husbandry|Apothecary|Blacksmith|Carpentry|Coliseum|Conditioning Field|Forge|Furnace|Herb Garden|Joinery|Tannery,6,9
"MaA/Bastard/Tower/Cloth [(EInd, RProw, EPie, NCun), Enduring, Nimble, Rec 6, Recover 7, Recover 8, Serr, Shake+1]|M6",Man-at-Arms,Bastard Sword,Tower Shield,Cloth,,False,25,"Recover 8,Nimble,Enduring,Shake +1,Recover 6,Recover 7,Immune Blocked,Serrated",1500,,False,Alchemy|Apothecary|Blacksmith|Carpentry|Coliseum|Conditioning Field|Forge|Furnace|Herb Garden|Hospitaller|Infirmary|Joinery|Master Workshop,6,15
"MaA/Daggers+HuntBow/Chain (TY) [(RInd, EProw, NPie, NCun), Florentine, ImmU, Nimble, Riposte]|M6",Man-at-Arms,Daggers,,Chainmail,Hunting Bow,True,25,"Immune Blocked,Florentine,Nimble,Riposte,Parry,Immune Unwieldy,Improved Parry",1400,,False,Animal Husbandry|Armory|Blacksmith|Carpentry|Coliseum|Conditioning Field|Fletchery|Furnace|Grand Tournament|Tannery|Tiltyard,6,9
"MaA/Arming+Longbow/Kite/FullPlate (TY) [(EInd, EProw, NPie, NCun), Florentine, ImmU, Nimble, Temp]|M6",Man-at-Arms,Arming Sword,Kite Shield,Full Plate,Longbow,True,25,"Immune Blocked,Nimble,Parry,Tempered,Immune Unwieldy,Florentine",1200,,False,Animal Husbandry|Armory|Blacksmith|Carpentry|Coliseum|Conditioning Field|Fletchery|Furnace|Gilded Foundry|Joinery|Tannery|Tiltyard,6,12
"MaA/Spears+Longbow/Cloth (TY) [RoPaM, (EInd, SProw, NPie, NCun), Florentine, ImmU, Nimble, Riposte, Serr]|M6",Man-at-Arms,Spears,,Cloth,Longbow,True,25,"Nimble,Parry,Drilled,Improved Parry,Immune Blocked,Riposte,Serrated,Immune Unwieldy,Florentine,Immune Strain",1600,,False,Blacksmith|Carpentry|Coliseum|Conditioning Field|Fletchery|Furnace|Grand Tournament|Master Workshop|Royal Pavilion|Tiltyard,6,16
"MaA/ShortSword+HuntBow/Tower/Leather (TY) [(EInd, EProw, NPie, NCun), Florentine, ImmU, Nimble]|M6",Man-at-Arms,Short Sword,Tower Shield,Leather,Hunting Bow,True,25,"Immune Blocked,Nimble,Parry,Immune Unwieldy,Florentine",1400,,False,Animal Husbandry|Blacksmith|Carpentry|Coliseum|Conditioning Field|Fletchery|Forge|Furnace|Joinery|Tannery|Tiltyard,6,12
"MaA/Arming+Crossbow/Tower/Chain (TY) [(EInd, EProw, NPie, NCun), Florentine, ImmU, Nimble]|M6",Man-at-Arms,Arming Sword,Tower Shield,Chainmail,Crossbow,True,25,"Immune Blocked,Nimble,Parry,Immune Unwieldy,Florentine",1200,,False,Animal Husbandry|Armory|Blacksmith|Carpentry|Coliseum|Conditioning Field|Fletchery|Forge|Furnace|Joinery|Tannery|Tiltyard,6,12
"MaA/ShortSword+HuntBow/Tower/FullPlate (TY) [(EInd, EProw, NPie, NCun), Florentine, ImmU, Nimble, Riposte, Temp]|M6",Man-at-Arms,Short Sword,Tower Shield,Full Plate,Hunting Bow,True,25,"Nimble,Improved Parry,Immune Blocked,Riposte,Parry,Tempered,Immune Unwieldy,Florentine",1200,,False,Animal Husbandry|Armory|Blacksmith|Carpentry|Coliseum|Conditioning Field|Fletchery|Forge|Furnace|Gilded Foundry|Grand Tournament|Joinery|Tannery|Tiltyard,6,12
"MaA/Pike+Longbow/Cloth (TY) [(EInd, EProw, NPie, NCun), Florentine, ImmU, Nimble, Serr]|M6",Man-at-Arms,Pike,,Cloth,Longbow,True,25,"Immune Blocked,Florentine,Nimble,Parry,Immune Unwieldy,Serrated",1600,,False,Blacksmith|Carpentry|Coliseum|Conditioning Field|Fletchery|Furnace|Master Workshop|Tiltyard,6,12
"MaA/Daggers/Cloth [OuInPoM, (NInd, RProw, NPie, SCun), Nimble]|M6",Man-at-Arms,Daggers,,Cloth,,False,25,"Immune Blocked,confers:Blocked,Nimble,confers:Strain,Outrider: every",2000,,False,Caravanery|Cipher Chamber|Coliseum|Conditioning Field|Furnace|Outrider Intercept Post|Stable,6,13
"MaA/Arming/Leather (DW) [(RInd, EProw, NPie, NCun), DW, Florentine, ImmU, Nimble]|M6",Man-at-Arms,Arming Sword,,Leather,,True,25,"Immune Blocked,Nimble,Dual Wield,Parry,Immune Unwieldy,Florentine",1800,,False,Animal Husbandry|Blacksmith|Carpentry|Coliseum|Conditioning Field|Fletchery|Furnace|Tannery|Tiltyard,6,9
"MaA/Lance/Kite/Gothic [ABFM, (SInd, RProw, NPie, NCun), Nimble, Serr, Temp]|M6",Man-at-Arms,Lance,Kite Shield,Gothic Plate,,False,25,"Immune Blocked,Nimble,ABF,Serrated,Tempered",700,,False,ABF|Animal Husbandry|Armory|Blacksmith|Carpentry|Coliseum|Conditioning Field|Forge|Furnace|Gilded Foundry|Joinery|Master Workshop|Stable|Tannery,6,13
"MaA/Lance/Heater/Cloth [ABFM, (SInd, RProw, NPie, NCun), Nimble, Serr, Temp]|M6",Man-at-Arms,Lance,Heater Shield,Cloth,,False,25,"Immune Blocked,Nimble,ABF,Serrated,Tempered",700,,False,ABF|Armory|Blacksmith|Carpentry|Coliseum|Conditioning Field|Forge|Furnace|Gilded Foundry|Joinery|Master Workshop|Stable|Tannery,6,13
"MaA/Arming/Kite/Chain [(RInd, RProw, NPie, NCun), Nimble, Recover 8]|M6",Man-at-Arms,Arming Sword,Kite Shield,Chainmail,,False,25,"Immune Blocked,Recover 8,Nimble",1400,,False,Animal Husbandry|Apothecary|Armory|Blacksmith|Carpentry|Coliseum|Conditioning Field|Furnace|Herb Garden|Joinery|Tannery,6,6
"MaA/Pike/Leather [(RInd, EProw, EPie, NCun), Enduring, Nimble, Rec 6, Recover 7, Recover 8, Riposte, Shake+1]|M6",Man-at-Arms,Pike,,Leather,,False,25,"Recover 8,Nimble,Enduring,Shake +1,Recover 6,Improved Parry,Recover 7,Immune Blocked,Riposte,Parry",1700,,False,Alchemy|Animal Husbandry|Apothecary|Blacksmith|Coliseum|Conditioning Field|Furnace|Grand Tournament|Herb Garden|Hospitaller|Infirmary|Stable|Tannery,6,15
"MaA/Spears/Chain [(RInd, EProw, EPie, NCun), Enduring, Nimble, Rec 6, Recover 7, Recover 8, Riposte, Shake+1]|M6",Man-at-Arms,Spears,,Chainmail,,False,25,"Recover 8,Nimble,Enduring,Shake +1,Recover 6,Improved Parry,Recover 7,Immune Blocked,Riposte,Parry",1500,,False,Alchemy|Animal Husbandry|Apothecary|Armory|Blacksmith|Coliseum|Conditioning Field|Furnace|Grand Tournament|Herb Garden|Hospitaller|Infirmary|Stable|Tannery,6,15
"MaA/BattleAxe+Longbow/Chain (TY) [(RInd, EProw, NPie, NCun), Florentine, ImmU, Nimble]|M6",Man-at-Arms,Battle Axe,,Chainmail,Longbow,True,25,"Immune Blocked,Nimble,Parry,Immune Unwieldy,Florentine",1400,,False,Animal Husbandry|Armory|Blacksmith|Carpentry|Coliseum|Conditioning Field|Fletchery|Furnace|Tannery|Tiltyard,6,9
"MaA/Cudgel+Crossbow/Cloth (TY) [(EInd, EProw, NPie, NCun), Florentine, ImmU, Nimble, Serr]|M6",Man-at-Arms,Cudgel,,Cloth,Crossbow,True,25,"Immune Blocked,Florentine,Nimble,Parry,Immune Unwieldy,Serrated",1600,,False,Blacksmith|Carpentry|Coliseum|Conditioning Field|Fletchery|Forge|Furnace|Master Workshop|Tiltyard,6,12
"MaA/ShortSword+Longbow/Targe/Cloth (TY) [(EInd, EProw, NPie, NCun), Florentine, ImmU, Nimble, Riposte, Serr]|M6",Man-at-Arms,Short Sword,Targe Shield,Cloth,Longbow,True,25,"Nimble,Parry,Improved Parry,Immune Blocked,Riposte,Serrated,Immune Unwieldy,Florentine",1400,,False,Blacksmith|Carpentry|Coliseum|Conditioning Field|Fletchery|Furnace|Grand Tournament|Joinery|Master Workshop|Tiltyard,6,12
"MaA/Flail+Longbow/Tower/Leather (TY) [(EInd, EProw, NPie, NCun), Florentine, ImmU, Nimble, Riposte]|M6",Man-at-Arms,Flail,Tower Shield,Leather,Longbow,True,25,"Immune Blocked,Florentine,Nimble,Riposte,Parry,Immune Unwieldy,Improved Parry",1400,,False,Animal Husbandry|Blacksmith|Carpentry|Coliseum|Conditioning Field|Fletchery|Forge|Furnace|Grand Tournament|Joinery|Tannery|Tiltyard,6,12
"MaA/Arming/Kite/FullPlate [(EInd, RProw, NPie, NCun), Nimble, Recover 8, Temp]|M6",Man-at-Arms,Arming Sword,Kite Shield,Full Plate,,False,25,"Immune Blocked,Tempered,Recover 8,Nimble",1400,,False,Animal Husbandry|Apothecary|Armory|Blacksmith|Carpentry|Coliseum|Conditioning Field|Furnace|Gilded Foundry|Herb Garden|Joinery|Tannery,6,9
"MaA/Longbow/Leather [(NInd, EProw, NPie, NCun), Florentine, ImmU, Nimble]|M6",Man-at-Arms,Farm Tools,,Leather,Longbow,True,25,"Immune Blocked,Nimble,Parry,Immune Unwieldy,Florentine",1600,,False,Animal Husbandry|Carpentry|Coliseum|Conditioning Field|Fletchery|Furnace|Tannery|Tiltyard,6,6
"MaA/Bastard+Crossbow/Tower/Chain (TY) [(EInd, EProw, NPie, NCun), Florentine, ImmU, Nimble, Riposte]|M6",Man-at-Arms,Bastard Sword,Tower Shield,Chainmail,Crossbow,True,25,"Immune Blocked,Florentine,Nimble,Riposte,Parry,Immune Unwieldy,Improved Parry",1200,,False,Animal Husbandry|Armory|Blacksmith|Carpentry|Coliseum|Conditioning Field|Fletchery|Forge|Furnace|Grand Tournament|Joinery|Tannery|Tiltyard,6,12
"MaA/Spears+Longbow/Chain (TY) [(RInd, EProw, NPie, NCun), Florentine, ImmU, Nimble]|M6",Man-at-Arms,Spears,,Chainmail,Longbow,True,25,"Immune Blocked,Nimble,Parry,Immune Unwieldy,Florentine",1400,,False,Animal Husbandry|Armory|Blacksmith|Carpentry|Coliseum|Conditioning Field|Fletchery|Furnace|Tannery|Tiltyard,6,9
"MaA/FarmTools/Buckler/Chain [(RInd, EProw, NPie, NCun), Nimble, Recover 8, Riposte]|M6",Man-at-Arms,Farm Tools,Buckler Shield,Chainmail,,False,25,"Immune Blocked,Recover 8,Nimble,Riposte,Parry,Improved Parry",1400,,False,Animal Husbandry|Apothecary|Armory|Blacksmith|Carpentry|Coliseum|Conditioning Field|Furnace|Grand Tournament|Herb Garden|Joinery|Tannery,6,9
"MaA/Arming+Crossbow/Tower/Chain (TY) [RoPaM, (EInd, SProw, NPie, NCun), Florentine, ImmU, Nimble, Riposte]|M7",Man-at-Arms,Arming Sword,Tower Shield,Chainmail,Crossbow,True,25,"Nimble,Parry,Drilled,Improved Parry,Immune Blocked,Riposte,Immune Strain,Immune Unwieldy,Florentine",700,,False,Animal Husbandry|Armory|Blacksmith|Butchery|Carpentry|Coliseum|Conditioning Field|Fletchery|Forge|Furnace|Grand Tournament|Joinery|Royal Pavilion|Tannery|Tiltyard,7,16
"MaA/Halberd+HuntBow/Chain (TY) [(EInd, EProw, NPie, NCun), Florentine, ImmU, Nimble, Riposte, Serr]|M7",Man-at-Arms,Halberd,,Chainmail,Hunting Bow,True,25,"Nimble,Parry,Improved Parry,Immune Blocked,Riposte,Serrated,Immune Unwieldy,Florentine",1200,,False,Animal Husbandry|Armory|Blacksmith|Carpentry|Coliseum|Conditioning Field|Fletchery|Furnace|Grand Tournament|Master Workshop|Tannery|Tiltyard,7,12
"MaA/Cudgel+Crossbow/FullPlate (TY) [(EInd, EProw, NPie, NCun), Florentine, ImmU, Nimble, Temp]|M7",Man-at-Arms,Cudgel,,Full Plate,Crossbow,True,25,"Immune Blocked,Nimble,Parry,Tempered,Immune Unwieldy,Florentine",1400,,False,Animal Husbandry|Armory|Blacksmith|Carpentry|Coliseum|Conditioning Field|Fletchery|Forge|Furnace|Gilded Foundry|Stable|Tannery|Tiltyard,7,12
"MaA/Arming+Javelin/Tower/Cloth (TY) [(EInd, EProw, NPie, NCun), Florentine, ImmU, Nimble, Recover 8]|M7",Man-at-Arms,Arming Sword,Tower Shield,Cloth,Javelin,True,25,"Immune Blocked,Recover 8,Nimble,Parry,Immune Unwieldy,Florentine",1600,,False,Apothecary|Blacksmith|Carpentry|Coliseum|Conditioning Field|Fletchery|Forge|Furnace|Herb Garden|Joinery|Tiltyard,7,12
"MaA/Flail+Longbow/Tower/FullPlate (TY) [(EInd, EProw, NPie, NCun), Florentine, ImmU, Nimble, Temp]|M7",Man-at-Arms,Flail,Tower Shield,Full Plate,Longbow,True,25,"Immune Blocked,Nimble,Parry,Tempered,Immune Unwieldy,Florentine",700,,False,Animal Husbandry|Armory|Blacksmith|Butchery|Carpentry|Coliseum|Conditioning Field|Fletchery|Forge|Furnace|Gilded Foundry|Joinery|Tannery|Tiltyard,7,12
"MaA/Halberd+HuntBow/Chain (TY) [(RInd, EProw, NPie, NCun), Florentine, ImmU, Nimble]|M7",Man-at-Arms,Halberd,,Chainmail,Hunting Bow,True,25,"Immune Blocked,Nimble,Parry,Immune Unwieldy,Florentine",1400,,False,Animal Husbandry|Armory|Blacksmith|Carpentry|Coliseum|Conditioning Field|Fletchery|Furnace|Stable|Tannery|Tiltyard,7,9
"MaA/Daggers+Longbow/Leather (TY) [(NInd, EProw, NPie, NCun), Florentine, ImmU, Nimble]|M7",Man-at-Arms,Daggers,,Leather,Longbow,True,25,"Immune Blocked,Nimble,Parry,Immune Unwieldy,Florentine",1100,,False,Animal Husbandry|Butchery|Carpentry|Coliseum|Conditioning Field|Fletchery|Furnace|Tannery|Tiltyard,7,6
"MaA/Lance/Kite/Chain [(EInd, EProw, EPie, NCun), Enduring, Nimble, Rec 6, Recover 7, Recover 8, Riposte, Serr, Shake+1]|M7",Man-at-Arms,Lance,Kite Shield,Chainmail,,False,25,"Recover 8,Enduring,Nimble,Parry,Shake +1,Recover 6,Improved Parry,Recover 7,Immune Blocked,Riposte,Serrated",1100,,False,Alchemy|Animal Husbandry|Apothecary|Armory|Blacksmith|Carpentry|Coliseum|Conditioning Field|Forge|Furnace|Grand Tournament|Herb Garden|Hospitaller|Infirmary|Joinery|Master Workshop|Tannery,7,18
"MaA/Cavalry Spear/Buckler/Chain [(RInd, RProw, EPie, NCun), Enduring, Nimble, Rec 6, Recover 7, Recover 8, Shake+1]|M7",Man-at-Arms,Cavalry Spear,Buckler Shield,Chainmail,,False,25,"Immune Blocked,Recover 8,Nimble,Enduring,Recover 7,Shake +1,Recover 6",1300,,False,Alchemy|Animal Husbandry|Apothecary|Armory|Blacksmith|Carpentry|Coliseum|Conditioning Field|Furnace|Herb Garden|Hospitaller|Infirmary|Joinery|Stable|Tannery,7,12
"MaA/ShortSword+Longbow/Tower/Chain (TY) [(EInd, EProw, NPie, NCun), Florentine, ImmU, Nimble]|M7",Man-at-Arms,Short Sword,Tower Shield,Chainmail,Longbow,True,25,"Immune Blocked,Nimble,Parry,Immune Unwieldy,Florentine",700,,False,Animal Husbandry|Armory|Blacksmith|Butchery|Carpentry|Coliseum|Conditioning Field|Fletchery|Forge|Furnace|Joinery|Tannery|Tiltyard,7,12
"MaA/ShortSword/Tower/Cloth [(EInd, RProw, EPie, RCun), Enduring, Nimble, Poison, Rec 6, Recover 7, Recover 8, Shake+1]|M7",Man-at-Arms,Short Sword,Tower Shield,Cloth,,False,25,"Recover 8,Nimble,Enduring,Poison,Shake +1,Recover 6,Recover 7,Immune Blocked",1600,,False,Academy|Alchemy|Apothecary|Blacksmith|Carpentry|Coliseum|Conditioning Field|Forge|Furnace|Herb Garden|Hospitaller|Infirmary|Joinery|Toxicarium,7,18
"MaA/ShortSword+Longbow/Kite/Leather (TY) [(EInd, EProw, NPie, NCun), Florentine, ImmU, Nimble, Serr]|M7",Man-at-Arms,Short Sword,Kite Shield,Leather,Longbow,True,25,"Immune Blocked,Florentine,Nimble,Parry,Immune Unwieldy,Serrated",1000,,False,Animal Husbandry|Armory|Blacksmith|Carpentry|Coliseum|Conditioning Field|Fletchery|Furnace|Joinery|Master Workshop|Tannery|Tiltyard,7,12
"MaA/Javelin/FullPlate [(EInd, EProw, NPie, NCun), Florentine, ImmU, Nimble, Temp]|M7",Man-at-Arms,Farm Tools,,Full Plate,Javelin,True,25,"Immune Blocked,Nimble,Parry,Tempered,Immune Unwieldy,Florentine",900,,False,Animal Husbandry|Armory|Blacksmith|Butchery|Carpentry|Coliseum|Conditioning Field|Fletchery|Furnace|Gilded Foundry|Tannery|Tiltyard,7,12
"MaA/Cavalry Spear/Buckler/FullPlate [RoPaM, (EInd, SProw, NPie, NCun), Nimble, Recover 8, Riposte, Temp]|M7",Man-at-Arms,Cavalry Spear,Buckler Shield,Full Plate,,False,25,"Recover 8,Nimble,Parry,Drilled,Improved Parry,Immune Blocked,Riposte,Immune Strain,Tempered",1400,,False,Animal Husbandry|Apothecary|Armory|Blacksmith|Carpentry|Coliseum|Conditioning Field|Furnace|Gilded Foundry|Grand Tournament|Herb Garden|Joinery|Royal Pavilion|Tannery|Tiltyard,7,16
"MaA/Arming+Crossbow/Chain (TY) [(EInd, EProw, NPie, NCun), Florentine, ImmU, Nimble]|M7",Man-at-Arms,Arming Sword,,Chainmail,Crossbow,True,25,"Immune Blocked,Nimble,Parry,Immune Unwieldy,Florentine",900,,False,Animal Husbandry|Armory|Blacksmith|Butchery|Carpentry|Coliseum|Conditioning Field|Fletchery|Forge|Furnace|Tannery|Tiltyard,7,12
"MaA/Cudgel/Chain [(RInd, RProw, EPie, RCun), Enduring, Nimble, Poison, Rec 6, Recover 7, Recover 8, Shake+1]|M7",Man-at-Arms,Cudgel,,Chainmail,,False,25,"Recover 8,Nimble,Enduring,Poison,Shake +1,Recover 6,Recover 7,Immune Blocked",1400,,False,Academy|Alchemy|Animal Husbandry|Apothecary|Armory|Blacksmith|Coliseum|Conditioning Field|Furnace|Herb Garden|Hospitaller|Infirmary|Tannery|Toxicarium,7,15
"MaA/Morningstar/Tower/Cloth [OuInPoM, (EInd, RProw, NPie, SCun), Nimble, Serr]|M7",Man-at-Arms,Morningstar,Tower Shield,Cloth,,False,25,"Immune Blocked,confers:Blocked,Nimble,confers:Strain,Serrated,Outrider: every",1600,,False,Blacksmith|Caravanery|Carpentry|Cipher Chamber|Coliseum|Conditioning Field|Forge|Furnace|Joinery|Master Workshop|Outrider Intercept Post,7,19
"MaA/FarmTools/Heater/Gothic [ABFM, (SInd, RProw, NPie, NCun), Nimble, Serr, Temp]|M7",Man-at-Arms,Farm Tools,Heater Shield,Gothic Plate,,False,25,"Immune Blocked,Nimble,ABF,Serrated,Tempered",700,,False,ABF|Animal Husbandry|Armory|Blacksmith|Carpentry|Coliseum|Conditioning Field|Furnace|Gilded Foundry|Joinery|Master Workshop|Stable|Tannery,7,13
"MaA/Bastard+Longbow/Tower/Cloth (TY) [(EInd, EProw, NPie, NCun), Florentine, ImmU, Nimble, Recover 8]|M7",Man-at-Arms,Bastard Sword,Tower Shield,Cloth,Longbow,True,25,"Immune Blocked,Recover 8,Nimble,Parry,Immune Unwieldy,Florentine",1600,,False,Apothecary|Blacksmith|Carpentry|Coliseum|Conditioning Field|Fletchery|Forge|Furnace|Herb Garden|Joinery|Tiltyard,7,12
"MaA/Bastard+Longbow/Tower/Leather (TY) [OuInPoI, (EInd, EProw, NPie, SCun), Florentine, ImmU, Nimble]|M7",Man-at-Arms,Bastard Sword,Tower Shield,Leather,Longbow,True,25,"Nimble,confers:Strain,Outrider: once,Immune Blocked,confers:Blocked,Parry,Immune Unwieldy,Florentine",1400,,False,Animal Husbandry|Blacksmith|Carpentry|Coliseum|Conditioning Field|Fletchery|Forge|Furnace|Joinery|Outrider Intercept Post|Tannery|Tiltyard,7,22
"MaA/2HBastard/Leather [(EInd, RProw, EPie, NCun), Enduring, Nimble, Rec 6, Recover 7, Recover 8, Shake+1]|M7",Man-at-Arms,2HBastard,,Leather,,False,25,"Immune Blocked,Recover 8,Nimble,Enduring,Recover 7,Shake +1,Recover 6",1000,,False,Alchemy|Animal Husbandry|Apothecary|Blacksmith|Butchery|Coliseum|Conditioning Field|Forge|Furnace|Herb Garden|Hospitaller|Infirmary|Smokehouse|Tannery,7,15
"MaA/Morningstar+Javelin/Tower/FullPlate (TY) [(EInd, EProw, NPie, NCun), Florentine, ImmU, Nimble, Serr, Temp]|M7",Man-at-Arms,Morningstar,Tower Shield,Full Plate,Javelin,True,25,"Immune Blocked,Florentine,Nimble,Parry,Tempered,Immune Unwieldy,Serrated",1000,,False,Animal Husbandry|Armory|Blacksmith|Carpentry|Coliseum|Conditioning Field|Fletchery|Forge|Furnace|Gilded Foundry|Joinery|Master Workshop|Tannery|Tiltyard,7,12
"MaA/Bastard+HuntBow/Tower/FullPlate (TY) [(EInd, EProw, NPie, NCun), Florentine, ImmU, Nimble, Riposte, Serr, Temp]|M7",Man-at-Arms,Bastard Sword,Tower Shield,Full Plate,Hunting Bow,True,25,"Nimble,Parry,Improved Parry,Immune Blocked,Riposte,Serrated,Tempered,Immune Unwieldy,Florentine",1000,,False,Animal Husbandry|Armory|Blacksmith|Carpentry|Coliseum|Conditioning Field|Fletchery|Forge|Furnace|Gilded Foundry|Grand Tournament|Joinery|Master Workshop|Tannery|Tiltyard,7,12
"MaA/ShortSword/Tower/Cloth [RoPaM, (EInd, SProw, EPie, NCun), Enduring, Nimble, Rec 6, Recover 7, Recover 8, Riposte, Shake+1]|M7",Man-at-Arms,Short Sword,Tower Shield,Cloth,,False,25,"Recover 8,Enduring,Nimble,Parry,Drilled,Shake +1,Recover 6,Improved Parry,Recover 7,Immune Blocked,Riposte,Immune Strain",1700,,False,Alchemy|Apothecary|Blacksmith|Carpentry|Coliseum|Conditioning Field|Forge|Furnace|Grand Tournament|Herb Garden|Hospitaller|Infirmary|Joinery|Royal Pavilion|Stable|Tiltyard,7,22
"MaA/Arming/Heater/Leather [ABFM, (SInd, EProw, NPie, NCun), Nimble, Riposte, Serr, Temp]|M7",Man-at-Arms,Arming Sword,Heater Shield,Leather,,False,25,"Nimble,ABF,Parry,Improved Parry,Immune Blocked,Riposte,Serrated,Tempered",700,,False,ABF|Animal Husbandry|Armory|Blacksmith|Carpentry|Coliseum|Conditioning Field|Furnace|Gilded Foundry|Grand Tournament|Joinery|Master Workshop|Stable|Tannery,7,16
"MaA/Cavalry Spear/Heater/Chain [ABFM, (SInd, RProw, NPie, NCun), Nimble, Serr, Temp]|M7",Man-at-Arms,Cavalry Spear,Heater Shield,Chainmail,,False,25,"Immune Blocked,Nimble,ABF,Serrated,Tempered",700,,False,ABF|Animal Husbandry|Armory|Blacksmith|Carpentry|Coliseum|Conditioning Field|Furnace|Gilded Foundry|Joinery|Master Workshop|Stable|Tannery,7,13
"MaA/Arming+HuntBow/Tower/FullPlate (TY) [(EInd, EProw, NPie, NCun), Florentine, ImmU, Nimble, Temp]|M7",Man-at-Arms,Arming Sword,Tower Shield,Full Plate,Hunting Bow,True,25,"Immune Blocked,Nimble,Parry,Tempered,Immune Unwieldy,Florentine",1200,,False,Animal Husbandry|Armory|Blacksmith|Carpentry|Coliseum|Conditioning Field|Fletchery|Forge|Furnace|Gilded Foundry|Joinery|Stable|Tannery|Tiltyard,7,12
"MaA/Lance/Buckler/Cloth [(EInd, RProw, EPie, RCun), Enduring, Nimble, Poison, Rec 6, Recover 7, Recover 8, Shake+1]|M7",Man-at-Arms,Lance,Buckler Shield,Cloth,,False,25,"Recover 8,Nimble,Enduring,Poison,Shake +1,Recover 6,Recover 7,Immune Blocked",1600,,False,Academy|Alchemy|Apothecary|Blacksmith|Carpentry|Coliseum|Conditioning Field|Forge|Furnace|Herb Garden|Hospitaller|Infirmary|Joinery|Toxicarium,7,18
"MaA/2HBastard+HuntBow/FullPlate (TY) [(EInd, EProw, NPie, NCun), Florentine, ImmU, Nimble, Serr, Temp]|M7",Man-at-Arms,2HBastard,,Full Plate,Hunting Bow,True,25,"Immune Blocked,Florentine,Nimble,Parry,Tempered,Immune Unwieldy,Serrated",1200,,False,Animal Husbandry|Armory|Blacksmith|Carpentry|Coliseum|Conditioning Field|Fletchery|Forge|Furnace|Gilded Foundry|Master Workshop|Tannery|Tiltyard,7,12
"MaA/Morningstar+Crossbow/Tower/Cloth (TY) [(EInd, EProw, NPie, NCun), Florentine, ImmU, Nimble, Recover 8]|M7",Man-at-Arms,Morningstar,Tower Shield,Cloth,Crossbow,True,25,"Immune Blocked,Recover 8,Nimble,Parry,Immune Unwieldy,Florentine",1600,,False,Apothecary|Blacksmith|Carpentry|Coliseum|Conditioning Field|Fletchery|Forge|Furnace|Herb Garden|Joinery|Tiltyard,7,12
"MaA/ShortSword+Longbow/Kite/Leather (TY) [OuInPoI, (RInd, EProw, NPie, SCun), Florentine, ImmU, Nimble]|M7",Man-at-Arms,Short Sword,Kite Shield,Leather,Longbow,True,25,"Nimble,confers:Strain,Outrider: once,Immune Blocked,confers:Blocked,Parry,Immune Unwieldy,Florentine",1200,,False,Animal Husbandry|Armory|Blacksmith|Carpentry|Coliseum|Conditioning Field|Fletchery|Furnace|Joinery|Outrider Intercept Post|Tannery|Tiltyard,7,19
"MaA/Lance/Buckler/Gothic [ABFM, (SInd, RProw, NPie, NCun), Nimble, Serr, Temp]|M7",Man-at-Arms,Lance,Buckler Shield,Gothic Plate,,False,25,"Immune Blocked,Nimble,ABF,Serrated,Tempered",200,,False,ABF|Animal Husbandry|Armory|Blacksmith|Butchery|Carpentry|Coliseum|Conditioning Field|Forge|Furnace|Gilded Foundry|Joinery|Master Workshop|Stable|Tannery,7,13
"MaA/FarmTools/Targe/Gothic [ABFM, (SInd, RProw, NPie, NCun), Nimble, Serr, Temp]|M7",Man-at-Arms,Farm Tools,Targe Shield,Gothic Plate,,False,25,"Immune Blocked,Nimble,ABF,Serrated,Tempered",700,,False,ABF|Animal Husbandry|Armory|Blacksmith|Carpentry|Coliseum|Conditioning Field|Furnace|Gilded Foundry|Joinery|Master Workshop|Stable|Tannery,7,13
"MaA/Flail+Javelin/Tower/Chain (TY) [(EInd, EProw, NPie, NCun), Florentine, ImmU, Nimble]|M7",Man-at-Arms,Flail,Tower Shield,Chainmail,Javelin,True,25,"Immune Blocked,Nimble,Parry,Immune Unwieldy,Florentine",1200,,False,Animal Husbandry|Armory|Blacksmith|Carpentry|Coliseum|Conditioning Field|Fletchery|Forge|Furnace|Joinery|Stable|Tannery|Tiltyard,7,12
"MaA/ShortSword/Targe/Leather [(EInd, RProw, EPie, NCun), Enduring, Nimble, Rec 6, Recover 7, Recover 8, Serr, Shake+1]|M7",Man-at-Arms,Short Sword,Targe Shield,Leather,,False,25,"Recover 8,Nimble,Enduring,Shake +1,Recover 6,Recover 7,Immune Blocked,Serrated",1300,,False,Alchemy|Animal Husbandry|Apothecary|Blacksmith|Carpentry|Coliseum|Conditioning Field|Furnace|Herb Garden|Hospitaller|Infirmary|Joinery|Master Workshop|Tannery,7,15
"MaA/Halberd/Chain [MiMiStM, (RInd, SProw, NPie, NCun), Nimble, Recover 8]|M7",Man-at-Arms,Halberd,,Chainmail,,False,25,"Recover 8,Nimble,Seize: first,Parry,Improved Parry,+1I,Immune Blocked,Crit 7,MaxInit3",1600,,False,Animal Husbandry|Apothecary|Armory|Blacksmith|Coliseum|Conditioning Field|Furnace|Herb Garden|Ministry of Military Strategy|Tannery|University|War College,7,13
"MaA/ShortSword/Heater/Cloth [ABFM, (SInd, RProw, NPie, NCun), Nimble, Serr, Temp]|M7",Man-at-Arms,Short Sword,Heater Shield,Cloth,,False,25,"Immune Blocked,Nimble,ABF,Serrated,Tempered",700,,False,ABF|Armory|Blacksmith|Carpentry|Coliseum|Conditioning Field|Furnace|Gilded Foundry|Joinery|Master Workshop|Stable|Tannery,7,13
"MaA/Flail+HuntBow/Tower/Cloth (TY) [(EInd, EProw, NPie, NCun), Florentine, ImmU, Nimble, Recover 8]|M7",Man-at-Arms,Flail,Tower Shield,Cloth,Hunting Bow,True,25,"Immune Blocked,Recover 8,Nimble,Parry,Immune Unwieldy,Florentine",1600,,False,Apothecary|Blacksmith|Carpentry|Coliseum|Conditioning Field|Fletchery|Forge|Furnace|Herb Garden|Joinery|Tiltyard,7,12
"MaA/Daggers+Longbow/FullPlate (TY) [(EInd, EProw, NPie, NCun), Florentine, ImmU, Nimble, Serr, Temp]|M7",Man-at-Arms,Daggers,,Full Plate,Longbow,True,25,"Immune Blocked,Florentine,Nimble,Parry,Tempered,Immune Unwieldy,Serrated",1200,,False,Animal Husbandry|Armory|Blacksmith|Carpentry|Coliseum|Conditioning Field|Fletchery|Furnace|Gilded Foundry|Master Workshop|Tannery|Tiltyard,7,12
"MaA/Lance/Kite/Leather [PrI, (EInd, EProw, SPie, NCun), Nimble, Recover 8, Shake+1]|M7",Man-at-Arms,Lance,Kite Shield,Leather,,False,25,"Immune Blocked,Recover 8,Nimble,Parry,Shake +1,Resolute",1400,,False,Animal Husbandry|Apothecary|Armory|Blacksmith|Carpentry|Coliseum|Conditioning Field|Forge|Furnace|Herb Garden|Joinery|Preceptory|Tannery,7,22
"MaA/Pike+Longbow/FullPlate (TY) [(EInd, EProw, NPie, NCun), Florentine, ImmU, Nimble, Serr, Temp]|M7",Man-at-Arms,Pike,,Full Plate,Longbow,True,25,"Immune Blocked,Florentine,Nimble,Parry,Tempered,Immune Unwieldy,Serrated",1200,,False,Animal Husbandry|Armory|Blacksmith|Carpentry|Coliseum|Conditioning Field|Fletchery|Furnace|Gilded Foundry|Master Workshop|Tannery|Tiltyard,7,12
"MaA/Spears/Cloth [OuInPoM, (NInd, RProw, NPie, SCun), Nimble, Recover 8]|M7",Man-at-Arms,Spears,,Cloth,,False,25,"Immune Blocked,confers:Blocked,Recover 8,Nimble,confers:Strain,Outrider: every",2000,,False,Apothecary|Caravanery|Cipher Chamber|Coliseum|Conditioning Field|Furnace|Herb Garden|Outrider Intercept Post,7,13
"MaA/Halberd+Javelin/FullPlate (TY) [(EInd, EProw, NPie, NCun), Florentine, ImmU, Nimble, Serr, Temp]|M7",Man-at-Arms,Halberd,,Full Plate,Javelin,True,25,"Immune Blocked,Florentine,Nimble,Parry,Tempered,Immune Unwieldy,Serrated",1200,,False,Animal Husbandry|Armory|Blacksmith|Carpentry|Coliseum|Conditioning Field|Fletchery|Furnace|Gilded Foundry|Master Workshop|Tannery|Tiltyard,7,12
"MaA/ShortSword+HuntBow/Targe/Cloth (TY) [(RInd, EProw, NPie, NCun), Florentine, ImmU, Nimble, Recover 8]|M7",Man-at-Arms,Short Sword,Targe Shield,Cloth,Hunting Bow,True,25,"Immune Blocked,Recover 8,Nimble,Parry,Immune Unwieldy,Florentine",1600,,False,Apothecary|Blacksmith|Carpentry|Coliseum|Conditioning Field|Fletchery|Furnace|Herb Garden|Joinery|Tiltyard,7,9
"MaA/ShortSword/Targe/Cloth [(RInd, RProw, EPie, RCun), Enduring, Nimble, Poison, Rec 6, Recover 7, Recover 8, Shake+1]|M7",Man-at-Arms,Short Sword,Targe Shield,Cloth,,False,25,"Recover 8,Nimble,Enduring,Poison,Shake +1,Recover 6,Recover 7,Immune Blocked",1600,,False,Academy|Alchemy|Apothecary|Blacksmith|Carpentry|Coliseum|Conditioning Field|Furnace|Herb Garden|Hospitaller|Infirmary|Joinery|Toxicarium,7,15
"MaA/FarmTools/Kite/Cloth [(RInd, RProw, EPie, NCun), Enduring, Nimble, Rec 6, Recover 7, Recover 8, Shake+1]|M7",Man-at-Arms,Farm Tools,Kite Shield,Cloth,,False,25,"Immune Blocked,Recover 8,Nimble,Enduring,Recover 7,Shake +1,Recover 6",1300,,False,Alchemy|Apothecary|Armory|Blacksmith|Carpentry|Coliseum|Conditioning Field|Furnace|Herb Garden|Hospitaller|Infirmary|Joinery|Stable|Tannery,7,12
"MaA/WarHammer+Longbow/Chain (TY) [(EInd, EProw, NPie, NCun), Florentine, ImmU, Nimble, Serr]|M7",Man-at-Arms,War Hammer,,Chainmail,Longbow,True,25,"Immune Blocked,Florentine,Nimble,Parry,Immune Unwieldy,Serrated",1200,,False,Animal Husbandry|Armory|Blacksmith|Carpentry|Coliseum|Conditioning Field|Fletchery|Forge|Furnace|Master Workshop|Tannery|Tiltyard,7,12
"MaA/ShortSword+HuntBow/Tower/Chain (TY) [(EInd, EProw, NPie, NCun), Florentine, ImmU, Nimble]|M7",Man-at-Arms,Short Sword,Tower Shield,Chainmail,Hunting Bow,True,25,"Immune Blocked,Nimble,Parry,Immune Unwieldy,Florentine",1200,,False,Animal Husbandry|Armory|Blacksmith|Carpentry|Coliseum|Conditioning Field|Fletchery|Forge|Furnace|Joinery|Stable|Tannery|Tiltyard,7,12
"MaA/Morningstar+Javelin/Tower/Cloth (TY) [(EInd, EProw, NPie, NCun), Florentine, ImmU, Nimble, Recover 8]|M7",Man-at-Arms,Morningstar,Tower Shield,Cloth,Javelin,True,25,"Immune Blocked,Recover 8,Nimble,Parry,Immune Unwieldy,Florentine",1600,,False,Apothecary|Blacksmith|Carpentry|Coliseum|Conditioning Field|Fletchery|Forge|Furnace|Herb Garden|Joinery|Tiltyard,7,12
"MaA/Daggers+Javelin/Chain (TY) [MiMiStI, (RInd, SProw, NPie, NCun), Florentine, ImmU, Nimble]|M7",Man-at-Arms,Daggers,,Chainmail,Javelin,True,25,"Nimble,Seize: first,Parry,+1I,Immune Blocked,MaxInit3,Immune Unwieldy,Florentine",1400,,False,Animal Husbandry|Armory|Blacksmith|Carpentry|Coliseum|Conditioning Field|Fletchery|Furnace|Ministry of Military Strategy|Tannery|Tiltyard,7,13
"MaA/Halberd+HuntBow/Cloth (TY) [(RInd, EProw, NPie, NCun), Florentine, ImmU, Nimble, Recover 8]|M7",Man-at-Arms,Halberd,,Cloth,Hunting Bow,True,25,"Immune Blocked,Recover 8,Nimble,Parry,Immune Unwieldy,Florentine",1800,,False,Apothecary|Blacksmith|Carpentry|Coliseum|Conditioning Field|Fletchery|Furnace|Herb Garden|Tiltyard,7,9
"MaA/Daggers+Longbow/Cloth (TY) [(NInd, EProw, NPie, NCun), Florentine, ImmU, Nimble, Recover 8, Riposte]|M7",Man-at-Arms,Daggers,,Cloth,Longbow,True,25,"Recover 8,Nimble,Improved Parry,Immune Blocked,Riposte,Parry,Immune Unwieldy,Florentine",1800,,False,Apothecary|Carpentry|Coliseum|Conditioning Field|Fletchery|Furnace|Grand Tournament|Herb Garden|Tiltyard,7,6
"MaA/ShortSword+Longbow/Tower/FullPlate (TY) [(EInd, EProw, NPie, NCun), Florentine, ImmU, Nimble, Temp]|M7",Man-at-Arms,Short Sword,Tower Shield,Full Plate,Longbow,True,25,"Immune Blocked,Nimble,Parry,Tempered,Immune Unwieldy,Florentine",1200,,False,Animal Husbandry|Armory|Blacksmith|Carpentry|Coliseum|Conditioning Field|Fletchery|Forge|Furnace|Gilded Foundry|Joinery|Stable|Tannery|Tiltyard,7,12
"MaA/BattleAxe+Javelin/Chain (TY) [PrI, (RInd, EProw, SPie, NCun), Florentine, ImmU, Nimble, Shake+1]|M7",Man-at-Arms,Battle Axe,,Chainmail,Javelin,True,25,"Immune Blocked,Florentine,Nimble,Parry,Shake +1,Immune Unwieldy,Resolute",1400,,False,Animal Husbandry|Armory|Blacksmith|Carpentry|Coliseum|Conditioning Field|Fletchery|Furnace|Preceptory|Tannery|Tiltyard,7,19
"MaA/BattleAxe/Cloth [(RInd, EProw, EPie, NCun), Enduring, Nimble, Rec 6, Recover 7, Recover 8, Riposte, Shake+1]|M7",Man-at-Arms,Battle Axe,,Cloth,,False,25,"Recover 8,Nimble,Enduring,Shake +1,Recover 6,Improved Parry,Recover 7,Immune Blocked,Riposte,Parry",1000,,False,Alchemy|Animal Husbandry|Apothecary|Blacksmith|Butchery|Coliseum|Conditioning Field|Furnace|Grand Tournament|Herb Garden|Hospitaller|Infirmary|Smokehouse|Tannery,7,15
"MaA/Spears/FullPlate [(EInd, RProw, EPie, NCun), Enduring, Nimble, Rec 6, Recover 7, Recover 8, Serr, Shake+1, Temp]|M7",Man-at-Arms,Spears,,Full Plate,,False,25,"Recover 8,Nimble,Enduring,Shake +1,Recover 6,Recover 7,Immune Blocked,Serrated,Tempered",1300,,False,Alchemy|Animal Husbandry|Apothecary|Armory|Blacksmith|Coliseum|Conditioning Field|Furnace|Gilded Foundry|Herb Garden|Hospitaller|Infirmary|Master Workshop|Stable|Tannery,7,15
"MaA/Lance/Heater/Cloth [RoPaM, ABFM, (SInd, SProw, NPie, NCun), Nimble, Riposte, Serr, Temp]|M7",Man-at-Arms,Lance,Heater Shield,Cloth,,False,25,"Nimble,ABF,Drilled,Parry,Improved Parry,Immune Blocked,Riposte,Serrated,Tempered,Immune Strain",700,,False,ABF|Armory|Blacksmith|Carpentry|Coliseum|Conditioning Field|Forge|Furnace|Gilded Foundry|Grand Tournament|Joinery|Master Workshop|Royal Pavilion|Stable|Tannery|Tiltyard,7,20
"MaA/Pitchfork/Cloth [(NInd, EProw, EPie, RCun), Enduring, Nimble, Poison, Rec 6, Recover 7, Recover 8, Riposte, Shake+1]|M7",Man-at-Arms,Pitchfork,,Cloth,,False,25,"Recover 8,Nimble,Enduring,Poison,Shake +1,Recover 6,Improved Parry,Recover 7,Immune Blocked,Riposte,Parry",1100,,False,Academy|Alchemy|Animal Husbandry|Apothecary|Butchery|Coliseum|Conditioning Field|Grand Tournament|Herb Garden|Hospitaller|Infirmary|Tannery|Toxicarium,7,15
"MaA/Cavalry Spear/Targe/FullPlate [(EInd, RProw, EPie, NCun), Enduring, Nimble, Rec 6, Recover 7, Recover 8, Serr, Shake+1, Temp]|M7",Man-at-Arms,Cavalry Spear,Targe Shield,Full Plate,,False,25,"Recover 8,Enduring,Nimble,Shake +1,Recover 6,Recover 7,Immune Blocked,Serrated,Tempered",1100,,False,Alchemy|Animal Husbandry|Apothecary|Armory|Blacksmith|Carpentry|Coliseum|Conditioning Field|Furnace|Gilded Foundry|Herb Garden|Hospitaller|Infirmary|Joinery|Master Workshop|Tannery,7,15
"MaA/ShortSword/FullPlate (DW) [(EInd, EProw, NPie, NCun), DW, Florentine, ImmU, Nimble, Serr, Temp]|M7",Man-at-Arms,Short Sword,,Full Plate,,True,25,"Nimble,Serrated,Immune Blocked,Dual Wield,Parry,Tempered,Immune Unwieldy,Florentine",1400,,False,Animal Husbandry|Armory|Blacksmith|Carpentry|Coliseum|Conditioning Field|Fletchery|Furnace|Gilded Foundry|Master Workshop|Tannery|Tiltyard,7,12
"MaA/Halberd+Longbow/Leather (TY) [(RInd, EProw, NPie, NCun), Florentine, ImmU, Nimble]|M7",Man-at-Arms,Halberd,,Leather,Longbow,True,25,"Immune Blocked,Nimble,Parry,Immune Unwieldy,Florentine",1100,,False,Animal Husbandry|Blacksmith|Butchery|Carpentry|Coliseum|Conditioning Field|Fletchery|Furnace|Tannery|Tiltyard,7,9
"MaA/Spears+Javelin/Cloth (TY) [(RInd, EProw, NPie, NCun), Florentine, ImmU, Nimble, Recover 8]|M7",Man-at-Arms,Spears,,Cloth,Javelin,True,25,"Immune Blocked,Recover 8,Nimble,Parry,Immune Unwieldy,Florentine",1800,,False,Apothecary|Blacksmith|Carpentry|Coliseum|Conditioning Field|Fletchery|Furnace|Herb Garden|Tiltyard,7,9
"MaA/FarmTools/Targe/Cloth [(EInd, RProw, EPie, NCun), Enduring, Nimble, Rec 6, Recover 7, Recover 8, Serr, Shake+1]|M7",Man-at-Arms,Farm Tools,Targe Shield,Cloth,,False,25,"Recover 8,Nimble,Enduring,Shake +1,Recover 6,Recover 7,Immune Blocked,Serrated",1500,,False,Alchemy|Apothecary|Blacksmith|Carpentry|Coliseum|Conditioning Field|Furnace|Herb Garden|Hospitaller|Infirmary|Joinery|Master Workshop|Stable,7,15
"MaA/FarmTools/Buckler/Chain [(EInd, EProw, EPie, NCun), Enduring, Nimble, Rec 6, Recover 7, Recover 8, Riposte, Serr, Shake+1]|M7",Man-at-Arms,Farm Tools,Buckler Shield,Chainmail,,False,25,"Recover 8,Enduring,Nimble,Parry,Shake +1,Recover 6,Improved Parry,Recover 7,Immune Blocked,Riposte,Serrated",1100,,False,Alchemy|Animal Husbandry|Apothecary|Armory|Blacksmith|Carpentry|Coliseum|Conditioning Field|Furnace|Grand Tournament|Herb Garden|Hospitaller|Infirmary|Joinery|Master Workshop|Tannery,7,18
"MaA/Morningstar+Crossbow/Tower/Cloth (TY) [RoPaM, (EInd, SProw, NPie, NCun), Florentine, ImmU, Nimble, Recover 8, Riposte]|M7",Man-at-Arms,Morningstar,Tower Shield,Cloth,Crossbow,True,25,"Recover 8,Nimble,Parry,Drilled,Improved Parry,Immune Blocked,Riposte,Immune Strain,Immune Unwieldy,Florentine",1600,,False,Apothecary|Blacksmith|Carpentry|Coliseum|Conditioning Field|Fletchery|Forge|Furnace|Grand Tournament|Herb Garden|Joinery|Royal Pavilion|Tiltyard,7,16
"MaA/ShortSword+Longbow/Kite/Cloth (TY) [(RInd, EProw, NPie, NCun), Florentine, ImmU, Nimble]|M7",Man-at-Arms,Short Sword,Kite Shield,Cloth,Longbow,True,25,"Immune Blocked,Nimble,Parry,Immune Unwieldy,Florentine",1200,,False,Armory|Blacksmith|Carpentry|Coliseum|Conditioning Field|Fletchery|Furnace|Joinery|Stable|Tannery|Tiltyard,7,9
"MaA/BattleAxe+Longbow/Chain (TY) [(EInd, EProw, NPie, NCun), Florentine, ImmU, Nimble, Serr]|M7",Man-at-Arms,Battle Axe,,Chainmail,Longbow,True,25,"Immune Blocked,Florentine,Nimble,Parry,Immune Unwieldy,Serrated",1200,,False,Animal Husbandry|Armory|Blacksmith|Carpentry|Coliseum|Conditioning Field|Fletchery|Furnace|Master Workshop|Tannery|Tiltyard,7,12
"MaA/Daggers/Cloth [(EInd, RProw, EPie, NCun), Enduring, Nimble, Rec 6, Recover 7, Recover 8, Serr, Shake+1]|M7",Man-at-Arms,Daggers,,Cloth,,False,25,"Recover 8,Nimble,Enduring,Shake +1,Recover 6,Recover 7,Immune Blocked,Serrated",1000,,False,Alchemy|Animal Husbandry|Apothecary|Blacksmith|Butchery|Coliseum|Conditioning Field|Furnace|Herb Garden|Hospitaller|Infirmary|Master Workshop|Tannery,7,15
"MaA/Spears+Javelin/Chain (TY) [(RInd, EProw, NPie, NCun), Florentine, ImmU, Nimble]|M7",Man-at-Arms,Spears,,Chainmail,Javelin,True,25,"Immune Blocked,Nimble,Parry,Immune Unwieldy,Florentine",1400,,False,Animal Husbandry|Armory|Blacksmith|Carpentry|Coliseum|Conditioning Field|Fletchery|Furnace|Stable|Tannery|Tiltyard,7,9
"MaA/Flail+Javelin/Kite/Leather (TY) [(EInd, EProw, NPie, NCun), Florentine, ImmU, Nimble, Serr]|M7",Man-at-Arms,Flail,Kite Shield,Leather,Javelin,True,25,"Immune Blocked,Florentine,Nimble,Parry,Immune Unwieldy,Serrated",1000,,False,Animal Husbandry|Armory|Blacksmith|Carpentry|Coliseum|Conditioning Field|Fletchery|Furnace|Joinery|Master Workshop|Tannery|Tiltyard,7,12
"MaA/ShortSword+Crossbow/FullPlate (TY) [(EInd, EProw, NPie, NCun), Florentine, ImmU, Nimble, Riposte, Temp]|M7",Man-at-Arms,Short Sword,,Full Plate,Crossbow,True,25,"Nimble,Improved Parry,Immune Blocked,Riposte,Parry,Tempered,Immune Unwieldy,Florentine",1400,,False,Animal Husbandry|Armory|Blacksmith|Carpentry|Coliseum|Conditioning Field|Fletchery|Forge|Furnace|Gilded Foundry|Grand Tournament|Stable|Tannery|Tiltyard,7,12
"MaA/Arming+Javelin/Tower/FullPlate (TY) [(EInd, EProw, NPie, NCun), Florentine, ImmU, Nimble, Temp]|M7",Man-at-Arms,Arming Sword,Tower Shield,Full Plate,Javelin,True,25,"Immune Blocked,Nimble,Parry,Tempered,Immune Unwieldy,Florentine",1200,,False,Animal Husbandry|Armory|Blacksmith|Carpentry|Coliseum|Conditioning Field|Fletchery|Forge|Furnace|Gilded Foundry|Joinery|Stable|Tannery|Tiltyard,7,12
"MaA/ShortSword+Longbow/Targe/Chain (TY) [(RInd, EProw, NPie, NCun), Florentine, ImmU, Nimble]|M7",Man-at-Arms,Short Sword,Targe Shield,Chainmail,Longbow,True,25,"Immune Blocked,Nimble,Parry,Immune Unwieldy,Florentine",700,,False,Animal Husbandry|Armory|Blacksmith|Butchery|Carpentry|Coliseum|Conditioning Field|Fletchery|Furnace|Joinery|Tannery|Tiltyard,7,9
"MaA/WarHammer/Gothic [ABFM, (SInd, RProw, NPie, NCun), Nimble, Recover 8, Serr, Temp]|M7",Man-at-Arms,War Hammer,,Gothic Plate,,False,25,"Immune Blocked,Recover 8,Nimble,ABF,Serrated,Tempered",900,,False,ABF|Animal Husbandry|Apothecary|Armory|Blacksmith|Coliseum|Conditioning Field|Forge|Furnace|Gilded Foundry|Herb Garden|Master Workshop|Stable|Tannery,7,13
"MaA/Pitchfork+HuntBow/Cloth (TY) [(NInd, EProw, EPie, NCun), Enduring, Florentine, ImmU, Nimble, Rec 6, Recover 7, Recover 8, Shake+1]|M7",Man-at-Arms,Pitchfork,,Cloth,Hunting Bow,True,25,"Recover 8,Nimble,Enduring,Shake +1,Recover 6,Recover 7,Immune Blocked,Parry,Immune Unwieldy,Florentine",1700,,False,Alchemy|Apothecary|Carpentry|Coliseum|Conditioning Field|Fletchery|Herb Garden|Hospitaller|Infirmary|Stable|Tiltyard,7,12
"MaA/Arming+Crossbow/Leather (TY) [(EInd, EProw, NPie, NCun), Florentine, ImmU, Nimble]|M7",Man-at-Arms,Arming Sword,,Leather,Crossbow,True,25,"Immune Blocked,Nimble,Parry,Immune Unwieldy,Florentine",1600,,False,Animal Husbandry|Blacksmith|Carpentry|Coliseum|Conditioning Field|Fletchery|Forge|Furnace|Stable|Tannery|Tiltyard,7,12
"MaA/Morningstar/Tower/FullPlate [(EInd, RProw, EPie, NCun), Enduring, Nimble, Rec 6, Recover 7, Recover 8, Serr, Shake+1, Temp]|M7",Man-at-Arms,Morningstar,Tower Shield,Full Plate,,False,25,"Recover 8,Enduring,Nimble,Shake +1,Recover 6,Recover 7,Immune Blocked,Serrated,Tempered",1100,,False,Alchemy|Animal Husbandry|Apothecary|Armory|Blacksmith|Carpentry|Coliseum|Conditioning Field|Forge|Furnace|Gilded Foundry|Herb Garden|Hospitaller|Infirmary|Joinery|Master Workshop|Tannery,7,15
"MaA/Cavalry Spear/Heater/Chain [ABFM, (SInd, EProw, NPie, NCun), Nimble, Riposte, Serr, Temp]|M7",Man-at-Arms,Cavalry Spear,Heater Shield,Chainmail,,False,25,"Nimble,ABF,Parry,Improved Parry,Immune Blocked,Riposte,Serrated,Tempered",700,,False,ABF|Animal Husbandry|Armory|Blacksmith|Carpentry|Coliseum|Conditioning Field|Furnace|Gilded Foundry|Grand Tournament|Joinery|Master Workshop|Stable|Tannery,7,16
"MaA/WarHammer+Crossbow/Cloth (TY) [(EInd, EProw, NPie, NCun), Florentine, ImmU, Nimble, Recover 8, Riposte]|M7",Man-at-Arms,War Hammer,,Cloth,Crossbow,True,25,"Recover 8,Nimble,Improved Parry,Immune Blocked,Riposte,Parry,Immune Unwieldy,Florentine",1800,,False,Apothecary|Blacksmith|Carpentry|Coliseum|Conditioning Field|Fletchery|Forge|Furnace|Grand Tournament|Herb Garden|Tiltyard,7,12
"MaA/Morningstar/Heater/FullPlate [RoPaM, ABFM, (SInd, SProw, NPie, NCun), Nimble, Riposte, Serr, Temp]|M7",Man-at-Arms,Morningstar,Heater Shield,Full Plate,,False,25,"Nimble,ABF,Drilled,Parry,Improved Parry,Immune Blocked,Riposte,Serrated,Tempered,Immune Strain",700,,False,ABF|Animal Husbandry|Armory|Blacksmith|Carpentry|Coliseum|Conditioning Field|Forge|Furnace|Gilded Foundry|Grand Tournament|Joinery|Master Workshop|Royal Pavilion|Stable|Tannery|Tiltyard,7,20
"MaA/Cudgel+HuntBow/Chain (TY) [(RInd, EProw, NPie, NCun), Florentine, ImmU, Nimble]|M7",Man-at-Arms,Cudgel,,Chainmail,Hunting Bow,True,25,"Immune Blocked,Nimble,Parry,Immune Unwieldy,Florentine",1400,,False,Animal Husbandry|Armory|Blacksmith|Carpentry|Coliseum|Conditioning Field|Fletchery|Furnace|Stable|Tannery|Tiltyard,7,9
"MaA/Bastard/Tower/Chain [RoPaM, (EInd, SProw, NPie, NCun), Nimble, Recover 8, Riposte]|M7",Man-at-Arms,Bastard Sword,Tower Shield,Chainmail,,False,25,"Recover 8,Nimble,Parry,Drilled,Improved Parry,Immune Blocked,Riposte,Immune Strain",1400,,False,Animal Husbandry|Apothecary|Armory|Blacksmith|Carpentry|Coliseum|Conditioning Field|Forge|Furnace|Grand Tournament|Herb Garden|Joinery|Royal Pavilion|Tannery|Tiltyard,7,16
"MaA/FarmTools/Kite/Leather [PrM, (RInd, EProw, SPie, NCun), Nimble, Rec 6, Shake+1]|M7",Man-at-Arms,Farm Tools,Kite Shield,Leather,,False,25,"Immune Blocked,Nimble,Parry,Shake +1,Recover 6,Resolute",1400,,False,Abbey|Animal Husbandry|Armory|Blacksmith|Carpentry|Coliseum|Conditioning Field|Furnace|Hospitaller|Joinery|Monastery|Pilgrimage Site|Preceptory|Tannery,7,19
"MaA/Spears+Crossbow/Chain (TY) [(EInd, EProw, NPie, NCun), Florentine, ImmU, Nimble, Serr]|M7",Man-at-Arms,Spears,,Chainmail,Crossbow,True,25,"Immune Blocked,Florentine,Nimble,Parry,Immune Unwieldy,Serrated",1200,,False,Animal Husbandry|Armory|Blacksmith|Carpentry|Coliseum|Conditioning Field|Fletchery|Forge|Furnace|Master Workshop|Tannery|Tiltyard,7,12
"MaA/ShortSword/Kite/Leather [(RInd, RProw, EPie, NCun), Enduring, Nimble, Rec 6, Recover 7, Recover 8, Shake+1]|M7",Man-at-Arms,Short Sword,Kite Shield,Leather,,False,25,"Immune Blocked,Recover 8,Nimble,Enduring,Recover 7,Shake +1,Recover 6",800,,False,Alchemy|Animal Husbandry|Apothecary|Armory|Blacksmith|Butchery|Carpentry|Coliseum|Conditioning Field|Furnace|Herb Garden|Hospitaller|Infirmary|Joinery|Tannery,7,12
"MaA/Cavalry Spear/Targe/Cloth [(RInd, EProw, EPie, NCun), Enduring, Nimble, Rec 6, Recover 7, Recover 8, Riposte, Shake+1]|M7",Man-at-Arms,Cavalry Spear,Targe Shield,Cloth,,False,25,"Recover 8,Nimble,Enduring,Shake +1,Recover 6,Improved Parry,Recover 7,Immune Blocked,Riposte,Parry",1000,,False,Alchemy|Animal Husbandry|Apothecary|Blacksmith|Butchery|Carpentry|Coliseum|Conditioning Field|Furnace|Grand Tournament|Herb Garden|Hospitaller|Infirmary|Joinery|Tannery,7,15
"MaA/Lance/Heater/Leather [ABFM, (SInd, RProw, NPie, NCun), Nimble, Serr, Temp]|M7",Man-at-Arms,Lance,Heater Shield,Leather,,False,25,"Immune Blocked,Nimble,ABF,Serrated,Tempered",200,,False,ABF|Animal Husbandry|Armory|Blacksmith|Butchery|Carpentry|Coliseum|Conditioning Field|Forge|Furnace|Gilded Foundry|Joinery|Master Workshop|Stable|Tannery,7,13
"MaA/Arming+Crossbow/FullPlate (TY) [RoPaM, (EInd, SProw, NPie, NCun), Florentine, ImmU, Nimble, Riposte, Temp]|M7",Man-at-Arms,Arming Sword,,Full Plate,Crossbow,True,25,"Nimble,Parry,Drilled,Improved Parry,Immune Blocked,Riposte,Immune Strain,Tempered,Immune Unwieldy,Florentine",1400,,False,Animal Husbandry|Armory|Blacksmith|Carpentry|Coliseum|Conditioning Field|Fletchery|Forge|Furnace|Gilded Foundry|Grand Tournament|Royal Pavilion|Stable|Tannery|Tiltyard,7,16
"MaA/Arming/Kite/Cloth [OuInPoM, (RInd, RProw, NPie, SCun), Nimble]|M7",Man-at-Arms,Arming Sword,Kite Shield,Cloth,,False,25,"Immune Blocked,confers:Blocked,Nimble,confers:Strain,Outrider: every",1400,,False,Armory|Blacksmith|Caravanery|Carpentry|Cipher Chamber|Coliseum|Conditioning Field|Furnace|Joinery|Outrider Intercept Post|Tannery,7,16
"MaA/Flail+HuntBow/Kite/Cloth (TY) [(RInd, EProw, NPie, NCun), Florentine, ImmU, Nimble]|M7",Man-at-Arms,Flail,Kite Shield,Cloth,Hunting Bow,True,25,"Immune Blocked,Nimble,Parry,Immune Unwieldy,Florentine",700,,False,Animal Husbandry|Armory|Blacksmith|Butchery|Carpentry|Coliseum|Conditioning Field|Fletchery|Furnace|Joinery|Tannery|Tiltyard,7,9
"MaA/Arming+Crossbow/Tower/Chain (TY) [(EInd, EProw, NPie, NCun), Florentine, ImmU, Nimble]|M7",Man-at-Arms,Arming Sword,Tower Shield,Chainmail,Crossbow,True,25,"Immune Blocked,Nimble,Parry,Immune Unwieldy,Florentine",1200,,False,Animal Husbandry|Armory|Blacksmith|Carpentry|Coliseum|Conditioning Field|Fletchery|Forge|Furnace|Joinery|Stable|Tannery|Tiltyard,7,12
"MaA/WarHammer+Javelin/Leather (TY) [PrI, (EInd, EProw, SPie, NCun), Florentine, ImmU, Nimble, Shake+1]|M7",Man-at-Arms,War Hammer,,Leather,Javelin,True,25,"Immune Blocked,Florentine,Nimble,Parry,Shake +1,Immune Unwieldy,Resolute",1600,,False,Animal Husbandry|Blacksmith|Carpentry|Coliseum|Conditioning Field|Fletchery|Forge|Furnace|Preceptory|Tannery|Tiltyard,7,22
"MaA/ShortSword+Crossbow/Tower/Leather (TY) [PrI, (EInd, EProw, SPie, NCun), Florentine, ImmU, Nimble, Shake+1]|M7",Man-at-Arms,Short Sword,Tower Shield,Leather,Crossbow,True,25,"Immune Blocked,Florentine,Nimble,Parry,Shake +1,Immune Unwieldy,Resolute",1400,,False,Animal Husbandry|Blacksmith|Carpentry|Coliseum|Conditioning Field|Fletchery|Forge|Furnace|Joinery|Preceptory|Tannery|Tiltyard,7,22
"MaA/Morningstar+Crossbow/Chain (TY) [(EInd, EProw, NPie, NCun), Florentine, ImmU, Nimble, Serr]|M7",Man-at-Arms,Morningstar,,Chainmail,Crossbow,True,25,"Immune Blocked,Florentine,Nimble,Parry,Immune Unwieldy,Serrated",1200,,False,Animal Husbandry|Armory|Blacksmith|Carpentry|Coliseum|Conditioning Field|Fletchery|Forge|Furnace|Master Workshop|Tannery|Tiltyard,7,12
"MaA/BattleAxe/FullPlate [MiMiStM, (EInd, SProw, NPie, NCun), Nimble, Recover 8, Temp]|M7",Man-at-Arms,Battle Axe,,Full Plate,,False,25,"Recover 8,Nimble,Seize: first,Parry,Improved Parry,+1I,Immune Blocked,Crit 7,MaxInit3,Tempered",1600,,False,Animal Husbandry|Apothecary|Armory|Blacksmith|Coliseum|Conditioning Field|Furnace|Gilded Foundry|Herb Garden|Ministry of Military Strategy|Tannery|University|War College,7,16
"MaA/WarHammer+Crossbow/Leather (TY) [(EInd, EProw, NPie, NCun), Florentine, ImmU, Nimble, Serr]|M7",Man-at-Arms,War Hammer,,Leather,Crossbow,True,25,"Immune Blocked,Florentine,Nimble,Parry,Immune Unwieldy,Serrated",1400,,False,Animal Husbandry|Blacksmith|Carpentry|Coliseum|Conditioning Field|Fletchery|Forge|Furnace|Master Workshop|Tannery|Tiltyard,7,12
"MaA/Arming+Javelin/Tower/Chain (TY) [(EInd, EProw, NPie, NCun), Florentine, ImmU, Nimble, Serr]|M7",Man-at-Arms,Arming Sword,Tower Shield,Chainmail,Javelin,True,25,"Immune Blocked,Florentine,Nimble,Parry,Immune Unwieldy,Serrated",1000,,False,Animal Husbandry|Armory|Blacksmith|Carpentry|Coliseum|Conditioning Field|Fletchery|Forge|Furnace|Joinery|Master Workshop|Tannery|Tiltyard,7,12
"MaA/FarmTools/Cloth [RoPaM, (EInd, SProw, EPie, NCun), Enduring, Nimble, Rec 6, Recover 7, Recover 8, Riposte, Serr, Shake+1]|M7",Man-at-Arms,Farm Tools,,Cloth,,False,25,"Recover 8,Nimble,Enduring,Parry,Drilled,Shake +1,Recover 6,Improved Parry,Recover 7,Immune Blocked,Riposte,Serrated,Immune Strain",1700,,False,Alchemy|Apothecary|Blacksmith|Coliseum|Conditioning Field|Furnace|Grand Tournament|Herb Garden|Hospitaller|Infirmary|Master Workshop|Royal Pavilion|Stable|Tiltyard,7,22
"MaA/Flail+Javelin/Tower/FullPlate (TY) [(EInd, EProw, NPie, NCun), Florentine, ImmU, Nimble, Temp]|M7",Man-at-Arms,Flail,Tower Shield,Full Plate,Javelin,True,25,"Immune Blocked,Nimble,Parry,Tempered,Immune Unwieldy,Florentine",1200,,False,Animal Husbandry|Armory|Blacksmith|Carpentry|Coliseum|Conditioning Field|Fletchery|Forge|Furnace|Gilded Foundry|Joinery|Stable|Tannery|Tiltyard,7,12
"MaA/Bastard+HuntBow/Tower/Chain (TY) [(EInd, EProw, NPie, NCun), Florentine, ImmU, Nimble, Riposte]|M7",Man-at-Arms,Bastard Sword,Tower Shield,Chainmail,Hunting Bow,True,25,"Immune Blocked,Florentine,Nimble,Riposte,Parry,Immune Unwieldy,Improved Parry",700,,False,Animal Husbandry|Armory|Blacksmith|Butchery|Carpentry|Coliseum|Conditioning Field|Fletchery|Forge|Furnace|Grand Tournament|Joinery|Tannery|Tiltyard,7,12
"MaA/Arming+Crossbow/FullPlate (TY) [RoPaM, (EInd, SProw, NPie, NCun), Florentine, ImmU, Nimble, Recover 8, Riposte, Temp]|M8",Man-at-Arms,Arming Sword,,Full Plate,Crossbow,True,25,"Recover 8,Nimble,Parry,Drilled,Improved Parry,Immune Blocked,Riposte,Immune Strain,Tempered,Immune Unwieldy,Florentine",1400,,False,Animal Husbandry|Apothecary|Armory|Blacksmith|Carpentry|Coliseum|Conditioning Field|Fletchery|Forge|Furnace|Gilded Foundry|Grand Tournament|Herb Garden|Royal Pavilion|Tannery|Tiltyard,8,16
"MaA/Halberd+Pilum/Cloth (TY) [ABFM, (SInd, EProw, NPie, NCun), Florentine, ImmU, Nimble, Serr, Temp]|M8",Man-at-Arms,Halberd,,Cloth,Pilum,True,25,"Nimble,ABF,Parry,Immune Blocked,Serrated,Tempered,Immune Unwieldy,Florentine",700,,False,ABF|Armory|Blacksmith|Carpentry|Coliseum|Conditioning Field|Fletchery|Forge|Furnace|Gilded Foundry|Master Workshop|Stable|Tannery|Tiltyard,8,16
"MaA/Bastard/Heater/Chain [ABFM, (SInd, RProw, NPie, NCun), Nimble, Recover 8, Serr, Temp]|M8",Man-at-Arms,Bastard Sword,Heater Shield,Chainmail,,False,25,"Immune Blocked,Recover 8,Nimble,ABF,Serrated,Tempered",700,,False,ABF|Animal Husbandry|Apothecary|Armory|Blacksmith|Carpentry|Coliseum|Conditioning Field|Forge|Furnace|Gilded Foundry|Herb Garden|Joinery|Master Workshop|Stable|Tannery,8,13
"MaA/BattleAxe+HuntBow/Leather (TY) [(RInd, EProw, NPie, NCun), Florentine, ImmU, Nimble, Recover 8]|M8",Man-at-Arms,Battle Axe,,Leather,Hunting Bow,True,25,"Immune Blocked,Recover 8,Nimble,Parry,Immune Unwieldy,Florentine",1600,,False,Animal Husbandry|Apothecary|Blacksmith|Carpentry|Coliseum|Conditioning Field|Fletchery|Furnace|Herb Garden|Tannery|Tiltyard,8,9
"MaA/Arquebus/FullPlate [ABFM, (SInd, EProw, NPie, NCun), Florentine, ImmU, Nimble, Serr, Temp]|M8",Man-at-Arms,Farm Tools,,Full Plate,Arquebus,True,25,"Nimble,ABF,Parry,Immune Blocked,Serrated,Tempered,Immune Unwieldy,Florentine",700,,False,ABF|Animal Husbandry|Armory|Blacksmith|Carpentry|Coliseum|Conditioning Field|Fletchery|Forge|Furnace|Gilded Foundry|Master Workshop|Stable|Tannery|Tiltyard,8,16
"MaA/Bastard/Tower/Leather [RoPaM, (EInd, SProw, EPie, NCun), Enduring, Nimble, Rec 6, Recover 7, Recover 8, Riposte, Shake+1]|M8",Man-at-Arms,Bastard Sword,Tower Shield,Leather,,False,25,"Recover 8,Enduring,Nimble,Parry,Drilled,Shake +1,Recover 6,Improved Parry,Recover 7,Immune Blocked,Riposte,Immune Strain",1500,,False,Alchemy|Animal Husbandry|Apothecary|Blacksmith|Carpentry|Coliseum|Conditioning Field|Forge|Furnace|Grand Tournament|Herb Garden|Hospitaller|Infirmary|Joinery|Royal Pavilion|Stable|Tannery|Tiltyard,8,22
"MaA/Estoc+Arquebus/Heater/Cloth (TY) [ABFM, (SInd, EProw, NPie, NCun), Florentine, ImmU, Nimble, Serr, Temp]|M8",Man-at-Arms,Estoc,Heater Shield,Cloth,Arquebus,True,25,"Nimble,ABF,Parry,Immune Blocked,Serrated,Tempered,Immune Unwieldy,Florentine",500,,False,ABF|Armory|Blacksmith|Carpentry|Coliseum|Conditioning Field|Fletchery|Forge|Furnace|Gilded Foundry|Joinery|Master Workshop|Stable|Tannery|Tiltyard,8,16
"MaA/ShortSword+Pilum/Targe/Leather (TY) [ABFM, (SInd, EProw, NPie, NCun), Florentine, ImmU, Nimble, Serr, Temp]|M8",Man-at-Arms,Short Sword,Targe Shield,Leather,Pilum,True,25,"Nimble,ABF,Parry,Immune Blocked,Serrated,Tempered,Immune Unwieldy,Florentine",500,,False,ABF|Animal Husbandry|Armory|Blacksmith|Carpentry|Coliseum|Conditioning Field|Fletchery|Forge|Furnace|Gilded Foundry|Joinery|Master Workshop|Stable|Tannery|Tiltyard,8,16
"MaA/Poleaxe/Chain [ABFM, (SInd, RProw, EPie, NCun), Enduring, Nimble, Rec 6, Recover 7, Recover 8, Serr, Shake+1, Temp]|M8",Man-at-Arms,Poleaxe,,Chainmail,,False,25,"Recover 8,Enduring,Nimble,ABF,Shake +1,Recover 6,Recover 7,Immune Blocked,Serrated,Tempered",300,,False,ABF|Alchemy|Animal Husbandry|Apothecary|Armory|Blacksmith|Butchery|Coliseum|Conditioning Field|Forge|Furnace|Gilded Foundry|Herb Garden|Hospitaller|Infirmary|Master Workshop|Stable|Tannery,8,19
"MaA/Arming/Chain (DW) [(RInd, EProw, NPie, NCun), DW, Florentine, ImmU, Nimble, Recover 8]|M8",Man-at-Arms,Arming Sword,,Chainmail,,True,25,"Immune Blocked,Recover 8,Nimble,Dual Wield,Parry,Immune Unwieldy,Florentine",1600,,False,Animal Husbandry|Apothecary|Armory|Blacksmith|Carpentry|Coliseum|Conditioning Field|Fletchery|Furnace|Herb Garden|Tannery|Tiltyard,8,9
"MaA/2HBastard+Javelin/Cloth (TY) [(EInd, EProw, EPie, NCun), Enduring, Florentine, ImmU, Nimble, Rec 6, Recover 7, Recover 8, Riposte, Shake+1]|M8",Man-at-Arms,2HBastard,,Cloth,Javelin,True,25,"Recover 8,Nimble,Enduring,Shake +1,Recover 6,Improved Parry,Recover 7,Immune Blocked,Riposte,Parry,Immune Unwieldy,Florentine",1700,,False,Alchemy|Apothecary|Blacksmith|Carpentry|Coliseum|Conditioning Field|Fletchery|Forge|Furnace|Grand Tournament|Herb Garden|Hospitaller|Infirmary|Stable|Tiltyard,8,18
"MaA/Arming/Leather (DW) [MiMiStM, (RInd, SProw, NPie, NCun), DW, Florentine, ImmU, Nimble]|M8",Man-at-Arms,Arming Sword,,Leather,,True,25,"Nimble,Seize: first,Parry,Improved Parry,+1I,Immune Blocked,Dual Wield,Crit 7,MaxInit3,Immune Unwieldy,Florentine",1800,,False,Animal Husbandry|Blacksmith|Carpentry|Coliseum|Conditioning Field|Fletchery|Furnace|Ministry of Military Strategy|Tannery|Tiltyard|University|War College,8,13
"MaA/Cavalry Spear/Buckler/FullPlate [(EInd, RProw, EPie, NCun), Enduring, Nimble, Rec 6, Recover 7, Recover 8, Serr, Shake+1, Temp]|M8",Man-at-Arms,Cavalry Spear,Buckler Shield,Full Plate,,False,25,"Recover 8,Enduring,Nimble,Shake +1,Recover 6,Recover 7,Immune Blocked,Serrated,Tempered",1100,,False,Alchemy|Animal Husbandry|Apothecary|Armory|Blacksmith|Carpentry|Coliseum|Conditioning Field|Furnace|Gilded Foundry|Herb Garden|Hospitaller|Infirmary|Joinery|Master Workshop|Stable|Tannery,8,15
"MaA/Flail+Arquebus/Tower/Cloth (TY) [ABFM, (SInd, EProw, NPie, NCun), Florentine, ImmU, Nimble, Serr, Temp]|M8",Man-at-Arms,Flail,Tower Shield,Cloth,Arquebus,True,25,"Nimble,ABF,Parry,Immune Blocked,Serrated,Tempered,Immune Unwieldy,Florentine",500,,False,ABF|Armory|Blacksmith|Carpentry|Coliseum|Conditioning Field|Fletchery|Forge|Furnace|Gilded Foundry|Joinery|Master Workshop|Stable|Tannery|Tiltyard,8,16
"MaA/Bastard/Heater/Gothic [RoPaM, ABFM, (SInd, SProw, NPie, NCun), Nimble, Riposte, Serr, Temp]|M8",Man-at-Arms,Bastard Sword,Heater Shield,Gothic Plate,,False,25,"Nimble,ABF,Drilled,Parry,Improved Parry,Immune Blocked,Riposte,Serrated,Tempered,Immune Strain",200,,False,ABF|Animal Husbandry|Armory|Blacksmith|Butchery|Carpentry|Coliseum|Conditioning Field|Forge|Furnace|Gilded Foundry|Grand Tournament|Joinery|Master Workshop|Royal Pavilion|Stable|Tannery|Tiltyard,8,20
"MaA/Arming+HuntBow/Kite/Cloth (TY) [(RInd, EProw, NPie, NCun), Florentine, ImmU, Nimble, Recover 8]|M8",Man-at-Arms,Arming Sword,Kite Shield,Cloth,Hunting Bow,True,25,"Immune Blocked,Recover 8,Nimble,Parry,Immune Unwieldy,Florentine",1200,,False,Apothecary|Armory|Blacksmith|Carpentry|Coliseum|Conditioning Field|Fletchery|Furnace|Herb Garden|Joinery|Tannery|Tiltyard,8,9
"MaA/Bastard+Pilum/Heater/Gothic (TY) [ABFM, (SInd, EProw, NPie, NCun), Florentine, ImmU, Nimble, Riposte, Serr, Temp]|M8",Man-at-Arms,Bastard Sword,Heater Shield,Gothic Plate,Pilum,True,25,"Nimble,ABF,Parry,Improved Parry,Immune Blocked,Riposte,Serrated,Tempered,Immune Unwieldy,Florentine",500,,False,ABF|Animal Husbandry|Armory|Blacksmith|Carpentry|Coliseum|Conditioning Field|Fletchery|Forge|Furnace|Gilded Foundry|Grand Tournament|Joinery|Master Workshop|Stable|Tannery|Tiltyard,8,16
"MaA/Poleaxe+Pilum/Chain (TY) [ABFM, (SInd, EProw, NPie, NCun), Florentine, ImmU, Nimble, Serr, Temp]|M8",Man-at-Arms,Poleaxe,,Chainmail,Pilum,True,25,"Nimble,ABF,Parry,Immune Blocked,Serrated,Tempered,Immune Unwieldy,Florentine",700,,False,ABF|Animal Husbandry|Armory|Blacksmith|Carpentry|Coliseum|Conditioning Field|Fletchery|Forge|Furnace|Gilded Foundry|Master Workshop|Stable|Tannery|Tiltyard,8,16
"MaA/2HBastard+Longbow/Chain (TY) [(EInd, EProw, NPie, NCun), Florentine, ImmU, Nimble, Recover 8]|M8",Man-at-Arms,2HBastard,,Chainmail,Longbow,True,25,"Immune Blocked,Recover 8,Nimble,Parry,Immune Unwieldy,Florentine",1400,,False,Animal Husbandry|Apothecary|Armory|Blacksmith|Carpentry|Coliseum|Conditioning Field|Fletchery|Forge|Furnace|Herb Garden|Tannery|Tiltyard,8,12
"MaA/ShortSword+Pilum/Tower/Leather (TY) [ABFM, (SInd, EProw, NPie, NCun), Florentine, ImmU, Nimble, Serr, Temp]|M8",Man-at-Arms,Short Sword,Tower Shield,Leather,Pilum,True,25,"Nimble,ABF,Parry,Immune Blocked,Serrated,Tempered,Immune Unwieldy,Florentine",500,,False,ABF|Animal Husbandry|Armory|Blacksmith|Carpentry|Coliseum|Conditioning Field|Fletchery|Forge|Furnace|Gilded Foundry|Joinery|Master Workshop|Stable|Tannery|Tiltyard,8,16
"MaA/Arming+Pilum/Heater/Cloth (TY) [ABFM, (SInd, EProw, NPie, NCun), Florentine, ImmU, Nimble, Serr, Temp]|M8",Man-at-Arms,Arming Sword,Heater Shield,Cloth,Pilum,True,25,"Nimble,ABF,Parry,Immune Blocked,Serrated,Tempered,Immune Unwieldy,Florentine",500,,False,ABF|Armory|Blacksmith|Carpentry|Coliseum|Conditioning Field|Fletchery|Forge|Furnace|Gilded Foundry|Joinery|Master Workshop|Stable|Tannery|Tiltyard,8,16
"MaA/Arming+Javelin/Tower/FullPlate (TY) [PrI, (EInd, EProw, SPie, NCun), Florentine, ImmU, Nimble, Shake+1, Temp]|M8",Man-at-Arms,Arming Sword,Tower Shield,Full Plate,Javelin,True,25,"Nimble,Shake +1,Resolute,Immune Blocked,Parry,Tempered,Immune Unwieldy,Florentine",1200,,False,Animal Husbandry|Armory|Blacksmith|Carpentry|Coliseum|Conditioning Field|Fletchery|Forge|Furnace|Gilded Foundry|Joinery|Preceptory|Stable|Tannery|Tiltyard,8,22
"MaA/2HBastard+Javelin/Chain (TY) [RoPaM, (EInd, SProw, NPie, NCun), Florentine, ImmU, Nimble, Recover 8, Riposte]|M8",Man-at-Arms,2HBastard,,Chainmail,Javelin,True,25,"Recover 8,Nimble,Parry,Drilled,Improved Parry,Immune Blocked,Riposte,Immune Strain,Immune Unwieldy,Florentine",1400,,False,Animal Husbandry|Apothecary|Armory|Blacksmith|Carpentry|Coliseum|Conditioning Field|Fletchery|Forge|Furnace|Grand Tournament|Herb Garden|Royal Pavilion|Tannery|Tiltyard,8,16
"MaA/Morningstar+Longbow/Tower/Chain (TY) [(EInd, EProw, NPie, NCun), Florentine, ImmU, Nimble, Recover 8]|M8",Man-at-Arms,Morningstar,Tower Shield,Chainmail,Longbow,True,25,"Immune Blocked,Recover 8,Nimble,Parry,Immune Unwieldy,Florentine",1200,,False,Animal Husbandry|Apothecary|Armory|Blacksmith|Carpentry|Coliseum|Conditioning Field|Fletchery|Forge|Furnace|Herb Garden|Joinery|Tannery|Tiltyard,8,12
"MaA/ShortSword+Longbow/Kite/Chain (TY) [(RInd, EProw, NPie, NCun), Florentine, ImmU, Nimble, Recover 8]|M8",Man-at-Arms,Short Sword,Kite Shield,Chainmail,Longbow,True,25,"Immune Blocked,Recover 8,Nimble,Parry,Immune Unwieldy,Florentine",1200,,False,Animal Husbandry|Apothecary|Armory|Blacksmith|Carpentry|Coliseum|Conditioning Field|Fletchery|Furnace|Herb Garden|Joinery|Tannery|Tiltyard,8,9
"MaA/Javelin/Leather [(RInd, EProw, NPie, NCun), Florentine, ImmU, Nimble, Recover 8]|M8",Man-at-Arms,Farm Tools,,Leather,Javelin,True,25,"Immune Blocked,Recover 8,Nimble,Parry,Immune Unwieldy,Florentine",1600,,False,Animal Husbandry|Apothecary|Blacksmith|Carpentry|Coliseum|Conditioning Field|Fletchery|Furnace|Herb Garden|Tannery|Tiltyard,8,9
"MaA/Flail+Pilum/Heater/Gothic (TY) [ABFM, (SInd, EProw, NPie, NCun), Florentine, ImmU, Nimble, Riposte, Serr, Temp]|M8",Man-at-Arms,Flail,Heater Shield,Gothic Plate,Pilum,True,25,"Nimble,ABF,Parry,Improved Parry,Immune Blocked,Riposte,Serrated,Tempered,Immune Unwieldy,Florentine",500,,False,ABF|Animal Husbandry|Armory|Blacksmith|Carpentry|Coliseum|Conditioning Field|Fletchery|Forge|Furnace|Gilded Foundry|Grand Tournament|Joinery|Master Workshop|Stable|Tannery|Tiltyard,8,16
"MaA/WarHammer+HuntBow/Chain (TY) [PrI, (EInd, EProw, SPie, NCun), Florentine, ImmU, Nimble, Serr, Shake+1]|M8",Man-at-Arms,War Hammer,,Chainmail,Hunting Bow,True,25,"Nimble,Parry,Shake +1,Resolute,Immune Blocked,Serrated,Immune Unwieldy,Florentine",1200,,False,Animal Husbandry|Armory|Blacksmith|Carpentry|Coliseum|Conditioning Field|Fletchery|Forge|Furnace|Master Workshop|Preceptory|Tannery|Tiltyard,8,22
"MaA/Poleaxe/Chain [RoPaI, ABFM, (SInd, SProw, NPie, NCun), Nimble, Recover 8, Serr, Temp]|M8",Man-at-Arms,Poleaxe,,Chainmail,,False,25,"Recover 8,Nimble,ABF,Parry,Immune Blocked,Serrated,Tempered,Immune Strain",900,,False,ABF|Animal Husbandry|Apothecary|Armory|Blacksmith|Coliseum|Conditioning Field|Forge|Furnace|Gilded Foundry|Herb Garden|Master Workshop|Royal Pavilion|Stable|Tannery,8,20
"MaA/Arming+Longbow/Tower/Chain (TY) [(EInd, EProw, NPie, NCun), Florentine, ImmU, Nimble, Recover 8]|M8",Man-at-Arms,Arming Sword,Tower Shield,Chainmail,Longbow,True,25,"Immune Blocked,Recover 8,Nimble,Parry,Immune Unwieldy,Florentine",1200,,False,Animal Husbandry|Apothecary|Armory|Blacksmith|Carpentry|Coliseum|Conditioning Field|Fletchery|Forge|Furnace|Herb Garden|Joinery|Tannery|Tiltyard,8,12
"MaA/ShortSword+Arquebus/Heater/Gothic (TY) [ABFM, (SInd, EProw, NPie, NCun), Florentine, ImmU, Nimble, Serr, Temp]|M8",Man-at-Arms,Short Sword,Heater Shield,Gothic Plate,Arquebus,True,25,"Nimble,ABF,Parry,Immune Blocked,Serrated,Tempered,Immune Unwieldy,Florentine",500,,False,ABF|Animal Husbandry|Armory|Blacksmith|Carpentry|Coliseum|Conditioning Field|Fletchery|Forge|Furnace|Gilded Foundry|Joinery|Master Workshop|Stable|Tannery|Tiltyard,8,16
"MaA/Daggers+Crossbow/FullPlate (TY) [(EInd, EProw, NPie, NCun), Florentine, ImmU, Nimble, Recover 8, Temp]|M8",Man-at-Arms,Daggers,,Full Plate,Crossbow,True,25,"Immune Blocked,Recover 8,Nimble,Parry,Tempered,Immune Unwieldy,Florentine",1400,,False,Animal Husbandry|Apothecary|Armory|Blacksmith|Carpentry|Coliseum|Conditioning Field|Fletchery|Forge|Furnace|Gilded Foundry|Herb Garden|Tannery|Tiltyard,8,12
"MaA/Morningstar+Crossbow/Gothic (TY) [ABFM, (SInd, EProw, NPie, NCun), Florentine, ImmU, Nimble, Riposte, Serr, Temp]|M8",Man-at-Arms,Morningstar,,Gothic Plate,Crossbow,True,25,"Nimble,ABF,Parry,Improved Parry,Immune Blocked,Riposte,Serrated,Tempered,Immune Unwieldy,Florentine",700,,False,ABF|Animal Husbandry|Armory|Blacksmith|Carpentry|Coliseum|Conditioning Field|Fletchery|Forge|Furnace|Gilded Foundry|Grand Tournament|Master Workshop|Stable|Tannery|Tiltyard,8,16
"MaA/ShortSword/Kite/Gothic [ABFM, (SInd, RProw, NPie, NCun), Nimble, Serr, Temp]|M8",Man-at-Arms,Short Sword,Kite Shield,Gothic Plate,,False,25,"Immune Blocked,Nimble,ABF,Serrated,Tempered",200,,False,ABF|Animal Husbandry|Armory|Blacksmith|Butchery|Carpentry|Coliseum|Conditioning Field|Furnace|Gilded Foundry|Joinery|Master Workshop|Stable|Tannery,8,13
"MaA/ShortSword/Targe/FullPlate [PrI, (EInd, EProw, SPie, NCun), Enduring, Nimble, Rec 6, Recover 7, Recover 8, Serr, Shake+1, Temp]|M8",Man-at-Arms,Short Sword,Targe Shield,Full Plate,,False,25,"Recover 8,Enduring,Nimble,Parry,Shake +1,Recover 6,Resolute,Recover 7,Immune Blocked,Serrated,Tempered",1100,,False,Alchemy|Animal Husbandry|Apothecary|Armory|Blacksmith|Carpentry|Coliseum|Conditioning Field|Furnace|Gilded Foundry|Herb Garden|Hospitaller|Infirmary|Joinery|Master Workshop|Preceptory|Tannery,8,22
"MaA/Bastard+HuntBow/Tower/Cloth (TY) [(EInd, EProw, EPie, NCun), Enduring, Florentine, ImmU, Nimble, Rec 6, Recover 7, Recover 8, Serr, Shake+1]|M8",Man-at-Arms,Bastard Sword,Tower Shield,Cloth,Hunting Bow,True,25,"Recover 8,Nimble,Enduring,Parry,Shake +1,Recover 6,Recover 7,Immune Blocked,Serrated,Immune Unwieldy,Florentine",1300,,False,Alchemy|Apothecary|Blacksmith|Carpentry|Coliseum|Conditioning Field|Fletchery|Forge|Furnace|Herb Garden|Hospitaller|Infirmary|Joinery|Master Workshop|Tiltyard,8,18
"MaA/WarHammer/Cloth [(EInd, RProw, EPie, RCun), Enduring, Nimble, Poison, Rec 6, Recover 7, Recover 8, Shake+1]|M8",Man-at-Arms,War Hammer,,Cloth,,False,25,"Recover 8,Nimble,Enduring,Poison,Shake +1,Recover 6,Recover 7,Immune Blocked",1100,,False,Academy|Alchemy|Animal Husbandry|Apothecary|Blacksmith|Butchery|Coliseum|Conditioning Field|Forge|Furnace|Herb Garden|Hospitaller|Infirmary|Tannery|Toxicarium,8,18
"MaA/Daggers/Gothic [ABFM, (SInd, EProw, NPie, NCun), Nimble, Recover 8, Riposte, Serr, Temp]|M8",Man-at-Arms,Daggers,,Gothic Plate,,False,25,"Recover 8,Nimble,ABF,Parry,Improved Parry,Immune Blocked,Riposte,Serrated,Tempered",900,,False,ABF|Animal Husbandry|Apothecary|Armory|Blacksmith|Coliseum|Conditioning Field|Furnace|Gilded Foundry|Grand Tournament|Herb Garden|Master Workshop|Stable|Tannery,8,16
"MaA/Lance/Targe/FullPlate [MiMiStI, (EInd, SProw, EPie, NCun), Enduring, Nimble, Rec 6, Recover 7, Recover 8, Shake+1, Temp]|M8",Man-at-Arms,Lance,Targe Shield,Full Plate,,False,25,"Recover 8,Seize: first,Enduring,Nimble,Parry,Shake +1,Recover 6,Recover 7,+1I,Immune Blocked,MaxInit3,Tempered",800,,False,Alchemy|Animal Husbandry|Apothecary|Armory|Blacksmith|Butchery|Carpentry|Coliseum|Conditioning Field|Forge|Furnace|Gilded Foundry|Herb Garden|Hospitaller|Infirmary|Joinery|Ministry of Military Strategy|Tannery,8,22
"MaA/Cudgel+HuntBow/FullPlate (TY) [PrI, (EInd, EProw, SPie, NCun), Florentine, ImmU, Nimble, Shake+1, Temp]|M8",Man-at-Arms,Cudgel,,Full Plate,Hunting Bow,True,25,"Nimble,Shake +1,Resolute,Immune Blocked,Parry,Tempered,Immune Unwieldy,Florentine",1400,,False,Animal Husbandry|Armory|Blacksmith|Carpentry|Coliseum|Conditioning Field|Fletchery|Furnace|Gilded Foundry|Preceptory|Stable|Tannery|Tiltyard,8,22
"MaA/BattleAxe+Arquebus/Cloth (TY) [ABFM, (SInd, EProw, NPie, NCun), Florentine, ImmU, Nimble, Serr, Temp]|M8",Man-at-Arms,Battle Axe,,Cloth,Arquebus,True,25,"Nimble,ABF,Parry,Immune Blocked,Serrated,Tempered,Immune Unwieldy,Florentine",700,,False,ABF|Armory|Blacksmith|Carpentry|Coliseum|Conditioning Field|Fletchery|Forge|Furnace|Gilded Foundry|Master Workshop|Stable|Tannery|Tiltyard,8,16
"MaA/Estoc/Chain (DW) [RoPaM, ABFM, (SInd, SProw, NPie, NCun), DW, Florentine, ImmU, Nimble, Riposte, Serr, Temp]|M8",Man-at-Arms,Estoc,,Chainmail,,True,25,"Nimble,ABF,Drilled,Parry,Improved Parry,Immune Blocked,Dual Wield,Riposte,Serrated,Tempered,Immune Unwieldy,Florentine,Immune Strain",900,,False,ABF|Animal Husbandry|Armory|Blacksmith|Carpentry|Coliseum|Conditioning Field|Fletchery|Forge|Furnace|Gilded Foundry|Grand Tournament|Master Workshop|Royal Pavilion|Stable|Tannery|Tiltyard,8,20
"MaA/Cavalry Spear/Buckler/Leather [(RInd, RProw, EPie, NCun), Enduring, Nimble, Rec 6, Recover 7, Recover 8, Shake+1]|M8",Man-at-Arms,Cavalry Spear,Buckler Shield,Leather,,False,25,"Immune Blocked,Recover 8,Nimble,Enduring,Recover 7,Shake +1,Recover 6",800,,False,Alchemy|Animal Husbandry|Apothecary|Blacksmith|Butchery|Carpentry|Coliseum|Conditioning Field|Furnace|Herb Garden|Hospitaller|Infirmary|Joinery|Smokehouse|Tannery,8,12
"MaA/Spears+HuntBow/Leather (TY) [OuInPoI, (NInd, EProw, NPie, SCun), Florentine, ImmU, Nimble]|M8",Man-at-Arms,Spears,,Leather,Hunting Bow,True,25,"Nimble,confers:Strain,Outrider: once,Immune Blocked,confers:Blocked,Parry,Immune Unwieldy,Florentine",1100,,False,Animal Husbandry|Butchery|Carpentry|Coliseum|Conditioning Field|Fletchery|Furnace|Outrider Intercept Post|Tannery|Tiltyard,8,16
"MaA/Halberd+HuntBow/FullPlate (TY) [RoPaI, (EInd, SProw, NPie, NCun), Florentine, ImmU, Nimble, Temp]|M8",Man-at-Arms,Halberd,,Full Plate,Hunting Bow,True,25,"Immune Blocked,Nimble,Parry,Tempered,Immune Unwieldy,Florentine,Immune Strain",900,,False,Animal Husbandry|Armory|Blacksmith|Butchery|Carpentry|Coliseum|Conditioning Field|Fletchery|Furnace|Gilded Foundry|Royal Pavilion|Tannery|Tiltyard,8,16
"MaA/ShortSword+Arquebus/Targe/Leather (TY) [ABFM, (SInd, EProw, NPie, NCun), Florentine, ImmU, Nimble, Riposte, Serr, Temp]|M8",Man-at-Arms,Short Sword,Targe Shield,Leather,Arquebus,True,25,"Nimble,ABF,Parry,Improved Parry,Immune Blocked,Riposte,Serrated,Tempered,Immune Unwieldy,Florentine",500,,False,ABF|Animal Husbandry|Armory|Blacksmith|Carpentry|Coliseum|Conditioning Field|Fletchery|Forge|Furnace|Gilded Foundry|Grand Tournament|Joinery|Master Workshop|Stable|Tannery|Tiltyard,8,16
"MaA/Pitchfork/Cloth [(NInd, RProw, EPie, RCun), Enduring, Nimble, Poison, Rec 6, Recover 7, Recover 8, Shake+1]|M8",Man-at-Arms,Pitchfork,,Cloth,,False,25,"Recover 8,Nimble,Enduring,Poison,Shake +1,Recover 6,Recover 7,Immune Blocked",900,,False,Academy|Alchemy|Animal Husbandry|Apothecary|Butchery|Coliseum|Conditioning Field|Herb Garden|Hospitaller|Infirmary|Smokehouse|Tannery|Toxicarium,8,12
"MaA/ShortSword+Arquebus/Tower/FullPlate (TY) [ABFM, (SInd, EProw, NPie, NCun), Florentine, ImmU, Nimble, Serr, Temp]|M8",Man-at-Arms,Short Sword,Tower Shield,Full Plate,Arquebus,True,25,"Nimble,ABF,Parry,Immune Blocked,Serrated,Tempered,Immune Unwieldy,Florentine",500,,False,ABF|Animal Husbandry|Armory|Blacksmith|Carpentry|Coliseum|Conditioning Field|Fletchery|Forge|Furnace|Gilded Foundry|Joinery|Master Workshop|Stable|Tannery|Tiltyard,8,16
"MaA/Bastard+Arquebus/Tower/Leather (TY) [ABFM, (SInd, EProw, NPie, NCun), Florentine, ImmU, Nimble, Serr, Temp]|M8",Man-at-Arms,Bastard Sword,Tower Shield,Leather,Arquebus,True,25,"Nimble,ABF,Parry,Immune Blocked,Serrated,Tempered,Immune Unwieldy,Florentine",500,,False,ABF|Animal Husbandry|Armory|Blacksmith|Carpentry|Coliseum|Conditioning Field|Fletchery|Forge|Furnace|Gilded Foundry|Joinery|Master Workshop|Stable|Tannery|Tiltyard,8,16
"MaA/Daggers+Arquebus/Gothic (TY) [ABFM, (SInd, EProw, NPie, NCun), Florentine, ImmU, Nimble, Riposte, Serr, Temp]|M8",Man-at-Arms,Daggers,,Gothic Plate,Arquebus,True,25,"Nimble,ABF,Parry,Improved Parry,Immune Blocked,Riposte,Serrated,Tempered,Immune Unwieldy,Florentine",700,,False,ABF|Animal Husbandry|Armory|Blacksmith|Carpentry|Coliseum|Conditioning Field|Fletchery|Forge|Furnace|Gilded Foundry|Grand Tournament|Master Workshop|Stable|Tannery|Tiltyard,8,16
"MaA/Flail+Javelin/Kite/Leather (TY) [(RInd, EProw, NPie, NCun), Florentine, ImmU, Nimble, Recover 8, Riposte]|M8",Man-at-Arms,Flail,Kite Shield,Leather,Javelin,True,25,"Recover 8,Nimble,Improved Parry,Immune Blocked,Riposte,Parry,Immune Unwieldy,Florentine",1200,,False,Animal Husbandry|Apothecary|Armory|Blacksmith|Carpentry|Coliseum|Conditioning Field|Fletchery|Furnace|Grand Tournament|Herb Garden|Joinery|Tannery|Tiltyard,8,9
"MaA/WarHammer+Pilum/Chain (TY) [ABFM, (SInd, EProw, NPie, NCun), Florentine, ImmU, Nimble, Serr, Temp]|M8",Man-at-Arms,War Hammer,,Chainmail,Pilum,True,25,"Nimble,ABF,Parry,Immune Blocked,Serrated,Tempered,Immune Unwieldy,Florentine",700,,False,ABF|Animal Husbandry|Armory|Blacksmith|Carpentry|Coliseum|Conditioning Field|Fletchery|Forge|Furnace|Gilded Foundry|Master Workshop|Stable|Tannery|Tiltyard,8,16
"MaA/FarmTools/Buckler/Cloth [(RInd, RProw, EPie, NCun), Enduring, Nimble, Rec 6, Recover 7, Recover 8, Shake+1]|M8",Man-at-Arms,Farm Tools,Buckler Shield,Cloth,,False,25,"Immune Blocked,Recover 8,Nimble,Enduring,Recover 7,Shake +1,Recover 6",800,,False,Alchemy|Animal Husbandry|Apothecary|Butchery|Carpentry|Coliseum|Conditioning Field|Herb Garden|Hospitaller|Infirmary|Joinery|Smokehouse|Stable|Tannery,8,12
"MaA/Flail+Arquebus/Tower/Chain (TY) [ABFM, (SInd, EProw, NPie, NCun), Florentine, ImmU, Nimble, Serr, Temp]|M8",Man-at-Arms,Flail,Tower Shield,Chainmail,Arquebus,True,25,"Nimble,ABF,Parry,Immune Blocked,Serrated,Tempered,Immune Unwieldy,Florentine",500,,False,ABF|Animal Husbandry|Armory|Blacksmith|Carpentry|Coliseum|Conditioning Field|Fletchery|Forge|Furnace|Gilded Foundry|Joinery|Master Workshop|Stable|Tannery|Tiltyard,8,16
"MaA/Estoc/Heater/Leather [ABFM, (SInd, RProw, NPie, NCun), Nimble, Recover 8, Serr, Temp]|M8",Man-at-Arms,Estoc,Heater Shield,Leather,,False,25,"Immune Blocked,Recover 8,Nimble,ABF,Serrated,Tempered",700,,False,ABF|Animal Husbandry|Apothecary|Armory|Blacksmith|Carpentry|Coliseum|Conditioning Field|Forge|Furnace|Gilded Foundry|Herb Garden|Joinery|Master Workshop|Stable|Tannery,8,13
"MaA/FarmTools/Tower/Chain [(EInd, RProw, EPie, NCun), Enduring, Nimble, Rec 6, Recover 7, Recover 8, Serr, Shake+1]|M8",Man-at-Arms,Farm Tools,Tower Shield,Chainmail,,False,25,"Recover 8,Enduring,Nimble,Shake +1,Recover 6,Recover 7,Immune Blocked,Serrated",600,,False,Alchemy|Animal Husbandry|Apothecary|Armory|Blacksmith|Butchery|Carpentry|Coliseum|Conditioning Field|Forge|Furnace|Herb Garden|Hospitaller|Infirmary|Joinery|Master Workshop|Tannery,8,15
"MaA/Arming+Javelin/Tower/Gothic (TY) [ABFM, (SInd, EProw, NPie, NCun), Florentine, ImmU, Nimble, Serr, Temp]|M8",Man-at-Arms,Arming Sword,Tower Shield,Gothic Plate,Javelin,True,25,"Nimble,ABF,Parry,Immune Blocked,Serrated,Tempered,Immune Unwieldy,Florentine",500,,False,ABF|Animal Husbandry|Armory|Blacksmith|Carpentry|Coliseum|Conditioning Field|Fletchery|Forge|Furnace|Gilded Foundry|Joinery|Master Workshop|Stable|Tannery|Tiltyard,8,16
"MaA/Crossbow/FullPlate [(EInd, EProw, NPie, NCun), Florentine, ImmU, Nimble, Recover 8, Temp]|M8",Man-at-Arms,Farm Tools,,Full Plate,Crossbow,True,25,"Immune Blocked,Recover 8,Nimble,Parry,Tempered,Immune Unwieldy,Florentine",1400,,False,Animal Husbandry|Apothecary|Armory|Blacksmith|Carpentry|Coliseum|Conditioning Field|Fletchery|Forge|Furnace|Gilded Foundry|Herb Garden|Tannery|Tiltyard,8,12
"MaA/Bastard+Longbow/Tower/Gothic (TY) [ABFM, (SInd, EProw, NPie, NCun), Florentine, ImmU, Nimble, Serr, Temp]|M8",Man-at-Arms,Bastard Sword,Tower Shield,Gothic Plate,Longbow,True,25,"Nimble,ABF,Parry,Immune Blocked,Serrated,Tempered,Immune Unwieldy,Florentine",500,,False,ABF|Animal Husbandry|Armory|Blacksmith|Carpentry|Coliseum|Conditioning Field|Fletchery|Forge|Furnace|Gilded Foundry|Joinery|Master Workshop|Stable|Tannery|Tiltyard,8,16
"MaA/Pike/FullPlate [OuInPoI, (EInd, RProw, EPie, SCun), Enduring, Nimble, Poison, Rec 6, Recover 7, Recover 8, Shake+1, Temp]|M8",Man-at-Arms,Pike,,Full Plate,,False,25,"Recover 8,Enduring,Nimble,confers:Strain,Outrider: once,Poison,Shake +1,Recover 6,Recover 7,Immune Blocked,confers:Blocked,Tempered",1400,,False,Academy|Alchemy|Animal Husbandry|Apothecary|Armory|Blacksmith|Coliseum|Conditioning Field|Furnace|Gilded Foundry|Herb Garden|Hospitaller|Infirmary|Outrider Intercept Post|Tannery|Toxicarium,8,25
"MaA/Cavalry Spear/Targe/Leather [(RInd, RProw, EPie, NCun), Enduring, Nimble, Rec 6, Recover 7, Recover 8, Shake+1]|M8",Man-at-Arms,Cavalry Spear,Targe Shield,Leather,,False,25,"Immune Blocked,Recover 8,Nimble,Enduring,Recover 7,Shake +1,Recover 6",1000,,False,Alchemy|Animal Husbandry|Apothecary|Blacksmith|Butchery|Carpentry|Coliseum|Conditioning Field|Furnace|Herb Garden|Hospitaller|Infirmary|Joinery|Stable|Tannery,8,12
"MaA/Daggers+Longbow/FullPlate (TY) [(EInd, EProw, NPie, NCun), Florentine, ImmU, Nimble, Recover 8, Temp]|M8",Man-at-Arms,Daggers,,Full Plate,Longbow,True,25,"Immune Blocked,Recover 8,Nimble,Parry,Tempered,Immune Unwieldy,Florentine",1400,,False,Animal Husbandry|Apothecary|Armory|Blacksmith|Carpentry|Coliseum|Conditioning Field|Fletchery|Furnace|Gilded Foundry|Herb Garden|Tannery|Tiltyard,8,12
"MaA/ShortSword+Longbow/Tower/Leather (TY) [(EInd, EProw, NPie, NCun), Florentine, ImmU, Nimble, Recover 8, Riposte]|M8",Man-at-Arms,Short Sword,Tower Shield,Leather,Longbow,True,25,"Recover 8,Nimble,Improved Parry,Immune Blocked,Riposte,Parry,Immune Unwieldy,Florentine",1400,,False,Animal Husbandry|Apothecary|Blacksmith|Carpentry|Coliseum|Conditioning Field|Fletchery|Forge|Furnace|Grand Tournament|Herb Garden|Joinery|Tannery|Tiltyard,8,12
"MaA/Morningstar+HuntBow/Heater/Chain (TY) [ABFM, (SInd, EProw, NPie, NCun), Florentine, ImmU, Nimble, Serr, Temp]|M8",Man-at-Arms,Morningstar,Heater Shield,Chainmail,Hunting Bow,True,25,"Nimble,ABF,Parry,Immune Blocked,Serrated,Tempered,Immune Unwieldy,Florentine",500,,False,ABF|Animal Husbandry|Armory|Blacksmith|Carpentry|Coliseum|Conditioning Field|Fletchery|Forge|Furnace|Gilded Foundry|Joinery|Master Workshop|Stable|Tannery|Tiltyard,8,16
"MaA/Bastard+Javelin/Tower/Cloth (TY) [(EInd, EProw, EPie, NCun), Enduring, Florentine, ImmU, Nimble, Rec 6, Recover 7, Recover 8, Shake+1]|M8",Man-at-Arms,Bastard Sword,Tower Shield,Cloth,Javelin,True,25,"Recover 8,Nimble,Enduring,Shake +1,Recover 6,Recover 7,Immune Blocked,Parry,Immune Unwieldy,Florentine",1500,,False,Alchemy|Apothecary|Blacksmith|Carpentry|Coliseum|Conditioning Field|Fletchery|Forge|Furnace|Herb Garden|Hospitaller|Infirmary|Joinery|Stable|Tiltyard,8,18
"MaA/Cavalry Spear/Kite/Chain [(EInd, RProw, EPie, NCun), Enduring, Nimble, Rec 6, Recover 7, Recover 8, Serr, Shake+1]|M8",Man-at-Arms,Cavalry Spear,Kite Shield,Chainmail,,False,25,"Recover 8,Enduring,Nimble,Shake +1,Recover 6,Recover 7,Immune Blocked,Serrated",600,,False,Alchemy|Animal Husbandry|Apothecary|Armory|Blacksmith|Butchery|Carpentry|Coliseum|Conditioning Field|Furnace|Herb Garden|Hospitaller|Infirmary|Joinery|Master Workshop|Tannery,8,15
"MaA/Flail/Kite/Cloth [RoPaM, (RInd, SProw, EPie, NCun), Enduring, Nimble, Rec 6, Recover 7, Recover 8, Riposte, Shake+1]|M8",Man-at-Arms,Flail,Kite Shield,Cloth,,False,25,"Recover 8,Enduring,Nimble,Parry,Drilled,Shake +1,Recover 6,Improved Parry,Recover 7,Immune Blocked,Riposte,Immune Strain",1300,,False,Alchemy|Apothecary|Armory|Blacksmith|Carpentry|Coliseum|Conditioning Field|Furnace|Grand Tournament|Herb Garden|Hospitaller|Infirmary|Joinery|Royal Pavilion|Stable|Tannery|Tiltyard,8,19
"MaA/Flail/Cloth (DW) [RoPaI, (RInd, SProw, NPie, NCun), DW, Florentine, ImmU, Nimble, Recover 8]|M8",Man-at-Arms,Flail,,Cloth,,True,25,"Recover 8,Nimble,Immune Blocked,Dual Wield,Parry,Immune Unwieldy,Florentine,Immune Strain",2000,,False,Apothecary|Blacksmith|Carpentry|Coliseum|Conditioning Field|Fletchery|Furnace|Herb Garden|Royal Pavilion|Tiltyard,8,13
"MaA/Poleaxe/Leather [ABFM, (SInd, RProw, EPie, NCun), Enduring, Nimble, Rec 6, Recover 7, Recover 8, Serr, Shake+1, Temp]|M8",Man-at-Arms,Poleaxe,,Leather,,False,25,"Recover 8,Enduring,Nimble,ABF,Shake +1,Recover 6,Recover 7,Immune Blocked,Serrated,Tempered",300,,False,ABF|Alchemy|Animal Husbandry|Apothecary|Armory|Blacksmith|Butchery|Coliseum|Conditioning Field|Forge|Furnace|Gilded Foundry|Herb Garden|Hospitaller|Infirmary|Master Workshop|Stable|Tannery,8,19
"MaA/Flail+Javelin/Kite/Chain (TY) [RoPaM, (RInd, SProw, NPie, NCun), Florentine, ImmU, Nimble, Recover 8, Riposte]|M8",Man-at-Arms,Flail,Kite Shield,Chainmail,Javelin,True,25,"Recover 8,Nimble,Parry,Drilled,Improved Parry,Immune Blocked,Riposte,Immune Strain,Immune Unwieldy,Florentine",1200,,False,Animal Husbandry|Apothecary|Armory|Blacksmith|Carpentry|Coliseum|Conditioning Field|Fletchery|Furnace|Grand Tournament|Herb Garden|Joinery|Royal Pavilion|Tannery|Tiltyard,8,13
"MaA/Halberd+HuntBow/Leather (TY) [OuInPoI, (RInd, EProw, NPie, SCun), Florentine, ImmU, Nimble]|M8",Man-at-Arms,Halberd,,Leather,Hunting Bow,True,25,"Nimble,confers:Strain,Outrider: once,Immune Blocked,confers:Blocked,Parry,Immune Unwieldy,Florentine",1600,,False,Animal Husbandry|Blacksmith|Carpentry|Coliseum|Conditioning Field|Fletchery|Furnace|Outrider Intercept Post|Stable|Tannery|Tiltyard,8,19
"MaA/Flail+HuntBow/Tower/FullPlate (TY) [(EInd, EProw, NPie, NCun), Florentine, ImmU, Nimble, Recover 8, Temp]|M8",Man-at-Arms,Flail,Tower Shield,Full Plate,Hunting Bow,True,25,"Immune Blocked,Recover 8,Nimble,Parry,Tempered,Immune Unwieldy,Florentine",1200,,False,Animal Husbandry|Apothecary|Armory|Blacksmith|Carpentry|Coliseum|Conditioning Field|Fletchery|Forge|Furnace|Gilded Foundry|Herb Garden|Joinery|Tannery|Tiltyard,8,12
"MaA/WarHammer+Pilum/FullPlate (TY) [ABFM, (SInd, EProw, NPie, NCun), Florentine, ImmU, Nimble, Serr, Temp]|M8",Man-at-Arms,War Hammer,,Full Plate,Pilum,True,25,"Nimble,ABF,Parry,Immune Blocked,Serrated,Tempered,Immune Unwieldy,Florentine",700,,False,ABF|Animal Husbandry|Armory|Blacksmith|Carpentry|Coliseum|Conditioning Field|Fletchery|Forge|Furnace|Gilded Foundry|Master Workshop|Stable|Tannery|Tiltyard,8,16
"MaA/Morningstar+HuntBow/Tower/FullPlate (TY) [(EInd, EProw, NPie, NCun), Florentine, ImmU, Nimble, Recover 8, Temp]|M8",Man-at-Arms,Morningstar,Tower Shield,Full Plate,Hunting Bow,True,25,"Immune Blocked,Recover 8,Nimble,Parry,Tempered,Immune Unwieldy,Florentine",1200,,False,Animal Husbandry|Apothecary|Armory|Blacksmith|Carpentry|Coliseum|Conditioning Field|Fletchery|Forge|Furnace|Gilded Foundry|Herb Garden|Joinery|Tannery|Tiltyard,8,12
"MaA/BattleAxe+HuntBow/Cloth (TY) [(EInd, EProw, EPie, NCun), Enduring, Florentine, ImmU, Nimble, Rec 6, Recover 7, Recover 8, Serr, Shake+1]|M8",Man-at-Arms,Battle Axe,,Cloth,Hunting Bow,True,25,"Recover 8,Nimble,Enduring,Parry,Shake +1,Recover 6,Recover 7,Immune Blocked,Serrated,Immune Unwieldy,Florentine",1500,,False,Alchemy|Apothecary|Blacksmith|Carpentry|Coliseum|Conditioning Field|Fletchery|Furnace|Herb Garden|Hospitaller|Infirmary|Master Workshop|Tiltyard,8,18
"MaA/ShortSword+Longbow/Kite/Leather (TY) [OuInPoI, (RInd, EProw, NPie, SCun), Florentine, ImmU, Nimble]|M8",Man-at-Arms,Short Sword,Kite Shield,Leather,Longbow,True,25,"Nimble,confers:Strain,Outrider: once,Immune Blocked,confers:Blocked,Parry,Immune Unwieldy,Florentine",1200,,False,Animal Husbandry|Armory|Blacksmith|Carpentry|Coliseum|Conditioning Field|Fletchery|Furnace|Joinery|Outrider Intercept Post|Stable|Tannery|Tiltyard,8,19
"MaA/Pitchfork+Crossbow/FullPlate (TY) [(EInd, EProw, NPie, NCun), Florentine, ImmU, Nimble, Recover 8, Temp]|M8",Man-at-Arms,Pitchfork,,Full Plate,Crossbow,True,25,"Immune Blocked,Recover 8,Nimble,Parry,Tempered,Immune Unwieldy,Florentine",1400,,False,Animal Husbandry|Apothecary|Armory|Blacksmith|Carpentry|Coliseum|Conditioning Field|Fletchery|Forge|Furnace|Gilded Foundry|Herb Garden|Tannery|Tiltyard,8,12
"MaA/2HBastard+Arquebus/Gothic (TY) [ABFM, (SInd, EProw, NPie, NCun), Florentine, ImmU, Nimble, Serr, Temp]|M8",Man-at-Arms,2HBastard,,Gothic Plate,Arquebus,True,25,"Nimble,ABF,Parry,Immune Blocked,Serrated,Tempered,Immune Unwieldy,Florentine",700,,False,ABF|Animal Husbandry|Armory|Blacksmith|Carpentry|Coliseum|Conditioning Field|Fletchery|Forge|Furnace|Gilded Foundry|Master Workshop|Stable|Tannery|Tiltyard,8,16
"MaA/Halberd+HuntBow/Cloth (TY) [(EInd, EProw, EPie, NCun), Enduring, Florentine, ImmU, Nimble, Rec 6, Recover 7, Recover 8, Serr, Shake+1]|M8",Man-at-Arms,Halberd,,Cloth,Hunting Bow,True,25,"Recover 8,Nimble,Enduring,Parry,Shake +1,Recover 6,Recover 7,Immune Blocked,Serrated,Immune Unwieldy,Florentine",1500,,False,Alchemy|Apothecary|Blacksmith|Carpentry|Coliseum|Conditioning Field|Fletchery|Furnace|Herb Garden|Hospitaller|Infirmary|Master Workshop|Tiltyard,8,18
"MaA/FarmTools/Cloth [RoPaM, (EInd, SProw, EPie, RCun), Enduring, Nimble, Poison, Rec 6, Recover 7, Recover 8, Riposte, Serr, Shake+1]|M8",Man-at-Arms,Farm Tools,,Cloth,,False,25,"Recover 8,Nimble,Enduring,Parry,Drilled,Poison,Shake +1,Recover 6,Improved Parry,Recover 7,Immune Blocked,Riposte,Serrated,Immune Strain",1600,,False,Academy|Alchemy|Apothecary|Blacksmith|Coliseum|Conditioning Field|Furnace|Grand Tournament|Herb Garden|Hospitaller|Infirmary|Master Workshop|Royal Pavilion|Tiltyard|Toxicarium,8,25
"MaA/Arming+Pilum/Kite/Leather (TY) [ABFM, (SInd, EProw, NPie, NCun), Florentine, ImmU, Nimble, Serr, Temp]|M8",Man-at-Arms,Arming Sword,Kite Shield,Leather,Pilum,True,25,"Nimble,ABF,Parry,Immune Blocked,Serrated,Tempered,Immune Unwieldy,Florentine",500,,False,ABF|Animal Husbandry|Armory|Blacksmith|Carpentry|Coliseum|Conditioning Field|Fletchery|Forge|Furnace|Gilded Foundry|Joinery|Master Workshop|Stable|Tannery|Tiltyard,8,16
"MaA/BattleAxe/FullPlate [RoPaI, (EInd, SProw, EPie, NCun), Enduring, Nimble, Rec 6, Recover 7, Recover 8, Serr, Shake+1, Temp]|M8",Man-at-Arms,Battle Axe,,Full Plate,,False,25,"Recover 8,Enduring,Nimble,Parry,Shake +1,Recover 6,Recover 7,Immune Blocked,Serrated,Tempered,Immune Strain",1300,,False,Alchemy|Animal Husbandry|Apothecary|Armory|Blacksmith|Coliseum|Conditioning Field|Furnace|Gilded Foundry|Herb Garden|Hospitaller|Infirmary|Master Workshop|Royal Pavilion|Stable|Tannery,8,22
"MaA/WarHammer+Pilum/Cloth (TY) [ABFM, (SInd, EProw, NPie, NCun), Florentine, ImmU, Nimble, Serr, Temp]|M8",Man-at-Arms,War Hammer,,Cloth,Pilum,True,25,"Nimble,ABF,Parry,Immune Blocked,Serrated,Tempered,Immune Unwieldy,Florentine",700,,False,ABF|Armory|Blacksmith|Carpentry|Coliseum|Conditioning Field|Fletchery|Forge|Furnace|Gilded Foundry|Master Workshop|Stable|Tannery|Tiltyard,8,16
"MaA/Flail+Longbow/Tower/Cloth (TY) [(EInd, EProw, EPie, NCun), Enduring, Florentine, ImmU, Nimble, Rec 6, Recover 7, Recover 8, Serr, Shake+1]|M8",Man-at-Arms,Flail,Tower Shield,Cloth,Longbow,True,25,"Recover 8,Nimble,Enduring,Parry,Shake +1,Recover 6,Recover 7,Immune Blocked,Serrated,Immune Unwieldy,Florentine",1300,,False,Alchemy|Apothecary|Blacksmith|Carpentry|Coliseum|Conditioning Field|Fletchery|Forge|Furnace|Herb Garden|Hospitaller|Infirmary|Joinery|Master Workshop|Tiltyard,8,18
"MaA/Cudgel+HuntBow/Cloth (TY) [(NInd, EProw, EPie, NCun), Enduring, Florentine, ImmU, Nimble, Rec 6, Recover 7, Recover 8, Shake+1]|M8",Man-at-Arms,Cudgel,,Cloth,Hunting Bow,True,25,"Recover 8,Nimble,Enduring,Shake +1,Recover 6,Recover 7,Immune Blocked,Parry,Immune Unwieldy,Florentine",1000,,False,Alchemy|Animal Husbandry|Apothecary|Butchery|Carpentry|Coliseum|Conditioning Field|Fletchery|Herb Garden|Hospitaller|Infirmary|Tannery|Tiltyard,8,12
"MaA/ShortSword+HuntBow/Tower/FullPlate (TY) [MiMiStI, (EInd, SProw, NPie, NCun), Florentine, ImmU, Nimble, Temp]|M8",Man-at-Arms,Short Sword,Tower Shield,Full Plate,Hunting Bow,True,25,"Nimble,Seize: first,Parry,+1I,Immune Blocked,MaxInit3,Tempered,Immune Unwieldy,Florentine",700,,False,Animal Husbandry|Armory|Blacksmith|Butchery|Carpentry|Coliseum|Conditioning Field|Fletchery|Forge|Furnace|Gilded Foundry|Joinery|Ministry of Military Strategy|Tannery|Tiltyard,8,16
"MaA/Flail+HuntBow/Kite/Cloth (TY) [(RInd, EProw, NPie, NCun), Florentine, ImmU, Nimble, Recover 8]|M8",Man-at-Arms,Flail,Kite Shield,Cloth,Hunting Bow,True,25,"Immune Blocked,Recover 8,Nimble,Parry,Immune Unwieldy,Florentine",1200,,False,Apothecary|Armory|Blacksmith|Carpentry|Coliseum|Conditioning Field|Fletchery|Furnace|Herb Garden|Joinery|Tannery|Tiltyard,8,9
"MaA/FarmTools/Tower/Gothic [ABFM, (SInd, RProw, NPie, NCun), Nimble, Recover 8, Serr, Temp]|M8",Man-at-Arms,Farm Tools,Tower Shield,Gothic Plate,,False,25,"Immune Blocked,Recover 8,Nimble,ABF,Serrated,Tempered",700,,False,ABF|Animal Husbandry|Apothecary|Armory|Blacksmith|Carpentry|Coliseum|Conditioning Field|Forge|Furnace|Gilded Foundry|Herb Garden|Joinery|Master Workshop|Stable|Tannery,8,13
"MaA/Morningstar+Longbow/Tower/FullPlate (TY) [OuInPoI, (EInd, EProw, NPie, SCun), Florentine, ImmU, Nimble, Temp]|M8",Man-at-Arms,Morningstar,Tower Shield,Full Plate,Longbow,True,25,"Nimble,confers:Strain,Outrider: once,Immune Blocked,confers:Blocked,Parry,Tempered,Immune Unwieldy,Florentine",1200,,False,Animal Husbandry|Armory|Blacksmith|Carpentry|Coliseum|Conditioning Field|Fletchery|Forge|Furnace|Gilded Foundry|Joinery|Outrider Intercept Post|Stable|Tannery|Tiltyard,8,22
"MaA/Arming/Tower/Leather [RoPaM, (EInd, SProw, EPie, NCun), Enduring, Nimble, Rec 6, Recover 7, Recover 8, Riposte, Shake+1]|M8",Man-at-Arms,Arming Sword,Tower Shield,Leather,,False,25,"Recover 8,Enduring,Nimble,Parry,Drilled,Shake +1,Recover 6,Improved Parry,Recover 7,Immune Blocked,Riposte,Immune Strain",1000,,False,Alchemy|Animal Husbandry|Apothecary|Blacksmith|Butchery|Carpentry|Coliseum|Conditioning Field|Forge|Furnace|Grand Tournament|Herb Garden|Hospitaller|Infirmary|Joinery|Royal Pavilion|Tannery|Tiltyard,8,22
"MaA/Poleaxe+Longbow/Leather (TY) [ABFM, (SInd, EProw, NPie, NCun), Florentine, ImmU, Nimble, Serr, Temp]|M8",Man-at-Arms,Poleaxe,,Leather,Longbow,True,25,"Nimble,ABF,Parry,Immune Blocked,Serrated,Tempered,Immune Unwieldy,Florentine",700,,False,ABF|Animal Husbandry|Armory|Blacksmith|Carpentry|Coliseum|Conditioning Field|Fletchery|Forge|Furnace|Gilded Foundry|Master Workshop|Stable|Tannery|Tiltyard,8,16
"MaA/Arming+Arquebus/Tower/Chain (TY) [ABFM, (SInd, EProw, NPie, NCun), Florentine, ImmU, Nimble, Serr, Temp]|M8",Man-at-Arms,Arming Sword,Tower Shield,Chainmail,Arquebus,True,25,"Nimble,ABF,Parry,Immune Blocked,Serrated,Tempered,Immune Unwieldy,Florentine",500,,False,ABF|Animal Husbandry|Armory|Blacksmith|Carpentry|Coliseum|Conditioning Field|Fletchery|Forge|Furnace|Gilded Foundry|Joinery|Master Workshop|Stable|Tannery|Tiltyard,8,16
"MaA/ShortSword+Pilum/Tower/Cloth (TY) [ABFM, (SInd, EProw, NPie, NCun), Florentine, ImmU, Nimble, Serr, Temp]|M8",Man-at-Arms,Short Sword,Tower Shield,Cloth,Pilum,True,25,"Nimble,ABF,Parry,Immune Blocked,Serrated,Tempered,Immune Unwieldy,Florentine",500,,False,ABF|Armory|Blacksmith|Carpentry|Coliseum|Conditioning Field|Fletchery|Forge|Furnace|Gilded Foundry|Joinery|Master Workshop|Stable|Tannery|Tiltyard,8,16
"MaA/ShortSword+Javelin/Tower/Leather (TY) [MiMiStI, (EInd, SProw, NPie, NCun), Florentine, ImmU, Nimble]|M8",Man-at-Arms,Short Sword,Tower Shield,Leather,Javelin,True,25,"Nimble,Seize: first,Parry,+1I,Immune Blocked,MaxInit3,Immune Unwieldy,Florentine",1400,,False,Animal Husbandry|Blacksmith|Carpentry|Coliseum|Conditioning Field|Fletchery|Forge|Furnace|Joinery|Ministry of Military Strategy|Stable|Tannery|Tiltyard,8,16
"MaA/Halberd+Arquebus/Leather (TY) [RoPaM, ABFM, (SInd, SProw, NPie, NCun), Florentine, ImmU, Nimble, Riposte, Serr, Temp]|M8",Man-at-Arms,Halberd,,Leather,Arquebus,True,25,"Nimble,ABF,Drilled,Parry,Improved Parry,Immune Blocked,Riposte,Serrated,Tempered,Immune Unwieldy,Florentine,Immune Strain",700,,False,ABF|Animal Husbandry|Armory|Blacksmith|Carpentry|Coliseum|Conditioning Field|Fletchery|Forge|Furnace|Gilded Foundry|Grand Tournament|Master Workshop|Royal Pavilion|Stable|Tannery|Tiltyard,8,20
"MaA/Cudgel+Crossbow/Chain (TY) [(EInd, EProw, NPie, NCun), Florentine, ImmU, Nimble, Recover 8]|M8",Man-at-Arms,Cudgel,,Chainmail,Crossbow,True,25,"Immune Blocked,Recover 8,Nimble,Parry,Immune Unwieldy,Florentine",1400,,False,Animal Husbandry|Apothecary|Armory|Blacksmith|Carpentry|Coliseum|Conditioning Field|Fletchery|Forge|Furnace|Herb Garden|Tannery|Tiltyard,8,12
"MaA/Bastard+HuntBow/Tower/Cloth (TY) [(EInd, EProw, EPie, NCun), Enduring, Florentine, ImmU, Nimble, Rec 6, Recover 7, Recover 8, Shake+1]|M8",Man-at-Arms,Bastard Sword,Tower Shield,Cloth,Hunting Bow,True,25,"Recover 8,Nimble,Enduring,Shake +1,Recover 6,Recover 7,Immune Blocked,Parry,Immune Unwieldy,Florentine",1500,,False,Alchemy|Apothecary|Blacksmith|Carpentry|Coliseum|Conditioning Field|Fletchery|Forge|Furnace|Herb Garden|Hospitaller|Infirmary|Joinery|Stable|Tiltyard,8,18
"MaA/Cavalry Spear/Heater/FullPlate [ABFM, (SInd, EProw, NPie, NCun), Nimble, Riposte, Serr, Temp]|M8",Man-at-Arms,Cavalry Spear,Heater Shield,Full Plate,,False,25,"Nimble,ABF,Parry,Improved Parry,Immune Blocked,Riposte,Serrated,Tempered",200,,False,ABF|Animal Husbandry|Armory|Blacksmith|Butchery|Carpentry|Coliseum|Conditioning Field|Furnace|Gilded Foundry|Grand Tournament|Joinery|Master Workshop|Stable|Tannery,8,16
"MaA/Arming+Arquebus/Tower/FullPlate (TY) [ABFM, (SInd, EProw, NPie, NCun), Florentine, ImmU, Nimble, Serr, Temp]|M8",Man-at-Arms,Arming Sword,Tower Shield,Full Plate,Arquebus,True,25,"Nimble,ABF,Parry,Immune Blocked,Serrated,Tempered,Immune Unwieldy,Florentine",500,,False,ABF|Animal Husbandry|Armory|Blacksmith|Carpentry|Coliseum|Conditioning Field|Fletchery|Forge|Furnace|Gilded Foundry|Joinery|Master Workshop|Stable|Tannery|Tiltyard,8,16
"MaA/Lance/Targe/Gothic [RoPaM, ABFM, (SInd, SProw, NPie, NCun), Nimble, Riposte, Serr, Temp]|M8",Man-at-Arms,Lance,Targe Shield,Gothic Plate,,False,25,"Nimble,ABF,Drilled,Parry,Improved Parry,Immune Blocked,Riposte,Serrated,Tempered,Immune Strain",200,,False,ABF|Animal Husbandry|Armory|Blacksmith|Butchery|Carpentry|Coliseum|Conditioning Field|Forge|Furnace|Gilded Foundry|Grand Tournament|Joinery|Master Workshop|Royal Pavilion|Stable|Tannery|Tiltyard,8,20
"Sgt/FarmTools/Cloth [(NInd, EProw, NPie, NCun), Nimble, Riposte]|M3",Sergeant,Farm Tools,,Cloth,,False,25,"Immune Blocked,Nimble,Riposte,Parry,Improved Parry",2300,,False,Academy|Coliseum|Conditioning Field|Grand Tournament|Levy Hall|War College,3,6
"Sgt/FarmTools/Cloth [(NInd, EProw, NPie, NCun), Nimble]|M3",Sergeant,Farm Tools,,Cloth,,False,25,"Immune Blocked,Parry,Nimble",2300,,False,Academy|Conditioning Field|Levy Hall|War College,3,6
"Sgt/FarmTools/Cloth [MiMiStM, (NInd, SProw, NPie, NCun)]|M3",Sergeant,Farm Tools,,Cloth,,False,25,"+1I,Immune Blocked,Seize: first,Crit 7,Parry,MaxInit3,Improved Parry",2300,,False,Academy|Levy Hall|Ministry of Military Strategy|University|War College,3,10
"Sgt/Cudgel/Cloth [(NInd, EProw, NPie, NCun), Nimble]|M3",Sergeant,Cudgel,,Cloth,,False,25,"Immune Blocked,Parry,Nimble",2300,,False,Academy|Conditioning Field|Levy Hall|War College,3,6
"Sgt/Pitchfork/Cloth [(NInd, EProw, NPie, NCun), Nimble]|M3",Sergeant,Pitchfork,,Cloth,,False,25,"Immune Blocked,Parry,Nimble",2300,,False,Academy|Conditioning Field|Levy Hall|War College,3,6
"Sgt/Pitchfork/Cloth [MiMiStM, (NInd, SProw, NPie, NCun)]|M3",Sergeant,Pitchfork,,Cloth,,False,25,"+1I,Immune Blocked,Seize: first,Crit 7,Parry,MaxInit3,Improved Parry",2300,,False,Academy|Levy Hall|Ministry of Military Strategy|University|War College,3,10
"Sgt/Pitchfork/Cloth [(NInd, EProw, NPie, NCun), Nimble, Riposte]|M3",Sergeant,Pitchfork,,Cloth,,False,25,"Immune Blocked,Nimble,Riposte,Parry,Improved Parry",2300,,False,Academy|Coliseum|Conditioning Field|Grand Tournament|Levy Hall|War College,3,6
"Sgt/FarmTools/Cloth [(NInd, EProw, NPie, RCun), Nimble, Poison, Riposte]|M4",Sergeant,Farm Tools,,Cloth,,False,25,"Immune Blocked,Nimble,Parry,Riposte,Poison,Improved Parry",2200,,False,Academy|Alchemy|Coliseum|Conditioning Field|Grand Tournament|Levy Hall|Toxicarium|War College,4,9
"Sgt/FarmTools/Cloth [(NInd, EProw, NPie, NCun), Nimble]|M4",Sergeant,Farm Tools,,Cloth,,False,25,"Immune Blocked,Parry,Nimble",2300,,False,Academy|Conditioning Field|Levy Hall|Stable|War College,4,6
"Sgt/FarmTools/Cloth [MiMiStM, (NInd, SProw, NPie, NCun)]|M4",Sergeant,Farm Tools,,Cloth,,False,25,"+1I,Immune Blocked,Seize: first,Crit 7,Parry,MaxInit3,Improved Parry",2300,,False,Academy|Levy Hall|Ministry of Military Strategy|Stable|University|War College,4,10
"Sgt/FarmTools/Buckler/Cloth [(RInd, EProw, NPie, NCun), Nimble]|M4",Sergeant,Farm Tools,Buckler Shield,Cloth,,False,25,"Immune Blocked,Parry,Nimble",2100,,False,Academy|Carpentry|Conditioning Field|Joinery|Levy Hall|War College,4,9
"Sgt/FarmTools/Buckler/Cloth [MiMiStM, (RInd, SProw, NPie, NCun)]|M4",Sergeant,Farm Tools,Buckler Shield,Cloth,,False,25,"+1I,Immune Blocked,Seize: first,Crit 7,Parry,MaxInit3,Improved Parry",2100,,False,Academy|Carpentry|Joinery|Levy Hall|Ministry of Military Strategy|University|War College,4,13
"Sgt/FarmTools/Leather [(NInd, EProw, NPie, NCun), Nimble]|M4",Sergeant,Farm Tools,,Leather,,False,25,"Immune Blocked,Parry,Nimble",2100,,False,Academy|Animal Husbandry|Conditioning Field|Levy Hall|Tannery|War College,4,6
"Sgt/Cudgel/Cloth [(NInd, EProw, NPie, NCun), Nimble]|M4",Sergeant,Cudgel,,Cloth,,False,25,"Immune Blocked,Parry,Nimble",2300,,False,Academy|Conditioning Field|Levy Hall|Stable|War College,4,6
"Sgt/Cudgel/Cloth [(NInd, EProw, NPie, RCun), Nimble, Poison]|M4",Sergeant,Cudgel,,Cloth,,False,25,"Parry,Immune Blocked,Poison,Nimble",2200,,False,Academy|Alchemy|Conditioning Field|Levy Hall|Toxicarium|War College,4,9
"Sgt/Cudgel/Leather [(NInd, EProw, NPie, NCun), Nimble]|M4",Sergeant,Cudgel,,Leather,,False,25,"Immune Blocked,Parry,Nimble",2100,,False,Academy|Animal Husbandry|Conditioning Field|Levy Hall|Tannery|War College,4,6
"Sgt/Cudgel/Leather [MiMiStM, (NInd, SProw, NPie, NCun)]|M4",Sergeant,Cudgel,,Leather,,False,25,"+1I,Immune Blocked,Seize: first,Crit 7,Parry,MaxInit3,Improved Parry",2100,,False,Academy|Animal Husbandry|Levy Hall|Ministry of Military Strategy|Tannery|University|War College,4,10
"Sgt/Pitchfork/Cloth [(NInd, EProw, NPie, NCun), Nimble]|M4",Sergeant,Pitchfork,,Cloth,,False,25,"Immune Blocked,Parry,Nimble",2300,,False,Academy|Conditioning Field|Levy Hall|Stable|War College,4,6
"Sgt/Pitchfork/Cloth [MiMiStM, (NInd, SProw, NPie, RCun), Poison]|M4",Sergeant,Pitchfork,,Cloth,,False,25,"Seize: first,Parry,Poison,Improved Parry,+1I,Immune Blocked,Crit 7,MaxInit3",2200,,False,Academy|Alchemy|Levy Hall|Ministry of Military Strategy|Toxicarium|University|War College,4,13
"Sgt/Pitchfork/Cloth [(NInd, EProw, NPie, NCun), Nimble, Riposte]|M4",Sergeant,Pitchfork,,Cloth,,False,25,"Immune Blocked,Nimble,Riposte,Parry,Improved Parry",2300,,False,Academy|Coliseum|Conditioning Field|Grand Tournament|Levy Hall|Stable|War College,4,6
"Sgt/Pitchfork/Leather [(NInd, EProw, NPie, NCun), Nimble]|M4",Sergeant,Pitchfork,,Leather,,False,25,"Immune Blocked,Parry,Nimble",2100,,False,Academy|Animal Husbandry|Conditioning Field|Levy Hall|Tannery|War College,4,6
"Sgt/Daggers/Cloth [MiMiStM, (NInd, SProw, NPie, NCun)]|M4",Sergeant,Daggers,,Cloth,,False,25,"+1I,Immune Blocked,Seize: first,Crit 7,Parry,MaxInit3,Improved Parry",2300,,False,Academy|Furnace|Levy Hall|Ministry of Military Strategy|University|War College,4,10
"Sgt/Daggers/Cloth [(NInd, EProw, NPie, NCun), Nimble]|M4",Sergeant,Daggers,,Cloth,,False,25,"Immune Blocked,Parry,Nimble",2300,,False,Academy|Conditioning Field|Furnace|Levy Hall|War College,4,6
"Sgt/Spears/Cloth [(NInd, EProw, NPie, NCun), Nimble]|M4",Sergeant,Spears,,Cloth,,False,25,"Immune Blocked,Parry,Nimble",2300,,False,Academy|Conditioning Field|Furnace|Levy Hall|War College,4,6
"Sgt/Pike/Cloth [(RInd, EProw, NPie, NCun), Nimble]|M4",Sergeant,Pike,,Cloth,,False,25,"Immune Blocked,Parry,Nimble",2300,,False,Academy|Blacksmith|Conditioning Field|Furnace|Levy Hall|War College,4,9
"Sgt/Pike/Cloth [RoPaI, (RInd, SProw, NPie, NCun)]|M4",Sergeant,Pike,,Cloth,,False,25,"Parry,Immune Blocked,Immune Strain",2300,,False,Academy|Blacksmith|Furnace|Levy Hall|Royal Pavilion|War College,4,13
"Sgt/Halberd/Cloth [(RInd, EProw, NPie, NCun), Nimble]|M4",Sergeant,Halberd,,Cloth,,False,25,"Immune Blocked,Parry,Nimble",2300,,False,Academy|Blacksmith|Conditioning Field|Furnace|Levy Hall|War College,4,9
"Sgt/Halberd/Cloth [(RInd, EProw, NPie, NCun), Nimble, Riposte]|M4",Sergeant,Halberd,,Cloth,,False,25,"Immune Blocked,Nimble,Riposte,Parry,Improved Parry",2300,,False,Academy|Blacksmith|Coliseum|Conditioning Field|Furnace|Grand Tournament|Levy Hall|War College,4,9
"Sgt/BattleAxe/Cloth [(RInd, EProw, NPie, NCun), Nimble]|M4",Sergeant,Battle Axe,,Cloth,,False,25,"Immune Blocked,Parry,Nimble",2300,,False,Academy|Blacksmith|Conditioning Field|Furnace|Levy Hall|War College,4,9
"Sgt/BattleAxe/Cloth [(RInd, EProw, NPie, NCun), Nimble, Riposte]|M4",Sergeant,Battle Axe,,Cloth,,False,25,"Immune Blocked,Nimble,Riposte,Parry,Improved Parry",2300,,False,Academy|Blacksmith|Coliseum|Conditioning Field|Furnace|Grand Tournament|Levy Hall|War College,4,9
"Sgt/2HBastard/Cloth [(EInd, EProw, NPie, NCun), Nimble]|M4",Sergeant,2HBastard,,Cloth,,False,25,"Immune Blocked,Parry,Nimble",2300,,False,Academy|Blacksmith|Conditioning Field|Forge|Furnace|Levy Hall|War College,4,12
"Sgt/WarHammer/Cloth [(EInd, EProw, NPie, NCun), Nimble]|M4",Sergeant,War Hammer,,Cloth,,False,25,"Immune Blocked,Parry,Nimble",2300,,False,Academy|Blacksmith|Conditioning Field|Forge|Furnace|Levy Hall|War College,4,12
"Sgt/FarmTools/Cloth [(NInd, EProw, NPie, NCun), Nimble, Recover 8, Riposte]|M5",Sergeant,Farm Tools,,Cloth,,False,25,"Immune Blocked,Recover 8,Nimble,Riposte,Parry,Improved Parry",2300,,False,Academy|Apothecary|Coliseum|Conditioning Field|Grand Tournament|Herb Garden|Levy Hall|War College,5,6
"Sgt/FarmTools/Cloth [(NInd, EProw, NPie, NCun), Nimble, Recover 8]|M5",Sergeant,Farm Tools,,Cloth,,False,25,"Immune Blocked,Parry,Recover 8,Nimble",2300,,False,Academy|Apothecary|Conditioning Field|Herb Garden|Levy Hall|War College,5,6
"Sgt/FarmTools/Cloth [MiMiStM, (NInd, SProw, NPie, NCun), Recover 8]|M5",Sergeant,Farm Tools,,Cloth,,False,25,"Recover 8,Seize: first,Parry,Improved Parry,+1I,Immune Blocked,Crit 7,MaxInit3",2300,,False,Academy|Apothecary|Herb Garden|Levy Hall|Ministry of Military Strategy|University|War College,5,10
"Sgt/FarmTools/Buckler/Cloth [(RInd, EProw, NPie, NCun), Nimble]|M5",Sergeant,Farm Tools,Buckler Shield,Cloth,,False,25,"Immune Blocked,Parry,Nimble",2100,,False,Academy|Carpentry|Conditioning Field|Joinery|Levy Hall|Stable|War College,5,9
"Sgt/FarmTools/Buckler/Cloth [MiMiStM, (RInd, SProw, NPie, RCun), Poison]|M5",Sergeant,Farm Tools,Buckler Shield,Cloth,,False,25,"Seize: first,Parry,Poison,Improved Parry,+1I,Immune Blocked,Crit 7,MaxInit3",2000,,False,Academy|Alchemy|Carpentry|Joinery|Levy Hall|Ministry of Military Strategy|Toxicarium|University|War College,5,16
"Sgt/FarmTools/Targe/Cloth [(RInd, EProw, NPie, NCun), Nimble]|M5",Sergeant,Farm Tools,Targe Shield,Cloth,,False,25,"Immune Blocked,Parry,Nimble",2100,,False,Academy|Blacksmith|Carpentry|Conditioning Field|Furnace|Joinery|Levy Hall|War College,5,9
"Sgt/FarmTools/Tower/Cloth [(EInd, EProw, NPie, NCun), Nimble]|M5",Sergeant,Farm Tools,Tower Shield,Cloth,,False,25,"Immune Blocked,Parry,Nimble",2100,,False,Academy|Blacksmith|Carpentry|Conditioning Field|Forge|Furnace|Joinery|Levy Hall|War College,5,12
"Sgt/FarmTools/Leather [(NInd, EProw, NPie, RCun), Nimble, Poison]|M5",Sergeant,Farm Tools,,Leather,,False,25,"Parry,Immune Blocked,Poison,Nimble",2000,,False,Academy|Alchemy|Animal Husbandry|Conditioning Field|Levy Hall|Tannery|Toxicarium|War College,5,9
"Sgt/FarmTools/Leather [(NInd, EProw, NPie, NCun), Nimble]|M5",Sergeant,Farm Tools,,Leather,,False,25,"Immune Blocked,Parry,Nimble",1300,,False,Academy|Animal Husbandry|Butchery|Conditioning Field|Levy Hall|Tannery|War College,5,6
"Sgt/FarmTools/Buckler/Leather [(RInd, EProw, NPie, NCun), Nimble]|M5",Sergeant,Farm Tools,Buckler Shield,Leather,,False,25,"Immune Blocked,Parry,Nimble",1900,,False,Academy|Animal Husbandry|Carpentry|Conditioning Field|Joinery|Levy Hall|Tannery|War College,5,9
"Sgt/FarmTools/Chain [(RInd, EProw, NPie, NCun), Nimble]|M5",Sergeant,Farm Tools,,Chainmail,,False,25,"Immune Blocked,Parry,Nimble",1900,,False,Academy|Animal Husbandry|Armory|Blacksmith|Conditioning Field|Furnace|Levy Hall|Tannery|War College,5,9
"Sgt/FarmTools/FullPlate [MiMiStM, (EInd, SProw, NPie, NCun), Temp]|M5",Sergeant,Farm Tools,,Full Plate,,False,25,"Seize: first,Parry,Improved Parry,+1I,Immune Blocked,Crit 7,MaxInit3,Tempered",1900,,False,Academy|Animal Husbandry|Armory|Blacksmith|Furnace|Gilded Foundry|Levy Hall|Ministry of Military Strategy|Tannery|University|War College,5,16
"Sgt/FarmTools/FullPlate [(EInd, EProw, NPie, NCun), Nimble, Temp]|M5",Sergeant,Farm Tools,,Full Plate,,False,25,"Immune Blocked,Parry,Tempered,Nimble",1900,,False,Academy|Animal Husbandry|Armory|Blacksmith|Conditioning Field|Furnace|Gilded Foundry|Levy Hall|Tannery|War College,5,12
"Sgt/Cudgel/Cloth [(NInd, EProw, NPie, NCun), Nimble, Recover 8]|M5",Sergeant,Cudgel,,Cloth,,False,25,"Immune Blocked,Parry,Recover 8,Nimble",2300,,False,Academy|Apothecary|Conditioning Field|Herb Garden|Levy Hall|War College,5,6
"Sgt/Cudgel/Leather [(NInd, EProw, NPie, NCun), Nimble]|M5",Sergeant,Cudgel,,Leather,,False,25,"Immune Blocked,Parry,Nimble",2100,,False,Academy|Animal Husbandry|Conditioning Field|Levy Hall|Stable|Tannery|War College,5,6
"Sgt/Cudgel/Leather [MiMiStM, (NInd, SProw, NPie, NCun)]|M5",Sergeant,Cudgel,,Leather,,False,25,"+1I,Immune Blocked,Seize: first,Crit 7,Parry,MaxInit3,Improved Parry",1300,,False,Academy|Animal Husbandry|Butchery|Levy Hall|Ministry of Military Strategy|Tannery|University|War College,5,10
"Sgt/Cudgel/Chain [MiMiStM, (RInd, SProw, NPie, NCun)]|M5",Sergeant,Cudgel,,Chainmail,,False,25,"+1I,Immune Blocked,Seize: first,Crit 7,Parry,MaxInit3,Improved Parry",1900,,False,Academy|Animal Husbandry|Armory|Blacksmith|Furnace|Levy Hall|Ministry of Military Strategy|Tannery|University|War College,5,13
"Sgt/Cudgel/Chain [(RInd, EProw, NPie, NCun), Nimble]|M5",Sergeant,Cudgel,,Chainmail,,False,25,"Immune Blocked,Parry,Nimble",1900,,False,Academy|Animal Husbandry|Armory|Blacksmith|Conditioning Field|Furnace|Levy Hall|Tannery|War College,5,9
"Sgt/Cudgel/Chain [(RInd, EProw, NPie, NCun), Nimble, Riposte]|M5",Sergeant,Cudgel,,Chainmail,,False,25,"Immune Blocked,Nimble,Riposte,Parry,Improved Parry",1900,,False,Academy|Animal Husbandry|Armory|Blacksmith|Coliseum|Conditioning Field|Furnace|Grand Tournament|Levy Hall|Tannery|War College,5,9
"Sgt/Cudgel/FullPlate [(EInd, EProw, NPie, NCun), Nimble, Temp]|M5",Sergeant,Cudgel,,Full Plate,,False,25,"Immune Blocked,Parry,Tempered,Nimble",1900,,False,Academy|Animal Husbandry|Armory|Blacksmith|Conditioning Field|Furnace|Gilded Foundry|Levy Hall|Tannery|War College,5,12
"Sgt/Pitchfork/Cloth [(NInd, EProw, NPie, NCun), Nimble, Recover 8]|M5",Sergeant,Pitchfork,,Cloth,,False,25,"Immune Blocked,Parry,Recover 8,Nimble",2300,,False,Academy|Apothecary|Conditioning Field|Herb Garden|Levy Hall|War College,5,6
"Sgt/Pitchfork/Cloth [MiMiStM, (NInd, SProw, NPie, NCun), Recover 8]|M5",Sergeant,Pitchfork,,Cloth,,False,25,"Recover 8,Seize: first,Parry,Improved Parry,+1I,Immune Blocked,Crit 7,MaxInit3",2300,,False,Academy|Apothecary|Herb Garden|Levy Hall|Ministry of Military Strategy|University|War College,5,10
"Sgt/Pitchfork/Cloth [(NInd, EProw, NPie, NCun), Nimble, Recover 8, Riposte]|M5",Sergeant,Pitchfork,,Cloth,,False,25,"Immune Blocked,Recover 8,Nimble,Riposte,Parry,Improved Parry",2300,,False,Academy|Apothecary|Coliseum|Conditioning Field|Grand Tournament|Herb Garden|Levy Hall|War College,5,6
"Sgt/Pitchfork/Leather [(NInd, EProw, NPie, NCun), Nimble]|M5",Sergeant,Pitchfork,,Leather,,False,25,"Immune Blocked,Parry,Nimble",2100,,False,Academy|Animal Husbandry|Conditioning Field|Levy Hall|Stable|Tannery|War College,5,6
"Sgt/Pitchfork/Leather [(NInd, EProw, NPie, RCun), Nimble, Poison]|M5",Sergeant,Pitchfork,,Leather,,False,25,"Parry,Immune Blocked,Poison,Nimble",2000,,False,Academy|Alchemy|Animal Husbandry|Conditioning Field|Levy Hall|Tannery|Toxicarium|War College,5,9
"Sgt/Pitchfork/Chain [(RInd, EProw, NPie, NCun), Nimble]|M5",Sergeant,Pitchfork,,Chainmail,,False,25,"Immune Blocked,Parry,Nimble",1900,,False,Academy|Animal Husbandry|Armory|Blacksmith|Conditioning Field|Furnace|Levy Hall|Tannery|War College,5,9
"Sgt/Pitchfork/FullPlate [(EInd, EProw, NPie, NCun), Nimble, Temp]|M5",Sergeant,Pitchfork,,Full Plate,,False,25,"Immune Blocked,Parry,Tempered,Nimble",1900,,False,Academy|Animal Husbandry|Armory|Blacksmith|Conditioning Field|Furnace|Gilded Foundry|Levy Hall|Tannery|War College,5,12
"Sgt/Daggers/Cloth [MiMiStM, (NInd, SProw, NPie, RCun), Poison]|M5",Sergeant,Daggers,,Cloth,,False,25,"Seize: first,Parry,Poison,Improved Parry,+1I,Immune Blocked,Crit 7,MaxInit3",2200,,False,Academy|Alchemy|Furnace|Levy Hall|Ministry of Military Strategy|Toxicarium|University|War College,5,13
"Sgt/Daggers/Cloth [RoPaM, (NInd, SProw, NPie, NCun), Improved Parry]|M5",Sergeant,Daggers,,Cloth,,False,25,"Immune Blocked,Drilled,Parry,Improved Parry,Immune Strain",2300,,False,Academy|Furnace|Grand Tournament|Levy Hall|Royal Pavilion|Tiltyard|War College,5,10
"Sgt/Daggers/Cloth [(EInd, EProw, NPie, NCun), Nimble, Serr]|M5",Sergeant,Daggers,,Cloth,,False,25,"Parry,Immune Blocked,Serrated,Nimble",2100,,False,Academy|Blacksmith|Conditioning Field|Furnace|Levy Hall|Master Workshop|War College,5,12
"Sgt/Daggers/Leather [(NInd, EProw, NPie, NCun), Nimble]|M5",Sergeant,Daggers,,Leather,,False,25,"Immune Blocked,Parry,Nimble",2100,,False,Academy|Animal Husbandry|Conditioning Field|Furnace|Levy Hall|Tannery|War College,5,6
"Sgt/Daggers/Chain [(RInd, EProw, NPie, NCun), Nimble]|M5",Sergeant,Daggers,,Chainmail,,False,25,"Immune Blocked,Parry,Nimble",1900,,False,Academy|Animal Husbandry|Armory|Blacksmith|Conditioning Field|Furnace|Levy Hall|Tannery|War College,5,9
"Sgt/Daggers/FullPlate [(EInd, EProw, NPie, NCun), Nimble, Temp]|M5",Sergeant,Daggers,,Full Plate,,False,25,"Immune Blocked,Parry,Tempered,Nimble",1900,,False,Academy|Animal Husbandry|Armory|Blacksmith|Conditioning Field|Furnace|Gilded Foundry|Levy Hall|Tannery|War College,5,12
"Sgt/ShortSword/Targe/Cloth [(RInd, EProw, NPie, NCun), Nimble]|M5",Sergeant,Short Sword,Targe Shield,Cloth,,False,25,"Immune Blocked,Parry,Nimble",2100,,False,Academy|Blacksmith|Carpentry|Conditioning Field|Furnace|Joinery|Levy Hall|War College,5,9
"Sgt/ShortSword/Tower/Cloth [(EInd, EProw, NPie, NCun), Nimble]|M5",Sergeant,Short Sword,Tower Shield,Cloth,,False,25,"Immune Blocked,Parry,Nimble",2100,,False,Academy|Blacksmith|Carpentry|Conditioning Field|Forge|Furnace|Joinery|Levy Hall|War College,5,12
"Sgt/ShortSword/Tower/Cloth [(EInd, EProw, NPie, NCun), Nimble, Riposte]|M5",Sergeant,Short Sword,Tower Shield,Cloth,,False,25,"Immune Blocked,Nimble,Riposte,Parry,Improved Parry",2100,,False,Academy|Blacksmith|Carpentry|Coliseum|Conditioning Field|Forge|Furnace|Grand Tournament|Joinery|Levy Hall|War College,5,12
"Sgt/Spears/Cloth [(NInd, EProw, NPie, RCun), Nimble, Poison]|M5",Sergeant,Spears,,Cloth,,False,25,"Parry,Immune Blocked,Poison,Nimble",2200,,False,Academy|Alchemy|Conditioning Field|Furnace|Levy Hall|Toxicarium|War College,5,9
"Sgt/Spears/Cloth [(EInd, EProw, NPie, NCun), Nimble, Serr]|M5",Sergeant,Spears,,Cloth,,False,25,"Parry,Immune Blocked,Serrated,Nimble",2100,,False,Academy|Blacksmith|Conditioning Field|Furnace|Levy Hall|Master Workshop|War College,5,12
"Sgt/Spears/Leather [(NInd, EProw, NPie, NCun), Nimble]|M5",Sergeant,Spears,,Leather,,False,25,"Immune Blocked,Parry,Nimble",2100,,False,Academy|Animal Husbandry|Conditioning Field|Furnace|Levy Hall|Tannery|War College,5,6
"Sgt/Spears/Leather [(NInd, EProw, NPie, NCun), Nimble, Riposte]|M5",Sergeant,Spears,,Leather,,False,25,"Immune Blocked,Nimble,Riposte,Parry,Improved Parry",2100,,False,Academy|Animal Husbandry|Coliseum|Conditioning Field|Furnace|Grand Tournament|Levy Hall|Tannery|War College,5,6
"Sgt/Spears/Chain [(RInd, EProw, NPie, NCun), Nimble]|M5",Sergeant,Spears,,Chainmail,,False,25,"Immune Blocked,Parry,Nimble",1900,,False,Academy|Animal Husbandry|Armory|Blacksmith|Conditioning Field|Furnace|Levy Hall|Tannery|War College,5,9
"Sgt/Spears/FullPlate [(EInd, EProw, NPie, NCun), Nimble, Temp]|M5",Sergeant,Spears,,Full Plate,,False,25,"Immune Blocked,Parry,Tempered,Nimble",1900,,False,Academy|Animal Husbandry|Armory|Blacksmith|Conditioning Field|Furnace|Gilded Foundry|Levy Hall|Tannery|War College,5,12
"Sgt/Arming/Tower/Cloth [(EInd, EProw, NPie, NCun), Nimble]|M5",Sergeant,Arming Sword,Tower Shield,Cloth,,False,25,"Immune Blocked,Parry,Nimble",2100,,False,Academy|Blacksmith|Carpentry|Conditioning Field|Forge|Furnace|Joinery|Levy Hall|War College,5,12
"Sgt/Arming/Tower/Cloth [(EInd, EProw, NPie, NCun), Nimble, Riposte]|M5",Sergeant,Arming Sword,Tower Shield,Cloth,,False,25,"Immune Blocked,Nimble,Riposte,Parry,Improved Parry",2100,,False,Academy|Blacksmith|Carpentry|Coliseum|Conditioning Field|Forge|Furnace|Grand Tournament|Joinery|Levy Hall|War College,5,12
"Sgt/Pike/Cloth [(RInd, EProw, NPie, RCun), Nimble, Poison]|M5",Sergeant,Pike,,Cloth,,False,25,"Parry,Immune Blocked,Poison,Nimble",2200,,False,Academy|Alchemy|Blacksmith|Conditioning Field|Furnace|Levy Hall|Toxicarium|War College,5,12
"Sgt/Pike/Cloth [RoPaI, (RInd, SProw, NPie, NCun)]|M5",Sergeant,Pike,,Cloth,,False,25,"Parry,Immune Blocked,Immune Strain",2300,,False,Academy|Blacksmith|Furnace|Levy Hall|Royal Pavilion|Stable|War College,5,13
"Sgt/Pike/Leather [OuInPoI, (RInd, EProw, NPie, SCun)]|M5",Sergeant,Pike,,Leather,,False,25,"Immune Blocked,confers:Blocked,confers:Strain,Outrider: once,Parry",2100,,False,Academy|Animal Husbandry|Blacksmith|Furnace|Levy Hall|Outrider Intercept Post|Tannery|War College,5,19
"Sgt/Pike/Leather [(RInd, EProw, NPie, NCun), Nimble]|M5",Sergeant,Pike,,Leather,,False,25,"Immune Blocked,Parry,Nimble",2100,,False,Academy|Animal Husbandry|Blacksmith|Conditioning Field|Furnace|Levy Hall|Tannery|War College,5,9
"Sgt/Pike/Chain [(RInd, EProw, NPie, NCun), Nimble, Riposte]|M5",Sergeant,Pike,,Chainmail,,False,25,"Immune Blocked,Nimble,Riposte,Parry,Improved Parry",1900,,False,Academy|Animal Husbandry|Armory|Blacksmith|Coliseum|Conditioning Field|Furnace|Grand Tournament|Levy Hall|Tannery|War College,5,9
"Sgt/Pike/Chain [(RInd, EProw, NPie, NCun), Nimble]|M5",Sergeant,Pike,,Chainmail,,False,25,"Immune Blocked,Parry,Nimble",1900,,False,Academy|Animal Husbandry|Armory|Blacksmith|Conditioning Field|Furnace|Levy Hall|Tannery|War College,5,9
"Sgt/Pike/FullPlate [(EInd, EProw, NPie, NCun), Nimble, Temp]|M5",Sergeant,Pike,,Full Plate,,False,25,"Immune Blocked,Parry,Tempered,Nimble",1900,,False,Academy|Animal Husbandry|Armory|Blacksmith|Conditioning Field|Furnace|Gilded Foundry|Levy Hall|Tannery|War College,5,12
"Sgt/Flail/Tower/Cloth [RoPaI, (EInd, SProw, NPie, NCun)]|M5",Sergeant,Flail,Tower Shield,Cloth,,False,25,"Parry,Immune Blocked,Immune Strain",2100,,False,Academy|Blacksmith|Carpentry|Forge|Furnace|Joinery|Levy Hall|Royal Pavilion|War College,5,16
"Sgt/Flail/Tower/Cloth [(EInd, EProw, NPie, NCun), Nimble]|M5",Sergeant,Flail,Tower Shield,Cloth,,False,25,"Immune Blocked,Parry,Nimble",2100,,False,Academy|Blacksmith|Carpentry|Conditioning Field|Forge|Furnace|Joinery|Levy Hall|War College,5,12
"Sgt/Halberd/Cloth [(RInd, EProw, NPie, RCun), Nimble, Poison]|M5",Sergeant,Halberd,,Cloth,,False,25,"Parry,Immune Blocked,Poison,Nimble",2200,,False,Academy|Alchemy|Blacksmith|Conditioning Field|Furnace|Levy Hall|Toxicarium|War College,5,12
"Sgt/Halberd/Cloth [(EInd, EProw, NPie, NCun), Nimble, Riposte, Serr]|M5",Sergeant,Halberd,,Cloth,,False,25,"Immune Blocked,Nimble,Serrated,Riposte,Parry,Improved Parry",2100,,False,Academy|Blacksmith|Coliseum|Conditioning Field|Furnace|Grand Tournament|Levy Hall|Master Workshop|War College,5,12
"Sgt/Halberd/Cloth [(EInd, EProw, NPie, NCun), Nimble, Serr]|M5",Sergeant,Halberd,,Cloth,,False,25,"Parry,Immune Blocked,Serrated,Nimble",2100,,False,Academy|Blacksmith|Conditioning Field|Furnace|Levy Hall|Master Workshop|War College,5,12
"Sgt/Halberd/Leather [MiMiStI, (RInd, SProw, NPie, NCun)]|M5",Sergeant,Halberd,,Leather,,False,25,"+1I,Immune Blocked,Seize: first,Parry,MaxInit3",2100,,False,Academy|Animal Husbandry|Blacksmith|Furnace|Levy Hall|Ministry of Military Strategy|Tannery|War College,5,13
"Sgt/Halberd/Leather [(RInd, EProw, NPie, NCun), Nimble]|M5",Sergeant,Halberd,,Leather,,False,25,"Immune Blocked,Parry,Nimble",2100,,False,Academy|Animal Husbandry|Blacksmith|Conditioning Field|Furnace|Levy Hall|Tannery|War College,5,9
"Sgt/Halberd/Chain [(RInd, EProw, NPie, NCun), Nimble]|M5",Sergeant,Halberd,,Chainmail,,False,25,"Immune Blocked,Parry,Nimble",1900,,False,Academy|Animal Husbandry|Armory|Blacksmith|Conditioning Field|Furnace|Levy Hall|Tannery|War College,5,9
"Sgt/Halberd/FullPlate [MiMiStM, (EInd, SProw, NPie, NCun), Temp]|M5",Sergeant,Halberd,,Full Plate,,False,25,"Seize: first,Parry,Improved Parry,+1I,Immune Blocked,Crit 7,MaxInit3,Tempered",1900,,False,Academy|Animal Husbandry|Armory|Blacksmith|Furnace|Gilded Foundry|Levy Hall|Ministry of Military Strategy|Tannery|University|War College,5,16
"Sgt/Halberd/FullPlate [(EInd, EProw, NPie, NCun), Nimble, Temp]|M5",Sergeant,Halberd,,Full Plate,,False,25,"Immune Blocked,Parry,Tempered,Nimble",1900,,False,Academy|Animal Husbandry|Armory|Blacksmith|Conditioning Field|Furnace|Gilded Foundry|Levy Hall|Tannery|War College,5,12
"Sgt/BattleAxe/Cloth [(RInd, EProw, NPie, RCun), Nimble, Poison]|M5",Sergeant,Battle Axe,,Cloth,,False,25,"Parry,Immune Blocked,Poison,Nimble",2200,,False,Academy|Alchemy|Blacksmith|Conditioning Field|Furnace|Levy Hall|Toxicarium|War College,5,12
"Sgt/BattleAxe/Cloth [RoPaM, (RInd, SProw, NPie, NCun), Improved Parry]|M5",Sergeant,Battle Axe,,Cloth,,False,25,"Immune Blocked,Drilled,Parry,Improved Parry,Immune Strain",2300,,False,Academy|Blacksmith|Furnace|Grand Tournament|Levy Hall|Royal Pavilion|Tiltyard|War College,5,13
"Sgt/BattleAxe/Cloth [(RInd, EProw, NPie, RCun), Nimble, Poison, Riposte]|M5",Sergeant,Battle Axe,,Cloth,,False,25,"Immune Blocked,Nimble,Parry,Riposte,Poison,Improved Parry",2200,,False,Academy|Alchemy|Blacksmith|Coliseum|Conditioning Field|Furnace|Grand Tournament|Levy Hall|Toxicarium|War College,5,12
"Sgt/BattleAxe/Leather [(RInd, EProw, NPie, NCun), Nimble]|M5",Sergeant,Battle Axe,,Leather,,False,25,"Immune Blocked,Parry,Nimble",2100,,False,Academy|Animal Husbandry|Blacksmith|Conditioning Field|Furnace|Levy Hall|Tannery|War College,5,9
"Sgt/BattleAxe/Chain [(RInd, EProw, NPie, NCun), Nimble]|M5",Sergeant,Battle Axe,,Chainmail,,False,25,"Immune Blocked,Parry,Nimble",1900,,False,Academy|Animal Husbandry|Armory|Blacksmith|Conditioning Field|Furnace|Levy Hall|Tannery|War College,5,9
"Sgt/BattleAxe/FullPlate [(EInd, EProw, NPie, NCun), Nimble, Temp]|M5",Sergeant,Battle Axe,,Full Plate,,False,25,"Immune Blocked,Parry,Tempered,Nimble",1900,,False,Academy|Animal Husbandry|Armory|Blacksmith|Conditioning Field|Furnace|Gilded Foundry|Levy Hall|Tannery|War College,5,12
"Sgt/Cavalry Spear/Buckler/Cloth [(RInd, EProw, NPie, NCun), Nimble]|M5",Sergeant,Cavalry Spear,Buckler Shield,Cloth,,False,25,"Immune Blocked,Parry,Nimble",2100,,False,Academy|Blacksmith|Carpentry|Conditioning Field|Furnace|Joinery|Levy Hall|War College,5,9
"Sgt/Cavalry Spear/Buckler/Cloth [PrI, (RInd, EProw, SPie, NCun), Shake+1]|M5",Sergeant,Cavalry Spear,Buckler Shield,Cloth,,False,25,"Immune Blocked,Parry,Shake +1,Resolute",2100,,False,Academy|Blacksmith|Carpentry|Furnace|Joinery|Levy Hall|Preceptory|War College,5,19
"Sgt/Cavalry Spear/Targe/Cloth [(RInd, EProw, NPie, NCun), Nimble]|M5",Sergeant,Cavalry Spear,Targe Shield,Cloth,,False,25,"Immune Blocked,Parry,Nimble",2100,,False,Academy|Blacksmith|Carpentry|Conditioning Field|Furnace|Joinery|Levy Hall|War College,5,9
"Sgt/Cavalry Spear/Targe/Cloth [MiMiStM, (RInd, SProw, NPie, NCun)]|M5",Sergeant,Cavalry Spear,Targe Shield,Cloth,,False,25,"+1I,Immune Blocked,Seize: first,Crit 7,Parry,MaxInit3,Improved Parry",2100,,False,Academy|Blacksmith|Carpentry|Furnace|Joinery|Levy Hall|Ministry of Military Strategy|University|War College,5,13
"Sgt/Morningstar/Tower/Cloth [OuInPoI, (EInd, EProw, NPie, SCun)]|M5",Sergeant,Morningstar,Tower Shield,Cloth,,False,25,"Immune Blocked,confers:Blocked,confers:Strain,Outrider: once,Parry",2100,,False,Academy|Blacksmith|Carpentry|Forge|Furnace|Joinery|Levy Hall|Outrider Intercept Post|War College,5,22
"Sgt/Morningstar/Tower/Cloth [(EInd, EProw, NPie, NCun), Nimble]|M5",Sergeant,Morningstar,Tower Shield,Cloth,,False,25,"Immune Blocked,Parry,Nimble",2100,,False,Academy|Blacksmith|Carpentry|Conditioning Field|Forge|Furnace|Joinery|Levy Hall|War College,5,12
"Sgt/Bastard/Tower/Cloth [(EInd, EProw, NPie, NCun), Nimble]|M5",Sergeant,Bastard Sword,Tower Shield,Cloth,,False,25,"Immune Blocked,Parry,Nimble",2100,,False,Academy|Blacksmith|Carpentry|Conditioning Field|Forge|Furnace|Joinery|Levy Hall|War College,5,12
"Sgt/2HBastard/Cloth [(EInd, EProw, NPie, NCun), Nimble]|M5",Sergeant,2HBastard,,Cloth,,False,25,"Immune Blocked,Parry,Nimble",2300,,False,Academy|Blacksmith|Conditioning Field|Forge|Furnace|Levy Hall|Stable|War College,5,12
"Sgt/2HBastard/Cloth [RoPaM, (EInd, SProw, NPie, NCun), Improved Parry]|M5",Sergeant,2HBastard,,Cloth,,False,25,"Immune Blocked,Drilled,Parry,Improved Parry,Immune Strain",2300,,False,Academy|Blacksmith|Forge|Furnace|Grand Tournament|Levy Hall|Royal Pavilion|Tiltyard|War College,5,16
"Sgt/2HBastard/Leather [(EInd, EProw, NPie, NCun), Nimble]|M5",Sergeant,2HBastard,,Leather,,False,25,"Immune Blocked,Parry,Nimble",2100,,False,Academy|Animal Husbandry|Blacksmith|Conditioning Field|Forge|Furnace|Levy Hall|Tannery|War College,5,12
"Sgt/2HBastard/Chain [(EInd, EProw, NPie, NCun), Nimble]|M5",Sergeant,2HBastard,,Chainmail,,False,25,"Immune Blocked,Parry,Nimble",1900,,False,Academy|Animal Husbandry|Armory|Blacksmith|Conditioning Field|Forge|Furnace|Levy Hall|Tannery|War College,5,12
"Sgt/2HBastard/FullPlate [MiMiStI, (EInd, SProw, NPie, NCun), Temp]|M5",Sergeant,2HBastard,,Full Plate,,False,25,"+1I,Immune Blocked,Seize: first,Parry,Tempered,MaxInit3",1900,,False,Academy|Animal Husbandry|Armory|Blacksmith|Forge|Furnace|Gilded Foundry|Levy Hall|Ministry of Military Strategy|Tannery|War College,5,16
"Sgt/2HBastard/FullPlate [(EInd, EProw, NPie, NCun), Nimble, Temp]|M5",Sergeant,2HBastard,,Full Plate,,False,25,"Immune Blocked,Parry,Tempered,Nimble",1900,,False,Academy|Animal Husbandry|Armory|Blacksmith|Conditioning Field|Forge|Furnace|Gilded Foundry|Levy Hall|Tannery|War College,5,12
"Sgt/WarHammer/Cloth [(EInd, EProw, NPie, NCun), Nimble]|M5",Sergeant,War Hammer,,Cloth,,False,25,"Immune Blocked,Parry,Nimble",2300,,False,Academy|Blacksmith|Conditioning Field|Forge|Furnace|Levy Hall|Stable|War College,5,12
"Sgt/WarHammer/Cloth [(EInd, EProw, NPie, NCun), Nimble, Serr]|M5",Sergeant,War Hammer,,Cloth,,False,25,"Parry,Immune Blocked,Serrated,Nimble",2100,,False,Academy|Blacksmith|Conditioning Field|Forge|Furnace|Levy Hall|Master Workshop|War College,5,12
"Sgt/WarHammer/Leather [(EInd, EProw, NPie, NCun), Nimble]|M5",Sergeant,War Hammer,,Leather,,False,25,"Immune Blocked,Parry,Nimble",2100,,False,Academy|Animal Husbandry|Blacksmith|Conditioning Field|Forge|Furnace|Levy Hall|Tannery|War College,5,12
"Sgt/WarHammer/Chain [(EInd, EProw, NPie, NCun), Nimble]|M5",Sergeant,War Hammer,,Chainmail,,False,25,"Immune Blocked,Parry,Nimble",1900,,False,Academy|Animal Husbandry|Armory|Blacksmith|Conditioning Field|Forge|Furnace|Levy Hall|Tannery|War College,5,12
"Sgt/WarHammer/Chain [(EInd, EProw, NPie, NCun), Nimble, Riposte]|M5",Sergeant,War Hammer,,Chainmail,,False,25,"Immune Blocked,Nimble,Riposte,Parry,Improved Parry",1900,,False,Academy|Animal Husbandry|Armory|Blacksmith|Coliseum|Conditioning Field|Forge|Furnace|Grand Tournament|Levy Hall|Tannery|War College,5,12
"Sgt/WarHammer/FullPlate [(EInd, EProw, NPie, NCun), Nimble, Temp]|M5",Sergeant,War Hammer,,Full Plate,,False,25,"Immune Blocked,Parry,Tempered,Nimble",1900,,False,Academy|Animal Husbandry|Armory|Blacksmith|Conditioning Field|Forge|Furnace|Gilded Foundry|Levy Hall|Tannery|War College,5,12
"Sgt/Lance/Buckler/Cloth [(EInd, EProw, NPie, NCun), Nimble]|M5",Sergeant,Lance,Buckler Shield,Cloth,,False,25,"Immune Blocked,Parry,Nimble",2100,,False,Academy|Blacksmith|Carpentry|Conditioning Field|Forge|Furnace|Joinery|Levy Hall|War College,5,12
"Sgt/Lance/Targe/Cloth [(EInd, EProw, NPie, NCun), Nimble]|M5",Sergeant,Lance,Targe Shield,Cloth,,False,25,"Immune Blocked,Parry,Nimble",2100,,False,Academy|Blacksmith|Carpentry|Conditioning Field|Forge|Furnace|Joinery|Levy Hall|War College,5,12
"Sgt/Lance/Targe/Cloth [(EInd, EProw, NPie, NCun), Nimble, Riposte]|M5",Sergeant,Lance,Targe Shield,Cloth,,False,25,"Immune Blocked,Nimble,Riposte,Parry,Improved Parry",2100,,False,Academy|Blacksmith|Carpentry|Coliseum|Conditioning Field|Forge|Furnace|Grand Tournament|Joinery|Levy Hall|War College,5,12
"Sgt/Cavalry Spear/Buckler/Cloth [PrI, (EInd, EProw, SPie, NCun), Serr, Shake+1]|M6",Sergeant,Cavalry Spear,Buckler Shield,Cloth,,False,25,"Immune Blocked,Resolute,Parry,Shake +1,Serrated",1900,,False,Academy|Blacksmith|Carpentry|Furnace|Joinery|Levy Hall|Master Workshop|Preceptory|War College,6,22
"Sgt/Arming/Tower/Chain [(EInd, EProw, NPie, NCun), Nimble, Riposte]|M6",Sergeant,Arming Sword,Tower Shield,Chainmail,,False,25,"Immune Blocked,Nimble,Riposte,Parry,Improved Parry",1700,,False,Academy|Animal Husbandry|Armory|Blacksmith|Carpentry|Coliseum|Conditioning Field|Forge|Furnace|Grand Tournament|Joinery|Levy Hall|Tannery|War College,6,12
"Sgt/Spears/Leather [(NInd, EProw, NPie, NCun), Nimble]|M6",Sergeant,Spears,,Leather,,False,25,"Immune Blocked,Parry,Nimble",1300,,False,Academy|Animal Husbandry|Butchery|Conditioning Field|Furnace|Levy Hall|Tannery|War College,6,6
"Sgt/FarmTools/Buckler/Leather [(RInd, EProw, NPie, NCun), Nimble]|M6",Sergeant,Farm Tools,Buckler Shield,Leather,,False,25,"Immune Blocked,Parry,Nimble",1100,,False,Academy|Animal Husbandry|Butchery|Carpentry|Conditioning Field|Joinery|Levy Hall|Tannery|War College,6,9
"Sgt/Halberd/Cloth [(RInd, EProw, NPie, NCun), Nimble, Recover 8, Riposte]|M6",Sergeant,Halberd,,Cloth,,False,25,"Immune Blocked,Recover 8,Nimble,Riposte,Parry,Improved Parry",2300,,False,Academy|Apothecary|Blacksmith|Coliseum|Conditioning Field|Furnace|Grand Tournament|Herb Garden|Levy Hall|War College,6,9
"Sgt/FarmTools/Tower/Cloth [(EInd, EProw, NPie, NCun), Nimble, Serr]|M6",Sergeant,Farm Tools,Tower Shield,Cloth,,False,25,"Parry,Immune Blocked,Serrated,Nimble",1900,,False,Academy|Blacksmith|Carpentry|Conditioning Field|Forge|Furnace|Joinery|Levy Hall|Master Workshop|War College,6,12
"Sgt/Cudgel/Cloth [(NInd, EProw, EPie, NCun), Enduring, Nimble, Rec 6, Recover 7, Recover 8, Shake+1]|M6",Sergeant,Cudgel,,Cloth,,False,25,"Recover 8,Enduring,Nimble,Shake +1,Recover 6,Recover 7,Immune Blocked,Parry",2200,,False,Academy|Alchemy|Apothecary|Conditioning Field|Herb Garden|Hospitaller|Infirmary|Levy Hall|Stable|War College,6,12
"Sgt/Arming/Tower/Cloth [(EInd, EProw, NPie, NCun), Nimble]|M6",Sergeant,Arming Sword,Tower Shield,Cloth,,False,25,"Immune Blocked,Parry,Nimble",2100,,False,Academy|Blacksmith|Carpentry|Conditioning Field|Forge|Furnace|Joinery|Levy Hall|Stable|War College,6,12
"Sgt/FarmTools/Targe/Chain [MiMiStM, (RInd, SProw, NPie, NCun)]|M6",Sergeant,Farm Tools,Targe Shield,Chainmail,,False,25,"+1I,Immune Blocked,Seize: first,Crit 7,Parry,MaxInit3,Improved Parry",1700,,False,Academy|Animal Husbandry|Armory|Blacksmith|Carpentry|Furnace|Joinery|Levy Hall|Ministry of Military Strategy|Tannery|University|War College,6,13
"Sgt/Halberd/Cloth [(RInd, EProw, NPie, NCun), Nimble, Recover 8]|M6",Sergeant,Halberd,,Cloth,,False,25,"Immune Blocked,Parry,Recover 8,Nimble",2300,,False,Academy|Apothecary|Blacksmith|Conditioning Field|Furnace|Herb Garden|Levy Hall|War College,6,9
"Sgt/Halberd/Leather [MiMiStI, (RInd, SProw, NPie, RCun), Poison]|M6",Sergeant,Halberd,,Leather,,False,25,"+1I,Immune Blocked,Seize: first,Poison,Parry,MaxInit3",2000,,False,Academy|Alchemy|Animal Husbandry|Blacksmith|Furnace|Levy Hall|Ministry of Military Strategy|Tannery|Toxicarium|War College,6,16
"Sgt/Cudgel/Chain [MiMiStM, (RInd, SProw, NPie, NCun)]|M6",Sergeant,Cudgel,,Chainmail,,False,25,"+1I,Immune Blocked,Seize: first,Crit 7,Parry,MaxInit3,Improved Parry",1900,,False,Academy|Animal Husbandry|Armory|Blacksmith|Furnace|Levy Hall|Ministry of Military Strategy|Stable|Tannery|University|War College,6,13
"Sgt/FarmTools/Buckler/FullPlate [(EInd, EProw, NPie, NCun), Nimble, Riposte, Temp]|M6",Sergeant,Farm Tools,Buckler Shield,Full Plate,,False,25,"Immune Blocked,Nimble,Riposte,Parry,Tempered,Improved Parry",1700,,False,Academy|Animal Husbandry|Armory|Blacksmith|Carpentry|Coliseum|Conditioning Field|Furnace|Gilded Foundry|Grand Tournament|Joinery|Levy Hall|Tannery|War College,6,12
"Sgt/Pitchfork/FullPlate [(EInd, EProw, NPie, NCun), Nimble, Temp]|M6",Sergeant,Pitchfork,,Full Plate,,False,25,"Immune Blocked,Parry,Tempered,Nimble",1900,,False,Academy|Animal Husbandry|Armory|Blacksmith|Conditioning Field|Furnace|Gilded Foundry|Levy Hall|Stable|Tannery|War College,6,12
"Sgt/Cavalry Spear/Kite/FullPlate [(EInd, EProw, NPie, NCun), Nimble, Riposte, Temp]|M6",Sergeant,Cavalry Spear,Kite Shield,Full Plate,,False,25,"Immune Blocked,Nimble,Riposte,Parry,Tempered,Improved Parry",1700,,False,Academy|Animal Husbandry|Armory|Blacksmith|Carpentry|Coliseum|Conditioning Field|Furnace|Gilded Foundry|Grand Tournament|Joinery|Levy Hall|Tannery|War College,6,12
"Sgt/Lance/Kite/Chain [(EInd, EProw, NPie, NCun), Nimble]|M6",Sergeant,Lance,Kite Shield,Chainmail,,False,25,"Immune Blocked,Parry,Nimble",1700,,False,Academy|Animal Husbandry|Armory|Blacksmith|Carpentry|Conditioning Field|Forge|Furnace|Joinery|Levy Hall|Tannery|War College,6,12
"Sgt/Daggers/Cloth [MiMiStM, (NInd, SProw, NPie, NCun), Recover 8]|M6",Sergeant,Daggers,,Cloth,,False,25,"Recover 8,Seize: first,Parry,Improved Parry,+1I,Immune Blocked,Crit 7,MaxInit3",2300,,False,Academy|Apothecary|Furnace|Herb Garden|Levy Hall|Ministry of Military Strategy|University|War College,6,10
"Sgt/Flail/Tower/Chain [(EInd, EProw, NPie, NCun), Nimble]|M6",Sergeant,Flail,Tower Shield,Chainmail,,False,25,"Immune Blocked,Parry,Nimble",1700,,False,Academy|Animal Husbandry|Armory|Blacksmith|Carpentry|Conditioning Field|Forge|Furnace|Joinery|Levy Hall|Tannery|War College,6,12
"Sgt/Flail/Kite/FullPlate [(EInd, EProw, NPie, NCun), Nimble, Temp]|M6",Sergeant,Flail,Kite Shield,Full Plate,,False,25,"Immune Blocked,Parry,Tempered,Nimble",1700,,False,Academy|Animal Husbandry|Armory|Blacksmith|Carpentry|Conditioning Field|Furnace|Gilded Foundry|Joinery|Levy Hall|Tannery|War College,6,12
"Sgt/FarmTools/Targe/Leather [PrI, (RInd, EProw, SPie, NCun), Shake+1]|M6",Sergeant,Farm Tools,Targe Shield,Leather,,False,25,"Immune Blocked,Parry,Shake +1,Resolute",1900,,False,Academy|Animal Husbandry|Blacksmith|Carpentry|Furnace|Joinery|Levy Hall|Preceptory|Tannery|War College,6,19
"Sgt/Pitchfork/Leather [(NInd, EProw, NPie, NCun), Nimble, Recover 8]|M6",Sergeant,Pitchfork,,Leather,,False,25,"Immune Blocked,Parry,Recover 8,Nimble",2100,,False,Academy|Animal Husbandry|Apothecary|Conditioning Field|Herb Garden|Levy Hall|Tannery|War College,6,6
"Sgt/ShortSword/Tower/Chain [RoPaI, (EInd, SProw, NPie, NCun)]|M6",Sergeant,Short Sword,Tower Shield,Chainmail,,False,25,"Parry,Immune Blocked,Immune Strain",1700,,False,Academy|Animal Husbandry|Armory|Blacksmith|Carpentry|Forge|Furnace|Joinery|Levy Hall|Royal Pavilion|Tannery|War College,6,16
"Sgt/ShortSword/Tower/Cloth [(EInd, EProw, NPie, NCun), Nimble]|M6",Sergeant,Short Sword,Tower Shield,Cloth,,False,25,"Immune Blocked,Parry,Nimble",2100,,False,Academy|Blacksmith|Carpentry|Conditioning Field|Forge|Furnace|Joinery|Levy Hall|Stable|War College,6,12
"Sgt/Lance/Kite/FullPlate [(EInd, EProw, NPie, NCun), Nimble, Temp]|M6",Sergeant,Lance,Kite Shield,Full Plate,,False,25,"Immune Blocked,Parry,Tempered,Nimble",1700,,False,Academy|Animal Husbandry|Armory|Blacksmith|Carpentry|Conditioning Field|Forge|Furnace|Gilded Foundry|Joinery|Levy Hall|Tannery|War College,6,12
"Sgt/Halberd/FullPlate [MiMiStM, (EInd, SProw, NPie, RCun), Poison, Temp]|M6",Sergeant,Halberd,,Full Plate,,False,25,"Seize: first,Parry,Poison,Improved Parry,+1I,Immune Blocked,Crit 7,MaxInit3,Tempered",1800,,False,Academy|Alchemy|Animal Husbandry|Armory|Blacksmith|Furnace|Gilded Foundry|Levy Hall|Ministry of Military Strategy|Tannery|Toxicarium|University|War College,6,19
"Sgt/Flail/Kite/FullPlate [MiMiStM, (EInd, SProw, NPie, NCun), Temp]|M6",Sergeant,Flail,Kite Shield,Full Plate,,False,25,"Seize: first,Parry,Improved Parry,+1I,Immune Blocked,Crit 7,MaxInit3,Tempered",1700,,False,Academy|Animal Husbandry|Armory|Blacksmith|Carpentry|Furnace|Gilded Foundry|Joinery|Levy Hall|Ministry of Military Strategy|Tannery|University|War College,6,16
"Sgt/FarmTools/Kite/Cloth [(RInd, EProw, NPie, NCun), Nimble]|M6",Sergeant,Farm Tools,Kite Shield,Cloth,,False,25,"Immune Blocked,Parry,Nimble",1700,,False,Academy|Armory|Blacksmith|Carpentry|Conditioning Field|Furnace|Joinery|Levy Hall|Tannery|War College,6,9
"Sgt/ShortSword/Targe/Chain [(RInd, EProw, NPie, NCun), Nimble]|M6",Sergeant,Short Sword,Targe Shield,Chainmail,,False,25,"Immune Blocked,Parry,Nimble",1700,,False,Academy|Animal Husbandry|Armory|Blacksmith|Carpentry|Conditioning Field|Furnace|Joinery|Levy Hall|Tannery|War College,6,9
"Sgt/Pike/Chain [(RInd, EProw, NPie, NCun), Nimble, Riposte]|M6",Sergeant,Pike,,Chainmail,,False,25,"Immune Blocked,Nimble,Riposte,Parry,Improved Parry",1100,,False,Academy|Animal Husbandry|Armory|Blacksmith|Butchery|Coliseum|Conditioning Field|Furnace|Grand Tournament|Levy Hall|Tannery|War College,6,9
"Sgt/Bastard/Tower/Cloth [(EInd, EProw, NPie, NCun), Nimble]|M6",Sergeant,Bastard Sword,Tower Shield,Cloth,,False,25,"Immune Blocked,Parry,Nimble",2100,,False,Academy|Blacksmith|Carpentry|Conditioning Field|Forge|Furnace|Joinery|Levy Hall|Stable|War College,6,12
"Sgt/2HBastard/Chain [(EInd, EProw, NPie, RCun), Nimble, Poison]|M6",Sergeant,2HBastard,,Chainmail,,False,25,"Parry,Immune Blocked,Poison,Nimble",1800,,False,Academy|Alchemy|Animal Husbandry|Armory|Blacksmith|Conditioning Field|Forge|Furnace|Levy Hall|Tannery|Toxicarium|War College,6,15
"Sgt/Cudgel/FullPlate [(EInd, EProw, NPie, NCun), Nimble, Temp]|M6",Sergeant,Cudgel,,Full Plate,,False,25,"Immune Blocked,Parry,Tempered,Nimble",1900,,False,Academy|Animal Husbandry|Armory|Blacksmith|Conditioning Field|Furnace|Gilded Foundry|Levy Hall|Stable|Tannery|War College,6,12
"Sgt/Daggers/Cloth [RoPaM, (EInd, SProw, NPie, NCun), Improved Parry, Serr]|M6",Sergeant,Daggers,,Cloth,,False,25,"Immune Blocked,Serrated,Drilled,Parry,Improved Parry,Immune Strain",2100,,False,Academy|Blacksmith|Furnace|Grand Tournament|Levy Hall|Master Workshop|Royal Pavilion|Tiltyard|War College,6,16
"Sgt/FarmTools/Buckler/Cloth [(RInd, EProw, NPie, NCun), Nimble, Recover 8]|M6",Sergeant,Farm Tools,Buckler Shield,Cloth,,False,25,"Immune Blocked,Parry,Recover 8,Nimble",2100,,False,Academy|Apothecary|Carpentry|Conditioning Field|Herb Garden|Joinery|Levy Hall|War College,6,9
"Sgt/Cavalry Spear/Targe/Cloth [MiMiStM, (EInd, SProw, NPie, NCun), Serr]|M6",Sergeant,Cavalry Spear,Targe Shield,Cloth,,False,25,"Seize: first,Parry,MaxInit3,Improved Parry,+1I,Immune Blocked,Crit 7,Serrated",1900,,False,Academy|Blacksmith|Carpentry|Furnace|Joinery|Levy Hall|Master Workshop|Ministry of Military Strategy|University|War College,6,16
"Sgt/FarmTools/Buckler/FullPlate [(EInd, EProw, NPie, NCun), Nimble, Temp]|M6",Sergeant,Farm Tools,Buckler Shield,Full Plate,,False,25,"Immune Blocked,Parry,Tempered,Nimble",1700,,False,Academy|Animal Husbandry|Armory|Blacksmith|Carpentry|Conditioning Field|Furnace|Gilded Foundry|Joinery|Levy Hall|Tannery|War College,6,12
"Sgt/BattleAxe/Chain [(EInd, EProw, NPie, NCun), Nimble, Serr]|M6",Sergeant,Battle Axe,,Chainmail,,False,25,"Parry,Immune Blocked,Serrated,Nimble",1700,,False,Academy|Animal Husbandry|Armory|Blacksmith|Conditioning Field|Furnace|Levy Hall|Master Workshop|Tannery|War College,6,12
"Sgt/Morningstar/Tower/FullPlate [RoPaI, (EInd, SProw, NPie, NCun), Temp]|M6",Sergeant,Morningstar,Tower Shield,Full Plate,,False,25,"Parry,Immune Blocked,Immune Strain,Tempered",1700,,False,Academy|Animal Husbandry|Armory|Blacksmith|Carpentry|Forge|Furnace|Gilded Foundry|Joinery|Levy Hall|Royal Pavilion|Tannery|War College,6,16
"Sgt/Morningstar/Tower/Leather [OuInPoI, (EInd, EProw, NPie, SCun)]|M6",Sergeant,Morningstar,Tower Shield,Leather,,False,25,"Immune Blocked,confers:Blocked,confers:Strain,Outrider: once,Parry",1900,,False,Academy|Animal Husbandry|Blacksmith|Carpentry|Forge|Furnace|Joinery|Levy Hall|Outrider Intercept Post|Tannery|War College,6,22
"Sgt/Lance/Buckler/Cloth [(EInd, EProw, NPie, NCun), Nimble, Serr]|M6",Sergeant,Lance,Buckler Shield,Cloth,,False,25,"Parry,Immune Blocked,Serrated,Nimble",1900,,False,Academy|Blacksmith|Carpentry|Conditioning Field|Forge|Furnace|Joinery|Levy Hall|Master Workshop|War College,6,12
"Sgt/FarmTools/Chain [RoPaM, (RInd, SProw, NPie, NCun), Improved Parry]|M6",Sergeant,Farm Tools,,Chainmail,,False,25,"Immune Blocked,Drilled,Parry,Improved Parry,Immune Strain",1900,,False,Academy|Animal Husbandry|Armory|Blacksmith|Furnace|Grand Tournament|Levy Hall|Royal Pavilion|Tannery|Tiltyard|War College,6,13
"Sgt/ShortSword/Targe/Chain [PrI, (RInd, EProw, SPie, NCun), Shake+1]|M6",Sergeant,Short Sword,Targe Shield,Chainmail,,False,25,"Immune Blocked,Parry,Shake +1,Resolute",1700,,False,Academy|Animal Husbandry|Armory|Blacksmith|Carpentry|Furnace|Joinery|Levy Hall|Preceptory|Tannery|War College,6,19
"Sgt/WarHammer/Chain [(EInd, EProw, NPie, RCun), Nimble, Poison]|M6",Sergeant,War Hammer,,Chainmail,,False,25,"Parry,Immune Blocked,Poison,Nimble",1800,,False,Academy|Alchemy|Animal Husbandry|Armory|Blacksmith|Conditioning Field|Forge|Furnace|Levy Hall|Tannery|Toxicarium|War College,6,15
"Sgt/Morningstar/Tower/Cloth [RoPaM, (EInd, SProw, NPie, NCun), Improved Parry]|M6",Sergeant,Morningstar,Tower Shield,Cloth,,False,25,"Immune Blocked,Drilled,Parry,Improved Parry,Immune Strain",2100,,False,Academy|Blacksmith|Carpentry|Forge|Furnace|Grand Tournament|Joinery|Levy Hall|Royal Pavilion|Tiltyard|War College,6,16
"Sgt/Pike/Leather [RoPaM, (RInd, SProw, NPie, NCun), Improved Parry]|M6",Sergeant,Pike,,Leather,,False,25,"Immune Blocked,Drilled,Parry,Improved Parry,Immune Strain",2100,,False,Academy|Animal Husbandry|Blacksmith|Furnace|Grand Tournament|Levy Hall|Royal Pavilion|Tannery|Tiltyard|War College,6,13
"Sgt/WarHammer/Cloth [(EInd, EProw, NPie, NCun), Nimble, Recover 8]|M6",Sergeant,War Hammer,,Cloth,,False,25,"Immune Blocked,Parry,Recover 8,Nimble",2300,,False,Academy|Apothecary|Blacksmith|Conditioning Field|Forge|Furnace|Herb Garden|Levy Hall|War College,6,12
"Sgt/WarHammer/Leather [(EInd, EProw, NPie, NCun), Nimble, Serr]|M6",Sergeant,War Hammer,,Leather,,False,25,"Parry,Immune Blocked,Serrated,Nimble",1900,,False,Academy|Animal Husbandry|Blacksmith|Conditioning Field|Forge|Furnace|Levy Hall|Master Workshop|Tannery|War College,6,12
"Sgt/ShortSword/Kite/Cloth [MiMiStI, (RInd, SProw, NPie, NCun)]|M6",Sergeant,Short Sword,Kite Shield,Cloth,,False,25,"+1I,Immune Blocked,Seize: first,Parry,MaxInit3",1700,,False,Academy|Armory|Blacksmith|Carpentry|Furnace|Joinery|Levy Hall|Ministry of Military Strategy|Tannery|War College,6,13
"Sgt/Arming/Tower/Cloth [(EInd, EProw, NPie, NCun), Nimble, Riposte, Serr]|M6",Sergeant,Arming Sword,Tower Shield,Cloth,,False,25,"Immune Blocked,Nimble,Serrated,Riposte,Parry,Improved Parry",1900,,False,Academy|Blacksmith|Carpentry|Coliseum|Conditioning Field|Forge|Furnace|Grand Tournament|Joinery|Levy Hall|Master Workshop|War College,6,12
"Sgt/Halberd/Leather [(RInd, EProw, NPie, NCun), Nimble]|M6",Sergeant,Halberd,,Leather,,False,25,"Immune Blocked,Parry,Nimble",2100,,False,Academy|Animal Husbandry|Blacksmith|Conditioning Field|Furnace|Levy Hall|Stable|Tannery|War College,6,9
"Sgt/WarHammer/Chain [(EInd, EProw, NPie, NCun), Nimble, Riposte]|M6",Sergeant,War Hammer,,Chainmail,,False,25,"Immune Blocked,Nimble,Riposte,Parry,Improved Parry",1900,,False,Academy|Animal Husbandry|Armory|Blacksmith|Coliseum|Conditioning Field|Forge|Furnace|Grand Tournament|Levy Hall|Stable|Tannery|War College,6,12
"Sgt/BattleAxe/FullPlate [(EInd, EProw, NPie, NCun), Nimble, Serr, Temp]|M6",Sergeant,Battle Axe,,Full Plate,,False,25,"Immune Blocked,Nimble,Parry,Serrated,Tempered",1700,,False,Academy|Animal Husbandry|Armory|Blacksmith|Conditioning Field|Furnace|Gilded Foundry|Levy Hall|Master Workshop|Tannery|War College,6,12
"Sgt/Arming/Kite/Leather [(RInd, EProw, NPie, NCun), Nimble]|M6",Sergeant,Arming Sword,Kite Shield,Leather,,False,25,"Immune Blocked,Parry,Nimble",1700,,False,Academy|Animal Husbandry|Armory|Blacksmith|Carpentry|Conditioning Field|Furnace|Joinery|Levy Hall|Tannery|War College,6,9
"Sgt/Lance/Targe/Cloth [(EInd, EProw, NPie, RCun), Nimble, Poison, Riposte]|M6",Sergeant,Lance,Targe Shield,Cloth,,False,25,"Immune Blocked,Nimble,Parry,Riposte,Poison,Improved Parry",2000,,False,Academy|Alchemy|Blacksmith|Carpentry|Coliseum|Conditioning Field|Forge|Furnace|Grand Tournament|Joinery|Levy Hall|Toxicarium|War College,6,15
"Sgt/ShortSword/Tower/Leather [(EInd, EProw, NPie, NCun), Nimble]|M6",Sergeant,Short Sword,Tower Shield,Leather,,False,25,"Immune Blocked,Parry,Nimble",1900,,False,Academy|Animal Husbandry|Blacksmith|Carpentry|Conditioning Field|Forge|Furnace|Joinery|Levy Hall|Tannery|War College,6,12
"Sgt/Pike/Cloth [RoPaI, (RInd, SProw, NPie, NCun), Recover 8]|M6",Sergeant,Pike,,Cloth,,False,25,"Parry,Immune Blocked,Immune Strain,Recover 8",2300,,False,Academy|Apothecary|Blacksmith|Furnace|Herb Garden|Levy Hall|Royal Pavilion|War College,6,13
"Sgt/2HBastard/FullPlate [(EInd, EProw, NPie, NCun), Nimble, Serr, Temp]|M6",Sergeant,2HBastard,,Full Plate,,False,25,"Immune Blocked,Nimble,Parry,Serrated,Tempered",1700,,False,Academy|Animal Husbandry|Armory|Blacksmith|Conditioning Field|Forge|Furnace|Gilded Foundry|Levy Hall|Master Workshop|Tannery|War College,6,12
"Sgt/FarmTools/Tower/Leather [(EInd, EProw, NPie, NCun), Nimble]|M6",Sergeant,Farm Tools,Tower Shield,Leather,,False,25,"Immune Blocked,Parry,Nimble",1900,,False,Academy|Animal Husbandry|Blacksmith|Carpentry|Conditioning Field|Forge|Furnace|Joinery|Levy Hall|Tannery|War College,6,12
"Sgt/FarmTools/Tower/FullPlate [(EInd, EProw, NPie, NCun), Nimble, Temp]|M6",Sergeant,Farm Tools,Tower Shield,Full Plate,,False,25,"Immune Blocked,Parry,Tempered,Nimble",1700,,False,Academy|Animal Husbandry|Armory|Blacksmith|Carpentry|Conditioning Field|Forge|Furnace|Gilded Foundry|Joinery|Levy Hall|Tannery|War College,6,12
"Sgt/FarmTools/FullPlate [MiMiStM, (EInd, SProw, NPie, NCun), Serr, Temp]|M6",Sergeant,Farm Tools,,Full Plate,,False,25,"Seize: first,Parry,MaxInit3,Improved Parry,+1I,Immune Blocked,Crit 7,Serrated,Tempered",1700,,False,Academy|Animal Husbandry|Armory|Blacksmith|Furnace|Gilded Foundry|Levy Hall|Master Workshop|Ministry of Military Strategy|Tannery|University|War College,6,16
"Sgt/Flail/Kite/Leather [(RInd, EProw, NPie, NCun), Nimble]|M6",Sergeant,Flail,Kite Shield,Leather,,False,25,"Immune Blocked,Parry,Nimble",1700,,False,Academy|Animal Husbandry|Armory|Blacksmith|Carpentry|Conditioning Field|Furnace|Joinery|Levy Hall|Tannery|War College,6,9
"Sgt/ShortSword/Kite/Cloth [OuInPoI, (RInd, EProw, NPie, SCun)]|M6",Sergeant,Short Sword,Kite Shield,Cloth,,False,25,"Immune Blocked,confers:Blocked,confers:Strain,Outrider: once,Parry",1700,,False,Academy|Armory|Blacksmith|Carpentry|Furnace|Joinery|Levy Hall|Outrider Intercept Post|Tannery|War College,6,19
"Sgt/Daggers/FullPlate [RoPaM, (EInd, SProw, NPie, NCun), Improved Parry, Temp]|M6",Sergeant,Daggers,,Full Plate,,False,25,"Immune Blocked,Drilled,Parry,Tempered,Improved Parry,Immune Strain",1900,,False,Academy|Animal Husbandry|Armory|Blacksmith|Furnace|Gilded Foundry|Grand Tournament|Levy Hall|Royal Pavilion|Tannery|Tiltyard|War College,6,16
"Sgt/FarmTools/FullPlate [(EInd, EProw, NPie, RCun), Nimble, Poison, Temp]|M6",Sergeant,Farm Tools,,Full Plate,,False,25,"Immune Blocked,Nimble,Parry,Poison,Tempered",1800,,False,Academy|Alchemy|Animal Husbandry|Armory|Blacksmith|Conditioning Field|Furnace|Gilded Foundry|Levy Hall|Tannery|Toxicarium|War College,6,15
"Sgt/Pitchfork+HuntBow/Cloth (TY) [(NInd, EProw, NPie, NCun), Florentine, ImmU, Nimble]|M6",Sergeant,Pitchfork,,Cloth,Hunting Bow,True,25,"Immune Blocked,Nimble,Parry,Immune Unwieldy,Florentine",2100,,False,Academy|Carpentry|Coliseum|Conditioning Field|Fletchery|Levy Hall|Tiltyard|War College,6,6
"Sgt/Halberd/FullPlate [(EInd, EProw, NPie, RCun), Nimble, Poison, Temp]|M6",Sergeant,Halberd,,Full Plate,,False,25,"Immune Blocked,Nimble,Parry,Poison,Tempered",1800,,False,Academy|Alchemy|Animal Husbandry|Armory|Blacksmith|Conditioning Field|Furnace|Gilded Foundry|Levy Hall|Tannery|Toxicarium|War College,6,15
"Sgt/FarmTools/Targe/Chain [MiMiStI, (RInd, SProw, NPie, NCun)]|M6",Sergeant,Farm Tools,Targe Shield,Chainmail,,False,25,"+1I,Immune Blocked,Seize: first,Parry,MaxInit3",1700,,False,Academy|Animal Husbandry|Armory|Blacksmith|Carpentry|Furnace|Joinery|Levy Hall|Ministry of Military Strategy|Tannery|War College,6,13
"Sgt/FarmTools/Kite/Cloth [MiMiStM, (RInd, SProw, NPie, NCun)]|M6",Sergeant,Farm Tools,Kite Shield,Cloth,,False,25,"+1I,Immune Blocked,Seize: first,Crit 7,Parry,MaxInit3,Improved Parry",1700,,False,Academy|Armory|Blacksmith|Carpentry|Furnace|Joinery|Levy Hall|Ministry of Military Strategy|Tannery|University|War College,6,13
"Sgt/Flail/Kite/Cloth [(RInd, EProw, NPie, NCun), Nimble]|M6",Sergeant,Flail,Kite Shield,Cloth,,False,25,"Immune Blocked,Parry,Nimble",1700,,False,Academy|Armory|Blacksmith|Carpentry|Conditioning Field|Furnace|Joinery|Levy Hall|Tannery|War College,6,9
"Sgt/Daggers/Chain [(RInd, EProw, NPie, NCun), Nimble]|M6",Sergeant,Daggers,,Chainmail,,False,25,"Immune Blocked,Parry,Nimble",1100,,False,Academy|Animal Husbandry|Armory|Blacksmith|Butchery|Conditioning Field|Furnace|Levy Hall|Tannery|War College,6,9
"Sgt/FarmTools/Targe/Chain [(RInd, EProw, NPie, NCun), Nimble]|M6",Sergeant,Farm Tools,Targe Shield,Chainmail,,False,25,"Immune Blocked,Parry,Nimble",1700,,False,Academy|Animal Husbandry|Armory|Blacksmith|Carpentry|Conditioning Field|Furnace|Joinery|Levy Hall|Tannery|War College,6,9
"Sgt/Spears/Leather [(NInd, EProw, NPie, NCun), Nimble, Riposte]|M6",Sergeant,Spears,,Leather,,False,25,"Immune Blocked,Nimble,Riposte,Parry,Improved Parry",1300,,False,Academy|Animal Husbandry|Butchery|Coliseum|Conditioning Field|Furnace|Grand Tournament|Levy Hall|Tannery|War College,6,6
"Sgt/Bastard/Tower/Cloth [(EInd, EProw, NPie, NCun), Nimble, Serr]|M6",Sergeant,Bastard Sword,Tower Shield,Cloth,,False,25,"Parry,Immune Blocked,Serrated,Nimble",1900,,False,Academy|Blacksmith|Carpentry|Conditioning Field|Forge|Furnace|Joinery|Levy Hall|Master Workshop|War College,6,12
"Sgt/FarmTools/Cloth [MiMiStM, (NInd, SProw, EPie, NCun), Enduring, Rec 6, Recover 7, Recover 8, Shake+1]|M6",Sergeant,Farm Tools,,Cloth,,False,25,"Recover 8,Enduring,Seize: first,Parry,Shake +1,Recover 6,Improved Parry,Recover 7,+1I,Immune Blocked,Crit 7,MaxInit3",2200,,False,Academy|Alchemy|Apothecary|Herb Garden|Hospitaller|Infirmary|Levy Hall|Ministry of Military Strategy|Stable|University|War College,6,16
"Sgt/Bastard/Tower/Chain [MiMiStM, (EInd, SProw, NPie, NCun)]|M6",Sergeant,Bastard Sword,Tower Shield,Chainmail,,False,25,"+1I,Immune Blocked,Seize: first,Crit 7,Parry,MaxInit3,Improved Parry",1700,,False,Academy|Animal Husbandry|Armory|Blacksmith|Carpentry|Forge|Furnace|Joinery|Levy Hall|Ministry of Military Strategy|Tannery|University|War College,6,16
"Sgt/ShortSword/Kite/Leather [OuInPoI, (RInd, EProw, NPie, SCun)]|M6",Sergeant,Short Sword,Kite Shield,Leather,,False,25,"Immune Blocked,confers:Blocked,confers:Strain,Outrider: once,Parry",1700,,False,Academy|Animal Husbandry|Armory|Blacksmith|Carpentry|Furnace|Joinery|Levy Hall|Outrider Intercept Post|Tannery|War College,6,19
"Sgt/FarmTools/Targe/Cloth [(EInd, EProw, NPie, NCun), Nimble, Serr]|M6",Sergeant,Farm Tools,Targe Shield,Cloth,,False,25,"Parry,Immune Blocked,Serrated,Nimble",1900,,False,Academy|Blacksmith|Carpentry|Conditioning Field|Furnace|Joinery|Levy Hall|Master Workshop|War College,6,12
"Sgt/Cavalry Spear/Targe/Cloth [(RInd, EProw, NPie, RCun), Nimble, Poison]|M6",Sergeant,Cavalry Spear,Targe Shield,Cloth,,False,25,"Parry,Immune Blocked,Poison,Nimble",2000,,False,Academy|Alchemy|Blacksmith|Carpentry|Conditioning Field|Furnace|Joinery|Levy Hall|Toxicarium|War College,6,12
"Sgt/FarmTools/Buckler/Cloth [MiMiStM, (RInd, SProw, NPie, NCun), Recover 8]|M6",Sergeant,Farm Tools,Buckler Shield,Cloth,,False,25,"Recover 8,Seize: first,Parry,Improved Parry,+1I,Immune Blocked,Crit 7,MaxInit3",2100,,False,Academy|Apothecary|Carpentry|Herb Garden|Joinery|Levy Hall|Ministry of Military Strategy|University|War College,6,13
"Sgt/Halberd/Chain [(RInd, EProw, NPie, RCun), Nimble, Poison]|M6",Sergeant,Halberd,,Chainmail,,False,25,"Parry,Immune Blocked,Poison,Nimble",1800,,False,Academy|Alchemy|Animal Husbandry|Armory|Blacksmith|Conditioning Field|Furnace|Levy Hall|Tannery|Toxicarium|War College,6,12
"Sgt/Lance/Targe/Cloth [(EInd, EProw, NPie, NCun), Nimble, Serr]|M6",Sergeant,Lance,Targe Shield,Cloth,,False,25,"Parry,Immune Blocked,Serrated,Nimble",1900,,False,Academy|Blacksmith|Carpentry|Conditioning Field|Forge|Furnace|Joinery|Levy Hall|Master Workshop|War College,6,12
"Sgt/Lance/Buckler/Leather [(EInd, EProw, NPie, NCun), Nimble]|M6",Sergeant,Lance,Buckler Shield,Leather,,False,25,"Immune Blocked,Parry,Nimble",1900,,False,Academy|Animal Husbandry|Blacksmith|Carpentry|Conditioning Field|Forge|Furnace|Joinery|Levy Hall|Tannery|War College,6,12
"Sgt/Daggers/Chain [(EInd, EProw, NPie, NCun), Nimble, Serr]|M6",Sergeant,Daggers,,Chainmail,,False,25,"Parry,Immune Blocked,Serrated,Nimble",1700,,False,Academy|Animal Husbandry|Armory|Blacksmith|Conditioning Field|Furnace|Levy Hall|Master Workshop|Tannery|War College,6,12
"Sgt/Daggers/Leather [(NInd, EProw, NPie, NCun), Nimble]|M6",Sergeant,Daggers,,Leather,,False,25,"Immune Blocked,Parry,Nimble",2100,,False,Academy|Animal Husbandry|Conditioning Field|Furnace|Levy Hall|Stable|Tannery|War College,6,6
"Sgt/FarmTools/Buckler/Leather [(RInd, EProw, NPie, RCun), Nimble, Poison]|M6",Sergeant,Farm Tools,Buckler Shield,Leather,,False,25,"Parry,Immune Blocked,Poison,Nimble",1800,,False,Academy|Alchemy|Animal Husbandry|Carpentry|Conditioning Field|Joinery|Levy Hall|Tannery|Toxicarium|War College,6,12
"Sgt/Flail/Tower/Cloth [RoPaI, (EInd, SProw, NPie, NCun)]|M6",Sergeant,Flail,Tower Shield,Cloth,,False,25,"Parry,Immune Blocked,Immune Strain",2100,,False,Academy|Blacksmith|Carpentry|Forge|Furnace|Joinery|Levy Hall|Royal Pavilion|Stable|War College,6,16
"Sgt/2HBastard/Leather [(EInd, EProw, NPie, NCun), Nimble, Serr]|M6",Sergeant,2HBastard,,Leather,,False,25,"Parry,Immune Blocked,Serrated,Nimble",1900,,False,Academy|Animal Husbandry|Blacksmith|Conditioning Field|Forge|Furnace|Levy Hall|Master Workshop|Tannery|War College,6,12
"Sgt/FarmTools/Kite/Leather [MiMiStM, (RInd, SProw, NPie, NCun)]|M6",Sergeant,Farm Tools,Kite Shield,Leather,,False,25,"+1I,Immune Blocked,Seize: first,Crit 7,Parry,MaxInit3,Improved Parry",1700,,False,Academy|Animal Husbandry|Armory|Blacksmith|Carpentry|Furnace|Joinery|Levy Hall|Ministry of Military Strategy|Tannery|University|War College,6,13
"Sgt/BattleAxe/Chain [(RInd, EProw, NPie, NCun), Nimble]|M6",Sergeant,Battle Axe,,Chainmail,,False,25,"Immune Blocked,Parry,Nimble",1100,,False,Academy|Animal Husbandry|Armory|Blacksmith|Butchery|Conditioning Field|Furnace|Levy Hall|Tannery|War College,6,9
"Sgt/ShortSword/Tower/Cloth [(EInd, EProw, NPie, NCun), Nimble, Riposte, Serr]|M6",Sergeant,Short Sword,Tower Shield,Cloth,,False,25,"Immune Blocked,Nimble,Serrated,Riposte,Parry,Improved Parry",1900,,False,Academy|Blacksmith|Carpentry|Coliseum|Conditioning Field|Forge|Furnace|Grand Tournament|Joinery|Levy Hall|Master Workshop|War College,6,12
"Sgt/Cavalry Spear/Buckler/FullPlate [MiMiStM, (EInd, SProw, NPie, NCun), Temp]|M6",Sergeant,Cavalry Spear,Buckler Shield,Full Plate,,False,25,"Seize: first,Parry,Improved Parry,+1I,Immune Blocked,Crit 7,MaxInit3,Tempered",1700,,False,Academy|Animal Husbandry|Armory|Blacksmith|Carpentry|Furnace|Gilded Foundry|Joinery|Levy Hall|Ministry of Military Strategy|Tannery|University|War College,6,16
"Sgt/FarmTools/Tower/Cloth [(EInd, EProw, NPie, RCun), Nimble, Poison]|M6",Sergeant,Farm Tools,Tower Shield,Cloth,,False,25,"Parry,Immune Blocked,Poison,Nimble",2000,,False,Academy|Alchemy|Blacksmith|Carpentry|Conditioning Field|Forge|Furnace|Joinery|Levy Hall|Toxicarium|War College,6,15
"Sgt/Pike/FullPlate [(EInd, EProw, NPie, RCun), Nimble, Poison, Temp]|M6",Sergeant,Pike,,Full Plate,,False,25,"Immune Blocked,Nimble,Parry,Poison,Tempered",1800,,False,Academy|Alchemy|Animal Husbandry|Armory|Blacksmith|Conditioning Field|Furnace|Gilded Foundry|Levy Hall|Tannery|Toxicarium|War College,6,15
"Sgt/Arming/Kite/FullPlate [(EInd, EProw, NPie, NCun), Nimble, Temp]|M6",Sergeant,Arming Sword,Kite Shield,Full Plate,,False,25,"Immune Blocked,Parry,Tempered,Nimble",1700,,False,Academy|Animal Husbandry|Armory|Blacksmith|Carpentry|Conditioning Field|Furnace|Gilded Foundry|Joinery|Levy Hall|Tannery|War College,6,12
"Sgt/BattleAxe/Cloth [(RInd, EProw, NPie, NCun), Nimble, Recover 8, Riposte]|M6",Sergeant,Battle Axe,,Cloth,,False,25,"Immune Blocked,Recover 8,Nimble,Riposte,Parry,Improved Parry",2300,,False,Academy|Apothecary|Blacksmith|Coliseum|Conditioning Field|Furnace|Grand Tournament|Herb Garden|Levy Hall|War College,6,9
"Sgt/FarmTools/Buckler/Chain [(RInd, EProw, NPie, NCun), Nimble]|M6",Sergeant,Farm Tools,Buckler Shield,Chainmail,,False,25,"Immune Blocked,Parry,Nimble",1700,,False,Academy|Animal Husbandry|Armory|Blacksmith|Carpentry|Conditioning Field|Furnace|Joinery|Levy Hall|Tannery|War College,6,9
"Sgt/FarmTools/Leather [(NInd, EProw, NPie, NCun), Nimble, Recover 8]|M6",Sergeant,Farm Tools,,Leather,,False,25,"Immune Blocked,Parry,Recover 8,Nimble",2100,,False,Academy|Animal Husbandry|Apothecary|Conditioning Field|Herb Garden|Levy Hall|Tannery|War College,6,6
"Sgt/ShortSword/Tower/FullPlate [RoPaI, (EInd, SProw, NPie, NCun), Temp]|M6",Sergeant,Short Sword,Tower Shield,Full Plate,,False,25,"Parry,Immune Blocked,Immune Strain,Tempered",1700,,False,Academy|Animal Husbandry|Armory|Blacksmith|Carpentry|Forge|Furnace|Gilded Foundry|Joinery|Levy Hall|Royal Pavilion|Tannery|War College,6,16
"Sgt/Cudgel/Chain [(RInd, EProw, NPie, RCun), Nimble, Poison, Riposte]|M6",Sergeant,Cudgel,,Chainmail,,False,25,"Immune Blocked,Nimble,Parry,Riposte,Poison,Improved Parry",1800,,False,Academy|Alchemy|Animal Husbandry|Armory|Blacksmith|Coliseum|Conditioning Field|Furnace|Grand Tournament|Levy Hall|Tannery|Toxicarium|War College,6,12
"Sgt/Cavalry Spear/Kite/Chain [(RInd, EProw, NPie, NCun), Nimble]|M6",Sergeant,Cavalry Spear,Kite Shield,Chainmail,,False,25,"Immune Blocked,Parry,Nimble",1700,,False,Academy|Animal Husbandry|Armory|Blacksmith|Carpentry|Conditioning Field|Furnace|Joinery|Levy Hall|Tannery|War College,6,9
"Sgt/Lance/Kite/Leather [(EInd, EProw, NPie, NCun), Nimble, Serr]|M7",Sergeant,Lance,Kite Shield,Leather,,False,25,"Parry,Immune Blocked,Serrated,Nimble",1500,,False,Academy|Animal Husbandry|Armory|Blacksmith|Carpentry|Conditioning Field|Forge|Furnace|Joinery|Levy Hall|Master Workshop|Tannery|War College,7,12
"Sgt/Halberd/Cloth [(EInd, EProw, EPie, NCun), Enduring, Nimble, Rec 6, Recover 7, Recover 8, Riposte, Serr, Shake+1]|M7",Sergeant,Halberd,,Cloth,,False,25,"Recover 8,Nimble,Enduring,Parry,Shake +1,Recover 6,Improved Parry,Recover 7,Immune Blocked,Riposte,Serrated",2000,,False,Academy|Alchemy|Apothecary|Blacksmith|Coliseum|Conditioning Field|Furnace|Grand Tournament|Herb Garden|Hospitaller|Infirmary|Levy Hall|Master Workshop|War College,7,18
"Sgt/FarmTools/Kite/Chain [RoPaM, (RInd, SProw, NPie, NCun), Improved Parry]|M7",Sergeant,Farm Tools,Kite Shield,Chainmail,,False,25,"Immune Blocked,Drilled,Parry,Improved Parry,Immune Strain",1700,,False,Academy|Animal Husbandry|Armory|Blacksmith|Carpentry|Furnace|Grand Tournament|Joinery|Levy Hall|Royal Pavilion|Tannery|Tiltyard|War College,7,13
"Sgt/Morningstar+Crossbow/Tower/Cloth (TY) [(EInd, EProw, NPie, NCun), Florentine, ImmU, Nimble]|M7",Sergeant,Morningstar,Tower Shield,Cloth,Crossbow,True,25,"Immune Blocked,Nimble,Parry,Immune Unwieldy,Florentine",1900,,False,Academy|Blacksmith|Carpentry|Coliseum|Conditioning Field|Fletchery|Forge|Furnace|Joinery|Levy Hall|Tiltyard|War College,7,12
"Sgt/WarHammer+HuntBow/Cloth (TY) [(EInd, EProw, NPie, NCun), Florentine, ImmU, Nimble, Riposte]|M7",Sergeant,War Hammer,,Cloth,Hunting Bow,True,25,"Immune Blocked,Florentine,Nimble,Riposte,Parry,Immune Unwieldy,Improved Parry",2100,,False,Academy|Blacksmith|Carpentry|Coliseum|Conditioning Field|Fletchery|Forge|Furnace|Grand Tournament|Levy Hall|Tiltyard|War College,7,12
"Sgt/WarHammer+Crossbow/Cloth (TY) [(EInd, EProw, NPie, NCun), Florentine, ImmU, Nimble]|M7",Sergeant,War Hammer,,Cloth,Crossbow,True,25,"Immune Blocked,Nimble,Parry,Immune Unwieldy,Florentine",2100,,False,Academy|Blacksmith|Carpentry|Coliseum|Conditioning Field|Fletchery|Forge|Furnace|Levy Hall|Tiltyard|War College,7,12
"Sgt/Halberd/Cloth [(RInd, EProw, EPie, RCun), Enduring, Nimble, Poison, Rec 6, Recover 7, Recover 8, Shake+1]|M7",Sergeant,Halberd,,Cloth,,False,25,"Recover 8,Nimble,Enduring,Poison,Shake +1,Recover 6,Recover 7,Immune Blocked,Parry",2100,,False,Academy|Alchemy|Apothecary|Blacksmith|Conditioning Field|Furnace|Herb Garden|Hospitaller|Infirmary|Levy Hall|Toxicarium|War College,7,18
"Sgt/Halberd+Longbow/Cloth (TY) [(RInd, EProw, NPie, NCun), Florentine, ImmU, Nimble, Riposte]|M7",Sergeant,Halberd,,Cloth,Longbow,True,25,"Immune Blocked,Florentine,Nimble,Riposte,Parry,Immune Unwieldy,Improved Parry",2100,,False,Academy|Blacksmith|Carpentry|Coliseum|Conditioning Field|Fletchery|Furnace|Grand Tournament|Levy Hall|Tiltyard|War College,7,9
"Sgt/WarHammer/Cloth [(EInd, EProw, EPie, RCun), Enduring, Nimble, Poison, Rec 6, Recover 7, Recover 8, Shake+1]|M7",Sergeant,War Hammer,,Cloth,,False,25,"Recover 8,Nimble,Enduring,Poison,Shake +1,Recover 6,Recover 7,Immune Blocked,Parry",2100,,False,Academy|Alchemy|Apothecary|Blacksmith|Conditioning Field|Forge|Furnace|Herb Garden|Hospitaller|Infirmary|Levy Hall|Toxicarium|War College,7,21
"Sgt/Daggers/Cloth [RoPaM, (NInd, SProw, NPie, NCun), Improved Parry, Recover 8]|M7",Sergeant,Daggers,,Cloth,,False,25,"Immune Blocked,Recover 8,Drilled,Parry,Improved Parry,Immune Strain",2300,,False,Academy|Apothecary|Furnace|Grand Tournament|Herb Garden|Levy Hall|Royal Pavilion|Tiltyard|War College,7,10
"Sgt/ShortSword/Kite/Chain [(EInd, EProw, NPie, NCun), Nimble, Serr]|M7",Sergeant,Short Sword,Kite Shield,Chainmail,,False,25,"Parry,Immune Blocked,Serrated,Nimble",1500,,False,Academy|Animal Husbandry|Armory|Blacksmith|Carpentry|Conditioning Field|Furnace|Joinery|Levy Hall|Master Workshop|Tannery|War College,7,12
"Sgt/Flail/Tower/Cloth [(EInd, EProw, NPie, NCun), Nimble, Recover 8]|M7",Sergeant,Flail,Tower Shield,Cloth,,False,25,"Immune Blocked,Parry,Recover 8,Nimble",2100,,False,Academy|Apothecary|Blacksmith|Carpentry|Conditioning Field|Forge|Furnace|Herb Garden|Joinery|Levy Hall|War College,7,12
"Sgt/Poleaxe/Leather [ABFM, (SInd, EProw, NPie, NCun), Nimble, Serr, Temp]|M7",Sergeant,Poleaxe,,Leather,,False,25,"Immune Blocked,Nimble,ABF,Parry,Tempered,Serrated",1200,,False,ABF|Academy|Animal Husbandry|Armory|Blacksmith|Conditioning Field|Forge|Furnace|Gilded Foundry|Levy Hall|Master Workshop|Stable|Tannery|War College,7,16
"Sgt/Morningstar/Tower/FullPlate [(EInd, EProw, NPie, NCun), Nimble, Serr, Temp]|M7",Sergeant,Morningstar,Tower Shield,Full Plate,,False,25,"Immune Blocked,Nimble,Parry,Serrated,Tempered",1500,,False,Academy|Animal Husbandry|Armory|Blacksmith|Carpentry|Conditioning Field|Forge|Furnace|Gilded Foundry|Joinery|Levy Hall|Master Workshop|Tannery|War College,7,12
"Sgt/FarmTools/Tower/Cloth [(EInd, EProw, NPie, NCun), Nimble, Recover 8]|M7",Sergeant,Farm Tools,Tower Shield,Cloth,,False,25,"Immune Blocked,Parry,Recover 8,Nimble",2100,,False,Academy|Apothecary|Blacksmith|Carpentry|Conditioning Field|Forge|Furnace|Herb Garden|Joinery|Levy Hall|War College,7,12
"Sgt/Arming/Kite/Leather [(EInd, EProw, NPie, NCun), Nimble, Serr]|M7",Sergeant,Arming Sword,Kite Shield,Leather,,False,25,"Parry,Immune Blocked,Serrated,Nimble",1500,,False,Academy|Animal Husbandry|Armory|Blacksmith|Carpentry|Conditioning Field|Furnace|Joinery|Levy Hall|Master Workshop|Tannery|War College,7,12
"Sgt/Flail/Kite/Chain [RoPaI, (RInd, SProw, NPie, NCun)]|M7",Sergeant,Flail,Kite Shield,Chainmail,,False,25,"Parry,Immune Blocked,Immune Strain",900,,False,Academy|Animal Husbandry|Armory|Blacksmith|Butchery|Carpentry|Furnace|Joinery|Levy Hall|Royal Pavilion|Tannery|War College,7,13
"Sgt/BattleAxe+Crossbow/Cloth (TY) [(EInd, EProw, NPie, NCun), Florentine, ImmU, Nimble]|M7",Sergeant,Battle Axe,,Cloth,Crossbow,True,25,"Immune Blocked,Nimble,Parry,Immune Unwieldy,Florentine",2100,,False,Academy|Blacksmith|Carpentry|Coliseum|Conditioning Field|Fletchery|Forge|Furnace|Levy Hall|Tiltyard|War College,7,12
"Sgt/Arming/Tower/FullPlate [(EInd, EProw, NPie, RCun), Nimble, Poison, Temp]|M7",Sergeant,Arming Sword,Tower Shield,Full Plate,,False,25,"Immune Blocked,Nimble,Parry,Poison,Tempered",1600,,False,Academy|Alchemy|Animal Husbandry|Armory|Blacksmith|Carpentry|Conditioning Field|Forge|Furnace|Gilded Foundry|Joinery|Levy Hall|Tannery|Toxicarium|War College,7,15
"Sgt/Lance/Targe/Cloth [(EInd, EProw, NPie, NCun), Nimble, Recover 8]|M7",Sergeant,Lance,Targe Shield,Cloth,,False,25,"Immune Blocked,Parry,Recover 8,Nimble",2100,,False,Academy|Apothecary|Blacksmith|Carpentry|Conditioning Field|Forge|Furnace|Herb Garden|Joinery|Levy Hall|War College,7,12
"Sgt/Crossbow/Cloth [(EInd, EProw, NPie, NCun), Florentine, ImmU, Nimble]|M7",Sergeant,Farm Tools,,Cloth,Crossbow,True,25,"Immune Blocked,Nimble,Parry,Immune Unwieldy,Florentine",2100,,False,Academy|Blacksmith|Carpentry|Coliseum|Conditioning Field|Fletchery|Forge|Furnace|Levy Hall|Tiltyard|War College,7,12
"Sgt/Arming/Cloth (DW) [(RInd, EProw, NPie, NCun), DW, Florentine, ImmU, Nimble]|M7",Sergeant,Arming Sword,,Cloth,,True,25,"Immune Blocked,Nimble,Dual Wield,Parry,Immune Unwieldy,Florentine",2300,,False,Academy|Blacksmith|Carpentry|Coliseum|Conditioning Field|Fletchery|Furnace|Levy Hall|Tiltyard|War College,7,9
"Sgt/Poleaxe/Cloth [ABFM, (SInd, EProw, NPie, NCun), Nimble, Serr, Temp]|M7",Sergeant,Poleaxe,,Cloth,,False,25,"Immune Blocked,Nimble,ABF,Parry,Tempered,Serrated",1200,,False,ABF|Academy|Armory|Blacksmith|Conditioning Field|Forge|Furnace|Gilded Foundry|Levy Hall|Master Workshop|Stable|Tannery|War College,7,16
"Sgt/FarmTools/Kite/Chain [(RInd, EProw, NPie, NCun), Nimble]|M7",Sergeant,Farm Tools,Kite Shield,Chainmail,,False,25,"Immune Blocked,Parry,Nimble",1700,,False,Academy|Animal Husbandry|Armory|Blacksmith|Carpentry|Conditioning Field|Furnace|Joinery|Levy Hall|Stable|Tannery|War College,7,9
"Sgt/Daggers/FullPlate [RoPaM, (EInd, SProw, NPie, RCun), Improved Parry, Poison, Temp]|M7",Sergeant,Daggers,,Full Plate,,False,25,"Immune Blocked,Drilled,Poison,Parry,Tempered,Improved Parry,Immune Strain",1800,,False,Academy|Alchemy|Animal Husbandry|Armory|Blacksmith|Furnace|Gilded Foundry|Grand Tournament|Levy Hall|Royal Pavilion|Tannery|Tiltyard|Toxicarium|War College,7,19
"Sgt/Arming/Kite/Chain [(RInd, EProw, NPie, RCun), Nimble, Poison]|M7",Sergeant,Arming Sword,Kite Shield,Chainmail,,False,25,"Parry,Immune Blocked,Poison,Nimble",1600,,False,Academy|Alchemy|Animal Husbandry|Armory|Blacksmith|Carpentry|Conditioning Field|Furnace|Joinery|Levy Hall|Tannery|Toxicarium|War College,7,12
"Sgt/2HBastard+Longbow/Cloth (TY) [(EInd, EProw, NPie, NCun), Florentine, ImmU, Nimble]|M7",Sergeant,2HBastard,,Cloth,Longbow,True,25,"Immune Blocked,Nimble,Parry,Immune Unwieldy,Florentine",2100,,False,Academy|Blacksmith|Carpentry|Coliseum|Conditioning Field|Fletchery|Forge|Furnace|Levy Hall|Tiltyard|War College,7,12
"Sgt/FarmTools/Cloth [(NInd, EProw, EPie, RCun), Enduring, Nimble, Poison, Rec 6, Recover 7, Recover 8, Shake+1]|M7",Sergeant,Farm Tools,,Cloth,,False,25,"Recover 8,Enduring,Nimble,Poison,Shake +1,Recover 6,Recover 7,Immune Blocked,Parry",2100,,False,Academy|Alchemy|Apothecary|Conditioning Field|Herb Garden|Hospitaller|Infirmary|Levy Hall|Stable|Toxicarium|War College,7,15
"Sgt/Cudgel+Longbow/Cloth (TY) [(NInd, EProw, NPie, NCun), Florentine, ImmU, Nimble]|M7",Sergeant,Cudgel,,Cloth,Longbow,True,25,"Immune Blocked,Nimble,Parry,Immune Unwieldy,Florentine",2100,,False,Academy|Carpentry|Coliseum|Conditioning Field|Fletchery|Furnace|Levy Hall|Tiltyard|War College,7,6
"Sgt/Arming/Kite/Cloth [(RInd, EProw, NPie, NCun), Nimble]|M7",Sergeant,Arming Sword,Kite Shield,Cloth,,False,25,"Immune Blocked,Parry,Nimble",1700,,False,Academy|Armory|Blacksmith|Carpentry|Conditioning Field|Furnace|Joinery|Levy Hall|Stable|Tannery|War College,7,9
"Sgt/Halberd+Longbow/Cloth (TY) [(RInd, EProw, NPie, NCun), Florentine, ImmU, Nimble]|M7",Sergeant,Halberd,,Cloth,Longbow,True,25,"Immune Blocked,Nimble,Parry,Immune Unwieldy,Florentine",2100,,False,Academy|Blacksmith|Carpentry|Coliseum|Conditioning Field|Fletchery|Furnace|Levy Hall|Tiltyard|War College,7,9
"Sgt/Spears/Chain [OuInPoM, (RInd, EProw, NPie, SCun)]|M7",Sergeant,Spears,,Chainmail,,False,25,"Immune Blocked,confers:Blocked,confers:Strain,Parry,Outrider: every",1900,,False,Academy|Animal Husbandry|Armory|Blacksmith|Caravanery|Cipher Chamber|Furnace|Levy Hall|Outrider Intercept Post|Tannery|War College,7,19
"Sgt/Pitchfork/Chain [(RInd, EProw, NPie, NCun), Nimble, Recover 8]|M7",Sergeant,Pitchfork,,Chainmail,,False,25,"Immune Blocked,Parry,Recover 8,Nimble",1900,,False,Academy|Animal Husbandry|Apothecary|Armory|Blacksmith|Conditioning Field|Furnace|Herb Garden|Levy Hall|Tannery|War College,7,9
"Sgt/BattleAxe+Javelin/Cloth (TY) [(RInd, EProw, NPie, NCun), Florentine, ImmU, Nimble]|M7",Sergeant,Battle Axe,,Cloth,Javelin,True,25,"Immune Blocked,Nimble,Parry,Immune Unwieldy,Florentine",2100,,False,Academy|Blacksmith|Carpentry|Coliseum|Conditioning Field|Fletchery|Furnace|Levy Hall|Tiltyard|War College,7,9
"Sgt/Spears/FullPlate [(EInd, EProw, NPie, NCun), Nimble, Recover 8, Temp]|M7",Sergeant,Spears,,Full Plate,,False,25,"Immune Blocked,Recover 8,Nimble,Parry,Tempered",1900,,False,Academy|Animal Husbandry|Apothecary|Armory|Blacksmith|Conditioning Field|Furnace|Gilded Foundry|Herb Garden|Levy Hall|Tannery|War College,7,12
"Sgt/FarmTools/Kite/Chain [(EInd, EProw, NPie, NCun), Nimble, Serr]|M7",Sergeant,Farm Tools,Kite Shield,Chainmail,,False,25,"Parry,Immune Blocked,Serrated,Nimble",1500,,False,Academy|Animal Husbandry|Armory|Blacksmith|Carpentry|Conditioning Field|Furnace|Joinery|Levy Hall|Master Workshop|Tannery|War College,7,12
"Sgt/Halberd/FullPlate [MiMiStM, (EInd, SProw, NPie, NCun), Recover 8, Temp]|M7",Sergeant,Halberd,,Full Plate,,False,25,"Recover 8,Seize: first,Parry,Improved Parry,+1I,Immune Blocked,Crit 7,MaxInit3,Tempered",1900,,False,Academy|Animal Husbandry|Apothecary|Armory|Blacksmith|Furnace|Gilded Foundry|Herb Garden|Levy Hall|Ministry of Military Strategy|Tannery|University|War College,7,16
"Sgt/FarmTools/Tower/Chain [(EInd, EProw, NPie, NCun), Nimble]|M7",Sergeant,Farm Tools,Tower Shield,Chainmail,,False,25,"Immune Blocked,Parry,Nimble",1700,,False,Academy|Animal Husbandry|Armory|Blacksmith|Carpentry|Conditioning Field|Forge|Furnace|Joinery|Levy Hall|Stable|Tannery|War College,7,12
"Sgt/Daggers/Cloth [(NInd, EProw, EPie, NCun), Enduring, Nimble, Rec 6, Recover 7, Recover 8, Shake+1]|M7",Sergeant,Daggers,,Cloth,,False,25,"Recover 8,Enduring,Nimble,Shake +1,Recover 6,Recover 7,Immune Blocked,Parry",2200,,False,Academy|Alchemy|Apothecary|Conditioning Field|Furnace|Herb Garden|Hospitaller|Infirmary|Levy Hall|Stable|War College,7,12
"Sgt/Cudgel/Chain [MiMiStM, (RInd, SProw, NPie, NCun), Recover 8]|M7",Sergeant,Cudgel,,Chainmail,,False,25,"Recover 8,Seize: first,Parry,Improved Parry,+1I,Immune Blocked,Crit 7,MaxInit3",1900,,False,Academy|Animal Husbandry|Apothecary|Armory|Blacksmith|Furnace|Herb Garden|Levy Hall|Ministry of Military Strategy|Tannery|University|War College,7,13
"Sgt/2HBastard/Chain [OuInPoM, (EInd, EProw, NPie, SCun)]|M7",Sergeant,2HBastard,,Chainmail,,False,25,"Immune Blocked,confers:Blocked,confers:Strain,Parry,Outrider: every",1900,,False,Academy|Animal Husbandry|Armory|Blacksmith|Caravanery|Cipher Chamber|Forge|Furnace|Levy Hall|Outrider Intercept Post|Tannery|War College,7,22
"Sgt/Lance/Kite/Chain [(EInd, EProw, NPie, NCun), Nimble]|M7",Sergeant,Lance,Kite Shield,Chainmail,,False,25,"Immune Blocked,Parry,Nimble",900,,False,Academy|Animal Husbandry|Armory|Blacksmith|Butchery|Carpentry|Conditioning Field|Forge|Furnace|Joinery|Levy Hall|Tannery|War College,7,12
"Sgt/Bastard/Tower/Chain [MiMiStM, (EInd, SProw, NPie, NCun)]|M7",Sergeant,Bastard Sword,Tower Shield,Chainmail,,False,25,"+1I,Immune Blocked,Seize: first,Crit 7,Parry,MaxInit3,Improved Parry",900,,False,Academy|Animal Husbandry|Armory|Blacksmith|Butchery|Carpentry|Forge|Furnace|Joinery|Levy Hall|Ministry of Military Strategy|Tannery|University|War College,7,16
"Sgt/Arming+Longbow/Tower/Cloth (TY) [(EInd, EProw, NPie, NCun), Florentine, ImmU, Nimble]|M7",Sergeant,Arming Sword,Tower Shield,Cloth,Longbow,True,25,"Immune Blocked,Nimble,Parry,Immune Unwieldy,Florentine",1900,,False,Academy|Blacksmith|Carpentry|Coliseum|Conditioning Field|Fletchery|Forge|Furnace|Joinery|Levy Hall|Tiltyard|War College,7,12
"Sgt/Pike/Cloth [(RInd, EProw, EPie, NCun), Enduring, Nimble, Rec 6, Recover 7, Recover 8, Shake+1]|M7",Sergeant,Pike,,Cloth,,False,25,"Recover 8,Enduring,Nimble,Shake +1,Recover 6,Recover 7,Immune Blocked,Parry",2200,,False,Academy|Alchemy|Apothecary|Blacksmith|Conditioning Field|Furnace|Herb Garden|Hospitaller|Infirmary|Levy Hall|Stable|War College,7,15
"Sgt/Bastard/Tower/FullPlate [(EInd, EProw, NPie, NCun), Nimble, Temp]|M7",Sergeant,Bastard Sword,Tower Shield,Full Plate,,False,25,"Immune Blocked,Parry,Tempered,Nimble",900,,False,Academy|Animal Husbandry|Armory|Blacksmith|Butchery|Carpentry|Conditioning Field|Forge|Furnace|Gilded Foundry|Joinery|Levy Hall|Tannery|War College,7,12
"Sgt/Cudgel/Cloth [(NInd, EProw, EPie, NCun), Enduring, Nimble, Rec 6, Recover 7, Recover 8, Shake+1]|M7",Sergeant,Cudgel,,Cloth,,False,25,"Recover 8,Nimble,Enduring,Shake +1,Recover 6,Recover 7,Immune Blocked,Parry",1200,,False,Academy|Alchemy|Animal Husbandry|Apothecary|Butchery|Conditioning Field|Herb Garden|Hospitaller|Infirmary|Levy Hall|Tannery|War College,7,12
"Sgt/Flail/Kite/Chain [(EInd, EProw, NPie, NCun), Nimble, Serr]|M7",Sergeant,Flail,Kite Shield,Chainmail,,False,25,"Parry,Immune Blocked,Serrated,Nimble",1500,,False,Academy|Animal Husbandry|Armory|Blacksmith|Carpentry|Conditioning Field|Furnace|Joinery|Levy Hall|Master Workshop|Tannery|War College,7,12
"Sgt/FarmTools/Leather [(NInd, EProw, EPie, RCun), Enduring, Nimble, Poison, Rec 6, Recover 7, Recover 8, Shake+1]|M7",Sergeant,Farm Tools,,Leather,,False,25,"Recover 8,Nimble,Enduring,Poison,Shake +1,Recover 6,Recover 7,Immune Blocked,Parry",1900,,False,Academy|Alchemy|Animal Husbandry|Apothecary|Conditioning Field|Herb Garden|Hospitaller|Infirmary|Levy Hall|Tannery|Toxicarium|War College,7,15
"Sgt/Lance/Buckler/FullPlate [(EInd, EProw, NPie, NCun), Nimble, Temp]|M7",Sergeant,Lance,Buckler Shield,Full Plate,,False,25,"Immune Blocked,Parry,Tempered,Nimble",900,,False,Academy|Animal Husbandry|Armory|Blacksmith|Butchery|Carpentry|Conditioning Field|Forge|Furnace|Gilded Foundry|Joinery|Levy Hall|Tannery|War College,7,12
"Sgt/Cudgel/FullPlate [(EInd, EProw, NPie, NCun), Nimble, Recover 8, Temp]|M7",Sergeant,Cudgel,,Full Plate,,False,25,"Immune Blocked,Recover 8,Nimble,Parry,Tempered",1900,,False,Academy|Animal Husbandry|Apothecary|Armory|Blacksmith|Conditioning Field|Furnace|Gilded Foundry|Herb Garden|Levy Hall|Tannery|War College,7,12
"Sgt/Morningstar/Tower/Cloth [OuInPoI, (EInd, EProw, NPie, SCun), Recover 8]|M7",Sergeant,Morningstar,Tower Shield,Cloth,,False,25,"Immune Blocked,confers:Blocked,Recover 8,confers:Strain,Outrider: once,Parry",2100,,False,Academy|Apothecary|Blacksmith|Carpentry|Forge|Furnace|Herb Garden|Joinery|Levy Hall|Outrider Intercept Post|War College,7,22
"Sgt/Lance/Kite/Leather [(EInd, EProw, NPie, RCun), Nimble, Poison]|M7",Sergeant,Lance,Kite Shield,Leather,,False,25,"Parry,Immune Blocked,Poison,Nimble",1600,,False,Academy|Alchemy|Animal Husbandry|Armory|Blacksmith|Carpentry|Conditioning Field|Forge|Furnace|Joinery|Levy Hall|Tannery|Toxicarium|War College,7,15
"Sgt/Morningstar/Tower/FullPlate [(EInd, EProw, NPie, RCun), Nimble, Poison, Temp]|M7",Sergeant,Morningstar,Tower Shield,Full Plate,,False,25,"Immune Blocked,Nimble,Parry,Poison,Tempered",1600,,False,Academy|Alchemy|Animal Husbandry|Armory|Blacksmith|Carpentry|Conditioning Field|Forge|Furnace|Gilded Foundry|Joinery|Levy Hall|Tannery|Toxicarium|War College,7,15
"Sgt/Morningstar+Javelin/Tower/Cloth (TY) [(EInd, EProw, NPie, NCun), Florentine, ImmU, Nimble]|M7",Sergeant,Morningstar,Tower Shield,Cloth,Javelin,True,25,"Immune Blocked,Nimble,Parry,Immune Unwieldy,Florentine",1900,,False,Academy|Blacksmith|Carpentry|Coliseum|Conditioning Field|Fletchery|Forge|Furnace|Joinery|Levy Hall|Tiltyard|War College,7,12
"Sgt/Pike/Leather [(RInd, EProw, NPie, NCun), Nimble, Recover 8]|M7",Sergeant,Pike,,Leather,,False,25,"Immune Blocked,Parry,Recover 8,Nimble",2100,,False,Academy|Animal Husbandry|Apothecary|Blacksmith|Conditioning Field|Furnace|Herb Garden|Levy Hall|Tannery|War College,7,9
"Sgt/FarmTools/Targe/Chain [MiMiStI, (RInd, SProw, NPie, RCun), Poison]|M7",Sergeant,Farm Tools,Targe Shield,Chainmail,,False,25,"+1I,Immune Blocked,Seize: first,Poison,Parry,MaxInit3",1600,,False,Academy|Alchemy|Animal Husbandry|Armory|Blacksmith|Carpentry|Furnace|Joinery|Levy Hall|Ministry of Military Strategy|Tannery|Toxicarium|War College,7,16
"Sgt/2HBastard/Cloth [(EInd, EProw, EPie, NCun), Enduring, Nimble, Rec 6, Recover 7, Recover 8, Serr, Shake+1]|M7",Sergeant,2HBastard,,Cloth,,False,25,"Recover 8,Nimble,Enduring,Parry,Shake +1,Recover 6,Recover 7,Immune Blocked,Serrated",2000,,False,Academy|Alchemy|Apothecary|Blacksmith|Conditioning Field|Forge|Furnace|Herb Garden|Hospitaller|Infirmary|Levy Hall|Master Workshop|War College,7,18
"Sgt/WarHammer/Leather [RoPaM, (EInd, SProw, NPie, NCun), Improved Parry, Serr]|M7",Sergeant,War Hammer,,Leather,,False,25,"Immune Blocked,Serrated,Drilled,Parry,Improved Parry,Immune Strain",1900,,False,Academy|Animal Husbandry|Blacksmith|Forge|Furnace|Grand Tournament|Levy Hall|Master Workshop|Royal Pavilion|Tannery|Tiltyard|War College,7,16
"Sgt/WarHammer/Gothic [ABFM, (SInd, EProw, NPie, NCun), Nimble, Serr, Temp]|M7",Sergeant,War Hammer,,Gothic Plate,,False,25,"Immune Blocked,Nimble,ABF,Parry,Tempered,Serrated",1200,,False,ABF|Academy|Animal Husbandry|Armory|Blacksmith|Conditioning Field|Forge|Furnace|Gilded Foundry|Levy Hall|Master Workshop|Stable|Tannery|War College,7,16
"Sgt/Cudgel/Leather [(NInd, EProw, EPie, NCun), Enduring, Nimble, Rec 6, Recover 7, Recover 8, Shake+1]|M7",Sergeant,Cudgel,,Leather,,False,25,"Recover 8,Nimble,Enduring,Shake +1,Recover 6,Recover 7,Immune Blocked,Parry",1200,,False,Academy|Alchemy|Animal Husbandry|Apothecary|Butchery|Conditioning Field|Herb Garden|Hospitaller|Infirmary|Levy Hall|Tannery|War College,7,12
"Sgt/ShortSword/Targe/Leather [MiMiStI, (RInd, SProw, NPie, RCun), Poison]|M7",Sergeant,Short Sword,Targe Shield,Leather,,False,25,"+1I,Immune Blocked,Seize: first,Poison,Parry,MaxInit3",1800,,False,Academy|Alchemy|Animal Husbandry|Blacksmith|Carpentry|Furnace|Joinery|Levy Hall|Ministry of Military Strategy|Tannery|Toxicarium|War College,7,16
"Sgt/Flail+Crossbow/Tower/Cloth (TY) [(EInd, EProw, NPie, NCun), Florentine, ImmU, Nimble]|M7",Sergeant,Flail,Tower Shield,Cloth,Crossbow,True,25,"Immune Blocked,Nimble,Parry,Immune Unwieldy,Florentine",1900,,False,Academy|Blacksmith|Carpentry|Coliseum|Conditioning Field|Fletchery|Forge|Furnace|Joinery|Levy Hall|Tiltyard|War College,7,12
"Sgt/Poleaxe/FullPlate [ABFM, (SInd, EProw, NPie, NCun), Nimble, Riposte, Serr, Temp]|M7",Sergeant,Poleaxe,,Full Plate,,False,25,"Nimble,ABF,Parry,Improved Parry,Immune Blocked,Riposte,Serrated,Tempered",1200,,False,ABF|Academy|Animal Husbandry|Armory|Blacksmith|Coliseum|Conditioning Field|Forge|Furnace|Gilded Foundry|Grand Tournament|Levy Hall|Master Workshop|Stable|Tannery|War College,7,16
"Sgt/Morningstar+Javelin/Tower/Cloth (TY) [RoPaM, (EInd, SProw, NPie, NCun), Florentine, ImmU, Nimble, Riposte]|M7",Sergeant,Morningstar,Tower Shield,Cloth,Javelin,True,25,"Nimble,Parry,Drilled,Improved Parry,Immune Blocked,Riposte,Immune Strain,Immune Unwieldy,Florentine",1900,,False,Academy|Blacksmith|Carpentry|Coliseum|Conditioning Field|Fletchery|Forge|Furnace|Grand Tournament|Joinery|Levy Hall|Royal Pavilion|Tiltyard|War College,7,16
"Sgt/2HBastard+Crossbow/Cloth (TY) [(EInd, EProw, NPie, NCun), Florentine, ImmU, Nimble]|M7",Sergeant,2HBastard,,Cloth,Crossbow,True,25,"Immune Blocked,Nimble,Parry,Immune Unwieldy,Florentine",2100,,False,Academy|Blacksmith|Carpentry|Coliseum|Conditioning Field|Fletchery|Forge|Furnace|Levy Hall|Tiltyard|War College,7,12
"Sgt/2HBastard+HuntBow/Cloth (TY) [(EInd, EProw, NPie, NCun), Florentine, ImmU, Nimble]|M7",Sergeant,2HBastard,,Cloth,Hunting Bow,True,25,"Immune Blocked,Nimble,Parry,Immune Unwieldy,Florentine",2100,,False,Academy|Blacksmith|Carpentry|Coliseum|Conditioning Field|Fletchery|Forge|Furnace|Levy Hall|Tiltyard|War College,7,12
"Sgt/FarmTools/Cloth [(NInd, EProw, EPie, NCun), Enduring, Nimble, Rec 6, Recover 7, Recover 8, Riposte, Shake+1]|M7",Sergeant,Farm Tools,,Cloth,,False,25,"Recover 8,Nimble,Enduring,Shake +1,Recover 6,Improved Parry,Recover 7,Immune Blocked,Riposte,Parry",1200,,False,Academy|Alchemy|Animal Husbandry|Apothecary|Butchery|Coliseum|Conditioning Field|Grand Tournament|Herb Garden|Hospitaller|Infirmary|Levy Hall|Tannery|War College,7,12
"Sgt/Spears/Leather [(NInd, EProw, NPie, NCun), Nimble, Recover 8]|M7",Sergeant,Spears,,Leather,,False,25,"Immune Blocked,Parry,Recover 8,Nimble",2100,,False,Academy|Animal Husbandry|Apothecary|Conditioning Field|Furnace|Herb Garden|Levy Hall|Tannery|War College,7,6
"Sgt/Lance/Buckler/Leather [(EInd, EProw, NPie, RCun), Nimble, Poison]|M7",Sergeant,Lance,Buckler Shield,Leather,,False,25,"Parry,Immune Blocked,Poison,Nimble",1800,,False,Academy|Alchemy|Animal Husbandry|Blacksmith|Carpentry|Conditioning Field|Forge|Furnace|Joinery|Levy Hall|Tannery|Toxicarium|War College,7,15
"Sgt/Arming/Tower/FullPlate [(EInd, EProw, NPie, NCun), Nimble, Riposte, Serr, Temp]|M7",Sergeant,Arming Sword,Tower Shield,Full Plate,,False,25,"Immune Blocked,Nimble,Serrated,Riposte,Parry,Tempered,Improved Parry",1500,,False,Academy|Animal Husbandry|Armory|Blacksmith|Carpentry|Coliseum|Conditioning Field|Forge|Furnace|Gilded Foundry|Grand Tournament|Joinery|Levy Hall|Master Workshop|Tannery|War College,7,12
"Sgt/Morningstar/Tower/Chain [(EInd, EProw, NPie, RCun), Nimble, Poison]|M7",Sergeant,Morningstar,Tower Shield,Chainmail,,False,25,"Parry,Immune Blocked,Poison,Nimble",1600,,False,Academy|Alchemy|Animal Husbandry|Armory|Blacksmith|Carpentry|Conditioning Field|Forge|Furnace|Joinery|Levy Hall|Tannery|Toxicarium|War College,7,15
"Sgt/Halberd/Leather [MiMiStI, (RInd, SProw, NPie, NCun), Recover 8]|M7",Sergeant,Halberd,,Leather,,False,25,"+1I,Immune Blocked,Recover 8,Seize: first,Parry,MaxInit3",2100,,False,Academy|Animal Husbandry|Apothecary|Blacksmith|Furnace|Herb Garden|Levy Hall|Ministry of Military Strategy|Tannery|War College,7,13
"Sgt/FarmTools/Targe/Leather [(RInd, EProw, NPie, RCun), Nimble, Poison]|M7",Sergeant,Farm Tools,Targe Shield,Leather,,False,25,"Parry,Immune Blocked,Poison,Nimble",1800,,False,Academy|Alchemy|Animal Husbandry|Blacksmith|Carpentry|Conditioning Field|Furnace|Joinery|Levy Hall|Tannery|Toxicarium|War College,7,12
"Sgt/Morningstar/Tower/Leather [OuInPoI, (EInd, EProw, NPie, SCun), Serr]|M7",Sergeant,Morningstar,Tower Shield,Leather,,False,25,"Immune Blocked,confers:Blocked,confers:Strain,Parry,Outrider: once,Serrated",1700,,False,Academy|Animal Husbandry|Blacksmith|Carpentry|Forge|Furnace|Joinery|Levy Hall|Master Workshop|Outrider Intercept Post|Tannery|War College,7,22
"Sgt/Morningstar/Tower/Chain [(EInd, EProw, NPie, NCun), Nimble]|M7",Sergeant,Morningstar,Tower Shield,Chainmail,,False,25,"Immune Blocked,Parry,Nimble",900,,False,Academy|Animal Husbandry|Armory|Blacksmith|Butchery|Carpentry|Conditioning Field|Forge|Furnace|Joinery|Levy Hall|Tannery|War College,7,12
"Sgt/BattleAxe/Cloth [(RInd, EProw, EPie, RCun), Enduring, Nimble, Poison, Rec 6, Recover 7, Recover 8, Shake+1]|M7",Sergeant,Battle Axe,,Cloth,,False,25,"Recover 8,Nimble,Enduring,Poison,Shake +1,Recover 6,Recover 7,Immune Blocked,Parry",2100,,False,Academy|Alchemy|Apothecary|Blacksmith|Conditioning Field|Furnace|Herb Garden|Hospitaller|Infirmary|Levy Hall|Toxicarium|War College,7,18
"Sgt/Cudgel+Javelin/Cloth (TY) [(RInd, EProw, NPie, NCun), Florentine, ImmU, Nimble]|M7",Sergeant,Cudgel,,Cloth,Javelin,True,25,"Immune Blocked,Nimble,Parry,Immune Unwieldy,Florentine",2100,,False,Academy|Blacksmith|Carpentry|Coliseum|Conditioning Field|Fletchery|Furnace|Levy Hall|Tiltyard|War College,7,9
"Sgt/FarmTools/Tower/FullPlate [(EInd, EProw, NPie, RCun), Nimble, Poison, Temp]|M7",Sergeant,Farm Tools,Tower Shield,Full Plate,,False,25,"Immune Blocked,Nimble,Parry,Poison,Tempered",1600,,False,Academy|Alchemy|Animal Husbandry|Armory|Blacksmith|Carpentry|Conditioning Field|Forge|Furnace|Gilded Foundry|Joinery|Levy Hall|Tannery|Toxicarium|War College,7,15
"Sgt/Pitchfork+HuntBow/Leather (TY) [(NInd, EProw, NPie, NCun), Florentine, ImmU, Nimble]|M7",Sergeant,Pitchfork,,Leather,Hunting Bow,True,25,"Immune Blocked,Nimble,Parry,Immune Unwieldy,Florentine",1900,,False,Academy|Animal Husbandry|Carpentry|Coliseum|Conditioning Field|Fletchery|Levy Hall|Tannery|Tiltyard|War College,7,6
"Sgt/FarmTools/Kite/Cloth [(RInd, EProw, NPie, NCun), Nimble]|M7",Sergeant,Farm Tools,Kite Shield,Cloth,,False,25,"Immune Blocked,Parry,Nimble",900,,False,Academy|Animal Husbandry|Armory|Blacksmith|Butchery|Carpentry|Conditioning Field|Furnace|Joinery|Levy Hall|Tannery|War College,7,9
"Sgt/Pike/Leather [OuInPoI, (RInd, EProw, NPie, SCun), Recover 8]|M7",Sergeant,Pike,,Leather,,False,25,"Immune Blocked,confers:Blocked,Recover 8,confers:Strain,Outrider: once,Parry",2100,,False,Academy|Animal Husbandry|Apothecary|Blacksmith|Furnace|Herb Garden|Levy Hall|Outrider Intercept Post|Tannery|War College,7,19
"Sgt/Halberd/FullPlate [(EInd, EProw, NPie, NCun), Nimble, Recover 8, Temp]|M7",Sergeant,Halberd,,Full Plate,,False,25,"Immune Blocked,Recover 8,Nimble,Parry,Tempered",1900,,False,Academy|Animal Husbandry|Apothecary|Armory|Blacksmith|Conditioning Field|Furnace|Gilded Foundry|Herb Garden|Levy Hall|Tannery|War College,7,12
"Sgt/ShortSword/Tower/Cloth [(EInd, EProw, NPie, NCun), Nimble, Recover 8]|M7",Sergeant,Short Sword,Tower Shield,Cloth,,False,25,"Immune Blocked,Parry,Recover 8,Nimble",2100,,False,Academy|Apothecary|Blacksmith|Carpentry|Conditioning Field|Forge|Furnace|Herb Garden|Joinery|Levy Hall|War College,7,12
"Sgt/Flail+Crossbow/Cloth (TY) [(EInd, EProw, NPie, NCun), Florentine, ImmU, Nimble]|M7",Sergeant,Flail,,Cloth,Crossbow,True,25,"Immune Blocked,Nimble,Parry,Immune Unwieldy,Florentine",2100,,False,Academy|Blacksmith|Carpentry|Coliseum|Conditioning Field|Fletchery|Forge|Furnace|Levy Hall|Tiltyard|War College,7,12
"Sgt/FarmTools/Targe/Leather [PrI, (RInd, EProw, SPie, NCun), Shake+1]|M7",Sergeant,Farm Tools,Targe Shield,Leather,,False,25,"Immune Blocked,Parry,Shake +1,Resolute",1100,,False,Academy|Animal Husbandry|Blacksmith|Butchery|Carpentry|Furnace|Joinery|Levy Hall|Preceptory|Tannery|War College,7,19
"Sgt/Cavalry Spear/Buckler/Leather [(RInd, EProw, NPie, RCun), Nimble, Poison, Riposte]|M7",Sergeant,Cavalry Spear,Buckler Shield,Leather,,False,25,"Immune Blocked,Nimble,Parry,Riposte,Poison,Improved Parry",1800,,False,Academy|Alchemy|Animal Husbandry|Blacksmith|Carpentry|Coliseum|Conditioning Field|Furnace|Grand Tournament|Joinery|Levy Hall|Tannery|Toxicarium|War College,7,12
"Sgt/2HBastard+Javelin/Cloth (TY) [(EInd, EProw, NPie, NCun), Florentine, ImmU, Nimble, Riposte]|M7",Sergeant,2HBastard,,Cloth,Javelin,True,25,"Immune Blocked,Florentine,Nimble,Riposte,Parry,Immune Unwieldy,Improved Parry",2100,,False,Academy|Blacksmith|Carpentry|Coliseum|Conditioning Field|Fletchery|Forge|Furnace|Grand Tournament|Levy Hall|Tiltyard|War College,7,12
"Sgt/ShortSword+Crossbow/Cloth (TY) [(EInd, EProw, NPie, NCun), Florentine, ImmU, Nimble]|M7",Sergeant,Short Sword,,Cloth,Crossbow,True,25,"Immune Blocked,Nimble,Parry,Immune Unwieldy,Florentine",2100,,False,Academy|Blacksmith|Carpentry|Coliseum|Conditioning Field|Fletchery|Forge|Furnace|Levy Hall|Tiltyard|War College,7,12
"Sgt/Halberd+HuntBow/Cloth (TY) [(RInd, EProw, NPie, NCun), Florentine, ImmU, Nimble]|M7",Sergeant,Halberd,,Cloth,Hunting Bow,True,25,"Immune Blocked,Nimble,Parry,Immune Unwieldy,Florentine",2100,,False,Academy|Blacksmith|Carpentry|Coliseum|Conditioning Field|Fletchery|Furnace|Levy Hall|Tiltyard|War College,7,9
"Sgt/Javelin/Cloth [(RInd, EProw, NPie, NCun), Florentine, ImmU, Nimble]|M7",Sergeant,Farm Tools,,Cloth,Javelin,True,25,"Immune Blocked,Nimble,Parry,Immune Unwieldy,Florentine",2100,,False,Academy|Blacksmith|Carpentry|Coliseum|Conditioning Field|Fletchery|Furnace|Levy Hall|Tiltyard|War College,7,9
"Sgt/Lance/Targe/Cloth [(EInd, EProw, NPie, NCun), Nimble, Recover 8, Riposte]|M7",Sergeant,Lance,Targe Shield,Cloth,,False,25,"Immune Blocked,Recover 8,Nimble,Riposte,Parry,Improved Parry",2100,,False,Academy|Apothecary|Blacksmith|Carpentry|Coliseum|Conditioning Field|Forge|Furnace|Grand Tournament|Herb Garden|Joinery|Levy Hall|War College,7,12
"Sgt/Spears/Chain [(RInd, EProw, NPie, NCun), Nimble, Recover 8]|M7",Sergeant,Spears,,Chainmail,,False,25,"Immune Blocked,Parry,Recover 8,Nimble",1900,,False,Academy|Animal Husbandry|Apothecary|Armory|Blacksmith|Conditioning Field|Furnace|Herb Garden|Levy Hall|Tannery|War College,7,9
"Sgt/2HBastard/Leather [(EInd, EProw, NPie, NCun), Nimble, Recover 8]|M7",Sergeant,2HBastard,,Leather,,False,25,"Immune Blocked,Parry,Recover 8,Nimble",2100,,False,Academy|Animal Husbandry|Apothecary|Blacksmith|Conditioning Field|Forge|Furnace|Herb Garden|Levy Hall|Tannery|War College,7,12
"Sgt/Cudgel/Leather [MiMiStM, (NInd, SProw, EPie, NCun), Enduring, Rec 6, Recover 7, Recover 8, Shake+1]|M7",Sergeant,Cudgel,,Leather,,False,25,"Recover 8,Enduring,Seize: first,Parry,Shake +1,Recover 6,Improved Parry,Recover 7,+1I,Immune Blocked,Crit 7,MaxInit3",1200,,False,Academy|Alchemy|Animal Husbandry|Apothecary|Butchery|Herb Garden|Hospitaller|Infirmary|Levy Hall|Ministry of Military Strategy|Tannery|University|War College,7,16
"Sgt/Longbow/Cloth [(NInd, EProw, NPie, NCun), Florentine, ImmU, Nimble]|M7",Sergeant,Farm Tools,,Cloth,Longbow,True,25,"Immune Blocked,Nimble,Parry,Immune Unwieldy,Florentine",2100,,False,Academy|Carpentry|Coliseum|Conditioning Field|Fletchery|Furnace|Levy Hall|Tiltyard|War College,7,6
"Sgt/Spears/Leather [(NInd, EProw, NPie, NCun), Nimble, Recover 8, Riposte]|M7",Sergeant,Spears,,Leather,,False,25,"Immune Blocked,Recover 8,Nimble,Riposte,Parry,Improved Parry",2100,,False,Academy|Animal Husbandry|Apothecary|Coliseum|Conditioning Field|Furnace|Grand Tournament|Herb Garden|Levy Hall|Tannery|War College,7,6
"Sgt/FarmTools/Tower/FullPlate [(EInd, EProw, NPie, NCun), Nimble, Serr, Temp]|M7",Sergeant,Farm Tools,Tower Shield,Full Plate,,False,25,"Immune Blocked,Nimble,Parry,Serrated,Tempered",1500,,False,Academy|Animal Husbandry|Armory|Blacksmith|Carpentry|Conditioning Field|Forge|Furnace|Gilded Foundry|Joinery|Levy Hall|Master Workshop|Tannery|War College,7,12
"Sgt/Bastard+Javelin/Tower/Cloth (TY) [RoPaM, (EInd, SProw, NPie, NCun), Florentine, ImmU, Nimble, Riposte]|M7",Sergeant,Bastard Sword,Tower Shield,Cloth,Javelin,True,25,"Nimble,Parry,Drilled,Improved Parry,Immune Blocked,Riposte,Immune Strain,Immune Unwieldy,Florentine",1900,,False,Academy|Blacksmith|Carpentry|Coliseum|Conditioning Field|Fletchery|Forge|Furnace|Grand Tournament|Joinery|Levy Hall|Royal Pavilion|Tiltyard|War College,7,16
"Sgt/ShortSword/Kite/FullPlate [(EInd, EProw, NPie, RCun), Nimble, Poison, Temp]|M7",Sergeant,Short Sword,Kite Shield,Full Plate,,False,25,"Immune Blocked,Nimble,Parry,Poison,Tempered",1600,,False,Academy|Alchemy|Animal Husbandry|Armory|Blacksmith|Carpentry|Conditioning Field|Furnace|Gilded Foundry|Joinery|Levy Hall|Tannery|Toxicarium|War College,7,15
"Sgt/BattleAxe/FullPlate [(EInd, EProw, EPie, NCun), Enduring, Nimble, Rec 6, Recover 7, Recover 8, Serr, Shake+1, Temp]|M8",Sergeant,Battle Axe,,Full Plate,,False,25,"Recover 8,Enduring,Nimble,Parry,Shake +1,Recover 6,Recover 7,Immune Blocked,Serrated,Tempered",1600,,False,Academy|Alchemy|Animal Husbandry|Apothecary|Armory|Blacksmith|Conditioning Field|Furnace|Gilded Foundry|Herb Garden|Hospitaller|Infirmary|Levy Hall|Master Workshop|Tannery|War College,8,18
"Sgt/2HBastard/Leather [(EInd, EProw, EPie, NCun), Enduring, Nimble, Rec 6, Recover 7, Recover 8, Shake+1]|M8",Sergeant,2HBastard,,Leather,,False,25,"Recover 8,Nimble,Enduring,Shake +1,Recover 6,Recover 7,Immune Blocked,Parry",2000,,False,Academy|Alchemy|Animal Husbandry|Apothecary|Blacksmith|Conditioning Field|Forge|Furnace|Herb Garden|Hospitaller|Infirmary|Levy Hall|Stable|Tannery|War College,8,18
"Sgt/Morningstar/Tower/FullPlate [RoPaI, (EInd, SProw, NPie, NCun), Recover 8, Temp]|M8",Sergeant,Morningstar,Tower Shield,Full Plate,,False,25,"Immune Blocked,Recover 8,Parry,Tempered,Immune Strain",1700,,False,Academy|Animal Husbandry|Apothecary|Armory|Blacksmith|Carpentry|Forge|Furnace|Gilded Foundry|Herb Garden|Joinery|Levy Hall|Royal Pavilion|Tannery|War College,8,16
"Sgt/HuntBow/FullPlate [(EInd, EProw, NPie, NCun), Florentine, ImmU, Nimble, Temp]|M8",Sergeant,Farm Tools,,Full Plate,Hunting Bow,True,25,"Immune Blocked,Nimble,Parry,Tempered,Immune Unwieldy,Florentine",1700,,False,Academy|Animal Husbandry|Armory|Blacksmith|Carpentry|Coliseum|Conditioning Field|Fletchery|Furnace|Gilded Foundry|Levy Hall|Tannery|Tiltyard|War College,8,12
"Sgt/ShortSword/Targe/Leather [(RInd, EProw, NPie, NCun), Nimble, Recover 8]|M8",Sergeant,Short Sword,Targe Shield,Leather,,False,25,"Immune Blocked,Parry,Recover 8,Nimble",1900,,False,Academy|Animal Husbandry|Apothecary|Blacksmith|Carpentry|Conditioning Field|Furnace|Herb Garden|Joinery|Levy Hall|Tannery|War College,8,9
"Sgt/Halberd+Crossbow/Cloth (TY) [(EInd, EProw, NPie, NCun), Florentine, ImmU, Nimble, Serr]|M8",Sergeant,Halberd,,Cloth,Crossbow,True,25,"Immune Blocked,Florentine,Nimble,Parry,Immune Unwieldy,Serrated",1900,,False,Academy|Blacksmith|Carpentry|Coliseum|Conditioning Field|Fletchery|Forge|Furnace|Levy Hall|Master Workshop|Tiltyard|War College,8,12
"Sgt/WarHammer+Longbow/FullPlate (TY) [(EInd, EProw, NPie, NCun), Florentine, ImmU, Nimble, Riposte, Temp]|M8",Sergeant,War Hammer,,Full Plate,Longbow,True,25,"Nimble,Improved Parry,Immune Blocked,Riposte,Parry,Tempered,Immune Unwieldy,Florentine",1700,,False,Academy|Animal Husbandry|Armory|Blacksmith|Carpentry|Coliseum|Conditioning Field|Fletchery|Forge|Furnace|Gilded Foundry|Grand Tournament|Levy Hall|Tannery|Tiltyard|War College,8,12
"Sgt/Morningstar+Crossbow/Tower/FullPlate (TY) [(EInd, EProw, NPie, NCun), Florentine, ImmU, Nimble, Temp]|M8",Sergeant,Morningstar,Tower Shield,Full Plate,Crossbow,True,25,"Immune Blocked,Nimble,Parry,Tempered,Immune Unwieldy,Florentine",1500,,False,Academy|Animal Husbandry|Armory|Blacksmith|Carpentry|Coliseum|Conditioning Field|Fletchery|Forge|Furnace|Gilded Foundry|Joinery|Levy Hall|Tannery|Tiltyard|War College,8,12
"Sgt/FarmTools/Tower/Cloth [(EInd, EProw, EPie, RCun), Enduring, Nimble, Poison, Rec 6, Recover 7, Recover 8, Shake+1]|M8",Sergeant,Farm Tools,Tower Shield,Cloth,,False,25,"Recover 8,Nimble,Enduring,Poison,Shake +1,Recover 6,Recover 7,Immune Blocked,Parry",1900,,False,Academy|Alchemy|Apothecary|Blacksmith|Carpentry|Conditioning Field|Forge|Furnace|Herb Garden|Hospitaller|Infirmary|Joinery|Levy Hall|Toxicarium|War College,8,21
"Sgt/Lance/Heater/Cloth [ABFM, MiMiStI, (SInd, SProw, NPie, NCun), Serr, Temp]|M8",Sergeant,Lance,Heater Shield,Cloth,,False,25,"Seize: first,ABF,Parry,Serrated,+1I,Immune Blocked,MaxInit3,Tempered",1000,,False,ABF|Academy|Armory|Blacksmith|Carpentry|Forge|Furnace|Gilded Foundry|Joinery|Levy Hall|Master Workshop|Ministry of Military Strategy|Stable|Tannery|War College,8,20
"Sgt/Daggers+Crossbow/Cloth (TY) [MiMiStI, (EInd, SProw, NPie, NCun), Florentine, ImmU, Nimble]|M8",Sergeant,Daggers,,Cloth,Crossbow,True,25,"Nimble,Seize: first,Parry,+1I,Immune Blocked,MaxInit3,Immune Unwieldy,Florentine",2100,,False,Academy|Blacksmith|Carpentry|Coliseum|Conditioning Field|Fletchery|Forge|Furnace|Levy Hall|Ministry of Military Strategy|Tiltyard|War College,8,16
"Sgt/Flail+Crossbow/Tower/FullPlate (TY) [(EInd, EProw, NPie, NCun), Florentine, ImmU, Nimble, Temp]|M8",Sergeant,Flail,Tower Shield,Full Plate,Crossbow,True,25,"Immune Blocked,Nimble,Parry,Tempered,Immune Unwieldy,Florentine",1500,,False,Academy|Animal Husbandry|Armory|Blacksmith|Carpentry|Coliseum|Conditioning Field|Fletchery|Forge|Furnace|Gilded Foundry|Joinery|Levy Hall|Tannery|Tiltyard|War College,8,12
"Sgt/BattleAxe+Javelin/Leather (TY) [(RInd, EProw, NPie, NCun), Florentine, ImmU, Nimble]|M8",Sergeant,Battle Axe,,Leather,Javelin,True,25,"Immune Blocked,Nimble,Parry,Immune Unwieldy,Florentine",1900,,False,Academy|Animal Husbandry|Blacksmith|Carpentry|Coliseum|Conditioning Field|Fletchery|Furnace|Levy Hall|Tannery|Tiltyard|War College,8,9
"Sgt/ShortSword/Cloth (DW) [(EInd, EProw, NPie, NCun), DW, Florentine, ImmU, Nimble, Serr]|M8",Sergeant,Short Sword,,Cloth,,True,25,"Immune Blocked,Florentine,Nimble,Dual Wield,Parry,Immune Unwieldy,Serrated",2100,,False,Academy|Blacksmith|Carpentry|Coliseum|Conditioning Field|Fletchery|Furnace|Levy Hall|Master Workshop|Tiltyard|War College,8,12
"Sgt/BattleAxe+Crossbow/FullPlate (TY) [(EInd, EProw, NPie, NCun), Florentine, ImmU, Nimble, Temp]|M8",Sergeant,Battle Axe,,Full Plate,Crossbow,True,25,"Immune Blocked,Nimble,Parry,Tempered,Immune Unwieldy,Florentine",1700,,False,Academy|Animal Husbandry|Armory|Blacksmith|Carpentry|Coliseum|Conditioning Field|Fletchery|Forge|Furnace|Gilded Foundry|Levy Hall|Tannery|Tiltyard|War College,8,12
"Sgt/Pike+HuntBow/Chain (TY) [(RInd, EProw, NPie, NCun), Florentine, ImmU, Nimble]|M8",Sergeant,Pike,,Chainmail,Hunting Bow,True,25,"Immune Blocked,Nimble,Parry,Immune Unwieldy,Florentine",1700,,False,Academy|Animal Husbandry|Armory|Blacksmith|Carpentry|Coliseum|Conditioning Field|Fletchery|Furnace|Levy Hall|Tannery|Tiltyard|War College,8,9
"Sgt/Spears+Javelin/Leather (TY) [(RInd, EProw, NPie, NCun), Florentine, ImmU, Nimble]|M8",Sergeant,Spears,,Leather,Javelin,True,25,"Immune Blocked,Nimble,Parry,Immune Unwieldy,Florentine",1900,,False,Academy|Animal Husbandry|Blacksmith|Carpentry|Coliseum|Conditioning Field|Fletchery|Furnace|Levy Hall|Tannery|Tiltyard|War College,8,9
"Sgt/ShortSword+Javelin/Targe/Leather (TY) [(RInd, EProw, NPie, NCun), Florentine, ImmU, Nimble]|M8",Sergeant,Short Sword,Targe Shield,Leather,Javelin,True,25,"Immune Blocked,Nimble,Parry,Immune Unwieldy,Florentine",1700,,False,Academy|Animal Husbandry|Blacksmith|Carpentry|Coliseum|Conditioning Field|Fletchery|Furnace|Joinery|Levy Hall|Tannery|Tiltyard|War College,8,9
"Sgt/Daggers+Longbow/Leather (TY) [(NInd, EProw, NPie, NCun), Florentine, ImmU, Nimble]|M8",Sergeant,Daggers,,Leather,Longbow,True,25,"Immune Blocked,Nimble,Parry,Immune Unwieldy,Florentine",1900,,False,Academy|Animal Husbandry|Carpentry|Coliseum|Conditioning Field|Fletchery|Furnace|Levy Hall|Tannery|Tiltyard|War College,8,6
"Sgt/Cavalry Spear/Targe/FullPlate [(EInd, EProw, NPie, NCun), Nimble, Recover 8, Temp]|M8",Sergeant,Cavalry Spear,Targe Shield,Full Plate,,False,25,"Immune Blocked,Recover 8,Nimble,Parry,Tempered",1700,,False,Academy|Animal Husbandry|Apothecary|Armory|Blacksmith|Carpentry|Conditioning Field|Furnace|Gilded Foundry|Herb Garden|Joinery|Levy Hall|Tannery|War College,8,12
"Sgt/Spears+Longbow/Cloth (TY) [(NInd, EProw, NPie, NCun), Florentine, ImmU, Nimble]|M8",Sergeant,Spears,,Cloth,Longbow,True,25,"Immune Blocked,Nimble,Parry,Immune Unwieldy,Florentine",2100,,False,Academy|Carpentry|Coliseum|Conditioning Field|Fletchery|Furnace|Levy Hall|Stable|Tiltyard|War College,8,6
"Sgt/FarmTools/Targe/Chain [MiMiStM, (RInd, SProw, NPie, NCun), Recover 8]|M8",Sergeant,Farm Tools,Targe Shield,Chainmail,,False,25,"Recover 8,Seize: first,Parry,Improved Parry,+1I,Immune Blocked,Crit 7,MaxInit3",1700,,False,Academy|Animal Husbandry|Apothecary|Armory|Blacksmith|Carpentry|Furnace|Herb Garden|Joinery|Levy Hall|Ministry of Military Strategy|Tannery|University|War College,8,13
"Sgt/2HBastard+Javelin/Chain (TY) [RoPaM, (EInd, SProw, NPie, NCun), Florentine, ImmU, Nimble, Riposte]|M8",Sergeant,2HBastard,,Chainmail,Javelin,True,25,"Nimble,Parry,Drilled,Improved Parry,Immune Blocked,Riposte,Immune Strain,Immune Unwieldy,Florentine",1700,,False,Academy|Animal Husbandry|Armory|Blacksmith|Carpentry|Coliseum|Conditioning Field|Fletchery|Forge|Furnace|Grand Tournament|Levy Hall|Royal Pavilion|Tannery|Tiltyard|War College,8,16
"Sgt/Arming+Crossbow/Tower/FullPlate (TY) [(EInd, EProw, NPie, NCun), Florentine, ImmU, Nimble, Temp]|M8",Sergeant,Arming Sword,Tower Shield,Full Plate,Crossbow,True,25,"Immune Blocked,Nimble,Parry,Tempered,Immune Unwieldy,Florentine",1500,,False,Academy|Animal Husbandry|Armory|Blacksmith|Carpentry|Coliseum|Conditioning Field|Fletchery|Forge|Furnace|Gilded Foundry|Joinery|Levy Hall|Tannery|Tiltyard|War College,8,12
"Sgt/Arming+Longbow/Tower/Cloth (TY) [(EInd, EProw, NPie, NCun), Florentine, ImmU, Nimble, Serr]|M8",Sergeant,Arming Sword,Tower Shield,Cloth,Longbow,True,25,"Immune Blocked,Florentine,Nimble,Parry,Immune Unwieldy,Serrated",1700,,False,Academy|Blacksmith|Carpentry|Coliseum|Conditioning Field|Fletchery|Forge|Furnace|Joinery|Levy Hall|Master Workshop|Tiltyard|War College,8,12
"Sgt/Lance/Buckler/Leather [(EInd, EProw, NPie, NCun), Nimble, Recover 8]|M8",Sergeant,Lance,Buckler Shield,Leather,,False,25,"Immune Blocked,Parry,Recover 8,Nimble",1900,,False,Academy|Animal Husbandry|Apothecary|Blacksmith|Carpentry|Conditioning Field|Forge|Furnace|Herb Garden|Joinery|Levy Hall|Tannery|War College,8,12
"Sgt/Arming/FullPlate (DW) [(EInd, EProw, NPie, NCun), DW, Florentine, ImmU, Nimble, Temp]|M8",Sergeant,Arming Sword,,Full Plate,,True,25,"Immune Blocked,Nimble,Dual Wield,Parry,Tempered,Immune Unwieldy,Florentine",1900,,False,Academy|Animal Husbandry|Armory|Blacksmith|Carpentry|Coliseum|Conditioning Field|Fletchery|Furnace|Gilded Foundry|Levy Hall|Tannery|Tiltyard|War College,8,12
"Sgt/2HBastard/Cloth [(EInd, EProw, EPie, NCun), Enduring, Nimble, Rec 6, Recover 7, Recover 8, Shake+1]|M8",Sergeant,2HBastard,,Cloth,,False,25,"Recover 8,Nimble,Enduring,Shake +1,Recover 6,Recover 7,Immune Blocked,Parry",1200,,False,Academy|Alchemy|Animal Husbandry|Apothecary|Blacksmith|Butchery|Conditioning Field|Forge|Furnace|Herb Garden|Hospitaller|Infirmary|Levy Hall|Tannery|War College,8,18
"Sgt/Pitchfork+HuntBow/Chain (TY) [(RInd, EProw, NPie, NCun), Florentine, ImmU, Nimble]|M8",Sergeant,Pitchfork,,Chainmail,Hunting Bow,True,25,"Immune Blocked,Nimble,Parry,Immune Unwieldy,Florentine",1700,,False,Academy|Animal Husbandry|Armory|Blacksmith|Carpentry|Coliseum|Conditioning Field|Fletchery|Furnace|Levy Hall|Tannery|Tiltyard|War College,8,9
"Sgt/Morningstar/Heater/Gothic [ABFM, (SInd, EProw, NPie, NCun), Nimble, Serr, Temp]|M8",Sergeant,Morningstar,Heater Shield,Gothic Plate,,False,25,"Immune Blocked,Nimble,ABF,Parry,Tempered,Serrated",1000,,False,ABF|Academy|Animal Husbandry|Armory|Blacksmith|Carpentry|Conditioning Field|Forge|Furnace|Gilded Foundry|Joinery|Levy Hall|Master Workshop|Stable|Tannery|War College,8,16
"Sgt/Spears/Chain [OuInPoM, (RInd, EProw, NPie, SCun), Poison]|M8",Sergeant,Spears,,Chainmail,,False,25,"Immune Blocked,confers:Blocked,confers:Strain,Parry,Poison,Outrider: every",1800,,False,Academy|Alchemy|Animal Husbandry|Armory|Blacksmith|Caravanery|Cipher Chamber|Furnace|Levy Hall|Outrider Intercept Post|Tannery|Toxicarium|War College,8,19
"Sgt/Bastard/Heater/Chain [ABFM, (SInd, EProw, NPie, NCun), Nimble, Serr, Temp]|M8",Sergeant,Bastard Sword,Heater Shield,Chainmail,,False,25,"Immune Blocked,Nimble,ABF,Parry,Tempered,Serrated",1000,,False,ABF|Academy|Animal Husbandry|Armory|Blacksmith|Carpentry|Conditioning Field|Forge|Furnace|Gilded Foundry|Joinery|Levy Hall|Master Workshop|Stable|Tannery|War College,8,16
"Sgt/Daggers+Javelin/Cloth (TY) [MiMiStI, (RInd, SProw, NPie, NCun), Florentine, ImmU, Nimble]|M8",Sergeant,Daggers,,Cloth,Javelin,True,25,"Nimble,Seize: first,Parry,+1I,Immune Blocked,MaxInit3,Immune Unwieldy,Florentine",2100,,False,Academy|Blacksmith|Carpentry|Coliseum|Conditioning Field|Fletchery|Furnace|Levy Hall|Ministry of Military Strategy|Tiltyard|War College,8,13
"Sgt/FarmTools/Kite/Chain [(RInd, EProw, NPie, NCun), Nimble, Recover 8]|M8",Sergeant,Farm Tools,Kite Shield,Chainmail,,False,25,"Immune Blocked,Parry,Recover 8,Nimble",1700,,False,Academy|Animal Husbandry|Apothecary|Armory|Blacksmith|Carpentry|Conditioning Field|Furnace|Herb Garden|Joinery|Levy Hall|Tannery|War College,8,9
"Sgt/Pike+Javelin/Cloth (TY) [PrI, (RInd, EProw, SPie, NCun), Florentine, ImmU, Nimble, Shake+1]|M8",Sergeant,Pike,,Cloth,Javelin,True,25,"Immune Blocked,Florentine,Nimble,Parry,Shake +1,Immune Unwieldy,Resolute",2100,,False,Academy|Blacksmith|Carpentry|Coliseum|Conditioning Field|Fletchery|Furnace|Levy Hall|Preceptory|Tiltyard|War College,8,19
"Sgt/Poleaxe/Gothic [ABFM, (SInd, EProw, NPie, NCun), Nimble, Serr, Temp]|M8",Sergeant,Poleaxe,,Gothic Plate,,False,25,"Immune Blocked,Nimble,ABF,Parry,Tempered,Serrated",400,,False,ABF|Academy|Animal Husbandry|Armory|Blacksmith|Butchery|Conditioning Field|Forge|Furnace|Gilded Foundry|Levy Hall|Master Workshop|Stable|Tannery|War College,8,16
"Sgt/Halberd+HuntBow/FullPlate (TY) [(EInd, EProw, NPie, NCun), Florentine, ImmU, Nimble, Temp]|M8",Sergeant,Halberd,,Full Plate,Hunting Bow,True,25,"Immune Blocked,Nimble,Parry,Tempered,Immune Unwieldy,Florentine",1700,,False,Academy|Animal Husbandry|Armory|Blacksmith|Carpentry|Coliseum|Conditioning Field|Fletchery|Furnace|Gilded Foundry|Levy Hall|Tannery|Tiltyard|War College,8,12
"Sgt/Morningstar/Heater/Chain [ABFM, (SInd, EProw, NPie, NCun), Nimble, Serr, Temp]|M8",Sergeant,Morningstar,Heater Shield,Chainmail,,False,25,"Immune Blocked,Nimble,ABF,Parry,Tempered,Serrated",1000,,False,ABF|Academy|Animal Husbandry|Armory|Blacksmith|Carpentry|Conditioning Field|Forge|Furnace|Gilded Foundry|Joinery|Levy Hall|Master Workshop|Stable|Tannery|War College,8,16
"Sgt/Pike+Crossbow/FullPlate (TY) [(EInd, EProw, NPie, NCun), Florentine, ImmU, Nimble, Temp]|M8",Sergeant,Pike,,Full Plate,Crossbow,True,25,"Immune Blocked,Nimble,Parry,Tempered,Immune Unwieldy,Florentine",1700,,False,Academy|Animal Husbandry|Armory|Blacksmith|Carpentry|Coliseum|Conditioning Field|Fletchery|Forge|Furnace|Gilded Foundry|Levy Hall|Tannery|Tiltyard|War College,8,12
"Sgt/Arming+Javelin/Kite/Chain (TY) [(RInd, EProw, NPie, NCun), Florentine, ImmU, Nimble]|M8",Sergeant,Arming Sword,Kite Shield,Chainmail,Javelin,True,25,"Immune Blocked,Nimble,Parry,Immune Unwieldy,Florentine",1500,,False,Academy|Animal Husbandry|Armory|Blacksmith|Carpentry|Coliseum|Conditioning Field|Fletchery|Furnace|Joinery|Levy Hall|Tannery|Tiltyard|War College,8,9
"Sgt/Pitchfork/Cloth [(NInd, EProw, EPie, NCun), Enduring, Nimble, Rec 6, Recover 7, Recover 8, Riposte, Shake+1]|M8",Sergeant,Pitchfork,,Cloth,,False,25,"Recover 8,Nimble,Enduring,Shake +1,Recover 6,Improved Parry,Recover 7,Immune Blocked,Riposte,Parry",1000,,False,Academy|Alchemy|Animal Husbandry|Apothecary|Butchery|Coliseum|Conditioning Field|Grand Tournament|Herb Garden|Hospitaller|Infirmary|Levy Hall|Smokehouse|Tannery|War College,8,12
"Sgt/FarmTools/Leather [OuInPoM, (NInd, EProw, NPie, SCun), Recover 8]|M8",Sergeant,Farm Tools,,Leather,,False,25,"Immune Blocked,confers:Blocked,Recover 8,confers:Strain,Parry,Outrider: every",2100,,False,Academy|Animal Husbandry|Apothecary|Caravanery|Cipher Chamber|Herb Garden|Levy Hall|Outrider Intercept Post|Tannery|War College,8,16
"Sgt/Morningstar+Crossbow/Tower/Chain (TY) [(EInd, EProw, NPie, NCun), Florentine, ImmU, Nimble]|M8",Sergeant,Morningstar,Tower Shield,Chainmail,Crossbow,True,25,"Immune Blocked,Nimble,Parry,Immune Unwieldy,Florentine",1500,,False,Academy|Animal Husbandry|Armory|Blacksmith|Carpentry|Coliseum|Conditioning Field|Fletchery|Forge|Furnace|Joinery|Levy Hall|Tannery|Tiltyard|War College,8,12
"Sgt/Morningstar/Heater/Cloth [ABFM, (SInd, EProw, NPie, NCun), Nimble, Serr, Temp]|M8",Sergeant,Morningstar,Heater Shield,Cloth,,False,25,"Immune Blocked,Nimble,ABF,Parry,Tempered,Serrated",1000,,False,ABF|Academy|Armory|Blacksmith|Carpentry|Conditioning Field|Forge|Furnace|Gilded Foundry|Joinery|Levy Hall|Master Workshop|Stable|Tannery|War College,8,16
"Sgt/Cudgel+HuntBow/Cloth (TY) [RoPaM, (NInd, SProw, NPie, NCun), Florentine, ImmU, Nimble, Recover 8, Riposte]|M8",Sergeant,Cudgel,,Cloth,Hunting Bow,True,25,"Recover 8,Nimble,Parry,Drilled,Improved Parry,Immune Blocked,Riposte,Immune Strain,Immune Unwieldy,Florentine",2100,,False,Academy|Apothecary|Carpentry|Coliseum|Conditioning Field|Fletchery|Grand Tournament|Herb Garden|Levy Hall|Royal Pavilion|Tiltyard|War College,8,10
"Sgt/ShortSword/Kite/Cloth [(RInd, EProw, NPie, NCun), Nimble, Recover 8]|M8",Sergeant,Short Sword,Kite Shield,Cloth,,False,25,"Immune Blocked,Parry,Recover 8,Nimble",1700,,False,Academy|Apothecary|Armory|Blacksmith|Carpentry|Conditioning Field|Furnace|Herb Garden|Joinery|Levy Hall|Tannery|War College,8,9
"Sgt/Pitchfork/FullPlate [(EInd, EProw, EPie, NCun), Enduring, Nimble, Rec 6, Recover 7, Recover 8, Shake+1, Temp]|M8",Sergeant,Pitchfork,,Full Plate,,False,25,"Recover 8,Enduring,Nimble,Shake +1,Recover 6,Recover 7,Immune Blocked,Parry,Tempered",1000,,False,Academy|Alchemy|Animal Husbandry|Apothecary|Armory|Blacksmith|Butchery|Conditioning Field|Furnace|Gilded Foundry|Herb Garden|Hospitaller|Infirmary|Levy Hall|Tannery|War College,8,18
"Sgt/Bastard/Tower/Chain [(EInd, EProw, NPie, NCun), Nimble, Recover 8, Riposte]|M8",Sergeant,Bastard Sword,Tower Shield,Chainmail,,False,25,"Immune Blocked,Recover 8,Nimble,Riposte,Parry,Improved Parry",1700,,False,Academy|Animal Husbandry|Apothecary|Armory|Blacksmith|Carpentry|Coliseum|Conditioning Field|Forge|Furnace|Grand Tournament|Herb Garden|Joinery|Levy Hall|Tannery|War College,8,12
"Sgt/2HBastard+Longbow/FullPlate (TY) [(EInd, EProw, NPie, NCun), Florentine, ImmU, Nimble, Temp]|M8",Sergeant,2HBastard,,Full Plate,Longbow,True,25,"Immune Blocked,Nimble,Parry,Tempered,Immune Unwieldy,Florentine",1700,,False,Academy|Animal Husbandry|Armory|Blacksmith|Carpentry|Coliseum|Conditioning Field|Fletchery|Forge|Furnace|Gilded Foundry|Levy Hall|Tannery|Tiltyard|War College,8,12
"Sgt/Arming+HuntBow/Tower/Cloth (TY) [(EInd, EProw, NPie, RCun), Florentine, ImmU, Nimble, Poison]|M8",Sergeant,Arming Sword,Tower Shield,Cloth,Hunting Bow,True,25,"Immune Blocked,Nimble,Parry,Poison,Immune Unwieldy,Florentine",1800,,False,Academy|Alchemy|Blacksmith|Carpentry|Coliseum|Conditioning Field|Fletchery|Forge|Furnace|Joinery|Levy Hall|Tiltyard|Toxicarium|War College,8,15
"Sgt/FarmTools/Targe/Chain [(RInd, EProw, NPie, NCun), Nimble, Recover 8]|M8",Sergeant,Farm Tools,Targe Shield,Chainmail,,False,25,"Immune Blocked,Parry,Recover 8,Nimble",1700,,False,Academy|Animal Husbandry|Apothecary|Armory|Blacksmith|Carpentry|Conditioning Field|Furnace|Herb Garden|Joinery|Levy Hall|Tannery|War College,8,9
"Sgt/Halberd+Crossbow/Leather (TY) [(EInd, EProw, NPie, NCun), Florentine, ImmU, Nimble]|M8",Sergeant,Halberd,,Leather,Crossbow,True,25,"Immune Blocked,Nimble,Parry,Immune Unwieldy,Florentine",1900,,False,Academy|Animal Husbandry|Blacksmith|Carpentry|Coliseum|Conditioning Field|Fletchery|Forge|Furnace|Levy Hall|Tannery|Tiltyard|War College,8,12
"Sgt/Morningstar+HuntBow/Tower/Leather (TY) [(EInd, EProw, NPie, NCun), Florentine, ImmU, Nimble, Riposte]|M8",Sergeant,Morningstar,Tower Shield,Leather,Hunting Bow,True,25,"Immune Blocked,Florentine,Nimble,Riposte,Parry,Immune Unwieldy,Improved Parry",1700,,False,Academy|Animal Husbandry|Blacksmith|Carpentry|Coliseum|Conditioning Field|Fletchery|Forge|Furnace|Grand Tournament|Joinery|Levy Hall|Tannery|Tiltyard|War College,8,12
"Sgt/Pike+Javelin/Leather (TY) [(RInd, EProw, NPie, NCun), Florentine, ImmU, Nimble]|M8",Sergeant,Pike,,Leather,Javelin,True,25,"Immune Blocked,Nimble,Parry,Immune Unwieldy,Florentine",1900,,False,Academy|Animal Husbandry|Blacksmith|Carpentry|Coliseum|Conditioning Field|Fletchery|Furnace|Levy Hall|Tannery|Tiltyard|War College,8,9
"Sgt/Halberd+Javelin/FullPlate (TY) [(EInd, EProw, NPie, NCun), Florentine, ImmU, Nimble, Temp]|M8",Sergeant,Halberd,,Full Plate,Javelin,True,25,"Immune Blocked,Nimble,Parry,Tempered,Immune Unwieldy,Florentine",1700,,False,Academy|Animal Husbandry|Armory|Blacksmith|Carpentry|Coliseum|Conditioning Field|Fletchery|Furnace|Gilded Foundry|Levy Hall|Tannery|Tiltyard|War College,8,12
"Sgt/HuntBow/Leather [(NInd, EProw, NPie, RCun), Florentine, ImmU, Nimble, Poison]|M8",Sergeant,Farm Tools,,Leather,Hunting Bow,True,25,"Immune Blocked,Nimble,Parry,Poison,Immune Unwieldy,Florentine",1800,,False,Academy|Alchemy|Animal Husbandry|Carpentry|Coliseum|Conditioning Field|Fletchery|Levy Hall|Tannery|Tiltyard|Toxicarium|War College,8,9
"Sgt/Pike+Longbow/Cloth (TY) [(RInd, EProw, NPie, RCun), Florentine, ImmU, Nimble, Poison]|M8",Sergeant,Pike,,Cloth,Longbow,True,25,"Immune Blocked,Nimble,Parry,Poison,Immune Unwieldy,Florentine",2000,,False,Academy|Alchemy|Blacksmith|Carpentry|Coliseum|Conditioning Field|Fletchery|Furnace|Levy Hall|Tiltyard|Toxicarium|War College,8,12
"Sgt/ShortSword+Crossbow/Tower/Cloth (TY) [(EInd, EProw, NPie, NCun), Florentine, ImmU, Nimble]|M8",Sergeant,Short Sword,Tower Shield,Cloth,Crossbow,True,25,"Immune Blocked,Nimble,Parry,Immune Unwieldy,Florentine",1900,,False,Academy|Blacksmith|Carpentry|Coliseum|Conditioning Field|Fletchery|Forge|Furnace|Joinery|Levy Hall|Stable|Tiltyard|War College,8,12
"Sgt/Daggers/Cloth [RoPaM, (NInd, SProw, EPie, RCun), Enduring, Improved Parry, Poison, Rec 6, Recover 7, Recover 8, Shake+1]|M8",Sergeant,Daggers,,Cloth,,False,25,"Recover 8,Enduring,Parry,Drilled,Poison,Shake +1,Recover 6,Improved Parry,Recover 7,Immune Blocked,Immune Strain",2100,,False,Academy|Alchemy|Apothecary|Furnace|Grand Tournament|Herb Garden|Hospitaller|Infirmary|Levy Hall|Royal Pavilion|Tiltyard|Toxicarium|War College,8,19
"Sgt/Cudgel+HuntBow/Chain (TY) [(RInd, EProw, NPie, NCun), Florentine, ImmU, Nimble]|M8",Sergeant,Cudgel,,Chainmail,Hunting Bow,True,25,"Immune Blocked,Nimble,Parry,Immune Unwieldy,Florentine",1700,,False,Academy|Animal Husbandry|Armory|Blacksmith|Carpentry|Coliseum|Conditioning Field|Fletchery|Furnace|Levy Hall|Tannery|Tiltyard|War College,8,9
"Sgt/FarmTools/FullPlate [MiMiStM, (EInd, SProw, EPie, NCun), Enduring, Rec 6, Recover 7, Recover 8, Serr, Shake+1, Temp]|M8",Sergeant,Farm Tools,,Full Plate,,False,25,"Recover 8,Seize: first,Enduring,Parry,Shake +1,Recover 6,Improved Parry,Recover 7,MaxInit3,+1I,Immune Blocked,Crit 7,Serrated,Tempered",1600,,False,Academy|Alchemy|Animal Husbandry|Apothecary|Armory|Blacksmith|Furnace|Gilded Foundry|Herb Garden|Hospitaller|Infirmary|Levy Hall|Master Workshop|Ministry of Military Strategy|Tannery|University|War College,8,22
"Sgt/FarmTools/Tower/FullPlate [(EInd, EProw, NPie, NCun), Nimble, Recover 8, Temp]|M8",Sergeant,Farm Tools,Tower Shield,Full Plate,,False,25,"Immune Blocked,Recover 8,Nimble,Parry,Tempered",1700,,False,Academy|Animal Husbandry|Apothecary|Armory|Blacksmith|Carpentry|Conditioning Field|Forge|Furnace|Gilded Foundry|Herb Garden|Joinery|Levy Hall|Tannery|War College,8,12
"Sgt/Halberd+Longbow/FullPlate (TY) [(EInd, EProw, NPie, NCun), Florentine, ImmU, Nimble, Temp]|M8",Sergeant,Halberd,,Full Plate,Longbow,True,25,"Immune Blocked,Nimble,Parry,Tempered,Immune Unwieldy,Florentine",1700,,False,Academy|Animal Husbandry|Armory|Blacksmith|Carpentry|Coliseum|Conditioning Field|Fletchery|Furnace|Gilded Foundry|Levy Hall|Tannery|Tiltyard|War College,8,12
"Sgt/Flail/Tower/Chain [RoPaM, (EInd, SProw, NPie, RCun), Improved Parry, Poison]|M8",Sergeant,Flail,Tower Shield,Chainmail,,False,25,"Immune Blocked,Drilled,Poison,Parry,Improved Parry,Immune Strain",1600,,False,Academy|Alchemy|Animal Husbandry|Armory|Blacksmith|Carpentry|Forge|Furnace|Grand Tournament|Joinery|Levy Hall|Royal Pavilion|Tannery|Tiltyard|Toxicarium|War College,8,19
"Sgt/Poleaxe/FullPlate [ABFM, (SInd, EProw, NPie, NCun), Nimble, Serr, Temp]|M8",Sergeant,Poleaxe,,Full Plate,,False,25,"Immune Blocked,Nimble,ABF,Parry,Tempered,Serrated",400,,False,ABF|Academy|Animal Husbandry|Armory|Blacksmith|Butchery|Conditioning Field|Forge|Furnace|Gilded Foundry|Levy Hall|Master Workshop|Stable|Tannery|War College,8,16
"Sgt/ShortSword+Crossbow/Tower/Cloth (TY) [(EInd, EProw, NPie, NCun), Florentine, ImmU, Nimble, Serr]|M8",Sergeant,Short Sword,Tower Shield,Cloth,Crossbow,True,25,"Immune Blocked,Florentine,Nimble,Parry,Immune Unwieldy,Serrated",1700,,False,Academy|Blacksmith|Carpentry|Coliseum|Conditioning Field|Fletchery|Forge|Furnace|Joinery|Levy Hall|Master Workshop|Tiltyard|War College,8,12
"Sgt/Morningstar+Javelin/Tower/FullPlate (TY) [(EInd, EProw, NPie, NCun), Florentine, ImmU, Nimble, Temp]|M8",Sergeant,Morningstar,Tower Shield,Full Plate,Javelin,True,25,"Immune Blocked,Nimble,Parry,Tempered,Immune Unwieldy,Florentine",1500,,False,Academy|Animal Husbandry|Armory|Blacksmith|Carpentry|Coliseum|Conditioning Field|Fletchery|Forge|Furnace|Gilded Foundry|Joinery|Levy Hall|Tannery|Tiltyard|War College,8,12
"Sgt/Bastard+Javelin/Tower/Chain (TY) [RoPaM, (EInd, SProw, NPie, NCun), Florentine, ImmU, Nimble, Riposte]|M8",Sergeant,Bastard Sword,Tower Shield,Chainmail,Javelin,True,25,"Nimble,Parry,Drilled,Improved Parry,Immune Blocked,Riposte,Immune Strain,Immune Unwieldy,Florentine",1500,,False,Academy|Animal Husbandry|Armory|Blacksmith|Carpentry|Coliseum|Conditioning Field|Fletchery|Forge|Furnace|Grand Tournament|Joinery|Levy Hall|Royal Pavilion|Tannery|Tiltyard|War College,8,16
"Sgt/ShortSword+Javelin/Tower/Cloth (TY) [(EInd, EProw, NPie, RCun), Florentine, ImmU, Nimble, Poison]|M8",Sergeant,Short Sword,Tower Shield,Cloth,Javelin,True,25,"Immune Blocked,Nimble,Parry,Poison,Immune Unwieldy,Florentine",1800,,False,Academy|Alchemy|Blacksmith|Carpentry|Coliseum|Conditioning Field|Fletchery|Forge|Furnace|Joinery|Levy Hall|Tiltyard|Toxicarium|War College,8,15
"Sgt/Flail/Cloth (DW) [RoPaM, (EInd, SProw, NPie, NCun), DW, Florentine, ImmU, Nimble, Riposte, Serr]|M8",Sergeant,Flail,,Cloth,,True,25,"Nimble,Parry,Drilled,Improved Parry,Immune Blocked,Dual Wield,Riposte,Serrated,Immune Unwieldy,Florentine,Immune Strain",2100,,False,Academy|Blacksmith|Carpentry|Coliseum|Conditioning Field|Fletchery|Furnace|Grand Tournament|Levy Hall|Master Workshop|Royal Pavilion|Tiltyard|War College,8,16
"Sgt/BattleAxe+Crossbow/Leather (TY) [(EInd, EProw, NPie, NCun), Florentine, ImmU, Nimble]|M8",Sergeant,Battle Axe,,Leather,Crossbow,True,25,"Immune Blocked,Nimble,Parry,Immune Unwieldy,Florentine",1900,,False,Academy|Animal Husbandry|Blacksmith|Carpentry|Coliseum|Conditioning Field|Fletchery|Forge|Furnace|Levy Hall|Tannery|Tiltyard|War College,8,12
"Sgt/Pitchfork+Longbow/Cloth (TY) [PrI, (NInd, EProw, SPie, NCun), Florentine, ImmU, Nimble, Shake+1]|M8",Sergeant,Pitchfork,,Cloth,Longbow,True,25,"Immune Blocked,Florentine,Nimble,Parry,Shake +1,Immune Unwieldy,Resolute",2100,,False,Academy|Carpentry|Coliseum|Conditioning Field|Fletchery|Furnace|Levy Hall|Preceptory|Tiltyard|War College,8,16
"Sgt/Arming+Javelin/Tower/Leather (TY) [(EInd, EProw, NPie, NCun), Florentine, ImmU, Nimble, Riposte]|M8",Sergeant,Arming Sword,Tower Shield,Leather,Javelin,True,25,"Immune Blocked,Florentine,Nimble,Riposte,Parry,Immune Unwieldy,Improved Parry",1700,,False,Academy|Animal Husbandry|Blacksmith|Carpentry|Coliseum|Conditioning Field|Fletchery|Forge|Furnace|Grand Tournament|Joinery|Levy Hall|Tannery|Tiltyard|War College,8,12
"Sgt/Flail+HuntBow/Kite/Chain (TY) [(RInd, EProw, NPie, NCun), Florentine, ImmU, Nimble]|M8",Sergeant,Flail,Kite Shield,Chainmail,Hunting Bow,True,25,"Immune Blocked,Nimble,Parry,Immune Unwieldy,Florentine",1500,,False,Academy|Animal Husbandry|Armory|Blacksmith|Carpentry|Coliseum|Conditioning Field|Fletchery|Furnace|Joinery|Levy Hall|Tannery|Tiltyard|War College,8,9
"Sgt/ShortSword+HuntBow/Targe/Cloth (TY) [(RInd, EProw, NPie, RCun), Florentine, ImmU, Nimble, Poison]|M8",Sergeant,Short Sword,Targe Shield,Cloth,Hunting Bow,True,25,"Immune Blocked,Nimble,Parry,Poison,Immune Unwieldy,Florentine",1800,,False,Academy|Alchemy|Blacksmith|Carpentry|Coliseum|Conditioning Field|Fletchery|Furnace|Joinery|Levy Hall|Tiltyard|Toxicarium|War College,8,12
"Sgt/Bastard/Heater/FullPlate [ABFM, (SInd, EProw, NPie, NCun), Nimble, Serr, Temp]|M8",Sergeant,Bastard Sword,Heater Shield,Full Plate,,False,25,"Immune Blocked,Nimble,ABF,Parry,Tempered,Serrated",1000,,False,ABF|Academy|Animal Husbandry|Armory|Blacksmith|Carpentry|Conditioning Field|Forge|Furnace|Gilded Foundry|Joinery|Levy Hall|Master Workshop|Stable|Tannery|War College,8,16
"Sgt/Lance/Kite/Cloth [OuInPoM, (EInd, EProw, NPie, SCun)]|M8",Sergeant,Lance,Kite Shield,Cloth,,False,25,"Immune Blocked,confers:Blocked,confers:Strain,Parry,Outrider: every",1700,,False,Academy|Armory|Blacksmith|Caravanery|Carpentry|Cipher Chamber|Forge|Furnace|Joinery|Levy Hall|Outrider Intercept Post|Tannery|War College,8,22
"Sgt/2HBastard+HuntBow/FullPlate (TY) [(EInd, EProw, NPie, NCun), Florentine, ImmU, Nimble, Temp]|M8",Sergeant,2HBastard,,Full Plate,Hunting Bow,True,25,"Immune Blocked,Nimble,Parry,Tempered,Immune Unwieldy,Florentine",1700,,False,Academy|Animal Husbandry|Armory|Blacksmith|Carpentry|Coliseum|Conditioning Field|Fletchery|Forge|Furnace|Gilded Foundry|Levy Hall|Tannery|Tiltyard|War College,8,12
"Sgt/Daggers+HuntBow/Leather (TY) [(NInd, EProw, NPie, NCun), Florentine, ImmU, Nimble, Riposte]|M8",Sergeant,Daggers,,Leather,Hunting Bow,True,25,"Immune Blocked,Florentine,Nimble,Riposte,Parry,Immune Unwieldy,Improved Parry",1900,,False,Academy|Animal Husbandry|Carpentry|Coliseum|Conditioning Field|Fletchery|Furnace|Grand Tournament|Levy Hall|Tannery|Tiltyard|War College,8,6
"Sgt/Flail+Crossbow/Tower/FullPlate (TY) [(EInd, EProw, NPie, NCun), Florentine, ImmU, Nimble, Riposte, Temp]|M8",Sergeant,Flail,Tower Shield,Full Plate,Crossbow,True,25,"Nimble,Improved Parry,Immune Blocked,Riposte,Parry,Tempered,Immune Unwieldy,Florentine",1500,,False,Academy|Animal Husbandry|Armory|Blacksmith|Carpentry|Coliseum|Conditioning Field|Fletchery|Forge|Furnace|Gilded Foundry|Grand Tournament|Joinery|Levy Hall|Tannery|Tiltyard|War College,8,12
"Sgt/ShortSword+HuntBow/Tower/Cloth (TY) [MiMiStM, (EInd, SProw, NPie, NCun), Florentine, ImmU, Nimble]|M8",Sergeant,Short Sword,Tower Shield,Cloth,Hunting Bow,True,25,"Nimble,Seize: first,Parry,Improved Parry,+1I,Immune Blocked,Crit 7,MaxInit3,Immune Unwieldy,Florentine",1900,,False,Academy|Blacksmith|Carpentry|Coliseum|Conditioning Field|Fletchery|Forge|Furnace|Joinery|Levy Hall|Ministry of Military Strategy|Tiltyard|University|War College,8,16
"Sgt/Pike+Crossbow/Cloth (TY) [MiMiStI, (EInd, SProw, NPie, NCun), Florentine, ImmU, Nimble]|M8",Sergeant,Pike,,Cloth,Crossbow,True,25,"Nimble,Seize: first,Parry,+1I,Immune Blocked,MaxInit3,Immune Unwieldy,Florentine",2100,,False,Academy|Blacksmith|Carpentry|Coliseum|Conditioning Field|Fletchery|Forge|Furnace|Levy Hall|Ministry of Military Strategy|Tiltyard|War College,8,16
"Sgt/WarHammer/Chain [(EInd, EProw, EPie, NCun), Enduring, Nimble, Rec 6, Recover 7, Recover 8, Shake+1]|M8",Sergeant,War Hammer,,Chainmail,,False,25,"Recover 8,Enduring,Nimble,Shake +1,Recover 6,Recover 7,Immune Blocked,Parry",1000,,False,Academy|Alchemy|Animal Husbandry|Apothecary|Armory|Blacksmith|Butchery|Conditioning Field|Forge|Furnace|Herb Garden|Hospitaller|Infirmary|Levy Hall|Tannery|War College,8,18
"Sgt/ShortSword/Targe/Chain [PrI, (RInd, EProw, SPie, NCun), Recover 8, Shake+1]|M8",Sergeant,Short Sword,Targe Shield,Chainmail,,False,25,"Immune Blocked,Recover 8,Parry,Shake +1,Resolute",1700,,False,Academy|Animal Husbandry|Apothecary|Armory|Blacksmith|Carpentry|Furnace|Herb Garden|Joinery|Levy Hall|Preceptory|Tannery|War College,8,19
"Sgt/Halberd+Longbow/Chain (TY) [(RInd, EProw, NPie, NCun), Florentine, ImmU, Nimble]|M8",Sergeant,Halberd,,Chainmail,Longbow,True,25,"Immune Blocked,Nimble,Parry,Immune Unwieldy,Florentine",1700,,False,Academy|Animal Husbandry|Armory|Blacksmith|Carpentry|Coliseum|Conditioning Field|Fletchery|Furnace|Levy Hall|Tannery|Tiltyard|War College,8,9
"Sgt/Arming+HuntBow/Tower/Cloth (TY) [(EInd, EProw, NPie, NCun), Florentine, ImmU, Nimble]|M8",Sergeant,Arming Sword,Tower Shield,Cloth,Hunting Bow,True,25,"Immune Blocked,Nimble,Parry,Immune Unwieldy,Florentine",1900,,False,Academy|Blacksmith|Carpentry|Coliseum|Conditioning Field|Fletchery|Forge|Furnace|Joinery|Levy Hall|Stable|Tiltyard|War College,8,12
"Sgt/FarmTools/Buckler/FullPlate [(EInd, EProw, NPie, NCun), Nimble, Recover 8, Temp]|M8",Sergeant,Farm Tools,Buckler Shield,Full Plate,,False,25,"Immune Blocked,Recover 8,Nimble,Parry,Tempered",1700,,False,Academy|Animal Husbandry|Apothecary|Armory|Blacksmith|Carpentry|Conditioning Field|Furnace|Gilded Foundry|Herb Garden|Joinery|Levy Hall|Tannery|War College,8,12
"Sgt/Spears+Javelin/FullPlate (TY) [(EInd, EProw, NPie, NCun), Florentine, ImmU, Nimble, Temp]|M8",Sergeant,Spears,,Full Plate,Javelin,True,25,"Immune Blocked,Nimble,Parry,Tempered,Immune Unwieldy,Florentine",1700,,False,Academy|Animal Husbandry|Armory|Blacksmith|Carpentry|Coliseum|Conditioning Field|Fletchery|Furnace|Gilded Foundry|Levy Hall|Tannery|Tiltyard|War College,8,12
"Sgt/Bastard/Tower/Cloth [(EInd, EProw, EPie, NCun), Enduring, Nimble, Rec 6, Recover 7, Recover 8, Serr, Shake+1]|M8",Sergeant,Bastard Sword,Tower Shield,Cloth,,False,25,"Recover 8,Nimble,Enduring,Parry,Shake +1,Recover 6,Recover 7,Immune Blocked,Serrated",1800,,False,Academy|Alchemy|Apothecary|Blacksmith|Carpentry|Conditioning Field|Forge|Furnace|Herb Garden|Hospitaller|Infirmary|Joinery|Levy Hall|Master Workshop|War College,8,18
"Sgt/Pitchfork/Cloth [(EInd, EProw, EPie, RCun), Enduring, Nimble, Poison, Rec 6, Recover 7, Recover 8, Serr, Shake+1]|M8",Sergeant,Pitchfork,,Cloth,,False,25,"Recover 8,Nimble,Enduring,Parry,Poison,Shake +1,Recover 6,Recover 7,Immune Blocked,Serrated",1900,,False,Academy|Alchemy|Apothecary|Blacksmith|Conditioning Field|Furnace|Herb Garden|Hospitaller|Infirmary|Levy Hall|Master Workshop|Toxicarium|War College,8,21
"Sgt/Morningstar/Heater/Cloth [RoPaI, ABFM, (SInd, SProw, NPie, NCun), Serr, Temp]|M8",Sergeant,Morningstar,Heater Shield,Cloth,,False,25,"Immune Blocked,ABF,Parry,Tempered,Serrated,Immune Strain",1000,,False,ABF|Academy|Armory|Blacksmith|Carpentry|Forge|Furnace|Gilded Foundry|Joinery|Levy Hall|Master Workshop|Royal Pavilion|Stable|Tannery|War College,8,20
"Sgt/Daggers+Crossbow/FullPlate (TY) [(EInd, EProw, NPie, NCun), Florentine, ImmU, Nimble, Temp]|M8",Sergeant,Daggers,,Full Plate,Crossbow,True,25,"Immune Blocked,Nimble,Parry,Tempered,Immune Unwieldy,Florentine",1700,,False,Academy|Animal Husbandry|Armory|Blacksmith|Carpentry|Coliseum|Conditioning Field|Fletchery|Forge|Furnace|Gilded Foundry|Levy Hall|Tannery|Tiltyard|War College,8,12
"Sgt/2HBastard+Crossbow/Chain (TY) [(EInd, EProw, NPie, NCun), Florentine, ImmU, Nimble, Riposte]|M8",Sergeant,2HBastard,,Chainmail,Crossbow,True,25,"Immune Blocked,Florentine,Nimble,Riposte,Parry,Immune Unwieldy,Improved Parry",1700,,False,Academy|Animal Husbandry|Armory|Blacksmith|Carpentry|Coliseum|Conditioning Field|Fletchery|Forge|Furnace|Grand Tournament|Levy Hall|Tannery|Tiltyard|War College,8,12
"Sgt/Pike+HuntBow/Cloth (TY) [(EInd, EProw, NPie, NCun), Florentine, ImmU, Nimble, Serr]|M8",Sergeant,Pike,,Cloth,Hunting Bow,True,25,"Immune Blocked,Florentine,Nimble,Parry,Immune Unwieldy,Serrated",1900,,False,Academy|Blacksmith|Carpentry|Coliseum|Conditioning Field|Fletchery|Furnace|Levy Hall|Master Workshop|Tiltyard|War College,8,12
"Sgt/FarmTools/Kite/Cloth [MiMiStM, (RInd, SProw, NPie, NCun), Recover 8]|M8",Sergeant,Farm Tools,Kite Shield,Cloth,,False,25,"Recover 8,Seize: first,Parry,Improved Parry,+1I,Immune Blocked,Crit 7,MaxInit3",1700,,False,Academy|Apothecary|Armory|Blacksmith|Carpentry|Furnace|Herb Garden|Joinery|Levy Hall|Ministry of Military Strategy|Tannery|University|War College,8,13
"Sgt/Spears/Leather [(NInd, EProw, EPie, RCun), Enduring, Nimble, Poison, Rec 6, Recover 7, Recover 8, Riposte, Shake+1]|M8",Sergeant,Spears,,Leather,,False,25,"Recover 8,Nimble,Enduring,Poison,Shake +1,Recover 6,Improved Parry,Recover 7,Immune Blocked,Riposte,Parry",1900,,False,Academy|Alchemy|Animal Husbandry|Apothecary|Coliseum|Conditioning Field|Furnace|Grand Tournament|Herb Garden|Hospitaller|Infirmary|Levy Hall|Tannery|Toxicarium|War College,8,15
"Sgt/Morningstar+Longbow/Tower/Cloth (TY) [RoPaM, (EInd, SProw, NPie, RCun), Florentine, ImmU, Nimble, Poison, Riposte]|M8",Sergeant,Morningstar,Tower Shield,Cloth,Longbow,True,25,"Nimble,Parry,Drilled,Poison,Improved Parry,Immune Blocked,Riposte,Immune Strain,Immune Unwieldy,Florentine",1800,,False,Academy|Alchemy|Blacksmith|Carpentry|Coliseum|Conditioning Field|Fletchery|Forge|Furnace|Grand Tournament|Joinery|Levy Hall|Royal Pavilion|Tiltyard|Toxicarium|War College,8,19
"Sgt/Arming/Tower/Cloth [(EInd, EProw, EPie, NCun), Enduring, Nimble, Rec 6, Recover 7, Recover 8, Riposte, Shake+1]|M8",Sergeant,Arming Sword,Tower Shield,Cloth,,False,25,"Recover 8,Enduring,Nimble,Shake +1,Recover 6,Improved Parry,Recover 7,Immune Blocked,Riposte,Parry",2000,,False,Academy|Alchemy|Apothecary|Blacksmith|Carpentry|Coliseum|Conditioning Field|Forge|Furnace|Grand Tournament|Herb Garden|Hospitaller|Infirmary|Joinery|Levy Hall|Stable|War College,8,18
"Sgt/Daggers+Javelin/Leather (TY) [(RInd, EProw, NPie, NCun), Florentine, ImmU, Nimble]|M8",Sergeant,Daggers,,Leather,Javelin,True,25,"Immune Blocked,Nimble,Parry,Immune Unwieldy,Florentine",1900,,False,Academy|Animal Husbandry|Blacksmith|Carpentry|Coliseum|Conditioning Field|Fletchery|Furnace|Levy Hall|Tannery|Tiltyard|War College,8,9
"Sgt/Flail+Longbow/Kite/Cloth (TY) [(RInd, EProw, NPie, NCun), Florentine, ImmU, Nimble]|M8",Sergeant,Flail,Kite Shield,Cloth,Longbow,True,25,"Immune Blocked,Nimble,Parry,Immune Unwieldy,Florentine",1500,,False,Academy|Armory|Blacksmith|Carpentry|Coliseum|Conditioning Field|Fletchery|Furnace|Joinery|Levy Hall|Tannery|Tiltyard|War College,8,9
"KT/FarmTools/Cloth [PrM, (NInd, EProw, SPie, NCun), Nimble, Rec 6, Shake+1]|M4",Knight Templar,Farm Tools,,Cloth,,False,25,"Immune Blocked,Nimble,Parry,Shake +1,Recover 6,Resolute",3000,,False,Abbey|Conditioning Field|Hospitaller|Monastery|Pilgrimage Site|Preceptory,4,16
"KT/Cudgel/Cloth [PrM, (NInd, EProw, SPie, NCun), Nimble, Rec 6, Riposte, Shake+1]|M4",Knight Templar,Cudgel,,Cloth,,False,25,"Nimble,Shake +1,Recover 6,Improved Parry,Resolute,Immune Blocked,Riposte,Parry",3000,,False,Abbey|Coliseum|Conditioning Field|Grand Tournament|Hospitaller|Monastery|Pilgrimage Site|Preceptory,4,16
"KT/Cudgel/Cloth [PrM, (NInd, EProw, SPie, NCun), Nimble, Rec 6, Shake+1]|M4",Knight Templar,Cudgel,,Cloth,,False,25,"Immune Blocked,Nimble,Parry,Shake +1,Recover 6,Resolute",3000,,False,Abbey|Conditioning Field|Hospitaller|Monastery|Pilgrimage Site|Preceptory,4,16
"KT/Pitchfork/Cloth [PrM, (NInd, EProw, SPie, NCun), Nimble, Rec 6, Shake+1]|M4",Knight Templar,Pitchfork,,Cloth,,False,25,"Immune Blocked,Nimble,Parry,Shake +1,Recover 6,Resolute",3000,,False,Abbey|Conditioning Field|Hospitaller|Monastery|Pilgrimage Site|Preceptory,4,16
"KT/FarmTools/Cloth [PrM, (NInd, EProw, SPie, NCun), Enduring, Nimble, Rec 6, Recover 7, Recover 8, Shake+1]|M5",Knight Templar,Farm Tools,,Cloth,,False,25,"Recover 8,Enduring,Nimble,Shake +1,Recover 6,Resolute,Recover 7,Immune Blocked,Parry",2900,,False,Abbey|Alchemy|Apothecary|Conditioning Field|Herb Garden|Hospitaller|Infirmary|Monastery|Pilgrimage Site|Preceptory,5,16
"KT/FarmTools/Buckler/Cloth [PrM, (RInd, EProw, SPie, NCun), Nimble, Rec 6, Shake+1]|M5",Knight Templar,Farm Tools,Buckler Shield,Cloth,,False,25,"Immune Blocked,Nimble,Parry,Shake +1,Recover 6,Resolute",2800,,False,Abbey|Carpentry|Conditioning Field|Hospitaller|Joinery|Monastery|Pilgrimage Site|Preceptory,5,19
"KT/FarmTools/Buckler/Cloth [PrM, (RInd, EProw, SPie, NCun), Nimble, Rec 6, Riposte, Shake+1]|M5",Knight Templar,Farm Tools,Buckler Shield,Cloth,,False,25,"Nimble,Shake +1,Recover 6,Improved Parry,Resolute,Immune Blocked,Riposte,Parry",2800,,False,Abbey|Carpentry|Coliseum|Conditioning Field|Grand Tournament|Hospitaller|Joinery|Monastery|Pilgrimage Site|Preceptory,5,19
"KT/FarmTools/Leather [PrM, (NInd, EProw, SPie, NCun), Nimble, Rec 6, Riposte, Shake+1]|M5",Knight Templar,Farm Tools,,Leather,,False,25,"Nimble,Shake +1,Recover 6,Improved Parry,Resolute,Immune Blocked,Riposte,Parry",2800,,False,Abbey|Animal Husbandry|Coliseum|Conditioning Field|Grand Tournament|Hospitaller|Monastery|Pilgrimage Site|Preceptory|Tannery,5,16
"KT/FarmTools/Leather [PrM, (NInd, EProw, SPie, NCun), Nimble, Rec 6, Shake+1]|M5",Knight Templar,Farm Tools,,Leather,,False,25,"Immune Blocked,Nimble,Parry,Shake +1,Recover 6,Resolute",2800,,False,Abbey|Animal Husbandry|Conditioning Field|Hospitaller|Monastery|Pilgrimage Site|Preceptory|Tannery,5,16
"KT/Cudgel/Cloth [PrM, (NInd, EProw, SPie, NCun), Enduring, Nimble, Rec 6, Recover 7, Recover 8, Riposte, Shake+1]|M5",Knight Templar,Cudgel,,Cloth,,False,25,"Recover 8,Nimble,Enduring,Shake +1,Recover 6,Improved Parry,Resolute,Recover 7,Immune Blocked,Riposte,Parry",2900,,False,Abbey|Alchemy|Apothecary|Coliseum|Conditioning Field|Grand Tournament|Herb Garden|Hospitaller|Infirmary|Monastery|Pilgrimage Site|Preceptory,5,16
"KT/Cudgel/Cloth [PrM, MiMiStM, (NInd, SProw, SPie, NCun), Rec 6, Shake+1]|M5",Knight Templar,Cudgel,,Cloth,,False,25,"Seize: first,Parry,Shake +1,Recover 6,Improved Parry,Resolute,+1I,Immune Blocked,Crit 7,MaxInit3",3000,,False,Abbey|Hospitaller|Ministry of Military Strategy|Monastery|Pilgrimage Site|Preceptory|University|War College,5,20
"KT/Cudgel/Cloth [PrM, (NInd, EProw, SPie, NCun), Enduring, Nimble, Rec 6, Recover 7, Recover 8, Shake+1]|M5",Knight Templar,Cudgel,,Cloth,,False,25,"Recover 8,Enduring,Nimble,Shake +1,Recover 6,Resolute,Recover 7,Immune Blocked,Parry",2900,,False,Abbey|Alchemy|Apothecary|Conditioning Field|Herb Garden|Hospitaller|Infirmary|Monastery|Pilgrimage Site|Preceptory,5,16
"KT/Cudgel/Leather [PrM, (NInd, EProw, SPie, NCun), Nimble, Rec 6, Shake+1]|M5",Knight Templar,Cudgel,,Leather,,False,25,"Immune Blocked,Nimble,Parry,Shake +1,Recover 6,Resolute",2800,,False,Abbey|Animal Husbandry|Conditioning Field|Hospitaller|Monastery|Pilgrimage Site|Preceptory|Tannery,5,16
"KT/Pitchfork/Cloth [PrM, (NInd, EProw, SPie, NCun), Enduring, Nimble, Rec 6, Recover 7, Recover 8, Shake+1]|M5",Knight Templar,Pitchfork,,Cloth,,False,25,"Recover 8,Enduring,Nimble,Shake +1,Recover 6,Resolute,Recover 7,Immune Blocked,Parry",2900,,False,Abbey|Alchemy|Apothecary|Conditioning Field|Herb Garden|Hospitaller|Infirmary|Monastery|Pilgrimage Site|Preceptory,5,16
"KT/Pitchfork/Leather [PrM, (NInd, EProw, SPie, NCun), Nimble, Rec 6, Shake+1]|M5",Knight Templar,Pitchfork,,Leather,,False,25,"Immune Blocked,Nimble,Parry,Shake +1,Recover 6,Resolute",2800,,False,Abbey|Animal Husbandry|Conditioning Field|Hospitaller|Monastery|Pilgrimage Site|Preceptory|Tannery,5,16
"KT/Daggers/Cloth [PrM, (NInd, EProw, SPie, NCun), Nimble, Rec 6, Shake+1]|M5",Knight Templar,Daggers,,Cloth,,False,25,"Immune Blocked,Nimble,Parry,Shake +1,Recover 6,Resolute",3000,,False,Abbey|Conditioning Field|Furnace|Hospitaller|Monastery|Pilgrimage Site|Preceptory,5,16
"KT/Spears/Cloth [PrM, MiMiStI, (NInd, SProw, SPie, NCun), Rec 6, Shake+1]|M5",Knight Templar,Spears,,Cloth,,False,25,"Seize: first,Parry,Shake +1,Recover 6,Resolute,+1I,Immune Blocked,MaxInit3",3000,,False,Abbey|Furnace|Hospitaller|Ministry of Military Strategy|Monastery|Pilgrimage Site|Preceptory,5,20
"KT/Spears/Cloth [PrM, (NInd, EProw, SPie, NCun), Nimble, Rec 6, Shake+1]|M5",Knight Templar,Spears,,Cloth,,False,25,"Immune Blocked,Nimble,Parry,Shake +1,Recover 6,Resolute",3000,,False,Abbey|Conditioning Field|Furnace|Hospitaller|Monastery|Pilgrimage Site|Preceptory,5,16
"KT/Pike/Cloth [PrM, (RInd, EProw, SPie, NCun), Nimble, Rec 6, Shake+1]|M5",Knight Templar,Pike,,Cloth,,False,25,"Immune Blocked,Nimble,Parry,Shake +1,Recover 6,Resolute",3000,,False,Abbey|Blacksmith|Conditioning Field|Furnace|Hospitaller|Monastery|Pilgrimage Site|Preceptory,5,19
"KT/Halberd/Cloth [PrM, (RInd, EProw, SPie, NCun), Nimble, Rec 6, Shake+1]|M5",Knight Templar,Halberd,,Cloth,,False,25,"Immune Blocked,Nimble,Parry,Shake +1,Recover 6,Resolute",3000,,False,Abbey|Blacksmith|Conditioning Field|Furnace|Hospitaller|Monastery|Pilgrimage Site|Preceptory,5,19
"KT/BattleAxe/Cloth [PrM, (RInd, EProw, SPie, NCun), Nimble, Rec 6, Shake+1]|M5",Knight Templar,Battle Axe,,Cloth,,False,25,"Immune Blocked,Nimble,Parry,Shake +1,Recover 6,Resolute",3000,,False,Abbey|Blacksmith|Conditioning Field|Furnace|Hospitaller|Monastery|Pilgrimage Site|Preceptory,5,19
"KT/2HBastard/Cloth [PrM, (EInd, EProw, SPie, NCun), Nimble, Rec 6, Shake+1]|M5",Knight Templar,2HBastard,,Cloth,,False,25,"Immune Blocked,Nimble,Parry,Shake +1,Recover 6,Resolute",3000,,False,Abbey|Blacksmith|Conditioning Field|Forge|Furnace|Hospitaller|Monastery|Pilgrimage Site|Preceptory,5,22
"KT/WarHammer/Cloth [PrM, (EInd, EProw, SPie, NCun), Nimble, Rec 6, Shake+1]|M5",Knight Templar,War Hammer,,Cloth,,False,25,"Immune Blocked,Nimble,Parry,Shake +1,Recover 6,Resolute",3000,,False,Abbey|Blacksmith|Conditioning Field|Forge|Furnace|Hospitaller|Monastery|Pilgrimage Site|Preceptory,5,22
"KT/FarmTools/Cloth [PrM, (NInd, EProw, SPie, NCun), Nimble, Rec 6, Recover 8, Shake+1]|M6",Knight Templar,Farm Tools,,Cloth,,False,25,"Immune Blocked,Recover 8,Nimble,Parry,Shake +1,Recover 6,Resolute",3000,,False,Abbey|Apothecary|Conditioning Field|Herb Garden|Hospitaller|Monastery|Pilgrimage Site|Preceptory,6,16
"KT/FarmTools/Buckler/Cloth [PrM, (RInd, EProw, SPie, NCun), Enduring, Nimble, Rec 6, Recover 7, Recover 8, Shake+1]|M6",Knight Templar,Farm Tools,Buckler Shield,Cloth,,False,25,"Recover 8,Nimble,Enduring,Shake +1,Recover 6,Resolute,Recover 7,Immune Blocked,Parry",2700,,False,Abbey|Alchemy|Apothecary|Carpentry|Conditioning Field|Herb Garden|Hospitaller|Infirmary|Joinery|Monastery|Pilgrimage Site|Preceptory,6,19
"KT/FarmTools/Buckler/Cloth [PrM, (RInd, EProw, SPie, NCun), Enduring, Nimble, Rec 6, Recover 7, Recover 8, Riposte, Shake+1]|M6",Knight Templar,Farm Tools,Buckler Shield,Cloth,,False,25,"Recover 8,Nimble,Enduring,Shake +1,Recover 6,Improved Parry,Resolute,Recover 7,Immune Blocked,Riposte,Parry",2700,,False,Abbey|Alchemy|Apothecary|Carpentry|Coliseum|Conditioning Field|Grand Tournament|Herb Garden|Hospitaller|Infirmary|Joinery|Monastery|Pilgrimage Site|Preceptory,6,19
"KT/FarmTools/Targe/Cloth [PrM, (RInd, EProw, SPie, NCun), Nimble, Rec 6, Shake+1]|M6",Knight Templar,Farm Tools,Targe Shield,Cloth,,False,25,"Immune Blocked,Nimble,Parry,Shake +1,Recover 6,Resolute",2800,,False,Abbey|Blacksmith|Carpentry|Conditioning Field|Furnace|Hospitaller|Joinery|Monastery|Pilgrimage Site|Preceptory,6,19
"KT/FarmTools/Targe/Cloth [PrM, MiMiStI, (RInd, SProw, SPie, NCun), Rec 6, Shake+1]|M6",Knight Templar,Farm Tools,Targe Shield,Cloth,,False,25,"Seize: first,Parry,Shake +1,Recover 6,Resolute,+1I,Immune Blocked,MaxInit3",2800,,False,Abbey|Blacksmith|Carpentry|Furnace|Hospitaller|Joinery|Ministry of Military Strategy|Monastery|Pilgrimage Site|Preceptory,6,23
"KT/FarmTools/Tower/Cloth [PrM, (EInd, EProw, SPie, NCun), Nimble, Rec 6, Shake+1]|M6",Knight Templar,Farm Tools,Tower Shield,Cloth,,False,25,"Immune Blocked,Nimble,Parry,Shake +1,Recover 6,Resolute",2800,,False,Abbey|Blacksmith|Carpentry|Conditioning Field|Forge|Furnace|Hospitaller|Joinery|Monastery|Pilgrimage Site|Preceptory,6,22
"KT/FarmTools/Tower/Cloth [RoPaI, PrM, (EInd, SProw, SPie, NCun), Rec 6, Shake+1]|M6",Knight Templar,Farm Tools,Tower Shield,Cloth,,False,25,"Immune Blocked,Parry,Shake +1,Recover 6,Resolute,Immune Strain",2800,,False,Abbey|Blacksmith|Carpentry|Forge|Furnace|Hospitaller|Joinery|Monastery|Pilgrimage Site|Preceptory|Royal Pavilion,6,26
"KT/FarmTools/Leather [PrM, (NInd, EProw, SPie, NCun), Enduring, Nimble, Rec 6, Recover 7, Recover 8, Riposte, Shake+1]|M6",Knight Templar,Farm Tools,,Leather,,False,25,"Recover 8,Nimble,Enduring,Shake +1,Recover 6,Improved Parry,Resolute,Recover 7,Immune Blocked,Riposte,Parry",2700,,False,Abbey|Alchemy|Animal Husbandry|Apothecary|Coliseum|Conditioning Field|Grand Tournament|Herb Garden|Hospitaller|Infirmary|Monastery|Pilgrimage Site|Preceptory|Tannery,6,16
"KT/FarmTools/Leather [PrM, (NInd, EProw, SPie, NCun), Enduring, Nimble, Rec 6, Recover 7, Recover 8, Shake+1]|M6",Knight Templar,Farm Tools,,Leather,,False,25,"Recover 8,Nimble,Enduring,Shake +1,Recover 6,Resolute,Recover 7,Immune Blocked,Parry",2700,,False,Abbey|Alchemy|Animal Husbandry|Apothecary|Conditioning Field|Herb Garden|Hospitaller|Infirmary|Monastery|Pilgrimage Site|Preceptory|Tannery,6,16
"KT/FarmTools/Buckler/Leather [PrM, (RInd, EProw, SPie, NCun), Nimble, Rec 6, Shake+1]|M6",Knight Templar,Farm Tools,Buckler Shield,Leather,,False,25,"Immune Blocked,Nimble,Parry,Shake +1,Recover 6,Resolute",2600,,False,Abbey|Animal Husbandry|Carpentry|Conditioning Field|Hospitaller|Joinery|Monastery|Pilgrimage Site|Preceptory|Tannery,6,19
"KT/FarmTools/Buckler/Leather [PrM, (RInd, EProw, SPie, NCun), Nimble, Rec 6, Riposte, Shake+1]|M6",Knight Templar,Farm Tools,Buckler Shield,Leather,,False,25,"Nimble,Shake +1,Recover 6,Improved Parry,Resolute,Immune Blocked,Riposte,Parry",2600,,False,Abbey|Animal Husbandry|Carpentry|Coliseum|Conditioning Field|Grand Tournament|Hospitaller|Joinery|Monastery|Pilgrimage Site|Preceptory|Tannery,6,19
"KT/FarmTools/Chain [PrM, (RInd, EProw, SPie, NCun), Nimble, Rec 6, Shake+1]|M6",Knight Templar,Farm Tools,,Chainmail,,False,25,"Immune Blocked,Nimble,Parry,Shake +1,Recover 6,Resolute",2600,,False,Abbey|Animal Husbandry|Armory|Blacksmith|Conditioning Field|Furnace|Hospitaller|Monastery|Pilgrimage Site|Preceptory|Tannery,6,19
"KT/FarmTools/Chain [RoPaI, PrM, (RInd, SProw, SPie, NCun), Rec 6, Shake+1]|M6",Knight Templar,Farm Tools,,Chainmail,,False,25,"Immune Blocked,Parry,Shake +1,Recover 6,Resolute,Immune Strain",2600,,False,Abbey|Animal Husbandry|Armory|Blacksmith|Furnace|Hospitaller|Monastery|Pilgrimage Site|Preceptory|Royal Pavilion|Tannery,6,23
"KT/FarmTools/FullPlate [PrM, (EInd, EProw, SPie, NCun), Nimble, Rec 6, Shake+1, Temp]|M6",Knight Templar,Farm Tools,,Full Plate,,False,25,"Immune Blocked,Nimble,Parry,Shake +1,Tempered,Recover 6,Resolute",2600,,False,Abbey|Animal Husbandry|Armory|Blacksmith|Conditioning Field|Furnace|Gilded Foundry|Hospitaller|Monastery|Pilgrimage Site|Preceptory|Tannery,6,22
"KT/Cudgel/Cloth [PrM, (NInd, EProw, SPie, NCun), Nimble, Rec 6, Recover 8, Riposte, Shake+1]|M6",Knight Templar,Cudgel,,Cloth,,False,25,"Recover 8,Nimble,Shake +1,Recover 6,Improved Parry,Resolute,Immune Blocked,Riposte,Parry",3000,,False,Abbey|Apothecary|Coliseum|Conditioning Field|Grand Tournament|Herb Garden|Hospitaller|Monastery|Pilgrimage Site|Preceptory,6,16
"KT/Cudgel/Cloth [PrM, MiMiStM, (NInd, SProw, SPie, NCun), Enduring, Rec 6, Recover 7, Recover 8, Shake+1]|M6",Knight Templar,Cudgel,,Cloth,,False,25,"Recover 8,Enduring,Seize: first,Parry,Shake +1,Recover 6,Resolute,Improved Parry,Recover 7,+1I,Immune Blocked,Crit 7,MaxInit3",2900,,False,Abbey|Alchemy|Apothecary|Herb Garden|Hospitaller|Infirmary|Ministry of Military Strategy|Monastery|Pilgrimage Site|Preceptory|University|War College,6,20
"KT/Cudgel/Cloth [PrM, (NInd, EProw, SPie, NCun), Nimble, Rec 6, Recover 8, Shake+1]|M6",Knight Templar,Cudgel,,Cloth,,False,25,"Immune Blocked,Recover 8,Nimble,Parry,Shake +1,Recover 6,Resolute",3000,,False,Abbey|Apothecary|Conditioning Field|Herb Garden|Hospitaller|Monastery|Pilgrimage Site|Preceptory,6,16
"KT/Cudgel/Leather [PrM, (NInd, EProw, SPie, NCun), Enduring, Nimble, Rec 6, Recover 7, Recover 8, Shake+1]|M6",Knight Templar,Cudgel,,Leather,,False,25,"Recover 8,Nimble,Enduring,Shake +1,Recover 6,Resolute,Recover 7,Immune Blocked,Parry",2700,,False,Abbey|Alchemy|Animal Husbandry|Apothecary|Conditioning Field|Herb Garden|Hospitaller|Infirmary|Monastery|Pilgrimage Site|Preceptory|Tannery,6,16
"KT/Cudgel/Chain [PrM, (RInd, EProw, SPie, NCun), Nimble, Rec 6, Shake+1]|M6",Knight Templar,Cudgel,,Chainmail,,False,25,"Immune Blocked,Nimble,Parry,Shake +1,Recover 6,Resolute",2600,,False,Abbey|Animal Husbandry|Armory|Blacksmith|Conditioning Field|Furnace|Hospitaller|Monastery|Pilgrimage Site|Preceptory|Tannery,6,19
"KT/Cudgel/FullPlate [PrM, (EInd, EProw, SPie, NCun), Nimble, Rec 6, Shake+1, Temp]|M6",Knight Templar,Cudgel,,Full Plate,,False,25,"Immune Blocked,Nimble,Parry,Shake +1,Tempered,Recover 6,Resolute",2600,,False,Abbey|Animal Husbandry|Armory|Blacksmith|Conditioning Field|Furnace|Gilded Foundry|Hospitaller|Monastery|Pilgrimage Site|Preceptory|Tannery,6,22
"KT/Pitchfork/Cloth [PrM, (NInd, EProw, SPie, NCun), Nimble, Rec 6, Recover 8, Shake+1]|M6",Knight Templar,Pitchfork,,Cloth,,False,25,"Immune Blocked,Recover 8,Nimble,Parry,Shake +1,Recover 6,Resolute",3000,,False,Abbey|Apothecary|Conditioning Field|Herb Garden|Hospitaller|Monastery|Pilgrimage Site|Preceptory,6,16
"KT/Pitchfork/Leather [PrM, (NInd, EProw, SPie, NCun), Enduring, Nimble, Rec 6, Recover 7, Recover 8, Shake+1]|M6",Knight Templar,Pitchfork,,Leather,,False,25,"Recover 8,Nimble,Enduring,Shake +1,Recover 6,Resolute,Recover 7,Immune Blocked,Parry",2700,,False,Abbey|Alchemy|Animal Husbandry|Apothecary|Conditioning Field|Herb Garden|Hospitaller|Infirmary|Monastery|Pilgrimage Site|Preceptory|Tannery,6,16
"KT/Pitchfork/Chain [PrM, (RInd, EProw, SPie, NCun), Nimble, Rec 6, Shake+1]|M6",Knight Templar,Pitchfork,,Chainmail,,False,25,"Immune Blocked,Nimble,Parry,Shake +1,Recover 6,Resolute",2600,,False,Abbey|Animal Husbandry|Armory|Blacksmith|Conditioning Field|Furnace|Hospitaller|Monastery|Pilgrimage Site|Preceptory|Tannery,6,19
"KT/Pitchfork/FullPlate [PrM, (EInd, EProw, SPie, NCun), Nimble, Rec 6, Shake+1, Temp]|M6",Knight Templar,Pitchfork,,Full Plate,,False,25,"Immune Blocked,Nimble,Parry,Shake +1,Tempered,Recover 6,Resolute",2600,,False,Abbey|Animal Husbandry|Armory|Blacksmith|Conditioning Field|Furnace|Gilded Foundry|Hospitaller|Monastery|Pilgrimage Site|Preceptory|Tannery,6,22
"KT/Daggers/Cloth [PrM, (NInd, EProw, SPie, NCun), Enduring, Nimble, Rec 6, Recover 7, Recover 8, Shake+1]|M6",Knight Templar,Daggers,,Cloth,,False,25,"Recover 8,Enduring,Nimble,Shake +1,Recover 6,Resolute,Recover 7,Immune Blocked,Parry",2900,,False,Abbey|Alchemy|Apothecary|Conditioning Field|Furnace|Herb Garden|Hospitaller|Infirmary|Monastery|Pilgrimage Site|Preceptory,6,16
"KT/Daggers/Cloth [RoPaM, PrM, (NInd, SProw, SPie, NCun), Improved Parry, Rec 6, Shake+1]|M6",Knight Templar,Daggers,,Cloth,,False,25,"Parry,Drilled,Shake +1,Recover 6,Resolute,Improved Parry,Immune Blocked,Immune Strain",3000,,False,Abbey|Furnace|Grand Tournament|Hospitaller|Monastery|Pilgrimage Site|Preceptory|Royal Pavilion|Tiltyard,6,20
"KT/Daggers/Leather [PrM, (NInd, EProw, SPie, NCun), Nimble, Rec 6, Shake+1]|M6",Knight Templar,Daggers,,Leather,,False,25,"Immune Blocked,Nimble,Parry,Shake +1,Recover 6,Resolute",2800,,False,Abbey|Animal Husbandry|Conditioning Field|Furnace|Hospitaller|Monastery|Pilgrimage Site|Preceptory|Tannery,6,16
"KT/Daggers/Chain [PrM, (RInd, EProw, SPie, NCun), Nimble, Rec 6, Shake+1]|M6",Knight Templar,Daggers,,Chainmail,,False,25,"Immune Blocked,Nimble,Parry,Shake +1,Recover 6,Resolute",2600,,False,Abbey|Animal Husbandry|Armory|Blacksmith|Conditioning Field|Furnace|Hospitaller|Monastery|Pilgrimage Site|Preceptory|Tannery,6,19
"KT/Daggers/FullPlate [PrM, (EInd, EProw, SPie, NCun), Nimble, Rec 6, Shake+1, Temp]|M6",Knight Templar,Daggers,,Full Plate,,False,25,"Immune Blocked,Nimble,Parry,Shake +1,Tempered,Recover 6,Resolute",2600,,False,Abbey|Animal Husbandry|Armory|Blacksmith|Conditioning Field|Furnace|Gilded Foundry|Hospitaller|Monastery|Pilgrimage Site|Preceptory|Tannery,6,22
"KT/ShortSword/Targe/Cloth [PrM, MiMiStI, (RInd, SProw, SPie, NCun), Rec 6, Shake+1]|M6",Knight Templar,Short Sword,Targe Shield,Cloth,,False,25,"Seize: first,Parry,Shake +1,Recover 6,Resolute,+1I,Immune Blocked,MaxInit3",2800,,False,Abbey|Blacksmith|Carpentry|Furnace|Hospitaller|Joinery|Ministry of Military Strategy|Monastery|Pilgrimage Site|Preceptory,6,23
"KT/ShortSword/Targe/Cloth [PrM, (RInd, EProw, SPie, NCun), Nimble, Rec 6, Riposte, Shake+1]|M6",Knight Templar,Short Sword,Targe Shield,Cloth,,False,25,"Nimble,Shake +1,Recover 6,Improved Parry,Resolute,Immune Blocked,Riposte,Parry",2800,,False,Abbey|Blacksmith|Carpentry|Coliseum|Conditioning Field|Furnace|Grand Tournament|Hospitaller|Joinery|Monastery|Pilgrimage Site|Preceptory,6,19
"KT/ShortSword/Targe/Cloth [PrM, (RInd, EProw, SPie, NCun), Nimble, Rec 6, Shake+1]|M6",Knight Templar,Short Sword,Targe Shield,Cloth,,False,25,"Immune Blocked,Nimble,Parry,Shake +1,Recover 6,Resolute",2800,,False,Abbey|Blacksmith|Carpentry|Conditioning Field|Furnace|Hospitaller|Joinery|Monastery|Pilgrimage Site|Preceptory,6,19
"KT/ShortSword/Tower/Cloth [PrM, (EInd, EProw, SPie, NCun), Nimble, Rec 6, Shake+1]|M6",Knight Templar,Short Sword,Tower Shield,Cloth,,False,25,"Immune Blocked,Nimble,Parry,Shake +1,Recover 6,Resolute",2800,,False,Abbey|Blacksmith|Carpentry|Conditioning Field|Forge|Furnace|Hospitaller|Joinery|Monastery|Pilgrimage Site|Preceptory,6,22
"KT/Spears/Cloth [PrM, MiMiStI, (NInd, SProw, SPie, NCun), Enduring, Rec 6, Recover 7, Recover 8, Shake+1]|M6",Knight Templar,Spears,,Cloth,,False,25,"Recover 8,Enduring,Seize: first,Parry,Shake +1,Recover 6,Resolute,Recover 7,+1I,Immune Blocked,MaxInit3",2900,,False,Abbey|Alchemy|Apothecary|Furnace|Herb Garden|Hospitaller|Infirmary|Ministry of Military Strategy|Monastery|Pilgrimage Site|Preceptory,6,20
"KT/Spears/Cloth [PrM, (NInd, EProw, SPie, NCun), Enduring, Nimble, Rec 6, Recover 7, Recover 8, Shake+1]|M6",Knight Templar,Spears,,Cloth,,False,25,"Recover 8,Enduring,Nimble,Shake +1,Recover 6,Resolute,Recover 7,Immune Blocked,Parry",2900,,False,Abbey|Alchemy|Apothecary|Conditioning Field|Furnace|Herb Garden|Hospitaller|Infirmary|Monastery|Pilgrimage Site|Preceptory,6,16
"KT/Spears/Leather [PrM, (NInd, EProw, SPie, NCun), Nimble, Rec 6, Shake+1]|M6",Knight Templar,Spears,,Leather,,False,25,"Immune Blocked,Nimble,Parry,Shake +1,Recover 6,Resolute",2800,,False,Abbey|Animal Husbandry|Conditioning Field|Furnace|Hospitaller|Monastery|Pilgrimage Site|Preceptory|Tannery,6,16
"KT/Spears/Chain [PrM, (RInd, EProw, SPie, NCun), Nimble, Rec 6, Riposte, Shake+1]|M6",Knight Templar,Spears,,Chainmail,,False,25,"Nimble,Shake +1,Recover 6,Improved Parry,Resolute,Immune Blocked,Riposte,Parry",2600,,False,Abbey|Animal Husbandry|Armory|Blacksmith|Coliseum|Conditioning Field|Furnace|Grand Tournament|Hospitaller|Monastery|Pilgrimage Site|Preceptory|Tannery,6,19
"KT/Spears/Chain [PrM, (RInd, EProw, SPie, NCun), Nimble, Rec 6, Shake+1]|M6",Knight Templar,Spears,,Chainmail,,False,25,"Immune Blocked,Nimble,Parry,Shake +1,Recover 6,Resolute",2600,,False,Abbey|Animal Husbandry|Armory|Blacksmith|Conditioning Field|Furnace|Hospitaller|Monastery|Pilgrimage Site|Preceptory|Tannery,6,19
"KT/Spears/FullPlate [PrM, (EInd, EProw, SPie, NCun), Nimble, Rec 6, Shake+1, Temp]|M6",Knight Templar,Spears,,Full Plate,,False,25,"Immune Blocked,Nimble,Parry,Shake +1,Tempered,Recover 6,Resolute",2600,,False,Abbey|Animal Husbandry|Armory|Blacksmith|Conditioning Field|Furnace|Gilded Foundry|Hospitaller|Monastery|Pilgrimage Site|Preceptory|Tannery,6,22
"KT/Spears/FullPlate [PrM, (EInd, EProw, SPie, NCun), Nimble, Rec 6, Riposte, Shake+1, Temp]|M6",Knight Templar,Spears,,Full Plate,,False,25,"Nimble,Shake +1,Recover 6,Improved Parry,Resolute,Immune Blocked,Riposte,Parry,Tempered",2600,,False,Abbey|Animal Husbandry|Armory|Blacksmith|Coliseum|Conditioning Field|Furnace|Gilded Foundry|Grand Tournament|Hospitaller|Monastery|Pilgrimage Site|Preceptory|Tannery,6,22
"KT/Arming/Tower/Cloth [PrM, (EInd, EProw, SPie, NCun), Nimble, Rec 6, Shake+1]|M6",Knight Templar,Arming Sword,Tower Shield,Cloth,,False,25,"Immune Blocked,Nimble,Parry,Shake +1,Recover 6,Resolute",2800,,False,Abbey|Blacksmith|Carpentry|Conditioning Field|Forge|Furnace|Hospitaller|Joinery|Monastery|Pilgrimage Site|Preceptory,6,22
"KT/Pike/Cloth [PrM, (RInd, EProw, SPie, NCun), Enduring, Nimble, Rec 6, Recover 7, Recover 8, Shake+1]|M6",Knight Templar,Pike,,Cloth,,False,25,"Recover 8,Nimble,Enduring,Shake +1,Recover 6,Resolute,Recover 7,Immune Blocked,Parry",2900,,False,Abbey|Alchemy|Apothecary|Blacksmith|Conditioning Field|Furnace|Herb Garden|Hospitaller|Infirmary|Monastery|Pilgrimage Site|Preceptory,6,19
"KT/Pike/Leather [PrM, (RInd, EProw, SPie, NCun), Nimble, Rec 6, Shake+1]|M6",Knight Templar,Pike,,Leather,,False,25,"Immune Blocked,Nimble,Parry,Shake +1,Recover 6,Resolute",2800,,False,Abbey|Animal Husbandry|Blacksmith|Conditioning Field|Furnace|Hospitaller|Monastery|Pilgrimage Site|Preceptory|Tannery,6,19
"KT/Pike/Leather [PrM, (RInd, EProw, SPie, NCun), Nimble, Rec 6, Riposte, Shake+1]|M6",Knight Templar,Pike,,Leather,,False,25,"Nimble,Shake +1,Recover 6,Improved Parry,Resolute,Immune Blocked,Riposte,Parry",2800,,False,Abbey|Animal Husbandry|Blacksmith|Coliseum|Conditioning Field|Furnace|Grand Tournament|Hospitaller|Monastery|Pilgrimage Site|Preceptory|Tannery,6,19
"KT/Pike/Chain [PrM, (RInd, EProw, SPie, NCun), Nimble, Rec 6, Shake+1]|M6",Knight Templar,Pike,,Chainmail,,False,25,"Immune Blocked,Nimble,Parry,Shake +1,Recover 6,Resolute",2600,,False,Abbey|Animal Husbandry|Armory|Blacksmith|Conditioning Field|Furnace|Hospitaller|Monastery|Pilgrimage Site|Preceptory|Tannery,6,19
"KT/Pike/Chain [RoPaI, PrM, (RInd, SProw, SPie, NCun), Rec 6, Shake+1]|M6",Knight Templar,Pike,,Chainmail,,False,25,"Immune Blocked,Parry,Shake +1,Recover 6,Resolute,Immune Strain",2600,,False,Abbey|Animal Husbandry|Armory|Blacksmith|Furnace|Hospitaller|Monastery|Pilgrimage Site|Preceptory|Royal Pavilion|Tannery,6,23
"KT/Pike/FullPlate [PrM, (EInd, EProw, SPie, NCun), Nimble, Rec 6, Riposte, Shake+1, Temp]|M6",Knight Templar,Pike,,Full Plate,,False,25,"Nimble,Shake +1,Recover 6,Improved Parry,Resolute,Immune Blocked,Riposte,Parry,Tempered",2600,,False,Abbey|Animal Husbandry|Armory|Blacksmith|Coliseum|Conditioning Field|Furnace|Gilded Foundry|Grand Tournament|Hospitaller|Monastery|Pilgrimage Site|Preceptory|Tannery,6,22
"KT/Pike/FullPlate [PrM, (EInd, EProw, SPie, NCun), Nimble, Rec 6, Shake+1, Temp]|M6",Knight Templar,Pike,,Full Plate,,False,25,"Immune Blocked,Nimble,Parry,Shake +1,Tempered,Recover 6,Resolute",2600,,False,Abbey|Animal Husbandry|Armory|Blacksmith|Conditioning Field|Furnace|Gilded Foundry|Hospitaller|Monastery|Pilgrimage Site|Preceptory|Tannery,6,22
"KT/Flail/Tower/Cloth [PrM, (EInd, EProw, SPie, NCun), Nimble, Rec 6, Shake+1]|M6",Knight Templar,Flail,Tower Shield,Cloth,,False,25,"Immune Blocked,Nimble,Parry,Shake +1,Recover 6,Resolute",2800,,False,Abbey|Blacksmith|Carpentry|Conditioning Field|Forge|Furnace|Hospitaller|Joinery|Monastery|Pilgrimage Site|Preceptory,6,22
"KT/Halberd/Cloth [PrM, (RInd, EProw, SPie, NCun), Enduring, Nimble, Rec 6, Recover 7, Recover 8, Shake+1]|M6",Knight Templar,Halberd,,Cloth,,False,25,"Recover 8,Nimble,Enduring,Shake +1,Recover 6,Resolute,Recover 7,Immune Blocked,Parry",2900,,False,Abbey|Alchemy|Apothecary|Blacksmith|Conditioning Field|Furnace|Herb Garden|Hospitaller|Infirmary|Monastery|Pilgrimage Site|Preceptory,6,19
"KT/Halberd/Leather [PrM, (RInd, EProw, SPie, NCun), Nimble, Rec 6, Shake+1]|M6",Knight Templar,Halberd,,Leather,,False,25,"Immune Blocked,Nimble,Parry,Shake +1,Recover 6,Resolute",2800,,False,Abbey|Animal Husbandry|Blacksmith|Conditioning Field|Furnace|Hospitaller|Monastery|Pilgrimage Site|Preceptory|Tannery,6,19
"KT/Halberd/Chain [PrM, (RInd, EProw, SPie, NCun), Nimble, Rec 6, Shake+1]|M6",Knight Templar,Halberd,,Chainmail,,False,25,"Immune Blocked,Nimble,Parry,Shake +1,Recover 6,Resolute",2600,,False,Abbey|Animal Husbandry|Armory|Blacksmith|Conditioning Field|Furnace|Hospitaller|Monastery|Pilgrimage Site|Preceptory|Tannery,6,19
"KT/Halberd/FullPlate [PrM, (EInd, EProw, SPie, NCun), Nimble, Rec 6, Shake+1, Temp]|M6",Knight Templar,Halberd,,Full Plate,,False,25,"Immune Blocked,Nimble,Parry,Shake +1,Tempered,Recover 6,Resolute",2600,,False,Abbey|Animal Husbandry|Armory|Blacksmith|Conditioning Field|Furnace|Gilded Foundry|Hospitaller|Monastery|Pilgrimage Site|Preceptory|Tannery,6,22
"KT/BattleAxe/Cloth [PrM, (RInd, EProw, SPie, NCun), Enduring, Nimble, Rec 6, Recover 7, Recover 8, Shake+1]|M6",Knight Templar,Battle Axe,,Cloth,,False,25,"Recover 8,Nimble,Enduring,Shake +1,Recover 6,Resolute,Recover 7,Immune Blocked,Parry",2900,,False,Abbey|Alchemy|Apothecary|Blacksmith|Conditioning Field|Furnace|Herb Garden|Hospitaller|Infirmary|Monastery|Pilgrimage Site|Preceptory,6,19
"KT/BattleAxe/Cloth [PrM, MiMiStM, (RInd, SProw, SPie, NCun), Rec 6, Shake+1]|M6",Knight Templar,Battle Axe,,Cloth,,False,25,"Seize: first,Parry,Shake +1,Recover 6,Improved Parry,Resolute,+1I,Immune Blocked,Crit 7,MaxInit3",3000,,False,Abbey|Blacksmith|Furnace|Hospitaller|Ministry of Military Strategy|Monastery|Pilgrimage Site|Preceptory|University|War College,6,23
"KT/BattleAxe/Leather [PrM, (RInd, EProw, SPie, NCun), Nimble, Rec 6, Shake+1]|M6",Knight Templar,Battle Axe,,Leather,,False,25,"Immune Blocked,Nimble,Parry,Shake +1,Recover 6,Resolute",2800,,False,Abbey|Animal Husbandry|Blacksmith|Conditioning Field|Furnace|Hospitaller|Monastery|Pilgrimage Site|Preceptory|Tannery,6,19
"KT/BattleAxe/Chain [PrM, (RInd, EProw, SPie, NCun), Nimble, Rec 6, Shake+1]|M6",Knight Templar,Battle Axe,,Chainmail,,False,25,"Immune Blocked,Nimble,Parry,Shake +1,Recover 6,Resolute",2600,,False,Abbey|Animal Husbandry|Armory|Blacksmith|Conditioning Field|Furnace|Hospitaller|Monastery|Pilgrimage Site|Preceptory|Tannery,6,19
"KT/BattleAxe/Chain [RoPaI, PrM, (RInd, SProw, SPie, NCun), Rec 6, Shake+1]|M6",Knight Templar,Battle Axe,,Chainmail,,False,25,"Immune Blocked,Parry,Shake +1,Recover 6,Resolute,Immune Strain",2600,,False,Abbey|Animal Husbandry|Armory|Blacksmith|Furnace|Hospitaller|Monastery|Pilgrimage Site|Preceptory|Royal Pavilion|Tannery,6,23
"KT/BattleAxe/FullPlate [PrM, (EInd, EProw, SPie, NCun), Nimble, Rec 6, Shake+1, Temp]|M6",Knight Templar,Battle Axe,,Full Plate,,False,25,"Immune Blocked,Nimble,Parry,Shake +1,Tempered,Recover 6,Resolute",2600,,False,Abbey|Animal Husbandry|Armory|Blacksmith|Conditioning Field|Furnace|Gilded Foundry|Hospitaller|Monastery|Pilgrimage Site|Preceptory|Tannery,6,22
"KT/Cavalry Spear/Buckler/Cloth [PrM, (RInd, EProw, SPie, NCun), Nimble, Rec 6, Shake+1]|M6",Knight Templar,Cavalry Spear,Buckler Shield,Cloth,,False,25,"Immune Blocked,Nimble,Parry,Shake +1,Recover 6,Resolute",2800,,False,Abbey|Blacksmith|Carpentry|Conditioning Field|Furnace|Hospitaller|Joinery|Monastery|Pilgrimage Site|Preceptory,6,19
"KT/Cavalry Spear/Targe/Cloth [PrM, (RInd, EProw, SPie, NCun), Nimble, Rec 6, Shake+1]|M6",Knight Templar,Cavalry Spear,Targe Shield,Cloth,,False,25,"Immune Blocked,Nimble,Parry,Shake +1,Recover 6,Resolute",2800,,False,Abbey|Blacksmith|Carpentry|Conditioning Field|Furnace|Hospitaller|Joinery|Monastery|Pilgrimage Site|Preceptory,6,19
"KT/Morningstar/Tower/Cloth [PrM, (EInd, EProw, SPie, NCun), Nimble, Rec 6, Shake+1]|M6",Knight Templar,Morningstar,Tower Shield,Cloth,,False,25,"Immune Blocked,Nimble,Parry,Shake +1,Recover 6,Resolute",2800,,False,Abbey|Blacksmith|Carpentry|Conditioning Field|Forge|Furnace|Hospitaller|Joinery|Monastery|Pilgrimage Site|Preceptory,6,22
"KT/Bastard/Tower/Cloth [PrM, (EInd, EProw, SPie, NCun), Nimble, Rec 6, Shake+1]|M6",Knight Templar,Bastard Sword,Tower Shield,Cloth,,False,25,"Immune Blocked,Nimble,Parry,Shake +1,Recover 6,Resolute",2800,,False,Abbey|Blacksmith|Carpentry|Conditioning Field|Forge|Furnace|Hospitaller|Joinery|Monastery|Pilgrimage Site|Preceptory,6,22
"KT/2HBastard/Cloth [PrM, (EInd, EProw, SPie, NCun), Enduring, Nimble, Rec 6, Recover 7, Recover 8, Shake+1]|M6",Knight Templar,2HBastard,,Cloth,,False,25,"Recover 8,Nimble,Enduring,Shake +1,Recover 6,Resolute,Recover 7,Immune Blocked,Parry",2900,,False,Abbey|Alchemy|Apothecary|Blacksmith|Conditioning Field|Forge|Furnace|Herb Garden|Hospitaller|Infirmary|Monastery|Pilgrimage Site|Preceptory,6,22
"KT/2HBastard/Cloth [RoPaM, PrM, (EInd, SProw, SPie, NCun), Improved Parry, Rec 6, Shake+1]|M6",Knight Templar,2HBastard,,Cloth,,False,25,"Parry,Drilled,Shake +1,Recover 6,Resolute,Improved Parry,Immune Blocked,Immune Strain",3000,,False,Abbey|Blacksmith|Forge|Furnace|Grand Tournament|Hospitaller|Monastery|Pilgrimage Site|Preceptory|Royal Pavilion|Tiltyard,6,26
"KT/2HBastard/Leather [PrM, (EInd, EProw, SPie, NCun), Nimble, Rec 6, Shake+1]|M6",Knight Templar,2HBastard,,Leather,,False,25,"Immune Blocked,Nimble,Parry,Shake +1,Recover 6,Resolute",2800,,False,Abbey|Animal Husbandry|Blacksmith|Conditioning Field|Forge|Furnace|Hospitaller|Monastery|Pilgrimage Site|Preceptory|Tannery,6,22
"KT/2HBastard/Leather [RoPaI, PrM, (EInd, SProw, SPie, NCun), Rec 6, Shake+1]|M6",Knight Templar,2HBastard,,Leather,,False,25,"Immune Blocked,Parry,Shake +1,Recover 6,Resolute,Immune Strain",2800,,False,Abbey|Animal Husbandry|Blacksmith|Forge|Furnace|Hospitaller|Monastery|Pilgrimage Site|Preceptory|Royal Pavilion|Tannery,6,26
"KT/2HBastard/Chain [PrM, (EInd, EProw, SPie, NCun), Nimble, Rec 6, Shake+1]|M6",Knight Templar,2HBastard,,Chainmail,,False,25,"Immune Blocked,Nimble,Parry,Shake +1,Recover 6,Resolute",2600,,False,Abbey|Animal Husbandry|Armory|Blacksmith|Conditioning Field|Forge|Furnace|Hospitaller|Monastery|Pilgrimage Site|Preceptory|Tannery,6,22
"KT/2HBastard/FullPlate [PrM, (EInd, EProw, SPie, NCun), Nimble, Rec 6, Shake+1, Temp]|M6",Knight Templar,2HBastard,,Full Plate,,False,25,"Immune Blocked,Nimble,Parry,Shake +1,Tempered,Recover 6,Resolute",2600,,False,Abbey|Animal Husbandry|Armory|Blacksmith|Conditioning Field|Forge|Furnace|Gilded Foundry|Hospitaller|Monastery|Pilgrimage Site|Preceptory|Tannery,6,22
"KT/WarHammer/Cloth [PrM, (EInd, EProw, SPie, NCun), Enduring, Nimble, Rec 6, Recover 7, Recover 8, Shake+1]|M6",Knight Templar,War Hammer,,Cloth,,False,25,"Recover 8,Nimble,Enduring,Shake +1,Recover 6,Resolute,Recover 7,Immune Blocked,Parry",2900,,False,Abbey|Alchemy|Apothecary|Blacksmith|Conditioning Field|Forge|Furnace|Herb Garden|Hospitaller|Infirmary|Monastery|Pilgrimage Site|Preceptory,6,22
"KT/WarHammer/Leather [PrM, (EInd, EProw, SPie, NCun), Nimble, Rec 6, Shake+1]|M6",Knight Templar,War Hammer,,Leather,,False,25,"Immune Blocked,Nimble,Parry,Shake +1,Recover 6,Resolute",2800,,False,Abbey|Animal Husbandry|Blacksmith|Conditioning Field|Forge|Furnace|Hospitaller|Monastery|Pilgrimage Site|Preceptory|Tannery,6,22
"KT/WarHammer/Chain [PrM, (EInd, EProw, SPie, NCun), Nimble, Rec 6, Shake+1]|M6",Knight Templar,War Hammer,,Chainmail,,False,25,"Immune Blocked,Nimble,Parry,Shake +1,Recover 6,Resolute",2600,,False,Abbey|Animal Husbandry|Armory|Blacksmith|Conditioning Field|Forge|Furnace|Hospitaller|Monastery|Pilgrimage Site|Preceptory|Tannery,6,22
"KT/WarHammer/FullPlate [PrM, OuInPoI, (EInd, EProw, SPie, SCun), Rec 6, Shake+1, Temp]|M6",Knight Templar,War Hammer,,Full Plate,,False,25,"confers:Strain,Outrider: once,Shake +1,Recover 6,Resolute,Immune Blocked,confers:Blocked,Parry,Tempered",2600,,False,Abbey|Animal Husbandry|Armory|Blacksmith|Forge|Furnace|Gilded Foundry|Hospitaller|Monastery|Outrider Intercept Post|Pilgrimage Site|Preceptory|Tannery,6,32
"KT/WarHammer/FullPlate [PrM, (EInd, EProw, SPie, NCun), Nimble, Rec 6, Shake+1, Temp]|M6",Knight Templar,War Hammer,,Full Plate,,False,25,"Immune Blocked,Nimble,Parry,Shake +1,Tempered,Recover 6,Resolute",2600,,False,Abbey|Animal Husbandry|Armory|Blacksmith|Conditioning Field|Forge|Furnace|Gilded Foundry|Hospitaller|Monastery|Pilgrimage Site|Preceptory|Tannery,6,22
"KT/WarHammer/FullPlate [PrM, MiMiStI, (EInd, SProw, SPie, NCun), Rec 6, Shake+1, Temp]|M6",Knight Templar,War Hammer,,Full Plate,,False,25,"Seize: first,Parry,Shake +1,Recover 6,Resolute,+1I,Immune Blocked,MaxInit3,Tempered",2600,,False,Abbey|Animal Husbandry|Armory|Blacksmith|Forge|Furnace|Gilded Foundry|Hospitaller|Ministry of Military Strategy|Monastery|Pilgrimage Site|Preceptory|Tannery,6,26
"KT/Lance/Buckler/Cloth [PrM, (EInd, EProw, SPie, NCun), Nimble, Rec 6, Shake+1]|M6",Knight Templar,Lance,Buckler Shield,Cloth,,False,25,"Immune Blocked,Nimble,Parry,Shake +1,Recover 6,Resolute",2800,,False,Abbey|Blacksmith|Carpentry|Conditioning Field|Forge|Furnace|Hospitaller|Joinery|Monastery|Pilgrimage Site|Preceptory,6,22
"KT/Lance/Targe/Cloth [PrM, (EInd, EProw, SPie, NCun), Nimble, Rec 6, Shake+1]|M6",Knight Templar,Lance,Targe Shield,Cloth,,False,25,"Immune Blocked,Nimble,Parry,Shake +1,Recover 6,Resolute",2800,,False,Abbey|Blacksmith|Carpentry|Conditioning Field|Forge|Furnace|Hospitaller|Joinery|Monastery|Pilgrimage Site|Preceptory,6,22
"KT/FarmTools/Tower/FullPlate [PrM, (EInd, EProw, SPie, NCun), Nimble, Rec 6, Shake+1, Temp]|M7",Knight Templar,Farm Tools,Tower Shield,Full Plate,,False,25,"Immune Blocked,Nimble,Parry,Shake +1,Tempered,Recover 6,Resolute",2400,,False,Abbey|Animal Husbandry|Armory|Blacksmith|Carpentry|Conditioning Field|Forge|Furnace|Gilded Foundry|Hospitaller|Joinery|Monastery|Pilgrimage Site|Preceptory|Tannery,7,22
"KT/Daggers/FullPlate [PrM, (EInd, EProw, SPie, NCun), Enduring, Nimble, Rec 6, Recover 7, Recover 8, Shake+1, Temp]|M7",Knight Templar,Daggers,,Full Plate,,False,25,"Recover 8,Enduring,Nimble,Shake +1,Recover 6,Resolute,Recover 7,Immune Blocked,Parry,Tempered",2500,,False,Abbey|Alchemy|Animal Husbandry|Apothecary|Armory|Blacksmith|Conditioning Field|Furnace|Gilded Foundry|Herb Garden|Hospitaller|Infirmary|Monastery|Pilgrimage Site|Preceptory|Tannery,7,22
"KT/FarmTools/Kite/FullPlate [PrM, (EInd, EProw, SPie, NCun), Nimble, Rec 6, Riposte, Shake+1, Temp]|M7",Knight Templar,Farm Tools,Kite Shield,Full Plate,,False,25,"Nimble,Shake +1,Recover 6,Improved Parry,Resolute,Immune Blocked,Riposte,Parry,Tempered",2400,,False,Abbey|Animal Husbandry|Armory|Blacksmith|Carpentry|Coliseum|Conditioning Field|Furnace|Gilded Foundry|Grand Tournament|Hospitaller|Joinery|Monastery|Pilgrimage Site|Preceptory|Tannery,7,22
"KT/FarmTools/Chain [PrM, (RInd, EProw, SPie, NCun), Enduring, Nimble, Rec 6, Recover 7, Recover 8, Shake+1]|M7",Knight Templar,Farm Tools,,Chainmail,,False,25,"Recover 8,Nimble,Enduring,Shake +1,Recover 6,Resolute,Recover 7,Immune Blocked,Parry",2500,,False,Abbey|Alchemy|Animal Husbandry|Apothecary|Armory|Blacksmith|Conditioning Field|Furnace|Herb Garden|Hospitaller|Infirmary|Monastery|Pilgrimage Site|Preceptory|Tannery,7,19
"KT/WarHammer/Leather [PrM, MiMiStM, (EInd, SProw, SPie, NCun), Rec 6, Shake+1]|M7",Knight Templar,War Hammer,,Leather,,False,25,"Seize: first,Parry,Shake +1,Recover 6,Improved Parry,Resolute,+1I,Immune Blocked,Crit 7,MaxInit3",2800,,False,Abbey|Animal Husbandry|Blacksmith|Forge|Furnace|Hospitaller|Ministry of Military Strategy|Monastery|Pilgrimage Site|Preceptory|Tannery|University|War College,7,26
"KT/Cudgel/Cloth [PrM, (NInd, EProw, SPie, NCun), Enduring, Nimble, Rec 6, Recover 7, Recover 8, Shake+1]|M7",Knight Templar,Cudgel,,Cloth,,False,25,"Recover 8,Nimble,Enduring,Shake +1,Recover 6,Resolute,Recover 7,Immune Blocked,Parry",2200,,False,Abbey|Alchemy|Animal Husbandry|Apothecary|Butchery|Conditioning Field|Herb Garden|Hospitaller|Infirmary|Monastery|Pilgrimage Site|Preceptory|Tannery,7,16
"KT/Morningstar/Tower/FullPlate [PrM, (EInd, EProw, SPie, NCun), Nimble, Rec 6, Shake+1, Temp]|M7",Knight Templar,Morningstar,Tower Shield,Full Plate,,False,25,"Immune Blocked,Nimble,Parry,Shake +1,Tempered,Recover 6,Resolute",2400,,False,Abbey|Animal Husbandry|Armory|Blacksmith|Carpentry|Conditioning Field|Forge|Furnace|Gilded Foundry|Hospitaller|Joinery|Monastery|Pilgrimage Site|Preceptory|Tannery,7,22
"KT/Lance/Buckler/Cloth [PrM, (EInd, EProw, SPie, NCun), Enduring, Nimble, Rec 6, Recover 7, Recover 8, Shake+1]|M7",Knight Templar,Lance,Buckler Shield,Cloth,,False,25,"Recover 8,Nimble,Enduring,Shake +1,Recover 6,Resolute,Recover 7,Immune Blocked,Parry",2700,,False,Abbey|Alchemy|Apothecary|Blacksmith|Carpentry|Conditioning Field|Forge|Furnace|Herb Garden|Hospitaller|Infirmary|Joinery|Monastery|Pilgrimage Site|Preceptory,7,22
"KT/FarmTools/Buckler/Chain [PrM, (RInd, EProw, SPie, NCun), Nimble, Rec 6, Shake+1]|M7",Knight Templar,Farm Tools,Buckler Shield,Chainmail,,False,25,"Immune Blocked,Nimble,Parry,Shake +1,Recover 6,Resolute",2400,,False,Abbey|Animal Husbandry|Armory|Blacksmith|Carpentry|Conditioning Field|Furnace|Hospitaller|Joinery|Monastery|Pilgrimage Site|Preceptory|Tannery,7,19
"KT/WarHammer/Leather [PrM, (EInd, EProw, SPie, NCun), Enduring, Nimble, Rec 6, Recover 7, Recover 8, Shake+1]|M7",Knight Templar,War Hammer,,Leather,,False,25,"Recover 8,Nimble,Enduring,Shake +1,Recover 6,Resolute,Recover 7,Immune Blocked,Parry",2700,,False,Abbey|Alchemy|Animal Husbandry|Apothecary|Blacksmith|Conditioning Field|Forge|Furnace|Herb Garden|Hospitaller|Infirmary|Monastery|Pilgrimage Site|Preceptory|Tannery,7,22
"KT/Lance/Kite/Leather [PrM, (EInd, EProw, SPie, NCun), Nimble, Rec 6, Riposte, Shake+1]|M7",Knight Templar,Lance,Kite Shield,Leather,,False,25,"Nimble,Shake +1,Recover 6,Improved Parry,Resolute,Immune Blocked,Riposte,Parry",2400,,False,Abbey|Animal Husbandry|Armory|Blacksmith|Carpentry|Coliseum|Conditioning Field|Forge|Furnace|Grand Tournament|Hospitaller|Joinery|Monastery|Pilgrimage Site|Preceptory|Tannery,7,22
"KT/Cavalry Spear/Targe/Chain [PrM, OuInPoI, (RInd, EProw, SPie, SCun), Rec 6, Shake+1]|M7",Knight Templar,Cavalry Spear,Targe Shield,Chainmail,,False,25,"confers:Strain,Outrider: once,Shake +1,Recover 6,Resolute,Immune Blocked,confers:Blocked,Parry",2400,,False,Abbey|Animal Husbandry|Armory|Blacksmith|Carpentry|Furnace|Hospitaller|Joinery|Monastery|Outrider Intercept Post|Pilgrimage Site|Preceptory|Tannery,7,29
"KT/FarmTools/Cloth [PrM, (EInd, EProw, SPie, NCun), Enduring, Nimble, Rec 6, Recover 7, Recover 8, Serr, Shake+1]|M7",Knight Templar,Farm Tools,,Cloth,,False,25,"Recover 8,Nimble,Enduring,Parry,Shake +1,Recover 6,Resolute,Recover 7,Immune Blocked,Serrated",2700,,False,Abbey|Alchemy|Apothecary|Blacksmith|Conditioning Field|Furnace|Herb Garden|Hospitaller|Infirmary|Master Workshop|Monastery|Pilgrimage Site|Preceptory,7,22
"KT/ShortSword/Tower/FullPlate [PrM, (EInd, EProw, SPie, NCun), Nimble, Rec 6, Shake+1, Temp]|M7",Knight Templar,Short Sword,Tower Shield,Full Plate,,False,25,"Immune Blocked,Nimble,Parry,Shake +1,Tempered,Recover 6,Resolute",2400,,False,Abbey|Animal Husbandry|Armory|Blacksmith|Carpentry|Conditioning Field|Forge|Furnace|Gilded Foundry|Hospitaller|Joinery|Monastery|Pilgrimage Site|Preceptory|Tannery,7,22
"KT/Halberd/Cloth [PrM, (RInd, EProw, SPie, NCun), Nimble, Rec 6, Recover 8, Shake+1]|M7",Knight Templar,Halberd,,Cloth,,False,25,"Immune Blocked,Recover 8,Nimble,Parry,Shake +1,Recover 6,Resolute",3000,,False,Abbey|Apothecary|Blacksmith|Conditioning Field|Furnace|Herb Garden|Hospitaller|Monastery|Pilgrimage Site|Preceptory,7,19
"KT/Cavalry Spear/Buckler/Leather [PrM, (RInd, EProw, SPie, NCun), Nimble, Rec 6, Shake+1]|M7",Knight Templar,Cavalry Spear,Buckler Shield,Leather,,False,25,"Immune Blocked,Nimble,Parry,Shake +1,Recover 6,Resolute",2600,,False,Abbey|Animal Husbandry|Blacksmith|Carpentry|Conditioning Field|Furnace|Hospitaller|Joinery|Monastery|Pilgrimage Site|Preceptory|Tannery,7,19
"KT/BattleAxe/Cloth [PrM, MiMiStM, (RInd, SProw, SPie, NCun), Enduring, Rec 6, Recover 7, Recover 8, Shake+1]|M7",Knight Templar,Battle Axe,,Cloth,,False,25,"Recover 8,Seize: first,Enduring,Parry,Shake +1,Recover 6,Resolute,Improved Parry,Recover 7,+1I,Immune Blocked,Crit 7,MaxInit3",2900,,False,Abbey|Alchemy|Apothecary|Blacksmith|Furnace|Herb Garden|Hospitaller|Infirmary|Ministry of Military Strategy|Monastery|Pilgrimage Site|Preceptory|University|War College,7,23
"KT/Daggers/Cloth [RoPaM, PrM, (NInd, SProw, SPie, NCun), Enduring, Improved Parry, Rec 6, Recover 7, Recover 8, Shake+1]|M7",Knight Templar,Daggers,,Cloth,,False,25,"Recover 8,Enduring,Parry,Drilled,Shake +1,Recover 6,Resolute,Improved Parry,Recover 7,Immune Blocked,Immune Strain",2900,,False,Abbey|Alchemy|Apothecary|Furnace|Grand Tournament|Herb Garden|Hospitaller|Infirmary|Monastery|Pilgrimage Site|Preceptory|Royal Pavilion|Tiltyard,7,20
"KT/FarmTools/Targe/Chain [PrM, (RInd, EProw, SPie, NCun), Nimble, Rec 6, Shake+1]|M7",Knight Templar,Farm Tools,Targe Shield,Chainmail,,False,25,"Immune Blocked,Nimble,Parry,Shake +1,Recover 6,Resolute",2400,,False,Abbey|Animal Husbandry|Armory|Blacksmith|Carpentry|Conditioning Field|Furnace|Hospitaller|Joinery|Monastery|Pilgrimage Site|Preceptory|Tannery,7,19
"KT/ShortSword/Kite/Cloth [PrM, (RInd, EProw, SPie, NCun), Nimble, Rec 6, Shake+1]|M7",Knight Templar,Short Sword,Kite Shield,Cloth,,False,25,"Immune Blocked,Nimble,Parry,Shake +1,Recover 6,Resolute",2400,,False,Abbey|Armory|Blacksmith|Carpentry|Conditioning Field|Furnace|Hospitaller|Joinery|Monastery|Pilgrimage Site|Preceptory|Tannery,7,19
"KT/Arming/Kite/Cloth [PrM, (RInd, EProw, SPie, NCun), Nimble, Rec 6, Shake+1]|M7",Knight Templar,Arming Sword,Kite Shield,Cloth,,False,25,"Immune Blocked,Nimble,Parry,Shake +1,Recover 6,Resolute",2400,,False,Abbey|Armory|Blacksmith|Carpentry|Conditioning Field|Furnace|Hospitaller|Joinery|Monastery|Pilgrimage Site|Preceptory|Tannery,7,19
"KT/FarmTools/Targe/Cloth [PrM, (RInd, EProw, SPie, NCun), Enduring, Nimble, Rec 6, Recover 7, Recover 8, Shake+1]|M7",Knight Templar,Farm Tools,Targe Shield,Cloth,,False,25,"Recover 8,Nimble,Enduring,Shake +1,Recover 6,Resolute,Recover 7,Immune Blocked,Parry",2700,,False,Abbey|Alchemy|Apothecary|Blacksmith|Carpentry|Conditioning Field|Furnace|Herb Garden|Hospitaller|Infirmary|Joinery|Monastery|Pilgrimage Site|Preceptory,7,19
"KT/BattleAxe/Cloth [PrM, (RInd, EProw, SPie, NCun), Nimble, Rec 6, Recover 8, Shake+1]|M7",Knight Templar,Battle Axe,,Cloth,,False,25,"Immune Blocked,Recover 8,Nimble,Parry,Shake +1,Recover 6,Resolute",3000,,False,Abbey|Apothecary|Blacksmith|Conditioning Field|Furnace|Herb Garden|Hospitaller|Monastery|Pilgrimage Site|Preceptory,7,19
"KT/Cavalry Spear/Targe/Chain [PrM, (RInd, EProw, SPie, NCun), Nimble, Rec 6, Shake+1]|M7",Knight Templar,Cavalry Spear,Targe Shield,Chainmail,,False,25,"Immune Blocked,Nimble,Parry,Shake +1,Recover 6,Resolute",2400,,False,Abbey|Animal Husbandry|Armory|Blacksmith|Carpentry|Conditioning Field|Furnace|Hospitaller|Joinery|Monastery|Pilgrimage Site|Preceptory|Tannery,7,19
"KT/Morningstar/Tower/Chain [PrM, (EInd, EProw, SPie, NCun), Nimble, Rec 6, Shake+1]|M7",Knight Templar,Morningstar,Tower Shield,Chainmail,,False,25,"Immune Blocked,Nimble,Parry,Shake +1,Recover 6,Resolute",2400,,False,Abbey|Animal Husbandry|Armory|Blacksmith|Carpentry|Conditioning Field|Forge|Furnace|Hospitaller|Joinery|Monastery|Pilgrimage Site|Preceptory|Tannery,7,22
"KT/Cavalry Spear/Kite/Leather [PrM, (RInd, EProw, SPie, NCun), Nimble, Rec 6, Shake+1]|M7",Knight Templar,Cavalry Spear,Kite Shield,Leather,,False,25,"Immune Blocked,Nimble,Parry,Shake +1,Recover 6,Resolute",2400,,False,Abbey|Animal Husbandry|Armory|Blacksmith|Carpentry|Conditioning Field|Furnace|Hospitaller|Joinery|Monastery|Pilgrimage Site|Preceptory|Tannery,7,19
"KT/Cudgel/Chain [PrM, (RInd, EProw, SPie, NCun), Enduring, Nimble, Rec 6, Recover 7, Recover 8, Shake+1]|M7",Knight Templar,Cudgel,,Chainmail,,False,25,"Recover 8,Nimble,Enduring,Shake +1,Recover 6,Resolute,Recover 7,Immune Blocked,Parry",2500,,False,Abbey|Alchemy|Animal Husbandry|Apothecary|Armory|Blacksmith|Conditioning Field|Furnace|Herb Garden|Hospitaller|Infirmary|Monastery|Pilgrimage Site|Preceptory|Tannery,7,19
"KT/Flail/Kite/Cloth [PrM, OuInPoI, (RInd, EProw, SPie, SCun), Rec 6, Shake+1]|M7",Knight Templar,Flail,Kite Shield,Cloth,,False,25,"confers:Strain,Outrider: once,Shake +1,Recover 6,Resolute,Immune Blocked,confers:Blocked,Parry",2400,,False,Abbey|Armory|Blacksmith|Carpentry|Furnace|Hospitaller|Joinery|Monastery|Outrider Intercept Post|Pilgrimage Site|Preceptory|Tannery,7,29
"KT/Halberd/FullPlate [PrM, (EInd, EProw, SPie, NCun), Enduring, Nimble, Rec 6, Recover 7, Recover 8, Shake+1, Temp]|M7",Knight Templar,Halberd,,Full Plate,,False,25,"Recover 8,Enduring,Nimble,Shake +1,Recover 6,Resolute,Recover 7,Immune Blocked,Parry,Tempered",2500,,False,Abbey|Alchemy|Animal Husbandry|Apothecary|Armory|Blacksmith|Conditioning Field|Furnace|Gilded Foundry|Herb Garden|Hospitaller|Infirmary|Monastery|Pilgrimage Site|Preceptory|Tannery,7,22
"KT/ShortSword/Tower/Chain [PrM, MiMiStI, (EInd, SProw, SPie, NCun), Rec 6, Shake+1]|M7",Knight Templar,Short Sword,Tower Shield,Chainmail,,False,25,"Seize: first,Parry,Shake +1,Recover 6,Resolute,+1I,Immune Blocked,MaxInit3",2400,,False,Abbey|Animal Husbandry|Armory|Blacksmith|Carpentry|Forge|Furnace|Hospitaller|Joinery|Ministry of Military Strategy|Monastery|Pilgrimage Site|Preceptory|Tannery,7,26
"KT/FarmTools/Targe/FullPlate [PrM, (EInd, EProw, SPie, NCun), Nimble, Rec 6, Shake+1, Temp]|M7",Knight Templar,Farm Tools,Targe Shield,Full Plate,,False,25,"Immune Blocked,Nimble,Parry,Shake +1,Tempered,Recover 6,Resolute",2400,,False,Abbey|Animal Husbandry|Armory|Blacksmith|Carpentry|Conditioning Field|Furnace|Gilded Foundry|Hospitaller|Joinery|Monastery|Pilgrimage Site|Preceptory|Tannery,7,22
"KT/Cudgel/FullPlate [RoPaM, PrM, (EInd, SProw, SPie, NCun), Improved Parry, Rec 6, Shake+1, Temp]|M7",Knight Templar,Cudgel,,Full Plate,,False,25,"Parry,Drilled,Shake +1,Recover 6,Resolute,Improved Parry,Immune Blocked,Immune Strain,Tempered",2600,,False,Abbey|Animal Husbandry|Armory|Blacksmith|Furnace|Gilded Foundry|Grand Tournament|Hospitaller|Monastery|Pilgrimage Site|Preceptory|Royal Pavilion|Tannery|Tiltyard,7,26
"KT/Arming/Tower/Leather [PrM, (EInd, EProw, SPie, NCun), Nimble, Rec 6, Shake+1]|M7",Knight Templar,Arming Sword,Tower Shield,Leather,,False,25,"Immune Blocked,Nimble,Parry,Shake +1,Recover 6,Resolute",2600,,False,Abbey|Animal Husbandry|Blacksmith|Carpentry|Conditioning Field|Forge|Furnace|Hospitaller|Joinery|Monastery|Pilgrimage Site|Preceptory|Tannery,7,22
"KT/FarmTools/Buckler/Cloth [PrM, (RInd, EProw, SPie, NCun), Nimble, Rec 6, Recover 8, Shake+1]|M7",Knight Templar,Farm Tools,Buckler Shield,Cloth,,False,25,"Immune Blocked,Recover 8,Nimble,Parry,Shake +1,Recover 6,Resolute",2800,,False,Abbey|Apothecary|Carpentry|Conditioning Field|Herb Garden|Hospitaller|Joinery|Monastery|Pilgrimage Site|Preceptory,7,19
"KT/Bastard/Tower/Chain [PrM, (EInd, EProw, SPie, NCun), Nimble, Rec 6, Shake+1]|M7",Knight Templar,Bastard Sword,Tower Shield,Chainmail,,False,25,"Immune Blocked,Nimble,Parry,Shake +1,Recover 6,Resolute",2400,,False,Abbey|Animal Husbandry|Armory|Blacksmith|Carpentry|Conditioning Field|Forge|Furnace|Hospitaller|Joinery|Monastery|Pilgrimage Site|Preceptory|Tannery,7,22
"KT/Lance/Kite/Leather [PrM, (EInd, EProw, SPie, NCun), Nimble, Rec 6, Shake+1]|M7",Knight Templar,Lance,Kite Shield,Leather,,False,25,"Immune Blocked,Nimble,Parry,Shake +1,Recover 6,Resolute",2400,,False,Abbey|Animal Husbandry|Armory|Blacksmith|Carpentry|Conditioning Field|Forge|Furnace|Hospitaller|Joinery|Monastery|Pilgrimage Site|Preceptory|Tannery,7,22
"KT/Lance/Kite/FullPlate [RoPaI, PrM, (EInd, SProw, SPie, NCun), Rec 6, Shake+1, Temp]|M7",Knight Templar,Lance,Kite Shield,Full Plate,,False,25,"Immune Blocked,Recover 6,Parry,Tempered,Shake +1,Resolute,Immune Strain",2400,,False,Abbey|Animal Husbandry|Armory|Blacksmith|Carpentry|Forge|Furnace|Gilded Foundry|Hospitaller|Joinery|Monastery|Pilgrimage Site|Preceptory|Royal Pavilion|Tannery,7,26
"KT/FarmTools/Tower/Cloth [RoPaM, PrM, (EInd, SProw, SPie, NCun), Improved Parry, Rec 6, Shake+1]|M7",Knight Templar,Farm Tools,Tower Shield,Cloth,,False,25,"Parry,Drilled,Shake +1,Recover 6,Resolute,Improved Parry,Immune Blocked,Immune Strain",2800,,False,Abbey|Blacksmith|Carpentry|Forge|Furnace|Grand Tournament|Hospitaller|Joinery|Monastery|Pilgrimage Site|Preceptory|Royal Pavilion|Tiltyard,7,26
"KT/Spears/FullPlate [PrM, MiMiStM, (EInd, SProw, SPie, NCun), Rec 6, Shake+1, Temp]|M7",Knight Templar,Spears,,Full Plate,,False,25,"Seize: first,Parry,Shake +1,Recover 6,Improved Parry,Resolute,+1I,Immune Blocked,Crit 7,MaxInit3,Tempered",2600,,False,Abbey|Animal Husbandry|Armory|Blacksmith|Furnace|Gilded Foundry|Hospitaller|Ministry of Military Strategy|Monastery|Pilgrimage Site|Preceptory|Tannery|University|War College,7,26
"KT/Cavalry Spear/Buckler/Cloth [PrM, (RInd, EProw, SPie, NCun), Enduring, Nimble, Rec 6, Recover 7, Recover 8, Shake+1]|M7",Knight Templar,Cavalry Spear,Buckler Shield,Cloth,,False,25,"Recover 8,Nimble,Enduring,Shake +1,Recover 6,Resolute,Recover 7,Immune Blocked,Parry",2700,,False,Abbey|Alchemy|Apothecary|Blacksmith|Carpentry|Conditioning Field|Furnace|Herb Garden|Hospitaller|Infirmary|Joinery|Monastery|Pilgrimage Site|Preceptory,7,19
"KT/ShortSword/Tower/Leather [PrM, (EInd, EProw, SPie, NCun), Nimble, Rec 6, Shake+1]|M7",Knight Templar,Short Sword,Tower Shield,Leather,,False,25,"Immune Blocked,Nimble,Parry,Shake +1,Recover 6,Resolute",2600,,False,Abbey|Animal Husbandry|Blacksmith|Carpentry|Conditioning Field|Forge|Furnace|Hospitaller|Joinery|Monastery|Pilgrimage Site|Preceptory|Tannery,7,22
"KT/ShortSword/Kite/FullPlate [PrM, (EInd, EProw, SPie, NCun), Nimble, Rec 6, Shake+1, Temp]|M7",Knight Templar,Short Sword,Kite Shield,Full Plate,,False,25,"Immune Blocked,Nimble,Parry,Shake +1,Tempered,Recover 6,Resolute",2400,,False,Abbey|Animal Husbandry|Armory|Blacksmith|Carpentry|Conditioning Field|Furnace|Gilded Foundry|Hospitaller|Joinery|Monastery|Pilgrimage Site|Preceptory|Tannery,7,22
"KT/Pitchfork/Leather [PrM, (NInd, EProw, SPie, NCun), Nimble, Rec 6, Recover 8, Shake+1]|M7",Knight Templar,Pitchfork,,Leather,,False,25,"Immune Blocked,Recover 8,Nimble,Parry,Shake +1,Recover 6,Resolute",2800,,False,Abbey|Animal Husbandry|Apothecary|Conditioning Field|Herb Garden|Hospitaller|Monastery|Pilgrimage Site|Preceptory|Tannery,7,16
"KT/Flail/Tower/Chain [PrM, (EInd, EProw, SPie, NCun), Nimble, Rec 6, Shake+1]|M7",Knight Templar,Flail,Tower Shield,Chainmail,,False,25,"Immune Blocked,Nimble,Parry,Shake +1,Recover 6,Resolute",2400,,False,Abbey|Animal Husbandry|Armory|Blacksmith|Carpentry|Conditioning Field|Forge|Furnace|Hospitaller|Joinery|Monastery|Pilgrimage Site|Preceptory|Tannery,7,22
"KT/Pike/Leather [PrM, (RInd, EProw, SPie, NCun), Enduring, Nimble, Rec 6, Recover 7, Recover 8, Shake+1]|M7",Knight Templar,Pike,,Leather,,False,25,"Recover 8,Nimble,Enduring,Shake +1,Recover 6,Resolute,Recover 7,Immune Blocked,Parry",2700,,False,Abbey|Alchemy|Animal Husbandry|Apothecary|Blacksmith|Conditioning Field|Furnace|Herb Garden|Hospitaller|Infirmary|Monastery|Pilgrimage Site|Preceptory|Tannery,7,19
"KT/Lance/Targe/Cloth [PrM, (EInd, EProw, SPie, NCun), Enduring, Nimble, Rec 6, Recover 7, Recover 8, Shake+1]|M7",Knight Templar,Lance,Targe Shield,Cloth,,False,25,"Recover 8,Nimble,Enduring,Shake +1,Recover 6,Resolute,Recover 7,Immune Blocked,Parry",2700,,False,Abbey|Alchemy|Apothecary|Blacksmith|Carpentry|Conditioning Field|Forge|Furnace|Herb Garden|Hospitaller|Infirmary|Joinery|Monastery|Pilgrimage Site|Preceptory,7,22
"KT/Pitchfork/Chain [PrM, (RInd, EProw, SPie, NCun), Enduring, Nimble, Rec 6, Recover 7, Recover 8, Shake+1]|M7",Knight Templar,Pitchfork,,Chainmail,,False,25,"Recover 8,Nimble,Enduring,Shake +1,Recover 6,Resolute,Recover 7,Immune Blocked,Parry",2500,,False,Abbey|Alchemy|Animal Husbandry|Apothecary|Armory|Blacksmith|Conditioning Field|Furnace|Herb Garden|Hospitaller|Infirmary|Monastery|Pilgrimage Site|Preceptory|Tannery,7,19
"KT/ShortSword/Kite/Chain [PrM, (RInd, EProw, SPie, NCun), Nimble, Rec 6, Shake+1]|M7",Knight Templar,Short Sword,Kite Shield,Chainmail,,False,25,"Immune Blocked,Nimble,Parry,Shake +1,Recover 6,Resolute",2400,,False,Abbey|Animal Husbandry|Armory|Blacksmith|Carpentry|Conditioning Field|Furnace|Hospitaller|Joinery|Monastery|Pilgrimage Site|Preceptory|Tannery,7,19
"KT/Arming/Kite/Leather [PrM, (RInd, EProw, SPie, NCun), Nimble, Rec 6, Shake+1]|M7",Knight Templar,Arming Sword,Kite Shield,Leather,,False,25,"Immune Blocked,Nimble,Parry,Shake +1,Recover 6,Resolute",2400,,False,Abbey|Animal Husbandry|Armory|Blacksmith|Carpentry|Conditioning Field|Furnace|Hospitaller|Joinery|Monastery|Pilgrimage Site|Preceptory|Tannery,7,19
"KT/Cavalry Spear/Kite/Cloth [PrM, (RInd, EProw, SPie, NCun), Nimble, Rec 6, Shake+1]|M7",Knight Templar,Cavalry Spear,Kite Shield,Cloth,,False,25,"Immune Blocked,Nimble,Parry,Shake +1,Recover 6,Resolute",2400,,False,Abbey|Armory|Blacksmith|Carpentry|Conditioning Field|Furnace|Hospitaller|Joinery|Monastery|Pilgrimage Site|Preceptory|Tannery,7,19
"KT/Flail/Kite/Cloth [PrM, (RInd, EProw, SPie, NCun), Nimble, Rec 6, Riposte, Shake+1]|M7",Knight Templar,Flail,Kite Shield,Cloth,,False,25,"Nimble,Shake +1,Recover 6,Improved Parry,Resolute,Immune Blocked,Riposte,Parry",2400,,False,Abbey|Armory|Blacksmith|Carpentry|Coliseum|Conditioning Field|Furnace|Grand Tournament|Hospitaller|Joinery|Monastery|Pilgrimage Site|Preceptory|Tannery,7,19
"KT/WarHammer/Cloth [PrM, (EInd, EProw, SPie, NCun), Nimble, Rec 6, Recover 8, Shake+1]|M7",Knight Templar,War Hammer,,Cloth,,False,25,"Immune Blocked,Recover 8,Nimble,Parry,Shake +1,Recover 6,Resolute",3000,,False,Abbey|Apothecary|Blacksmith|Conditioning Field|Forge|Furnace|Herb Garden|Hospitaller|Monastery|Pilgrimage Site|Preceptory,7,22
"KT/Spears/Chain [PrM, (RInd, EProw, SPie, NCun), Enduring, Nimble, Rec 6, Recover 7, Recover 8, Riposte, Shake+1]|M7",Knight Templar,Spears,,Chainmail,,False,25,"Recover 8,Enduring,Nimble,Shake +1,Recover 6,Resolute,Improved Parry,Recover 7,Immune Blocked,Riposte,Parry",2500,,False,Abbey|Alchemy|Animal Husbandry|Apothecary|Armory|Blacksmith|Coliseum|Conditioning Field|Furnace|Grand Tournament|Herb Garden|Hospitaller|Infirmary|Monastery|Pilgrimage Site|Preceptory|Tannery,7,19
"KT/Lance/Buckler/FullPlate [PrM, (EInd, EProw, SPie, NCun), Nimble, Rec 6, Shake+1, Temp]|M7",Knight Templar,Lance,Buckler Shield,Full Plate,,False,25,"Immune Blocked,Nimble,Parry,Shake +1,Tempered,Recover 6,Resolute",2400,,False,Abbey|Animal Husbandry|Armory|Blacksmith|Carpentry|Conditioning Field|Forge|Furnace|Gilded Foundry|Hospitaller|Joinery|Monastery|Pilgrimage Site|Preceptory|Tannery,7,22
"KT/FarmTools/FullPlate [PrM, (EInd, EProw, SPie, NCun), Enduring, Nimble, Rec 6, Recover 7, Recover 8, Shake+1, Temp]|M7",Knight Templar,Farm Tools,,Full Plate,,False,25,"Recover 8,Enduring,Nimble,Shake +1,Recover 6,Resolute,Recover 7,Immune Blocked,Parry,Tempered",2500,,False,Abbey|Alchemy|Animal Husbandry|Apothecary|Armory|Blacksmith|Conditioning Field|Furnace|Gilded Foundry|Herb Garden|Hospitaller|Infirmary|Monastery|Pilgrimage Site|Preceptory|Tannery,7,22
"KT/Spears/Leather [PrM, (NInd, EProw, SPie, NCun), Enduring, Nimble, Rec 6, Recover 7, Recover 8, Shake+1]|M7",Knight Templar,Spears,,Leather,,False,25,"Recover 8,Nimble,Enduring,Shake +1,Recover 6,Resolute,Recover 7,Immune Blocked,Parry",2700,,False,Abbey|Alchemy|Animal Husbandry|Apothecary|Conditioning Field|Furnace|Herb Garden|Hospitaller|Infirmary|Monastery|Pilgrimage Site|Preceptory|Tannery,7,16
"KT/Cavalry Spear/Targe/Leather [PrM, (RInd, EProw, SPie, NCun), Nimble, Rec 6, Shake+1]|M7",Knight Templar,Cavalry Spear,Targe Shield,Leather,,False,25,"Immune Blocked,Nimble,Parry,Shake +1,Recover 6,Resolute",2600,,False,Abbey|Animal Husbandry|Blacksmith|Carpentry|Conditioning Field|Furnace|Hospitaller|Joinery|Monastery|Pilgrimage Site|Preceptory|Tannery,7,19
"KT/Morningstar/Tower/Leather [PrM, (EInd, EProw, SPie, NCun), Nimble, Rec 6, Shake+1]|M7",Knight Templar,Morningstar,Tower Shield,Leather,,False,25,"Immune Blocked,Nimble,Parry,Shake +1,Recover 6,Resolute",2600,,False,Abbey|Animal Husbandry|Blacksmith|Carpentry|Conditioning Field|Forge|Furnace|Hospitaller|Joinery|Monastery|Pilgrimage Site|Preceptory|Tannery,7,22
"KT/ShortSword/Tower/Leather [PrM, MiMiStI, (EInd, SProw, SPie, NCun), Rec 6, Shake+1]|M7",Knight Templar,Short Sword,Tower Shield,Leather,,False,25,"Seize: first,Parry,Shake +1,Recover 6,Resolute,+1I,Immune Blocked,MaxInit3",2600,,False,Abbey|Animal Husbandry|Blacksmith|Carpentry|Forge|Furnace|Hospitaller|Joinery|Ministry of Military Strategy|Monastery|Pilgrimage Site|Preceptory|Tannery,7,26
"KT/Lance/Kite/Chain [PrM, (EInd, EProw, SPie, NCun), Nimble, Rec 6, Riposte, Shake+1]|M7",Knight Templar,Lance,Kite Shield,Chainmail,,False,25,"Nimble,Shake +1,Recover 6,Improved Parry,Resolute,Immune Blocked,Riposte,Parry",2400,,False,Abbey|Animal Husbandry|Armory|Blacksmith|Carpentry|Coliseum|Conditioning Field|Forge|Furnace|Grand Tournament|Hospitaller|Joinery|Monastery|Pilgrimage Site|Preceptory|Tannery,7,22
"KT/Lance/Kite/Cloth [PrM, (EInd, EProw, SPie, NCun), Nimble, Rec 6, Shake+1]|M7",Knight Templar,Lance,Kite Shield,Cloth,,False,25,"Immune Blocked,Nimble,Parry,Shake +1,Recover 6,Resolute",2400,,False,Abbey|Armory|Blacksmith|Carpentry|Conditioning Field|Forge|Furnace|Hospitaller|Joinery|Monastery|Pilgrimage Site|Preceptory|Tannery,7,22
"KT/Lance/Buckler/Chain [PrM, (EInd, EProw, SPie, NCun), Nimble, Rec 6, Shake+1]|M7",Knight Templar,Lance,Buckler Shield,Chainmail,,False,25,"Immune Blocked,Nimble,Parry,Shake +1,Recover 6,Resolute",2400,,False,Abbey|Animal Husbandry|Armory|Blacksmith|Carpentry|Conditioning Field|Forge|Furnace|Hospitaller|Joinery|Monastery|Pilgrimage Site|Preceptory|Tannery,7,22
"KT/WarHammer/Chain [PrM, (EInd, EProw, SPie, NCun), Enduring, Nimble, Rec 6, Recover 7, Recover 8, Shake+1]|M7",Knight Templar,War Hammer,,Chainmail,,False,25,"Recover 8,Enduring,Nimble,Shake +1,Recover 6,Resolute,Recover 7,Immune Blocked,Parry",2500,,False,Abbey|Alchemy|Animal Husbandry|Apothecary|Armory|Blacksmith|Conditioning Field|Forge|Furnace|Herb Garden|Hospitaller|Infirmary|Monastery|Pilgrimage Site|Preceptory|Tannery,7,22
"KT/BattleAxe/Leather [PrM, (RInd, EProw, SPie, NCun), Enduring, Nimble, Rec 6, Recover 7, Recover 8, Shake+1]|M7",Knight Templar,Battle Axe,,Leather,,False,25,"Recover 8,Nimble,Enduring,Shake +1,Recover 6,Resolute,Recover 7,Immune Blocked,Parry",2700,,False,Abbey|Alchemy|Animal Husbandry|Apothecary|Blacksmith|Conditioning Field|Furnace|Herb Garden|Hospitaller|Infirmary|Monastery|Pilgrimage Site|Preceptory|Tannery,7,19
"KT/Pitchfork/FullPlate [PrM, (EInd, EProw, SPie, NCun), Enduring, Nimble, Rec 6, Recover 7, Recover 8, Shake+1, Temp]|M7",Knight Templar,Pitchfork,,Full Plate,,False,25,"Recover 8,Enduring,Nimble,Shake +1,Recover 6,Resolute,Recover 7,Immune Blocked,Parry,Tempered",2500,,False,Abbey|Alchemy|Animal Husbandry|Apothecary|Armory|Blacksmith|Conditioning Field|Furnace|Gilded Foundry|Herb Garden|Hospitaller|Infirmary|Monastery|Pilgrimage Site|Preceptory|Tannery,7,22
"KT/Cavalry Spear/Buckler/Leather [PrM, MiMiStI, (RInd, SProw, SPie, NCun), Rec 6, Shake+1]|M7",Knight Templar,Cavalry Spear,Buckler Shield,Leather,,False,25,"Seize: first,Parry,Shake +1,Recover 6,Resolute,+1I,Immune Blocked,MaxInit3",2600,,False,Abbey|Animal Husbandry|Blacksmith|Carpentry|Furnace|Hospitaller|Joinery|Ministry of Military Strategy|Monastery|Pilgrimage Site|Preceptory|Tannery,7,23
"KT/Flail/Kite/FullPlate [PrM, (EInd, EProw, SPie, NCun), Nimble, Rec 6, Riposte, Shake+1, Temp]|M7",Knight Templar,Flail,Kite Shield,Full Plate,,False,25,"Nimble,Shake +1,Recover 6,Improved Parry,Resolute,Immune Blocked,Riposte,Parry,Tempered",2400,,False,Abbey|Animal Husbandry|Armory|Blacksmith|Carpentry|Coliseum|Conditioning Field|Furnace|Gilded Foundry|Grand Tournament|Hospitaller|Joinery|Monastery|Pilgrimage Site|Preceptory|Tannery,7,22
"KT/FarmTools/Buckler/Leather [PrM, (RInd, EProw, SPie, NCun), Enduring, Nimble, Rec 6, Recover 7, Recover 8, Shake+1]|M7",Knight Templar,Farm Tools,Buckler Shield,Leather,,False,25,"Recover 8,Nimble,Enduring,Shake +1,Recover 6,Resolute,Recover 7,Immune Blocked,Parry",2500,,False,Abbey|Alchemy|Animal Husbandry|Apothecary|Carpentry|Conditioning Field|Herb Garden|Hospitaller|Infirmary|Joinery|Monastery|Pilgrimage Site|Preceptory|Tannery,7,19
"KT/Morningstar/Tower/Chain [PrM, OuInPoI, (EInd, EProw, SPie, SCun), Rec 6, Shake+1]|M7",Knight Templar,Morningstar,Tower Shield,Chainmail,,False,25,"confers:Strain,Outrider: once,Shake +1,Recover 6,Resolute,Immune Blocked,confers:Blocked,Parry",2400,,False,Abbey|Animal Husbandry|Armory|Blacksmith|Carpentry|Forge|Furnace|Hospitaller|Joinery|Monastery|Outrider Intercept Post|Pilgrimage Site|Preceptory|Tannery,7,32
"KT/FarmTools/Kite/FullPlate [PrM, (EInd, EProw, SPie, NCun), Nimble, Rec 6, Shake+1, Temp]|M7",Knight Templar,Farm Tools,Kite Shield,Full Plate,,False,25,"Immune Blocked,Nimble,Parry,Shake +1,Tempered,Recover 6,Resolute",2400,,False,Abbey|Animal Husbandry|Armory|Blacksmith|Carpentry|Conditioning Field|Furnace|Gilded Foundry|Hospitaller|Joinery|Monastery|Pilgrimage Site|Preceptory|Tannery,7,22
"KT/Bastard/Tower/Leather [PrM, MiMiStI, (EInd, SProw, SPie, NCun), Rec 6, Shake+1]|M7",Knight Templar,Bastard Sword,Tower Shield,Leather,,False,25,"Seize: first,Parry,Shake +1,Recover 6,Resolute,+1I,Immune Blocked,MaxInit3",2600,,False,Abbey|Animal Husbandry|Blacksmith|Carpentry|Forge|Furnace|Hospitaller|Joinery|Ministry of Military Strategy|Monastery|Pilgrimage Site|Preceptory|Tannery,7,26
"KT/2HBastard/FullPlate [PrM, (EInd, EProw, SPie, NCun), Enduring, Nimble, Rec 6, Recover 7, Recover 8, Shake+1, Temp]|M7",Knight Templar,2HBastard,,Full Plate,,False,25,"Recover 8,Enduring,Nimble,Shake +1,Recover 6,Resolute,Recover 7,Immune Blocked,Parry,Tempered",2500,,False,Abbey|Alchemy|Animal Husbandry|Apothecary|Armory|Blacksmith|Conditioning Field|Forge|Furnace|Gilded Foundry|Herb Garden|Hospitaller|Infirmary|Monastery|Pilgrimage Site|Preceptory|Tannery,7,22
"KT/BattleAxe/Chain [PrM, (RInd, EProw, SPie, NCun), Enduring, Nimble, Rec 6, Recover 7, Recover 8, Shake+1]|M7",Knight Templar,Battle Axe,,Chainmail,,False,25,"Recover 8,Nimble,Enduring,Shake +1,Recover 6,Resolute,Recover 7,Immune Blocked,Parry",2500,,False,Abbey|Alchemy|Animal Husbandry|Apothecary|Armory|Blacksmith|Conditioning Field|Furnace|Herb Garden|Hospitaller|Infirmary|Monastery|Pilgrimage Site|Preceptory|Tannery,7,19
"KT/ShortSword/Targe/Cloth [PrM, (RInd, EProw, SPie, NCun), Enduring, Nimble, Rec 6, Recover 7, Recover 8, Shake+1]|M7",Knight Templar,Short Sword,Targe Shield,Cloth,,False,25,"Recover 8,Nimble,Enduring,Shake +1,Recover 6,Resolute,Recover 7,Immune Blocked,Parry",2700,,False,Abbey|Alchemy|Apothecary|Blacksmith|Carpentry|Conditioning Field|Furnace|Herb Garden|Hospitaller|Infirmary|Joinery|Monastery|Pilgrimage Site|Preceptory,7,19
"KT/Pike/Chain [PrM, (RInd, EProw, SPie, NCun), Enduring, Nimble, Rec 6, Recover 7, Recover 8, Shake+1]|M7",Knight Templar,Pike,,Chainmail,,False,25,"Recover 8,Nimble,Enduring,Shake +1,Recover 6,Resolute,Recover 7,Immune Blocked,Parry",2500,,False,Abbey|Alchemy|Animal Husbandry|Apothecary|Armory|Blacksmith|Conditioning Field|Furnace|Herb Garden|Hospitaller|Infirmary|Monastery|Pilgrimage Site|Preceptory|Tannery,7,19
"KT/Pitchfork+HuntBow/Cloth (TY) [PrM, (NInd, EProw, SPie, NCun), Florentine, ImmU, Nimble, Rec 6, Shake+1]|M7",Knight Templar,Pitchfork,,Cloth,Hunting Bow,True,25,"Nimble,Shake +1,Recover 6,Resolute,Immune Blocked,Parry,Immune Unwieldy,Florentine",2800,,False,Abbey|Carpentry|Coliseum|Conditioning Field|Fletchery|Hospitaller|Monastery|Pilgrimage Site|Preceptory|Tiltyard,7,16
"KT/ShortSword/Targe/Chain [PrM, (RInd, EProw, SPie, NCun), Nimble, Rec 6, Shake+1]|M7",Knight Templar,Short Sword,Targe Shield,Chainmail,,False,25,"Immune Blocked,Nimble,Parry,Shake +1,Recover 6,Resolute",2400,,False,Abbey|Animal Husbandry|Armory|Blacksmith|Carpentry|Conditioning Field|Furnace|Hospitaller|Joinery|Monastery|Pilgrimage Site|Preceptory|Tannery,7,19
"KT/Halberd/Leather [PrM, (RInd, EProw, SPie, NCun), Enduring, Nimble, Rec 6, Recover 7, Recover 8, Shake+1]|M7",Knight Templar,Halberd,,Leather,,False,25,"Recover 8,Nimble,Enduring,Shake +1,Recover 6,Resolute,Recover 7,Immune Blocked,Parry",2700,,False,Abbey|Alchemy|Animal Husbandry|Apothecary|Blacksmith|Conditioning Field|Furnace|Herb Garden|Hospitaller|Infirmary|Monastery|Pilgrimage Site|Preceptory|Tannery,7,19
"KT/Lance/Targe/Chain [PrM, OuInPoI, (EInd, EProw, SPie, SCun), Rec 6, Shake+1]|M7",Knight Templar,Lance,Targe Shield,Chainmail,,False,25,"confers:Strain,Outrider: once,Shake +1,Recover 6,Resolute,Immune Blocked,confers:Blocked,Parry",2400,,False,Abbey|Animal Husbandry|Armory|Blacksmith|Carpentry|Forge|Furnace|Hospitaller|Joinery|Monastery|Outrider Intercept Post|Pilgrimage Site|Preceptory|Tannery,7,32
"KT/Lance/Kite/Chain [PrM, (EInd, EProw, SPie, NCun), Nimble, Rec 6, Shake+1]|M7",Knight Templar,Lance,Kite Shield,Chainmail,,False,25,"Immune Blocked,Nimble,Parry,Shake +1,Recover 6,Resolute",2400,,False,Abbey|Animal Husbandry|Armory|Blacksmith|Carpentry|Conditioning Field|Forge|Furnace|Hospitaller|Joinery|Monastery|Pilgrimage Site|Preceptory|Tannery,7,22
"KT/FarmTools/Chain [RoPaI, PrM, (RInd, SProw, SPie, NCun), Enduring, Rec 6, Recover 7, Recover 8, Shake+1]|M7",Knight Templar,Farm Tools,,Chainmail,,False,25,"Recover 8,Enduring,Parry,Shake +1,Recover 7,Resolute,Recover 6,Immune Blocked,Immune Strain",2500,,False,Abbey|Alchemy|Animal Husbandry|Apothecary|Armory|Blacksmith|Furnace|Herb Garden|Hospitaller|Infirmary|Monastery|Pilgrimage Site|Preceptory|Royal Pavilion|Tannery,7,23
"KT/Lance/Kite/Cloth [PrM, MiMiStI, (EInd, SProw, SPie, NCun), Rec 6, Shake+1]|M7",Knight Templar,Lance,Kite Shield,Cloth,,False,25,"Seize: first,Parry,Shake +1,Recover 6,Resolute,+1I,Immune Blocked,MaxInit3",2400,,False,Abbey|Armory|Blacksmith|Carpentry|Forge|Furnace|Hospitaller|Joinery|Ministry of Military Strategy|Monastery|Pilgrimage Site|Preceptory|Tannery,7,26
"KT/Bastard/Tower/FullPlate [PrM, (EInd, EProw, SPie, NCun), Nimble, Rec 6, Shake+1, Temp]|M7",Knight Templar,Bastard Sword,Tower Shield,Full Plate,,False,25,"Immune Blocked,Nimble,Parry,Shake +1,Tempered,Recover 6,Resolute",2400,,False,Abbey|Animal Husbandry|Armory|Blacksmith|Carpentry|Conditioning Field|Forge|Furnace|Gilded Foundry|Hospitaller|Joinery|Monastery|Pilgrimage Site|Preceptory|Tannery,7,22
"KT/Pike/Leather [PrM, (RInd, EProw, SPie, NCun), Enduring, Nimble, Rec 6, Recover 7, Recover 8, Riposte, Shake+1]|M7",Knight Templar,Pike,,Leather,,False,25,"Recover 8,Enduring,Nimble,Shake +1,Recover 6,Resolute,Improved Parry,Recover 7,Immune Blocked,Riposte,Parry",2700,,False,Abbey|Alchemy|Animal Husbandry|Apothecary|Blacksmith|Coliseum|Conditioning Field|Furnace|Grand Tournament|Herb Garden|Hospitaller|Infirmary|Monastery|Pilgrimage Site|Preceptory|Tannery,7,19
"KT/Cavalry Spear/Buckler/FullPlate [PrM, (EInd, EProw, SPie, NCun), Nimble, Rec 6, Shake+1, Temp]|M7",Knight Templar,Cavalry Spear,Buckler Shield,Full Plate,,False,25,"Immune Blocked,Nimble,Parry,Shake +1,Tempered,Recover 6,Resolute",2400,,False,Abbey|Animal Husbandry|Armory|Blacksmith|Carpentry|Conditioning Field|Furnace|Gilded Foundry|Hospitaller|Joinery|Monastery|Pilgrimage Site|Preceptory|Tannery,7,22
"KT/Lance/Buckler/Leather [PrM, (EInd, EProw, SPie, NCun), Nimble, Rec 6, Shake+1]|M7",Knight Templar,Lance,Buckler Shield,Leather,,False,25,"Immune Blocked,Nimble,Parry,Shake +1,Recover 6,Resolute",2600,,False,Abbey|Animal Husbandry|Blacksmith|Carpentry|Conditioning Field|Forge|Furnace|Hospitaller|Joinery|Monastery|Pilgrimage Site|Preceptory|Tannery,7,22
"KT/Arming/Kite/Chain [PrM, (RInd, EProw, SPie, NCun), Nimble, Rec 6, Shake+1]|M7",Knight Templar,Arming Sword,Kite Shield,Chainmail,,False,25,"Immune Blocked,Nimble,Parry,Shake +1,Recover 6,Resolute",2400,,False,Abbey|Animal Husbandry|Armory|Blacksmith|Carpentry|Conditioning Field|Furnace|Hospitaller|Joinery|Monastery|Pilgrimage Site|Preceptory|Tannery,7,19
"KT/FarmTools/Tower/Leather [PrM, (EInd, EProw, SPie, NCun), Nimble, Rec 6, Shake+1]|M7",Knight Templar,Farm Tools,Tower Shield,Leather,,False,25,"Immune Blocked,Nimble,Parry,Shake +1,Recover 6,Resolute",2600,,False,Abbey|Animal Husbandry|Blacksmith|Carpentry|Conditioning Field|Forge|Furnace|Hospitaller|Joinery|Monastery|Pilgrimage Site|Preceptory|Tannery,7,22
"KT/Daggers/Cloth [PrM, (NInd, EProw, SPie, NCun), Nimble, Rec 6, Recover 8, Shake+1]|M7",Knight Templar,Daggers,,Cloth,,False,25,"Immune Blocked,Recover 8,Nimble,Parry,Shake +1,Recover 6,Resolute",3000,,False,Abbey|Apothecary|Conditioning Field|Furnace|Herb Garden|Hospitaller|Monastery|Pilgrimage Site|Preceptory,7,16
"KT/2HBastard/Leather [PrM, (EInd, EProw, SPie, NCun), Enduring, Nimble, Rec 6, Recover 7, Recover 8, Shake+1]|M7",Knight Templar,2HBastard,,Leather,,False,25,"Recover 8,Nimble,Enduring,Shake +1,Recover 6,Resolute,Recover 7,Immune Blocked,Parry",2700,,False,Abbey|Alchemy|Animal Husbandry|Apothecary|Blacksmith|Conditioning Field|Forge|Furnace|Herb Garden|Hospitaller|Infirmary|Monastery|Pilgrimage Site|Preceptory|Tannery,7,22
"KT/Cudgel/FullPlate [PrM, (EInd, EProw, SPie, NCun), Enduring, Nimble, Rec 6, Recover 7, Recover 8, Shake+1, Temp]|M7",Knight Templar,Cudgel,,Full Plate,,False,25,"Recover 8,Enduring,Nimble,Shake +1,Recover 6,Resolute,Recover 7,Immune Blocked,Parry,Tempered",2500,,False,Abbey|Alchemy|Animal Husbandry|Apothecary|Armory|Blacksmith|Conditioning Field|Furnace|Gilded Foundry|Herb Garden|Hospitaller|Infirmary|Monastery|Pilgrimage Site|Preceptory|Tannery,7,22
"KT/ShortSword/Targe/FullPlate [PrM, (EInd, EProw, SPie, NCun), Nimble, Rec 6, Shake+1, Temp]|M7",Knight Templar,Short Sword,Targe Shield,Full Plate,,False,25,"Immune Blocked,Nimble,Parry,Shake +1,Tempered,Recover 6,Resolute",2400,,False,Abbey|Animal Husbandry|Armory|Blacksmith|Carpentry|Conditioning Field|Furnace|Gilded Foundry|Hospitaller|Joinery|Monastery|Pilgrimage Site|Preceptory|Tannery,7,22
"KT/FarmTools/Tower/Cloth [RoPaI, PrM, (EInd, SProw, SPie, NCun), Enduring, Rec 6, Recover 7, Recover 8, Shake+1]|M7",Knight Templar,Farm Tools,Tower Shield,Cloth,,False,25,"Recover 8,Enduring,Parry,Shake +1,Recover 7,Resolute,Recover 6,Immune Blocked,Immune Strain",2700,,False,Abbey|Alchemy|Apothecary|Blacksmith|Carpentry|Forge|Furnace|Herb Garden|Hospitaller|Infirmary|Joinery|Monastery|Pilgrimage Site|Preceptory|Royal Pavilion,7,26
"KT/FarmTools/Cloth [PrM, (NInd, EProw, SPie, RCun), Enduring, Nimble, Poison, Rec 6, Recover 7, Recover 8, Shake+1]|M7",Knight Templar,Farm Tools,,Cloth,,False,25,"Recover 8,Enduring,Nimble,Poison,Shake +1,Recover 6,Resolute,Recover 7,Immune Blocked,Parry",2800,,False,Abbey|Academy|Alchemy|Apothecary|Conditioning Field|Herb Garden|Hospitaller|Infirmary|Monastery|Pilgrimage Site|Preceptory|Toxicarium,7,19
"KT/Spears/Cloth [PrM, (NInd, EProw, SPie, NCun), Nimble, Rec 6, Recover 8, Shake+1]|M7",Knight Templar,Spears,,Cloth,,False,25,"Immune Blocked,Recover 8,Nimble,Parry,Shake +1,Recover 6,Resolute",3000,,False,Abbey|Apothecary|Conditioning Field|Furnace|Herb Garden|Hospitaller|Monastery|Pilgrimage Site|Preceptory,7,16
"KT/Lance/Kite/FullPlate [PrM, (EInd, EProw, SPie, NCun), Nimble, Rec 6, Shake+1, Temp]|M7",Knight Templar,Lance,Kite Shield,Full Plate,,False,25,"Immune Blocked,Nimble,Parry,Shake +1,Tempered,Recover 6,Resolute",2400,,False,Abbey|Animal Husbandry|Armory|Blacksmith|Carpentry|Conditioning Field|Forge|Furnace|Gilded Foundry|Hospitaller|Joinery|Monastery|Pilgrimage Site|Preceptory|Tannery,7,22
"KT/Flail/Tower/FullPlate [PrM, (EInd, EProw, SPie, NCun), Nimble, Rec 6, Shake+1, Temp]|M7",Knight Templar,Flail,Tower Shield,Full Plate,,False,25,"Immune Blocked,Nimble,Parry,Shake +1,Tempered,Recover 6,Resolute",2400,,False,Abbey|Animal Husbandry|Armory|Blacksmith|Carpentry|Conditioning Field|Forge|Furnace|Gilded Foundry|Hospitaller|Joinery|Monastery|Pilgrimage Site|Preceptory|Tannery,7,22
"KT/Cudgel/Leather [PrM, (NInd, EProw, SPie, NCun), Nimble, Rec 6, Recover 8, Shake+1]|M7",Knight Templar,Cudgel,,Leather,,False,25,"Immune Blocked,Recover 8,Nimble,Parry,Shake +1,Recover 6,Resolute",2800,,False,Abbey|Animal Husbandry|Apothecary|Conditioning Field|Herb Garden|Hospitaller|Monastery|Pilgrimage Site|Preceptory|Tannery,7,16
"KT/Cudgel+HuntBow/Cloth (TY) [PrM, (NInd, EProw, SPie, NCun), Florentine, ImmU, Nimble, Rec 6, Shake+1]|M7",Knight Templar,Cudgel,,Cloth,Hunting Bow,True,25,"Nimble,Shake +1,Recover 6,Resolute,Immune Blocked,Parry,Immune Unwieldy,Florentine",2800,,False,Abbey|Carpentry|Coliseum|Conditioning Field|Fletchery|Hospitaller|Monastery|Pilgrimage Site|Preceptory|Tiltyard,7,16
"KT/Lance/Targe/FullPlate [PrM, (EInd, EProw, SPie, NCun), Nimble, Rec 6, Shake+1, Temp]|M7",Knight Templar,Lance,Targe Shield,Full Plate,,False,25,"Immune Blocked,Nimble,Parry,Shake +1,Tempered,Recover 6,Resolute",2400,,False,Abbey|Animal Husbandry|Armory|Blacksmith|Carpentry|Conditioning Field|Forge|Furnace|Gilded Foundry|Hospitaller|Joinery|Monastery|Pilgrimage Site|Preceptory|Tannery,7,22
"KT/Cavalry Spear/Targe/Cloth [PrM, (RInd, EProw, SPie, NCun), Nimble, Rec 6, Recover 8, Shake+1]|M8",Knight Templar,Cavalry Spear,Targe Shield,Cloth,,False,25,"Immune Blocked,Recover 8,Nimble,Parry,Shake +1,Recover 6,Resolute",2800,,False,Abbey|Apothecary|Blacksmith|Carpentry|Conditioning Field|Furnace|Herb Garden|Hospitaller|Joinery|Monastery|Pilgrimage Site|Preceptory,8,19
"KT/WarHammer/Cloth [PrM, (EInd, EProw, SPie, NCun), Enduring, Nimble, Rec 6, Recover 7, Recover 8, Serr, Shake+1]|M8",Knight Templar,War Hammer,,Cloth,,False,25,"Recover 8,Nimble,Enduring,Parry,Shake +1,Recover 6,Resolute,Recover 7,Immune Blocked,Serrated",2700,,False,Abbey|Alchemy|Apothecary|Blacksmith|Conditioning Field|Forge|Furnace|Herb Garden|Hospitaller|Infirmary|Master Workshop|Monastery|Pilgrimage Site|Preceptory|Stable,8,22
"KT/Lance/Buckler/Chain [PrM, (EInd, EProw, SPie, NCun), Enduring, Nimble, Rec 6, Recover 7, Recover 8, Shake+1]|M8",Knight Templar,Lance,Buckler Shield,Chainmail,,False,25,"Recover 8,Enduring,Nimble,Shake +1,Recover 6,Resolute,Recover 7,Immune Blocked,Parry",2300,,False,Abbey|Alchemy|Animal Husbandry|Apothecary|Armory|Blacksmith|Carpentry|Conditioning Field|Forge|Furnace|Herb Garden|Hospitaller|Infirmary|Joinery|Monastery|Pilgrimage Site|Preceptory|Tannery,8,22
"KT/Lance/Kite/Chain [PrM, (EInd, EProw, SPie, NCun), Enduring, Nimble, Rec 6, Recover 7, Recover 8, Shake+1]|M8",Knight Templar,Lance,Kite Shield,Chainmail,,False,25,"Recover 8,Enduring,Nimble,Shake +1,Recover 6,Resolute,Recover 7,Immune Blocked,Parry",2300,,False,Abbey|Alchemy|Animal Husbandry|Apothecary|Armory|Blacksmith|Carpentry|Conditioning Field|Forge|Furnace|Herb Garden|Hospitaller|Infirmary|Joinery|Monastery|Pilgrimage Site|Preceptory|Tannery,8,22
"KT/Flail/Kite/Cloth [PrM, OuInPoI, (RInd, EProw, SPie, SCun), Enduring, Rec 6, Recover 7, Recover 8, Shake+1]|M8",Knight Templar,Flail,Kite Shield,Cloth,,False,25,"Recover 8,Enduring,confers:Strain,Outrider: once,Shake +1,Recover 6,Resolute,Recover 7,Immune Blocked,confers:Blocked,Parry",2300,,False,Abbey|Alchemy|Apothecary|Armory|Blacksmith|Carpentry|Furnace|Herb Garden|Hospitaller|Infirmary|Joinery|Monastery|Outrider Intercept Post|Pilgrimage Site|Preceptory|Tannery,8,29
"KT/Cavalry Spear/Buckler/FullPlate [PrM, (EInd, EProw, SPie, NCun), Enduring, Nimble, Rec 6, Recover 7, Recover 8, Shake+1, Temp]|M8",Knight Templar,Cavalry Spear,Buckler Shield,Full Plate,,False,25,"Recover 8,Enduring,Nimble,Shake +1,Recover 6,Resolute,Recover 7,Immune Blocked,Parry,Tempered",2300,,False,Abbey|Alchemy|Animal Husbandry|Apothecary|Armory|Blacksmith|Carpentry|Conditioning Field|Furnace|Gilded Foundry|Herb Garden|Hospitaller|Infirmary|Joinery|Monastery|Pilgrimage Site|Preceptory|Tannery,8,22
"KT/FarmTools/Tower/Cloth [PrM, (EInd, EProw, SPie, NCun), Nimble, Rec 6, Recover 8, Shake+1]|M8",Knight Templar,Farm Tools,Tower Shield,Cloth,,False,25,"Immune Blocked,Recover 8,Nimble,Parry,Shake +1,Recover 6,Resolute",2800,,False,Abbey|Apothecary|Blacksmith|Carpentry|Conditioning Field|Forge|Furnace|Herb Garden|Hospitaller|Joinery|Monastery|Pilgrimage Site|Preceptory,8,22
"KT/Arming+Longbow/Tower/Cloth (TY) [PrM, (EInd, EProw, SPie, NCun), Florentine, ImmU, Nimble, Rec 6, Shake+1]|M8",Knight Templar,Arming Sword,Tower Shield,Cloth,Longbow,True,25,"Nimble,Shake +1,Recover 6,Resolute,Immune Blocked,Parry,Immune Unwieldy,Florentine",2600,,False,Abbey|Blacksmith|Carpentry|Coliseum|Conditioning Field|Fletchery|Forge|Furnace|Hospitaller|Joinery|Monastery|Pilgrimage Site|Preceptory|Tiltyard,8,22
"KT/Pike+Longbow/Cloth (TY) [PrM, (RInd, EProw, SPie, NCun), Florentine, ImmU, Nimble, Rec 6, Riposte, Shake+1]|M8",Knight Templar,Pike,,Cloth,Longbow,True,25,"Nimble,Shake +1,Recover 6,Improved Parry,Resolute,Immune Blocked,Riposte,Parry,Immune Unwieldy,Florentine",2800,,False,Abbey|Blacksmith|Carpentry|Coliseum|Conditioning Field|Fletchery|Furnace|Grand Tournament|Hospitaller|Monastery|Pilgrimage Site|Preceptory|Tiltyard,8,19
"KT/Cudgel/FullPlate [RoPaM, PrM, (EInd, SProw, SPie, NCun), Enduring, Improved Parry, Rec 6, Recover 7, Recover 8, Shake+1, Temp]|M8",Knight Templar,Cudgel,,Full Plate,,False,25,"Recover 8,Enduring,Parry,Drilled,Shake +1,Recover 6,Resolute,Improved Parry,Recover 7,Immune Blocked,Immune Strain,Tempered",2500,,False,Abbey|Alchemy|Animal Husbandry|Apothecary|Armory|Blacksmith|Furnace|Gilded Foundry|Grand Tournament|Herb Garden|Hospitaller|Infirmary|Monastery|Pilgrimage Site|Preceptory|Royal Pavilion|Tannery|Tiltyard,8,26
"KT/Pitchfork+Crossbow/Cloth (TY) [PrM, (EInd, EProw, SPie, NCun), Florentine, ImmU, Nimble, Rec 6, Riposte, Shake+1]|M8",Knight Templar,Pitchfork,,Cloth,Crossbow,True,25,"Nimble,Shake +1,Recover 6,Improved Parry,Resolute,Immune Blocked,Riposte,Parry,Immune Unwieldy,Florentine",2800,,False,Abbey|Blacksmith|Carpentry|Coliseum|Conditioning Field|Fletchery|Forge|Furnace|Grand Tournament|Hospitaller|Monastery|Pilgrimage Site|Preceptory|Tiltyard,8,22
"KT/Arming+Javelin/Tower/Cloth (TY) [PrM, (EInd, EProw, SPie, NCun), Florentine, ImmU, Nimble, Rec 6, Shake+1]|M8",Knight Templar,Arming Sword,Tower Shield,Cloth,Javelin,True,25,"Nimble,Shake +1,Recover 6,Resolute,Immune Blocked,Parry,Immune Unwieldy,Florentine",2600,,False,Abbey|Blacksmith|Carpentry|Coliseum|Conditioning Field|Fletchery|Forge|Furnace|Hospitaller|Joinery|Monastery|Pilgrimage Site|Preceptory|Tiltyard,8,22
"KT/ShortSword/Tower/FullPlate [PrM, MiMiStM, (EInd, SProw, SPie, NCun), Rec 6, Shake+1, Temp]|M8",Knight Templar,Short Sword,Tower Shield,Full Plate,,False,25,"Seize: first,Parry,Shake +1,Recover 6,Resolute,Improved Parry,+1I,Immune Blocked,Crit 7,MaxInit3,Tempered",2400,,False,Abbey|Animal Husbandry|Armory|Blacksmith|Carpentry|Forge|Furnace|Gilded Foundry|Hospitaller|Joinery|Ministry of Military Strategy|Monastery|Pilgrimage Site|Preceptory|Tannery|University|War College,8,26
"KT/Flail+Longbow/Tower/Cloth (TY) [PrM, (EInd, EProw, SPie, NCun), Florentine, ImmU, Nimble, Rec 6, Shake+1]|M8",Knight Templar,Flail,Tower Shield,Cloth,Longbow,True,25,"Nimble,Shake +1,Recover 6,Resolute,Immune Blocked,Parry,Immune Unwieldy,Florentine",2600,,False,Abbey|Blacksmith|Carpentry|Coliseum|Conditioning Field|Fletchery|Forge|Furnace|Hospitaller|Joinery|Monastery|Pilgrimage Site|Preceptory|Tiltyard,8,22
"KT/Crossbow/Cloth [PrM, (EInd, EProw, SPie, NCun), Florentine, ImmU, Nimble, Rec 6, Shake+1]|M8",Knight Templar,Farm Tools,,Cloth,Crossbow,True,25,"Nimble,Shake +1,Recover 6,Resolute,Immune Blocked,Parry,Immune Unwieldy,Florentine",2800,,False,Abbey|Blacksmith|Carpentry|Coliseum|Conditioning Field|Fletchery|Forge|Furnace|Hospitaller|Monastery|Pilgrimage Site|Preceptory|Tiltyard,8,22
"KT/2HBastard+Javelin/Cloth (TY) [PrM, (EInd, EProw, SPie, NCun), Florentine, ImmU, Nimble, Rec 6, Shake+1]|M8",Knight Templar,2HBastard,,Cloth,Javelin,True,25,"Nimble,Shake +1,Recover 6,Resolute,Immune Blocked,Parry,Immune Unwieldy,Florentine",2800,,False,Abbey|Blacksmith|Carpentry|Coliseum|Conditioning Field|Fletchery|Forge|Furnace|Hospitaller|Monastery|Pilgrimage Site|Preceptory|Tiltyard,8,22
"KT/BattleAxe+Crossbow/Cloth (TY) [RoPaM, PrM, (EInd, SProw, SPie, NCun), Florentine, ImmU, Nimble, Rec 6, Riposte, Shake+1]|M8",Knight Templar,Battle Axe,,Cloth,Crossbow,True,25,"Nimble,Parry,Drilled,Shake +1,Recover 6,Resolute,Improved Parry,Immune Blocked,Riposte,Immune Strain,Immune Unwieldy,Florentine",2800,,False,Abbey|Blacksmith|Carpentry|Coliseum|Conditioning Field|Fletchery|Forge|Furnace|Grand Tournament|Hospitaller|Monastery|Pilgrimage Site|Preceptory|Royal Pavilion|Tiltyard,8,26
"KT/WarHammer+Longbow/Cloth (TY) [PrM, (EInd, EProw, SPie, NCun), Florentine, ImmU, Nimble, Rec 6, Shake+1]|M8",Knight Templar,War Hammer,,Cloth,Longbow,True,25,"Nimble,Shake +1,Recover 6,Resolute,Immune Blocked,Parry,Immune Unwieldy,Florentine",2800,,False,Abbey|Blacksmith|Carpentry|Coliseum|Conditioning Field|Fletchery|Forge|Furnace|Hospitaller|Monastery|Pilgrimage Site|Preceptory|Tiltyard,8,22
"KT/ShortSword/Tower/Chain [PrM, MiMiStI, (EInd, SProw, SPie, NCun), Enduring, Rec 6, Recover 7, Recover 8, Shake+1]|M8",Knight Templar,Short Sword,Tower Shield,Chainmail,,False,25,"Recover 8,Seize: first,Enduring,Parry,Shake +1,Recover 6,Resolute,Recover 7,+1I,Immune Blocked,MaxInit3",2300,,False,Abbey|Alchemy|Animal Husbandry|Apothecary|Armory|Blacksmith|Carpentry|Forge|Furnace|Herb Garden|Hospitaller|Infirmary|Joinery|Ministry of Military Strategy|Monastery|Pilgrimage Site|Preceptory|Tannery,8,26
"KT/WarHammer/FullPlate [PrM, OuInPoI, (EInd, EProw, SPie, SCun), Rec 6, Recover 8, Shake+1, Temp]|M8",Knight Templar,War Hammer,,Full Plate,,False,25,"Recover 8,confers:Strain,Outrider: once,Shake +1,Recover 6,Resolute,Immune Blocked,confers:Blocked,Parry,Tempered",2600,,False,Abbey|Animal Husbandry|Apothecary|Armory|Blacksmith|Forge|Furnace|Gilded Foundry|Herb Garden|Hospitaller|Monastery|Outrider Intercept Post|Pilgrimage Site|Preceptory|Tannery,8,32
"KT/Morningstar+Longbow/Tower/Cloth (TY) [PrM, (EInd, EProw, SPie, NCun), Florentine, ImmU, Nimble, Rec 6, Shake+1]|M8",Knight Templar,Morningstar,Tower Shield,Cloth,Longbow,True,25,"Nimble,Shake +1,Recover 6,Resolute,Immune Blocked,Parry,Immune Unwieldy,Florentine",2600,,False,Abbey|Blacksmith|Carpentry|Coliseum|Conditioning Field|Fletchery|Forge|Furnace|Hospitaller|Joinery|Monastery|Pilgrimage Site|Preceptory|Tiltyard,8,22
"KT/Poleaxe/Gothic [ABFM, PrM, (SInd, EProw, SPie, NCun), Nimble, Rec 6, Serr, Shake+1, Temp]|M8",Knight Templar,Poleaxe,,Gothic Plate,,False,25,"Nimble,ABF,Parry,Shake +1,Recover 6,Resolute,Immune Blocked,Serrated,Tempered",1900,,False,ABF|Abbey|Animal Husbandry|Armory|Blacksmith|Conditioning Field|Forge|Furnace|Gilded Foundry|Hospitaller|Master Workshop|Monastery|Pilgrimage Site|Preceptory|Stable|Tannery,8,26
"KT/Cavalry Spear/Kite/Cloth [PrM, (RInd, EProw, SPie, NCun), Enduring, Nimble, Rec 6, Recover 7, Recover 8, Shake+1]|M8",Knight Templar,Cavalry Spear,Kite Shield,Cloth,,False,25,"Recover 8,Enduring,Nimble,Shake +1,Recover 6,Resolute,Recover 7,Immune Blocked,Parry",2300,,False,Abbey|Alchemy|Apothecary|Armory|Blacksmith|Carpentry|Conditioning Field|Furnace|Herb Garden|Hospitaller|Infirmary|Joinery|Monastery|Pilgrimage Site|Preceptory|Tannery,8,19
"KT/Arming+Crossbow/Tower/Cloth (TY) [PrM, (EInd, EProw, SPie, NCun), Florentine, ImmU, Nimble, Rec 6, Shake+1]|M8",Knight Templar,Arming Sword,Tower Shield,Cloth,Crossbow,True,25,"Nimble,Shake +1,Recover 6,Resolute,Immune Blocked,Parry,Immune Unwieldy,Florentine",2600,,False,Abbey|Blacksmith|Carpentry|Coliseum|Conditioning Field|Fletchery|Forge|Furnace|Hospitaller|Joinery|Monastery|Pilgrimage Site|Preceptory|Tiltyard,8,22
"KT/Pike/FullPlate [PrM, (EInd, EProw, SPie, NCun), Nimble, Rec 6, Recover 8, Shake+1, Temp]|M8",Knight Templar,Pike,,Full Plate,,False,25,"Recover 8,Nimble,Shake +1,Recover 6,Resolute,Immune Blocked,Parry,Tempered",2600,,False,Abbey|Animal Husbandry|Apothecary|Armory|Blacksmith|Conditioning Field|Furnace|Gilded Foundry|Herb Garden|Hospitaller|Monastery|Pilgrimage Site|Preceptory|Tannery,8,22
"KT/Pitchfork+Crossbow/Cloth (TY) [PrM, (EInd, EProw, SPie, NCun), Florentine, ImmU, Nimble, Rec 6, Shake+1]|M8",Knight Templar,Pitchfork,,Cloth,Crossbow,True,25,"Nimble,Shake +1,Recover 6,Resolute,Immune Blocked,Parry,Immune Unwieldy,Florentine",2800,,False,Abbey|Blacksmith|Carpentry|Coliseum|Conditioning Field|Fletchery|Forge|Furnace|Hospitaller|Monastery|Pilgrimage Site|Preceptory|Tiltyard,8,22
"KT/FarmTools/Buckler/Chain [PrM, MiMiStM, (RInd, SProw, SPie, NCun), Rec 6, Shake+1]|M8",Knight Templar,Farm Tools,Buckler Shield,Chainmail,,False,25,"Seize: first,Parry,Shake +1,Recover 6,Improved Parry,Resolute,+1I,Immune Blocked,Crit 7,MaxInit3",2400,,False,Abbey|Animal Husbandry|Armory|Blacksmith|Carpentry|Furnace|Hospitaller|Joinery|Ministry of Military Strategy|Monastery|Pilgrimage Site|Preceptory|Tannery|University|War College,8,23
"KT/Pitchfork/Chain [PrM, (RInd, EProw, SPie, NCun), Nimble, Rec 6, Recover 8, Shake+1]|M8",Knight Templar,Pitchfork,,Chainmail,,False,25,"Immune Blocked,Recover 8,Nimble,Parry,Shake +1,Recover 6,Resolute",2600,,False,Abbey|Animal Husbandry|Apothecary|Armory|Blacksmith|Conditioning Field|Furnace|Herb Garden|Hospitaller|Monastery|Pilgrimage Site|Preceptory|Tannery,8,19
"KT/Poleaxe/FullPlate [ABFM, PrM, (SInd, EProw, SPie, NCun), Nimble, Rec 6, Serr, Shake+1, Temp]|M8",Knight Templar,Poleaxe,,Full Plate,,False,25,"Nimble,ABF,Parry,Shake +1,Recover 6,Resolute,Immune Blocked,Serrated,Tempered",1900,,False,ABF|Abbey|Animal Husbandry|Armory|Blacksmith|Conditioning Field|Forge|Furnace|Gilded Foundry|Hospitaller|Master Workshop|Monastery|Pilgrimage Site|Preceptory|Stable|Tannery,8,26
"KT/2HBastard/Gothic [ABFM, PrM, (SInd, EProw, SPie, NCun), Nimble, Rec 6, Riposte, Serr, Shake+1, Temp]|M8",Knight Templar,2HBastard,,Gothic Plate,,False,25,"Nimble,ABF,Parry,Shake +1,Recover 6,Improved Parry,Resolute,Immune Blocked,Riposte,Serrated,Tempered",1900,,False,ABF|Abbey|Animal Husbandry|Armory|Blacksmith|Coliseum|Conditioning Field|Forge|Furnace|Gilded Foundry|Grand Tournament|Hospitaller|Master Workshop|Monastery|Pilgrimage Site|Preceptory|Stable|Tannery,8,26
"KT/Arming/Tower/FullPlate [PrM, (EInd, EProw, SPie, NCun), Enduring, Nimble, Rec 6, Recover 7, Recover 8, Shake+1, Temp]|M8",Knight Templar,Arming Sword,Tower Shield,Full Plate,,False,25,"Recover 8,Enduring,Nimble,Shake +1,Recover 6,Resolute,Recover 7,Immune Blocked,Parry,Tempered",2300,,False,Abbey|Alchemy|Animal Husbandry|Apothecary|Armory|Blacksmith|Carpentry|Conditioning Field|Forge|Furnace|Gilded Foundry|Herb Garden|Hospitaller|Infirmary|Joinery|Monastery|Pilgrimage Site|Preceptory|Tannery,8,22
"KT/Arming/Kite/FullPlate [PrM, (EInd, EProw, SPie, NCun), Enduring, Nimble, Rec 6, Recover 7, Recover 8, Shake+1, Temp]|M8",Knight Templar,Arming Sword,Kite Shield,Full Plate,,False,25,"Recover 8,Enduring,Nimble,Shake +1,Recover 6,Resolute,Recover 7,Immune Blocked,Parry,Tempered",2300,,False,Abbey|Alchemy|Animal Husbandry|Apothecary|Armory|Blacksmith|Carpentry|Conditioning Field|Furnace|Gilded Foundry|Herb Garden|Hospitaller|Infirmary|Joinery|Monastery|Pilgrimage Site|Preceptory|Tannery,8,22
"KT/Lance/Kite/Cloth [PrM, (EInd, EProw, SPie, NCun), Enduring, Nimble, Rec 6, Recover 7, Recover 8, Shake+1]|M8",Knight Templar,Lance,Kite Shield,Cloth,,False,25,"Recover 8,Enduring,Nimble,Shake +1,Recover 6,Resolute,Recover 7,Immune Blocked,Parry",2300,,False,Abbey|Alchemy|Apothecary|Armory|Blacksmith|Carpentry|Conditioning Field|Forge|Furnace|Herb Garden|Hospitaller|Infirmary|Joinery|Monastery|Pilgrimage Site|Preceptory|Tannery,8,22
"KT/Lance/Kite/Leather [PrM, (EInd, EProw, SPie, NCun), Enduring, Nimble, Rec 6, Recover 7, Recover 8, Riposte, Shake+1]|M8",Knight Templar,Lance,Kite Shield,Leather,,False,25,"Recover 8,Enduring,Nimble,Shake +1,Recover 6,Resolute,Improved Parry,Recover 7,Immune Blocked,Riposte,Parry",2300,,False,Abbey|Alchemy|Animal Husbandry|Apothecary|Armory|Blacksmith|Carpentry|Coliseum|Conditioning Field|Forge|Furnace|Grand Tournament|Herb Garden|Hospitaller|Infirmary|Joinery|Monastery|Pilgrimage Site|Preceptory|Tannery,8,22
"KT/Halberd+Javelin/Cloth (TY) [PrM, (RInd, EProw, SPie, NCun), Florentine, ImmU, Nimble, Rec 6, Shake+1]|M8",Knight Templar,Halberd,,Cloth,Javelin,True,25,"Nimble,Shake +1,Recover 6,Resolute,Immune Blocked,Parry,Immune Unwieldy,Florentine",2800,,False,Abbey|Blacksmith|Carpentry|Coliseum|Conditioning Field|Fletchery|Furnace|Hospitaller|Monastery|Pilgrimage Site|Preceptory|Tiltyard,8,19
"KT/Lance/Targe/Cloth [PrM, (EInd, EProw, SPie, NCun), Nimble, Rec 6, Recover 8, Shake+1]|M8",Knight Templar,Lance,Targe Shield,Cloth,,False,25,"Immune Blocked,Recover 8,Nimble,Parry,Shake +1,Recover 6,Resolute",2800,,False,Abbey|Apothecary|Blacksmith|Carpentry|Conditioning Field|Forge|Furnace|Herb Garden|Hospitaller|Joinery|Monastery|Pilgrimage Site|Preceptory,8,22
"KT/Flail+Crossbow/Cloth (TY) [PrM, (EInd, EProw, SPie, NCun), Florentine, ImmU, Nimble, Rec 6, Shake+1]|M8",Knight Templar,Flail,,Cloth,Crossbow,True,25,"Nimble,Shake +1,Recover 6,Resolute,Immune Blocked,Parry,Immune Unwieldy,Florentine",2800,,False,Abbey|Blacksmith|Carpentry|Coliseum|Conditioning Field|Fletchery|Forge|Furnace|Hospitaller|Monastery|Pilgrimage Site|Preceptory|Tiltyard,8,22
"KT/Flail+HuntBow/Tower/Cloth (TY) [PrM, (EInd, EProw, SPie, NCun), Florentine, ImmU, Nimble, Rec 6, Shake+1]|M8",Knight Templar,Flail,Tower Shield,Cloth,Hunting Bow,True,25,"Nimble,Shake +1,Recover 6,Resolute,Immune Blocked,Parry,Immune Unwieldy,Florentine",2600,,False,Abbey|Blacksmith|Carpentry|Coliseum|Conditioning Field|Fletchery|Forge|Furnace|Hospitaller|Joinery|Monastery|Pilgrimage Site|Preceptory|Tiltyard,8,22
"KT/Halberd/Cloth [PrM, (RInd, EProw, SPie, RCun), Enduring, Nimble, Poison, Rec 6, Recover 7, Recover 8, Shake+1]|M8",Knight Templar,Halberd,,Cloth,,False,25,"Recover 8,Nimble,Enduring,Poison,Shake +1,Recover 6,Resolute,Recover 7,Immune Blocked,Parry",2800,,False,Abbey|Academy|Alchemy|Apothecary|Blacksmith|Conditioning Field|Furnace|Herb Garden|Hospitaller|Infirmary|Monastery|Pilgrimage Site|Preceptory|Toxicarium,8,22
"KT/Flail/Kite/FullPlate [PrM, (EInd, EProw, SPie, NCun), Enduring, Nimble, Rec 6, Recover 7, Recover 8, Riposte, Shake+1, Temp]|M8",Knight Templar,Flail,Kite Shield,Full Plate,,False,25,"Recover 8,Enduring,Nimble,Shake +1,Recover 6,Resolute,Improved Parry,Recover 7,Immune Blocked,Riposte,Parry,Tempered",2300,,False,Abbey|Alchemy|Animal Husbandry|Apothecary|Armory|Blacksmith|Carpentry|Coliseum|Conditioning Field|Furnace|Gilded Foundry|Grand Tournament|Herb Garden|Hospitaller|Infirmary|Joinery|Monastery|Pilgrimage Site|Preceptory|Tannery,8,22
"KT/BattleAxe/FullPlate [PrM, (EInd, EProw, SPie, NCun), Nimble, Rec 6, Recover 8, Shake+1, Temp]|M8",Knight Templar,Battle Axe,,Full Plate,,False,25,"Recover 8,Nimble,Shake +1,Recover 6,Resolute,Immune Blocked,Parry,Tempered",2600,,False,Abbey|Animal Husbandry|Apothecary|Armory|Blacksmith|Conditioning Field|Furnace|Gilded Foundry|Herb Garden|Hospitaller|Monastery|Pilgrimage Site|Preceptory|Tannery,8,22
"KT/Pike+Javelin/Cloth (TY) [PrM, (RInd, EProw, SPie, NCun), Florentine, ImmU, Nimble, Rec 6, Shake+1]|M8",Knight Templar,Pike,,Cloth,Javelin,True,25,"Nimble,Shake +1,Recover 6,Resolute,Immune Blocked,Parry,Immune Unwieldy,Florentine",2800,,False,Abbey|Blacksmith|Carpentry|Coliseum|Conditioning Field|Fletchery|Furnace|Hospitaller|Monastery|Pilgrimage Site|Preceptory|Tiltyard,8,19
"KT/ShortSword/Targe/Leather [PrM, (RInd, EProw, SPie, NCun), Enduring, Nimble, Rec 6, Recover 7, Recover 8, Shake+1]|M8",Knight Templar,Short Sword,Targe Shield,Leather,,False,25,"Recover 8,Enduring,Nimble,Shake +1,Recover 6,Resolute,Recover 7,Immune Blocked,Parry",2500,,False,Abbey|Alchemy|Animal Husbandry|Apothecary|Blacksmith|Carpentry|Conditioning Field|Furnace|Herb Garden|Hospitaller|Infirmary|Joinery|Monastery|Pilgrimage Site|Preceptory|Tannery,8,19
"KT/Pitchfork+Javelin/Cloth (TY) [PrM, (RInd, EProw, SPie, NCun), Florentine, ImmU, Nimble, Rec 6, Shake+1]|M8",Knight Templar,Pitchfork,,Cloth,Javelin,True,25,"Nimble,Shake +1,Recover 6,Resolute,Immune Blocked,Parry,Immune Unwieldy,Florentine",2800,,False,Abbey|Blacksmith|Carpentry|Coliseum|Conditioning Field|Fletchery|Furnace|Hospitaller|Monastery|Pilgrimage Site|Preceptory|Tiltyard,8,19
"KT/Morningstar/Tower/Chain [PrM, (EInd, EProw, SPie, NCun), Enduring, Nimble, Rec 6, Recover 7, Recover 8, Shake+1]|M8",Knight Templar,Morningstar,Tower Shield,Chainmail,,False,25,"Recover 8,Enduring,Nimble,Shake +1,Recover 6,Resolute,Recover 7,Immune Blocked,Parry",2300,,False,Abbey|Alchemy|Animal Husbandry|Apothecary|Armory|Blacksmith|Carpentry|Conditioning Field|Forge|Furnace|Herb Garden|Hospitaller|Infirmary|Joinery|Monastery|Pilgrimage Site|Preceptory|Tannery,8,22
"KT/Cavalry Spear/Buckler/Leather [PrM, (RInd, EProw, SPie, NCun), Enduring, Nimble, Rec 6, Recover 7, Recover 8, Shake+1]|M8",Knight Templar,Cavalry Spear,Buckler Shield,Leather,,False,25,"Recover 8,Enduring,Nimble,Shake +1,Recover 6,Resolute,Recover 7,Immune Blocked,Parry",2500,,False,Abbey|Alchemy|Animal Husbandry|Apothecary|Blacksmith|Carpentry|Conditioning Field|Furnace|Herb Garden|Hospitaller|Infirmary|Joinery|Monastery|Pilgrimage Site|Preceptory|Tannery,8,19
"KT/Flail/Kite/FullPlate [PrM, (EInd, EProw, SPie, NCun), Enduring, Nimble, Rec 6, Recover 7, Recover 8, Shake+1, Temp]|M8",Knight Templar,Flail,Kite Shield,Full Plate,,False,25,"Recover 8,Enduring,Nimble,Shake +1,Recover 6,Resolute,Recover 7,Immune Blocked,Parry,Tempered",2300,,False,Abbey|Alchemy|Animal Husbandry|Apothecary|Armory|Blacksmith|Carpentry|Conditioning Field|Furnace|Gilded Foundry|Herb Garden|Hospitaller|Infirmary|Joinery|Monastery|Pilgrimage Site|Preceptory|Tannery,8,22
"KT/Pike+Longbow/Cloth (TY) [PrM, (RInd, EProw, SPie, NCun), Florentine, ImmU, Nimble, Rec 6, Shake+1]|M8",Knight Templar,Pike,,Cloth,Longbow,True,25,"Nimble,Shake +1,Recover 6,Resolute,Immune Blocked,Parry,Immune Unwieldy,Florentine",2800,,False,Abbey|Blacksmith|Carpentry|Coliseum|Conditioning Field|Fletchery|Furnace|Hospitaller|Monastery|Pilgrimage Site|Preceptory|Tiltyard,8,19
"KT/ShortSword/Kite/Leather [PrM, MiMiStM, (RInd, SProw, SPie, NCun), Rec 6, Shake+1]|M8",Knight Templar,Short Sword,Kite Shield,Leather,,False,25,"Seize: first,Parry,Shake +1,Recover 6,Improved Parry,Resolute,+1I,Immune Blocked,Crit 7,MaxInit3",2400,,False,Abbey|Animal Husbandry|Armory|Blacksmith|Carpentry|Furnace|Hospitaller|Joinery|Ministry of Military Strategy|Monastery|Pilgrimage Site|Preceptory|Tannery|University|War College,8,23
"KT/Bastard+HuntBow/Tower/Cloth (TY) [PrM, (EInd, EProw, SPie, NCun), Florentine, ImmU, Nimble, Rec 6, Shake+1]|M8",Knight Templar,Bastard Sword,Tower Shield,Cloth,Hunting Bow,True,25,"Nimble,Shake +1,Recover 6,Resolute,Immune Blocked,Parry,Immune Unwieldy,Florentine",2600,,False,Abbey|Blacksmith|Carpentry|Coliseum|Conditioning Field|Fletchery|Forge|Furnace|Hospitaller|Joinery|Monastery|Pilgrimage Site|Preceptory|Tiltyard,8,22
"KT/Arming/Kite/Cloth [PrM, (RInd, EProw, SPie, NCun), Enduring, Nimble, Rec 6, Recover 7, Recover 8, Shake+1]|M8",Knight Templar,Arming Sword,Kite Shield,Cloth,,False,25,"Recover 8,Enduring,Nimble,Shake +1,Recover 6,Resolute,Recover 7,Immune Blocked,Parry",2300,,False,Abbey|Alchemy|Apothecary|Armory|Blacksmith|Carpentry|Conditioning Field|Furnace|Herb Garden|Hospitaller|Infirmary|Joinery|Monastery|Pilgrimage Site|Preceptory|Tannery,8,19
"KT/Lance/Kite/Chain [PrM, (EInd, EProw, SPie, NCun), Enduring, Nimble, Rec 6, Recover 7, Recover 8, Riposte, Shake+1]|M8",Knight Templar,Lance,Kite Shield,Chainmail,,False,25,"Recover 8,Enduring,Nimble,Shake +1,Recover 6,Resolute,Improved Parry,Recover 7,Immune Blocked,Riposte,Parry",2300,,False,Abbey|Alchemy|Animal Husbandry|Apothecary|Armory|Blacksmith|Carpentry|Coliseum|Conditioning Field|Forge|Furnace|Grand Tournament|Herb Garden|Hospitaller|Infirmary|Joinery|Monastery|Pilgrimage Site|Preceptory|Tannery,8,22
"KT/Arming+HuntBow/Tower/Cloth (TY) [PrM, (EInd, EProw, SPie, NCun), Florentine, ImmU, Nimble, Rec 6, Shake+1]|M8",Knight Templar,Arming Sword,Tower Shield,Cloth,Hunting Bow,True,25,"Nimble,Shake +1,Recover 6,Resolute,Immune Blocked,Parry,Immune Unwieldy,Florentine",2600,,False,Abbey|Blacksmith|Carpentry|Coliseum|Conditioning Field|Fletchery|Forge|Furnace|Hospitaller|Joinery|Monastery|Pilgrimage Site|Preceptory|Tiltyard,8,22
"KT/ShortSword+HuntBow/Tower/Cloth (TY) [PrM, (EInd, EProw, SPie, NCun), Florentine, ImmU, Nimble, Rec 6, Shake+1]|M8",Knight Templar,Short Sword,Tower Shield,Cloth,Hunting Bow,True,25,"Nimble,Shake +1,Recover 6,Resolute,Immune Blocked,Parry,Immune Unwieldy,Florentine",2600,,False,Abbey|Blacksmith|Carpentry|Coliseum|Conditioning Field|Fletchery|Forge|Furnace|Hospitaller|Joinery|Monastery|Pilgrimage Site|Preceptory|Tiltyard,8,22
"KT/Daggers+HuntBow/Cloth (TY) [PrM, (NInd, EProw, SPie, NCun), Florentine, ImmU, Nimble, Rec 6, Shake+1]|M8",Knight Templar,Daggers,,Cloth,Hunting Bow,True,25,"Nimble,Shake +1,Recover 6,Resolute,Immune Blocked,Parry,Immune Unwieldy,Florentine",2800,,False,Abbey|Carpentry|Coliseum|Conditioning Field|Fletchery|Furnace|Hospitaller|Monastery|Pilgrimage Site|Preceptory|Tiltyard,8,16
"KT/ShortSword/Tower/Chain [PrM, (EInd, EProw, SPie, NCun), Enduring, Nimble, Rec 6, Recover 7, Recover 8, Shake+1]|M8",Knight Templar,Short Sword,Tower Shield,Chainmail,,False,25,"Recover 8,Enduring,Nimble,Shake +1,Recover 6,Resolute,Recover 7,Immune Blocked,Parry",2300,,False,Abbey|Alchemy|Animal Husbandry|Apothecary|Armory|Blacksmith|Carpentry|Conditioning Field|Forge|Furnace|Herb Garden|Hospitaller|Infirmary|Joinery|Monastery|Pilgrimage Site|Preceptory|Tannery,8,22
"KT/Spears/Cloth [PrM, (EInd, EProw, SPie, NCun), Enduring, Nimble, Rec 6, Recover 7, Recover 8, Serr, Shake+1]|M8",Knight Templar,Spears,,Cloth,,False,25,"Recover 8,Nimble,Enduring,Parry,Shake +1,Recover 6,Resolute,Recover 7,Immune Blocked,Serrated",2700,,False,Abbey|Alchemy|Apothecary|Blacksmith|Conditioning Field|Furnace|Herb Garden|Hospitaller|Infirmary|Master Workshop|Monastery|Pilgrimage Site|Preceptory|Stable,8,22
"KT/Arming/Kite/Leather [PrM, (RInd, EProw, SPie, NCun), Enduring, Nimble, Rec 6, Recover 7, Recover 8, Shake+1]|M8",Knight Templar,Arming Sword,Kite Shield,Leather,,False,25,"Recover 8,Enduring,Nimble,Shake +1,Recover 6,Resolute,Recover 7,Immune Blocked,Parry",2300,,False,Abbey|Alchemy|Animal Husbandry|Apothecary|Armory|Blacksmith|Carpentry|Conditioning Field|Furnace|Herb Garden|Hospitaller|Infirmary|Joinery|Monastery|Pilgrimage Site|Preceptory|Tannery,8,19
"KT/Poleaxe/FullPlate [ABFM, PrM, (SInd, EProw, SPie, NCun), Nimble, Rec 6, Riposte, Serr, Shake+1, Temp]|M8",Knight Templar,Poleaxe,,Full Plate,,False,25,"Nimble,ABF,Parry,Shake +1,Recover 6,Improved Parry,Resolute,Immune Blocked,Riposte,Serrated,Tempered",1900,,False,ABF|Abbey|Animal Husbandry|Armory|Blacksmith|Coliseum|Conditioning Field|Forge|Furnace|Gilded Foundry|Grand Tournament|Hospitaller|Master Workshop|Monastery|Pilgrimage Site|Preceptory|Stable|Tannery,8,26
"KT/WarHammer/Cloth [PrM, (EInd, EProw, SPie, NCun), Enduring, Nimble, Rec 6, Recover 7, Recover 8, Shake+1]|M8",Knight Templar,War Hammer,,Cloth,,False,25,"Recover 8,Enduring,Nimble,Shake +1,Recover 6,Resolute,Recover 7,Immune Blocked,Parry",2200,,False,Abbey|Alchemy|Animal Husbandry|Apothecary|Blacksmith|Butchery|Conditioning Field|Forge|Furnace|Herb Garden|Hospitaller|Infirmary|Monastery|Pilgrimage Site|Preceptory|Tannery,8,22
"KT/Pitchfork+HuntBow/Leather (TY) [PrM, (NInd, EProw, SPie, NCun), Florentine, ImmU, Nimble, Rec 6, Shake+1]|M8",Knight Templar,Pitchfork,,Leather,Hunting Bow,True,25,"Nimble,Shake +1,Recover 6,Resolute,Immune Blocked,Parry,Immune Unwieldy,Florentine",2600,,False,Abbey|Animal Husbandry|Carpentry|Coliseum|Conditioning Field|Fletchery|Hospitaller|Monastery|Pilgrimage Site|Preceptory|Tannery|Tiltyard,8,16
"KT/BattleAxe/Cloth [PrM, (RInd, EProw, SPie, RCun), Enduring, Nimble, Poison, Rec 6, Recover 7, Recover 8, Shake+1]|M8",Knight Templar,Battle Axe,,Cloth,,False,25,"Recover 8,Nimble,Enduring,Poison,Shake +1,Recover 6,Resolute,Recover 7,Immune Blocked,Parry",2800,,False,Abbey|Academy|Alchemy|Apothecary|Blacksmith|Conditioning Field|Furnace|Herb Garden|Hospitaller|Infirmary|Monastery|Pilgrimage Site|Preceptory|Toxicarium,8,22
"KT/Daggers+Crossbow/Cloth (TY) [PrM, (EInd, EProw, SPie, NCun), Florentine, ImmU, Nimble, Rec 6, Shake+1]|M8",Knight Templar,Daggers,,Cloth,Crossbow,True,25,"Nimble,Shake +1,Recover 6,Resolute,Immune Blocked,Parry,Immune Unwieldy,Florentine",2800,,False,Abbey|Blacksmith|Carpentry|Coliseum|Conditioning Field|Fletchery|Forge|Furnace|Hospitaller|Monastery|Pilgrimage Site|Preceptory|Tiltyard,8,22
"KT/Bastard/Tower/Leather [PrM, (EInd, EProw, SPie, NCun), Enduring, Nimble, Rec 6, Recover 7, Recover 8, Riposte, Shake+1]|M8",Knight Templar,Bastard Sword,Tower Shield,Leather,,False,25,"Recover 8,Enduring,Nimble,Shake +1,Recover 6,Resolute,Improved Parry,Recover 7,Immune Blocked,Riposte,Parry",2500,,False,Abbey|Alchemy|Animal Husbandry|Apothecary|Blacksmith|Carpentry|Coliseum|Conditioning Field|Forge|Furnace|Grand Tournament|Herb Garden|Hospitaller|Infirmary|Joinery|Monastery|Pilgrimage Site|Preceptory|Tannery,8,22
"KT/Flail/Tower/Chain [PrM, (EInd, EProw, SPie, NCun), Enduring, Nimble, Rec 6, Recover 7, Recover 8, Shake+1]|M8",Knight Templar,Flail,Tower Shield,Chainmail,,False,25,"Recover 8,Enduring,Nimble,Shake +1,Recover 6,Resolute,Recover 7,Immune Blocked,Parry",2300,,False,Abbey|Alchemy|Animal Husbandry|Apothecary|Armory|Blacksmith|Carpentry|Conditioning Field|Forge|Furnace|Herb Garden|Hospitaller|Infirmary|Joinery|Monastery|Pilgrimage Site|Preceptory|Tannery,8,22
"KT/ShortSword/Kite/Leather [PrM, (RInd, EProw, SPie, NCun), Enduring, Nimble, Rec 6, Recover 7, Recover 8, Shake+1]|M8",Knight Templar,Short Sword,Kite Shield,Leather,,False,25,"Recover 8,Enduring,Nimble,Shake +1,Recover 6,Resolute,Recover 7,Immune Blocked,Parry",2300,,False,Abbey|Alchemy|Animal Husbandry|Apothecary|Armory|Blacksmith|Carpentry|Conditioning Field|Furnace|Herb Garden|Hospitaller|Infirmary|Joinery|Monastery|Pilgrimage Site|Preceptory|Tannery,8,19
"KT/Cudgel+Crossbow/Cloth (TY) [PrM, (EInd, EProw, SPie, NCun), Florentine, ImmU, Nimble, Rec 6, Riposte, Shake+1]|M8",Knight Templar,Cudgel,,Cloth,Crossbow,True,25,"Nimble,Shake +1,Recover 6,Improved Parry,Resolute,Immune Blocked,Riposte,Parry,Immune Unwieldy,Florentine",2800,,False,Abbey|Blacksmith|Carpentry|Coliseum|Conditioning Field|Fletchery|Forge|Furnace|Grand Tournament|Hospitaller|Monastery|Pilgrimage Site|Preceptory|Tiltyard,8,22
"KT/Pitchfork/Cloth [PrM, (EInd, EProw, SPie, NCun), Enduring, Nimble, Rec 6, Recover 7, Recover 8, Serr, Shake+1]|M8",Knight Templar,Pitchfork,,Cloth,,False,25,"Recover 8,Nimble,Enduring,Parry,Shake +1,Recover 6,Resolute,Recover 7,Immune Blocked,Serrated",2700,,False,Abbey|Alchemy|Apothecary|Blacksmith|Conditioning Field|Furnace|Herb Garden|Hospitaller|Infirmary|Master Workshop|Monastery|Pilgrimage Site|Preceptory|Stable,8,22
"KT/FarmTools/Buckler/Chain [PrM, (RInd, EProw, SPie, NCun), Enduring, Nimble, Rec 6, Recover 7, Recover 8, Shake+1]|M8",Knight Templar,Farm Tools,Buckler Shield,Chainmail,,False,25,"Recover 8,Enduring,Nimble,Shake +1,Recover 6,Resolute,Recover 7,Immune Blocked,Parry",2300,,False,Abbey|Alchemy|Animal Husbandry|Apothecary|Armory|Blacksmith|Carpentry|Conditioning Field|Furnace|Herb Garden|Hospitaller|Infirmary|Joinery|Monastery|Pilgrimage Site|Preceptory|Tannery,8,19
"KT/WarHammer/Leather [PrM, MiMiStM, (EInd, SProw, SPie, NCun), Enduring, Rec 6, Recover 7, Recover 8, Shake+1]|M8",Knight Templar,War Hammer,,Leather,,False,25,"Recover 8,Seize: first,Enduring,Parry,Shake +1,Recover 6,Resolute,Improved Parry,Recover 7,+1I,Immune Blocked,Crit 7,MaxInit3",2700,,False,Abbey|Alchemy|Animal Husbandry|Apothecary|Blacksmith|Forge|Furnace|Herb Garden|Hospitaller|Infirmary|Ministry of Military Strategy|Monastery|Pilgrimage Site|Preceptory|Tannery|University|War College,8,26
"KT/Cavalry Spear/Kite/Leather [PrM, (RInd, EProw, SPie, NCun), Enduring, Nimble, Rec 6, Recover 7, Recover 8, Shake+1]|M8",Knight Templar,Cavalry Spear,Kite Shield,Leather,,False,25,"Recover 8,Enduring,Nimble,Shake +1,Recover 6,Resolute,Recover 7,Immune Blocked,Parry",2300,,False,Abbey|Alchemy|Animal Husbandry|Apothecary|Armory|Blacksmith|Carpentry|Conditioning Field|Furnace|Herb Garden|Hospitaller|Infirmary|Joinery|Monastery|Pilgrimage Site|Preceptory|Tannery,8,19
"KT/WarHammer/Chain [RoPaM, PrM, (EInd, SProw, SPie, NCun), Enduring, Improved Parry, Rec 6, Recover 7, Recover 8, Shake+1]|M8",Knight Templar,War Hammer,,Chainmail,,False,25,"Recover 8,Enduring,Parry,Drilled,Shake +1,Recover 6,Resolute,Improved Parry,Recover 7,Immune Blocked,Immune Strain",2500,,False,Abbey|Alchemy|Animal Husbandry|Apothecary|Armory|Blacksmith|Forge|Furnace|Grand Tournament|Herb Garden|Hospitaller|Infirmary|Monastery|Pilgrimage Site|Preceptory|Royal Pavilion|Tannery|Tiltyard,8,26
"KT/ShortSword/Cloth (DW) [PrM, (NInd, EProw, SPie, NCun), DW, Florentine, ImmU, Nimble, Rec 6, Shake+1]|M8",Knight Templar,Short Sword,,Cloth,,True,25,"Nimble,Shake +1,Recover 6,Resolute,Immune Blocked,Dual Wield,Parry,Immune Unwieldy,Florentine",3000,,False,Abbey|Carpentry|Coliseum|Conditioning Field|Fletchery|Furnace|Hospitaller|Monastery|Pilgrimage Site|Preceptory|Tiltyard,8,16
"KT/Lance/Targe/Leather [PrM, (EInd, EProw, SPie, NCun), Enduring, Nimble, Rec 6, Recover 7, Recover 8, Shake+1]|M8",Knight Templar,Lance,Targe Shield,Leather,,False,25,"Recover 8,Enduring,Nimble,Shake +1,Recover 6,Resolute,Recover 7,Immune Blocked,Parry",2500,,False,Abbey|Alchemy|Animal Husbandry|Apothecary|Blacksmith|Carpentry|Conditioning Field|Forge|Furnace|Herb Garden|Hospitaller|Infirmary|Joinery|Monastery|Pilgrimage Site|Preceptory|Tannery,8,22
"KT/Javelin/Cloth [PrM, (RInd, EProw, SPie, NCun), Florentine, ImmU, Nimble, Rec 6, Shake+1]|M8",Knight Templar,Farm Tools,,Cloth,Javelin,True,25,"Nimble,Shake +1,Recover 6,Resolute,Immune Blocked,Parry,Immune Unwieldy,Florentine",2800,,False,Abbey|Blacksmith|Carpentry|Coliseum|Conditioning Field|Fletchery|Furnace|Hospitaller|Monastery|Pilgrimage Site|Preceptory|Tiltyard,8,19
"KT/Bastard/Tower/Cloth [PrM, (EInd, EProw, SPie, NCun), Nimble, Rec 6, Recover 8, Shake+1]|M8",Knight Templar,Bastard Sword,Tower Shield,Cloth,,False,25,"Immune Blocked,Recover 8,Nimble,Parry,Shake +1,Recover 6,Resolute",2800,,False,Abbey|Apothecary|Blacksmith|Carpentry|Conditioning Field|Forge|Furnace|Herb Garden|Hospitaller|Joinery|Monastery|Pilgrimage Site|Preceptory,8,22
"KT/Spears/Chain [PrM, (RInd, EProw, SPie, NCun), Nimble, Rec 6, Recover 8, Riposte, Shake+1]|M8",Knight Templar,Spears,,Chainmail,,False,25,"Recover 8,Nimble,Shake +1,Recover 6,Improved Parry,Resolute,Immune Blocked,Riposte,Parry",2600,,False,Abbey|Animal Husbandry|Apothecary|Armory|Blacksmith|Coliseum|Conditioning Field|Furnace|Grand Tournament|Herb Garden|Hospitaller|Monastery|Pilgrimage Site|Preceptory|Tannery,8,19
"KT/Morningstar+Crossbow/Cloth (TY) [PrM, (EInd, EProw, SPie, NCun), Florentine, ImmU, Nimble, Rec 6, Riposte, Shake+1]|M8",Knight Templar,Morningstar,,Cloth,Crossbow,True,25,"Nimble,Shake +1,Recover 6,Improved Parry,Resolute,Immune Blocked,Riposte,Parry,Immune Unwieldy,Florentine",2800,,False,Abbey|Blacksmith|Carpentry|Coliseum|Conditioning Field|Fletchery|Forge|Furnace|Grand Tournament|Hospitaller|Monastery|Pilgrimage Site|Preceptory|Tiltyard,8,22
"KT/FarmTools/Buckler/Leather [PrM, (RInd, EProw, SPie, NCun), Nimble, Rec 6, Recover 8, Shake+1]|M8",Knight Templar,Farm Tools,Buckler Shield,Leather,,False,25,"Immune Blocked,Recover 8,Nimble,Parry,Shake +1,Recover 6,Resolute",2600,,False,Abbey|Animal Husbandry|Apothecary|Carpentry|Conditioning Field|Herb Garden|Hospitaller|Joinery|Monastery|Pilgrimage Site|Preceptory|Tannery,8,19
"KT/Pitchfork/Cloth [PrM, (NInd, EProw, SPie, RCun), Enduring, Nimble, Poison, Rec 6, Recover 7, Recover 8, Shake+1]|M8",Knight Templar,Pitchfork,,Cloth,,False,25,"Recover 8,Enduring,Nimble,Poison,Shake +1,Recover 6,Resolute,Recover 7,Immune Blocked,Parry",2800,,False,Abbey|Academy|Alchemy|Apothecary|Conditioning Field|Herb Garden|Hospitaller|Infirmary|Monastery|Pilgrimage Site|Preceptory|Stable|Toxicarium,8,19
"KT/FarmTools/Chain [PrM, (RInd, EProw, SPie, NCun), Nimble, Rec 6, Recover 8, Shake+1]|M8",Knight Templar,Farm Tools,,Chainmail,,False,25,"Immune Blocked,Recover 8,Nimble,Parry,Shake +1,Recover 6,Resolute",2600,,False,Abbey|Animal Husbandry|Apothecary|Armory|Blacksmith|Conditioning Field|Furnace|Herb Garden|Hospitaller|Monastery|Pilgrimage Site|Preceptory|Tannery,8,19
"KT/BattleAxe/Leather [PrM, (RInd, EProw, SPie, NCun), Nimble, Rec 6, Recover 8, Shake+1]|M8",Knight Templar,Battle Axe,,Leather,,False,25,"Immune Blocked,Recover 8,Nimble,Parry,Shake +1,Recover 6,Resolute",2800,,False,Abbey|Animal Husbandry|Apothecary|Blacksmith|Conditioning Field|Furnace|Herb Garden|Hospitaller|Monastery|Pilgrimage Site|Preceptory|Tannery,8,19
"KT/FarmTools/Kite/FullPlate [PrM, (EInd, EProw, SPie, NCun), Enduring, Nimble, Rec 6, Recover 7, Recover 8, Riposte, Shake+1, Temp]|M8",Knight Templar,Farm Tools,Kite Shield,Full Plate,,False,25,"Recover 8,Enduring,Nimble,Shake +1,Recover 6,Resolute,Improved Parry,Recover 7,Immune Blocked,Riposte,Parry,Tempered",2300,,False,Abbey|Alchemy|Animal Husbandry|Apothecary|Armory|Blacksmith|Carpentry|Coliseum|Conditioning Field|Furnace|Gilded Foundry|Grand Tournament|Herb Garden|Hospitaller|Infirmary|Joinery|Monastery|Pilgrimage Site|Preceptory|Tannery,8,22
"KT/2HBastard/Chain [PrM, MiMiStM, (EInd, SProw, SPie, NCun), Enduring, Rec 6, Recover 7, Recover 8, Shake+1]|M8",Knight Templar,2HBastard,,Chainmail,,False,25,"Recover 8,Seize: first,Enduring,Parry,Shake +1,Recover 6,Resolute,Improved Parry,Recover 7,+1I,Immune Blocked,Crit 7,MaxInit3",2500,,False,Abbey|Alchemy|Animal Husbandry|Apothecary|Armory|Blacksmith|Forge|Furnace|Herb Garden|Hospitaller|Infirmary|Ministry of Military Strategy|Monastery|Pilgrimage Site|Preceptory|Tannery|University|War College,8,26
"KT/FarmTools/Tower/Leather [PrM, (EInd, EProw, SPie, NCun), Enduring, Nimble, Rec 6, Recover 7, Recover 8, Shake+1]|M8",Knight Templar,Farm Tools,Tower Shield,Leather,,False,25,"Recover 8,Enduring,Nimble,Shake +1,Recover 6,Resolute,Recover 7,Immune Blocked,Parry",2500,,False,Abbey|Alchemy|Animal Husbandry|Apothecary|Blacksmith|Carpentry|Conditioning Field|Forge|Furnace|Herb Garden|Hospitaller|Infirmary|Joinery|Monastery|Pilgrimage Site|Preceptory|Tannery,8,22
"KT/ShortSword/Kite/Cloth [PrM, (RInd, EProw, SPie, NCun), Enduring, Nimble, Rec 6, Recover 7, Recover 8, Shake+1]|M8",Knight Templar,Short Sword,Kite Shield,Cloth,,False,25,"Recover 8,Enduring,Nimble,Shake +1,Recover 6,Resolute,Recover 7,Immune Blocked,Parry",2300,,False,Abbey|Alchemy|Apothecary|Armory|Blacksmith|Carpentry|Conditioning Field|Furnace|Herb Garden|Hospitaller|Infirmary|Joinery|Monastery|Pilgrimage Site|Preceptory|Tannery,8,19
"KT/WarHammer/Leather [PrM, (EInd, EProw, SPie, NCun), Nimble, Rec 6, Recover 8, Shake+1]|M8",Knight Templar,War Hammer,,Leather,,False,25,"Immune Blocked,Recover 8,Nimble,Parry,Shake +1,Recover 6,Resolute",2800,,False,Abbey|Animal Husbandry|Apothecary|Blacksmith|Conditioning Field|Forge|Furnace|Herb Garden|Hospitaller|Monastery|Pilgrimage Site|Preceptory|Tannery,8,22
"KT/ShortSword/Targe/Cloth [PrM, (RInd, EProw, SPie, NCun), Nimble, Rec 6, Recover 8, Riposte, Shake+1]|M8",Knight Templar,Short Sword,Targe Shield,Cloth,,False,25,"Recover 8,Nimble,Shake +1,Recover 6,Improved Parry,Resolute,Immune Blocked,Riposte,Parry",2800,,False,Abbey|Apothecary|Blacksmith|Carpentry|Coliseum|Conditioning Field|Furnace|Grand Tournament|Herb Garden|Hospitaller|Joinery|Monastery|Pilgrimage Site|Preceptory,8,19
"KT/Spears+Longbow/Cloth (TY) [PrM, (NInd, EProw, SPie, NCun), Florentine, ImmU, Nimble, Rec 6, Shake+1]|M8",Knight Templar,Spears,,Cloth,Longbow,True,25,"Nimble,Shake +1,Recover 6,Resolute,Immune Blocked,Parry,Immune Unwieldy,Florentine",2800,,False,Abbey|Carpentry|Coliseum|Conditioning Field|Fletchery|Furnace|Hospitaller|Monastery|Pilgrimage Site|Preceptory|Tiltyard,8,16
"KT/Flail/Tower/Leather [RoPaM, PrM, (EInd, SProw, SPie, NCun), Improved Parry, Rec 6, Shake+1]|M8",Knight Templar,Flail,Tower Shield,Leather,,False,25,"Parry,Drilled,Shake +1,Recover 6,Resolute,Improved Parry,Immune Blocked,Immune Strain",2600,,False,Abbey|Animal Husbandry|Blacksmith|Carpentry|Forge|Furnace|Grand Tournament|Hospitaller|Joinery|Monastery|Pilgrimage Site|Preceptory|Royal Pavilion|Tannery|Tiltyard,8,26
"KT/Pike+Javelin/Cloth (TY) [RoPaM, PrM, (RInd, SProw, SPie, NCun), Florentine, ImmU, Nimble, Rec 6, Riposte, Shake+1]|M8",Knight Templar,Pike,,Cloth,Javelin,True,25,"Nimble,Parry,Drilled,Shake +1,Recover 6,Resolute,Improved Parry,Immune Blocked,Riposte,Immune Strain,Immune Unwieldy,Florentine",2800,,False,Abbey|Blacksmith|Carpentry|Coliseum|Conditioning Field|Fletchery|Furnace|Grand Tournament|Hospitaller|Monastery|Pilgrimage Site|Preceptory|Royal Pavilion|Tiltyard,8,23
"KT/WarHammer+HuntBow/Cloth (TY) [PrM, (EInd, EProw, SPie, NCun), Florentine, ImmU, Nimble, Rec 6, Shake+1]|M8",Knight Templar,War Hammer,,Cloth,Hunting Bow,True,25,"Nimble,Shake +1,Recover 6,Resolute,Immune Blocked,Parry,Immune Unwieldy,Florentine",2800,,False,Abbey|Blacksmith|Carpentry|Coliseum|Conditioning Field|Fletchery|Forge|Furnace|Hospitaller|Monastery|Pilgrimage Site|Preceptory|Tiltyard,8,22
"KT/Flail/Kite/Cloth [PrM, (RInd, EProw, SPie, NCun), Enduring, Nimble, Rec 6, Recover 7, Recover 8, Shake+1]|M8",Knight Templar,Flail,Kite Shield,Cloth,,False,25,"Recover 8,Enduring,Nimble,Shake +1,Recover 6,Resolute,Recover 7,Immune Blocked,Parry",2300,,False,Abbey|Alchemy|Apothecary|Armory|Blacksmith|Carpentry|Conditioning Field|Furnace|Herb Garden|Hospitaller|Infirmary|Joinery|Monastery|Pilgrimage Site|Preceptory|Tannery,8,19
"KT/Lance/Targe/Chain [PrM, OuInPoI, (EInd, EProw, SPie, SCun), Enduring, Rec 6, Recover 7, Recover 8, Shake+1]|M8",Knight Templar,Lance,Targe Shield,Chainmail,,False,25,"Recover 8,Enduring,confers:Strain,Outrider: once,Shake +1,Recover 6,Resolute,Recover 7,Immune Blocked,confers:Blocked,Parry",2300,,False,Abbey|Alchemy|Animal Husbandry|Apothecary|Armory|Blacksmith|Carpentry|Forge|Furnace|Herb Garden|Hospitaller|Infirmary|Joinery|Monastery|Outrider Intercept Post|Pilgrimage Site|Preceptory|Tannery,8,32
"KT/Lance/Kite/FullPlate [PrM, (EInd, EProw, SPie, NCun), Enduring, Nimble, Rec 6, Recover 7, Recover 8, Shake+1, Temp]|M8",Knight Templar,Lance,Kite Shield,Full Plate,,False,25,"Recover 8,Enduring,Nimble,Shake +1,Recover 6,Resolute,Recover 7,Immune Blocked,Parry,Tempered",2300,,False,Abbey|Alchemy|Animal Husbandry|Apothecary|Armory|Blacksmith|Carpentry|Conditioning Field|Forge|Furnace|Gilded Foundry|Herb Garden|Hospitaller|Infirmary|Joinery|Monastery|Pilgrimage Site|Preceptory|Tannery,8,22
"KT/Cavalry Spear/Targe/Chain [PrM, (RInd, EProw, SPie, NCun), Enduring, Nimble, Rec 6, Recover 7, Recover 8, Shake+1]|M8",Knight Templar,Cavalry Spear,Targe Shield,Chainmail,,False,25,"Recover 8,Enduring,Nimble,Shake +1,Recover 6,Resolute,Recover 7,Immune Blocked,Parry",2300,,False,Abbey|Alchemy|Animal Husbandry|Apothecary|Armory|Blacksmith|Carpentry|Conditioning Field|Furnace|Herb Garden|Hospitaller|Infirmary|Joinery|Monastery|Pilgrimage Site|Preceptory|Tannery,8,19
"KT/WarHammer/FullPlate [PrM, (EInd, EProw, SPie, NCun), Nimble, Rec 6, Recover 8, Shake+1, Temp]|M8",Knight Templar,War Hammer,,Full Plate,,False,25,"Recover 8,Nimble,Shake +1,Recover 6,Resolute,Immune Blocked,Parry,Tempered",2600,,False,Abbey|Animal Husbandry|Apothecary|Armory|Blacksmith|Conditioning Field|Forge|Furnace|Gilded Foundry|Herb Garden|Hospitaller|Monastery|Pilgrimage Site|Preceptory|Tannery,8,22
"KT/ShortSword/Targe/Cloth [PrM, (RInd, EProw, SPie, NCun), Nimble, Rec 6, Recover 8, Shake+1]|M8",Knight Templar,Short Sword,Targe Shield,Cloth,,False,25,"Immune Blocked,Recover 8,Nimble,Parry,Shake +1,Recover 6,Resolute",2800,,False,Abbey|Apothecary|Blacksmith|Carpentry|Conditioning Field|Furnace|Herb Garden|Hospitaller|Joinery|Monastery|Pilgrimage Site|Preceptory,8,19
"KT/WarHammer/FullPlate [PrM, MiMiStI, (EInd, SProw, SPie, NCun), Rec 6, Recover 8, Shake+1, Temp]|M8",Knight Templar,War Hammer,,Full Plate,,False,25,"Recover 8,Seize: first,Parry,Shake +1,Recover 6,Resolute,+1I,Immune Blocked,MaxInit3,Tempered",2600,,False,Abbey|Animal Husbandry|Apothecary|Armory|Blacksmith|Forge|Furnace|Gilded Foundry|Herb Garden|Hospitaller|Ministry of Military Strategy|Monastery|Pilgrimage Site|Preceptory|Tannery,8,26
"KT/FarmTools/Kite/FullPlate [PrM, (EInd, EProw, SPie, NCun), Enduring, Nimble, Rec 6, Recover 7, Recover 8, Shake+1, Temp]|M8",Knight Templar,Farm Tools,Kite Shield,Full Plate,,False,25,"Recover 8,Enduring,Nimble,Shake +1,Recover 6,Resolute,Recover 7,Immune Blocked,Parry,Tempered",2300,,False,Abbey|Alchemy|Animal Husbandry|Apothecary|Armory|Blacksmith|Carpentry|Conditioning Field|Furnace|Gilded Foundry|Herb Garden|Hospitaller|Infirmary|Joinery|Monastery|Pilgrimage Site|Preceptory|Tannery,8,22
