name,retinue,weapon,shield,armor,ranged,has_tiltyard,size,extra_tags,upkeep_per_retinue,playstyle,tiltyard_mastery,pursuits,military_pursuit_count,domain_count
"MaA/FarmTools/Cloth [(NInd, RProw, NPie, NCun), Nimble]|M1",Man-at-Arms,Farm Tools,,Cloth,,False,25,"Immune Blocked,Nimble",2000,,False,Coliseum|Conditioning Field,1,3
"MaA/Cudgel/Cloth [(NInd, RProw, NPie, NCun), Nimble]|M1",Man-at-Arms,Cudgel,,Cloth,,False,25,"Immune Blocked,Nimble",2000,,False,Coliseum|Conditioning Field,1,3
"MaA/Pitchfork/Cloth [(NInd, RProw, NPie, NCun), Nimble]|M1",Man-at-Arms,Pitchfork,,Cloth,,False,25,"Immune Blocked,Nimble",2000,,False,Coliseum|Conditioning Field,1,3
"MaA/FarmTools/Cloth [(NInd, RProw, NPie, NCun), Nimble]|M2",Man-at-Arms,Farm Tools,,Cloth,,False,25,"Immune Blocked,Nimble",2000,,False,Coliseum|Conditioning Field|Stable,2,3
"MaA/FarmTools/Buckler/Cloth [(RInd, RProw, NPie, NCun), Nimble]|M2",Man-at-Arms,Farm Tools,Buckler Shield,Cloth,,False,25,"Immune Blocked,Nimble",1800,,False,Carpentry|Coliseum|Conditioning Field|Joinery,2,6
"MaA/FarmTools/Leather [(NInd, RProw, NPie, NCun), Nimble]|M2",Man-at-Arms,Farm Tools,,Leather,,False,25,"Immune Blocked,Nimble",1800,,False,Animal Husbandry|Coliseum|Conditioning Field|Tannery,2,3
"MaA/Cudgel/Cloth [RoPaM, (NInd, SProw, NPie, NCun), Nimble, Parry +1, Riposte]|M2",Man-at-Arms,Cudgel,,Cloth,,False,25,"Parry +1,Nimble,Parry,Drilled,Riposte,Immune Blocked,Immune Strain",2000,,False,Coliseum|Conditioning Field|Grand Tournament|Royal Pavilion|Tiltyard,2,10
"MaA/Cudgel/Cloth [(NInd, RProw, NPie, NCun), Nimble]|M2",Man-at-Arms,Cudgel,,Cloth,,False,25,"Immune Blocked,Nimble",2000,,False,Coliseum|Conditioning Field|Stable,2,3
"MaA/Cudgel/Leather [(NInd, RProw, NPie, NCun), Nimble]|M2",Man-at-Arms,Cudgel,,Leather,,False,25,"Immune Blocked,Nimble",1800,,False,Animal Husbandry|Coliseum|Conditioning Field|Tannery,2,3
"MaA/Pitchfork/Cloth [(NInd, RProw, NPie, NCun), Nimble]|M2",Man-at-Arms,Pitchfork,,Cloth,,False,25,"Immune Blocked,Nimble",2000,,False,Coliseum|Conditioning Field|Stable,2,3
"MaA/Pitchfork/Leather [(NInd, RProw, NPie, NCun), Nimble]|M2",Man-at-Arms,Pitchfork,,Leather,,False,25,"Immune Blocked,Nimble",1800,,False,Animal Husbandry|Coliseum|Conditioning Field|Tannery,2,3
"MaA/Daggers/Cloth [(NInd, RProw, NPie, NCun), Nimble]|M2",Man-at-Arms,Daggers,,Cloth,,False,25,"Immune Blocked,Nimble",2000,,False,Coliseum|Conditioning Field|Furnace,2,3
"MaA/Pike/Cloth [(RInd, RProw, NPie, NCun), Nimble]|M2",Man-at-Arms,Pike,,Cloth,,False,25,"Immune Blocked,Nimble",2000,,False,Blacksmith|Coliseum|Conditioning Field|Furnace,2,6
"MaA/Halberd/Cloth [(RInd, EProw, NPie, NCun), Nimble, Parry +1, Riposte]|M2",Man-at-Arms,Halberd,,Cloth,,False,25,"Parry +1,Nimble,Parry,Riposte,Immune Blocked",2000,,False,Blacksmith|Coliseum|Conditioning Field|Furnace|Grand Tournament,2,9
"MaA/Halberd/Cloth [(RInd, RProw, NPie, NCun), Nimble]|M2",Man-at-Arms,Halberd,,Cloth,,False,25,"Immune Blocked,Nimble",2000,,False,Blacksmith|Coliseum|Conditioning Field|Furnace,2,6
"MaA/BattleAxe/Cloth [(RInd, RProw, NPie, NCun), Nimble]|M2",Man-at-Arms,Battle Axe,,Cloth,,False,25,"Immune Blocked,Nimble",2000,,False,Blacksmith|Coliseum|Conditioning Field|Furnace,2,6
"MaA/2HBastard/Cloth [(EInd, RProw, NPie, NCun), Nimble]|M2",Man-at-Arms,2HBastard,,Cloth,,False,25,"Immune Blocked,Nimble",2000,,False,Blacksmith|Coliseum|Conditioning Field|Forge|Furnace,2,9
"MaA/WarHammer/Cloth [(EInd, RProw, NPie, NCun), Nimble]|M2",Man-at-Arms,War Hammer,,Cloth,,False,25,"Immune Blocked,Nimble",2000,,False,Blacksmith|Coliseum|Conditioning Field|Forge|Furnace,2,9
"MaA/FarmTools/Cloth [(NInd, RProw, NPie, NCun), Nimble, Recover 8]|M3",Man-at-Arms,Farm Tools,,Cloth,,False,25,"Immune Blocked,Nimble,Recover 8",2000,,False,Apothecary|Coliseum|Conditioning Field|Herb Garden,3,3
"MaA/FarmTools/Buckler/Cloth [(RInd, RProw, NPie, NCun), Nimble]|M3",Man-at-Arms,Farm Tools,Buckler Shield,Cloth,,False,25,"Immune Blocked,Nimble",1800,,False,Carpentry|Coliseum|Conditioning Field|Joinery|Stable,3,6
"MaA/FarmTools/Targe/Cloth [(RInd, EProw, NPie, NCun), Nimble, Parry +1, Riposte]|M3",Man-at-Arms,Farm Tools,Targe Shield,Cloth,,False,25,"Parry +1,Nimble,Parry,Riposte,Immune Blocked",1800,,False,Blacksmith|Carpentry|Coliseum|Conditioning Field|Furnace|Grand Tournament|Joinery,3,9
"MaA/FarmTools/Targe/Cloth [(RInd, RProw, NPie, NCun), Nimble]|M3",Man-at-Arms,Farm Tools,Targe Shield,Cloth,,False,25,"Immune Blocked,Nimble",1800,,False,Blacksmith|Carpentry|Coliseum|Conditioning Field|Furnace|Joinery,3,6
"MaA/FarmTools/Tower/Cloth [(EInd, RProw, NPie, NCun), Nimble]|M3",Man-at-Arms,Farm Tools,Tower Shield,Cloth,,False,25,"Immune Blocked,Nimble",1800,,False,Blacksmith|Carpentry|Coliseum|Conditioning Field|Forge|Furnace|Joinery,3,9
"MaA/FarmTools/Leather [(NInd, RProw, NPie, NCun), Nimble]|M3",Man-at-Arms,Farm Tools,,Leather,,False,25,"Immune Blocked,Nimble",1800,,False,Animal Husbandry|Coliseum|Conditioning Field|Stable|Tannery,3,3
"MaA/FarmTools/Buckler/Leather [(RInd, RProw, NPie, NCun), Nimble]|M3",Man-at-Arms,Farm Tools,Buckler Shield,Leather,,False,25,"Immune Blocked,Nimble",1600,,False,Animal Husbandry|Carpentry|Coliseum|Conditioning Field|Joinery|Tannery,3,6
"MaA/FarmTools/Chain [(RInd, RProw, NPie, NCun), Nimble]|M3",Man-at-Arms,Farm Tools,,Chainmail,,False,25,"Immune Blocked,Nimble",1600,,False,Animal Husbandry|Armory|Blacksmith|Coliseum|Conditioning Field|Furnace|Tannery,3,6
"MaA/FarmTools/FullPlate [(EInd, RProw, NPie, NCun), Nimble, Temp]|M3",Man-at-Arms,Farm Tools,,Full Plate,,False,25,"Immune Blocked,Nimble,Tempered",1600,,False,Animal Husbandry|Armory|Blacksmith|Coliseum|Conditioning Field|Furnace|Gilded Foundry|Tannery,3,9
"MaA/Cudgel/Cloth [RoPaM, (NInd, SProw, NPie, NCun), Nimble, Parry +1, Riposte]|M3",Man-at-Arms,Cudgel,,Cloth,,False,25,"Parry +1,Nimble,Parry,Drilled,Riposte,Immune Blocked,Immune Strain",2000,,False,Coliseum|Conditioning Field|Grand Tournament|Royal Pavilion|Stable|Tiltyard,3,10
"MaA/Cudgel/Cloth [(NInd, RProw, NPie, NCun), Nimble, Recover 8]|M3",Man-at-Arms,Cudgel,,Cloth,,False,25,"Immune Blocked,Nimble,Recover 8",2000,,False,Apothecary|Coliseum|Conditioning Field|Herb Garden,3,3
"MaA/Cudgel/Leather [(NInd, RProw, NPie, NCun), Nimble]|M3",Man-at-Arms,Cudgel,,Leather,,False,25,"Immune Blocked,Nimble",1300,,False,Animal Husbandry|Butchery|Coliseum|Conditioning Field|Tannery,3,3
"MaA/Cudgel/Chain [(RInd, RProw, NPie, NCun), Nimble]|M3",Man-at-Arms,Cudgel,,Chainmail,,False,25,"Immune Blocked,Nimble",1600,,False,Animal Husbandry|Armory|Blacksmith|Coliseum|Conditioning Field|Furnace|Tannery,3,6
"MaA/Cudgel/FullPlate [(EInd, RProw, NPie, NCun), Nimble, Temp]|M3",Man-at-Arms,Cudgel,,Full Plate,,False,25,"Immune Blocked,Nimble,Tempered",1600,,False,Animal Husbandry|Armory|Blacksmith|Coliseum|Conditioning Field|Furnace|Gilded Foundry|Tannery,3,9
"MaA/Pitchfork/Cloth [(NInd, RProw, NPie, NCun), Nimble, Recover 8]|M3",Man-at-Arms,Pitchfork,,Cloth,,False,25,"Immune Blocked,Nimble,Recover 8",2000,,False,Apothecary|Coliseum|Conditioning Field|Herb Garden,3,3
"MaA/Pitchfork/Leather [(NInd, RProw, NPie, NCun), Nimble]|M3",Man-at-Arms,Pitchfork,,Leather,,False,25,"Immune Blocked,Nimble",1300,,False,Animal Husbandry|Butchery|Coliseum|Conditioning Field|Tannery,3,3
"MaA/Pitchfork/Chain [(RInd, RProw, NPie, NCun), Nimble]|M3",Man-at-Arms,Pitchfork,,Chainmail,,False,25,"Immune Blocked,Nimble",1600,,False,Animal Husbandry|Armory|Blacksmith|Coliseum|Conditioning Field|Furnace|Tannery,3,6
"MaA/Pitchfork/FullPlate [(EInd, EProw, NPie, NCun), Nimble, Parry +1, Riposte, Temp]|M3",Man-at-Arms,Pitchfork,,Full Plate,,False,25,"Parry +1,Nimble,Parry,Tempered,Riposte,Immune Blocked",1600,,False,Animal Husbandry|Armory|Blacksmith|Coliseum|Conditioning Field|Furnace|Gilded Foundry|Grand Tournament|Tannery,3,12
"MaA/Pitchfork/FullPlate [(EInd, RProw, NPie, NCun), Nimble, Temp]|M3",Man-at-Arms,Pitchfork,,Full Plate,,False,25,"Immune Blocked,Nimble,Tempered",1600,,False,Animal Husbandry|Armory|Blacksmith|Coliseum|Conditioning Field|Furnace|Gilded Foundry|Tannery,3,9
"MaA/Daggers/Cloth [(NInd, RProw, NPie, NCun), Nimble]|M3",Man-at-Arms,Daggers,,Cloth,,False,25,"Immune Blocked,Nimble",2000,,False,Coliseum|Conditioning Field|Furnace|Stable,3,3
"MaA/Daggers/Cloth [(EInd, RProw, NPie, NCun), Nimble, Serr]|M3",Man-at-Arms,Daggers,,Cloth,,False,25,"Immune Blocked,Nimble,Serrated",1800,,False,Blacksmith|Coliseum|Conditioning Field|Furnace|Master Workshop,3,9
"MaA/Daggers/Leather [(NInd, RProw, NPie, NCun), Nimble]|M3",Man-at-Arms,Daggers,,Leather,,False,25,"Immune Blocked,Nimble",1800,,False,Animal Husbandry|Coliseum|Conditioning Field|Furnace|Tannery,3,3
"MaA/Daggers/Chain [(RInd, RProw, NPie, NCun), Nimble]|M3",Man-at-Arms,Daggers,,Chainmail,,False,25,"Immune Blocked,Nimble",1600,,False,Animal Husbandry|Armory|Blacksmith|Coliseum|Conditioning Field|Furnace|Tannery,3,6
"MaA/Daggers/FullPlate [(EInd, RProw, NPie, NCun), Nimble, Temp]|M3",Man-at-Arms,Daggers,,Full Plate,,False,25,"Immune Blocked,Nimble,Tempered",1600,,False,Animal Husbandry|Armory|Blacksmith|Coliseum|Conditioning Field|Furnace|Gilded Foundry|Tannery,3,9
"MaA/ShortSword/Targe/Cloth [(RInd, RProw, NPie, NCun), Nimble]|M3",Man-at-Arms,Short Sword,Targe Shield,Cloth,,False,25,"Immune Blocked,Nimble",1800,,False,Blacksmith|Carpentry|Coliseum|Conditioning Field|Furnace|Joinery,3,6
"MaA/ShortSword/Tower/Cloth [(EInd, RProw, NPie, NCun), Nimble]|M3",Man-at-Arms,Short Sword,Tower Shield,Cloth,,False,25,"Immune Blocked,Nimble",1800,,False,Blacksmith|Carpentry|Coliseum|Conditioning Field|Forge|Furnace|Joinery,3,9
"MaA/ShortSword/Tower/Cloth [(EInd, EProw, NPie, NCun), Nimble, Parry +1, Riposte]|M3",Man-at-Arms,Short Sword,Tower Shield,Cloth,,False,25,"Parry +1,Nimble,Parry,Riposte,Immune Blocked",1800,,False,Blacksmith|Carpentry|Coliseum|Conditioning Field|Forge|Furnace|Grand Tournament|Joinery,3,12
"MaA/Spears/Targe/Cloth [(RInd, RProw, NPie, NCun), Nimble]|M3",Man-at-Arms,Spears,Targe Shield,Cloth,,False,25,"Immune Blocked,Nimble",1800,,False,Blacksmith|Carpentry|Coliseum|Conditioning Field|Furnace|Joinery,3,6
"MaA/Spears/Tower/Cloth [(EInd, RProw, NPie, NCun), Nimble]|M3",Man-at-Arms,Spears,Tower Shield,Cloth,,False,25,"Immune Blocked,Nimble",1800,,False,Blacksmith|Carpentry|Coliseum|Conditioning Field|Forge|Furnace|Joinery,3,9
"MaA/Arming/Tower/Cloth [(EInd, RProw, NPie, NCun), Nimble]|M3",Man-at-Arms,Arming Sword,Tower Shield,Cloth,,False,25,"Immune Blocked,Nimble",1800,,False,Blacksmith|Carpentry|Coliseum|Conditioning Field|Forge|Furnace|Joinery,3,9
"MaA/Pike/Cloth [MiMiStI, (RInd, SProw, NPie, NCun), Nimble]|M3",Man-at-Arms,Pike,,Cloth,,False,25,"Nimble,Parry,Seize: first,Init +1,Immune Blocked,MaxInit3",2000,,False,Blacksmith|Coliseum|Conditioning Field|Furnace|Ministry of Military Strategy,3,13
"MaA/Pike/Cloth [RoPaM, (RInd, SProw, NPie, NCun), Nimble, Parry +1, Riposte]|M3",Man-at-Arms,Pike,,Cloth,,False,25,"Parry +1,Nimble,Parry,Drilled,Riposte,Immune Blocked,Immune Strain",2000,,False,Blacksmith|Coliseum|Conditioning Field|Furnace|Grand Tournament|Royal Pavilion|Tiltyard,3,13
"MaA/Pike/Cloth [(RInd, RProw, NPie, NCun), Nimble]|M3",Man-at-Arms,Pike,,Cloth,,False,25,"Immune Blocked,Nimble",2000,,False,Blacksmith|Coliseum|Conditioning Field|Furnace|Stable,3,6
"MaA/Pike/Chain [(RInd, RProw, NPie, NCun), Nimble]|M3",Man-at-Arms,Pike,,Chainmail,,False,25,"Immune Blocked,Nimble",1600,,False,Animal Husbandry|Armory|Blacksmith|Coliseum|Conditioning Field|Furnace|Tannery,3,6
"MaA/Pike/FullPlate [(EInd, RProw, NPie, NCun), Nimble, Temp]|M3",Man-at-Arms,Pike,,Full Plate,,False,25,"Immune Blocked,Nimble,Tempered",1600,,False,Animal Husbandry|Armory|Blacksmith|Coliseum|Conditioning Field|Furnace|Gilded Foundry|Tannery,3,9
"MaA/Flail/Tower/Cloth [(EInd, RProw, NPie, NCun), Nimble]|M3",Man-at-Arms,Flail,Tower Shield,Cloth,,False,25,"Immune Blocked,Nimble",1800,,False,Blacksmith|Carpentry|Coliseum|Conditioning Field|Forge|Furnace|Joinery,3,9
"MaA/Halberd/Cloth [(EInd, EProw, NPie, NCun), Nimble, Parry +1, Riposte, Serr]|M3",Man-at-Arms,Halberd,,Cloth,,False,25,"Parry +1,Nimble,Parry,Serrated,Riposte,Immune Blocked",1800,,False,Blacksmith|Coliseum|Conditioning Field|Furnace|Grand Tournament|Master Workshop,3,12
"MaA/Halberd/Cloth [(EInd, RProw, NPie, NCun), Nimble, Serr]|M3",Man-at-Arms,Halberd,,Cloth,,False,25,"Immune Blocked,Nimble,Serrated",1800,,False,Blacksmith|Coliseum|Conditioning Field|Furnace|Master Workshop,3,9
"MaA/Halberd/Leather [(RInd, RProw, NPie, NCun), Nimble]|M3",Man-at-Arms,Halberd,,Leather,,False,25,"Immune Blocked,Nimble",1800,,False,Animal Husbandry|Blacksmith|Coliseum|Conditioning Field|Furnace|Tannery,3,6
"MaA/Halberd/Chain [(RInd, RProw, NPie, NCun), Nimble]|M3",Man-at-Arms,Halberd,,Chainmail,,False,25,"Immune Blocked,Nimble",1600,,False,Animal Husbandry|Armory|Blacksmith|Coliseum|Conditioning Field|Furnace|Tannery,3,6
"MaA/Halberd/FullPlate [(EInd, RProw, NPie, NCun), Nimble, Temp]|M3",Man-at-Arms,Halberd,,Full Plate,,False,25,"Immune Blocked,Nimble,Tempered",1600,,False,Animal Husbandry|Armory|Blacksmith|Coliseum|Conditioning Field|Furnace|Gilded Foundry|Tannery,3,9
"MaA/BattleAxe/Cloth [PrI, (RInd, EProw, SPie, NCun), Nimble, Shake+1]|M3",Man-at-Arms,Battle Axe,,Cloth,,False,25,"Nimble,Parry,Immune Blocked,Shake +1,Resolute",2000,,False,Blacksmith|Coliseum|Conditioning Field|Furnace|Preceptory,3,19
"MaA/BattleAxe/Cloth [(EInd, RProw, NPie, NCun), Nimble, Serr]|M3",Man-at-Arms,Battle Axe,,Cloth,,False,25,"Immune Blocked,Nimble,Serrated",1800,,False,Blacksmith|Coliseum|Conditioning Field|Furnace|Master Workshop,3,9
"MaA/BattleAxe/Leather [(RInd, RProw, NPie, NCun), Nimble]|M3",Man-at-Arms,Battle Axe,,Leather,,False,25,"Immune Blocked,Nimble",1800,,False,Animal Husbandry|Blacksmith|Coliseum|Conditioning Field|Furnace|Tannery,3,6
"MaA/BattleAxe/Leather [(RInd, EProw, NPie, NCun), Nimble, Parry +1, Riposte]|M3",Man-at-Arms,Battle Axe,,Leather,,False,25,"Parry +1,Nimble,Parry,Riposte,Immune Blocked",1800,,False,Animal Husbandry|Blacksmith|Coliseum|Conditioning Field|Furnace|Grand Tournament|Tannery,3,9
"MaA/BattleAxe/Chain [(RInd, RProw, NPie, NCun), Nimble]|M3",Man-at-Arms,Battle Axe,,Chainmail,,False,25,"Immune Blocked,Nimble",1600,,False,Animal Husbandry|Armory|Blacksmith|Coliseum|Conditioning Field|Furnace|Tannery,3,6
"MaA/BattleAxe/FullPlate [(EInd, RProw, NPie, NCun), Nimble, Temp]|M3",Man-at-Arms,Battle Axe,,Full Plate,,False,25,"Immune Blocked,Nimble,Tempered",1600,,False,Animal Husbandry|Armory|Blacksmith|Coliseum|Conditioning Field|Furnace|Gilded Foundry|Tannery,3,9
"MaA/Cavalry Spear/Buckler/Cloth [(RInd, RProw, NPie, NCun), Nimble]|M3",Man-at-Arms,Cavalry Spear,Buckler Shield,Cloth,,False,25,"Immune Blocked,Nimble",1800,,False,Blacksmith|Carpentry|Coliseum|Conditioning Field|Furnace|Joinery,3,6
"MaA/Cavalry Spear/Targe/Cloth [(RInd, RProw, NPie, NCun), Nimble]|M3",Man-at-Arms,Cavalry Spear,Targe Shield,Cloth,,False,25,"Immune Blocked,Nimble",1800,,False,Blacksmith|Carpentry|Coliseum|Conditioning Field|Furnace|Joinery,3,6
"MaA/Morningstar/Tower/Cloth [(EInd, RProw, NPie, NCun), Nimble]|M3",Man-at-Arms,Morningstar,Tower Shield,Cloth,,False,25,"Immune Blocked,Nimble",1800,,False,Blacksmith|Carpentry|Coliseum|Conditioning Field|Forge|Furnace|Joinery,3,9
"MaA/Bastard/Tower/Cloth [(EInd, RProw, NPie, NCun), Nimble]|M3",Man-at-Arms,Bastard Sword,Tower Shield,Cloth,,False,25,"Immune Blocked,Nimble",1800,,False,Blacksmith|Carpentry|Coliseum|Conditioning Field|Forge|Furnace|Joinery,3,9
"MaA/2HBastard/Cloth [(EInd, RProw, NPie, NCun), Nimble]|M3",Man-at-Arms,2HBastard,,Cloth,,False,25,"Immune Blocked,Nimble",2000,,False,Blacksmith|Coliseum|Conditioning Field|Forge|Furnace|Stable,3,9
"MaA/2HBastard/Cloth [(EInd, RProw, NPie, NCun), Nimble, Serr]|M3",Man-at-Arms,2HBastard,,Cloth,,False,25,"Immune Blocked,Nimble,Serrated",1800,,False,Blacksmith|Coliseum|Conditioning Field|Forge|Furnace|Master Workshop,3,9
"MaA/2HBastard/Leather [(EInd, RProw, NPie, NCun), Nimble]|M3",Man-at-Arms,2HBastard,,Leather,,False,25,"Immune Blocked,Nimble",1800,,False,Animal Husbandry|Blacksmith|Coliseum|Conditioning Field|Forge|Furnace|Tannery,3,9
"MaA/2HBastard/Chain [(EInd, RProw, NPie, NCun), Nimble]|M3",Man-at-Arms,2HBastard,,Chainmail,,False,25,"Immune Blocked,Nimble",1600,,False,Animal Husbandry|Armory|Blacksmith|Coliseum|Conditioning Field|Forge|Furnace|Tannery,3,9
"MaA/2HBastard/FullPlate [(EInd, RProw, NPie, NCun), Nimble, Temp]|M3",Man-at-Arms,2HBastard,,Full Plate,,False,25,"Immune Blocked,Nimble,Tempered",1600,,False,Animal Husbandry|Armory|Blacksmith|Coliseum|Conditioning Field|Forge|Furnace|Gilded Foundry|Tannery,3,9
"MaA/WarHammer/Cloth [(EInd, RProw, NPie, NCun), Nimble, Serr]|M3",Man-at-Arms,War Hammer,,Cloth,,False,25,"Immune Blocked,Nimble,Serrated",1800,,False,Blacksmith|Coliseum|Conditioning Field|Forge|Furnace|Master Workshop,3,9
"MaA/WarHammer/Cloth [(EInd, RProw, NPie, NCun), Nimble]|M3",Man-at-Arms,War Hammer,,Cloth,,False,25,"Immune Blocked,Nimble",2000,,False,Blacksmith|Coliseum|Conditioning Field|Forge|Furnace|Stable,3,9
"MaA/WarHammer/Leather [(EInd, RProw, NPie, NCun), Nimble]|M3",Man-at-Arms,War Hammer,,Leather,,False,25,"Immune Blocked,Nimble",1800,,False,Animal Husbandry|Blacksmith|Coliseum|Conditioning Field|Forge|Furnace|Tannery,3,9
"MaA/WarHammer/Chain [(EInd, RProw, NPie, NCun), Nimble]|M3",Man-at-Arms,War Hammer,,Chainmail,,False,25,"Immune Blocked,Nimble",1600,,False,Animal Husbandry|Armory|Blacksmith|Coliseum|Conditioning Field|Forge|Furnace|Tannery,3,9
"MaA/WarHammer/FullPlate [(EInd, RProw, NPie, NCun), Nimble, Temp]|M3",Man-at-Arms,War Hammer,,Full Plate,,False,25,"Immune Blocked,Nimble,Tempered",1600,,False,Animal Husbandry|Armory|Blacksmith|Coliseum|Conditioning Field|Forge|Furnace|Gilded Foundry|Tannery,3,9
"MaA/Lance/Buckler/Cloth [(EInd, RProw, NPie, NCun), Nimble]|M3",Man-at-Arms,Lance,Buckler Shield,Cloth,,False,25,"Immune Blocked,Nimble",1800,,False,Blacksmith|Carpentry|Coliseum|Conditioning Field|Forge|Furnace|Joinery,3,9
"MaA/Lance/Targe/Cloth [(EInd, RProw, NPie, NCun), Nimble]|M3",Man-at-Arms,Lance,Targe Shield,Cloth,,False,25,"Immune Blocked,Nimble",1800,,False,Blacksmith|Carpentry|Coliseum|Conditioning Field|Forge|Furnace|Joinery,3,9
"MaA/Bastard/Tower/Cloth [(EInd, RProw, NPie, NCun), Nimble, Serr]|M4",Man-at-Arms,Bastard Sword,Tower Shield,Cloth,,False,25,"Immune Blocked,Nimble,Serrated",1600,,False,Blacksmith|Carpentry|Coliseum|Conditioning Field|Forge|Furnace|Joinery|Master Workshop,4,9
"MaA/Cavalry Spear/Targe/Cloth [(EInd, RProw, NPie, NCun), Nimble, Serr]|M4",Man-at-Arms,Cavalry Spear,Targe Shield,Cloth,,False,25,"Immune Blocked,Nimble,Serrated",1600,,False,Blacksmith|Carpentry|Coliseum|Conditioning Field|Furnace|Joinery|Master Workshop,4,9
"MaA/Daggers/Chain [(RInd, RProw, NPie, NCun), Nimble]|M4",Man-at-Arms,Daggers,,Chainmail,,False,25,"Immune Blocked,Nimble",1600,,False,Animal Husbandry|Armory|Blacksmith|Coliseum|Conditioning Field|Furnace|Stable|Tannery,4,6
"MaA/FarmTools/Kite/FullPlate [(EInd, RProw, NPie, NCun), Nimble, Temp]|M4",Man-at-Arms,Farm Tools,Kite Shield,Full Plate,,False,25,"Immune Blocked,Nimble,Tempered",1400,,False,Animal Husbandry|Armory|Blacksmith|Carpentry|Coliseum|Conditioning Field|Furnace|Gilded Foundry|Joinery|Tannery,4,9
"MaA/FarmTools/Targe/Cloth [(RInd, RProw, NPie, NCun), Nimble]|M4",Man-at-Arms,Farm Tools,Targe Shield,Cloth,,False,25,"Immune Blocked,Nimble",1800,,False,Blacksmith|Carpentry|Coliseum|Conditioning Field|Furnace|Joinery|Stable,4,6
"MaA/Flail/Tower/Cloth [RoPaI, (EInd, SProw, NPie, NCun), Nimble]|M4",Man-at-Arms,Flail,Tower Shield,Cloth,,False,25,"Immune Blocked,Parry,Nimble,Immune Strain",1800,,False,Blacksmith|Carpentry|Coliseum|Conditioning Field|Forge|Furnace|Joinery|Royal Pavilion,4,16
"MaA/BattleAxe/Chain [(RInd, RProw, NPie, NCun), Nimble]|M4",Man-at-Arms,Battle Axe,,Chainmail,,False,25,"Immune Blocked,Nimble",1600,,False,Animal Husbandry|Armory|Blacksmith|Coliseum|Conditioning Field|Furnace|Stable|Tannery,4,6
"MaA/Cavalry Spear/Targe/FullPlate [(EInd, RProw, NPie, NCun), Nimble, Temp]|M4",Man-at-Arms,Cavalry Spear,Targe Shield,Full Plate,,False,25,"Immune Blocked,Nimble,Tempered",1400,,False,Animal Husbandry|Armory|Blacksmith|Carpentry|Coliseum|Conditioning Field|Furnace|Gilded Foundry|Joinery|Tannery,4,9
"MaA/Lance/Buckler/Leather [(EInd, RProw, NPie, NCun), Nimble]|M4",Man-at-Arms,Lance,Buckler Shield,Leather,,False,25,"Immune Blocked,Nimble",1600,,False,Animal Husbandry|Blacksmith|Carpentry|Coliseum|Conditioning Field|Forge|Furnace|Joinery|Tannery,4,9
"MaA/Cavalry Spear/Targe/Cloth [(RInd, RProw, NPie, NCun), Nimble]|M4",Man-at-Arms,Cavalry Spear,Targe Shield,Cloth,,False,25,"Immune Blocked,Nimble",1800,,False,Blacksmith|Carpentry|Coliseum|Conditioning Field|Furnace|Joinery|Stable,4,6
"MaA/2HBastard/Chain [(EInd, RProw, NPie, NCun), Nimble, Serr]|M4",Man-at-Arms,2HBastard,,Chainmail,,False,25,"Immune Blocked,Nimble,Serrated",1400,,False,Animal Husbandry|Armory|Blacksmith|Coliseum|Conditioning Field|Forge|Furnace|Master Workshop|Tannery,4,9
"MaA/Cavalry Spear/Targe/Cloth [RoPaM, (RInd, SProw, NPie, NCun), Nimble, Parry +1, Riposte]|M4",Man-at-Arms,Cavalry Spear,Targe Shield,Cloth,,False,25,"Parry +1,Nimble,Parry,Drilled,Riposte,Immune Blocked,Immune Strain",1800,,False,Blacksmith|Carpentry|Coliseum|Conditioning Field|Furnace|Grand Tournament|Joinery|Royal Pavilion|Tiltyard,4,13
"MaA/Spears/Kite/Chain [(RInd, RProw, NPie, NCun), Nimble]|M4",Man-at-Arms,Spears,Kite Shield,Chainmail,,False,25,"Immune Blocked,Nimble",1400,,False,Animal Husbandry|Armory|Blacksmith|Carpentry|Coliseum|Conditioning Field|Furnace|Joinery|Tannery,4,6
"MaA/FarmTools/Chain [(RInd, RProw, NPie, NCun), Nimble]|M4",Man-at-Arms,Farm Tools,,Chainmail,,False,25,"Immune Blocked,Nimble",1100,,False,Animal Husbandry|Armory|Blacksmith|Butchery|Coliseum|Conditioning Field|Furnace|Tannery,4,6
"MaA/Spears/Tower/FullPlate [(EInd, RProw, NPie, NCun), Nimble, Temp]|M4",Man-at-Arms,Spears,Tower Shield,Full Plate,,False,25,"Immune Blocked,Nimble,Tempered",1400,,False,Animal Husbandry|Armory|Blacksmith|Carpentry|Coliseum|Conditioning Field|Forge|Furnace|Gilded Foundry|Joinery|Tannery,4,9
"MaA/Pike/Cloth [RoPaM, (EInd, SProw, NPie, NCun), Nimble, Parry +1, Riposte, Serr]|M4",Man-at-Arms,Pike,,Cloth,,False,25,"Parry +1,Nimble,Serrated,Immune Blocked,Immune Strain,Parry,Drilled,Riposte",1800,,False,Blacksmith|Coliseum|Conditioning Field|Furnace|Grand Tournament|Master Workshop|Royal Pavilion|Tiltyard,4,16
"MaA/Morningstar/Tower/FullPlate [(EInd, RProw, NPie, NCun), Nimble, Temp]|M4",Man-at-Arms,Morningstar,Tower Shield,Full Plate,,False,25,"Immune Blocked,Nimble,Tempered",1400,,False,Animal Husbandry|Armory|Blacksmith|Carpentry|Coliseum|Conditioning Field|Forge|Furnace|Gilded Foundry|Joinery|Tannery,4,9
"MaA/Halberd/FullPlate [OuInPoI, (EInd, RProw, NPie, SCun), Nimble, Temp]|M4",Man-at-Arms,Halberd,,Full Plate,,False,25,"Nimble,Tempered,confers:Blocked,Immune Blocked,Outrider: once,confers:Strain",1600,,False,Animal Husbandry|Armory|Blacksmith|Coliseum|Conditioning Field|Furnace|Gilded Foundry|Outrider Intercept Post|Tannery,4,19
"MaA/Flail/Tower/Cloth [(EInd, RProw, NPie, NCun), Nimble]|M4",Man-at-Arms,Flail,Tower Shield,Cloth,,False,25,"Immune Blocked,Nimble",1800,,False,Blacksmith|Carpentry|Coliseum|Conditioning Field|Forge|Furnace|Joinery|Stable,4,9
"MaA/ShortSword/Targe/Chain [(RInd, RProw, NPie, NCun), Nimble]|M4",Man-at-Arms,Short Sword,Targe Shield,Chainmail,,False,25,"Immune Blocked,Nimble",1400,,False,Animal Husbandry|Armory|Blacksmith|Carpentry|Coliseum|Conditioning Field|Furnace|Joinery|Tannery,4,6
"MaA/Flail/Tower/Chain [(EInd, RProw, NPie, NCun), Nimble]|M4",Man-at-Arms,Flail,Tower Shield,Chainmail,,False,25,"Immune Blocked,Nimble",1400,,False,Animal Husbandry|Armory|Blacksmith|Carpentry|Coliseum|Conditioning Field|Forge|Furnace|Joinery|Tannery,4,9
"MaA/Pitchfork/FullPlate [(EInd, RProw, NPie, NCun), Nimble, Temp]|M4",Man-at-Arms,Pitchfork,,Full Plate,,False,25,"Immune Blocked,Nimble,Tempered",1100,,False,Animal Husbandry|Armory|Blacksmith|Butchery|Coliseum|Conditioning Field|Furnace|Gilded Foundry|Tannery,4,9
"MaA/ShortSword/Tower/Cloth [(EInd, EProw, NPie, NCun), Nimble, Parry +1, Riposte, Serr]|M4",Man-at-Arms,Short Sword,Tower Shield,Cloth,,False,25,"Parry +1,Nimble,Parry,Serrated,Riposte,Immune Blocked",1600,,False,Blacksmith|Carpentry|Coliseum|Conditioning Field|Forge|Furnace|Grand Tournament|Joinery|Master Workshop,4,12
"MaA/BattleAxe/Cloth [(RInd, RProw, NPie, NCun), Nimble, Recover 8]|M4",Man-at-Arms,Battle Axe,,Cloth,,False,25,"Immune Blocked,Nimble,Recover 8",2000,,False,Apothecary|Blacksmith|Coliseum|Conditioning Field|Furnace|Herb Garden,4,6
"MaA/FarmTools/Buckler/Leather [PrI, (RInd, EProw, SPie, NCun), Nimble, Shake+1]|M4",Man-at-Arms,Farm Tools,Buckler Shield,Leather,,False,25,"Nimble,Parry,Immune Blocked,Shake +1,Resolute",1600,,False,Animal Husbandry|Carpentry|Coliseum|Conditioning Field|Joinery|Preceptory|Tannery,4,19
"MaA/Flail/Tower/FullPlate [(EInd, RProw, NPie, NCun), Nimble, Temp]|M4",Man-at-Arms,Flail,Tower Shield,Full Plate,,False,25,"Immune Blocked,Nimble,Tempered",1400,,False,Animal Husbandry|Armory|Blacksmith|Carpentry|Coliseum|Conditioning Field|Forge|Furnace|Gilded Foundry|Joinery|Tannery,4,9
"MaA/Morningstar/Tower/Leather [(EInd, RProw, NPie, NCun), Nimble]|M4",Man-at-Arms,Morningstar,Tower Shield,Leather,,False,25,"Immune Blocked,Nimble",1600,,False,Animal Husbandry|Blacksmith|Carpentry|Coliseum|Conditioning Field|Forge|Furnace|Joinery|Tannery,4,9
"MaA/FarmTools/Targe/FullPlate [(EInd, EProw, NPie, NCun), Nimble, Parry +1, Riposte, Temp]|M4",Man-at-Arms,Farm Tools,Targe Shield,Full Plate,,False,25,"Parry +1,Nimble,Parry,Tempered,Riposte,Immune Blocked",1400,,False,Animal Husbandry|Armory|Blacksmith|Carpentry|Coliseum|Conditioning Field|Furnace|Gilded Foundry|Grand Tournament|Joinery|Tannery,4,12
"MaA/Flail/Kite/Cloth [(RInd, RProw, NPie, NCun), Nimble]|M4",Man-at-Arms,Flail,Kite Shield,Cloth,,False,25,"Immune Blocked,Nimble",1400,,False,Armory|Blacksmith|Carpentry|Coliseum|Conditioning Field|Furnace|Joinery|Tannery,4,6
"MaA/Lance/Kite/Leather [(EInd, RProw, NPie, NCun), Nimble]|M4",Man-at-Arms,Lance,Kite Shield,Leather,,False,25,"Immune Blocked,Nimble",1400,,False,Animal Husbandry|Armory|Blacksmith|Carpentry|Coliseum|Conditioning Field|Forge|Furnace|Joinery|Tannery,4,9
"MaA/Halberd/Leather [(EInd, RProw, NPie, NCun), Nimble, Serr]|M4",Man-at-Arms,Halberd,,Leather,,False,25,"Immune Blocked,Nimble,Serrated",1600,,False,Animal Husbandry|Blacksmith|Coliseum|Conditioning Field|Furnace|Master Workshop|Tannery,4,9
"MaA/Spears/Tower/Cloth [(EInd, RProw, NPie, NCun), Nimble]|M4",Man-at-Arms,Spears,Tower Shield,Cloth,,False,25,"Immune Blocked,Nimble",1800,,False,Blacksmith|Carpentry|Coliseum|Conditioning Field|Forge|Furnace|Joinery|Stable,4,9
"MaA/Cavalry Spear/Kite/Chain [(RInd, RProw, NPie, NCun), Nimble]|M4",Man-at-Arms,Cavalry Spear,Kite Shield,Chainmail,,False,25,"Immune Blocked,Nimble",1400,,False,Animal Husbandry|Armory|Blacksmith|Carpentry|Coliseum|Conditioning Field|Furnace|Joinery|Tannery,4,6
"MaA/Cudgel/FullPlate [(EInd, RProw, NPie, NCun), Nimble, Temp]|M4",Man-at-Arms,Cudgel,,Full Plate,,False,25,"Immune Blocked,Nimble,Tempered",1600,,False,Animal Husbandry|Armory|Blacksmith|Coliseum|Conditioning Field|Furnace|Gilded Foundry|Stable|Tannery,4,9
"MaA/Pitchfork/Cloth [(NInd, RProw, EPie, NCun), Enduring, Nimble, Rec 6, Recover 7, Recover 8, Shake+1]|M4",Man-at-Arms,Pitchfork,,Cloth,,False,25,"Enduring,Nimble,Recover 6,Recover 8,Immune Blocked,Recover 7,Shake +1",1900,,False,Alchemy|Apothecary|Coliseum|Conditioning Field|Herb Garden|Hospitaller|Infirmary|Stable,4,9
"MaA/Cavalry Spear/Buckler/Leather [(RInd, RProw, NPie, NCun), Nimble]|M4",Man-at-Arms,Cavalry Spear,Buckler Shield,Leather,,False,25,"Immune Blocked,Nimble",1600,,False,Animal Husbandry|Blacksmith|Carpentry|Coliseum|Conditioning Field|Furnace|Joinery|Tannery,4,6
"MaA/Cudgel/Cloth [(NInd, RProw, EPie, NCun), Enduring, Nimble, Rec 6, Recover 7, Recover 8, Shake+1]|M4",Man-at-Arms,Cudgel,,Cloth,,False,25,"Enduring,Nimble,Recover 6,Recover 8,Immune Blocked,Recover 7,Shake +1",1900,,False,Alchemy|Apothecary|Coliseum|Conditioning Field|Herb Garden|Hospitaller|Infirmary|Stable,4,9
"MaA/Spears/Targe/Leather [(RInd, RProw, NPie, NCun), Nimble]|M4",Man-at-Arms,Spears,Targe Shield,Leather,,False,25,"Immune Blocked,Nimble",1600,,False,Animal Husbandry|Blacksmith|Carpentry|Coliseum|Conditioning Field|Furnace|Joinery|Tannery,4,6
"MaA/ShortSword/Targe/FullPlate [(EInd, RProw, NPie, NCun), Nimble, Temp]|M4",Man-at-Arms,Short Sword,Targe Shield,Full Plate,,False,25,"Immune Blocked,Nimble,Tempered",1400,,False,Animal Husbandry|Armory|Blacksmith|Carpentry|Coliseum|Conditioning Field|Furnace|Gilded Foundry|Joinery|Tannery,4,9
"MaA/Pike/Leather [RoPaM, (RInd, SProw, NPie, NCun), Nimble, Parry +1, Riposte]|M4",Man-at-Arms,Pike,,Leather,,False,25,"Parry +1,Nimble,Parry,Drilled,Riposte,Immune Blocked,Immune Strain",1800,,False,Animal Husbandry|Blacksmith|Coliseum|Conditioning Field|Furnace|Grand Tournament|Royal Pavilion|Tannery|Tiltyard,4,13
"MaA/Lance/Kite/FullPlate [(EInd, RProw, NPie, NCun), Nimble, Temp]|M4",Man-at-Arms,Lance,Kite Shield,Full Plate,,False,25,"Immune Blocked,Nimble,Tempered",1400,,False,Animal Husbandry|Armory|Blacksmith|Carpentry|Coliseum|Conditioning Field|Forge|Furnace|Gilded Foundry|Joinery|Tannery,4,9
"MaA/ShortSword/Tower/Cloth [(EInd, RProw, NPie, NCun), Nimble, Serr]|M4",Man-at-Arms,Short Sword,Tower Shield,Cloth,,False,25,"Immune Blocked,Nimble,Serrated",1600,,False,Blacksmith|Carpentry|Coliseum|Conditioning Field|Forge|Furnace|Joinery|Master Workshop,4,9
"MaA/ShortSword/Kite/FullPlate [(EInd, RProw, NPie, NCun), Nimble, Temp]|M4",Man-at-Arms,Short Sword,Kite Shield,Full Plate,,False,25,"Immune Blocked,Nimble,Tempered",1400,,False,Animal Husbandry|Armory|Blacksmith|Carpentry|Coliseum|Conditioning Field|Furnace|Gilded Foundry|Joinery|Tannery,4,9
"MaA/Daggers/Cloth [(NInd, RProw, NPie, NCun), Nimble, Recover 8]|M4",Man-at-Arms,Daggers,,Cloth,,False,25,"Immune Blocked,Nimble,Recover 8",2000,,False,Apothecary|Coliseum|Conditioning Field|Furnace|Herb Garden,4,3
"MaA/Cavalry Spear/Targe/Leather [(RInd, RProw, NPie, NCun), Nimble]|M4",Man-at-Arms,Cavalry Spear,Targe Shield,Leather,,False,25,"Immune Blocked,Nimble",1600,,False,Animal Husbandry|Blacksmith|Carpentry|Coliseum|Conditioning Field|Furnace|Joinery|Tannery,4,6
"MaA/2HBastard/Leather [(EInd, RProw, NPie, NCun), Nimble, Serr]|M4",Man-at-Arms,2HBastard,,Leather,,False,25,"Immune Blocked,Nimble,Serrated",1600,,False,Animal Husbandry|Blacksmith|Coliseum|Conditioning Field|Forge|Furnace|Master Workshop|Tannery,4,9
"MaA/Lance/Kite/Cloth [(EInd, RProw, NPie, NCun), Nimble]|M4",Man-at-Arms,Lance,Kite Shield,Cloth,,False,25,"Immune Blocked,Nimble",1400,,False,Armory|Blacksmith|Carpentry|Coliseum|Conditioning Field|Forge|Furnace|Joinery|Tannery,4,9
"MaA/BattleAxe/Cloth [PrI, (RInd, EProw, SPie, NCun), Nimble, Shake+1]|M4",Man-at-Arms,Battle Axe,,Cloth,,False,25,"Nimble,Parry,Immune Blocked,Shake +1,Resolute",2000,,False,Blacksmith|Coliseum|Conditioning Field|Furnace|Preceptory|Stable,4,19
"MaA/FarmTools/Buckler/FullPlate [(EInd, RProw, NPie, NCun), Nimble, Temp]|M4",Man-at-Arms,Farm Tools,Buckler Shield,Full Plate,,False,25,"Immune Blocked,Nimble,Tempered",1400,,False,Animal Husbandry|Armory|Blacksmith|Carpentry|Coliseum|Conditioning Field|Furnace|Gilded Foundry|Joinery|Tannery,4,9
"MaA/FarmTools/Kite/Chain [(RInd, RProw, NPie, NCun), Nimble]|M4",Man-at-Arms,Farm Tools,Kite Shield,Chainmail,,False,25,"Immune Blocked,Nimble",1400,,False,Animal Husbandry|Armory|Blacksmith|Carpentry|Coliseum|Conditioning Field|Furnace|Joinery|Tannery,4,6
"MaA/Flail/Tower/Leather [(EInd, RProw, NPie, NCun), Nimble]|M4",Man-at-Arms,Flail,Tower Shield,Leather,,False,25,"Immune Blocked,Nimble",1600,,False,Animal Husbandry|Blacksmith|Carpentry|Coliseum|Conditioning Field|Forge|Furnace|Joinery|Tannery,4,9
"MaA/Spears/Targe/Cloth [(EInd, RProw, NPie, NCun), Nimble, Serr]|M4",Man-at-Arms,Spears,Targe Shield,Cloth,,False,25,"Immune Blocked,Nimble,Serrated",1600,,False,Blacksmith|Carpentry|Coliseum|Conditioning Field|Furnace|Joinery|Master Workshop,4,9
"MaA/Cudgel/Chain [(EInd, RProw, NPie, NCun), Nimble, Serr]|M4",Man-at-Arms,Cudgel,,Chainmail,,False,25,"Immune Blocked,Nimble,Serrated",1400,,False,Animal Husbandry|Armory|Blacksmith|Coliseum|Conditioning Field|Furnace|Master Workshop|Tannery,4,9
"MaA/Lance/Buckler/FullPlate [(EInd, RProw, NPie, NCun), Nimble, Temp]|M4",Man-at-Arms,Lance,Buckler Shield,Full Plate,,False,25,"Immune Blocked,Nimble,Tempered",1400,,False,Animal Husbandry|Armory|Blacksmith|Carpentry|Coliseum|Conditioning Field|Forge|Furnace|Gilded Foundry|Joinery|Tannery,4,9
"MaA/Pitchfork+HuntBow/Cloth (TY) [(NInd, EProw, NPie, NCun), Florentine, ImmU, Nimble]|M4",Man-at-Arms,Pitchfork,,Cloth,Hunting Bow,True,25,"Nimble,Immune Unwieldy,Parry,Immune Blocked,Florentine",1800,,False,Carpentry|Coliseum|Conditioning Field|Fletchery|Tiltyard,4,6
"MaA/Halberd/Cloth [(RInd, EProw, NPie, NCun), Nimble, Parry +1, Recover 8, Riposte]|M4",Man-at-Arms,Halberd,,Cloth,,False,25,"Parry +1,Nimble,Parry,Recover 8,Riposte,Immune Blocked",2000,,False,Apothecary|Blacksmith|Coliseum|Conditioning Field|Furnace|Grand Tournament|Herb Garden,4,9
"MaA/Bastard/Tower/Chain [(EInd, RProw, NPie, NCun), Nimble]|M4",Man-at-Arms,Bastard Sword,Tower Shield,Chainmail,,False,25,"Immune Blocked,Nimble",1400,,False,Animal Husbandry|Armory|Blacksmith|Carpentry|Coliseum|Conditioning Field|Forge|Furnace|Joinery|Tannery,4,9
"MaA/Lance/Targe/FullPlate [(EInd, RProw, NPie, NCun), Nimble, Temp]|M4",Man-at-Arms,Lance,Targe Shield,Full Plate,,False,25,"Immune Blocked,Nimble,Tempered",1400,,False,Animal Husbandry|Armory|Blacksmith|Carpentry|Coliseum|Conditioning Field|Forge|Furnace|Gilded Foundry|Joinery|Tannery,4,9
"MaA/Spears/Tower/Leather [(EInd, RProw, NPie, NCun), Nimble]|M4",Man-at-Arms,Spears,Tower Shield,Leather,,False,25,"Immune Blocked,Nimble",1600,,False,Animal Husbandry|Blacksmith|Carpentry|Coliseum|Conditioning Field|Forge|Furnace|Joinery|Tannery,4,9
"MaA/Cudgel/Leather [(NInd, RProw, NPie, NCun), Nimble, Recover 8]|M4",Man-at-Arms,Cudgel,,Leather,,False,25,"Immune Blocked,Nimble,Recover 8",1800,,False,Animal Husbandry|Apothecary|Coliseum|Conditioning Field|Herb Garden|Tannery,4,3
"MaA/FarmTools/Tower/FullPlate [(EInd, RProw, NPie, NCun), Nimble, Temp]|M4",Man-at-Arms,Farm Tools,Tower Shield,Full Plate,,False,25,"Immune Blocked,Nimble,Tempered",1400,,False,Animal Husbandry|Armory|Blacksmith|Carpentry|Coliseum|Conditioning Field|Forge|Furnace|Gilded Foundry|Joinery|Tannery,4,9
"MaA/ShortSword/Tower/Chain [(EInd, RProw, NPie, NCun), Nimble]|M4",Man-at-Arms,Short Sword,Tower Shield,Chainmail,,False,25,"Immune Blocked,Nimble",1400,,False,Animal Husbandry|Armory|Blacksmith|Carpentry|Coliseum|Conditioning Field|Forge|Furnace|Joinery|Tannery,4,9
"MaA/Arming/Tower/Cloth [(EInd, RProw, NPie, NCun), Nimble]|M4",Man-at-Arms,Arming Sword,Tower Shield,Cloth,,False,25,"Immune Blocked,Nimble",1800,,False,Blacksmith|Carpentry|Coliseum|Conditioning Field|Forge|Furnace|Joinery|Stable,4,9
"MaA/FarmTools/Buckler/FullPlate [(EInd, EProw, NPie, NCun), Nimble, Parry +1, Riposte, Temp]|M4",Man-at-Arms,Farm Tools,Buckler Shield,Full Plate,,False,25,"Parry +1,Nimble,Parry,Tempered,Riposte,Immune Blocked",1400,,False,Animal Husbandry|Armory|Blacksmith|Carpentry|Coliseum|Conditioning Field|Furnace|Gilded Foundry|Grand Tournament|Joinery|Tannery,4,12
"MaA/Cavalry Spear/Buckler/Chain [(RInd, RProw, NPie, NCun), Nimble]|M4",Man-at-Arms,Cavalry Spear,Buckler Shield,Chainmail,,False,25,"Immune Blocked,Nimble",1400,,False,Animal Husbandry|Armory|Blacksmith|Carpentry|Coliseum|Conditioning Field|Furnace|Joinery|Tannery,4,6
"MaA/Flail/Kite/FullPlate [(EInd, RProw, NPie, NCun), Nimble, Temp]|M4",Man-at-Arms,Flail,Kite Shield,Full Plate,,False,25,"Immune Blocked,Nimble,Tempered",1400,,False,Animal Husbandry|Armory|Blacksmith|Carpentry|Coliseum|Conditioning Field|Furnace|Gilded Foundry|Joinery|Tannery,4,9
"MaA/ShortSword/Tower/FullPlate [(EInd, RProw, NPie, NCun), Nimble, Temp]|M4",Man-at-Arms,Short Sword,Tower Shield,Full Plate,,False,25,"Immune Blocked,Nimble,Tempered",1400,,False,Animal Husbandry|Armory|Blacksmith|Carpentry|Coliseum|Conditioning Field|Forge|Furnace|Gilded Foundry|Joinery|Tannery,4,9
"MaA/Bastard/Tower/FullPlate [(EInd, RProw, NPie, NCun), Nimble, Temp]|M4",Man-at-Arms,Bastard Sword,Tower Shield,Full Plate,,False,25,"Immune Blocked,Nimble,Tempered",1400,,False,Animal Husbandry|Armory|Blacksmith|Carpentry|Coliseum|Conditioning Field|Forge|Furnace|Gilded Foundry|Joinery|Tannery,4,9
"MaA/FarmTools/Tower/Cloth [(EInd, RProw, NPie, NCun), Nimble, Serr]|M4",Man-at-Arms,Farm Tools,Tower Shield,Cloth,,False,25,"Immune Blocked,Nimble,Serrated",1600,,False,Blacksmith|Carpentry|Coliseum|Conditioning Field|Forge|Furnace|Joinery|Master Workshop,4,9
"MaA/2HBastard/Chain [(EInd, RProw, NPie, NCun), Nimble]|M4",Man-at-Arms,2HBastard,,Chainmail,,False,25,"Immune Blocked,Nimble",1100,,False,Animal Husbandry|Armory|Blacksmith|Butchery|Coliseum|Conditioning Field|Forge|Furnace|Tannery,4,9
"MaA/FarmTools/Tower/Leather [(EInd, RProw, NPie, NCun), Nimble]|M4",Man-at-Arms,Farm Tools,Tower Shield,Leather,,False,25,"Immune Blocked,Nimble",1600,,False,Animal Husbandry|Blacksmith|Carpentry|Coliseum|Conditioning Field|Forge|Furnace|Joinery|Tannery,4,9
"MaA/WarHammer/Chain [(EInd, RProw, NPie, NCun), Nimble, Serr]|M4",Man-at-Arms,War Hammer,,Chainmail,,False,25,"Immune Blocked,Nimble,Serrated",1400,,False,Animal Husbandry|Armory|Blacksmith|Coliseum|Conditioning Field|Forge|Furnace|Master Workshop|Tannery,4,9
"MaA/Cavalry Spear/Buckler/Cloth [(RInd, RProw, NPie, NCun), Nimble]|M4",Man-at-Arms,Cavalry Spear,Buckler Shield,Cloth,,False,25,"Immune Blocked,Nimble",1800,,False,Blacksmith|Carpentry|Coliseum|Conditioning Field|Furnace|Joinery|Stable,4,6
"MaA/BattleAxe/Chain [(EInd, RProw, NPie, NCun), Nimble, Serr]|M4",Man-at-Arms,Battle Axe,,Chainmail,,False,25,"Immune Blocked,Nimble,Serrated",1400,,False,Animal Husbandry|Armory|Blacksmith|Coliseum|Conditioning Field|Furnace|Master Workshop|Tannery,4,9
"MaA/Cavalry Spear/Kite/Cloth [(RInd, RProw, NPie, NCun), Nimble]|M4",Man-at-Arms,Cavalry Spear,Kite Shield,Cloth,,False,25,"Immune Blocked,Nimble",1400,,False,Armory|Blacksmith|Carpentry|Coliseum|Conditioning Field|Furnace|Joinery|Tannery,4,6
"MaA/HuntBow/Cloth [(NInd, EProw, NPie, NCun), Florentine, ImmU, Nimble]|M4",Man-at-Arms,Farm Tools,,Cloth,Hunting Bow,True,25,"Nimble,Immune Unwieldy,Parry,Immune Blocked,Florentine",1800,,False,Carpentry|Coliseum|Conditioning Field|Fletchery|Tiltyard,4,6
"MaA/FarmTools/Tower/Chain [(EInd, RProw, NPie, NCun), Nimble]|M4",Man-at-Arms,Farm Tools,Tower Shield,Chainmail,,False,25,"Immune Blocked,Nimble",1400,,False,Animal Husbandry|Armory|Blacksmith|Carpentry|Coliseum|Conditioning Field|Forge|Furnace|Joinery|Tannery,4,9
"MaA/Arming/Tower/Cloth [(EInd, RProw, NPie, NCun), Nimble, Serr]|M4",Man-at-Arms,Arming Sword,Tower Shield,Cloth,,False,25,"Immune Blocked,Nimble,Serrated",1600,,False,Blacksmith|Carpentry|Coliseum|Conditioning Field|Forge|Furnace|Joinery|Master Workshop,4,9
"MaA/Lance/Buckler/Cloth [(EInd, RProw, NPie, NCun), Nimble]|M4",Man-at-Arms,Lance,Buckler Shield,Cloth,,False,25,"Immune Blocked,Nimble",1800,,False,Blacksmith|Carpentry|Coliseum|Conditioning Field|Forge|Furnace|Joinery|Stable,4,9
"MaA/Halberd/Leather [(RInd, RProw, NPie, NCun), Nimble]|M4",Man-at-Arms,Halberd,,Leather,,False,25,"Immune Blocked,Nimble",1800,,False,Animal Husbandry|Blacksmith|Coliseum|Conditioning Field|Furnace|Stable|Tannery,4,6
"MaA/Morningstar/Tower/Chain [(EInd, RProw, NPie, NCun), Nimble]|M4",Man-at-Arms,Morningstar,Tower Shield,Chainmail,,False,25,"Immune Blocked,Nimble",1400,,False,Animal Husbandry|Armory|Blacksmith|Carpentry|Coliseum|Conditioning Field|Forge|Furnace|Joinery|Tannery,4,9
"MaA/Cudgel/Chain [(RInd, RProw, NPie, NCun), Nimble]|M4",Man-at-Arms,Cudgel,,Chainmail,,False,25,"Immune Blocked,Nimble",1600,,False,Animal Husbandry|Armory|Blacksmith|Coliseum|Conditioning Field|Furnace|Stable|Tannery,4,6
"MaA/Daggers/Chain [PrI, (RInd, EProw, SPie, NCun), Nimble, Shake+1]|M4",Man-at-Arms,Daggers,,Chainmail,,False,25,"Nimble,Parry,Immune Blocked,Shake +1,Resolute",1600,,False,Animal Husbandry|Armory|Blacksmith|Coliseum|Conditioning Field|Furnace|Preceptory|Tannery,4,19
"MaA/Pike/Cloth [MiMiStI, (EInd, SProw, NPie, NCun), Nimble, Serr]|M4",Man-at-Arms,Pike,,Cloth,,False,25,"Nimble,Parry,Seize: first,Serrated,Init +1,Immune Blocked,MaxInit3",1800,,False,Blacksmith|Coliseum|Conditioning Field|Furnace|Master Workshop|Ministry of Military Strategy,4,16
"MaA/Daggers/FullPlate [(EInd, RProw, NPie, NCun), Nimble, Temp]|M4",Man-at-Arms,Daggers,,Full Plate,,False,25,"Immune Blocked,Nimble,Tempered",1100,,False,Animal Husbandry|Armory|Blacksmith|Butchery|Coliseum|Conditioning Field|Furnace|Gilded Foundry|Tannery,4,9
"MaA/Halberd/Leather [RoPaM, (RInd, SProw, NPie, NCun), Nimble, Parry +1, Riposte]|M4",Man-at-Arms,Halberd,,Leather,,False,25,"Parry +1,Nimble,Parry,Drilled,Riposte,Immune Blocked,Immune Strain",1800,,False,Animal Husbandry|Blacksmith|Coliseum|Conditioning Field|Furnace|Grand Tournament|Royal Pavilion|Tannery|Tiltyard,4,13
"MaA/Daggers/Chain [RoPaM, (RInd, SProw, NPie, NCun), Nimble, Parry +1, Riposte]|M4",Man-at-Arms,Daggers,,Chainmail,,False,25,"Parry +1,Nimble,Parry,Drilled,Riposte,Immune Blocked,Immune Strain",1600,,False,Animal Husbandry|Armory|Blacksmith|Coliseum|Conditioning Field|Furnace|Grand Tournament|Royal Pavilion|Tannery|Tiltyard,4,13
"MaA/Morningstar/Tower/Cloth [MiMiStI, (EInd, SProw, NPie, NCun), Nimble]|M4",Man-at-Arms,Morningstar,Tower Shield,Cloth,,False,25,"Nimble,Parry,Seize: first,Init +1,Immune Blocked,MaxInit3",1800,,False,Blacksmith|Carpentry|Coliseum|Conditioning Field|Forge|Furnace|Joinery|Ministry of Military Strategy,4,16
"MaA/FarmTools/Chain [(EInd, RProw, NPie, NCun), Nimble, Serr]|M4",Man-at-Arms,Farm Tools,,Chainmail,,False,25,"Immune Blocked,Nimble,Serrated",1400,,False,Animal Husbandry|Armory|Blacksmith|Coliseum|Conditioning Field|Furnace|Master Workshop|Tannery,4,9
"MaA/Spears/Targe/Chain [(RInd, RProw, NPie, NCun), Nimble]|M4",Man-at-Arms,Spears,Targe Shield,Chainmail,,False,25,"Immune Blocked,Nimble",1400,,False,Animal Husbandry|Armory|Blacksmith|Carpentry|Coliseum|Conditioning Field|Furnace|Joinery|Tannery,4,6
"MaA/WarHammer/Leather [MiMiStI, (EInd, SProw, NPie, NCun), Nimble]|M4",Man-at-Arms,War Hammer,,Leather,,False,25,"Nimble,Parry,Seize: first,Init +1,Immune Blocked,MaxInit3",1800,,False,Animal Husbandry|Blacksmith|Coliseum|Conditioning Field|Forge|Furnace|Ministry of Military Strategy|Tannery,4,16
"MaA/ShortSword/Targe/FullPlate [(EInd, EProw, NPie, NCun), Nimble, Parry +1, Riposte, Temp]|M4",Man-at-Arms,Short Sword,Targe Shield,Full Plate,,False,25,"Parry +1,Nimble,Parry,Tempered,Riposte,Immune Blocked",1400,,False,Animal Husbandry|Armory|Blacksmith|Carpentry|Coliseum|Conditioning Field|Furnace|Gilded Foundry|Grand Tournament|Joinery|Tannery,4,12
"MaA/ShortSword/Tower/Leather [(EInd, RProw, NPie, NCun), Nimble]|M4",Man-at-Arms,Short Sword,Tower Shield,Leather,,False,25,"Immune Blocked,Nimble",1600,,False,Animal Husbandry|Blacksmith|Carpentry|Coliseum|Conditioning Field|Forge|Furnace|Joinery|Tannery,4,9
"MaA/WarHammer/Chain [(EInd, RProw, NPie, NCun), Nimble]|M4",Man-at-Arms,War Hammer,,Chainmail,,False,25,"Immune Blocked,Nimble",1100,,False,Animal Husbandry|Armory|Blacksmith|Butchery|Coliseum|Conditioning Field|Forge|Furnace|Tannery,4,9
"MaA/BattleAxe/FullPlate [(EInd, RProw, NPie, NCun), Nimble, Temp]|M4",Man-at-Arms,Battle Axe,,Full Plate,,False,25,"Immune Blocked,Nimble,Tempered",1100,,False,Animal Husbandry|Armory|Blacksmith|Butchery|Coliseum|Conditioning Field|Furnace|Gilded Foundry|Tannery,4,9
"MaA/Pike/Cloth [(RInd, RProw, NPie, NCun), Nimble, Recover 8]|M4",Man-at-Arms,Pike,,Cloth,,False,25,"Immune Blocked,Nimble,Recover 8",2000,,False,Apothecary|Blacksmith|Coliseum|Conditioning Field|Furnace|Herb Garden,4,6
"MaA/BattleAxe/Leather [(RInd, EProw, NPie, NCun), Nimble, Parry +1, Riposte]|M4",Man-at-Arms,Battle Axe,,Leather,,False,25,"Parry +1,Nimble,Parry,Riposte,Immune Blocked",1300,,False,Animal Husbandry|Blacksmith|Butchery|Coliseum|Conditioning Field|Furnace|Grand Tournament|Tannery,4,9
"MaA/Lance/Buckler/Chain [(EInd, RProw, NPie, NCun), Nimble]|M4",Man-at-Arms,Lance,Buckler Shield,Chainmail,,False,25,"Immune Blocked,Nimble",1400,,False,Animal Husbandry|Armory|Blacksmith|Carpentry|Coliseum|Conditioning Field|Forge|Furnace|Joinery|Tannery,4,9
"MaA/Spears/Kite/FullPlate [(EInd, RProw, NPie, NCun), Nimble, Temp]|M4",Man-at-Arms,Spears,Kite Shield,Full Plate,,False,25,"Immune Blocked,Nimble,Tempered",1400,,False,Animal Husbandry|Armory|Blacksmith|Carpentry|Coliseum|Conditioning Field|Furnace|Gilded Foundry|Joinery|Tannery,4,9
"MaA/Halberd/Cloth [(RInd, RProw, NPie, NCun), Nimble, Recover 8]|M4",Man-at-Arms,Halberd,,Cloth,,False,25,"Immune Blocked,Nimble,Recover 8",2000,,False,Apothecary|Blacksmith|Coliseum|Conditioning Field|Furnace|Herb Garden,4,6
"MaA/ShortSword/Targe/FullPlate [(EInd, EProw, NPie, NCun), Nimble, Parry +1, Riposte, Temp]|M5",Man-at-Arms,Short Sword,Targe Shield,Full Plate,,False,25,"Parry +1,Nimble,Parry,Tempered,Riposte,Immune Blocked",900,,False,Animal Husbandry|Armory|Blacksmith|Butchery|Carpentry|Coliseum|Conditioning Field|Furnace|Gilded Foundry|Grand Tournament|Joinery|Tannery,5,12
"MaA/Pitchfork+HuntBow/Leather (TY) [(NInd, EProw, NPie, NCun), Florentine, ImmU, Nimble]|M5",Man-at-Arms,Pitchfork,,Leather,Hunting Bow,True,25,"Nimble,Immune Unwieldy,Parry,Immune Blocked,Florentine",1600,,False,Animal Husbandry|Carpentry|Coliseum|Conditioning Field|Fletchery|Tannery|Tiltyard,5,6
"MaA/WarHammer+Javelin/Cloth (TY) [RoPaM, (EInd, SProw, NPie, NCun), Florentine, ImmU, Nimble, Parry +1, Riposte]|M5",Man-at-Arms,War Hammer,,Cloth,Javelin,True,25,"Parry +1,Nimble,Immune Unwieldy,Immune Blocked,Immune Strain,Parry,Drilled,Riposte,Florentine",1800,,False,Blacksmith|Carpentry|Coliseum|Conditioning Field|Fletchery|Forge|Furnace|Grand Tournament|Royal Pavilion|Tiltyard,5,16
"MaA/Flail/Kite/Chain [MiMiStI, (RInd, SProw, NPie, NCun), Nimble]|M5",Man-at-Arms,Flail,Kite Shield,Chainmail,,False,25,"Nimble,Parry,Seize: first,Init +1,Immune Blocked,MaxInit3",1400,,False,Animal Husbandry|Armory|Blacksmith|Carpentry|Coliseum|Conditioning Field|Furnace|Joinery|Ministry of Military Strategy|Tannery,5,13
"MaA/ShortSword/Kite/Leather [(RInd, RProw, NPie, NCun), Nimble]|M5",Man-at-Arms,Short Sword,Kite Shield,Leather,,False,25,"Immune Blocked,Nimble",1400,,False,Animal Husbandry|Armory|Blacksmith|Carpentry|Coliseum|Conditioning Field|Furnace|Joinery|Stable|Tannery,5,6
"MaA/Arming/Tower/FullPlate [(EInd, RProw, NPie, NCun), Nimble, Temp]|M5",Man-at-Arms,Arming Sword,Tower Shield,Full Plate,,False,25,"Immune Blocked,Nimble,Tempered",1400,,False,Animal Husbandry|Armory|Blacksmith|Carpentry|Coliseum|Conditioning Field|Forge|Furnace|Gilded Foundry|Joinery|Stable|Tannery,5,9
"MaA/HuntBow/Cloth [(NInd, EProw, NPie, NCun), Florentine, ImmU, Nimble]|M5",Man-at-Arms,Farm Tools,,Cloth,Hunting Bow,True,25,"Nimble,Immune Unwieldy,Parry,Immune Blocked,Florentine",1800,,False,Carpentry|Coliseum|Conditioning Field|Fletchery|Stable|Tiltyard,5,6
"MaA/2HBastard+Crossbow/Cloth (TY) [(EInd, EProw, NPie, NCun), Florentine, ImmU, Nimble]|M5",Man-at-Arms,2HBastard,,Cloth,Crossbow,True,25,"Nimble,Immune Unwieldy,Parry,Immune Blocked,Florentine",1800,,False,Blacksmith|Carpentry|Coliseum|Conditioning Field|Fletchery|Forge|Furnace|Tiltyard,5,12
"MaA/Bastard+Crossbow/Tower/Cloth (TY) [(EInd, EProw, NPie, NCun), Florentine, ImmU, Nimble, Parry +1, Riposte]|M5",Man-at-Arms,Bastard Sword,Tower Shield,Cloth,Crossbow,True,25,"Parry +1,Nimble,Immune Unwieldy,Parry,Riposte,Immune Blocked,Florentine",1600,,False,Blacksmith|Carpentry|Coliseum|Conditioning Field|Fletchery|Forge|Furnace|Grand Tournament|Joinery|Tiltyard,5,12
"MaA/Javelin/Cloth [(RInd, EProw, NPie, NCun), Florentine, ImmU, Nimble]|M5",Man-at-Arms,Farm Tools,,Cloth,Javelin,True,25,"Nimble,Immune Unwieldy,Parry,Immune Blocked,Florentine",1800,,False,Blacksmith|Carpentry|Coliseum|Conditioning Field|Fletchery|Furnace|Tiltyard,5,9
"MaA/Arming/Kite/FullPlate [(EInd, RProw, NPie, NCun), Nimble, Serr, Temp]|M5",Man-at-Arms,Arming Sword,Kite Shield,Full Plate,,False,25,"Immune Blocked,Nimble,Tempered,Serrated",1200,,False,Animal Husbandry|Armory|Blacksmith|Carpentry|Coliseum|Conditioning Field|Furnace|Gilded Foundry|Joinery|Master Workshop|Tannery,5,9
"MaA/Cavalry Spear/Buckler/FullPlate [(EInd, RProw, NPie, NCun), Nimble, Temp]|M5",Man-at-Arms,Cavalry Spear,Buckler Shield,Full Plate,,False,25,"Immune Blocked,Nimble,Tempered",900,,False,Animal Husbandry|Armory|Blacksmith|Butchery|Carpentry|Coliseum|Conditioning Field|Furnace|Gilded Foundry|Joinery|Tannery,5,9
"MaA/2HBastard/Gothic [ABFM, (SInd, RProw, NPie, NCun), Nimble, Serr, Temp]|M5",Man-at-Arms,2HBastard,,Gothic Plate,,False,25,"ABF,Nimble,Tempered,Serrated,Immune Blocked",900,,False,ABF|Animal Husbandry|Armory|Blacksmith|Coliseum|Conditioning Field|Forge|Furnace|Gilded Foundry|Master Workshop|Stable|Tannery,5,13
"MaA/FarmTools/Cloth [(NInd, RProw, EPie, NCun), Enduring, Nimble, Rec 6, Recover 7, Recover 8, Shake+1]|M5",Man-at-Arms,Farm Tools,,Cloth,,False,25,"Enduring,Nimble,Recover 6,Recover 8,Immune Blocked,Recover 7,Shake +1",1200,,False,Alchemy|Animal Husbandry|Apothecary|Butchery|Coliseum|Conditioning Field|Herb Garden|Hospitaller|Infirmary|Tannery,5,9
"MaA/Halberd/Cloth [(RInd, EProw, EPie, NCun), Enduring, Nimble, Parry +1, Rec 6, Recover 7, Recover 8, Riposte, Shake+1]|M5",Man-at-Arms,Halberd,,Cloth,,False,25,"Enduring,Parry +1,Nimble,Recover 8,Immune Blocked,Recover 7,Recover 6,Parry,Riposte,Shake +1",1900,,False,Alchemy|Apothecary|Blacksmith|Coliseum|Conditioning Field|Furnace|Grand Tournament|Herb Garden|Hospitaller|Infirmary|Stable,5,15
"MaA/2HBastard+Javelin/Cloth (TY) [(EInd, EProw, NPie, NCun), Florentine, ImmU, Nimble]|M5",Man-at-Arms,2HBastard,,Cloth,Javelin,True,25,"Nimble,Immune Unwieldy,Parry,Immune Blocked,Florentine",1800,,False,Blacksmith|Carpentry|Coliseum|Conditioning Field|Fletchery|Forge|Furnace|Tiltyard,5,12
"MaA/Pitchfork+Javelin/Cloth (TY) [(RInd, EProw, NPie, NCun), Florentine, ImmU, Nimble]|M5",Man-at-Arms,Pitchfork,,Cloth,Javelin,True,25,"Nimble,Immune Unwieldy,Parry,Immune Blocked,Florentine",1800,,False,Blacksmith|Carpentry|Coliseum|Conditioning Field|Fletchery|Furnace|Tiltyard,5,9
"MaA/Pitchfork/FullPlate [(EInd, EProw, NPie, NCun), Nimble, Parry +1, Recover 8, Riposte, Temp]|M5",Man-at-Arms,Pitchfork,,Full Plate,,False,25,"Parry +1,Nimble,Parry,Recover 8,Tempered,Riposte,Immune Blocked",1600,,False,Animal Husbandry|Apothecary|Armory|Blacksmith|Coliseum|Conditioning Field|Furnace|Gilded Foundry|Grand Tournament|Herb Garden|Tannery,5,12
"MaA/Daggers/Chain [PrI, (RInd, EProw, SPie, NCun), Nimble, Shake+1]|M5",Man-at-Arms,Daggers,,Chainmail,,False,25,"Nimble,Parry,Immune Blocked,Shake +1,Resolute",1600,,False,Animal Husbandry|Armory|Blacksmith|Coliseum|Conditioning Field|Furnace|Preceptory|Stable|Tannery,5,19
"MaA/Spears+HuntBow/Tower/Cloth (TY) [(EInd, EProw, NPie, NCun), Florentine, ImmU, Nimble]|M5",Man-at-Arms,Spears,Tower Shield,Cloth,Hunting Bow,True,25,"Nimble,Immune Unwieldy,Parry,Immune Blocked,Florentine",1600,,False,Blacksmith|Carpentry|Coliseum|Conditioning Field|Fletchery|Forge|Furnace|Joinery|Tiltyard,5,12
"MaA/Cavalry Spear/Buckler/FullPlate [(EInd, RProw, NPie, NCun), Nimble, Serr, Temp]|M5",Man-at-Arms,Cavalry Spear,Buckler Shield,Full Plate,,False,25,"Immune Blocked,Nimble,Tempered,Serrated",1200,,False,Animal Husbandry|Armory|Blacksmith|Carpentry|Coliseum|Conditioning Field|Furnace|Gilded Foundry|Joinery|Master Workshop|Tannery,5,9
"MaA/Spears/Cloth (DW) [(NInd, EProw, NPie, NCun), DW, Florentine, ImmU, Nimble]|M5",Man-at-Arms,Spears,,Cloth,,True,25,"Nimble,Immune Unwieldy,Parry,Dual Wield,Immune Blocked,Florentine",2000,,False,Carpentry|Coliseum|Conditioning Field|Fletchery|Furnace|Tiltyard,5,6
"MaA/FarmTools/Kite/FullPlate [(EInd, RProw, NPie, NCun), Nimble, Serr, Temp]|M5",Man-at-Arms,Farm Tools,Kite Shield,Full Plate,,False,25,"Immune Blocked,Nimble,Tempered,Serrated",1200,,False,Animal Husbandry|Armory|Blacksmith|Carpentry|Coliseum|Conditioning Field|Furnace|Gilded Foundry|Joinery|Master Workshop|Tannery,5,9
"MaA/Pitchfork/FullPlate [PrI, (EInd, EProw, SPie, NCun), Nimble, Serr, Shake+1, Temp]|M5",Man-at-Arms,Pitchfork,,Full Plate,,False,25,"Nimble,Parry,Tempered,Serrated,Immune Blocked,Shake +1,Resolute",1400,,False,Animal Husbandry|Armory|Blacksmith|Coliseum|Conditioning Field|Furnace|Gilded Foundry|Master Workshop|Preceptory|Tannery,5,22
"MaA/Spears+HuntBow/Tower/Cloth (TY) [(EInd, EProw, NPie, NCun), Florentine, ImmU, Nimble, Parry +1, Riposte]|M5",Man-at-Arms,Spears,Tower Shield,Cloth,Hunting Bow,True,25,"Parry +1,Nimble,Immune Unwieldy,Parry,Riposte,Immune Blocked,Florentine",1600,,False,Blacksmith|Carpentry|Coliseum|Conditioning Field|Fletchery|Forge|Furnace|Grand Tournament|Joinery|Tiltyard,5,12
"MaA/FarmTools/Tower/FullPlate [PrI, (EInd, EProw, SPie, NCun), Nimble, Shake+1, Temp]|M5",Man-at-Arms,Farm Tools,Tower Shield,Full Plate,,False,25,"Nimble,Parry,Tempered,Immune Blocked,Shake +1,Resolute",1400,,False,Animal Husbandry|Armory|Blacksmith|Carpentry|Coliseum|Conditioning Field|Forge|Furnace|Gilded Foundry|Joinery|Preceptory|Tannery,5,22
"MaA/ShortSword+Javelin/Targe/Cloth (TY) [(RInd, EProw, NPie, NCun), Florentine, ImmU, Nimble]|M5",Man-at-Arms,Short Sword,Targe Shield,Cloth,Javelin,True,25,"Nimble,Immune Unwieldy,Parry,Immune Blocked,Florentine",1600,,False,Blacksmith|Carpentry|Coliseum|Conditioning Field|Fletchery|Furnace|Joinery|Tiltyard,5,9
"MaA/FarmTools/Tower/FullPlate [(EInd, RProw, NPie, NCun), Nimble, Temp]|M5",Man-at-Arms,Farm Tools,Tower Shield,Full Plate,,False,25,"Immune Blocked,Nimble,Tempered",1400,,False,Animal Husbandry|Armory|Blacksmith|Carpentry|Coliseum|Conditioning Field|Forge|Furnace|Gilded Foundry|Joinery|Stable|Tannery,5,9
"MaA/Arming+HuntBow/Tower/Cloth (TY) [(EInd, EProw, NPie, NCun), Florentine, ImmU, Nimble]|M5",Man-at-Arms,Arming Sword,Tower Shield,Cloth,Hunting Bow,True,25,"Nimble,Immune Unwieldy,Parry,Immune Blocked,Florentine",1600,,False,Blacksmith|Carpentry|Coliseum|Conditioning Field|Fletchery|Forge|Furnace|Joinery|Tiltyard,5,12
"MaA/FarmTools/Targe/Chain [(EInd, RProw, NPie, NCun), Nimble, Serr]|M5",Man-at-Arms,Farm Tools,Targe Shield,Chainmail,,False,25,"Immune Blocked,Nimble,Serrated",1200,,False,Animal Husbandry|Armory|Blacksmith|Carpentry|Coliseum|Conditioning Field|Furnace|Joinery|Master Workshop|Tannery,5,9
"MaA/Lance/Buckler/FullPlate [RoPaM, (EInd, SProw, NPie, NCun), Nimble, Parry +1, Riposte, Temp]|M5",Man-at-Arms,Lance,Buckler Shield,Full Plate,,False,25,"Parry +1,Nimble,Immune Blocked,Immune Strain,Parry,Tempered,Drilled,Riposte",1400,,False,Animal Husbandry|Armory|Blacksmith|Carpentry|Coliseum|Conditioning Field|Forge|Furnace|Gilded Foundry|Grand Tournament|Joinery|Royal Pavilion|Tannery|Tiltyard,5,16
"MaA/Halberd/FullPlate [(EInd, RProw, NPie, NCun), Nimble, Recover 8, Temp]|M5",Man-at-Arms,Halberd,,Full Plate,,False,25,"Tempered,Nimble,Recover 8,Immune Blocked",1600,,False,Animal Husbandry|Apothecary|Armory|Blacksmith|Coliseum|Conditioning Field|Furnace|Gilded Foundry|Herb Garden|Tannery,5,9
"MaA/FarmTools/Buckler/Chain [(EInd, RProw, NPie, NCun), Nimble, Serr]|M5",Man-at-Arms,Farm Tools,Buckler Shield,Chainmail,,False,25,"Immune Blocked,Nimble,Serrated",1200,,False,Animal Husbandry|Armory|Blacksmith|Carpentry|Coliseum|Conditioning Field|Furnace|Joinery|Master Workshop|Tannery,5,9
"MaA/Arming/Kite/FullPlate [(EInd, RProw, NPie, NCun), Nimble, Temp]|M5",Man-at-Arms,Arming Sword,Kite Shield,Full Plate,,False,25,"Immune Blocked,Nimble,Tempered",900,,False,Animal Husbandry|Armory|Blacksmith|Butchery|Carpentry|Coliseum|Conditioning Field|Furnace|Gilded Foundry|Joinery|Tannery,5,9
"MaA/Cudgel+HuntBow/Cloth (TY) [(NInd, EProw, NPie, NCun), Florentine, ImmU, Nimble, Parry +1, Riposte]|M5",Man-at-Arms,Cudgel,,Cloth,Hunting Bow,True,25,"Parry +1,Nimble,Immune Unwieldy,Parry,Riposte,Immune Blocked,Florentine",1800,,False,Carpentry|Coliseum|Conditioning Field|Fletchery|Grand Tournament|Stable|Tiltyard,5,6
"MaA/Flail/Tower/FullPlate [MiMiStI, (EInd, SProw, NPie, NCun), Nimble, Temp]|M5",Man-at-Arms,Flail,Tower Shield,Full Plate,,False,25,"Nimble,Parry,Seize: first,Tempered,Init +1,Immune Blocked,MaxInit3",1400,,False,Animal Husbandry|Armory|Blacksmith|Carpentry|Coliseum|Conditioning Field|Forge|Furnace|Gilded Foundry|Joinery|Ministry of Military Strategy|Tannery,5,16
"MaA/Lance/Targe/FullPlate [(EInd, RProw, NPie, NCun), Nimble, Temp]|M5",Man-at-Arms,Lance,Targe Shield,Full Plate,,False,25,"Immune Blocked,Nimble,Tempered",1400,,False,Animal Husbandry|Armory|Blacksmith|Carpentry|Coliseum|Conditioning Field|Forge|Furnace|Gilded Foundry|Joinery|Stable|Tannery,5,9
"MaA/Flail/Kite/Cloth [(RInd, RProw, NPie, NCun), Nimble]|M5",Man-at-Arms,Flail,Kite Shield,Cloth,,False,25,"Immune Blocked,Nimble",1400,,False,Armory|Blacksmith|Carpentry|Coliseum|Conditioning Field|Furnace|Joinery|Stable|Tannery,5,6
"MaA/Lance/Targe/Cloth [MiMiStM, (EInd, SProw, NPie, NCun), Nimble]|M5",Man-at-Arms,Lance,Targe Shield,Cloth,,False,25,"Parry +1,Nimble,Immune Blocked,MaxInit3,Init +1,Parry,Seize: first,Crit 8",1800,,False,Blacksmith|Carpentry|Coliseum|Conditioning Field|Forge|Furnace|Joinery|Ministry of Military Strategy|University|War College,5,16
"MaA/BattleAxe/Leather [MiMiStM, (RInd, SProw, NPie, NCun), Nimble]|M5",Man-at-Arms,Battle Axe,,Leather,,False,25,"Parry +1,Nimble,Immune Blocked,MaxInit3,Init +1,Parry,Seize: first,Crit 8",1800,,False,Animal Husbandry|Blacksmith|Coliseum|Conditioning Field|Furnace|Ministry of Military Strategy|Tannery|University|War College,5,13
"MaA/Arming/Kite/Chain [(RInd, EProw, NPie, NCun), Nimble, Parry +1, Riposte]|M5",Man-at-Arms,Arming Sword,Kite Shield,Chainmail,,False,25,"Parry +1,Nimble,Parry,Riposte,Immune Blocked",900,,False,Animal Husbandry|Armory|Blacksmith|Butchery|Carpentry|Coliseum|Conditioning Field|Furnace|Grand Tournament|Joinery|Tannery,5,9
"MaA/Daggers+HuntBow/Cloth (TY) [(NInd, EProw, NPie, NCun), Florentine, ImmU, Nimble, Parry +1, Riposte]|M5",Man-at-Arms,Daggers,,Cloth,Hunting Bow,True,25,"Parry +1,Nimble,Immune Unwieldy,Parry,Riposte,Immune Blocked,Florentine",1800,,False,Carpentry|Coliseum|Conditioning Field|Fletchery|Furnace|Grand Tournament|Tiltyard,5,6
"MaA/Flail/Cloth (DW) [RoPaM, (RInd, SProw, NPie, NCun), DW, Florentine, ImmU, Nimble, Parry +1, Riposte]|M5",Man-at-Arms,Flail,,Cloth,,True,25,"Parry +1,Nimble,Immune Unwieldy,Immune Blocked,Immune Strain,Parry,Drilled,Riposte,Dual Wield,Florentine",2000,,False,Blacksmith|Carpentry|Coliseum|Conditioning Field|Fletchery|Furnace|Grand Tournament|Royal Pavilion|Tiltyard,5,13
"MaA/Longbow/Cloth [(NInd, EProw, NPie, NCun), Florentine, ImmU, Nimble]|M5",Man-at-Arms,Farm Tools,,Cloth,Longbow,True,25,"Nimble,Immune Unwieldy,Parry,Immune Blocked,Florentine",1800,,False,Carpentry|Coliseum|Conditioning Field|Fletchery|Furnace|Tiltyard,5,6
"MaA/Cavalry Spear/Kite/FullPlate [(EInd, RProw, NPie, NCun), Nimble, Temp]|M5",Man-at-Arms,Cavalry Spear,Kite Shield,Full Plate,,False,25,"Immune Blocked,Nimble,Tempered",900,,False,Animal Husbandry|Armory|Blacksmith|Butchery|Carpentry|Coliseum|Conditioning Field|Furnace|Gilded Foundry|Joinery|Tannery,5,9
"MaA/Halberd/Cloth [(RInd, RProw, EPie, NCun), Enduring, Nimble, Rec 6, Recover 7, Recover 8, Shake+1]|M5",Man-at-Arms,Halberd,,Cloth,,False,25,"Enduring,Nimble,Recover 6,Recover 8,Immune Blocked,Recover 7,Shake +1",1900,,False,Alchemy|Apothecary|Blacksmith|Coliseum|Conditioning Field|Furnace|Herb Garden|Hospitaller|Infirmary|Stable,5,12
"MaA/Flail+Crossbow/Tower/Cloth (TY) [(EInd, EProw, NPie, NCun), Florentine, ImmU, Nimble]|M5",Man-at-Arms,Flail,Tower Shield,Cloth,Crossbow,True,25,"Nimble,Immune Unwieldy,Parry,Immune Blocked,Florentine",1600,,False,Blacksmith|Carpentry|Coliseum|Conditioning Field|Fletchery|Forge|Furnace|Joinery|Tiltyard,5,12
"MaA/Pike+Crossbow/Cloth (TY) [(EInd, EProw, NPie, NCun), Florentine, ImmU, Nimble]|M5",Man-at-Arms,Pike,,Cloth,Crossbow,True,25,"Nimble,Immune Unwieldy,Parry,Immune Blocked,Florentine",1800,,False,Blacksmith|Carpentry|Coliseum|Conditioning Field|Fletchery|Forge|Furnace|Tiltyard,5,12
"MaA/Lance/Buckler/Cloth [(EInd, RProw, NPie, NCun), Nimble, Recover 8]|M5",Man-at-Arms,Lance,Buckler Shield,Cloth,,False,25,"Immune Blocked,Nimble,Recover 8",1800,,False,Apothecary|Blacksmith|Carpentry|Coliseum|Conditioning Field|Forge|Furnace|Herb Garden|Joinery,5,9
"MaA/BattleAxe/Leather [(RInd, RProw, NPie, NCun), Nimble, Recover 8]|M5",Man-at-Arms,Battle Axe,,Leather,,False,25,"Immune Blocked,Nimble,Recover 8",1800,,False,Animal Husbandry|Apothecary|Blacksmith|Coliseum|Conditioning Field|Furnace|Herb Garden|Tannery,5,6
"MaA/FarmTools/Tower/Cloth [MiMiStM, (EInd, SProw, NPie, NCun), Nimble]|M5",Man-at-Arms,Farm Tools,Tower Shield,Cloth,,False,25,"Parry +1,Nimble,Immune Blocked,MaxInit3,Init +1,Parry,Seize: first,Crit 8",1800,,False,Blacksmith|Carpentry|Coliseum|Conditioning Field|Forge|Furnace|Joinery|Ministry of Military Strategy|University|War College,5,16
"MaA/Arming/Tower/Leather [(EInd, RProw, NPie, NCun), Nimble]|M5",Man-at-Arms,Arming Sword,Tower Shield,Leather,,False,25,"Immune Blocked,Nimble",1600,,False,Animal Husbandry|Blacksmith|Carpentry|Coliseum|Conditioning Field|Forge|Furnace|Joinery|Stable|Tannery,5,9
"MaA/Lance/Targe/Chain [(EInd, RProw, NPie, NCun), Nimble]|M5",Man-at-Arms,Lance,Targe Shield,Chainmail,,False,25,"Immune Blocked,Nimble",1400,,False,Animal Husbandry|Armory|Blacksmith|Carpentry|Coliseum|Conditioning Field|Forge|Furnace|Joinery|Stable|Tannery,5,9
"MaA/Halberd/FullPlate [OuInPoI, (EInd, RProw, NPie, SCun), Nimble, Temp]|M5",Man-at-Arms,Halberd,,Full Plate,,False,25,"Nimble,Tempered,confers:Blocked,Immune Blocked,Outrider: once,confers:Strain",1600,,False,Animal Husbandry|Armory|Blacksmith|Coliseum|Conditioning Field|Furnace|Gilded Foundry|Outrider Intercept Post|Stable|Tannery,5,19
"MaA/Flail/Tower/Leather [MiMiStI, (EInd, SProw, NPie, NCun), Nimble]|M5",Man-at-Arms,Flail,Tower Shield,Leather,,False,25,"Nimble,Parry,Seize: first,Init +1,Immune Blocked,MaxInit3",1600,,False,Animal Husbandry|Blacksmith|Carpentry|Coliseum|Conditioning Field|Forge|Furnace|Joinery|Ministry of Military Strategy|Tannery,5,16
"MaA/Bastard+Longbow/Tower/Cloth (TY) [(EInd, EProw, NPie, NCun), Florentine, ImmU, Nimble]|M5",Man-at-Arms,Bastard Sword,Tower Shield,Cloth,Longbow,True,25,"Nimble,Immune Unwieldy,Parry,Immune Blocked,Florentine",1600,,False,Blacksmith|Carpentry|Coliseum|Conditioning Field|Fletchery|Forge|Furnace|Joinery|Tiltyard,5,12
"MaA/Flail/Tower/Chain [(EInd, RProw, NPie, NCun), Nimble]|M5",Man-at-Arms,Flail,Tower Shield,Chainmail,,False,25,"Immune Blocked,Nimble",1400,,False,Animal Husbandry|Armory|Blacksmith|Carpentry|Coliseum|Conditioning Field|Forge|Furnace|Joinery|Stable|Tannery,5,9
"MaA/Crossbow/Cloth [(EInd, EProw, NPie, NCun), Florentine, ImmU, Nimble]|M5",Man-at-Arms,Farm Tools,,Cloth,Crossbow,True,25,"Nimble,Immune Unwieldy,Parry,Immune Blocked,Florentine",1800,,False,Blacksmith|Carpentry|Coliseum|Conditioning Field|Fletchery|Forge|Furnace|Tiltyard,5,12
"MaA/Bastard/Tower/Chain [(EInd, RProw, NPie, NCun), Nimble]|M5",Man-at-Arms,Bastard Sword,Tower Shield,Chainmail,,False,25,"Immune Blocked,Nimble",1400,,False,Animal Husbandry|Armory|Blacksmith|Carpentry|Coliseum|Conditioning Field|Forge|Furnace|Joinery|Stable|Tannery,5,9
"MaA/Halberd/Leather [RoPaM, (RInd, SProw, NPie, NCun), Nimble, Parry +1, Riposte]|M5",Man-at-Arms,Halberd,,Leather,,False,25,"Parry +1,Nimble,Parry,Drilled,Riposte,Immune Blocked,Immune Strain",1800,,False,Animal Husbandry|Blacksmith|Coliseum|Conditioning Field|Furnace|Grand Tournament|Royal Pavilion|Stable|Tannery|Tiltyard,5,13
"MaA/Arming/Kite/Leather [PrI, (RInd, EProw, SPie, NCun), Nimble, Shake+1]|M5",Man-at-Arms,Arming Sword,Kite Shield,Leather,,False,25,"Nimble,Parry,Immune Blocked,Shake +1,Resolute",1400,,False,Animal Husbandry|Armory|Blacksmith|Carpentry|Coliseum|Conditioning Field|Furnace|Joinery|Preceptory|Tannery,5,19
"MaA/ShortSword/Kite/Cloth [(RInd, RProw, NPie, NCun), Nimble]|M5",Man-at-Arms,Short Sword,Kite Shield,Cloth,,False,25,"Immune Blocked,Nimble",1400,,False,Armory|Blacksmith|Carpentry|Coliseum|Conditioning Field|Furnace|Joinery|Stable|Tannery,5,6
"MaA/Spears/Targe/Leather [RoPaI, (RInd, SProw, NPie, NCun), Nimble]|M5",Man-at-Arms,Spears,Targe Shield,Leather,,False,25,"Immune Blocked,Parry,Nimble,Immune Strain",1600,,False,Animal Husbandry|Blacksmith|Carpentry|Coliseum|Conditioning Field|Furnace|Joinery|Royal Pavilion|Tannery,5,13
"MaA/Bastard+Javelin/Tower/Cloth (TY) [(EInd, EProw, NPie, NCun), Florentine, ImmU, Nimble]|M5",Man-at-Arms,Bastard Sword,Tower Shield,Cloth,Javelin,True,25,"Nimble,Immune Unwieldy,Parry,Immune Blocked,Florentine",1600,,False,Blacksmith|Carpentry|Coliseum|Conditioning Field|Fletchery|Forge|Furnace|Joinery|Tiltyard,5,12
"MaA/2HBastard/FullPlate [(EInd, RProw, NPie, NCun), Nimble, Recover 8, Temp]|M5",Man-at-Arms,2HBastard,,Full Plate,,False,25,"Tempered,Nimble,Recover 8,Immune Blocked",1600,,False,Animal Husbandry|Apothecary|Armory|Blacksmith|Coliseum|Conditioning Field|Forge|Furnace|Gilded Foundry|Herb Garden|Tannery,5,9
"MaA/ShortSword/Tower/Chain [(EInd, RProw, NPie, NCun), Nimble]|M5",Man-at-Arms,Short Sword,Tower Shield,Chainmail,,False,25,"Immune Blocked,Nimble",1400,,False,Animal Husbandry|Armory|Blacksmith|Carpentry|Coliseum|Conditioning Field|Forge|Furnace|Joinery|Stable|Tannery,5,9
"MaA/Daggers+Crossbow/Cloth (TY) [RoPaM, (EInd, SProw, NPie, NCun), Florentine, ImmU, Nimble, Parry +1, Riposte]|M5",Man-at-Arms,Daggers,,Cloth,Crossbow,True,25,"Parry +1,Nimble,Immune Unwieldy,Immune Blocked,Immune Strain,Parry,Drilled,Riposte,Florentine",1800,,False,Blacksmith|Carpentry|Coliseum|Conditioning Field|Fletchery|Forge|Furnace|Grand Tournament|Royal Pavilion|Tiltyard,5,16
"MaA/Spears/Targe/Cloth [(RInd, RProw, NPie, NCun), Nimble, Recover 8]|M5",Man-at-Arms,Spears,Targe Shield,Cloth,,False,25,"Immune Blocked,Nimble,Recover 8",1800,,False,Apothecary|Blacksmith|Carpentry|Coliseum|Conditioning Field|Furnace|Herb Garden|Joinery,5,6
"MaA/Morningstar/Cloth (DW) [(EInd, EProw, NPie, NCun), DW, Florentine, ImmU, Nimble]|M5",Man-at-Arms,Morningstar,,Cloth,,True,25,"Nimble,Immune Unwieldy,Parry,Dual Wield,Immune Blocked,Florentine",2000,,False,Blacksmith|Carpentry|Coliseum|Conditioning Field|Fletchery|Forge|Furnace|Tiltyard,5,12
"MaA/Cavalry Spear/Kite/Cloth [PrI, (RInd, EProw, SPie, NCun), Nimble, Shake+1]|M5",Man-at-Arms,Cavalry Spear,Kite Shield,Cloth,,False,25,"Nimble,Parry,Immune Blocked,Shake +1,Resolute",1400,,False,Armory|Blacksmith|Carpentry|Coliseum|Conditioning Field|Furnace|Joinery|Preceptory|Tannery,5,19
"MaA/2HBastard+Javelin/Cloth (TY) [RoPaM, (EInd, SProw, NPie, NCun), Florentine, ImmU, Nimble, Parry +1, Riposte]|M5",Man-at-Arms,2HBastard,,Cloth,Javelin,True,25,"Parry +1,Nimble,Immune Unwieldy,Immune Blocked,Immune Strain,Parry,Drilled,Riposte,Florentine",1800,,False,Blacksmith|Carpentry|Coliseum|Conditioning Field|Fletchery|Forge|Furnace|Grand Tournament|Royal Pavilion|Tiltyard,5,16
"MaA/Daggers/Chain [RoPaM, (EInd, SProw, NPie, NCun), Nimble, Parry +1, Riposte, Serr]|M5",Man-at-Arms,Daggers,,Chainmail,,False,25,"Parry +1,Nimble,Serrated,Immune Blocked,Immune Strain,Parry,Drilled,Riposte",1400,,False,Animal Husbandry|Armory|Blacksmith|Coliseum|Conditioning Field|Furnace|Grand Tournament|Master Workshop|Royal Pavilion|Tannery|Tiltyard,5,16
"MaA/Pike/Leather [RoPaM, (RInd, SProw, NPie, NCun), Nimble, Parry +1, Riposte]|M5",Man-at-Arms,Pike,,Leather,,False,25,"Parry +1,Nimble,Parry,Drilled,Riposte,Immune Blocked,Immune Strain",1300,,False,Animal Husbandry|Blacksmith|Butchery|Coliseum|Conditioning Field|Furnace|Grand Tournament|Royal Pavilion|Tannery|Tiltyard,5,13
"MaA/Cavalry Spear/Kite/Cloth [(RInd, RProw, NPie, NCun), Nimble]|M5",Man-at-Arms,Cavalry Spear,Kite Shield,Cloth,,False,25,"Immune Blocked,Nimble",1400,,False,Armory|Blacksmith|Carpentry|Coliseum|Conditioning Field|Furnace|Joinery|Stable|Tannery,5,6
"MaA/Lance/Targe/Cloth [(EInd, RProw, NPie, NCun), Nimble, Recover 8]|M5",Man-at-Arms,Lance,Targe Shield,Cloth,,False,25,"Immune Blocked,Nimble,Recover 8",1800,,False,Apothecary|Blacksmith|Carpentry|Coliseum|Conditioning Field|Forge|Furnace|Herb Garden|Joinery,5,9
"MaA/Halberd+HuntBow/Cloth (TY) [(RInd, EProw, NPie, NCun), Florentine, ImmU, Nimble]|M5",Man-at-Arms,Halberd,,Cloth,Hunting Bow,True,25,"Nimble,Immune Unwieldy,Parry,Immune Blocked,Florentine",1800,,False,Blacksmith|Carpentry|Coliseum|Conditioning Field|Fletchery|Furnace|Tiltyard,5,9
"MaA/Arming/Tower/FullPlate [(EInd, RProw, NPie, NCun), Nimble, Serr, Temp]|M5",Man-at-Arms,Arming Sword,Tower Shield,Full Plate,,False,25,"Immune Blocked,Nimble,Tempered,Serrated",1200,,False,Animal Husbandry|Armory|Blacksmith|Carpentry|Coliseum|Conditioning Field|Forge|Furnace|Gilded Foundry|Joinery|Master Workshop|Tannery,5,9
"MaA/WarHammer/Cloth [(EInd, RProw, EPie, NCun), Enduring, Nimble, Rec 6, Recover 7, Recover 8, Serr, Shake+1]|M5",Man-at-Arms,War Hammer,,Cloth,,False,25,"Enduring,Nimble,Recover 8,Serrated,Immune Blocked,Recover 7,Recover 6,Shake +1",1700,,False,Alchemy|Apothecary|Blacksmith|Coliseum|Conditioning Field|Forge|Furnace|Herb Garden|Hospitaller|Infirmary|Master Workshop,5,15
"MaA/ShortSword+Javelin/Targe/Cloth (TY) [RoPaM, (RInd, SProw, NPie, NCun), Florentine, ImmU, Nimble, Parry +1, Riposte]|M5",Man-at-Arms,Short Sword,Targe Shield,Cloth,Javelin,True,25,"Parry +1,Nimble,Immune Unwieldy,Immune Blocked,Immune Strain,Parry,Drilled,Riposte,Florentine",1600,,False,Blacksmith|Carpentry|Coliseum|Conditioning Field|Fletchery|Furnace|Grand Tournament|Joinery|Royal Pavilion|Tiltyard,5,13
"MaA/FarmTools/Tower/Cloth [(EInd, RProw, NPie, NCun), Nimble, Recover 8]|M5",Man-at-Arms,Farm Tools,Tower Shield,Cloth,,False,25,"Immune Blocked,Nimble,Recover 8",1800,,False,Apothecary|Blacksmith|Carpentry|Coliseum|Conditioning Field|Forge|Furnace|Herb Garden|Joinery,5,9
"MaA/Bastard+Crossbow/Tower/Cloth (TY) [RoPaM, (EInd, SProw, NPie, NCun), Florentine, ImmU, Nimble, Parry +1, Riposte]|M5",Man-at-Arms,Bastard Sword,Tower Shield,Cloth,Crossbow,True,25,"Parry +1,Nimble,Immune Unwieldy,Immune Blocked,Immune Strain,Parry,Drilled,Riposte,Florentine",1600,,False,Blacksmith|Carpentry|Coliseum|Conditioning Field|Fletchery|Forge|Furnace|Grand Tournament|Joinery|Royal Pavilion|Tiltyard,5,16
"MaA/ShortSword+Javelin/Tower/Cloth (TY) [(EInd, EProw, NPie, NCun), Florentine, ImmU, Nimble]|M5",Man-at-Arms,Short Sword,Tower Shield,Cloth,Javelin,True,25,"Nimble,Immune Unwieldy,Parry,Immune Blocked,Florentine",1600,,False,Blacksmith|Carpentry|Coliseum|Conditioning Field|Fletchery|Forge|Furnace|Joinery|Tiltyard,5,12
"MaA/ShortSword+HuntBow/Targe/Cloth (TY) [(RInd, EProw, NPie, NCun), Florentine, ImmU, Nimble]|M5",Man-at-Arms,Short Sword,Targe Shield,Cloth,Hunting Bow,True,25,"Nimble,Immune Unwieldy,Parry,Immune Blocked,Florentine",1600,,False,Blacksmith|Carpentry|Coliseum|Conditioning Field|Fletchery|Furnace|Joinery|Tiltyard,5,9
"MaA/Arming/Tower/Cloth [(EInd, RProw, NPie, NCun), Nimble, Recover 8]|M5",Man-at-Arms,Arming Sword,Tower Shield,Cloth,,False,25,"Immune Blocked,Nimble,Recover 8",1800,,False,Apothecary|Blacksmith|Carpentry|Coliseum|Conditioning Field|Forge|Furnace|Herb Garden|Joinery,5,9
"MaA/2HBastard/Leather [(EInd, RProw, NPie, NCun), Nimble, Recover 8]|M5",Man-at-Arms,2HBastard,,Leather,,False,25,"Immune Blocked,Nimble,Recover 8",1800,,False,Animal Husbandry|Apothecary|Blacksmith|Coliseum|Conditioning Field|Forge|Furnace|Herb Garden|Tannery,5,9
"MaA/Arming/Kite/Cloth [(RInd, RProw, NPie, NCun), Nimble]|M5",Man-at-Arms,Arming Sword,Kite Shield,Cloth,,False,25,"Immune Blocked,Nimble",900,,False,Animal Husbandry|Armory|Blacksmith|Butchery|Carpentry|Coliseum|Conditioning Field|Furnace|Joinery|Tannery,5,6
"MaA/Flail/Kite/Chain [(EInd, RProw, NPie, NCun), Nimble, Serr]|M5",Man-at-Arms,Flail,Kite Shield,Chainmail,,False,25,"Immune Blocked,Nimble,Serrated",1200,,False,Animal Husbandry|Armory|Blacksmith|Carpentry|Coliseum|Conditioning Field|Furnace|Joinery|Master Workshop|Tannery,5,9
"MaA/WarHammer/Gothic [ABFM, (SInd, RProw, NPie, NCun), Nimble, Serr, Temp]|M5",Man-at-Arms,War Hammer,,Gothic Plate,,False,25,"ABF,Nimble,Tempered,Serrated,Immune Blocked",900,,False,ABF|Animal Husbandry|Armory|Blacksmith|Coliseum|Conditioning Field|Forge|Furnace|Gilded Foundry|Master Workshop|Stable|Tannery,5,13
"MaA/Pitchfork+Javelin/Cloth (TY) [(RInd, EProw, NPie, NCun), Florentine, ImmU, Nimble, Parry +1, Riposte]|M5",Man-at-Arms,Pitchfork,,Cloth,Javelin,True,25,"Parry +1,Nimble,Immune Unwieldy,Parry,Riposte,Immune Blocked,Florentine",1800,,False,Blacksmith|Carpentry|Coliseum|Conditioning Field|Fletchery|Furnace|Grand Tournament|Tiltyard,5,9
"MaA/FarmTools/Targe/Leather [(EInd, RProw, NPie, NCun), Nimble, Serr]|M5",Man-at-Arms,Farm Tools,Targe Shield,Leather,,False,25,"Immune Blocked,Nimble,Serrated",1400,,False,Animal Husbandry|Blacksmith|Carpentry|Coliseum|Conditioning Field|Furnace|Joinery|Master Workshop|Tannery,5,9
"MaA/Morningstar/Tower/Leather [(EInd, RProw, NPie, NCun), Nimble]|M5",Man-at-Arms,Morningstar,Tower Shield,Leather,,False,25,"Immune Blocked,Nimble",1100,,False,Animal Husbandry|Blacksmith|Butchery|Carpentry|Coliseum|Conditioning Field|Forge|Furnace|Joinery|Tannery,5,9
"MaA/Spears/Tower/FullPlate [(EInd, RProw, NPie, NCun), Nimble, Serr, Temp]|M5",Man-at-Arms,Spears,Tower Shield,Full Plate,,False,25,"Immune Blocked,Nimble,Tempered,Serrated",1200,,False,Animal Husbandry|Armory|Blacksmith|Carpentry|Coliseum|Conditioning Field|Forge|Furnace|Gilded Foundry|Joinery|Master Workshop|Tannery,5,9
"MaA/WarHammer/Cloth [(EInd, RProw, EPie, NCun), Enduring, Nimble, Rec 6, Recover 7, Recover 8, Shake+1]|M5",Man-at-Arms,War Hammer,,Cloth,,False,25,"Enduring,Nimble,Recover 6,Recover 8,Immune Blocked,Recover 7,Shake +1",1900,,False,Alchemy|Apothecary|Blacksmith|Coliseum|Conditioning Field|Forge|Furnace|Herb Garden|Hospitaller|Infirmary|Stable,5,15
"MaA/Arming+Crossbow/Cloth (TY) [(EInd, EProw, NPie, NCun), Florentine, ImmU, Nimble, Parry +1, Riposte]|M5",Man-at-Arms,Arming Sword,,Cloth,Crossbow,True,25,"Parry +1,Nimble,Immune Unwieldy,Parry,Riposte,Immune Blocked,Florentine",1800,,False,Blacksmith|Carpentry|Coliseum|Conditioning Field|Fletchery|Forge|Furnace|Grand Tournament|Tiltyard,5,12
"MaA/Poleaxe/Chain [ABFM, (SInd, RProw, NPie, NCun), Nimble, Serr, Temp]|M5",Man-at-Arms,Poleaxe,,Chainmail,,False,25,"ABF,Nimble,Tempered,Serrated,Immune Blocked",900,,False,ABF|Animal Husbandry|Armory|Blacksmith|Coliseum|Conditioning Field|Forge|Furnace|Gilded Foundry|Master Workshop|Stable|Tannery,5,13
"MaA/Arming+Crossbow/Tower/Cloth (TY) [(EInd, EProw, NPie, NCun), Florentine, ImmU, Nimble, Parry +1, Riposte]|M5",Man-at-Arms,Arming Sword,Tower Shield,Cloth,Crossbow,True,25,"Parry +1,Nimble,Immune Unwieldy,Parry,Riposte,Immune Blocked,Florentine",1600,,False,Blacksmith|Carpentry|Coliseum|Conditioning Field|Fletchery|Forge|Furnace|Grand Tournament|Joinery|Tiltyard,5,12
"MaA/ShortSword+HuntBow/Tower/Cloth (TY) [(EInd, EProw, NPie, NCun), Florentine, ImmU, Nimble, Parry +1, Riposte]|M5",Man-at-Arms,Short Sword,Tower Shield,Cloth,Hunting Bow,True,25,"Parry +1,Nimble,Immune Unwieldy,Parry,Riposte,Immune Blocked,Florentine",1600,,False,Blacksmith|Carpentry|Coliseum|Conditioning Field|Fletchery|Forge|Furnace|Grand Tournament|Joinery|Tiltyard,5,12
"MaA/FarmTools/Targe/Cloth [(RInd, EProw, NPie, NCun), Nimble, Parry +1, Recover 8, Riposte]|M5",Man-at-Arms,Farm Tools,Targe Shield,Cloth,,False,25,"Parry +1,Nimble,Parry,Recover 8,Riposte,Immune Blocked",1800,,False,Apothecary|Blacksmith|Carpentry|Coliseum|Conditioning Field|Furnace|Grand Tournament|Herb Garden|Joinery,5,9
"MaA/Daggers+HuntBow/Cloth (TY) [(NInd, EProw, NPie, NCun), Florentine, ImmU, Nimble]|M5",Man-at-Arms,Daggers,,Cloth,Hunting Bow,True,25,"Nimble,Immune Unwieldy,Parry,Immune Blocked,Florentine",1800,,False,Carpentry|Coliseum|Conditioning Field|Fletchery|Furnace|Tiltyard,5,6
"MaA/Cudgel+Longbow/Cloth (TY) [(NInd, EProw, NPie, NCun), Florentine, ImmU, Nimble]|M5",Man-at-Arms,Cudgel,,Cloth,Longbow,True,25,"Nimble,Immune Unwieldy,Parry,Immune Blocked,Florentine",1800,,False,Carpentry|Coliseum|Conditioning Field|Fletchery|Furnace|Tiltyard,5,6
"MaA/Arming/Tower/Cloth [(EInd, RProw, EPie, NCun), Enduring, Nimble, Rec 6, Recover 7, Recover 8, Shake+1]|M6",Man-at-Arms,Arming Sword,Tower Shield,Cloth,,False,25,"Enduring,Nimble,Recover 6,Recover 8,Immune Blocked,Recover 7,Shake +1",1700,,False,Alchemy|Apothecary|Blacksmith|Carpentry|Coliseum|Conditioning Field|Forge|Furnace|Herb Garden|Hospitaller|Infirmary|Joinery|Stable,6,15
"MaA/Flail/Tower/FullPlate [PrI, (EInd, EProw, SPie, NCun), Nimble, Serr, Shake+1, Temp]|M6",Man-at-Arms,Flail,Tower Shield,Full Plate,,False,25,"Nimble,Parry,Tempered,Serrated,Immune Blocked,Shake +1,Resolute",1200,,False,Animal Husbandry|Armory|Blacksmith|Carpentry|Coliseum|Conditioning Field|Forge|Furnace|Gilded Foundry|Joinery|Master Workshop|Preceptory|Tannery,6,22
"MaA/Spears+HuntBow/Kite/Chain (TY) [(RInd, EProw, NPie, NCun), Florentine, ImmU, Nimble]|M6",Man-at-Arms,Spears,Kite Shield,Chainmail,Hunting Bow,True,25,"Nimble,Immune Unwieldy,Parry,Immune Blocked,Florentine",1200,,False,Animal Husbandry|Armory|Blacksmith|Carpentry|Coliseum|Conditioning Field|Fletchery|Furnace|Joinery|Tannery|Tiltyard,6,9
"MaA/Arming+Crossbow/Tower/Leather (TY) [(EInd, EProw, NPie, NCun), Florentine, ImmU, Nimble]|M6",Man-at-Arms,Arming Sword,Tower Shield,Leather,Crossbow,True,25,"Nimble,Immune Unwieldy,Parry,Immune Blocked,Florentine",1400,,False,Animal Husbandry|Blacksmith|Carpentry|Coliseum|Conditioning Field|Fletchery|Forge|Furnace|Joinery|Tannery|Tiltyard,6,12
"MaA/Longbow/FullPlate [(EInd, EProw, NPie, NCun), Florentine, ImmU, Nimble, Temp]|M6",Man-at-Arms,Farm Tools,,Full Plate,Longbow,True,25,"Nimble,Immune Unwieldy,Parry,Tempered,Immune Blocked,Florentine",1400,,False,Animal Husbandry|Armory|Blacksmith|Carpentry|Coliseum|Conditioning Field|Fletchery|Furnace|Gilded Foundry|Tannery|Tiltyard,6,12
"MaA/ShortSword+HuntBow/Tower/Leather (TY) [(EInd, EProw, NPie, NCun), Florentine, ImmU, Nimble]|M6",Man-at-Arms,Short Sword,Tower Shield,Leather,Hunting Bow,True,25,"Nimble,Immune Unwieldy,Parry,Immune Blocked,Florentine",1400,,False,Animal Husbandry|Blacksmith|Carpentry|Coliseum|Conditioning Field|Fletchery|Forge|Furnace|Joinery|Tannery|Tiltyard,6,12
"MaA/Lance/Heater/FullPlate [ABFM, (SInd, RProw, NPie, NCun), Nimble, Serr, Temp]|M6",Man-at-Arms,Lance,Heater Shield,Full Plate,,False,25,"ABF,Nimble,Tempered,Serrated,Immune Blocked",700,,False,ABF|Animal Husbandry|Armory|Blacksmith|Carpentry|Coliseum|Conditioning Field|Forge|Furnace|Gilded Foundry|Joinery|Master Workshop|Stable|Tannery,6,13
"MaA/Pike/FullPlate [(EInd, RProw, EPie, NCun), Enduring, Nimble, Rec 6, Recover 7, Recover 8, Serr, Shake+1, Temp]|M6",Man-at-Arms,Pike,,Full Plate,,False,25,"Enduring,Nimble,Recover 8,Serrated,Immune Blocked,Recover 7,Recover 6,Tempered,Shake +1",1300,,False,Alchemy|Animal Husbandry|Apothecary|Armory|Blacksmith|Coliseum|Conditioning Field|Furnace|Gilded Foundry|Herb Garden|Hospitaller|Infirmary|Master Workshop|Tannery,6,15
"MaA/ShortSword+HuntBow/Kite/Chain (TY) [(RInd, EProw, NPie, NCun), Florentine, ImmU, Nimble]|M6",Man-at-Arms,Short Sword,Kite Shield,Chainmail,Hunting Bow,True,25,"Nimble,Immune Unwieldy,Parry,Immune Blocked,Florentine",1200,,False,Animal Husbandry|Armory|Blacksmith|Carpentry|Coliseum|Conditioning Field|Fletchery|Furnace|Joinery|Tannery|Tiltyard,6,9
"MaA/Bastard/Tower/Cloth [OuInPoM, (EInd, RProw, NPie, SCun), Nimble]|M6",Man-at-Arms,Bastard Sword,Tower Shield,Cloth,,False,25,"Nimble,confers:Blocked,Outrider: every,Immune Blocked,confers:Strain",1800,,False,Blacksmith|Caravanery|Carpentry|Cipher Chamber|Coliseum|Conditioning Field|Forge|Furnace|Joinery|Outrider Intercept Post,6,19
"MaA/Bastard+Javelin/Tower/FullPlate (TY) [(EInd, EProw, NPie, NCun), Florentine, ImmU, Nimble, Temp]|M6",Man-at-Arms,Bastard Sword,Tower Shield,Full Plate,Javelin,True,25,"Nimble,Immune Unwieldy,Parry,Tempered,Immune Blocked,Florentine",1200,,False,Animal Husbandry|Armory|Blacksmith|Carpentry|Coliseum|Conditioning Field|Fletchery|Forge|Furnace|Gilded Foundry|Joinery|Tannery|Tiltyard,6,12
"MaA/Spears+Longbow/Kite/Cloth (TY) [(RInd, EProw, NPie, NCun), Florentine, ImmU, Nimble]|M6",Man-at-Arms,Spears,Kite Shield,Cloth,Longbow,True,25,"Nimble,Immune Unwieldy,Parry,Immune Blocked,Florentine",1200,,False,Armory|Blacksmith|Carpentry|Coliseum|Conditioning Field|Fletchery|Furnace|Joinery|Tannery|Tiltyard,6,9
"MaA/Pike+Longbow/Cloth (TY) [MiMiStI, (RInd, SProw, NPie, NCun), Florentine, ImmU, Nimble]|M6",Man-at-Arms,Pike,,Cloth,Longbow,True,25,"Nimble,Immune Unwieldy,Immune Blocked,MaxInit3,Parry,Seize: first,Init +1,Florentine",1800,,False,Blacksmith|Carpentry|Coliseum|Conditioning Field|Fletchery|Furnace|Ministry of Military Strategy|Tiltyard,6,13
"MaA/Morningstar+Crossbow/Tower/Cloth (TY) [(EInd, EProw, NPie, NCun), Florentine, ImmU, Nimble]|M6",Man-at-Arms,Morningstar,Tower Shield,Cloth,Crossbow,True,25,"Nimble,Immune Unwieldy,Parry,Immune Blocked,Florentine",1600,,False,Blacksmith|Carpentry|Coliseum|Conditioning Field|Fletchery|Forge|Furnace|Joinery|Stable|Tiltyard,6,12
"MaA/Pike+Javelin/Cloth (TY) [RoPaM, (EInd, SProw, NPie, NCun), Florentine, ImmU, Nimble, Parry +1, Riposte, Serr]|M6",Man-at-Arms,Pike,,Cloth,Javelin,True,25,"Parry +1,Nimble,Immune Unwieldy,Serrated,Immune Blocked,Immune Strain,Parry,Drilled,Riposte,Florentine",1600,,False,Blacksmith|Carpentry|Coliseum|Conditioning Field|Fletchery|Furnace|Grand Tournament|Master Workshop|Royal Pavilion|Tiltyard,6,16
"MaA/Spears+Javelin/Kite/FullPlate (TY) [(EInd, EProw, NPie, NCun), Florentine, ImmU, Nimble, Temp]|M6",Man-at-Arms,Spears,Kite Shield,Full Plate,Javelin,True,25,"Nimble,Immune Unwieldy,Parry,Tempered,Immune Blocked,Florentine",1200,,False,Animal Husbandry|Armory|Blacksmith|Carpentry|Coliseum|Conditioning Field|Fletchery|Furnace|Gilded Foundry|Joinery|Tannery|Tiltyard,6,12
"MaA/2HBastard+Crossbow/Cloth (TY) [(EInd, EProw, NPie, NCun), Florentine, ImmU, Nimble]|M6",Man-at-Arms,2HBastard,,Cloth,Crossbow,True,25,"Nimble,Immune Unwieldy,Parry,Immune Blocked,Florentine",1800,,False,Blacksmith|Carpentry|Coliseum|Conditioning Field|Fletchery|Forge|Furnace|Stable|Tiltyard,6,12
"MaA/FarmTools/Leather [(NInd, RProw, EPie, NCun), Enduring, Nimble, Rec 6, Recover 7, Recover 8, Shake+1]|M6",Man-at-Arms,Farm Tools,,Leather,,False,25,"Enduring,Nimble,Recover 6,Recover 8,Immune Blocked,Recover 7,Shake +1",1000,,False,Alchemy|Animal Husbandry|Apothecary|Butchery|Coliseum|Conditioning Field|Herb Garden|Hospitaller|Infirmary|Smokehouse|Tannery,6,9
"MaA/Pitchfork/FullPlate [(EInd, EProw, EPie, NCun), Enduring, Nimble, Parry +1, Rec 6, Recover 7, Recover 8, Riposte, Serr, Shake+1, Temp]|M6",Man-at-Arms,Pitchfork,,Full Plate,,False,25,"Enduring,Parry +1,Nimble,Recover 8,Serrated,Immune Blocked,Recover 7,Recover 6,Parry,Tempered,Riposte,Shake +1",1300,,False,Alchemy|Animal Husbandry|Apothecary|Armory|Blacksmith|Coliseum|Conditioning Field|Furnace|Gilded Foundry|Grand Tournament|Herb Garden|Hospitaller|Infirmary|Master Workshop|Tannery,6,18
"MaA/Morningstar+Longbow/Tower/FullPlate (TY) [(EInd, EProw, NPie, NCun), Florentine, ImmU, Nimble, Temp]|M6",Man-at-Arms,Morningstar,Tower Shield,Full Plate,Longbow,True,25,"Nimble,Immune Unwieldy,Parry,Tempered,Immune Blocked,Florentine",1200,,False,Animal Husbandry|Armory|Blacksmith|Carpentry|Coliseum|Conditioning Field|Fletchery|Forge|Furnace|Gilded Foundry|Joinery|Tannery|Tiltyard,6,12
"MaA/Spears+HuntBow/Tower/Cloth (TY) [(EInd, EProw, NPie, NCun), Florentine, ImmU, Nimble, Serr]|M6",Man-at-Arms,Spears,Tower Shield,Cloth,Hunting Bow,True,25,"Nimble,Immune Unwieldy,Parry,Serrated,Immune Blocked,Florentine",1400,,False,Blacksmith|Carpentry|Coliseum|Conditioning Field|Fletchery|Forge|Furnace|Joinery|Master Workshop|Tiltyard,6,12
"MaA/ShortSword+Longbow/Tower/Cloth (TY) [(EInd, EProw, NPie, NCun), Florentine, ImmU, Nimble]|M6",Man-at-Arms,Short Sword,Tower Shield,Cloth,Longbow,True,25,"Nimble,Immune Unwieldy,Parry,Immune Blocked,Florentine",1600,,False,Blacksmith|Carpentry|Coliseum|Conditioning Field|Fletchery|Forge|Furnace|Joinery|Stable|Tiltyard,6,12
"MaA/Lance/Buckler/Cloth [(EInd, RProw, EPie, NCun), Enduring, Nimble, Rec 6, Recover 7, Recover 8, Serr, Shake+1]|M6",Man-at-Arms,Lance,Buckler Shield,Cloth,,False,25,"Enduring,Nimble,Recover 8,Serrated,Immune Blocked,Recover 7,Recover 6,Shake +1",1500,,False,Alchemy|Apothecary|Blacksmith|Carpentry|Coliseum|Conditioning Field|Forge|Furnace|Herb Garden|Hospitaller|Infirmary|Joinery|Master Workshop,6,15
"MaA/WarHammer+Crossbow/Chain (TY) [(EInd, EProw, NPie, NCun), Florentine, ImmU, Nimble]|M6",Man-at-Arms,War Hammer,,Chainmail,Crossbow,True,25,"Nimble,Immune Unwieldy,Parry,Immune Blocked,Florentine",1400,,False,Animal Husbandry|Armory|Blacksmith|Carpentry|Coliseum|Conditioning Field|Fletchery|Forge|Furnace|Tannery|Tiltyard,6,12
"MaA/ShortSword+Javelin/Targe/Cloth (TY) [(EInd, EProw, NPie, NCun), Florentine, ImmU, Nimble, Serr]|M6",Man-at-Arms,Short Sword,Targe Shield,Cloth,Javelin,True,25,"Nimble,Immune Unwieldy,Parry,Serrated,Immune Blocked,Florentine",1400,,False,Blacksmith|Carpentry|Coliseum|Conditioning Field|Fletchery|Furnace|Joinery|Master Workshop|Tiltyard,6,12
"MaA/2HBastard+Javelin/Cloth (TY) [RoPaM, (EInd, SProw, NPie, NCun), Florentine, ImmU, Nimble, Parry +1, Riposte]|M6",Man-at-Arms,2HBastard,,Cloth,Javelin,True,25,"Parry +1,Nimble,Immune Unwieldy,Immune Blocked,Immune Strain,Parry,Drilled,Riposte,Florentine",1800,,False,Blacksmith|Carpentry|Coliseum|Conditioning Field|Fletchery|Forge|Furnace|Grand Tournament|Royal Pavilion|Stable|Tiltyard,6,16
"MaA/Morningstar/Tower/Cloth [(EInd, RProw, EPie, NCun), Enduring, Nimble, Rec 6, Recover 7, Recover 8, Serr, Shake+1]|M6",Man-at-Arms,Morningstar,Tower Shield,Cloth,,False,25,"Enduring,Nimble,Recover 8,Serrated,Immune Blocked,Recover 7,Recover 6,Shake +1",1500,,False,Alchemy|Apothecary|Blacksmith|Carpentry|Coliseum|Conditioning Field|Forge|Furnace|Herb Garden|Hospitaller|Infirmary|Joinery|Master Workshop,6,15
"MaA/Arming+Longbow/Kite/Cloth (TY) [(RInd, EProw, NPie, NCun), Florentine, ImmU, Nimble]|M6",Man-at-Arms,Arming Sword,Kite Shield,Cloth,Longbow,True,25,"Nimble,Immune Unwieldy,Parry,Immune Blocked,Florentine",1200,,False,Armory|Blacksmith|Carpentry|Coliseum|Conditioning Field|Fletchery|Furnace|Joinery|Tannery|Tiltyard,6,9
"MaA/Spears+Javelin/Targe/Cloth (TY) [(EInd, EProw, NPie, NCun), Florentine, ImmU, Nimble, Serr]|M6",Man-at-Arms,Spears,Targe Shield,Cloth,Javelin,True,25,"Nimble,Immune Unwieldy,Parry,Serrated,Immune Blocked,Florentine",1400,,False,Blacksmith|Carpentry|Coliseum|Conditioning Field|Fletchery|Furnace|Joinery|Master Workshop|Tiltyard,6,12
"MaA/WarHammer+Crossbow/Cloth (TY) [(EInd, EProw, NPie, NCun), Florentine, ImmU, Nimble, Serr]|M6",Man-at-Arms,War Hammer,,Cloth,Crossbow,True,25,"Nimble,Immune Unwieldy,Parry,Serrated,Immune Blocked,Florentine",1600,,False,Blacksmith|Carpentry|Coliseum|Conditioning Field|Fletchery|Forge|Furnace|Master Workshop|Tiltyard,6,12
"MaA/Bastard/Heater/FullPlate [ABFM, (SInd, EProw, NPie, NCun), Nimble, Parry +1, Riposte, Serr, Temp]|M6",Man-at-Arms,Bastard Sword,Heater Shield,Full Plate,,False,25,"ABF,Nimble,Parry +1,Serrated,Immune Blocked,Parry,Tempered,Riposte",700,,False,ABF|Animal Husbandry|Armory|Blacksmith|Carpentry|Coliseum|Conditioning Field|Forge|Furnace|Gilded Foundry|Grand Tournament|Joinery|Master Workshop|Stable|Tannery,6,16
"MaA/FarmTools/Targe/Chain [MiMiStI, (RInd, SProw, NPie, NCun), Nimble]|M6",Man-at-Arms,Farm Tools,Targe Shield,Chainmail,,False,25,"Nimble,Parry,Seize: first,Init +1,Immune Blocked,MaxInit3",1400,,False,Animal Husbandry|Armory|Blacksmith|Carpentry|Coliseum|Conditioning Field|Furnace|Joinery|Ministry of Military Strategy|Stable|Tannery,6,13
"MaA/Daggers+Longbow/Leather (TY) [(NInd, EProw, NPie, NCun), Florentine, ImmU, Nimble]|M6",Man-at-Arms,Daggers,,Leather,Longbow,True,25,"Nimble,Immune Unwieldy,Parry,Immune Blocked,Florentine",1600,,False,Animal Husbandry|Carpentry|Coliseum|Conditioning Field|Fletchery|Furnace|Tannery|Tiltyard,6,6
"MaA/ShortSword+Longbow/Targe/Chain (TY) [(RInd, EProw, NPie, NCun), Florentine, ImmU, Nimble]|M6",Man-at-Arms,Short Sword,Targe Shield,Chainmail,Longbow,True,25,"Nimble,Immune Unwieldy,Parry,Immune Blocked,Florentine",1200,,False,Animal Husbandry|Armory|Blacksmith|Carpentry|Coliseum|Conditioning Field|Fletchery|Furnace|Joinery|Tannery|Tiltyard,6,9
"MaA/Spears+HuntBow/Tower/Cloth (TY) [(EInd, EProw, NPie, NCun), Florentine, ImmU, Nimble, Parry +1, Riposte]|M6",Man-at-Arms,Spears,Tower Shield,Cloth,Hunting Bow,True,25,"Parry +1,Nimble,Immune Unwieldy,Parry,Riposte,Immune Blocked,Florentine",1600,,False,Blacksmith|Carpentry|Coliseum|Conditioning Field|Fletchery|Forge|Furnace|Grand Tournament|Joinery|Stable|Tiltyard,6,12
"MaA/Daggers+Crossbow/Cloth (TY) [(EInd, EProw, NPie, NCun), Florentine, ImmU, Nimble]|M6",Man-at-Arms,Daggers,,Cloth,Crossbow,True,25,"Nimble,Immune Unwieldy,Parry,Immune Blocked,Florentine",1800,,False,Blacksmith|Carpentry|Coliseum|Conditioning Field|Fletchery|Forge|Furnace|Stable|Tiltyard,6,12
"MaA/2HBastard+Javelin/Leather (TY) [(EInd, EProw, NPie, NCun), Florentine, ImmU, Nimble]|M6",Man-at-Arms,2HBastard,,Leather,Javelin,True,25,"Nimble,Immune Unwieldy,Parry,Immune Blocked,Florentine",1600,,False,Animal Husbandry|Blacksmith|Carpentry|Coliseum|Conditioning Field|Fletchery|Forge|Furnace|Tannery|Tiltyard,6,12
"MaA/Lance/Buckler/Gothic [ABFM, (SInd, RProw, NPie, NCun), Nimble, Serr, Temp]|M6",Man-at-Arms,Lance,Buckler Shield,Gothic Plate,,False,25,"ABF,Nimble,Tempered,Serrated,Immune Blocked",700,,False,ABF|Animal Husbandry|Armory|Blacksmith|Carpentry|Coliseum|Conditioning Field|Forge|Furnace|Gilded Foundry|Joinery|Master Workshop|Stable|Tannery,6,13
"MaA/Arming+HuntBow/Tower/Cloth (TY) [(EInd, EProw, NPie, NCun), Florentine, ImmU, Nimble]|M6",Man-at-Arms,Arming Sword,Tower Shield,Cloth,Hunting Bow,True,25,"Nimble,Immune Unwieldy,Parry,Immune Blocked,Florentine",1600,,False,Blacksmith|Carpentry|Coliseum|Conditioning Field|Fletchery|Forge|Furnace|Joinery|Stable|Tiltyard,6,12
"MaA/Halberd+Javelin/Leather (TY) [(RInd, EProw, NPie, NCun), Florentine, ImmU, Nimble]|M6",Man-at-Arms,Halberd,,Leather,Javelin,True,25,"Nimble,Immune Unwieldy,Parry,Immune Blocked,Florentine",1600,,False,Animal Husbandry|Blacksmith|Carpentry|Coliseum|Conditioning Field|Fletchery|Furnace|Tannery|Tiltyard,6,9
"MaA/Arming+Crossbow/Tower/Cloth (TY) [(EInd, EProw, NPie, NCun), Florentine, ImmU, Nimble, Serr]|M6",Man-at-Arms,Arming Sword,Tower Shield,Cloth,Crossbow,True,25,"Nimble,Immune Unwieldy,Parry,Serrated,Immune Blocked,Florentine",1400,,False,Blacksmith|Carpentry|Coliseum|Conditioning Field|Fletchery|Forge|Furnace|Joinery|Master Workshop|Tiltyard,6,12
"MaA/Spears+Longbow/Targe/Chain (TY) [(RInd, EProw, NPie, NCun), Florentine, ImmU, Nimble]|M6",Man-at-Arms,Spears,Targe Shield,Chainmail,Longbow,True,25,"Nimble,Immune Unwieldy,Parry,Immune Blocked,Florentine",1200,,False,Animal Husbandry|Armory|Blacksmith|Carpentry|Coliseum|Conditioning Field|Fletchery|Furnace|Joinery|Tannery|Tiltyard,6,9
"MaA/Spears+HuntBow/Tower/Leather (TY) [(EInd, EProw, NPie, NCun), Florentine, ImmU, Nimble]|M6",Man-at-Arms,Spears,Tower Shield,Leather,Hunting Bow,True,25,"Nimble,Immune Unwieldy,Parry,Immune Blocked,Florentine",1400,,False,Animal Husbandry|Blacksmith|Carpentry|Coliseum|Conditioning Field|Fletchery|Forge|Furnace|Joinery|Tannery|Tiltyard,6,12
"MaA/Morningstar+HuntBow/Tower/Leather (TY) [(EInd, EProw, NPie, NCun), Florentine, ImmU, Nimble]|M6",Man-at-Arms,Morningstar,Tower Shield,Leather,Hunting Bow,True,25,"Nimble,Immune Unwieldy,Parry,Immune Blocked,Florentine",1400,,False,Animal Husbandry|Blacksmith|Carpentry|Coliseum|Conditioning Field|Fletchery|Forge|Furnace|Joinery|Tannery|Tiltyard,6,12
"MaA/Spears/Leather (DW) [(NInd, EProw, NPie, NCun), DW, Florentine, ImmU, Nimble]|M6",Man-at-Arms,Spears,,Leather,,True,25,"Nimble,Immune Unwieldy,Parry,Dual Wield,Immune Blocked,Florentine",1800,,False,Animal Husbandry|Carpentry|Coliseum|Conditioning Field|Fletchery|Furnace|Tannery|Tiltyard,6,6
"MaA/Daggers+Longbow/Chain (TY) [(RInd, EProw, NPie, NCun), Florentine, ImmU, Nimble]|M6",Man-at-Arms,Daggers,,Chainmail,Longbow,True,25,"Nimble,Immune Unwieldy,Parry,Immune Blocked,Florentine",1400,,False,Animal Husbandry|Armory|Blacksmith|Carpentry|Coliseum|Conditioning Field|Fletchery|Furnace|Tannery|Tiltyard,6,9
"MaA/WarHammer/Chain [(EInd, RProw, EPie, NCun), Enduring, Nimble, Rec 6, Recover 7, Recover 8, Shake+1]|M6",Man-at-Arms,War Hammer,,Chainmail,,False,25,"Enduring,Nimble,Recover 6,Recover 8,Immune Blocked,Recover 7,Shake +1",1500,,False,Alchemy|Animal Husbandry|Apothecary|Armory|Blacksmith|Coliseum|Conditioning Field|Forge|Furnace|Herb Garden|Hospitaller|Infirmary|Stable|Tannery,6,15
"MaA/Arming/Kite/Leather [PrI, (RInd, EProw, SPie, NCun), Nimble, Shake+1]|M6",Man-at-Arms,Arming Sword,Kite Shield,Leather,,False,25,"Nimble,Parry,Immune Blocked,Shake +1,Resolute",900,,False,Animal Husbandry|Armory|Blacksmith|Butchery|Carpentry|Coliseum|Conditioning Field|Furnace|Joinery|Preceptory|Tannery,6,19
"MaA/Morningstar/Cloth (DW) [(EInd, EProw, NPie, NCun), DW, Florentine, ImmU, Nimble]|M6",Man-at-Arms,Morningstar,,Cloth,,True,25,"Nimble,Immune Unwieldy,Parry,Dual Wield,Immune Blocked,Florentine",2000,,False,Blacksmith|Carpentry|Coliseum|Conditioning Field|Fletchery|Forge|Furnace|Stable|Tiltyard,6,12
"MaA/Pitchfork+Crossbow/Chain (TY) [(EInd, EProw, NPie, NCun), Florentine, ImmU, Nimble]|M6",Man-at-Arms,Pitchfork,,Chainmail,Crossbow,True,25,"Nimble,Immune Unwieldy,Parry,Immune Blocked,Florentine",1400,,False,Animal Husbandry|Armory|Blacksmith|Carpentry|Coliseum|Conditioning Field|Fletchery|Forge|Furnace|Tannery|Tiltyard,6,12
"MaA/Pike+HuntBow/Chain (TY) [(RInd, EProw, NPie, NCun), Florentine, ImmU, Nimble]|M6",Man-at-Arms,Pike,,Chainmail,Hunting Bow,True,25,"Nimble,Immune Unwieldy,Parry,Immune Blocked,Florentine",1400,,False,Animal Husbandry|Armory|Blacksmith|Carpentry|Coliseum|Conditioning Field|Fletchery|Furnace|Tannery|Tiltyard,6,9
"MaA/Flail+Crossbow/Tower/FullPlate (TY) [(EInd, EProw, NPie, NCun), Florentine, ImmU, Nimble, Temp]|M6",Man-at-Arms,Flail,Tower Shield,Full Plate,Crossbow,True,25,"Nimble,Immune Unwieldy,Parry,Tempered,Immune Blocked,Florentine",1200,,False,Animal Husbandry|Armory|Blacksmith|Carpentry|Coliseum|Conditioning Field|Fletchery|Forge|Furnace|Gilded Foundry|Joinery|Tannery|Tiltyard,6,12
"MaA/Cavalry Spear/Targe/Chain [(RInd, RProw, NPie, NCun), Nimble, Recover 8]|M6",Man-at-Arms,Cavalry Spear,Targe Shield,Chainmail,,False,25,"Immune Blocked,Nimble,Recover 8",1400,,False,Animal Husbandry|Apothecary|Armory|Blacksmith|Carpentry|Coliseum|Conditioning Field|Furnace|Herb Garden|Joinery|Tannery,6,6
"MaA/Bastard+Javelin/Tower/Leather (TY) [(EInd, EProw, NPie, NCun), Florentine, ImmU, Nimble, Parry +1, Riposte]|M6",Man-at-Arms,Bastard Sword,Tower Shield,Leather,Javelin,True,25,"Parry +1,Nimble,Immune Unwieldy,Parry,Riposte,Immune Blocked,Florentine",1400,,False,Animal Husbandry|Blacksmith|Carpentry|Coliseum|Conditioning Field|Fletchery|Forge|Furnace|Grand Tournament|Joinery|Tannery|Tiltyard,6,12
"MaA/BattleAxe+Crossbow/Cloth (TY) [RoPaM, (EInd, SProw, NPie, NCun), Florentine, ImmU, Nimble, Parry +1, Riposte, Serr]|M6",Man-at-Arms,Battle Axe,,Cloth,Crossbow,True,25,"Parry +1,Nimble,Immune Unwieldy,Serrated,Immune Blocked,Immune Strain,Parry,Drilled,Riposte,Florentine",1600,,False,Blacksmith|Carpentry|Coliseum|Conditioning Field|Fletchery|Forge|Furnace|Grand Tournament|Master Workshop|Royal Pavilion|Tiltyard,6,16
"MaA/Morningstar/Heater/Cloth [ABFM, (SInd, RProw, NPie, NCun), Nimble, Serr, Temp]|M6",Man-at-Arms,Morningstar,Heater Shield,Cloth,,False,25,"ABF,Nimble,Tempered,Serrated,Immune Blocked",700,,False,ABF|Armory|Blacksmith|Carpentry|Coliseum|Conditioning Field|Forge|Furnace|Gilded Foundry|Joinery|Master Workshop|Stable|Tannery,6,13
"MaA/Spears+Longbow/Targe/Leather (TY) [RoPaM, (RInd, SProw, NPie, NCun), Florentine, ImmU, Nimble, Parry +1, Riposte]|M6",Man-at-Arms,Spears,Targe Shield,Leather,Longbow,True,25,"Parry +1,Nimble,Immune Unwieldy,Immune Blocked,Immune Strain,Parry,Drilled,Riposte,Florentine",1400,,False,Animal Husbandry|Blacksmith|Carpentry|Coliseum|Conditioning Field|Fletchery|Furnace|Grand Tournament|Joinery|Royal Pavilion|Tannery|Tiltyard,6,13
"MaA/FarmTools/Kite/Chain [MiMiStI, (RInd, SProw, NPie, NCun), Nimble]|M6",Man-at-Arms,Farm Tools,Kite Shield,Chainmail,,False,25,"Nimble,Parry,Seize: first,Init +1,Immune Blocked,MaxInit3",1400,,False,Animal Husbandry|Armory|Blacksmith|Carpentry|Coliseum|Conditioning Field|Furnace|Joinery|Ministry of Military Strategy|Stable|Tannery,6,13
"MaA/Lance/Kite/Leather [(EInd, RProw, NPie, NCun), Nimble, Recover 8]|M6",Man-at-Arms,Lance,Kite Shield,Leather,,False,25,"Immune Blocked,Nimble,Recover 8",1400,,False,Animal Husbandry|Apothecary|Armory|Blacksmith|Carpentry|Coliseum|Conditioning Field|Forge|Furnace|Herb Garden|Joinery|Tannery,6,9
"MaA/Daggers+Javelin/Cloth (TY) [(EInd, EProw, NPie, NCun), Florentine, ImmU, Nimble, Parry +1, Riposte, Serr]|M6",Man-at-Arms,Daggers,,Cloth,Javelin,True,25,"Parry +1,Nimble,Immune Unwieldy,Serrated,Immune Blocked,Parry,Riposte,Florentine",1600,,False,Blacksmith|Carpentry|Coliseum|Conditioning Field|Fletchery|Furnace|Grand Tournament|Master Workshop|Tiltyard,6,12
"MaA/Pitchfork/Chain [(RInd, RProw, EPie, NCun), Enduring, Nimble, Rec 6, Recover 7, Recover 8, Shake+1]|M6",Man-at-Arms,Pitchfork,,Chainmail,,False,25,"Enduring,Nimble,Recover 6,Recover 8,Immune Blocked,Recover 7,Shake +1",1000,,False,Alchemy|Animal Husbandry|Apothecary|Armory|Blacksmith|Butchery|Coliseum|Conditioning Field|Furnace|Herb Garden|Hospitaller|Infirmary|Tannery,6,12
"MaA/Lance/Heater/Cloth [ABFM, (SInd, RProw, NPie, NCun), Nimble, Serr, Temp]|M6",Man-at-Arms,Lance,Heater Shield,Cloth,,False,25,"ABF,Nimble,Tempered,Serrated,Immune Blocked",700,,False,ABF|Armory|Blacksmith|Carpentry|Coliseum|Conditioning Field|Forge|Furnace|Gilded Foundry|Joinery|Master Workshop|Stable|Tannery,6,13
"MaA/Crossbow/Chain [RoPaM, (EInd, SProw, NPie, NCun), Florentine, ImmU, Nimble, Parry +1, Riposte]|M6",Man-at-Arms,Farm Tools,,Chainmail,Crossbow,True,25,"Parry +1,Nimble,Immune Unwieldy,Immune Blocked,Immune Strain,Parry,Drilled,Riposte,Florentine",1400,,False,Animal Husbandry|Armory|Blacksmith|Carpentry|Coliseum|Conditioning Field|Fletchery|Forge|Furnace|Grand Tournament|Royal Pavilion|Tannery|Tiltyard,6,16
"MaA/ShortSword/Kite/Cloth [(RInd, RProw, NPie, NCun), Nimble, Recover 8]|M6",Man-at-Arms,Short Sword,Kite Shield,Cloth,,False,25,"Immune Blocked,Nimble,Recover 8",1400,,False,Apothecary|Armory|Blacksmith|Carpentry|Coliseum|Conditioning Field|Furnace|Herb Garden|Joinery|Tannery,6,6
"MaA/Flail+Javelin/Tower/Cloth (TY) [(EInd, EProw, NPie, NCun), Florentine, ImmU, Nimble, Serr]|M6",Man-at-Arms,Flail,Tower Shield,Cloth,Javelin,True,25,"Nimble,Immune Unwieldy,Parry,Serrated,Immune Blocked,Florentine",1400,,False,Blacksmith|Carpentry|Coliseum|Conditioning Field|Fletchery|Forge|Furnace|Joinery|Master Workshop|Tiltyard,6,12
"MaA/Daggers/Leather [(EInd, RProw, EPie, NCun), Enduring, Nimble, Rec 6, Recover 7, Recover 8, Serr, Shake+1]|M6",Man-at-Arms,Daggers,,Leather,,False,25,"Enduring,Nimble,Recover 8,Serrated,Immune Blocked,Recover 7,Recover 6,Shake +1",1500,,False,Alchemy|Animal Husbandry|Apothecary|Blacksmith|Coliseum|Conditioning Field|Furnace|Herb Garden|Hospitaller|Infirmary|Master Workshop|Tannery,6,15
"MaA/ShortSword+Longbow/Tower/FullPlate (TY) [(EInd, EProw, NPie, NCun), Florentine, ImmU, Nimble, Temp]|M6",Man-at-Arms,Short Sword,Tower Shield,Full Plate,Longbow,True,25,"Nimble,Immune Unwieldy,Parry,Tempered,Immune Blocked,Florentine",1200,,False,Animal Husbandry|Armory|Blacksmith|Carpentry|Coliseum|Conditioning Field|Fletchery|Forge|Furnace|Gilded Foundry|Joinery|Tannery|Tiltyard,6,12
"MaA/Pitchfork/Chain [(EInd, RProw, EPie, NCun), Enduring, Nimble, Rec 6, Recover 7, Recover 8, Serr, Shake+1]|M6",Man-at-Arms,Pitchfork,,Chainmail,,False,25,"Enduring,Nimble,Recover 8,Serrated,Immune Blocked,Recover 7,Recover 6,Shake +1",1300,,False,Alchemy|Animal Husbandry|Apothecary|Armory|Blacksmith|Coliseum|Conditioning Field|Furnace|Herb Garden|Hospitaller|Infirmary|Master Workshop|Tannery,6,15
"MaA/Arming/Chain (DW) [RoPaM, (RInd, SProw, NPie, NCun), DW, Florentine, ImmU, Nimble, Parry +1, Riposte]|M6",Man-at-Arms,Arming Sword,,Chainmail,,True,25,"Parry +1,Nimble,Immune Unwieldy,Immune Blocked,Immune Strain,Parry,Drilled,Riposte,Dual Wield,Florentine",1600,,False,Animal Husbandry|Armory|Blacksmith|Carpentry|Coliseum|Conditioning Field|Fletchery|Furnace|Grand Tournament|Royal Pavilion|Tannery|Tiltyard,6,13
"MaA/Arming+HuntBow/Tower/Cloth (TY) [PrI, (EInd, EProw, SPie, NCun), Florentine, ImmU, Nimble, Shake+1]|M6",Man-at-Arms,Arming Sword,Tower Shield,Cloth,Hunting Bow,True,25,"Nimble,Immune Unwieldy,Parry,Immune Blocked,Shake +1,Resolute,Florentine",1600,,False,Blacksmith|Carpentry|Coliseum|Conditioning Field|Fletchery|Forge|Furnace|Joinery|Preceptory|Tiltyard,6,22
"MaA/WarHammer/Cloth [(EInd, RProw, EPie, NCun), Enduring, Nimble, Rec 6, Recover 7, Recover 8, Serr, Shake+1]|M6",Man-at-Arms,War Hammer,,Cloth,,False,25,"Enduring,Nimble,Recover 8,Serrated,Immune Blocked,Recover 7,Recover 6,Shake +1",1700,,False,Alchemy|Apothecary|Blacksmith|Coliseum|Conditioning Field|Forge|Furnace|Herb Garden|Hospitaller|Infirmary|Master Workshop|Stable,6,15
"MaA/BattleAxe+Longbow/Cloth (TY) [(RInd, EProw, NPie, NCun), Florentine, ImmU, Nimble]|M6",Man-at-Arms,Battle Axe,,Cloth,Longbow,True,25,"Nimble,Immune Unwieldy,Parry,Immune Blocked,Florentine",1800,,False,Blacksmith|Carpentry|Coliseum|Conditioning Field|Fletchery|Furnace|Stable|Tiltyard,6,9
"MaA/BattleAxe+Javelin/Chain (TY) [RoPaM, (RInd, SProw, NPie, NCun), Florentine, ImmU, Nimble, Parry +1, Riposte]|M6",Man-at-Arms,Battle Axe,,Chainmail,Javelin,True,25,"Parry +1,Nimble,Immune Unwieldy,Immune Blocked,Immune Strain,Parry,Drilled,Riposte,Florentine",1400,,False,Animal Husbandry|Armory|Blacksmith|Carpentry|Coliseum|Conditioning Field|Fletchery|Furnace|Grand Tournament|Royal Pavilion|Tannery|Tiltyard,6,13
"MaA/BattleAxe+Crossbow/Leather (TY) [(EInd, EProw, NPie, NCun), Florentine, ImmU, Nimble, Parry +1, Riposte]|M6",Man-at-Arms,Battle Axe,,Leather,Crossbow,True,25,"Parry +1,Nimble,Immune Unwieldy,Parry,Riposte,Immune Blocked,Florentine",1600,,False,Animal Husbandry|Blacksmith|Carpentry|Coliseum|Conditioning Field|Fletchery|Forge|Furnace|Grand Tournament|Tannery|Tiltyard,6,12
"MaA/2HBastard+Javelin/Chain (TY) [(EInd, EProw, NPie, NCun), Florentine, ImmU, Nimble]|M6",Man-at-Arms,2HBastard,,Chainmail,Javelin,True,25,"Nimble,Immune Unwieldy,Parry,Immune Blocked,Florentine",1400,,False,Animal Husbandry|Armory|Blacksmith|Carpentry|Coliseum|Conditioning Field|Fletchery|Forge|Furnace|Tannery|Tiltyard,6,12
"MaA/ShortSword+Javelin/Targe/Cloth (TY) [RoPaM, (EInd, SProw, NPie, NCun), Florentine, ImmU, Nimble, Parry +1, Riposte, Serr]|M6",Man-at-Arms,Short Sword,Targe Shield,Cloth,Javelin,True,25,"Parry +1,Nimble,Immune Unwieldy,Serrated,Immune Blocked,Immune Strain,Parry,Drilled,Riposte,Florentine",1400,,False,Blacksmith|Carpentry|Coliseum|Conditioning Field|Fletchery|Furnace|Grand Tournament|Joinery|Master Workshop|Royal Pavilion|Tiltyard,6,16
"MaA/Daggers/Leather [PrM, (NInd, EProw, SPie, NCun), Nimble, Rec 6, Shake+1]|M6",Man-at-Arms,Daggers,,Leather,,False,25,"Nimble,Parry,Recover 6,Immune Blocked,Shake +1,Resolute",1800,,False,Abbey|Animal Husbandry|Coliseum|Conditioning Field|Furnace|Hospitaller|Monastery|Pilgrimage Site|Preceptory|Tannery,6,16
"MaA/Spears/Kite/Cloth [(RInd, RProw, NPie, NCun), Nimble, Recover 8]|M6",Man-at-Arms,Spears,Kite Shield,Cloth,,False,25,"Immune Blocked,Nimble,Recover 8",1400,,False,Apothecary|Armory|Blacksmith|Carpentry|Coliseum|Conditioning Field|Furnace|Herb Garden|Joinery|Tannery,6,6
"MaA/ShortSword+Javelin/Targe/Leather (TY) [(RInd, EProw, NPie, NCun), Florentine, ImmU, Nimble, Parry +1, Riposte]|M6",Man-at-Arms,Short Sword,Targe Shield,Leather,Javelin,True,25,"Parry +1,Nimble,Immune Unwieldy,Parry,Riposte,Immune Blocked,Florentine",1400,,False,Animal Husbandry|Blacksmith|Carpentry|Coliseum|Conditioning Field|Fletchery|Furnace|Grand Tournament|Joinery|Tannery|Tiltyard,6,9
"MaA/BattleAxe+Longbow/Chain (TY) [(RInd, EProw, NPie, NCun), Florentine, ImmU, Nimble]|M6",Man-at-Arms,Battle Axe,,Chainmail,Longbow,True,25,"Nimble,Immune Unwieldy,Parry,Immune Blocked,Florentine",1400,,False,Animal Husbandry|Armory|Blacksmith|Carpentry|Coliseum|Conditioning Field|Fletchery|Furnace|Tannery|Tiltyard,6,9
"MaA/ShortSword+Longbow/Tower/FullPlate (TY) [(EInd, EProw, NPie, NCun), Florentine, ImmU, Nimble, Parry +1, Riposte, Temp]|M6",Man-at-Arms,Short Sword,Tower Shield,Full Plate,Longbow,True,25,"Parry +1,Nimble,Immune Unwieldy,Immune Blocked,Parry,Tempered,Riposte,Florentine",1200,,False,Animal Husbandry|Armory|Blacksmith|Carpentry|Coliseum|Conditioning Field|Fletchery|Forge|Furnace|Gilded Foundry|Grand Tournament|Joinery|Tannery|Tiltyard,6,12
"MaA/Daggers+HuntBow/FullPlate (TY) [(EInd, EProw, NPie, NCun), Florentine, ImmU, Nimble, Temp]|M6",Man-at-Arms,Daggers,,Full Plate,Hunting Bow,True,25,"Nimble,Immune Unwieldy,Parry,Tempered,Immune Blocked,Florentine",1400,,False,Animal Husbandry|Armory|Blacksmith|Carpentry|Coliseum|Conditioning Field|Fletchery|Furnace|Gilded Foundry|Tannery|Tiltyard,6,12
"MaA/Halberd+Javelin/Chain (TY) [(RInd, EProw, NPie, NCun), Florentine, ImmU, Nimble]|M6",Man-at-Arms,Halberd,,Chainmail,Javelin,True,25,"Nimble,Immune Unwieldy,Parry,Immune Blocked,Florentine",1400,,False,Animal Husbandry|Armory|Blacksmith|Carpentry|Coliseum|Conditioning Field|Fletchery|Furnace|Tannery|Tiltyard,6,9
"MaA/ShortSword+HuntBow/Tower/Cloth (TY) [(EInd, EProw, NPie, NCun), Florentine, ImmU, Nimble, Serr]|M6",Man-at-Arms,Short Sword,Tower Shield,Cloth,Hunting Bow,True,25,"Nimble,Immune Unwieldy,Parry,Serrated,Immune Blocked,Florentine",1400,,False,Blacksmith|Carpentry|Coliseum|Conditioning Field|Fletchery|Forge|Furnace|Joinery|Master Workshop|Tiltyard,6,12
"MaA/ShortSword+Crossbow/Chain (TY) [(EInd, EProw, NPie, NCun), Florentine, ImmU, Nimble]|M6",Man-at-Arms,Short Sword,,Chainmail,Crossbow,True,25,"Nimble,Immune Unwieldy,Parry,Immune Blocked,Florentine",1400,,False,Animal Husbandry|Armory|Blacksmith|Carpentry|Coliseum|Conditioning Field|Fletchery|Forge|Furnace|Tannery|Tiltyard,6,12
"MaA/Spears+Javelin/Tower/Cloth (TY) [(EInd, EProw, NPie, NCun), Florentine, ImmU, Nimble]|M6",Man-at-Arms,Spears,Tower Shield,Cloth,Javelin,True,25,"Nimble,Immune Unwieldy,Parry,Immune Blocked,Florentine",1600,,False,Blacksmith|Carpentry|Coliseum|Conditioning Field|Fletchery|Forge|Furnace|Joinery|Stable|Tiltyard,6,12
"MaA/ShortSword+Javelin/Targe/Leather (TY) [(RInd, EProw, NPie, NCun), Florentine, ImmU, Nimble]|M6",Man-at-Arms,Short Sword,Targe Shield,Leather,Javelin,True,25,"Nimble,Immune Unwieldy,Parry,Immune Blocked,Florentine",1400,,False,Animal Husbandry|Blacksmith|Carpentry|Coliseum|Conditioning Field|Fletchery|Furnace|Joinery|Tannery|Tiltyard,6,9
"MaA/ShortSword+Javelin/Kite/Leather (TY) [(RInd, EProw, NPie, NCun), Florentine, ImmU, Nimble, Parry +1, Riposte]|M6",Man-at-Arms,Short Sword,Kite Shield,Leather,Javelin,True,25,"Parry +1,Nimble,Immune Unwieldy,Parry,Riposte,Immune Blocked,Florentine",1200,,False,Animal Husbandry|Armory|Blacksmith|Carpentry|Coliseum|Conditioning Field|Fletchery|Furnace|Grand Tournament|Joinery|Tannery|Tiltyard,6,9
"MaA/BattleAxe/FullPlate [(EInd, RProw, EPie, NCun), Enduring, Nimble, Rec 6, Recover 7, Recover 8, Shake+1, Temp]|M6",Man-at-Arms,Battle Axe,,Full Plate,,False,25,"Enduring,Nimble,Recover 8,Immune Blocked,Recover 7,Recover 6,Tempered,Shake +1",1500,,False,Alchemy|Animal Husbandry|Apothecary|Armory|Blacksmith|Coliseum|Conditioning Field|Furnace|Gilded Foundry|Herb Garden|Hospitaller|Infirmary|Stable|Tannery,6,15
"MaA/ShortSword+HuntBow/Kite/Chain (TY) [(RInd, EProw, NPie, NCun), Florentine, ImmU, Nimble, Parry +1, Riposte]|M6",Man-at-Arms,Short Sword,Kite Shield,Chainmail,Hunting Bow,True,25,"Parry +1,Nimble,Immune Unwieldy,Parry,Riposte,Immune Blocked,Florentine",1200,,False,Animal Husbandry|Armory|Blacksmith|Carpentry|Coliseum|Conditioning Field|Fletchery|Furnace|Grand Tournament|Joinery|Tannery|Tiltyard,6,9
"MaA/Halberd/Cloth [(RInd, EProw, EPie, RCun), Enduring, Nimble, Parry +1, Poison, Rec 6, Recover 7, Recover 8, Riposte, Shake+1]|M6",Man-at-Arms,Halberd,,Cloth,,False,25,"Enduring,Parry +1,Nimble,Recover 8,Immune Blocked,Recover 7,Poison,Recover 6,Parry,Riposte,Shake +1",1800,,False,Academy|Alchemy|Apothecary|Blacksmith|Coliseum|Conditioning Field|Furnace|Grand Tournament|Herb Garden|Hospitaller|Infirmary|Toxicarium,6,18
"MaA/Bastard+Crossbow/Tower/Cloth (TY) [(EInd, EProw, NPie, NCun), Florentine, ImmU, Nimble]|M6",Man-at-Arms,Bastard Sword,Tower Shield,Cloth,Crossbow,True,25,"Nimble,Immune Unwieldy,Parry,Immune Blocked,Florentine",1600,,False,Blacksmith|Carpentry|Coliseum|Conditioning Field|Fletchery|Forge|Furnace|Joinery|Stable|Tiltyard,6,12
"MaA/Cavalry Spear/Buckler/Chain [(RInd, RProw, NPie, NCun), Nimble, Recover 8]|M6",Man-at-Arms,Cavalry Spear,Buckler Shield,Chainmail,,False,25,"Immune Blocked,Nimble,Recover 8",1400,,False,Animal Husbandry|Apothecary|Armory|Blacksmith|Carpentry|Coliseum|Conditioning Field|Furnace|Herb Garden|Joinery|Tannery,6,6
"MaA/Pike/Leather [RoPaM, (RInd, SProw, NPie, NCun), Nimble, Parry +1, Recover 8, Riposte]|M6",Man-at-Arms,Pike,,Leather,,False,25,"Parry +1,Nimble,Recover 8,Immune Blocked,Immune Strain,Parry,Drilled,Riposte",1800,,False,Animal Husbandry|Apothecary|Blacksmith|Coliseum|Conditioning Field|Furnace|Grand Tournament|Herb Garden|Royal Pavilion|Tannery|Tiltyard,6,13
"MaA/Spears/Tower/Cloth [(EInd, RProw, EPie, NCun), Enduring, Nimble, Rec 6, Recover 7, Recover 8, Serr, Shake+1]|M6",Man-at-Arms,Spears,Tower Shield,Cloth,,False,25,"Enduring,Nimble,Recover 8,Serrated,Immune Blocked,Recover 7,Recover 6,Shake +1",1500,,False,Alchemy|Apothecary|Blacksmith|Carpentry|Coliseum|Conditioning Field|Forge|Furnace|Herb Garden|Hospitaller|Infirmary|Joinery|Master Workshop,6,15
"MaA/Bastard/Tower/Chain [(EInd, RProw, NPie, NCun), Nimble, Recover 8]|M6",Man-at-Arms,Bastard Sword,Tower Shield,Chainmail,,False,25,"Immune Blocked,Nimble,Recover 8",1400,,False,Animal Husbandry|Apothecary|Armory|Blacksmith|Carpentry|Coliseum|Conditioning Field|Forge|Furnace|Herb Garden|Joinery|Tannery,6,9
"MaA/Flail+Crossbow/FullPlate (TY) [(EInd, EProw, NPie, NCun), Florentine, ImmU, Nimble, Temp]|M6",Man-at-Arms,Flail,,Full Plate,Crossbow,True,25,"Nimble,Immune Unwieldy,Parry,Tempered,Immune Blocked,Florentine",1400,,False,Animal Husbandry|Armory|Blacksmith|Carpentry|Coliseum|Conditioning Field|Fletchery|Forge|Furnace|Gilded Foundry|Tannery|Tiltyard,6,12
"MaA/Cudgel/Leather [(NInd, RProw, EPie, NCun), Enduring, Nimble, Rec 6, Recover 7, Recover 8, Shake+1]|M6",Man-at-Arms,Cudgel,,Leather,,False,25,"Enduring,Nimble,Recover 6,Recover 8,Immune Blocked,Recover 7,Shake +1",1000,,False,Alchemy|Animal Husbandry|Apothecary|Butchery|Coliseum|Conditioning Field|Herb Garden|Hospitaller|Infirmary|Smokehouse|Tannery,6,9
"MaA/Spears/Kite/Leather [(RInd, RProw, NPie, NCun), Nimble, Recover 8]|M6",Man-at-Arms,Spears,Kite Shield,Leather,,False,25,"Immune Blocked,Nimble,Recover 8",1400,,False,Animal Husbandry|Apothecary|Armory|Blacksmith|Carpentry|Coliseum|Conditioning Field|Furnace|Herb Garden|Joinery|Tannery,6,6
"MaA/Arming+HuntBow/Kite/Chain (TY) [(RInd, EProw, NPie, NCun), Florentine, ImmU, Nimble, Parry +1, Riposte]|M6",Man-at-Arms,Arming Sword,Kite Shield,Chainmail,Hunting Bow,True,25,"Parry +1,Nimble,Immune Unwieldy,Parry,Riposte,Immune Blocked,Florentine",1200,,False,Animal Husbandry|Armory|Blacksmith|Carpentry|Coliseum|Conditioning Field|Fletchery|Furnace|Grand Tournament|Joinery|Tannery|Tiltyard,6,9
"MaA/Flail+HuntBow/Tower/FullPlate (TY) [(EInd, EProw, NPie, NCun), Florentine, ImmU, Nimble, Parry +1, Riposte, Serr, Temp]|M7",Man-at-Arms,Flail,Tower Shield,Full Plate,Hunting Bow,True,25,"Parry +1,Nimble,Immune Unwieldy,Serrated,Immune Blocked,Parry,Tempered,Riposte,Florentine",1000,,False,Animal Husbandry|Armory|Blacksmith|Carpentry|Coliseum|Conditioning Field|Fletchery|Forge|Furnace|Gilded Foundry|Grand Tournament|Joinery|Master Workshop|Tannery|Tiltyard,7,12
"MaA/ShortSword+HuntBow/Targe/Leather (TY) [(RInd, EProw, NPie, NCun), Florentine, ImmU, Nimble]|M7",Man-at-Arms,Short Sword,Targe Shield,Leather,Hunting Bow,True,25,"Nimble,Immune Unwieldy,Parry,Immune Blocked,Florentine",1400,,False,Animal Husbandry|Blacksmith|Carpentry|Coliseum|Conditioning Field|Fletchery|Furnace|Joinery|Stable|Tannery|Tiltyard,7,9
"MaA/ShortSword+Crossbow/Tower/Leather (TY) [(EInd, EProw, NPie, NCun), Florentine, ImmU, Nimble]|M7",Man-at-Arms,Short Sword,Tower Shield,Leather,Crossbow,True,25,"Nimble,Immune Unwieldy,Parry,Immune Blocked,Florentine",900,,False,Animal Husbandry|Blacksmith|Butchery|Carpentry|Coliseum|Conditioning Field|Fletchery|Forge|Furnace|Joinery|Tannery|Tiltyard,7,12
"MaA/FarmTools/Leather [(NInd, RProw, EPie, NCun), Enduring, Nimble, Rec 6, Recover 7, Recover 8, Shake+1]|M7",Man-at-Arms,Farm Tools,,Leather,,False,25,"Enduring,Nimble,Recover 6,Recover 8,Immune Blocked,Recover 7,Shake +1",1000,,False,Alchemy|Animal Husbandry|Apothecary|Butchery|Coliseum|Conditioning Field|Herb Garden|Hospitaller|Infirmary|Smokehouse|Stable|Tannery,7,9
"MaA/2HBastard+Longbow/FullPlate (TY) [(EInd, EProw, NPie, NCun), Florentine, ImmU, Nimble, Temp]|M7",Man-at-Arms,2HBastard,,Full Plate,Longbow,True,25,"Nimble,Immune Unwieldy,Parry,Tempered,Immune Blocked,Florentine",1400,,False,Animal Husbandry|Armory|Blacksmith|Carpentry|Coliseum|Conditioning Field|Fletchery|Forge|Furnace|Gilded Foundry|Stable|Tannery|Tiltyard,7,12
"MaA/Pitchfork+Crossbow/Leather (TY) [RoPaM, (EInd, SProw, NPie, NCun), Florentine, ImmU, Nimble, Parry +1, Riposte]|M7",Man-at-Arms,Pitchfork,,Leather,Crossbow,True,25,"Parry +1,Nimble,Immune Unwieldy,Immune Blocked,Immune Strain,Parry,Drilled,Riposte,Florentine",1100,,False,Animal Husbandry|Blacksmith|Butchery|Carpentry|Coliseum|Conditioning Field|Fletchery|Forge|Furnace|Grand Tournament|Royal Pavilion|Tannery|Tiltyard,7,16
"MaA/Cudgel/FullPlate [(EInd, RProw, EPie, NCun), Enduring, Nimble, Rec 6, Recover 7, Recover 8, Serr, Shake+1, Temp]|M7",Man-at-Arms,Cudgel,,Full Plate,,False,25,"Enduring,Nimble,Recover 8,Serrated,Immune Blocked,Recover 7,Recover 6,Tempered,Shake +1",800,,False,Alchemy|Animal Husbandry|Apothecary|Armory|Blacksmith|Butchery|Coliseum|Conditioning Field|Furnace|Gilded Foundry|Herb Garden|Hospitaller|Infirmary|Master Workshop|Tannery,7,15
"MaA/Poleaxe/Leather [ABFM, (SInd, RProw, NPie, NCun), Nimble, Recover 8, Serr, Temp]|M7",Man-at-Arms,Poleaxe,,Leather,,False,25,"ABF,Nimble,Recover 8,Tempered,Serrated,Immune Blocked",900,,False,ABF|Animal Husbandry|Apothecary|Armory|Blacksmith|Coliseum|Conditioning Field|Forge|Furnace|Gilded Foundry|Herb Garden|Master Workshop|Stable|Tannery,7,13
"MaA/Pitchfork+HuntBow/Cloth (TY) [(NInd, EProw, EPie, NCun), Enduring, Florentine, ImmU, Nimble, Rec 6, Recover 7, Recover 8, Shake+1]|M7",Man-at-Arms,Pitchfork,,Cloth,Hunting Bow,True,25,"Enduring,Nimble,Immune Unwieldy,Recover 8,Immune Blocked,Recover 7,Recover 6,Parry,Shake +1,Florentine",1700,,False,Alchemy|Apothecary|Carpentry|Coliseum|Conditioning Field|Fletchery|Herb Garden|Hospitaller|Infirmary|Stable|Tiltyard,7,12
"MaA/ShortSword/Cloth (DW) [(NInd, EProw, NPie, NCun), DW, Florentine, ImmU, Nimble, Recover 8]|M7",Man-at-Arms,Short Sword,,Cloth,,True,25,"Nimble,Immune Unwieldy,Recover 8,Parry,Dual Wield,Immune Blocked,Florentine",2000,,False,Apothecary|Carpentry|Coliseum|Conditioning Field|Fletchery|Furnace|Herb Garden|Tiltyard,7,6
"MaA/Daggers/Chain [PrI, (RInd, EProw, SPie, NCun), Enduring, Nimble, Rec 6, Recover 7, Recover 8, Shake+1]|M7",Man-at-Arms,Daggers,,Chainmail,,False,25,"Enduring,Nimble,Recover 8,Immune Blocked,Recover 7,Resolute,Recover 6,Parry,Shake +1",1500,,False,Alchemy|Animal Husbandry|Apothecary|Armory|Blacksmith|Coliseum|Conditioning Field|Furnace|Herb Garden|Hospitaller|Infirmary|Preceptory|Stable|Tannery,7,19
"MaA/ShortSword+Javelin/Tower/Chain (TY) [(EInd, EProw, NPie, NCun), Florentine, ImmU, Nimble, Serr]|M7",Man-at-Arms,Short Sword,Tower Shield,Chainmail,Javelin,True,25,"Nimble,Immune Unwieldy,Parry,Serrated,Immune Blocked,Florentine",1000,,False,Animal Husbandry|Armory|Blacksmith|Carpentry|Coliseum|Conditioning Field|Fletchery|Forge|Furnace|Joinery|Master Workshop|Tannery|Tiltyard,7,12
"MaA/Cavalry Spear/Heater/FullPlate [ABFM, (SInd, RProw, NPie, NCun), Nimble, Serr, Temp]|M7",Man-at-Arms,Cavalry Spear,Heater Shield,Full Plate,,False,25,"ABF,Nimble,Tempered,Serrated,Immune Blocked",700,,False,ABF|Animal Husbandry|Armory|Blacksmith|Carpentry|Coliseum|Conditioning Field|Furnace|Gilded Foundry|Joinery|Master Workshop|Stable|Tannery,7,13
"MaA/Arming/Kite/Leather [(RInd, RProw, EPie, NCun), Enduring, Nimble, Rec 6, Recover 7, Recover 8, Shake+1]|M7",Man-at-Arms,Arming Sword,Kite Shield,Leather,,False,25,"Enduring,Nimble,Recover 6,Recover 8,Immune Blocked,Recover 7,Shake +1",800,,False,Alchemy|Animal Husbandry|Apothecary|Armory|Blacksmith|Butchery|Carpentry|Coliseum|Conditioning Field|Furnace|Herb Garden|Hospitaller|Infirmary|Joinery|Tannery,7,12
"MaA/Morningstar+Longbow/Tower/Cloth (TY) [(EInd, EProw, NPie, NCun), Florentine, ImmU, Nimble, Recover 8]|M7",Man-at-Arms,Morningstar,Tower Shield,Cloth,Longbow,True,25,"Nimble,Immune Unwieldy,Recover 8,Parry,Immune Blocked,Florentine",1600,,False,Apothecary|Blacksmith|Carpentry|Coliseum|Conditioning Field|Fletchery|Forge|Furnace|Herb Garden|Joinery|Tiltyard,7,12
"MaA/Daggers+Longbow/Cloth (TY) [(NInd, EProw, NPie, NCun), Florentine, ImmU, Nimble, Recover 8]|M7",Man-at-Arms,Daggers,,Cloth,Longbow,True,25,"Nimble,Immune Unwieldy,Recover 8,Parry,Immune Blocked,Florentine",1800,,False,Apothecary|Carpentry|Coliseum|Conditioning Field|Fletchery|Furnace|Herb Garden|Tiltyard,7,6
"MaA/Spears+HuntBow/Targe/Cloth (TY) [PrI, (RInd, EProw, SPie, NCun), Florentine, ImmU, Nimble, Shake+1]|M7",Man-at-Arms,Spears,Targe Shield,Cloth,Hunting Bow,True,25,"Nimble,Immune Unwieldy,Parry,Immune Blocked,Shake +1,Resolute,Florentine",1600,,False,Blacksmith|Carpentry|Coliseum|Conditioning Field|Fletchery|Furnace|Joinery|Preceptory|Stable|Tiltyard,7,19
"MaA/ShortSword/Tower/Cloth [(EInd, RProw, EPie, RCun), Enduring, Nimble, Poison, Rec 6, Recover 7, Recover 8, Shake+1]|M7",Man-at-Arms,Short Sword,Tower Shield,Cloth,,False,25,"Enduring,Nimble,Recover 8,Immune Blocked,Recover 7,Poison,Recover 6,Shake +1",1600,,False,Academy|Alchemy|Apothecary|Blacksmith|Carpentry|Coliseum|Conditioning Field|Forge|Furnace|Herb Garden|Hospitaller|Infirmary|Joinery|Toxicarium,7,18
"MaA/Daggers+Longbow/Chain (TY) [(RInd, EProw, NPie, NCun), Florentine, ImmU, Nimble]|M7",Man-at-Arms,Daggers,,Chainmail,Longbow,True,25,"Nimble,Immune Unwieldy,Parry,Immune Blocked,Florentine",1400,,False,Animal Husbandry|Armory|Blacksmith|Carpentry|Coliseum|Conditioning Field|Fletchery|Furnace|Stable|Tannery|Tiltyard,7,9
"MaA/Cavalry Spear/Targe/Chain [(EInd, RProw, EPie, NCun), Enduring, Nimble, Rec 6, Recover 7, Recover 8, Serr, Shake+1]|M7",Man-at-Arms,Cavalry Spear,Targe Shield,Chainmail,,False,25,"Enduring,Nimble,Recover 8,Serrated,Immune Blocked,Recover 7,Recover 6,Shake +1",1100,,False,Alchemy|Animal Husbandry|Apothecary|Armory|Blacksmith|Carpentry|Coliseum|Conditioning Field|Furnace|Herb Garden|Hospitaller|Infirmary|Joinery|Master Workshop|Tannery,7,15
"MaA/Morningstar+Longbow/Tower/Leather (TY) [(EInd, EProw, NPie, NCun), Florentine, ImmU, Nimble]|M7",Man-at-Arms,Morningstar,Tower Shield,Leather,Longbow,True,25,"Nimble,Immune Unwieldy,Parry,Immune Blocked,Florentine",900,,False,Animal Husbandry|Blacksmith|Butchery|Carpentry|Coliseum|Conditioning Field|Fletchery|Forge|Furnace|Joinery|Tannery|Tiltyard,7,12
"MaA/Arming/Chain (DW) [(EInd, EProw, NPie, NCun), DW, Florentine, ImmU, Nimble, Serr]|M7",Man-at-Arms,Arming Sword,,Chainmail,,True,25,"Nimble,Immune Unwieldy,Parry,Dual Wield,Serrated,Immune Blocked,Florentine",1400,,False,Animal Husbandry|Armory|Blacksmith|Carpentry|Coliseum|Conditioning Field|Fletchery|Furnace|Master Workshop|Tannery|Tiltyard,7,12
"MaA/FarmTools/Targe/Cloth [(EInd, RProw, EPie, NCun), Enduring, Nimble, Rec 6, Recover 7, Recover 8, Serr, Shake+1]|M7",Man-at-Arms,Farm Tools,Targe Shield,Cloth,,False,25,"Enduring,Nimble,Recover 8,Serrated,Immune Blocked,Recover 7,Recover 6,Shake +1",1500,,False,Alchemy|Apothecary|Blacksmith|Carpentry|Coliseum|Conditioning Field|Furnace|Herb Garden|Hospitaller|Infirmary|Joinery|Master Workshop|Stable,7,15
"MaA/Lance/Kite/Chain [(EInd, RProw, EPie, NCun), Enduring, Nimble, Rec 6, Recover 7, Recover 8, Serr, Shake+1]|M7",Man-at-Arms,Lance,Kite Shield,Chainmail,,False,25,"Enduring,Nimble,Recover 8,Serrated,Immune Blocked,Recover 7,Recover 6,Shake +1",1100,,False,Alchemy|Animal Husbandry|Apothecary|Armory|Blacksmith|Carpentry|Coliseum|Conditioning Field|Forge|Furnace|Herb Garden|Hospitaller|Infirmary|Joinery|Master Workshop|Tannery,7,15
"MaA/WarHammer+Longbow/Leather (TY) [(EInd, EProw, NPie, NCun), Florentine, ImmU, Nimble]|M7",Man-at-Arms,War Hammer,,Leather,Longbow,True,25,"Nimble,Immune Unwieldy,Parry,Immune Blocked,Florentine",1100,,False,Animal Husbandry|Blacksmith|Butchery|Carpentry|Coliseum|Conditioning Field|Fletchery|Forge|Furnace|Tannery|Tiltyard,7,12
"MaA/Halberd/Gothic [ABFM, (SInd, EProw, NPie, NCun), Nimble, Parry +1, Riposte, Serr, Temp]|M7",Man-at-Arms,Halberd,,Gothic Plate,,False,25,"ABF,Nimble,Parry +1,Serrated,Immune Blocked,Parry,Tempered,Riposte",400,,False,ABF|Animal Husbandry|Armory|Blacksmith|Butchery|Coliseum|Conditioning Field|Furnace|Gilded Foundry|Grand Tournament|Master Workshop|Stable|Tannery,7,16
"MaA/Flail+HuntBow/Kite/Cloth (TY) [(EInd, EProw, NPie, NCun), Florentine, ImmU, Nimble, Serr]|M7",Man-at-Arms,Flail,Kite Shield,Cloth,Hunting Bow,True,25,"Nimble,Immune Unwieldy,Parry,Serrated,Immune Blocked,Florentine",1000,,False,Armory|Blacksmith|Carpentry|Coliseum|Conditioning Field|Fletchery|Furnace|Joinery|Master Workshop|Tannery|Tiltyard,7,12
"MaA/Arming+Crossbow/Tower/Chain (TY) [(EInd, EProw, NPie, NCun), Florentine, ImmU, Nimble]|M7",Man-at-Arms,Arming Sword,Tower Shield,Chainmail,Crossbow,True,25,"Nimble,Immune Unwieldy,Parry,Immune Blocked,Florentine",1200,,False,Animal Husbandry|Armory|Blacksmith|Carpentry|Coliseum|Conditioning Field|Fletchery|Forge|Furnace|Joinery|Stable|Tannery|Tiltyard,7,12
"MaA/Cavalry Spear/Targe/FullPlate [(EInd, RProw, EPie, NCun), Enduring, Nimble, Rec 6, Recover 7, Recover 8, Shake+1, Temp]|M7",Man-at-Arms,Cavalry Spear,Targe Shield,Full Plate,,False,25,"Enduring,Nimble,Recover 8,Immune Blocked,Recover 7,Recover 6,Tempered,Shake +1",1300,,False,Alchemy|Animal Husbandry|Apothecary|Armory|Blacksmith|Carpentry|Coliseum|Conditioning Field|Furnace|Gilded Foundry|Herb Garden|Hospitaller|Infirmary|Joinery|Stable|Tannery,7,15
"MaA/Halberd+Crossbow/Chain (TY) [(EInd, EProw, NPie, NCun), Florentine, ImmU, Nimble, Serr]|M7",Man-at-Arms,Halberd,,Chainmail,Crossbow,True,25,"Nimble,Immune Unwieldy,Parry,Serrated,Immune Blocked,Florentine",1200,,False,Animal Husbandry|Armory|Blacksmith|Carpentry|Coliseum|Conditioning Field|Fletchery|Forge|Furnace|Master Workshop|Tannery|Tiltyard,7,12
"MaA/Spears+Javelin/Tower/Chain (TY) [(EInd, EProw, NPie, NCun), Florentine, ImmU, Nimble]|M7",Man-at-Arms,Spears,Tower Shield,Chainmail,Javelin,True,25,"Nimble,Immune Unwieldy,Parry,Immune Blocked,Florentine",700,,False,Animal Husbandry|Armory|Blacksmith|Butchery|Carpentry|Coliseum|Conditioning Field|Fletchery|Forge|Furnace|Joinery|Tannery|Tiltyard,7,12
"MaA/Spears+HuntBow/Kite/Leather (TY) [(EInd, EProw, NPie, NCun), Florentine, ImmU, Nimble, Serr]|M7",Man-at-Arms,Spears,Kite Shield,Leather,Hunting Bow,True,25,"Nimble,Immune Unwieldy,Parry,Serrated,Immune Blocked,Florentine",1000,,False,Animal Husbandry|Armory|Blacksmith|Carpentry|Coliseum|Conditioning Field|Fletchery|Furnace|Joinery|Master Workshop|Tannery|Tiltyard,7,12
"MaA/Daggers+Javelin/FullPlate (TY) [(EInd, EProw, NPie, NCun), Florentine, ImmU, Nimble, Temp]|M7",Man-at-Arms,Daggers,,Full Plate,Javelin,True,25,"Nimble,Immune Unwieldy,Parry,Tempered,Immune Blocked,Florentine",900,,False,Animal Husbandry|Armory|Blacksmith|Butchery|Carpentry|Coliseum|Conditioning Field|Fletchery|Furnace|Gilded Foundry|Tannery|Tiltyard,7,12
"MaA/Halberd+Javelin/Cloth (TY) [RoPaI, (EInd, SProw, NPie, NCun), Florentine, ImmU, Nimble, Serr]|M7",Man-at-Arms,Halberd,,Cloth,Javelin,True,25,"Nimble,Immune Unwieldy,Parry,Serrated,Immune Blocked,Immune Strain,Florentine",1600,,False,Blacksmith|Carpentry|Coliseum|Conditioning Field|Fletchery|Furnace|Master Workshop|Royal Pavilion|Tiltyard,7,16
"MaA/Morningstar+HuntBow/Tower/Chain (TY) [(EInd, EProw, NPie, NCun), Florentine, ImmU, Nimble, Serr]|M7",Man-at-Arms,Morningstar,Tower Shield,Chainmail,Hunting Bow,True,25,"Nimble,Immune Unwieldy,Parry,Serrated,Immune Blocked,Florentine",1000,,False,Animal Husbandry|Armory|Blacksmith|Carpentry|Coliseum|Conditioning Field|Fletchery|Forge|Furnace|Joinery|Master Workshop|Tannery|Tiltyard,7,12
"MaA/ShortSword+Crossbow/Tower/Chain (TY) [(EInd, EProw, NPie, NCun), Florentine, ImmU, Nimble]|M7",Man-at-Arms,Short Sword,Tower Shield,Chainmail,Crossbow,True,25,"Nimble,Immune Unwieldy,Parry,Immune Blocked,Florentine",1200,,False,Animal Husbandry|Armory|Blacksmith|Carpentry|Coliseum|Conditioning Field|Fletchery|Forge|Furnace|Joinery|Stable|Tannery|Tiltyard,7,12
"MaA/2HBastard+HuntBow/FullPlate (TY) [(EInd, EProw, NPie, NCun), Florentine, ImmU, Nimble, Temp]|M7",Man-at-Arms,2HBastard,,Full Plate,Hunting Bow,True,25,"Nimble,Immune Unwieldy,Parry,Tempered,Immune Blocked,Florentine",1400,,False,Animal Husbandry|Armory|Blacksmith|Carpentry|Coliseum|Conditioning Field|Fletchery|Forge|Furnace|Gilded Foundry|Stable|Tannery|Tiltyard,7,12
"MaA/Spears+Longbow/Tower/FullPlate (TY) [(EInd, EProw, NPie, NCun), Florentine, ImmU, Nimble, Serr, Temp]|M7",Man-at-Arms,Spears,Tower Shield,Full Plate,Longbow,True,25,"Nimble,Immune Unwieldy,Parry,Tempered,Serrated,Immune Blocked,Florentine",1000,,False,Animal Husbandry|Armory|Blacksmith|Carpentry|Coliseum|Conditioning Field|Fletchery|Forge|Furnace|Gilded Foundry|Joinery|Master Workshop|Tannery|Tiltyard,7,12
"MaA/Morningstar/Tower/FullPlate [(EInd, RProw, EPie, NCun), Enduring, Nimble, Rec 6, Recover 7, Recover 8, Serr, Shake+1, Temp]|M7",Man-at-Arms,Morningstar,Tower Shield,Full Plate,,False,25,"Enduring,Nimble,Recover 8,Serrated,Immune Blocked,Recover 7,Recover 6,Tempered,Shake +1",1100,,False,Alchemy|Animal Husbandry|Apothecary|Armory|Blacksmith|Carpentry|Coliseum|Conditioning Field|Forge|Furnace|Gilded Foundry|Herb Garden|Hospitaller|Infirmary|Joinery|Master Workshop|Tannery,7,15
"MaA/FarmTools/Kite/Leather [PrM, (RInd, EProw, SPie, NCun), Nimble, Rec 6, Shake+1]|M7",Man-at-Arms,Farm Tools,Kite Shield,Leather,,False,25,"Nimble,Parry,Recover 6,Immune Blocked,Shake +1,Resolute",1400,,False,Abbey|Animal Husbandry|Armory|Blacksmith|Carpentry|Coliseum|Conditioning Field|Furnace|Hospitaller|Joinery|Monastery|Pilgrimage Site|Preceptory|Tannery,7,19
"MaA/Halberd/Chain [(RInd, RProw, EPie, NCun), Enduring, Nimble, Rec 6, Recover 7, Recover 8, Shake+1]|M7",Man-at-Arms,Halberd,,Chainmail,,False,25,"Enduring,Nimble,Recover 6,Recover 8,Immune Blocked,Recover 7,Shake +1",800,,False,Alchemy|Animal Husbandry|Apothecary|Armory|Blacksmith|Butchery|Coliseum|Conditioning Field|Furnace|Herb Garden|Hospitaller|Infirmary|Smokehouse|Tannery,7,12
"MaA/Arming+HuntBow/Kite/FullPlate (TY) [RoPaM, (EInd, SProw, NPie, NCun), Florentine, ImmU, Nimble, Parry +1, Riposte, Temp]|M7",Man-at-Arms,Arming Sword,Kite Shield,Full Plate,Hunting Bow,True,25,"Parry +1,Nimble,Immune Unwieldy,Immune Blocked,Immune Strain,Parry,Tempered,Drilled,Riposte,Florentine",700,,False,Animal Husbandry|Armory|Blacksmith|Butchery|Carpentry|Coliseum|Conditioning Field|Fletchery|Furnace|Gilded Foundry|Grand Tournament|Joinery|Royal Pavilion|Tannery|Tiltyard,7,16
"MaA/ShortSword+Longbow/Kite/Leather (TY) [RoPaI, (RInd, SProw, NPie, NCun), Florentine, ImmU, Nimble]|M7",Man-at-Arms,Short Sword,Kite Shield,Leather,Longbow,True,25,"Nimble,Immune Unwieldy,Parry,Immune Blocked,Immune Strain,Florentine",1200,,False,Animal Husbandry|Armory|Blacksmith|Carpentry|Coliseum|Conditioning Field|Fletchery|Furnace|Joinery|Royal Pavilion|Tannery|Tiltyard,7,13
"MaA/Daggers+HuntBow/FullPlate (TY) [(EInd, EProw, NPie, NCun), Florentine, ImmU, Nimble, Serr, Temp]|M7",Man-at-Arms,Daggers,,Full Plate,Hunting Bow,True,25,"Nimble,Immune Unwieldy,Parry,Tempered,Serrated,Immune Blocked,Florentine",1200,,False,Animal Husbandry|Armory|Blacksmith|Carpentry|Coliseum|Conditioning Field|Fletchery|Furnace|Gilded Foundry|Master Workshop|Tannery|Tiltyard,7,12
"MaA/Cavalry Spear/Targe/FullPlate [(EInd, RProw, EPie, NCun), Enduring, Nimble, Rec 6, Recover 7, Recover 8, Serr, Shake+1, Temp]|M7",Man-at-Arms,Cavalry Spear,Targe Shield,Full Plate,,False,25,"Enduring,Nimble,Recover 8,Serrated,Immune Blocked,Recover 7,Recover 6,Tempered,Shake +1",1100,,False,Alchemy|Animal Husbandry|Apothecary|Armory|Blacksmith|Carpentry|Coliseum|Conditioning Field|Furnace|Gilded Foundry|Herb Garden|Hospitaller|Infirmary|Joinery|Master Workshop|Tannery,7,15
"MaA/Morningstar+Crossbow/Tower/Leather (TY) [(EInd, EProw, NPie, NCun), Florentine, ImmU, Nimble, Serr]|M7",Man-at-Arms,Morningstar,Tower Shield,Leather,Crossbow,True,25,"Nimble,Immune Unwieldy,Parry,Serrated,Immune Blocked,Florentine",1200,,False,Animal Husbandry|Blacksmith|Carpentry|Coliseum|Conditioning Field|Fletchery|Forge|Furnace|Joinery|Master Workshop|Tannery|Tiltyard,7,12
"MaA/Flail/Kite/Chain [(RInd, RProw, EPie, NCun), Enduring, Nimble, Rec 6, Recover 7, Recover 8, Shake+1]|M7",Man-at-Arms,Flail,Kite Shield,Chainmail,,False,25,"Enduring,Nimble,Recover 6,Recover 8,Immune Blocked,Recover 7,Shake +1",1300,,False,Alchemy|Animal Husbandry|Apothecary|Armory|Blacksmith|Carpentry|Coliseum|Conditioning Field|Furnace|Herb Garden|Hospitaller|Infirmary|Joinery|Stable|Tannery,7,12
"MaA/Longbow/FullPlate [OuInPoI, (EInd, EProw, NPie, SCun), Florentine, ImmU, Nimble, Temp]|M7",Man-at-Arms,Farm Tools,,Full Plate,Longbow,True,25,"Nimble,Immune Unwieldy,Immune Blocked,Outrider: once,confers:Strain,Parry,Tempered,confers:Blocked,Florentine",1400,,False,Animal Husbandry|Armory|Blacksmith|Carpentry|Coliseum|Conditioning Field|Fletchery|Furnace|Gilded Foundry|Outrider Intercept Post|Tannery|Tiltyard,7,22
"MaA/Daggers+HuntBow/Leather (TY) [(NInd, EProw, NPie, NCun), Florentine, ImmU, Nimble]|M7",Man-at-Arms,Daggers,,Leather,Hunting Bow,True,25,"Nimble,Immune Unwieldy,Parry,Immune Blocked,Florentine",1600,,False,Animal Husbandry|Carpentry|Coliseum|Conditioning Field|Fletchery|Furnace|Stable|Tannery|Tiltyard,7,6
"MaA/Spears+Crossbow/Tower/Leather (TY) [(EInd, EProw, NPie, NCun), Florentine, ImmU, Nimble]|M7",Man-at-Arms,Spears,Tower Shield,Leather,Crossbow,True,25,"Nimble,Immune Unwieldy,Parry,Immune Blocked,Florentine",1400,,False,Animal Husbandry|Blacksmith|Carpentry|Coliseum|Conditioning Field|Fletchery|Forge|Furnace|Joinery|Stable|Tannery|Tiltyard,7,12
"MaA/Arming+HuntBow/Tower/Leather (TY) [(EInd, EProw, NPie, NCun), Florentine, ImmU, Nimble, Parry +1, Riposte, Serr]|M7",Man-at-Arms,Arming Sword,Tower Shield,Leather,Hunting Bow,True,25,"Parry +1,Nimble,Immune Unwieldy,Serrated,Immune Blocked,Parry,Riposte,Florentine",1200,,False,Animal Husbandry|Blacksmith|Carpentry|Coliseum|Conditioning Field|Fletchery|Forge|Furnace|Grand Tournament|Joinery|Master Workshop|Tannery|Tiltyard,7,12
"MaA/Arming+Longbow/Kite/FullPlate (TY) [RoPaM, (EInd, SProw, NPie, NCun), Florentine, ImmU, Nimble, Parry +1, Riposte, Temp]|M7",Man-at-Arms,Arming Sword,Kite Shield,Full Plate,Longbow,True,25,"Parry +1,Nimble,Immune Unwieldy,Immune Blocked,Immune Strain,Parry,Tempered,Drilled,Riposte,Florentine",700,,False,Animal Husbandry|Armory|Blacksmith|Butchery|Carpentry|Coliseum|Conditioning Field|Fletchery|Furnace|Gilded Foundry|Grand Tournament|Joinery|Royal Pavilion|Tannery|Tiltyard,7,16
"MaA/WarHammer+Javelin/FullPlate (TY) [(EInd, EProw, NPie, NCun), Florentine, ImmU, Nimble, Temp]|M7",Man-at-Arms,War Hammer,,Full Plate,Javelin,True,25,"Nimble,Immune Unwieldy,Parry,Tempered,Immune Blocked,Florentine",900,,False,Animal Husbandry|Armory|Blacksmith|Butchery|Carpentry|Coliseum|Conditioning Field|Fletchery|Forge|Furnace|Gilded Foundry|Tannery|Tiltyard,7,12
"MaA/Lance/Heater/Cloth [ABFM, (SInd, RProw, NPie, NCun), Nimble, Serr, Temp]|M7",Man-at-Arms,Lance,Heater Shield,Cloth,,False,25,"ABF,Nimble,Tempered,Serrated,Immune Blocked",200,,False,ABF|Animal Husbandry|Armory|Blacksmith|Butchery|Carpentry|Coliseum|Conditioning Field|Forge|Furnace|Gilded Foundry|Joinery|Master Workshop|Stable|Tannery,7,13
"MaA/Arming/Heater/Leather [ABFM, (SInd, RProw, NPie, NCun), Nimble, Serr, Temp]|M7",Man-at-Arms,Arming Sword,Heater Shield,Leather,,False,25,"ABF,Nimble,Tempered,Serrated,Immune Blocked",700,,False,ABF|Animal Husbandry|Armory|Blacksmith|Carpentry|Coliseum|Conditioning Field|Furnace|Gilded Foundry|Joinery|Master Workshop|Stable|Tannery,7,13
"MaA/Arming+Crossbow/FullPlate (TY) [(EInd, EProw, NPie, NCun), Florentine, ImmU, Nimble, Parry +1, Riposte, Temp]|M7",Man-at-Arms,Arming Sword,,Full Plate,Crossbow,True,25,"Parry +1,Nimble,Immune Unwieldy,Immune Blocked,Parry,Tempered,Riposte,Florentine",900,,False,Animal Husbandry|Armory|Blacksmith|Butchery|Carpentry|Coliseum|Conditioning Field|Fletchery|Forge|Furnace|Gilded Foundry|Grand Tournament|Tannery|Tiltyard,7,12
"MaA/Bastard+Longbow/Tower/Leather (TY) [(EInd, EProw, NPie, NCun), Florentine, ImmU, Nimble]|M7",Man-at-Arms,Bastard Sword,Tower Shield,Leather,Longbow,True,25,"Nimble,Immune Unwieldy,Parry,Immune Blocked,Florentine",900,,False,Animal Husbandry|Blacksmith|Butchery|Carpentry|Coliseum|Conditioning Field|Fletchery|Forge|Furnace|Joinery|Tannery|Tiltyard,7,12
"MaA/Flail/FullPlate (DW) [PrI, (EInd, EProw, SPie, NCun), DW, Florentine, ImmU, Nimble, Shake+1, Temp]|M7",Man-at-Arms,Flail,,Full Plate,,True,25,"Nimble,Immune Unwieldy,Immune Blocked,Resolute,Parry,Tempered,Dual Wield,Shake +1,Florentine",1600,,False,Animal Husbandry|Armory|Blacksmith|Carpentry|Coliseum|Conditioning Field|Fletchery|Furnace|Gilded Foundry|Preceptory|Tannery|Tiltyard,7,22
"MaA/Pike+HuntBow/FullPlate (TY) [OuInPoI, (EInd, EProw, NPie, SCun), Florentine, ImmU, Nimble, Temp]|M7",Man-at-Arms,Pike,,Full Plate,Hunting Bow,True,25,"Nimble,Immune Unwieldy,Immune Blocked,Outrider: once,confers:Strain,Parry,Tempered,confers:Blocked,Florentine",1400,,False,Animal Husbandry|Armory|Blacksmith|Carpentry|Coliseum|Conditioning Field|Fletchery|Furnace|Gilded Foundry|Outrider Intercept Post|Tannery|Tiltyard,7,22
"MaA/BattleAxe/Leather [(EInd, RProw, EPie, NCun), Enduring, Nimble, Rec 6, Recover 7, Recover 8, Serr, Shake+1]|M7",Man-at-Arms,Battle Axe,,Leather,,False,25,"Enduring,Nimble,Recover 8,Serrated,Immune Blocked,Recover 7,Recover 6,Shake +1",1000,,False,Alchemy|Animal Husbandry|Apothecary|Blacksmith|Butchery|Coliseum|Conditioning Field|Furnace|Herb Garden|Hospitaller|Infirmary|Master Workshop|Tannery,7,15
"MaA/Flail+HuntBow/Kite/Leather (TY) [(EInd, EProw, NPie, NCun), Florentine, ImmU, Nimble, Serr]|M7",Man-at-Arms,Flail,Kite Shield,Leather,Hunting Bow,True,25,"Nimble,Immune Unwieldy,Parry,Serrated,Immune Blocked,Florentine",1000,,False,Animal Husbandry|Armory|Blacksmith|Carpentry|Coliseum|Conditioning Field|Fletchery|Furnace|Joinery|Master Workshop|Tannery|Tiltyard,7,12
"MaA/Spears+Crossbow/Cloth (TY) [(EInd, EProw, NPie, NCun), Florentine, ImmU, Nimble, Recover 8]|M7",Man-at-Arms,Spears,,Cloth,Crossbow,True,25,"Nimble,Immune Unwieldy,Recover 8,Parry,Immune Blocked,Florentine",1800,,False,Apothecary|Blacksmith|Carpentry|Coliseum|Conditioning Field|Fletchery|Forge|Furnace|Herb Garden|Tiltyard,7,12
"MaA/Morningstar+HuntBow/Tower/Chain (TY) [MiMiStI, (EInd, SProw, NPie, NCun), Florentine, ImmU, Nimble]|M7",Man-at-Arms,Morningstar,Tower Shield,Chainmail,Hunting Bow,True,25,"Nimble,Immune Unwieldy,Immune Blocked,MaxInit3,Parry,Seize: first,Init +1,Florentine",1200,,False,Animal Husbandry|Armory|Blacksmith|Carpentry|Coliseum|Conditioning Field|Fletchery|Forge|Furnace|Joinery|Ministry of Military Strategy|Tannery|Tiltyard,7,16
"MaA/ShortSword/Kite/Cloth [(RInd, RProw, EPie, NCun), Enduring, Nimble, Rec 6, Recover 7, Recover 8, Shake+1]|M7",Man-at-Arms,Short Sword,Kite Shield,Cloth,,False,25,"Enduring,Nimble,Recover 6,Recover 8,Immune Blocked,Recover 7,Shake +1",1300,,False,Alchemy|Apothecary|Armory|Blacksmith|Carpentry|Coliseum|Conditioning Field|Furnace|Herb Garden|Hospitaller|Infirmary|Joinery|Stable|Tannery,7,12
"MaA/Morningstar+Javelin/Tower/Cloth (TY) [(EInd, EProw, NPie, NCun), Florentine, ImmU, Nimble, Recover 8]|M7",Man-at-Arms,Morningstar,Tower Shield,Cloth,Javelin,True,25,"Nimble,Immune Unwieldy,Recover 8,Parry,Immune Blocked,Florentine",1600,,False,Apothecary|Blacksmith|Carpentry|Coliseum|Conditioning Field|Fletchery|Forge|Furnace|Herb Garden|Joinery|Tiltyard,7,12
"MaA/Arming+Longbow/Tower/Cloth (TY) [(EInd, EProw, NPie, NCun), Florentine, ImmU, Nimble, Recover 8]|M7",Man-at-Arms,Arming Sword,Tower Shield,Cloth,Longbow,True,25,"Nimble,Immune Unwieldy,Recover 8,Parry,Immune Blocked,Florentine",1600,,False,Apothecary|Blacksmith|Carpentry|Coliseum|Conditioning Field|Fletchery|Forge|Furnace|Herb Garden|Joinery|Tiltyard,7,12
"MaA/BattleAxe+Crossbow/Chain (TY) [(EInd, EProw, NPie, NCun), Florentine, ImmU, Nimble, Serr]|M7",Man-at-Arms,Battle Axe,,Chainmail,Crossbow,True,25,"Nimble,Immune Unwieldy,Parry,Serrated,Immune Blocked,Florentine",1200,,False,Animal Husbandry|Armory|Blacksmith|Carpentry|Coliseum|Conditioning Field|Fletchery|Forge|Furnace|Master Workshop|Tannery|Tiltyard,7,12
"MaA/BattleAxe+Javelin/FullPlate (TY) [RoPaM, (EInd, SProw, NPie, NCun), Florentine, ImmU, Nimble, Parry +1, Riposte, Temp]|M7",Man-at-Arms,Battle Axe,,Full Plate,Javelin,True,25,"Parry +1,Nimble,Immune Unwieldy,Immune Blocked,Immune Strain,Parry,Tempered,Drilled,Riposte,Florentine",1400,,False,Animal Husbandry|Armory|Blacksmith|Carpentry|Coliseum|Conditioning Field|Fletchery|Furnace|Gilded Foundry|Grand Tournament|Royal Pavilion|Stable|Tannery|Tiltyard,7,16
"MaA/Spears+Longbow/Tower/Cloth (TY) [(EInd, EProw, NPie, NCun), Florentine, ImmU, Nimble, Recover 8]|M7",Man-at-Arms,Spears,Tower Shield,Cloth,Longbow,True,25,"Nimble,Immune Unwieldy,Recover 8,Parry,Immune Blocked,Florentine",1600,,False,Apothecary|Blacksmith|Carpentry|Coliseum|Conditioning Field|Fletchery|Forge|Furnace|Herb Garden|Joinery|Tiltyard,7,12
"MaA/Cavalry Spear/Kite/FullPlate [(EInd, RProw, EPie, NCun), Enduring, Nimble, Rec 6, Recover 7, Recover 8, Shake+1, Temp]|M7",Man-at-Arms,Cavalry Spear,Kite Shield,Full Plate,,False,25,"Enduring,Nimble,Recover 8,Immune Blocked,Recover 7,Recover 6,Tempered,Shake +1",1300,,False,Alchemy|Animal Husbandry|Apothecary|Armory|Blacksmith|Carpentry|Coliseum|Conditioning Field|Furnace|Gilded Foundry|Herb Garden|Hospitaller|Infirmary|Joinery|Stable|Tannery,7,15
"MaA/FarmTools/Tower/Leather [(EInd, RProw, EPie, NCun), Enduring, Nimble, Rec 6, Recover 7, Recover 8, Serr, Shake+1]|M7",Man-at-Arms,Farm Tools,Tower Shield,Leather,,False,25,"Enduring,Nimble,Recover 8,Serrated,Immune Blocked,Recover 7,Recover 6,Shake +1",1300,,False,Alchemy|Animal Husbandry|Apothecary|Blacksmith|Carpentry|Coliseum|Conditioning Field|Forge|Furnace|Herb Garden|Hospitaller|Infirmary|Joinery|Master Workshop|Tannery,7,15
"MaA/Halberd+Longbow/Cloth (TY) [(RInd, EProw, NPie, NCun), Florentine, ImmU, Nimble, Recover 8]|M7",Man-at-Arms,Halberd,,Cloth,Longbow,True,25,"Nimble,Immune Unwieldy,Recover 8,Parry,Immune Blocked,Florentine",1800,,False,Apothecary|Blacksmith|Carpentry|Coliseum|Conditioning Field|Fletchery|Furnace|Herb Garden|Tiltyard,7,9
"MaA/Flail+Javelin/Kite/Chain (TY) [(RInd, EProw, NPie, NCun), Florentine, ImmU, Nimble]|M7",Man-at-Arms,Flail,Kite Shield,Chainmail,Javelin,True,25,"Nimble,Immune Unwieldy,Parry,Immune Blocked,Florentine",700,,False,Animal Husbandry|Armory|Blacksmith|Butchery|Carpentry|Coliseum|Conditioning Field|Fletchery|Furnace|Joinery|Tannery|Tiltyard,7,9
"MaA/Arming+Javelin/Tower/Cloth (TY) [(EInd, EProw, NPie, NCun), Florentine, ImmU, Nimble, Recover 8]|M7",Man-at-Arms,Arming Sword,Tower Shield,Cloth,Javelin,True,25,"Nimble,Immune Unwieldy,Recover 8,Parry,Immune Blocked,Florentine",1600,,False,Apothecary|Blacksmith|Carpentry|Coliseum|Conditioning Field|Fletchery|Forge|Furnace|Herb Garden|Joinery|Tiltyard,7,12
"MaA/BattleAxe+HuntBow/FullPlate (TY) [(EInd, EProw, NPie, NCun), Florentine, ImmU, Nimble, Temp]|M7",Man-at-Arms,Battle Axe,,Full Plate,Hunting Bow,True,25,"Nimble,Immune Unwieldy,Parry,Tempered,Immune Blocked,Florentine",900,,False,Animal Husbandry|Armory|Blacksmith|Butchery|Carpentry|Coliseum|Conditioning Field|Fletchery|Furnace|Gilded Foundry|Tannery|Tiltyard,7,12
"MaA/Daggers+HuntBow/FullPlate (TY) [MiMiStI, (EInd, SProw, NPie, NCun), Florentine, ImmU, Nimble, Temp]|M7",Man-at-Arms,Daggers,,Full Plate,Hunting Bow,True,25,"Nimble,Immune Unwieldy,Immune Blocked,MaxInit3,Parry,Seize: first,Tempered,Init +1,Florentine",1400,,False,Animal Husbandry|Armory|Blacksmith|Carpentry|Coliseum|Conditioning Field|Fletchery|Furnace|Gilded Foundry|Ministry of Military Strategy|Tannery|Tiltyard,7,16
"MaA/Spears/FullPlate (DW) [(EInd, EProw, NPie, NCun), DW, Florentine, ImmU, Nimble, Serr, Temp]|M7",Man-at-Arms,Spears,,Full Plate,,True,25,"Nimble,Immune Unwieldy,Serrated,Immune Blocked,Parry,Tempered,Dual Wield,Florentine",1400,,False,Animal Husbandry|Armory|Blacksmith|Carpentry|Coliseum|Conditioning Field|Fletchery|Furnace|Gilded Foundry|Master Workshop|Tannery|Tiltyard,7,12
"MaA/ShortSword+HuntBow/Targe/Cloth (TY) [(RInd, EProw, NPie, NCun), Florentine, ImmU, Nimble, Parry +1, Recover 8, Riposte]|M7",Man-at-Arms,Short Sword,Targe Shield,Cloth,Hunting Bow,True,25,"Parry +1,Nimble,Immune Unwieldy,Recover 8,Immune Blocked,Parry,Riposte,Florentine",1600,,False,Apothecary|Blacksmith|Carpentry|Coliseum|Conditioning Field|Fletchery|Furnace|Grand Tournament|Herb Garden|Joinery|Tiltyard,7,9
"MaA/Flail+Longbow/Kite/Cloth (TY) [(RInd, EProw, NPie, NCun), Florentine, ImmU, Nimble]|M7",Man-at-Arms,Flail,Kite Shield,Cloth,Longbow,True,25,"Nimble,Immune Unwieldy,Parry,Immune Blocked,Florentine",700,,False,Animal Husbandry|Armory|Blacksmith|Butchery|Carpentry|Coliseum|Conditioning Field|Fletchery|Furnace|Joinery|Tannery|Tiltyard,7,9
"MaA/Cudgel/Cloth [RoPaM, (EInd, SProw, EPie, NCun), Enduring, Nimble, Parry +1, Rec 6, Recover 7, Recover 8, Riposte, Serr, Shake+1]|M7",Man-at-Arms,Cudgel,,Cloth,,False,25,"Enduring,Parry +1,Nimble,Recover 8,Serrated,Immune Blocked,Recover 7,Immune Strain,Recover 6,Parry,Drilled,Riposte,Shake +1",1700,,False,Alchemy|Apothecary|Blacksmith|Coliseum|Conditioning Field|Furnace|Grand Tournament|Herb Garden|Hospitaller|Infirmary|Master Workshop|Royal Pavilion|Stable|Tiltyard,7,22
"MaA/Lance/Heater/Leather [ABFM, (SInd, RProw, NPie, NCun), Nimble, Serr, Temp]|M7",Man-at-Arms,Lance,Heater Shield,Leather,,False,25,"ABF,Nimble,Tempered,Serrated,Immune Blocked",200,,False,ABF|Animal Husbandry|Armory|Blacksmith|Butchery|Carpentry|Coliseum|Conditioning Field|Forge|Furnace|Gilded Foundry|Joinery|Master Workshop|Stable|Tannery,7,13
"MaA/Flail/Kite/FullPlate [(EInd, RProw, EPie, NCun), Enduring, Nimble, Rec 6, Recover 7, Recover 8, Shake+1, Temp]|M7",Man-at-Arms,Flail,Kite Shield,Full Plate,,False,25,"Enduring,Nimble,Recover 8,Immune Blocked,Recover 7,Recover 6,Tempered,Shake +1",800,,False,Alchemy|Animal Husbandry|Apothecary|Armory|Blacksmith|Butchery|Carpentry|Coliseum|Conditioning Field|Furnace|Gilded Foundry|Herb Garden|Hospitaller|Infirmary|Joinery|Tannery,7,15
"MaA/2HBastard+Longbow/Leather (TY) [(EInd, EProw, NPie, NCun), Florentine, ImmU, Nimble]|M7",Man-at-Arms,2HBastard,,Leather,Longbow,True,25,"Nimble,Immune Unwieldy,Parry,Immune Blocked,Florentine",1100,,False,Animal Husbandry|Blacksmith|Butchery|Carpentry|Coliseum|Conditioning Field|Fletchery|Forge|Furnace|Tannery|Tiltyard,7,12
"MaA/ShortSword+Longbow/Targe/Chain (TY) [(EInd, EProw, NPie, NCun), Florentine, ImmU, Nimble, Parry +1, Riposte, Serr]|M7",Man-at-Arms,Short Sword,Targe Shield,Chainmail,Longbow,True,25,"Parry +1,Nimble,Immune Unwieldy,Serrated,Immune Blocked,Parry,Riposte,Florentine",1000,,False,Animal Husbandry|Armory|Blacksmith|Carpentry|Coliseum|Conditioning Field|Fletchery|Furnace|Grand Tournament|Joinery|Master Workshop|Tannery|Tiltyard,7,12
"MaA/WarHammer/Gothic [ABFM, OuInPoI, (SInd, RProw, NPie, SCun), Nimble, Serr, Temp]|M7",Man-at-Arms,War Hammer,,Gothic Plate,,False,25,"ABF,Nimble,Serrated,Immune Blocked,Outrider: once,confers:Strain,Tempered,confers:Blocked",400,,False,ABF|Animal Husbandry|Armory|Blacksmith|Butchery|Coliseum|Conditioning Field|Forge|Furnace|Gilded Foundry|Master Workshop|Outrider Intercept Post|Stable|Tannery,7,23
"MaA/Pike+Longbow/Cloth (TY) [MiMiStM, (RInd, SProw, NPie, NCun), Florentine, ImmU, Nimble]|M7",Man-at-Arms,Pike,,Cloth,Longbow,True,25,"Parry +1,Nimble,Immune Unwieldy,Immune Blocked,MaxInit3,Init +1,Parry,Seize: first,Crit 8,Florentine",1800,,False,Blacksmith|Carpentry|Coliseum|Conditioning Field|Fletchery|Furnace|Ministry of Military Strategy|Tiltyard|University|War College,7,13
"MaA/Spears+Longbow/Targe/Leather (TY) [RoPaM, (EInd, SProw, NPie, NCun), Florentine, ImmU, Nimble, Parry +1, Riposte, Serr]|M7",Man-at-Arms,Spears,Targe Shield,Leather,Longbow,True,25,"Parry +1,Nimble,Immune Unwieldy,Serrated,Immune Blocked,Immune Strain,Parry,Drilled,Riposte,Florentine",1200,,False,Animal Husbandry|Blacksmith|Carpentry|Coliseum|Conditioning Field|Fletchery|Furnace|Grand Tournament|Joinery|Master Workshop|Royal Pavilion|Tannery|Tiltyard,7,16
"MaA/Arming/Cloth (DW) [(RInd, EProw, NPie, NCun), DW, Florentine, ImmU, Nimble, Recover 8]|M7",Man-at-Arms,Arming Sword,,Cloth,,True,25,"Nimble,Immune Unwieldy,Recover 8,Parry,Dual Wield,Immune Blocked,Florentine",2000,,False,Apothecary|Blacksmith|Carpentry|Coliseum|Conditioning Field|Fletchery|Furnace|Herb Garden|Tiltyard,7,9
"MaA/Spears+HuntBow/Kite/FullPlate (TY) [OuInPoI, (EInd, EProw, NPie, SCun), Florentine, ImmU, Nimble, Temp]|M7",Man-at-Arms,Spears,Kite Shield,Full Plate,Hunting Bow,True,25,"Nimble,Immune Unwieldy,Immune Blocked,Outrider: once,confers:Strain,Parry,Tempered,confers:Blocked,Florentine",1200,,False,Animal Husbandry|Armory|Blacksmith|Carpentry|Coliseum|Conditioning Field|Fletchery|Furnace|Gilded Foundry|Joinery|Outrider Intercept Post|Tannery|Tiltyard,7,22
"MaA/Spears+Crossbow/Tower/Leather (TY) [(EInd, EProw, NPie, NCun), Florentine, ImmU, Nimble, Serr]|M7",Man-at-Arms,Spears,Tower Shield,Leather,Crossbow,True,25,"Nimble,Immune Unwieldy,Parry,Serrated,Immune Blocked,Florentine",1200,,False,Animal Husbandry|Blacksmith|Carpentry|Coliseum|Conditioning Field|Fletchery|Forge|Furnace|Joinery|Master Workshop|Tannery|Tiltyard,7,12
"MaA/BattleAxe/Cloth [MiMiStM, (RInd, SProw, EPie, NCun), Enduring, Nimble, Rec 6, Recover 7, Recover 8, Shake+1]|M7",Man-at-Arms,Battle Axe,,Cloth,,False,25,"Enduring,Parry +1,Nimble,Recover 8,Immune Blocked,Recover 7,MaxInit3,Init +1,Recover 6,Seize: first,Parry,Crit 8,Shake +1",1900,,False,Alchemy|Apothecary|Blacksmith|Coliseum|Conditioning Field|Furnace|Herb Garden|Hospitaller|Infirmary|Ministry of Military Strategy|Stable|University|War College,7,19
"MaA/Arming+Longbow/Kite/FullPlate (TY) [(EInd, EProw, NPie, NCun), Florentine, ImmU, Nimble, Temp]|M7",Man-at-Arms,Arming Sword,Kite Shield,Full Plate,Longbow,True,25,"Nimble,Immune Unwieldy,Parry,Tempered,Immune Blocked,Florentine",700,,False,Animal Husbandry|Armory|Blacksmith|Butchery|Carpentry|Coliseum|Conditioning Field|Fletchery|Furnace|Gilded Foundry|Joinery|Tannery|Tiltyard,7,12
"MaA/Javelin/Cloth [(RInd, EProw, NPie, NCun), Florentine, ImmU, Nimble, Recover 8]|M7",Man-at-Arms,Farm Tools,,Cloth,Javelin,True,25,"Nimble,Immune Unwieldy,Recover 8,Parry,Immune Blocked,Florentine",1800,,False,Apothecary|Blacksmith|Carpentry|Coliseum|Conditioning Field|Fletchery|Furnace|Herb Garden|Tiltyard,7,9
"MaA/Pitchfork+HuntBow/Chain (TY) [(EInd, EProw, NPie, NCun), Florentine, ImmU, Nimble, Serr]|M7",Man-at-Arms,Pitchfork,,Chainmail,Hunting Bow,True,25,"Nimble,Immune Unwieldy,Parry,Serrated,Immune Blocked,Florentine",1200,,False,Animal Husbandry|Armory|Blacksmith|Carpentry|Coliseum|Conditioning Field|Fletchery|Furnace|Master Workshop|Tannery|Tiltyard,7,12
"MaA/Crossbow/Chain [(EInd, EProw, NPie, NCun), Florentine, ImmU, Nimble, Serr]|M7",Man-at-Arms,Farm Tools,,Chainmail,Crossbow,True,25,"Nimble,Immune Unwieldy,Parry,Serrated,Immune Blocked,Florentine",1200,,False,Animal Husbandry|Armory|Blacksmith|Carpentry|Coliseum|Conditioning Field|Fletchery|Forge|Furnace|Master Workshop|Tannery|Tiltyard,7,12
"MaA/Flail+Crossbow/Tower/Leather (TY) [(EInd, EProw, NPie, NCun), Florentine, ImmU, Nimble]|M7",Man-at-Arms,Flail,Tower Shield,Leather,Crossbow,True,25,"Nimble,Immune Unwieldy,Parry,Immune Blocked,Florentine",1400,,False,Animal Husbandry|Blacksmith|Carpentry|Coliseum|Conditioning Field|Fletchery|Forge|Furnace|Joinery|Stable|Tannery|Tiltyard,7,12
"MaA/Daggers+Javelin/Chain (TY) [(EInd, EProw, NPie, NCun), Florentine, ImmU, Nimble, Serr]|M7",Man-at-Arms,Daggers,,Chainmail,Javelin,True,25,"Nimble,Immune Unwieldy,Parry,Serrated,Immune Blocked,Florentine",1200,,False,Animal Husbandry|Armory|Blacksmith|Carpentry|Coliseum|Conditioning Field|Fletchery|Furnace|Master Workshop|Tannery|Tiltyard,7,12
"MaA/Morningstar+Crossbow/FullPlate (TY) [(EInd, EProw, NPie, NCun), Florentine, ImmU, Nimble, Serr, Temp]|M7",Man-at-Arms,Morningstar,,Full Plate,Crossbow,True,25,"Nimble,Immune Unwieldy,Parry,Tempered,Serrated,Immune Blocked,Florentine",1200,,False,Animal Husbandry|Armory|Blacksmith|Carpentry|Coliseum|Conditioning Field|Fletchery|Forge|Furnace|Gilded Foundry|Master Workshop|Tannery|Tiltyard,7,12
"MaA/FarmTools/FullPlate [(EInd, RProw, EPie, NCun), Enduring, Nimble, Rec 6, Recover 7, Recover 8, Serr, Shake+1, Temp]|M7",Man-at-Arms,Farm Tools,,Full Plate,,False,25,"Enduring,Nimble,Recover 8,Serrated,Immune Blocked,Recover 7,Recover 6,Tempered,Shake +1",800,,False,Alchemy|Animal Husbandry|Apothecary|Armory|Blacksmith|Butchery|Coliseum|Conditioning Field|Furnace|Gilded Foundry|Herb Garden|Hospitaller|Infirmary|Master Workshop|Tannery,7,15
"MaA/Arming/Kite/Cloth [(RInd, RProw, EPie, NCun), Enduring, Nimble, Rec 6, Recover 7, Recover 8, Shake+1]|M7",Man-at-Arms,Arming Sword,Kite Shield,Cloth,,False,25,"Enduring,Nimble,Recover 6,Recover 8,Immune Blocked,Recover 7,Shake +1",800,,False,Alchemy|Animal Husbandry|Apothecary|Armory|Blacksmith|Butchery|Carpentry|Coliseum|Conditioning Field|Furnace|Herb Garden|Hospitaller|Infirmary|Joinery|Tannery,7,12
"MaA/Poleaxe+HuntBow/Gothic (TY) [ABFM, (SInd, EProw, NPie, NCun), Florentine, ImmU, Nimble, Serr, Temp]|M8",Man-at-Arms,Poleaxe,,Gothic Plate,Hunting Bow,True,25,"ABF,Nimble,Immune Unwieldy,Serrated,Immune Blocked,Parry,Tempered,Florentine",700,,False,ABF|Animal Husbandry|Armory|Blacksmith|Carpentry|Coliseum|Conditioning Field|Fletchery|Forge|Furnace|Gilded Foundry|Master Workshop|Stable|Tannery|Tiltyard,8,16
"MaA/Spears/Tower/Cloth [(EInd, RProw, EPie, RCun), Enduring, Nimble, Poison, Rec 6, Recover 7, Recover 8, Serr, Shake+1]|M8",Man-at-Arms,Spears,Tower Shield,Cloth,,False,25,"Enduring,Nimble,Recover 8,Serrated,Immune Blocked,Recover 7,Poison,Recover 6,Shake +1",1400,,False,Academy|Alchemy|Apothecary|Blacksmith|Carpentry|Coliseum|Conditioning Field|Forge|Furnace|Herb Garden|Hospitaller|Infirmary|Joinery|Master Workshop|Toxicarium,8,18
"MaA/2HBastard+HuntBow/Cloth (TY) [(EInd, EProw, EPie, NCun), Enduring, Florentine, ImmU, Nimble, Rec 6, Recover 7, Recover 8, Serr, Shake+1]|M8",Man-at-Arms,2HBastard,,Cloth,Hunting Bow,True,25,"Enduring,Nimble,Immune Unwieldy,Recover 8,Serrated,Immune Blocked,Recover 7,Recover 6,Parry,Shake +1,Florentine",1500,,False,Alchemy|Apothecary|Blacksmith|Carpentry|Coliseum|Conditioning Field|Fletchery|Forge|Furnace|Herb Garden|Hospitaller|Infirmary|Master Workshop|Tiltyard,8,18
"MaA/Flail+HuntBow/Tower/FullPlate (TY) [(EInd, EProw, NPie, NCun), Florentine, ImmU, Nimble, Parry +1, Recover 8, Riposte, Temp]|M8",Man-at-Arms,Flail,Tower Shield,Full Plate,Hunting Bow,True,25,"Parry +1,Nimble,Immune Unwieldy,Recover 8,Immune Blocked,Parry,Tempered,Riposte,Florentine",1200,,False,Animal Husbandry|Apothecary|Armory|Blacksmith|Carpentry|Coliseum|Conditioning Field|Fletchery|Forge|Furnace|Gilded Foundry|Grand Tournament|Herb Garden|Joinery|Tannery|Tiltyard,8,12
"MaA/Pilum/Cloth [RoPaM, ABFM, (SInd, SProw, NPie, NCun), Florentine, ImmU, Nimble, Parry +1, Riposte, Serr, Temp]|M8",Man-at-Arms,Farm Tools,,Cloth,Pilum,True,25,"ABF,Nimble,Immune Unwieldy,Parry +1,Serrated,Immune Blocked,Immune Strain,Parry,Tempered,Drilled,Riposte,Florentine",700,,False,ABF|Armory|Blacksmith|Carpentry|Coliseum|Conditioning Field|Fletchery|Forge|Furnace|Gilded Foundry|Grand Tournament|Master Workshop|Royal Pavilion|Stable|Tannery|Tiltyard,8,20
"MaA/Cavalry Spear/Buckler/Cloth [(RInd, RProw, EPie, RCun), Enduring, Nimble, Poison, Rec 6, Recover 7, Recover 8, Shake+1]|M8",Man-at-Arms,Cavalry Spear,Buckler Shield,Cloth,,False,25,"Enduring,Nimble,Recover 8,Immune Blocked,Recover 7,Poison,Recover 6,Shake +1",1600,,False,Academy|Alchemy|Apothecary|Blacksmith|Carpentry|Coliseum|Conditioning Field|Furnace|Herb Garden|Hospitaller|Infirmary|Joinery|Stable|Toxicarium,8,15
"MaA/FarmTools/Kite/Leather [MiMiStM, (RInd, SProw, NPie, NCun), Nimble, Recover 8]|M8",Man-at-Arms,Farm Tools,Kite Shield,Leather,,False,25,"Parry +1,Nimble,Recover 8,Immune Blocked,MaxInit3,Init +1,Parry,Seize: first,Crit 8",1400,,False,Animal Husbandry|Apothecary|Armory|Blacksmith|Carpentry|Coliseum|Conditioning Field|Furnace|Herb Garden|Joinery|Ministry of Military Strategy|Tannery|University|War College,8,13
"MaA/Arming+Javelin/Kite/FullPlate (TY) [(EInd, EProw, NPie, NCun), Florentine, ImmU, Nimble, Recover 8, Temp]|M8",Man-at-Arms,Arming Sword,Kite Shield,Full Plate,Javelin,True,25,"Nimble,Immune Unwieldy,Recover 8,Parry,Tempered,Immune Blocked,Florentine",1200,,False,Animal Husbandry|Apothecary|Armory|Blacksmith|Carpentry|Coliseum|Conditioning Field|Fletchery|Furnace|Gilded Foundry|Herb Garden|Joinery|Tannery|Tiltyard,8,12
"MaA/Morningstar+Pilum/Heater/Cloth (TY) [ABFM, (SInd, EProw, NPie, NCun), Florentine, ImmU, Nimble, Serr, Temp]|M8",Man-at-Arms,Morningstar,Heater Shield,Cloth,Pilum,True,25,"ABF,Nimble,Immune Unwieldy,Serrated,Immune Blocked,Parry,Tempered,Florentine",500,,False,ABF|Armory|Blacksmith|Carpentry|Coliseum|Conditioning Field|Fletchery|Forge|Furnace|Gilded Foundry|Joinery|Master Workshop|Stable|Tannery|Tiltyard,8,16
"MaA/2HBastard/Gothic [ABFM, (SInd, RProw, EPie, NCun), Enduring, Nimble, Rec 6, Recover 7, Recover 8, Serr, Shake+1, Temp]|M8",Man-at-Arms,2HBastard,,Gothic Plate,,False,25,"Enduring,ABF,Nimble,Recover 8,Serrated,Immune Blocked,Recover 7,Recover 6,Tempered,Shake +1",300,,False,ABF|Alchemy|Animal Husbandry|Apothecary|Armory|Blacksmith|Butchery|Coliseum|Conditioning Field|Forge|Furnace|Gilded Foundry|Herb Garden|Hospitaller|Infirmary|Master Workshop|Stable|Tannery,8,19
"MaA/Pitchfork+HuntBow/Chain (TY) [(RInd, EProw, NPie, NCun), Florentine, ImmU, Nimble, Recover 8]|M8",Man-at-Arms,Pitchfork,,Chainmail,Hunting Bow,True,25,"Nimble,Immune Unwieldy,Recover 8,Parry,Immune Blocked,Florentine",1400,,False,Animal Husbandry|Apothecary|Armory|Blacksmith|Carpentry|Coliseum|Conditioning Field|Fletchery|Furnace|Herb Garden|Tannery|Tiltyard,8,9
"MaA/Spears/Heater/Chain [RoPaI, ABFM, (SInd, SProw, NPie, NCun), Nimble, Serr, Temp]|M8",Man-at-Arms,Spears,Heater Shield,Chainmail,,False,25,"ABF,Nimble,Parry,Tempered,Serrated,Immune Blocked,Immune Strain",700,,False,ABF|Animal Husbandry|Armory|Blacksmith|Carpentry|Coliseum|Conditioning Field|Furnace|Gilded Foundry|Joinery|Master Workshop|Royal Pavilion|Stable|Tannery,8,20
"MaA/Daggers+Pilum/Gothic (TY) [ABFM, (SInd, EProw, NPie, NCun), Florentine, ImmU, Nimble, Serr, Temp]|M8",Man-at-Arms,Daggers,,Gothic Plate,Pilum,True,25,"ABF,Nimble,Immune Unwieldy,Serrated,Immune Blocked,Parry,Tempered,Florentine",700,,False,ABF|Animal Husbandry|Armory|Blacksmith|Carpentry|Coliseum|Conditioning Field|Fletchery|Forge|Furnace|Gilded Foundry|Master Workshop|Stable|Tannery|Tiltyard,8,16
"MaA/Spears+Arquebus/Targe/Chain (TY) [ABFM, (SInd, EProw, NPie, NCun), Florentine, ImmU, Nimble, Serr, Temp]|M8",Man-at-Arms,Spears,Targe Shield,Chainmail,Arquebus,True,25,"ABF,Nimble,Immune Unwieldy,Serrated,Immune Blocked,Parry,Tempered,Florentine",500,,False,ABF|Animal Husbandry|Armory|Blacksmith|Carpentry|Coliseum|Conditioning Field|Fletchery|Forge|Furnace|Gilded Foundry|Joinery|Master Workshop|Stable|Tannery|Tiltyard,8,16
"MaA/BattleAxe+Javelin/Leather (TY) [RoPaI, (RInd, SProw, NPie, NCun), Florentine, ImmU, Nimble]|M8",Man-at-Arms,Battle Axe,,Leather,Javelin,True,25,"Nimble,Immune Unwieldy,Parry,Immune Blocked,Immune Strain,Florentine",1100,,False,Animal Husbandry|Blacksmith|Butchery|Carpentry|Coliseum|Conditioning Field|Fletchery|Furnace|Royal Pavilion|Tannery|Tiltyard,8,13
"MaA/Morningstar+Javelin/Tower/Cloth (TY) [MiMiStM, (EInd, SProw, NPie, NCun), Florentine, ImmU, Nimble, Serr]|M8",Man-at-Arms,Morningstar,Tower Shield,Cloth,Javelin,True,25,"Parry +1,Nimble,Immune Unwieldy,Serrated,Immune Blocked,MaxInit3,Init +1,Parry,Seize: first,Crit 8,Florentine",1400,,False,Blacksmith|Carpentry|Coliseum|Conditioning Field|Fletchery|Forge|Furnace|Joinery|Master Workshop|Ministry of Military Strategy|Tiltyard|University|War College,8,16
"MaA/ShortSword+HuntBow/Tower/Cloth (TY) [(EInd, EProw, EPie, NCun), Enduring, Florentine, ImmU, Nimble, Rec 6, Recover 7, Recover 8, Serr, Shake+1]|M8",Man-at-Arms,Short Sword,Tower Shield,Cloth,Hunting Bow,True,25,"Enduring,Nimble,Immune Unwieldy,Recover 8,Serrated,Immune Blocked,Recover 7,Recover 6,Parry,Shake +1,Florentine",1300,,False,Alchemy|Apothecary|Blacksmith|Carpentry|Coliseum|Conditioning Field|Fletchery|Forge|Furnace|Herb Garden|Hospitaller|Infirmary|Joinery|Master Workshop|Tiltyard,8,18
"MaA/WarHammer+Crossbow/Leather (TY) [(EInd, EProw, NPie, NCun), Florentine, ImmU, Nimble, Recover 8]|M8",Man-at-Arms,War Hammer,,Leather,Crossbow,True,25,"Nimble,Immune Unwieldy,Recover 8,Parry,Immune Blocked,Florentine",1600,,False,Animal Husbandry|Apothecary|Blacksmith|Carpentry|Coliseum|Conditioning Field|Fletchery|Forge|Furnace|Herb Garden|Tannery|Tiltyard,8,12
"MaA/Bastard+Pilum/Tower/Gothic (TY) [ABFM, (SInd, EProw, NPie, NCun), Florentine, ImmU, Nimble, Serr, Temp]|M8",Man-at-Arms,Bastard Sword,Tower Shield,Gothic Plate,Pilum,True,25,"ABF,Nimble,Immune Unwieldy,Serrated,Immune Blocked,Parry,Tempered,Florentine",500,,False,ABF|Animal Husbandry|Armory|Blacksmith|Carpentry|Coliseum|Conditioning Field|Fletchery|Forge|Furnace|Gilded Foundry|Joinery|Master Workshop|Stable|Tannery|Tiltyard,8,16
"MaA/Flail/Kite/Gothic [ABFM, (SInd, RProw, NPie, NCun), Nimble, Serr, Temp]|M8",Man-at-Arms,Flail,Kite Shield,Gothic Plate,,False,25,"ABF,Nimble,Tempered,Serrated,Immune Blocked",200,,False,ABF|Animal Husbandry|Armory|Blacksmith|Butchery|Carpentry|Coliseum|Conditioning Field|Furnace|Gilded Foundry|Joinery|Master Workshop|Stable|Tannery,8,13
"MaA/FarmTools/Kite/FullPlate [MiMiStM, (EInd, SProw, NPie, NCun), Nimble, Recover 8, Temp]|M8",Man-at-Arms,Farm Tools,Kite Shield,Full Plate,,False,25,"Parry +1,Nimble,Recover 8,Immune Blocked,MaxInit3,Init +1,Parry,Seize: first,Tempered,Crit 8",1400,,False,Animal Husbandry|Apothecary|Armory|Blacksmith|Carpentry|Coliseum|Conditioning Field|Furnace|Gilded Foundry|Herb Garden|Joinery|Ministry of Military Strategy|Tannery|University|War College,8,16
"MaA/Halberd+Crossbow/Cloth (TY) [PrM, (EInd, EProw, SPie, NCun), Florentine, ImmU, Nimble, Rec 6, Shake+1]|M8",Man-at-Arms,Halberd,,Cloth,Crossbow,True,25,"Nimble,Immune Unwieldy,Immune Blocked,Resolute,Recover 6,Parry,Shake +1,Florentine",1800,,False,Abbey|Blacksmith|Carpentry|Coliseum|Conditioning Field|Fletchery|Forge|Furnace|Hospitaller|Monastery|Pilgrimage Site|Preceptory|Tiltyard,8,22
"MaA/WarHammer+Crossbow/FullPlate (TY) [MiMiStM, (EInd, SProw, NPie, NCun), Florentine, ImmU, Nimble, Temp]|M8",Man-at-Arms,War Hammer,,Full Plate,Crossbow,True,25,"Parry +1,Nimble,Immune Unwieldy,Immune Blocked,MaxInit3,Init +1,Parry,Seize: first,Tempered,Crit 8,Florentine",1400,,False,Animal Husbandry|Armory|Blacksmith|Carpentry|Coliseum|Conditioning Field|Fletchery|Forge|Furnace|Gilded Foundry|Ministry of Military Strategy|Tannery|Tiltyard|University|War College,8,16
"MaA/Estoc/Chain (DW) [ABFM, (SInd, EProw, NPie, NCun), DW, Florentine, ImmU, Nimble, Serr, Temp]|M8",Man-at-Arms,Estoc,,Chainmail,,True,25,"ABF,Nimble,Immune Unwieldy,Serrated,Immune Blocked,Parry,Tempered,Dual Wield,Florentine",900,,False,ABF|Animal Husbandry|Armory|Blacksmith|Carpentry|Coliseum|Conditioning Field|Fletchery|Forge|Furnace|Gilded Foundry|Master Workshop|Stable|Tannery|Tiltyard,8,16
"MaA/FarmTools/Targe/Chain [MiMiStI, (EInd, SProw, EPie, NCun), Enduring, Nimble, Rec 6, Recover 7, Recover 8, Serr, Shake+1]|M8",Man-at-Arms,Farm Tools,Targe Shield,Chainmail,,False,25,"Enduring,Nimble,Recover 8,Serrated,Immune Blocked,MaxInit3,Recover 7,Recover 6,Seize: first,Parry,Init +1,Shake +1",1100,,False,Alchemy|Animal Husbandry|Apothecary|Armory|Blacksmith|Carpentry|Coliseum|Conditioning Field|Furnace|Herb Garden|Hospitaller|Infirmary|Joinery|Master Workshop|Ministry of Military Strategy|Tannery,8,22
"MaA/Bastard+Arquebus/Heater/Cloth (TY) [ABFM, (SInd, EProw, NPie, NCun), Florentine, ImmU, Nimble, Serr, Temp]|M8",Man-at-Arms,Bastard Sword,Heater Shield,Cloth,Arquebus,True,25,"ABF,Nimble,Immune Unwieldy,Serrated,Immune Blocked,Parry,Tempered,Florentine",500,,False,ABF|Armory|Blacksmith|Carpentry|Coliseum|Conditioning Field|Fletchery|Forge|Furnace|Gilded Foundry|Joinery|Master Workshop|Stable|Tannery|Tiltyard,8,16
"MaA/ShortSword+HuntBow/Kite/Cloth (TY) [(RInd, EProw, NPie, NCun), Florentine, ImmU, Nimble, Recover 8]|M8",Man-at-Arms,Short Sword,Kite Shield,Cloth,Hunting Bow,True,25,"Nimble,Immune Unwieldy,Recover 8,Parry,Immune Blocked,Florentine",1200,,False,Apothecary|Armory|Blacksmith|Carpentry|Coliseum|Conditioning Field|Fletchery|Furnace|Herb Garden|Joinery|Tannery|Tiltyard,8,9
"MaA/Pitchfork/FullPlate [(EInd, EProw, EPie, RCun), Enduring, Nimble, Parry +1, Poison, Rec 6, Recover 7, Recover 8, Riposte, Serr, Shake+1, Temp]|M8",Man-at-Arms,Pitchfork,,Full Plate,,False,25,"Enduring,Parry +1,Nimble,Recover 8,Serrated,Immune Blocked,Recover 7,Poison,Recover 6,Parry,Tempered,Riposte,Shake +1",1200,,False,Academy|Alchemy|Animal Husbandry|Apothecary|Armory|Blacksmith|Coliseum|Conditioning Field|Furnace|Gilded Foundry|Grand Tournament|Herb Garden|Hospitaller|Infirmary|Master Workshop|Tannery|Toxicarium,8,21
"MaA/Spears/Heater/Cloth [ABFM, (SInd, RProw, NPie, NCun), Nimble, Serr, Temp]|M8",Man-at-Arms,Spears,Heater Shield,Cloth,,False,25,"ABF,Nimble,Tempered,Serrated,Immune Blocked",200,,False,ABF|Animal Husbandry|Armory|Blacksmith|Butchery|Carpentry|Coliseum|Conditioning Field|Furnace|Gilded Foundry|Joinery|Master Workshop|Stable|Tannery,8,13
"MaA/Halberd+HuntBow/FullPlate (TY) [(EInd, EProw, NPie, NCun), Florentine, ImmU, Nimble, Parry +1, Recover 8, Riposte, Temp]|M8",Man-at-Arms,Halberd,,Full Plate,Hunting Bow,True,25,"Parry +1,Nimble,Immune Unwieldy,Recover 8,Immune Blocked,Parry,Tempered,Riposte,Florentine",1400,,False,Animal Husbandry|Apothecary|Armory|Blacksmith|Carpentry|Coliseum|Conditioning Field|Fletchery|Furnace|Gilded Foundry|Grand Tournament|Herb Garden|Tannery|Tiltyard,8,12
"MaA/Estoc/Cloth (DW) [ABFM, (SInd, EProw, NPie, NCun), DW, Florentine, ImmU, Nimble, Serr, Temp]|M8",Man-at-Arms,Estoc,,Cloth,,True,25,"ABF,Nimble,Immune Unwieldy,Serrated,Immune Blocked,Parry,Tempered,Dual Wield,Florentine",900,,False,ABF|Armory|Blacksmith|Carpentry|Coliseum|Conditioning Field|Fletchery|Forge|Furnace|Gilded Foundry|Master Workshop|Stable|Tannery|Tiltyard,8,16
"MaA/Flail+Pilum/Kite/Chain (TY) [ABFM, (SInd, EProw, NPie, NCun), Florentine, ImmU, Nimble, Serr, Temp]|M8",Man-at-Arms,Flail,Kite Shield,Chainmail,Pilum,True,25,"ABF,Nimble,Immune Unwieldy,Serrated,Immune Blocked,Parry,Tempered,Florentine",500,,False,ABF|Animal Husbandry|Armory|Blacksmith|Carpentry|Coliseum|Conditioning Field|Fletchery|Forge|Furnace|Gilded Foundry|Joinery|Master Workshop|Stable|Tannery|Tiltyard,8,16
"MaA/Poleaxe+Arquebus/Cloth (TY) [ABFM, (SInd, EProw, NPie, NCun), Florentine, ImmU, Nimble, Serr, Temp]|M8",Man-at-Arms,Poleaxe,,Cloth,Arquebus,True,25,"ABF,Nimble,Immune Unwieldy,Serrated,Immune Blocked,Parry,Tempered,Florentine",700,,False,ABF|Armory|Blacksmith|Carpentry|Coliseum|Conditioning Field|Fletchery|Forge|Furnace|Gilded Foundry|Master Workshop|Stable|Tannery|Tiltyard,8,16
"MaA/Arming/Tower/Cloth [(EInd, RProw, EPie, RCun), Enduring, Nimble, Poison, Rec 6, Recover 7, Recover 8, Shake+1]|M8",Man-at-Arms,Arming Sword,Tower Shield,Cloth,,False,25,"Enduring,Nimble,Recover 8,Immune Blocked,Recover 7,Poison,Recover 6,Shake +1",1600,,False,Academy|Alchemy|Apothecary|Blacksmith|Carpentry|Coliseum|Conditioning Field|Forge|Furnace|Herb Garden|Hospitaller|Infirmary|Joinery|Stable|Toxicarium,8,18
"MaA/Poleaxe+Pilum/Chain (TY) [ABFM, (SInd, EProw, NPie, NCun), Florentine, ImmU, Nimble, Serr, Temp]|M8",Man-at-Arms,Poleaxe,,Chainmail,Pilum,True,25,"ABF,Nimble,Immune Unwieldy,Serrated,Immune Blocked,Parry,Tempered,Florentine",700,,False,ABF|Animal Husbandry|Armory|Blacksmith|Carpentry|Coliseum|Conditioning Field|Fletchery|Forge|Furnace|Gilded Foundry|Master Workshop|Stable|Tannery|Tiltyard,8,16
"MaA/Spears+Longbow/Tower/Leather (TY) [(EInd, EProw, NPie, NCun), Florentine, ImmU, Nimble, Recover 8]|M8",Man-at-Arms,Spears,Tower Shield,Leather,Longbow,True,25,"Nimble,Immune Unwieldy,Recover 8,Parry,Immune Blocked,Florentine",1400,,False,Animal Husbandry|Apothecary|Blacksmith|Carpentry|Coliseum|Conditioning Field|Fletchery|Forge|Furnace|Herb Garden|Joinery|Tannery|Tiltyard,8,12
"MaA/ShortSword+Pilum/Kite/Leather (TY) [ABFM, (SInd, EProw, NPie, NCun), Florentine, ImmU, Nimble, Serr, Temp]|M8",Man-at-Arms,Short Sword,Kite Shield,Leather,Pilum,True,25,"ABF,Nimble,Immune Unwieldy,Serrated,Immune Blocked,Parry,Tempered,Florentine",500,,False,ABF|Animal Husbandry|Armory|Blacksmith|Carpentry|Coliseum|Conditioning Field|Fletchery|Forge|Furnace|Gilded Foundry|Joinery|Master Workshop|Stable|Tannery|Tiltyard,8,16
"MaA/Daggers+Crossbow/FullPlate (TY) [MiMiStI, (EInd, SProw, NPie, NCun), Florentine, ImmU, Nimble, Serr, Temp]|M8",Man-at-Arms,Daggers,,Full Plate,Crossbow,True,25,"Nimble,Immune Unwieldy,Serrated,Immune Blocked,MaxInit3,Parry,Seize: first,Tempered,Init +1,Florentine",1200,,False,Animal Husbandry|Armory|Blacksmith|Carpentry|Coliseum|Conditioning Field|Fletchery|Forge|Furnace|Gilded Foundry|Master Workshop|Ministry of Military Strategy|Tannery|Tiltyard,8,16
"MaA/WarHammer+Javelin/Leather (TY) [PrI, (EInd, EProw, SPie, NCun), Florentine, ImmU, Nimble, Serr, Shake+1]|M8",Man-at-Arms,War Hammer,,Leather,Javelin,True,25,"Nimble,Immune Unwieldy,Serrated,Immune Blocked,Resolute,Parry,Shake +1,Florentine",1400,,False,Animal Husbandry|Blacksmith|Carpentry|Coliseum|Conditioning Field|Fletchery|Forge|Furnace|Master Workshop|Preceptory|Tannery|Tiltyard,8,22
"MaA/Arming/Kite/FullPlate [(EInd, RProw, EPie, NCun), Enduring, Nimble, Rec 6, Recover 7, Recover 8, Shake+1, Temp]|M8",Man-at-Arms,Arming Sword,Kite Shield,Full Plate,,False,25,"Enduring,Nimble,Recover 8,Immune Blocked,Recover 7,Recover 6,Tempered,Shake +1",800,,False,Alchemy|Animal Husbandry|Apothecary|Armory|Blacksmith|Butchery|Carpentry|Coliseum|Conditioning Field|Furnace|Gilded Foundry|Herb Garden|Hospitaller|Infirmary|Joinery|Stable|Tannery,8,15
"MaA/Lance/Buckler/Chain [RoPaM, (EInd, SProw, EPie, NCun), Enduring, Nimble, Parry +1, Rec 6, Recover 7, Recover 8, Riposte, Shake+1]|M8",Man-at-Arms,Lance,Buckler Shield,Chainmail,,False,25,"Enduring,Parry +1,Nimble,Recover 8,Immune Blocked,Recover 7,Immune Strain,Recover 6,Parry,Drilled,Riposte,Shake +1",800,,False,Alchemy|Animal Husbandry|Apothecary|Armory|Blacksmith|Butchery|Carpentry|Coliseum|Conditioning Field|Forge|Furnace|Grand Tournament|Herb Garden|Hospitaller|Infirmary|Joinery|Royal Pavilion|Tannery|Tiltyard,8,22
"MaA/Cudgel/FullPlate [(EInd, RProw, EPie, NCun), Enduring, Nimble, Rec 6, Recover 7, Recover 8, Shake+1, Temp]|M8",Man-at-Arms,Cudgel,,Full Plate,,False,25,"Enduring,Nimble,Recover 8,Immune Blocked,Recover 7,Recover 6,Tempered,Shake +1",800,,False,Alchemy|Animal Husbandry|Apothecary|Armory|Blacksmith|Butchery|Coliseum|Conditioning Field|Furnace|Gilded Foundry|Herb Garden|Hospitaller|Infirmary|Smokehouse|Stable|Tannery,8,15
"MaA/Morningstar/FullPlate (DW) [(EInd, EProw, NPie, NCun), DW, Florentine, ImmU, Nimble, Recover 8, Temp]|M8",Man-at-Arms,Morningstar,,Full Plate,,True,25,"Nimble,Immune Unwieldy,Recover 8,Immune Blocked,Parry,Tempered,Dual Wield,Florentine",1600,,False,Animal Husbandry|Apothecary|Armory|Blacksmith|Carpentry|Coliseum|Conditioning Field|Fletchery|Forge|Furnace|Gilded Foundry|Herb Garden|Tannery|Tiltyard,8,12
"MaA/Poleaxe+Javelin/Leather (TY) [ABFM, (SInd, EProw, NPie, NCun), Florentine, ImmU, Nimble, Serr, Temp]|M8",Man-at-Arms,Poleaxe,,Leather,Javelin,True,25,"ABF,Nimble,Immune Unwieldy,Serrated,Immune Blocked,Parry,Tempered,Florentine",700,,False,ABF|Animal Husbandry|Armory|Blacksmith|Carpentry|Coliseum|Conditioning Field|Fletchery|Forge|Furnace|Gilded Foundry|Master Workshop|Stable|Tannery|Tiltyard,8,16
"MaA/Halberd+Pilum/Cloth (TY) [RoPaM, ABFM, (SInd, SProw, NPie, NCun), Florentine, ImmU, Nimble, Parry +1, Riposte, Serr, Temp]|M8",Man-at-Arms,Halberd,,Cloth,Pilum,True,25,"ABF,Nimble,Immune Unwieldy,Parry +1,Serrated,Immune Blocked,Immune Strain,Parry,Tempered,Drilled,Riposte,Florentine",700,,False,ABF|Armory|Blacksmith|Carpentry|Coliseum|Conditioning Field|Fletchery|Forge|Furnace|Gilded Foundry|Grand Tournament|Master Workshop|Royal Pavilion|Stable|Tannery|Tiltyard,8,20
"MaA/ShortSword+Javelin/Tower/FullPlate (TY) [(EInd, EProw, NPie, NCun), Florentine, ImmU, Nimble, Parry +1, Recover 8, Riposte, Temp]|M8",Man-at-Arms,Short Sword,Tower Shield,Full Plate,Javelin,True,25,"Parry +1,Nimble,Immune Unwieldy,Recover 8,Immune Blocked,Parry,Tempered,Riposte,Florentine",1200,,False,Animal Husbandry|Apothecary|Armory|Blacksmith|Carpentry|Coliseum|Conditioning Field|Fletchery|Forge|Furnace|Gilded Foundry|Grand Tournament|Herb Garden|Joinery|Tannery|Tiltyard,8,12
"MaA/Arming+Arquebus/Tower/Cloth (TY) [ABFM, (SInd, EProw, NPie, NCun), Florentine, ImmU, Nimble, Parry +1, Riposte, Serr, Temp]|M8",Man-at-Arms,Arming Sword,Tower Shield,Cloth,Arquebus,True,25,"ABF,Nimble,Immune Unwieldy,Parry +1,Serrated,Immune Blocked,Parry,Tempered,Riposte,Florentine",500,,False,ABF|Armory|Blacksmith|Carpentry|Coliseum|Conditioning Field|Fletchery|Forge|Furnace|Gilded Foundry|Grand Tournament|Joinery|Master Workshop|Stable|Tannery|Tiltyard,8,16
"MaA/FarmTools/Buckler/Chain [OuInPoM, (RInd, RProw, NPie, SCun), Nimble]|M8",Man-at-Arms,Farm Tools,Buckler Shield,Chainmail,,False,25,"Nimble,confers:Blocked,Outrider: every,Immune Blocked,confers:Strain",1400,,False,Animal Husbandry|Armory|Blacksmith|Caravanery|Carpentry|Cipher Chamber|Coliseum|Conditioning Field|Furnace|Joinery|Outrider Intercept Post|Stable|Tannery,8,16
"MaA/Poleaxe+Crossbow/Chain (TY) [ABFM, (SInd, EProw, NPie, NCun), Florentine, ImmU, Nimble, Serr, Temp]|M8",Man-at-Arms,Poleaxe,,Chainmail,Crossbow,True,25,"ABF,Nimble,Immune Unwieldy,Serrated,Immune Blocked,Parry,Tempered,Florentine",700,,False,ABF|Animal Husbandry|Armory|Blacksmith|Carpentry|Coliseum|Conditioning Field|Fletchery|Forge|Furnace|Gilded Foundry|Master Workshop|Stable|Tannery|Tiltyard,8,16
"MaA/ShortSword+Pilum/Heater/Gothic (TY) [ABFM, (SInd, EProw, NPie, NCun), Florentine, ImmU, Nimble, Serr, Temp]|M8",Man-at-Arms,Short Sword,Heater Shield,Gothic Plate,Pilum,True,25,"ABF,Nimble,Immune Unwieldy,Serrated,Immune Blocked,Parry,Tempered,Florentine",500,,False,ABF|Animal Husbandry|Armory|Blacksmith|Carpentry|Coliseum|Conditioning Field|Fletchery|Forge|Furnace|Gilded Foundry|Joinery|Master Workshop|Stable|Tannery|Tiltyard,8,16
"MaA/ShortSword/Kite/FullPlate [OuInPoM, (EInd, RProw, NPie, SCun), Nimble, Serr, Temp]|M8",Man-at-Arms,Short Sword,Kite Shield,Full Plate,,False,25,"Nimble,Tempered,Serrated,Outrider: every,Immune Blocked,confers:Blocked,confers:Strain",1200,,False,Animal Husbandry|Armory|Blacksmith|Caravanery|Carpentry|Cipher Chamber|Coliseum|Conditioning Field|Furnace|Gilded Foundry|Joinery|Master Workshop|Outrider Intercept Post|Tannery,8,19
"MaA/ShortSword+Longbow/Targe/Chain (TY) [(RInd, EProw, NPie, NCun), Florentine, ImmU, Nimble, Recover 8]|M8",Man-at-Arms,Short Sword,Targe Shield,Chainmail,Longbow,True,25,"Nimble,Immune Unwieldy,Recover 8,Parry,Immune Blocked,Florentine",1200,,False,Animal Husbandry|Apothecary|Armory|Blacksmith|Carpentry|Coliseum|Conditioning Field|Fletchery|Furnace|Herb Garden|Joinery|Tannery|Tiltyard,8,9
"MaA/BattleAxe+Crossbow/Leather (TY) [(EInd, EProw, NPie, NCun), Florentine, ImmU, Nimble, Parry +1, Recover 8, Riposte]|M8",Man-at-Arms,Battle Axe,,Leather,Crossbow,True,25,"Parry +1,Nimble,Immune Unwieldy,Recover 8,Immune Blocked,Parry,Riposte,Florentine",1600,,False,Animal Husbandry|Apothecary|Blacksmith|Carpentry|Coliseum|Conditioning Field|Fletchery|Forge|Furnace|Grand Tournament|Herb Garden|Tannery|Tiltyard,8,12
"MaA/Halberd+Crossbow/Chain (TY) [(EInd, EProw, NPie, NCun), Florentine, ImmU, Nimble, Recover 8]|M8",Man-at-Arms,Halberd,,Chainmail,Crossbow,True,25,"Nimble,Immune Unwieldy,Recover 8,Parry,Immune Blocked,Florentine",1400,,False,Animal Husbandry|Apothecary|Armory|Blacksmith|Carpentry|Coliseum|Conditioning Field|Fletchery|Forge|Furnace|Herb Garden|Tannery|Tiltyard,8,12
"MaA/Poleaxe+Longbow/Cloth (TY) [ABFM, (SInd, EProw, NPie, NCun), Florentine, ImmU, Nimble, Serr, Temp]|M8",Man-at-Arms,Poleaxe,,Cloth,Longbow,True,25,"ABF,Nimble,Immune Unwieldy,Serrated,Immune Blocked,Parry,Tempered,Florentine",700,,False,ABF|Armory|Blacksmith|Carpentry|Coliseum|Conditioning Field|Fletchery|Forge|Furnace|Gilded Foundry|Master Workshop|Stable|Tannery|Tiltyard,8,16
"MaA/BattleAxe+HuntBow/Chain (TY) [RoPaI, (RInd, SProw, NPie, NCun), Florentine, ImmU, Nimble]|M8",Man-at-Arms,Battle Axe,,Chainmail,Hunting Bow,True,25,"Nimble,Immune Unwieldy,Parry,Immune Blocked,Immune Strain,Florentine",1400,,False,Animal Husbandry|Armory|Blacksmith|Carpentry|Coliseum|Conditioning Field|Fletchery|Furnace|Royal Pavilion|Stable|Tannery|Tiltyard,8,13
"MaA/2HBastard+HuntBow/Cloth (TY) [(EInd, EProw, EPie, NCun), Enduring, Florentine, ImmU, Nimble, Rec 6, Recover 7, Recover 8, Shake+1]|M8",Man-at-Arms,2HBastard,,Cloth,Hunting Bow,True,25,"Enduring,Nimble,Immune Unwieldy,Recover 8,Immune Blocked,Recover 7,Recover 6,Parry,Shake +1,Florentine",1700,,False,Alchemy|Apothecary|Blacksmith|Carpentry|Coliseum|Conditioning Field|Fletchery|Forge|Furnace|Herb Garden|Hospitaller|Infirmary|Stable|Tiltyard,8,18
"MaA/Spears+HuntBow/Tower/Gothic (TY) [ABFM, (SInd, EProw, NPie, NCun), Florentine, ImmU, Nimble, Serr, Temp]|M8",Man-at-Arms,Spears,Tower Shield,Gothic Plate,Hunting Bow,True,25,"ABF,Nimble,Immune Unwieldy,Serrated,Immune Blocked,Parry,Tempered,Florentine",500,,False,ABF|Animal Husbandry|Armory|Blacksmith|Carpentry|Coliseum|Conditioning Field|Fletchery|Forge|Furnace|Gilded Foundry|Joinery|Master Workshop|Stable|Tannery|Tiltyard,8,16
"MaA/Pitchfork+Javelin/Cloth (TY) [(EInd, EProw, EPie, NCun), Enduring, Florentine, ImmU, Nimble, Parry +1, Rec 6, Recover 7, Recover 8, Riposte, Serr, Shake+1]|M8",Man-at-Arms,Pitchfork,,Cloth,Javelin,True,25,"Enduring,Parry +1,Nimble,Immune Unwieldy,Recover 8,Serrated,Immune Blocked,Recover 7,Recover 6,Parry,Riposte,Shake +1,Florentine",1500,,False,Alchemy|Apothecary|Blacksmith|Carpentry|Coliseum|Conditioning Field|Fletchery|Furnace|Grand Tournament|Herb Garden|Hospitaller|Infirmary|Master Workshop|Tiltyard,8,18
"MaA/ShortSword+Pilum/Heater/FullPlate (TY) [ABFM, (SInd, EProw, NPie, NCun), Florentine, ImmU, Nimble, Serr, Temp]|M8",Man-at-Arms,Short Sword,Heater Shield,Full Plate,Pilum,True,25,"ABF,Nimble,Immune Unwieldy,Serrated,Immune Blocked,Parry,Tempered,Florentine",500,,False,ABF|Animal Husbandry|Armory|Blacksmith|Carpentry|Coliseum|Conditioning Field|Fletchery|Forge|Furnace|Gilded Foundry|Joinery|Master Workshop|Stable|Tannery|Tiltyard,8,16
"MaA/Pike+HuntBow/Cloth (TY) [(EInd, EProw, EPie, NCun), Enduring, Florentine, ImmU, Nimble, Rec 6, Recover 7, Recover 8, Serr, Shake+1]|M8",Man-at-Arms,Pike,,Cloth,Hunting Bow,True,25,"Enduring,Nimble,Immune Unwieldy,Recover 8,Serrated,Immune Blocked,Recover 7,Recover 6,Parry,Shake +1,Florentine",1500,,False,Alchemy|Apothecary|Blacksmith|Carpentry|Coliseum|Conditioning Field|Fletchery|Furnace|Herb Garden|Hospitaller|Infirmary|Master Workshop|Tiltyard,8,18
"MaA/Daggers+Longbow/Chain (TY) [OuInPoI, (RInd, EProw, NPie, SCun), Florentine, ImmU, Nimble]|M8",Man-at-Arms,Daggers,,Chainmail,Longbow,True,25,"Nimble,Immune Unwieldy,Immune Blocked,Outrider: once,confers:Strain,Parry,confers:Blocked,Florentine",1400,,False,Animal Husbandry|Armory|Blacksmith|Carpentry|Coliseum|Conditioning Field|Fletchery|Furnace|Outrider Intercept Post|Stable|Tannery|Tiltyard,8,19
"MaA/Flail/Kite/Cloth [(RInd, RProw, EPie, NCun), Enduring, Nimble, Rec 6, Recover 7, Recover 8, Shake+1]|M8",Man-at-Arms,Flail,Kite Shield,Cloth,,False,25,"Enduring,Nimble,Recover 6,Recover 8,Immune Blocked,Recover 7,Shake +1",600,,False,Alchemy|Animal Husbandry|Apothecary|Armory|Blacksmith|Butchery|Carpentry|Coliseum|Conditioning Field|Furnace|Herb Garden|Hospitaller|Infirmary|Joinery|Smokehouse|Tannery,8,12
"MaA/Arming+Arquebus/Heater/FullPlate (TY) [ABFM, (SInd, EProw, NPie, NCun), Florentine, ImmU, Nimble, Serr, Temp]|M8",Man-at-Arms,Arming Sword,Heater Shield,Full Plate,Arquebus,True,25,"ABF,Nimble,Immune Unwieldy,Serrated,Immune Blocked,Parry,Tempered,Florentine",500,,False,ABF|Animal Husbandry|Armory|Blacksmith|Carpentry|Coliseum|Conditioning Field|Fletchery|Forge|Furnace|Gilded Foundry|Joinery|Master Workshop|Stable|Tannery|Tiltyard,8,16
"MaA/Pike+Pilum/Gothic (TY) [ABFM, (SInd, EProw, NPie, NCun), Florentine, ImmU, Nimble, Serr, Temp]|M8",Man-at-Arms,Pike,,Gothic Plate,Pilum,True,25,"ABF,Nimble,Immune Unwieldy,Serrated,Immune Blocked,Parry,Tempered,Florentine",700,,False,ABF|Animal Husbandry|Armory|Blacksmith|Carpentry|Coliseum|Conditioning Field|Fletchery|Forge|Furnace|Gilded Foundry|Master Workshop|Stable|Tannery|Tiltyard,8,16
"MaA/ShortSword/Tower/Chain [(EInd, RProw, EPie, NCun), Enduring, Nimble, Rec 6, Recover 7, Recover 8, Serr, Shake+1]|M8",Man-at-Arms,Short Sword,Tower Shield,Chainmail,,False,25,"Enduring,Nimble,Recover 8,Serrated,Immune Blocked,Recover 7,Recover 6,Shake +1",600,,False,Alchemy|Animal Husbandry|Apothecary|Armory|Blacksmith|Butchery|Carpentry|Coliseum|Conditioning Field|Forge|Furnace|Herb Garden|Hospitaller|Infirmary|Joinery|Master Workshop|Tannery,8,15
"MaA/Halberd/Leather [RoPaM, (RInd, SProw, EPie, NCun), Enduring, Nimble, Parry +1, Rec 6, Recover 7, Recover 8, Riposte, Shake+1]|M8",Man-at-Arms,Halberd,,Leather,,False,25,"Enduring,Parry +1,Nimble,Recover 8,Immune Blocked,Recover 7,Immune Strain,Recover 6,Parry,Drilled,Riposte,Shake +1",1000,,False,Alchemy|Animal Husbandry|Apothecary|Blacksmith|Butchery|Coliseum|Conditioning Field|Furnace|Grand Tournament|Herb Garden|Hospitaller|Infirmary|Royal Pavilion|Smokehouse|Tannery|Tiltyard,8,19
"MaA/2HBastard+Pilum/Leather (TY) [ABFM, (SInd, EProw, NPie, NCun), Florentine, ImmU, Nimble, Serr, Temp]|M8",Man-at-Arms,2HBastard,,Leather,Pilum,True,25,"ABF,Nimble,Immune Unwieldy,Serrated,Immune Blocked,Parry,Tempered,Florentine",700,,False,ABF|Animal Husbandry|Armory|Blacksmith|Carpentry|Coliseum|Conditioning Field|Fletchery|Forge|Furnace|Gilded Foundry|Master Workshop|Stable|Tannery|Tiltyard,8,16
"MaA/Poleaxe+Javelin/Chain (TY) [ABFM, (SInd, EProw, NPie, NCun), Florentine, ImmU, Nimble, Serr, Temp]|M8",Man-at-Arms,Poleaxe,,Chainmail,Javelin,True,25,"ABF,Nimble,Immune Unwieldy,Serrated,Immune Blocked,Parry,Tempered,Florentine",700,,False,ABF|Animal Husbandry|Armory|Blacksmith|Carpentry|Coliseum|Conditioning Field|Fletchery|Forge|Furnace|Gilded Foundry|Master Workshop|Stable|Tannery|Tiltyard,8,16
"MaA/ShortSword+Arquebus/Targe/Cloth (TY) [ABFM, (SInd, EProw, NPie, NCun), Florentine, ImmU, Nimble, Serr, Temp]|M8",Man-at-Arms,Short Sword,Targe Shield,Cloth,Arquebus,True,25,"ABF,Nimble,Immune Unwieldy,Serrated,Immune Blocked,Parry,Tempered,Florentine",500,,False,ABF|Armory|Blacksmith|Carpentry|Coliseum|Conditioning Field|Fletchery|Forge|Furnace|Gilded Foundry|Joinery|Master Workshop|Stable|Tannery|Tiltyard,8,16
"MaA/ShortSword/Tower/FullPlate [(EInd, RProw, EPie, NCun), Enduring, Nimble, Rec 6, Recover 7, Recover 8, Serr, Shake+1, Temp]|M8",Man-at-Arms,Short Sword,Tower Shield,Full Plate,,False,25,"Enduring,Nimble,Recover 8,Serrated,Immune Blocked,Recover 7,Recover 6,Tempered,Shake +1",600,,False,Alchemy|Animal Husbandry|Apothecary|Armory|Blacksmith|Butchery|Carpentry|Coliseum|Conditioning Field|Forge|Furnace|Gilded Foundry|Herb Garden|Hospitaller|Infirmary|Joinery|Master Workshop|Tannery,8,15
"MaA/BattleAxe+Pilum/Chain (TY) [ABFM, (SInd, EProw, NPie, NCun), Florentine, ImmU, Nimble, Parry +1, Riposte, Serr, Temp]|M8",Man-at-Arms,Battle Axe,,Chainmail,Pilum,True,25,"ABF,Nimble,Immune Unwieldy,Parry +1,Serrated,Immune Blocked,Parry,Tempered,Riposte,Florentine",700,,False,ABF|Animal Husbandry|Armory|Blacksmith|Carpentry|Coliseum|Conditioning Field|Fletchery|Forge|Furnace|Gilded Foundry|Grand Tournament|Master Workshop|Stable|Tannery|Tiltyard,8,16
"MaA/Daggers+Javelin/Cloth (TY) [(RInd, EProw, EPie, NCun), Enduring, Florentine, ImmU, Nimble, Parry +1, Rec 6, Recover 7, Recover 8, Riposte, Shake+1]|M8",Man-at-Arms,Daggers,,Cloth,Javelin,True,25,"Enduring,Parry +1,Nimble,Immune Unwieldy,Recover 8,Immune Blocked,Recover 7,Recover 6,Parry,Riposte,Shake +1,Florentine",1700,,False,Alchemy|Apothecary|Blacksmith|Carpentry|Coliseum|Conditioning Field|Fletchery|Furnace|Grand Tournament|Herb Garden|Hospitaller|Infirmary|Stable|Tiltyard,8,15
"MaA/Estoc+Longbow/Heater/Gothic (TY) [ABFM, (SInd, EProw, NPie, NCun), Florentine, ImmU, Nimble, Serr, Temp]|M8",Man-at-Arms,Estoc,Heater Shield,Gothic Plate,Longbow,True,25,"ABF,Nimble,Immune Unwieldy,Serrated,Immune Blocked,Parry,Tempered,Florentine",500,,False,ABF|Animal Husbandry|Armory|Blacksmith|Carpentry|Coliseum|Conditioning Field|Fletchery|Forge|Furnace|Gilded Foundry|Joinery|Master Workshop|Stable|Tannery|Tiltyard,8,16
"MaA/2HBastard+Crossbow/Cloth (TY) [MiMiStI, (EInd, SProw, NPie, NCun), Florentine, ImmU, Nimble, Recover 8]|M8",Man-at-Arms,2HBastard,,Cloth,Crossbow,True,25,"Nimble,Immune Unwieldy,Recover 8,Immune Blocked,MaxInit3,Parry,Seize: first,Init +1,Florentine",1800,,False,Apothecary|Blacksmith|Carpentry|Coliseum|Conditioning Field|Fletchery|Forge|Furnace|Herb Garden|Ministry of Military Strategy|Tiltyard,8,16
"MaA/Daggers/FullPlate [(EInd, RProw, EPie, NCun), Enduring, Nimble, Rec 6, Recover 7, Recover 8, Shake+1, Temp]|M8",Man-at-Arms,Daggers,,Full Plate,,False,25,"Enduring,Nimble,Recover 8,Immune Blocked,Recover 7,Recover 6,Tempered,Shake +1",800,,False,Alchemy|Animal Husbandry|Apothecary|Armory|Blacksmith|Butchery|Coliseum|Conditioning Field|Furnace|Gilded Foundry|Herb Garden|Hospitaller|Infirmary|Smokehouse|Stable|Tannery,8,15
"MaA/Spears/Heater/Gothic [ABFM, PrI, (SInd, EProw, SPie, NCun), Nimble, Serr, Shake+1, Temp]|M8",Man-at-Arms,Spears,Heater Shield,Gothic Plate,,False,25,"ABF,Nimble,Serrated,Immune Blocked,Resolute,Parry,Tempered,Shake +1",700,,False,ABF|Animal Husbandry|Armory|Blacksmith|Carpentry|Coliseum|Conditioning Field|Furnace|Gilded Foundry|Joinery|Master Workshop|Preceptory|Stable|Tannery,8,26
"MaA/Halberd+HuntBow/Leather (TY) [(RInd, EProw, NPie, NCun), Florentine, ImmU, Nimble, Recover 8]|M8",Man-at-Arms,Halberd,,Leather,Hunting Bow,True,25,"Nimble,Immune Unwieldy,Recover 8,Parry,Immune Blocked,Florentine",1600,,False,Animal Husbandry|Apothecary|Blacksmith|Carpentry|Coliseum|Conditioning Field|Fletchery|Furnace|Herb Garden|Tannery|Tiltyard,8,9
"MaA/Spears/Tower/Chain [(EInd, RProw, EPie, NCun), Enduring, Nimble, Rec 6, Recover 7, Recover 8, Serr, Shake+1]|M8",Man-at-Arms,Spears,Tower Shield,Chainmail,,False,25,"Enduring,Nimble,Recover 8,Serrated,Immune Blocked,Recover 7,Recover 6,Shake +1",1100,,False,Alchemy|Animal Husbandry|Apothecary|Armory|Blacksmith|Carpentry|Coliseum|Conditioning Field|Forge|Furnace|Herb Garden|Hospitaller|Infirmary|Joinery|Master Workshop|Stable|Tannery,8,15
"MaA/Flail+Arquebus/Heater/Cloth (TY) [ABFM, (SInd, EProw, NPie, NCun), Florentine, ImmU, Nimble, Parry +1, Riposte, Serr, Temp]|M8",Man-at-Arms,Flail,Heater Shield,Cloth,Arquebus,True,25,"ABF,Nimble,Immune Unwieldy,Parry +1,Serrated,Immune Blocked,Parry,Tempered,Riposte,Florentine",500,,False,ABF|Armory|Blacksmith|Carpentry|Coliseum|Conditioning Field|Fletchery|Forge|Furnace|Gilded Foundry|Grand Tournament|Joinery|Master Workshop|Stable|Tannery|Tiltyard,8,16
"MaA/Flail+Javelin/Kite/Leather (TY) [(RInd, EProw, NPie, NCun), Florentine, ImmU, Nimble, Recover 8]|M8",Man-at-Arms,Flail,Kite Shield,Leather,Javelin,True,25,"Nimble,Immune Unwieldy,Recover 8,Parry,Immune Blocked,Florentine",1200,,False,Animal Husbandry|Apothecary|Armory|Blacksmith|Carpentry|Coliseum|Conditioning Field|Fletchery|Furnace|Herb Garden|Joinery|Tannery|Tiltyard,8,9
"MaA/ShortSword+Arquebus/Targe/Chain (TY) [ABFM, (SInd, EProw, NPie, NCun), Florentine, ImmU, Nimble, Serr, Temp]|M8",Man-at-Arms,Short Sword,Targe Shield,Chainmail,Arquebus,True,25,"ABF,Nimble,Immune Unwieldy,Serrated,Immune Blocked,Parry,Tempered,Florentine",500,,False,ABF|Animal Husbandry|Armory|Blacksmith|Carpentry|Coliseum|Conditioning Field|Fletchery|Forge|Furnace|Gilded Foundry|Joinery|Master Workshop|Stable|Tannery|Tiltyard,8,16
"MaA/Cudgel+Pilum/FullPlate (TY) [ABFM, (SInd, EProw, NPie, NCun), Florentine, ImmU, Nimble, Serr, Temp]|M8",Man-at-Arms,Cudgel,,Full Plate,Pilum,True,25,"ABF,Nimble,Immune Unwieldy,Serrated,Immune Blocked,Parry,Tempered,Florentine",700,,False,ABF|Animal Husbandry|Armory|Blacksmith|Carpentry|Coliseum|Conditioning Field|Fletchery|Forge|Furnace|Gilded Foundry|Master Workshop|Stable|Tannery|Tiltyard,8,16
"MaA/Morningstar+HuntBow/Heater/Gothic (TY) [ABFM, (SInd, EProw, NPie, NCun), Florentine, ImmU, Nimble, Parry +1, Riposte, Serr, Temp]|M8",Man-at-Arms,Morningstar,Heater Shield,Gothic Plate,Hunting Bow,True,25,"ABF,Nimble,Immune Unwieldy,Parry +1,Serrated,Immune Blocked,Parry,Tempered,Riposte,Florentine",500,,False,ABF|Animal Husbandry|Armory|Blacksmith|Carpentry|Coliseum|Conditioning Field|Fletchery|Forge|Furnace|Gilded Foundry|Grand Tournament|Joinery|Master Workshop|Stable|Tannery|Tiltyard,8,16
"MaA/Morningstar+Arquebus/Heater/Cloth (TY) [ABFM, (SInd, EProw, NPie, NCun), Florentine, ImmU, Nimble, Serr, Temp]|M8",Man-at-Arms,Morningstar,Heater Shield,Cloth,Arquebus,True,25,"ABF,Nimble,Immune Unwieldy,Serrated,Immune Blocked,Parry,Tempered,Florentine",500,,False,ABF|Armory|Blacksmith|Carpentry|Coliseum|Conditioning Field|Fletchery|Forge|Furnace|Gilded Foundry|Joinery|Master Workshop|Stable|Tannery|Tiltyard,8,16
"MaA/Morningstar+Pilum/Heater/Chain (TY) [ABFM, (SInd, EProw, NPie, NCun), Florentine, ImmU, Nimble, Serr, Temp]|M8",Man-at-Arms,Morningstar,Heater Shield,Chainmail,Pilum,True,25,"ABF,Nimble,Immune Unwieldy,Serrated,Immune Blocked,Parry,Tempered,Florentine",500,,False,ABF|Animal Husbandry|Armory|Blacksmith|Carpentry|Coliseum|Conditioning Field|Fletchery|Forge|Furnace|Gilded Foundry|Joinery|Master Workshop|Stable|Tannery|Tiltyard,8,16
"MaA/ShortSword/Kite/Gothic [ABFM, MiMiStI, (SInd, SProw, NPie, NCun), Nimble, Serr, Temp]|M8",Man-at-Arms,Short Sword,Kite Shield,Gothic Plate,,False,25,"ABF,Nimble,Serrated,Immune Blocked,MaxInit3,Parry,Seize: first,Tempered,Init +1",700,,False,ABF|Animal Husbandry|Armory|Blacksmith|Carpentry|Coliseum|Conditioning Field|Furnace|Gilded Foundry|Joinery|Master Workshop|Ministry of Military Strategy|Stable|Tannery,8,20
"MaA/Flail+Longbow/Tower/Cloth (TY) [(EInd, EProw, EPie, NCun), Enduring, Florentine, ImmU, Nimble, Rec 6, Recover 7, Recover 8, Serr, Shake+1]|M8",Man-at-Arms,Flail,Tower Shield,Cloth,Longbow,True,25,"Enduring,Nimble,Immune Unwieldy,Recover 8,Serrated,Immune Blocked,Recover 7,Recover 6,Parry,Shake +1,Florentine",1300,,False,Alchemy|Apothecary|Blacksmith|Carpentry|Coliseum|Conditioning Field|Fletchery|Forge|Furnace|Herb Garden|Hospitaller|Infirmary|Joinery|Master Workshop|Tiltyard,8,18
"MaA/Spears+Crossbow/Cloth (TY) [(EInd, EProw, EPie, NCun), Enduring, Florentine, ImmU, Nimble, Rec 6, Recover 7, Recover 8, Shake+1]|M8",Man-at-Arms,Spears,,Cloth,Crossbow,True,25,"Enduring,Nimble,Immune Unwieldy,Recover 8,Immune Blocked,Recover 7,Recover 6,Parry,Shake +1,Florentine",1700,,False,Alchemy|Apothecary|Blacksmith|Carpentry|Coliseum|Conditioning Field|Fletchery|Forge|Furnace|Herb Garden|Hospitaller|Infirmary|Stable|Tiltyard,8,18
"MaA/Poleaxe+HuntBow/Cloth (TY) [ABFM, (SInd, EProw, NPie, NCun), Florentine, ImmU, Nimble, Parry +1, Riposte, Serr, Temp]|M8",Man-at-Arms,Poleaxe,,Cloth,Hunting Bow,True,25,"ABF,Nimble,Immune Unwieldy,Parry +1,Serrated,Immune Blocked,Parry,Tempered,Riposte,Florentine",700,,False,ABF|Armory|Blacksmith|Carpentry|Coliseum|Conditioning Field|Fletchery|Forge|Furnace|Gilded Foundry|Grand Tournament|Master Workshop|Stable|Tannery|Tiltyard,8,16
"MaA/Pike+Crossbow/FullPlate (TY) [(EInd, EProw, NPie, NCun), Florentine, ImmU, Nimble, Recover 8, Temp]|M8",Man-at-Arms,Pike,,Full Plate,Crossbow,True,25,"Nimble,Immune Unwieldy,Recover 8,Parry,Tempered,Immune Blocked,Florentine",1400,,False,Animal Husbandry|Apothecary|Armory|Blacksmith|Carpentry|Coliseum|Conditioning Field|Fletchery|Forge|Furnace|Gilded Foundry|Herb Garden|Tannery|Tiltyard,8,12
"MaA/Morningstar/Tower/Chain [RoPaI, (EInd, SProw, EPie, NCun), Enduring, Nimble, Rec 6, Recover 7, Recover 8, Serr, Shake+1]|M8",Man-at-Arms,Morningstar,Tower Shield,Chainmail,,False,25,"Enduring,Nimble,Recover 8,Serrated,Immune Blocked,Recover 7,Immune Strain,Recover 6,Parry,Shake +1",1100,,False,Alchemy|Animal Husbandry|Apothecary|Armory|Blacksmith|Carpentry|Coliseum|Conditioning Field|Forge|Furnace|Herb Garden|Hospitaller|Infirmary|Joinery|Master Workshop|Royal Pavilion|Tannery,8,22
"MaA/Pitchfork+HuntBow/Leather (TY) [(NInd, EProw, EPie, NCun), Enduring, Florentine, ImmU, Nimble, Rec 6, Recover 7, Recover 8, Shake+1]|M8",Man-at-Arms,Pitchfork,,Leather,Hunting Bow,True,25,"Enduring,Nimble,Immune Unwieldy,Recover 8,Immune Blocked,Recover 7,Recover 6,Parry,Shake +1,Florentine",1000,,False,Alchemy|Animal Husbandry|Apothecary|Butchery|Carpentry|Coliseum|Conditioning Field|Fletchery|Herb Garden|Hospitaller|Infirmary|Tannery|Tiltyard,8,12
"MaA/FarmTools/Kite/FullPlate [OuInPoM, (EInd, RProw, NPie, SCun), Nimble, Temp]|M8",Man-at-Arms,Farm Tools,Kite Shield,Full Plate,,False,25,"Nimble,Tempered,confers:Blocked,Outrider: every,Immune Blocked,confers:Strain",900,,False,Animal Husbandry|Armory|Blacksmith|Butchery|Caravanery|Carpentry|Cipher Chamber|Coliseum|Conditioning Field|Furnace|Gilded Foundry|Joinery|Outrider Intercept Post|Tannery,8,19
"MaA/Pike+HuntBow/FullPlate (TY) [(EInd, EProw, NPie, NCun), Florentine, ImmU, Nimble, Recover 8, Temp]|M8",Man-at-Arms,Pike,,Full Plate,Hunting Bow,True,25,"Nimble,Immune Unwieldy,Recover 8,Parry,Tempered,Immune Blocked,Florentine",1400,,False,Animal Husbandry|Apothecary|Armory|Blacksmith|Carpentry|Coliseum|Conditioning Field|Fletchery|Furnace|Gilded Foundry|Herb Garden|Tannery|Tiltyard,8,12
"MaA/ShortSword+Crossbow/Leather (TY) [MiMiStM, (EInd, SProw, NPie, NCun), Florentine, ImmU, Nimble]|M8",Man-at-Arms,Short Sword,,Leather,Crossbow,True,25,"Parry +1,Nimble,Immune Unwieldy,Immune Blocked,MaxInit3,Init +1,Parry,Seize: first,Crit 8,Florentine",1600,,False,Animal Husbandry|Blacksmith|Carpentry|Coliseum|Conditioning Field|Fletchery|Forge|Furnace|Ministry of Military Strategy|Tannery|Tiltyard|University|War College,8,16
"MaA/Arming/Tower/FullPlate [(EInd, RProw, EPie, NCun), Enduring, Nimble, Rec 6, Recover 7, Recover 8, Serr, Shake+1, Temp]|M8",Man-at-Arms,Arming Sword,Tower Shield,Full Plate,,False,25,"Enduring,Nimble,Recover 8,Serrated,Immune Blocked,Recover 7,Recover 6,Tempered,Shake +1",1100,,False,Alchemy|Animal Husbandry|Apothecary|Armory|Blacksmith|Carpentry|Coliseum|Conditioning Field|Forge|Furnace|Gilded Foundry|Herb Garden|Hospitaller|Infirmary|Joinery|Master Workshop|Stable|Tannery,8,15
"MaA/ShortSword+Crossbow/Tower/Gothic (TY) [ABFM, (SInd, EProw, NPie, NCun), Florentine, ImmU, Nimble, Serr, Temp]|M8",Man-at-Arms,Short Sword,Tower Shield,Gothic Plate,Crossbow,True,25,"ABF,Nimble,Immune Unwieldy,Serrated,Immune Blocked,Parry,Tempered,Florentine",500,,False,ABF|Animal Husbandry|Armory|Blacksmith|Carpentry|Coliseum|Conditioning Field|Fletchery|Forge|Furnace|Gilded Foundry|Joinery|Master Workshop|Stable|Tannery|Tiltyard,8,16
"MaA/Halberd/Chain [(RInd, RProw, EPie, NCun), Enduring, Nimble, Rec 6, Recover 7, Recover 8, Shake+1]|M8",Man-at-Arms,Halberd,,Chainmail,,False,25,"Enduring,Nimble,Recover 6,Recover 8,Immune Blocked,Recover 7,Shake +1",800,,False,Alchemy|Animal Husbandry|Apothecary|Armory|Blacksmith|Butchery|Coliseum|Conditioning Field|Furnace|Herb Garden|Hospitaller|Infirmary|Smokehouse|Stable|Tannery,8,12
"MaA/Flail+Arquebus/Tower/Chain (TY) [ABFM, (SInd, EProw, NPie, NCun), Florentine, ImmU, Nimble, Serr, Temp]|M8",Man-at-Arms,Flail,Tower Shield,Chainmail,Arquebus,True,25,"ABF,Nimble,Immune Unwieldy,Serrated,Immune Blocked,Parry,Tempered,Florentine",500,,False,ABF|Animal Husbandry|Armory|Blacksmith|Carpentry|Coliseum|Conditioning Field|Fletchery|Forge|Furnace|Gilded Foundry|Joinery|Master Workshop|Stable|Tannery|Tiltyard,8,16
"MaA/Flail+Javelin/Tower/Chain (TY) [(EInd, EProw, EPie, NCun), Enduring, Florentine, ImmU, Nimble, Rec 6, Recover 7, Recover 8, Shake+1]|M9",Man-at-Arms,Flail,Tower Shield,Chainmail,Javelin,True,25,"Enduring,Nimble,Immune Unwieldy,Recover 8,Immune Blocked,Recover 7,Recover 6,Parry,Shake +1,Florentine",600,,False,Alchemy|Animal Husbandry|Apothecary|Armory|Blacksmith|Butchery|Carpentry|Coliseum|Conditioning Field|Fletchery|Forge|Furnace|Herb Garden|Hospitaller|Infirmary|Joinery|Tannery|Tiltyard,9,18
"MaA/Spears+HuntBow/Kite/Cloth (TY) [(RInd, EProw, EPie, NCun), Enduring, Florentine, ImmU, Nimble, Rec 6, Recover 7, Recover 8, Shake+1]|M9",Man-at-Arms,Spears,Kite Shield,Cloth,Hunting Bow,True,25,"Enduring,Nimble,Immune Unwieldy,Recover 8,Immune Blocked,Recover 7,Recover 6,Parry,Shake +1,Florentine",600,,False,Alchemy|Animal Husbandry|Apothecary|Armory|Blacksmith|Butchery|Carpentry|Coliseum|Conditioning Field|Fletchery|Furnace|Herb Garden|Hospitaller|Infirmary|Joinery|Tannery|Tiltyard,9,15
"MaA/Lance/Targe/FullPlate [PrI, (EInd, EProw, SPie, RCun), Enduring, Nimble, Poison, Rec 6, Recover 7, Recover 8, Shake+1, Temp]|M9",Man-at-Arms,Lance,Targe Shield,Full Plate,,False,25,"Enduring,Nimble,Recover 8,Immune Blocked,Recover 7,Resolute,Poison,Recover 6,Parry,Tempered,Shake +1",1200,,False,Academy|Alchemy|Animal Husbandry|Apothecary|Armory|Blacksmith|Carpentry|Coliseum|Conditioning Field|Forge|Furnace|Gilded Foundry|Herb Garden|Hospitaller|Infirmary|Joinery|Preceptory|Tannery|Toxicarium,9,25
"MaA/Spears/Targe/FullPlate [(EInd, RProw, EPie, NCun), Enduring, Nimble, Rec 6, Recover 7, Recover 8, Serr, Shake+1, Temp]|M9",Man-at-Arms,Spears,Targe Shield,Full Plate,,False,25,"Enduring,Nimble,Recover 8,Serrated,Immune Blocked,Recover 7,Recover 6,Tempered,Shake +1",600,,False,Alchemy|Animal Husbandry|Apothecary|Armory|Blacksmith|Butchery|Carpentry|Coliseum|Conditioning Field|Furnace|Gilded Foundry|Herb Garden|Hospitaller|Infirmary|Joinery|Master Workshop|Stable|Tannery,9,15
"MaA/Flail+Arquebus/Heater/Chain (TY) [ABFM, (SInd, EProw, NPie, NCun), Florentine, ImmU, Nimble, Serr, Temp]|M9",Man-at-Arms,Flail,Heater Shield,Chainmail,Arquebus,True,25,"ABF,Nimble,Immune Unwieldy,Serrated,Immune Blocked,Parry,Tempered,Florentine",200,,False,ABF|Animal Husbandry|Armory|Blacksmith|Butchery|Carpentry|Coliseum|Conditioning Field|Fletchery|Forge|Furnace|Gilded Foundry|Joinery|Master Workshop|Stable|Tannery|Tiltyard,9,16
"MaA/Spears/Tower/Cloth [(EInd, RProw, EPie, NCun), Enduring, Nimble, Rec 6, Recover 7, Recover 8, Shake+1]|M9",Man-at-Arms,Spears,Tower Shield,Cloth,,False,25,"Enduring,Nimble,Recover 6,Recover 8,Immune Blocked,Recover 7,Shake +1",800,,False,Alchemy|Animal Husbandry|Apothecary|Blacksmith|Butchery|Carpentry|Coliseum|Conditioning Field|Forge|Furnace|Herb Garden|Hospitaller|Infirmary|Joinery|Smokehouse|Stable|Tannery,9,15
"MaA/WarHammer+Longbow/FullPlate (TY) [OuInPoM, (EInd, EProw, NPie, SCun), Florentine, ImmU, Nimble, Temp]|M9",Man-at-Arms,War Hammer,,Full Plate,Longbow,True,25,"Nimble,Immune Unwieldy,Immune Blocked,confers:Strain,Parry,Tempered,Outrider: every,confers:Blocked,Florentine",1400,,False,Animal Husbandry|Armory|Blacksmith|Caravanery|Carpentry|Cipher Chamber|Coliseum|Conditioning Field|Fletchery|Forge|Furnace|Gilded Foundry|Outrider Intercept Post|Tannery|Tiltyard,9,22
"MaA/Cudgel+Crossbow/Gothic (TY) [RoPaI, ABFM, (SInd, SProw, NPie, NCun), Florentine, ImmU, Nimble, Serr, Temp]|M9",Man-at-Arms,Cudgel,,Gothic Plate,Crossbow,True,25,"ABF,Nimble,Immune Unwieldy,Serrated,Immune Blocked,Immune Strain,Parry,Tempered,Florentine",700,,False,ABF|Animal Husbandry|Armory|Blacksmith|Carpentry|Coliseum|Conditioning Field|Fletchery|Forge|Furnace|Gilded Foundry|Master Workshop|Royal Pavilion|Stable|Tannery|Tiltyard,9,20
"MaA/Poleaxe+HuntBow/Leather (TY) [ABFM, (SInd, EProw, NPie, NCun), Florentine, ImmU, Nimble, Serr, Temp]|M9",Man-at-Arms,Poleaxe,,Leather,Hunting Bow,True,25,"ABF,Nimble,Immune Unwieldy,Serrated,Immune Blocked,Parry,Tempered,Florentine",200,,False,ABF|Animal Husbandry|Armory|Blacksmith|Butchery|Carpentry|Coliseum|Conditioning Field|Fletchery|Forge|Furnace|Gilded Foundry|Master Workshop|Stable|Tannery|Tiltyard,9,16
"MaA/ShortSword+HuntBow/Targe/FullPlate (TY) [MiMiStI, (EInd, SProw, NPie, NCun), Florentine, ImmU, Nimble, Recover 8, Temp]|M9",Man-at-Arms,Short Sword,Targe Shield,Full Plate,Hunting Bow,True,25,"Nimble,Immune Unwieldy,Recover 8,Immune Blocked,MaxInit3,Parry,Seize: first,Tempered,Init +1,Florentine",1200,,False,Animal Husbandry|Apothecary|Armory|Blacksmith|Carpentry|Coliseum|Conditioning Field|Fletchery|Furnace|Gilded Foundry|Herb Garden|Joinery|Ministry of Military Strategy|Tannery|Tiltyard,9,16
"MaA/ShortSword+Pilum/Kite/Chain (TY) [ABFM, (SInd, EProw, NPie, NCun), Florentine, ImmU, Nimble, Serr, Temp]|M9",Man-at-Arms,Short Sword,Kite Shield,Chainmail,Pilum,True,25,"ABF,Nimble,Immune Unwieldy,Serrated,Immune Blocked,Parry,Tempered,Florentine",200,,False,ABF|Animal Husbandry|Armory|Blacksmith|Butchery|Carpentry|Coliseum|Conditioning Field|Fletchery|Forge|Furnace|Gilded Foundry|Joinery|Master Workshop|Stable|Tannery|Tiltyard,9,16
"MaA/Spears+Javelin/Heater/FullPlate (TY) [ABFM, (SInd, EProw, NPie, NCun), Florentine, ImmU, Nimble, Serr, Temp]|M9",Man-at-Arms,Spears,Heater Shield,Full Plate,Javelin,True,25,"ABF,Nimble,Immune Unwieldy,Serrated,Immune Blocked,Parry,Tempered,Florentine",500,,False,ABF|Animal Husbandry|Armory|Blacksmith|Carpentry|Coliseum|Conditioning Field|Fletchery|Furnace|Gilded Foundry|Joinery|Master Workshop|Stable|Tannery|Tiltyard,9,16
"MaA/FarmTools/Tower/Leather [(EInd, RProw, EPie, NCun), Enduring, Nimble, Rec 6, Recover 7, Recover 8, Shake+1]|M9",Man-at-Arms,Farm Tools,Tower Shield,Leather,,False,25,"Enduring,Nimble,Recover 6,Recover 8,Immune Blocked,Recover 7,Shake +1",800,,False,Alchemy|Animal Husbandry|Apothecary|Blacksmith|Butchery|Carpentry|Coliseum|Conditioning Field|Forge|Furnace|Herb Garden|Hospitaller|Infirmary|Joinery|Smokehouse|Stable|Tannery,9,15
"MaA/WarHammer+HuntBow/Chain (TY) [(EInd, EProw, EPie, NCun), Enduring, Florentine, ImmU, Nimble, Rec 6, Recover 7, Recover 8, Serr, Shake+1]|M9",Man-at-Arms,War Hammer,,Chainmail,Hunting Bow,True,25,"Enduring,Nimble,Immune Unwieldy,Recover 8,Serrated,Immune Blocked,Recover 7,Recover 6,Parry,Shake +1,Florentine",1100,,False,Alchemy|Animal Husbandry|Apothecary|Armory|Blacksmith|Carpentry|Coliseum|Conditioning Field|Fletchery|Forge|Furnace|Herb Garden|Hospitaller|Infirmary|Master Workshop|Tannery|Tiltyard,9,18
"MaA/Pitchfork+Longbow/FullPlate (TY) [(EInd, EProw, EPie, NCun), Enduring, Florentine, ImmU, Nimble, Rec 6, Recover 7, Recover 8, Shake+1, Temp]|M9",Man-at-Arms,Pitchfork,,Full Plate,Longbow,True,25,"Enduring,Nimble,Immune Unwieldy,Recover 8,Immune Blocked,Recover 7,Recover 6,Parry,Tempered,Shake +1,Florentine",800,,False,Alchemy|Animal Husbandry|Apothecary|Armory|Blacksmith|Butchery|Carpentry|Coliseum|Conditioning Field|Fletchery|Furnace|Gilded Foundry|Herb Garden|Hospitaller|Infirmary|Tannery|Tiltyard,9,18
"MaA/ShortSword+Longbow/Kite/Leather (TY) [RoPaI, (RInd, SProw, NPie, NCun), Florentine, ImmU, Nimble, Recover 8]|M9",Man-at-Arms,Short Sword,Kite Shield,Leather,Longbow,True,25,"Nimble,Immune Unwieldy,Recover 8,Parry,Immune Blocked,Immune Strain,Florentine",1200,,False,Animal Husbandry|Apothecary|Armory|Blacksmith|Carpentry|Coliseum|Conditioning Field|Fletchery|Furnace|Herb Garden|Joinery|Royal Pavilion|Tannery|Tiltyard,9,13
"MaA/ShortSword+Longbow/Tower/FullPlate (TY) [(EInd, EProw, EPie, NCun), Enduring, Florentine, ImmU, Nimble, Rec 6, Recover 7, Recover 8, Shake+1, Temp]|M9",Man-at-Arms,Short Sword,Tower Shield,Full Plate,Longbow,True,25,"Enduring,Nimble,Immune Unwieldy,Recover 8,Immune Blocked,Recover 7,Recover 6,Parry,Tempered,Shake +1,Florentine",600,,False,Alchemy|Animal Husbandry|Apothecary|Armory|Blacksmith|Butchery|Carpentry|Coliseum|Conditioning Field|Fletchery|Forge|Furnace|Gilded Foundry|Herb Garden|Hospitaller|Infirmary|Joinery|Tannery|Tiltyard,9,18
"MaA/Morningstar+Javelin/Heater/FullPlate (TY) [ABFM, (SInd, EProw, NPie, NCun), Florentine, ImmU, Nimble, Serr, Temp]|M9",Man-at-Arms,Morningstar,Heater Shield,Full Plate,Javelin,True,25,"ABF,Nimble,Immune Unwieldy,Serrated,Immune Blocked,Parry,Tempered,Florentine",200,,False,ABF|Animal Husbandry|Armory|Blacksmith|Butchery|Carpentry|Coliseum|Conditioning Field|Fletchery|Forge|Furnace|Gilded Foundry|Joinery|Master Workshop|Stable|Tannery|Tiltyard,9,16
"MaA/ShortSword+Javelin/Tower/Cloth (TY) [(EInd, EProw, EPie, NCun), Enduring, Florentine, ImmU, Nimble, Rec 6, Recover 7, Recover 8, Shake+1]|M9",Man-at-Arms,Short Sword,Tower Shield,Cloth,Javelin,True,25,"Enduring,Nimble,Immune Unwieldy,Recover 8,Immune Blocked,Recover 7,Recover 6,Parry,Shake +1,Florentine",800,,False,Alchemy|Animal Husbandry|Apothecary|Blacksmith|Butchery|Carpentry|Coliseum|Conditioning Field|Fletchery|Forge|Furnace|Herb Garden|Hospitaller|Infirmary|Joinery|Tannery|Tiltyard,9,18
"MaA/2HBastard+Longbow/Cloth (TY) [PrM, (EInd, EProw, SPie, NCun), Enduring, Florentine, ImmU, Nimble, Rec 6, Recover 7, Recover 8, Shake+1]|M9",Man-at-Arms,2HBastard,,Cloth,Longbow,True,25,"Enduring,Nimble,Immune Unwieldy,Recover 8,Immune Blocked,Recover 7,Resolute,Recover 6,Parry,Shake +1,Florentine",1700,,False,Abbey|Alchemy|Apothecary|Blacksmith|Carpentry|Coliseum|Conditioning Field|Fletchery|Forge|Furnace|Herb Garden|Hospitaller|Infirmary|Monastery|Pilgrimage Site|Preceptory|Tiltyard,9,22
"MaA/Arming/Kite/FullPlate [(EInd, RProw, EPie, NCun), Enduring, Nimble, Rec 6, Recover 7, Recover 8, Serr, Shake+1, Temp]|M9",Man-at-Arms,Arming Sword,Kite Shield,Full Plate,,False,25,"Enduring,Nimble,Recover 8,Serrated,Immune Blocked,Recover 7,Recover 6,Tempered,Shake +1",600,,False,Alchemy|Animal Husbandry|Apothecary|Armory|Blacksmith|Butchery|Carpentry|Coliseum|Conditioning Field|Furnace|Gilded Foundry|Herb Garden|Hospitaller|Infirmary|Joinery|Master Workshop|Stable|Tannery,9,15
"MaA/ShortSword+Javelin/Targe/Chain (TY) [(EInd, EProw, EPie, NCun), Enduring, Florentine, ImmU, Nimble, Rec 6, Recover 7, Recover 8, Serr, Shake+1]|M9",Man-at-Arms,Short Sword,Targe Shield,Chainmail,Javelin,True,25,"Enduring,Nimble,Immune Unwieldy,Recover 8,Serrated,Immune Blocked,Recover 7,Recover 6,Parry,Shake +1,Florentine",900,,False,Alchemy|Animal Husbandry|Apothecary|Armory|Blacksmith|Carpentry|Coliseum|Conditioning Field|Fletchery|Furnace|Herb Garden|Hospitaller|Infirmary|Joinery|Master Workshop|Tannery|Tiltyard,9,18
"MaA/Cavalry Spear/Buckler/FullPlate [(EInd, RProw, EPie, NCun), Enduring, Nimble, Rec 6, Recover 7, Recover 8, Serr, Shake+1, Temp]|M9",Man-at-Arms,Cavalry Spear,Buckler Shield,Full Plate,,False,25,"Enduring,Nimble,Recover 8,Serrated,Immune Blocked,Recover 7,Recover 6,Tempered,Shake +1",400,,False,Alchemy|Animal Husbandry|Apothecary|Armory|Blacksmith|Butchery|Carpentry|Coliseum|Conditioning Field|Furnace|Gilded Foundry|Herb Garden|Hospitaller|Infirmary|Joinery|Master Workshop|Smokehouse|Tannery,9,15
"MaA/Cavalry Spear/Buckler/Leather [(RInd, RProw, EPie, NCun), Enduring, Nimble, Rec 6, Recover 7, Recover 8, Shake+1]|M9",Man-at-Arms,Cavalry Spear,Buckler Shield,Leather,,False,25,"Enduring,Nimble,Recover 6,Recover 8,Immune Blocked,Recover 7,Shake +1",800,,False,Alchemy|Animal Husbandry|Apothecary|Blacksmith|Butchery|Carpentry|Coliseum|Conditioning Field|Furnace|Herb Garden|Hospitaller|Infirmary|Joinery|Smokehouse|Stable|Tannery,9,12
"MaA/ShortSword+HuntBow/Targe/Cloth (TY) [OuInPoM, (RInd, EProw, NPie, SCun), Florentine, ImmU, Nimble]|M9",Man-at-Arms,Short Sword,Targe Shield,Cloth,Hunting Bow,True,25,"Nimble,Immune Unwieldy,Immune Blocked,confers:Strain,Parry,Outrider: every,confers:Blocked,Florentine",1600,,False,Blacksmith|Caravanery|Carpentry|Cipher Chamber|Coliseum|Conditioning Field|Fletchery|Furnace|Joinery|Outrider Intercept Post|Stable|Tiltyard,9,19
"MaA/FarmTools/Targe/Gothic [ABFM, (SInd, RProw, NPie, NCun), Nimble, Recover 8, Serr, Temp]|M9",Man-at-Arms,Farm Tools,Targe Shield,Gothic Plate,,False,25,"ABF,Nimble,Recover 8,Tempered,Serrated,Immune Blocked",700,,False,ABF|Animal Husbandry|Apothecary|Armory|Blacksmith|Carpentry|Coliseum|Conditioning Field|Furnace|Gilded Foundry|Herb Garden|Joinery|Master Workshop|Stable|Tannery,9,13
"MaA/Spears+Pilum/Heater/FullPlate (TY) [RoPaM, ABFM, (SInd, SProw, NPie, NCun), Florentine, ImmU, Nimble, Parry +1, Riposte, Serr, Temp]|M9",Man-at-Arms,Spears,Heater Shield,Full Plate,Pilum,True,25,"ABF,Nimble,Immune Unwieldy,Parry +1,Serrated,Immune Blocked,Immune Strain,Parry,Tempered,Drilled,Riposte,Florentine",200,,False,ABF|Animal Husbandry|Armory|Blacksmith|Butchery|Carpentry|Coliseum|Conditioning Field|Fletchery|Forge|Furnace|Gilded Foundry|Grand Tournament|Joinery|Master Workshop|Royal Pavilion|Stable|Tannery|Tiltyard,9,20
"MaA/Bastard+Javelin/Heater/Cloth (TY) [ABFM, (SInd, EProw, NPie, NCun), Florentine, ImmU, Nimble, Serr, Temp]|M9",Man-at-Arms,Bastard Sword,Heater Shield,Cloth,Javelin,True,25,"ABF,Nimble,Immune Unwieldy,Serrated,Immune Blocked,Parry,Tempered,Florentine",200,,False,ABF|Animal Husbandry|Armory|Blacksmith|Butchery|Carpentry|Coliseum|Conditioning Field|Fletchery|Forge|Furnace|Gilded Foundry|Joinery|Master Workshop|Stable|Tannery|Tiltyard,9,16
"MaA/Spears+Longbow/Targe/Cloth (TY) [PrM, (RInd, EProw, SPie, NCun), Enduring, Florentine, ImmU, Nimble, Rec 6, Recover 7, Recover 8, Shake+1]|M9",Man-at-Arms,Spears,Targe Shield,Cloth,Longbow,True,25,"Enduring,Nimble,Immune Unwieldy,Recover 8,Immune Blocked,Recover 7,Resolute,Recover 6,Parry,Shake +1,Florentine",1500,,False,Abbey|Alchemy|Apothecary|Blacksmith|Carpentry|Coliseum|Conditioning Field|Fletchery|Furnace|Herb Garden|Hospitaller|Infirmary|Joinery|Monastery|Pilgrimage Site|Preceptory|Tiltyard,9,19
"MaA/Pike/FullPlate [(EInd, RProw, EPie, NCun), Enduring, Nimble, Rec 6, Recover 7, Recover 8, Serr, Shake+1, Temp]|M9",Man-at-Arms,Pike,,Full Plate,,False,25,"Enduring,Nimble,Recover 8,Serrated,Immune Blocked,Recover 7,Recover 6,Tempered,Shake +1",600,,False,Alchemy|Animal Husbandry|Apothecary|Armory|Blacksmith|Butchery|Coliseum|Conditioning Field|Furnace|Gilded Foundry|Herb Garden|Hospitaller|Infirmary|Master Workshop|Smokehouse|Stable|Tannery,9,15
"MaA/Morningstar+Longbow/Tower/Gothic (TY) [ABFM, (SInd, EProw, NPie, NCun), Florentine, ImmU, Nimble, Serr, Temp]|M9",Man-at-Arms,Morningstar,Tower Shield,Gothic Plate,Longbow,True,25,"ABF,Nimble,Immune Unwieldy,Serrated,Immune Blocked,Parry,Tempered,Florentine",200,,False,ABF|Animal Husbandry|Armory|Blacksmith|Butchery|Carpentry|Coliseum|Conditioning Field|Fletchery|Forge|Furnace|Gilded Foundry|Joinery|Master Workshop|Stable|Tannery|Tiltyard,9,16
"MaA/Pike+HuntBow/Leather (TY) [(EInd, EProw, EPie, NCun), Enduring, Florentine, ImmU, Nimble, Rec 6, Recover 7, Recover 8, Serr, Shake+1]|M9",Man-at-Arms,Pike,,Leather,Hunting Bow,True,25,"Enduring,Nimble,Immune Unwieldy,Recover 8,Serrated,Immune Blocked,Recover 7,Recover 6,Parry,Shake +1,Florentine",1300,,False,Alchemy|Animal Husbandry|Apothecary|Blacksmith|Carpentry|Coliseum|Conditioning Field|Fletchery|Furnace|Herb Garden|Hospitaller|Infirmary|Master Workshop|Tannery|Tiltyard,9,18
"MaA/Flail+Longbow/Tower/Cloth (TY) [PrM, (EInd, EProw, SPie, NCun), Enduring, Florentine, ImmU, Nimble, Rec 6, Recover 7, Recover 8, Shake+1]|M9",Man-at-Arms,Flail,Tower Shield,Cloth,Longbow,True,25,"Enduring,Nimble,Immune Unwieldy,Recover 8,Immune Blocked,Recover 7,Resolute,Recover 6,Parry,Shake +1,Florentine",1500,,False,Abbey|Alchemy|Apothecary|Blacksmith|Carpentry|Coliseum|Conditioning Field|Fletchery|Forge|Furnace|Herb Garden|Hospitaller|Infirmary|Joinery|Monastery|Pilgrimage Site|Preceptory|Tiltyard,9,22
"MaA/ShortSword/Tower/FullPlate [(EInd, RProw, EPie, NCun), Enduring, Nimble, Rec 6, Recover 7, Recover 8, Serr, Shake+1, Temp]|M9",Man-at-Arms,Short Sword,Tower Shield,Full Plate,,False,25,"Enduring,Nimble,Recover 8,Serrated,Immune Blocked,Recover 7,Recover 6,Tempered,Shake +1",400,,False,Alchemy|Animal Husbandry|Apothecary|Armory|Blacksmith|Butchery|Carpentry|Coliseum|Conditioning Field|Forge|Furnace|Gilded Foundry|Herb Garden|Hospitaller|Infirmary|Joinery|Master Workshop|Smokehouse|Tannery,9,15
"MaA/Daggers/Gothic [ABFM, (SInd, RProw, EPie, NCun), Enduring, Nimble, Rec 6, Recover 7, Recover 8, Serr, Shake+1, Temp]|M9",Man-at-Arms,Daggers,,Gothic Plate,,False,25,"Enduring,ABF,Nimble,Recover 8,Serrated,Immune Blocked,Recover 7,Recover 6,Tempered,Shake +1",300,,False,ABF|Alchemy|Animal Husbandry|Apothecary|Armory|Blacksmith|Butchery|Coliseum|Conditioning Field|Furnace|Gilded Foundry|Herb Garden|Hospitaller|Infirmary|Master Workshop|Stable|Tannery,9,19
"MaA/Spears+Pilum/Tower/FullPlate (TY) [ABFM, (SInd, EProw, NPie, NCun), Florentine, ImmU, Nimble, Serr, Temp]|M9",Man-at-Arms,Spears,Tower Shield,Full Plate,Pilum,True,25,"ABF,Nimble,Immune Unwieldy,Serrated,Immune Blocked,Parry,Tempered,Florentine",200,,False,ABF|Animal Husbandry|Armory|Blacksmith|Butchery|Carpentry|Coliseum|Conditioning Field|Fletchery|Forge|Furnace|Gilded Foundry|Joinery|Master Workshop|Stable|Tannery|Tiltyard,9,16
"MaA/Pitchfork/FullPlate [(EInd, EProw, EPie, RCun), Enduring, Nimble, Parry +1, Poison, Rec 6, Recover 7, Recover 8, Riposte, Serr, Shake+1, Temp]|M9",Man-at-Arms,Pitchfork,,Full Plate,,False,25,"Enduring,Parry +1,Nimble,Recover 8,Serrated,Immune Blocked,Recover 7,Poison,Recover 6,Parry,Tempered,Riposte,Shake +1",700,,False,Academy|Alchemy|Animal Husbandry|Apothecary|Armory|Blacksmith|Butchery|Coliseum|Conditioning Field|Furnace|Gilded Foundry|Grand Tournament|Herb Garden|Hospitaller|Infirmary|Master Workshop|Tannery|Toxicarium,9,21
"MaA/Flail/Heater/Chain [ABFM, MiMiStI, (SInd, SProw, NPie, NCun), Nimble, Serr, Temp]|M9",Man-at-Arms,Flail,Heater Shield,Chainmail,,False,25,"ABF,Nimble,Serrated,Immune Blocked,MaxInit3,Parry,Seize: first,Tempered,Init +1",200,,False,ABF|Animal Husbandry|Armory|Blacksmith|Butchery|Carpentry|Coliseum|Conditioning Field|Furnace|Gilded Foundry|Joinery|Master Workshop|Ministry of Military Strategy|Stable|Tannery,9,20
"MaA/Crossbow/Leather [OuInPoM, (EInd, EProw, NPie, SCun), Florentine, ImmU, Nimble]|M9",Man-at-Arms,Farm Tools,,Leather,Crossbow,True,25,"Nimble,Immune Unwieldy,Immune Blocked,confers:Strain,Parry,Outrider: every,confers:Blocked,Florentine",1600,,False,Animal Husbandry|Blacksmith|Caravanery|Carpentry|Cipher Chamber|Coliseum|Conditioning Field|Fletchery|Forge|Furnace|Outrider Intercept Post|Tannery|Tiltyard,9,22
"MaA/FarmTools/Targe/Chain [OuInPoI, (EInd, RProw, EPie, SCun), Enduring, Nimble, Rec 6, Recover 7, Recover 8, Serr, Shake+1]|M9",Man-at-Arms,Farm Tools,Targe Shield,Chainmail,,False,25,"Enduring,Nimble,Recover 8,Serrated,Immune Blocked,Recover 7,Outrider: once,confers:Strain,Recover 6,confers:Blocked,Shake +1",600,,False,Alchemy|Animal Husbandry|Apothecary|Armory|Blacksmith|Butchery|Carpentry|Coliseum|Conditioning Field|Furnace|Herb Garden|Hospitaller|Infirmary|Joinery|Master Workshop|Outrider Intercept Post|Tannery,9,25
"MaA/Spears+Pilum/Heater/Chain (TY) [RoPaM, ABFM, (SInd, SProw, NPie, NCun), Florentine, ImmU, Nimble, Parry +1, Riposte, Serr, Temp]|M9",Man-at-Arms,Spears,Heater Shield,Chainmail,Pilum,True,25,"ABF,Nimble,Immune Unwieldy,Parry +1,Serrated,Immune Blocked,Immune Strain,Parry,Tempered,Drilled,Riposte,Florentine",200,,False,ABF|Animal Husbandry|Armory|Blacksmith|Butchery|Carpentry|Coliseum|Conditioning Field|Fletchery|Forge|Furnace|Gilded Foundry|Grand Tournament|Joinery|Master Workshop|Royal Pavilion|Stable|Tannery|Tiltyard,9,20
"MaA/Estoc+Arquebus/Heater/Cloth (TY) [RoPaI, ABFM, (SInd, SProw, NPie, NCun), Florentine, ImmU, Nimble, Serr, Temp]|M9",Man-at-Arms,Estoc,Heater Shield,Cloth,Arquebus,True,25,"ABF,Nimble,Immune Unwieldy,Serrated,Immune Blocked,Immune Strain,Parry,Tempered,Florentine",500,,False,ABF|Armory|Blacksmith|Carpentry|Coliseum|Conditioning Field|Fletchery|Forge|Furnace|Gilded Foundry|Joinery|Master Workshop|Royal Pavilion|Stable|Tannery|Tiltyard,9,20
"MaA/Lance/Buckler/Chain [RoPaM, (EInd, SProw, EPie, NCun), Enduring, Nimble, Parry +1, Rec 6, Recover 7, Recover 8, Riposte, Shake+1]|M9",Man-at-Arms,Lance,Buckler Shield,Chainmail,,False,25,"Enduring,Parry +1,Nimble,Recover 8,Immune Blocked,Recover 7,Immune Strain,Recover 6,Parry,Drilled,Riposte,Shake +1",600,,False,Alchemy|Animal Husbandry|Apothecary|Armory|Blacksmith|Butchery|Carpentry|Coliseum|Conditioning Field|Forge|Furnace|Grand Tournament|Herb Garden|Hospitaller|Infirmary|Joinery|Royal Pavilion|Smokehouse|Tannery|Tiltyard,9,22
"MaA/Pike+Javelin/Leather (TY) [(RInd, EProw, EPie, NCun), Enduring, Florentine, ImmU, Nimble, Rec 6, Recover 7, Recover 8, Shake+1]|M9",Man-at-Arms,Pike,,Leather,Javelin,True,25,"Enduring,Nimble,Immune Unwieldy,Recover 8,Immune Blocked,Recover 7,Recover 6,Parry,Shake +1,Florentine",1000,,False,Alchemy|Animal Husbandry|Apothecary|Blacksmith|Butchery|Carpentry|Coliseum|Conditioning Field|Fletchery|Furnace|Herb Garden|Hospitaller|Infirmary|Tannery|Tiltyard,9,15
"MaA/Daggers+Longbow/Cloth (TY) [(NInd, EProw, EPie, NCun), Enduring, Florentine, ImmU, Nimble, Rec 6, Recover 7, Recover 8, Shake+1]|M9",Man-at-Arms,Daggers,,Cloth,Longbow,True,25,"Enduring,Nimble,Immune Unwieldy,Recover 8,Immune Blocked,Recover 7,Recover 6,Parry,Shake +1,Florentine",1000,,False,Alchemy|Animal Husbandry|Apothecary|Butchery|Carpentry|Coliseum|Conditioning Field|Fletchery|Furnace|Herb Garden|Hospitaller|Infirmary|Tannery|Tiltyard,9,12
"MaA/ShortSword+Longbow/Tower/Cloth (TY) [MiMiStI, (EInd, SProw, EPie, NCun), Enduring, Florentine, ImmU, Nimble, Rec 6, Recover 7, Recover 8, Shake+1]|M9",Man-at-Arms,Short Sword,Tower Shield,Cloth,Longbow,True,25,"Enduring,Nimble,Immune Unwieldy,Recover 8,Immune Blocked,MaxInit3,Recover 7,Recover 6,Seize: first,Parry,Init +1,Shake +1,Florentine",1500,,False,Alchemy|Apothecary|Blacksmith|Carpentry|Coliseum|Conditioning Field|Fletchery|Forge|Furnace|Herb Garden|Hospitaller|Infirmary|Joinery|Ministry of Military Strategy|Stable|Tiltyard,9,22
"MaA/ShortSword+Pilum/Tower/Leather (TY) [ABFM, (SInd, EProw, NPie, NCun), Florentine, ImmU, Nimble, Serr, Temp]|M9",Man-at-Arms,Short Sword,Tower Shield,Leather,Pilum,True,25,"ABF,Nimble,Immune Unwieldy,Serrated,Immune Blocked,Parry,Tempered,Florentine",200,,False,ABF|Animal Husbandry|Armory|Blacksmith|Butchery|Carpentry|Coliseum|Conditioning Field|Fletchery|Forge|Furnace|Gilded Foundry|Joinery|Master Workshop|Stable|Tannery|Tiltyard,9,16
"MaA/Arming+Javelin/Heater/Gothic (TY) [ABFM, (SInd, EProw, NPie, NCun), Florentine, ImmU, Nimble, Parry +1, Riposte, Serr, Temp]|M9",Man-at-Arms,Arming Sword,Heater Shield,Gothic Plate,Javelin,True,25,"ABF,Nimble,Immune Unwieldy,Parry +1,Serrated,Immune Blocked,Parry,Tempered,Riposte,Florentine",500,,False,ABF|Animal Husbandry|Armory|Blacksmith|Carpentry|Coliseum|Conditioning Field|Fletchery|Furnace|Gilded Foundry|Grand Tournament|Joinery|Master Workshop|Stable|Tannery|Tiltyard,9,16
"MaA/Cudgel+Javelin/Leather (TY) [(EInd, EProw, EPie, NCun), Enduring, Florentine, ImmU, Nimble, Rec 6, Recover 7, Recover 8, Serr, Shake+1]|M9",Man-at-Arms,Cudgel,,Leather,Javelin,True,25,"Enduring,Nimble,Immune Unwieldy,Recover 8,Serrated,Immune Blocked,Recover 7,Recover 6,Parry,Shake +1,Florentine",1300,,False,Alchemy|Animal Husbandry|Apothecary|Blacksmith|Carpentry|Coliseum|Conditioning Field|Fletchery|Furnace|Herb Garden|Hospitaller|Infirmary|Master Workshop|Tannery|Tiltyard,9,18
"MaA/Daggers/Leather [PrM, (NInd, EProw, SPie, RCun), Enduring, Nimble, Poison, Rec 6, Recover 7, Recover 8, Shake+1]|M9",Man-at-Arms,Daggers,,Leather,,False,25,"Enduring,Nimble,Recover 8,Immune Blocked,Recover 7,Resolute,Poison,Recover 6,Parry,Shake +1",1600,,False,Abbey|Academy|Alchemy|Animal Husbandry|Apothecary|Coliseum|Conditioning Field|Furnace|Herb Garden|Hospitaller|Infirmary|Monastery|Pilgrimage Site|Preceptory|Tannery|Toxicarium,9,19
"MaA/Pitchfork+Longbow/Leather (TY) [PrM, (NInd, EProw, SPie, NCun), Florentine, ImmU, Nimble, Rec 6, Shake+1]|M9",Man-at-Arms,Pitchfork,,Leather,Longbow,True,25,"Nimble,Immune Unwieldy,Immune Blocked,Resolute,Recover 6,Parry,Shake +1,Florentine",1600,,False,Abbey|Animal Husbandry|Carpentry|Coliseum|Conditioning Field|Fletchery|Furnace|Hospitaller|Monastery|Pilgrimage Site|Preceptory|Tannery|Tiltyard,9,16
"MaA/Pike/Gothic [ABFM, (SInd, RProw, EPie, NCun), Enduring, Nimble, Rec 6, Recover 7, Recover 8, Serr, Shake+1, Temp]|M9",Man-at-Arms,Pike,,Gothic Plate,,False,25,"Enduring,ABF,Nimble,Recover 8,Serrated,Immune Blocked,Recover 7,Recover 6,Tempered,Shake +1",300,,False,ABF|Alchemy|Animal Husbandry|Apothecary|Armory|Blacksmith|Butchery|Coliseum|Conditioning Field|Furnace|Gilded Foundry|Herb Garden|Hospitaller|Infirmary|Master Workshop|Stable|Tannery,9,19
"MaA/Cudgel+Javelin/Cloth (TY) [(EInd, EProw, EPie, NCun), Enduring, Florentine, ImmU, Nimble, Rec 6, Recover 7, Recover 8, Serr, Shake+1]|M9",Man-at-Arms,Cudgel,,Cloth,Javelin,True,25,"Enduring,Nimble,Immune Unwieldy,Recover 8,Serrated,Immune Blocked,Recover 7,Recover 6,Parry,Shake +1,Florentine",1500,,False,Alchemy|Apothecary|Blacksmith|Carpentry|Coliseum|Conditioning Field|Fletchery|Furnace|Herb Garden|Hospitaller|Infirmary|Master Workshop|Stable|Tiltyard,9,18
"MaA/Spears+Pilum/Heater/FullPlate (TY) [ABFM, (SInd, EProw, NPie, NCun), Florentine, ImmU, Nimble, Serr, Temp]|M9",Man-at-Arms,Spears,Heater Shield,Full Plate,Pilum,True,25,"ABF,Nimble,Immune Unwieldy,Serrated,Immune Blocked,Parry,Tempered,Florentine",200,,False,ABF|Animal Husbandry|Armory|Blacksmith|Butchery|Carpentry|Coliseum|Conditioning Field|Fletchery|Forge|Furnace|Gilded Foundry|Joinery|Master Workshop|Stable|Tannery|Tiltyard,9,16
"MaA/Halberd+Javelin/Gothic (TY) [RoPaM, ABFM, (SInd, SProw, NPie, NCun), Florentine, ImmU, Nimble, Parry +1, Riposte, Serr, Temp]|M9",Man-at-Arms,Halberd,,Gothic Plate,Javelin,True,25,"ABF,Nimble,Immune Unwieldy,Parry +1,Serrated,Immune Blocked,Immune Strain,Parry,Tempered,Drilled,Riposte,Florentine",700,,False,ABF|Animal Husbandry|Armory|Blacksmith|Carpentry|Coliseum|Conditioning Field|Fletchery|Furnace|Gilded Foundry|Grand Tournament|Master Workshop|Royal Pavilion|Stable|Tannery|Tiltyard,9,20
"MaA/Halberd+Longbow/FullPlate (TY) [(EInd, EProw, EPie, NCun), Enduring, Florentine, ImmU, Nimble, Rec 6, Recover 7, Recover 8, Shake+1, Temp]|M9",Man-at-Arms,Halberd,,Full Plate,Longbow,True,25,"Enduring,Nimble,Immune Unwieldy,Recover 8,Immune Blocked,Recover 7,Recover 6,Parry,Tempered,Shake +1,Florentine",1300,,False,Alchemy|Animal Husbandry|Apothecary|Armory|Blacksmith|Carpentry|Coliseum|Conditioning Field|Fletchery|Furnace|Gilded Foundry|Herb Garden|Hospitaller|Infirmary|Stable|Tannery|Tiltyard,9,18
"MaA/ShortSword/Kite/Leather [(EInd, RProw, EPie, NCun), Enduring, Nimble, Rec 6, Recover 7, Recover 8, Serr, Shake+1]|M9",Man-at-Arms,Short Sword,Kite Shield,Leather,,False,25,"Enduring,Nimble,Recover 8,Serrated,Immune Blocked,Recover 7,Recover 6,Shake +1",400,,False,Alchemy|Animal Husbandry|Apothecary|Armory|Blacksmith|Butchery|Carpentry|Coliseum|Conditioning Field|Furnace|Herb Garden|Hospitaller|Infirmary|Joinery|Master Workshop|Smokehouse|Tannery,9,15
"MaA/Morningstar+Longbow/Tower/Leather (TY) [OuInPoI, (EInd, EProw, NPie, SCun), Florentine, ImmU, Nimble, Recover 8]|M9",Man-at-Arms,Morningstar,Tower Shield,Leather,Longbow,True,25,"Nimble,Immune Unwieldy,Recover 8,Immune Blocked,Outrider: once,confers:Strain,Parry,confers:Blocked,Florentine",1400,,False,Animal Husbandry|Apothecary|Blacksmith|Carpentry|Coliseum|Conditioning Field|Fletchery|Forge|Furnace|Herb Garden|Joinery|Outrider Intercept Post|Tannery|Tiltyard,9,22
"MaA/Morningstar+HuntBow/Heater/Chain (TY) [ABFM, (SInd, EProw, NPie, NCun), Florentine, ImmU, Nimble, Serr, Temp]|M9",Man-at-Arms,Morningstar,Heater Shield,Chainmail,Hunting Bow,True,25,"ABF,Nimble,Immune Unwieldy,Serrated,Immune Blocked,Parry,Tempered,Florentine",200,,False,ABF|Animal Husbandry|Armory|Blacksmith|Butchery|Carpentry|Coliseum|Conditioning Field|Fletchery|Forge|Furnace|Gilded Foundry|Joinery|Master Workshop|Stable|Tannery|Tiltyard,9,16
"MaA/Spears+Arquebus/Heater/Cloth (TY) [ABFM, (SInd, EProw, NPie, NCun), Florentine, ImmU, Nimble, Serr, Temp]|M9",Man-at-Arms,Spears,Heater Shield,Cloth,Arquebus,True,25,"ABF,Nimble,Immune Unwieldy,Serrated,Immune Blocked,Parry,Tempered,Florentine",200,,False,ABF|Animal Husbandry|Armory|Blacksmith|Butchery|Carpentry|Coliseum|Conditioning Field|Fletchery|Forge|Furnace|Gilded Foundry|Joinery|Master Workshop|Stable|Tannery|Tiltyard,9,16
"MaA/ShortSword+Pilum/Targe/Chain (TY) [ABFM, OuInPoI, (SInd, EProw, NPie, SCun), Florentine, ImmU, Nimble, Serr, Temp]|M9",Man-at-Arms,Short Sword,Targe Shield,Chainmail,Pilum,True,25,"ABF,Nimble,Immune Unwieldy,Serrated,Immune Blocked,Outrider: once,confers:Strain,Parry,Tempered,confers:Blocked,Florentine",500,,False,ABF|Animal Husbandry|Armory|Blacksmith|Carpentry|Coliseum|Conditioning Field|Fletchery|Forge|Furnace|Gilded Foundry|Joinery|Master Workshop|Outrider Intercept Post|Stable|Tannery|Tiltyard,9,26
"MaA/Flail+Javelin/Heater/Leather (TY) [ABFM, (SInd, EProw, NPie, NCun), Florentine, ImmU, Nimble, Serr, Temp]|M9",Man-at-Arms,Flail,Heater Shield,Leather,Javelin,True,25,"ABF,Nimble,Immune Unwieldy,Serrated,Immune Blocked,Parry,Tempered,Florentine",500,,False,ABF|Animal Husbandry|Armory|Blacksmith|Carpentry|Coliseum|Conditioning Field|Fletchery|Furnace|Gilded Foundry|Joinery|Master Workshop|Stable|Tannery|Tiltyard,9,16
"MaA/Cavalry Spear/Targe/Chain [(EInd, RProw, EPie, NCun), Enduring, Nimble, Rec 6, Recover 7, Recover 8, Serr, Shake+1]|M9",Man-at-Arms,Cavalry Spear,Targe Shield,Chainmail,,False,25,"Enduring,Nimble,Recover 8,Serrated,Immune Blocked,Recover 7,Recover 6,Shake +1",400,,False,Alchemy|Animal Husbandry|Apothecary|Armory|Blacksmith|Butchery|Carpentry|Coliseum|Conditioning Field|Furnace|Herb Garden|Hospitaller|Infirmary|Joinery|Master Workshop|Smokehouse|Tannery,9,15
"MaA/Pike+Javelin/FullPlate (TY) [OuInPoI, (EInd, EProw, NPie, SCun), Florentine, ImmU, Nimble, Recover 8, Temp]|M9",Man-at-Arms,Pike,,Full Plate,Javelin,True,25,"Nimble,Immune Unwieldy,Recover 8,Immune Blocked,Outrider: once,confers:Strain,Parry,Tempered,confers:Blocked,Florentine",1400,,False,Animal Husbandry|Apothecary|Armory|Blacksmith|Carpentry|Coliseum|Conditioning Field|Fletchery|Furnace|Gilded Foundry|Herb Garden|Outrider Intercept Post|Tannery|Tiltyard,9,22
"MaA/Bastard+Arquebus/Tower/Gothic (TY) [ABFM, (SInd, EProw, NPie, NCun), Florentine, ImmU, Nimble, Parry +1, Riposte, Serr, Temp]|M9",Man-at-Arms,Bastard Sword,Tower Shield,Gothic Plate,Arquebus,True,25,"ABF,Nimble,Immune Unwieldy,Parry +1,Serrated,Immune Blocked,Parry,Tempered,Riposte,Florentine",200,,False,ABF|Animal Husbandry|Armory|Blacksmith|Butchery|Carpentry|Coliseum|Conditioning Field|Fletchery|Forge|Furnace|Gilded Foundry|Grand Tournament|Joinery|Master Workshop|Stable|Tannery|Tiltyard,9,16
"MaA/ShortSword+Longbow/Tower/Leather (TY) [(EInd, EProw, EPie, NCun), Enduring, Florentine, ImmU, Nimble, Rec 6, Recover 7, Recover 8, Serr, Shake+1]|M9",Man-at-Arms,Short Sword,Tower Shield,Leather,Longbow,True,25,"Enduring,Nimble,Immune Unwieldy,Recover 8,Serrated,Immune Blocked,Recover 7,Recover 6,Parry,Shake +1,Florentine",1100,,False,Alchemy|Animal Husbandry|Apothecary|Blacksmith|Carpentry|Coliseum|Conditioning Field|Fletchery|Forge|Furnace|Herb Garden|Hospitaller|Infirmary|Joinery|Master Workshop|Tannery|Tiltyard,9,18
"MaA/FarmTools/Buckler/Gothic [ABFM, (SInd, RProw, NPie, NCun), Nimble, Recover 8, Serr, Temp]|M9",Man-at-Arms,Farm Tools,Buckler Shield,Gothic Plate,,False,25,"ABF,Nimble,Recover 8,Tempered,Serrated,Immune Blocked",700,,False,ABF|Animal Husbandry|Apothecary|Armory|Blacksmith|Carpentry|Coliseum|Conditioning Field|Furnace|Gilded Foundry|Herb Garden|Joinery|Master Workshop|Stable|Tannery,9,13
"MaA/Spears/Tower/FullPlate [(EInd, RProw, EPie, RCun), Enduring, Nimble, Poison, Rec 6, Recover 7, Recover 8, Shake+1, Temp]|M9",Man-at-Arms,Spears,Tower Shield,Full Plate,,False,25,"Enduring,Nimble,Recover 8,Immune Blocked,Recover 7,Poison,Recover 6,Tempered,Shake +1",700,,False,Academy|Alchemy|Animal Husbandry|Apothecary|Armory|Blacksmith|Butchery|Carpentry|Coliseum|Conditioning Field|Forge|Furnace|Gilded Foundry|Herb Garden|Hospitaller|Infirmary|Joinery|Tannery|Toxicarium,9,18
"MaA/Flail+Arquebus/Tower/Chain (TY) [ABFM, (SInd, EProw, NPie, NCun), Florentine, ImmU, Nimble, Serr, Temp]|M9",Man-at-Arms,Flail,Tower Shield,Chainmail,Arquebus,True,25,"ABF,Nimble,Immune Unwieldy,Serrated,Immune Blocked,Parry,Tempered,Florentine",200,,False,ABF|Animal Husbandry|Armory|Blacksmith|Butchery|Carpentry|Coliseum|Conditioning Field|Fletchery|Forge|Furnace|Gilded Foundry|Joinery|Master Workshop|Stable|Tannery|Tiltyard,9,16
"MaA/Flail+Crossbow/Chain (TY) [(EInd, EProw, EPie, NCun), Enduring, Florentine, ImmU, Nimble, Rec 6, Recover 7, Recover 8, Shake+1]|M9",Man-at-Arms,Flail,,Chainmail,Crossbow,True,25,"Enduring,Nimble,Immune Unwieldy,Recover 8,Immune Blocked,Recover 7,Recover 6,Parry,Shake +1,Florentine",1300,,False,Alchemy|Animal Husbandry|Apothecary|Armory|Blacksmith|Carpentry|Coliseum|Conditioning Field|Fletchery|Forge|Furnace|Herb Garden|Hospitaller|Infirmary|Stable|Tannery|Tiltyard,9,18
"MaA/Arming+HuntBow/Kite/Chain (TY) [(EInd, EProw, EPie, NCun), Enduring, Florentine, ImmU, Nimble, Rec 6, Recover 7, Recover 8, Serr, Shake+1]|M9",Man-at-Arms,Arming Sword,Kite Shield,Chainmail,Hunting Bow,True,25,"Enduring,Nimble,Immune Unwieldy,Recover 8,Serrated,Immune Blocked,Recover 7,Recover 6,Parry,Shake +1,Florentine",900,,False,Alchemy|Animal Husbandry|Apothecary|Armory|Blacksmith|Carpentry|Coliseum|Conditioning Field|Fletchery|Furnace|Herb Garden|Hospitaller|Infirmary|Joinery|Master Workshop|Tannery|Tiltyard,9,18
"MaA/WarHammer+Crossbow/Chain (TY) [(EInd, EProw, EPie, NCun), Enduring, Florentine, ImmU, Nimble, Rec 6, Recover 7, Recover 8, Shake+1]|M9",Man-at-Arms,War Hammer,,Chainmail,Crossbow,True,25,"Enduring,Nimble,Immune Unwieldy,Recover 8,Immune Blocked,Recover 7,Recover 6,Parry,Shake +1,Florentine",800,,False,Alchemy|Animal Husbandry|Apothecary|Armory|Blacksmith|Butchery|Carpentry|Coliseum|Conditioning Field|Fletchery|Forge|Furnace|Herb Garden|Hospitaller|Infirmary|Tannery|Tiltyard,9,18
"MaA/Spears/Heater/Cloth [RoPaM, ABFM, (SInd, SProw, NPie, NCun), Nimble, Parry +1, Riposte, Serr, Temp]|M9",Man-at-Arms,Spears,Heater Shield,Cloth,,False,25,"ABF,Nimble,Parry +1,Serrated,Immune Blocked,Immune Strain,Parry,Tempered,Drilled,Riposte",200,,False,ABF|Animal Husbandry|Armory|Blacksmith|Butchery|Carpentry|Coliseum|Conditioning Field|Furnace|Gilded Foundry|Grand Tournament|Joinery|Master Workshop|Royal Pavilion|Stable|Tannery|Tiltyard,9,20
"MaA/Morningstar+Crossbow/Tower/FullPlate (TY) [(EInd, EProw, EPie, NCun), Enduring, Florentine, ImmU, Nimble, Parry +1, Rec 6, Recover 7, Recover 8, Riposte, Shake+1, Temp]|M9",Man-at-Arms,Morningstar,Tower Shield,Full Plate,Crossbow,True,25,"Enduring,Parry +1,Nimble,Immune Unwieldy,Recover 8,Immune Blocked,Recover 7,Recover 6,Parry,Tempered,Riposte,Shake +1,Florentine",1100,,False,Alchemy|Animal Husbandry|Apothecary|Armory|Blacksmith|Carpentry|Coliseum|Conditioning Field|Fletchery|Forge|Furnace|Gilded Foundry|Grand Tournament|Herb Garden|Hospitaller|Infirmary|Joinery|Stable|Tannery|Tiltyard,9,18
"MaA/Arming+Javelin/Tower/Cloth (TY) [(EInd, EProw, EPie, NCun), Enduring, Florentine, ImmU, Nimble, Rec 6, Recover 7, Recover 8, Shake+1]|M9",Man-at-Arms,Arming Sword,Tower Shield,Cloth,Javelin,True,25,"Enduring,Nimble,Immune Unwieldy,Recover 8,Immune Blocked,Recover 7,Recover 6,Parry,Shake +1,Florentine",800,,False,Alchemy|Animal Husbandry|Apothecary|Blacksmith|Butchery|Carpentry|Coliseum|Conditioning Field|Fletchery|Forge|Furnace|Herb Garden|Hospitaller|Infirmary|Joinery|Tannery|Tiltyard,9,18
"MaA/ShortSword+Javelin/Heater/Gothic (TY) [ABFM, (SInd, EProw, NPie, NCun), Florentine, ImmU, Nimble, Serr, Temp]|M9",Man-at-Arms,Short Sword,Heater Shield,Gothic Plate,Javelin,True,25,"ABF,Nimble,Immune Unwieldy,Serrated,Immune Blocked,Parry,Tempered,Florentine",500,,False,ABF|Animal Husbandry|Armory|Blacksmith|Carpentry|Coliseum|Conditioning Field|Fletchery|Furnace|Gilded Foundry|Joinery|Master Workshop|Stable|Tannery|Tiltyard,9,16
"MaA/BattleAxe+Crossbow/Gothic (TY) [ABFM, (SInd, EProw, NPie, NCun), Florentine, ImmU, Nimble, Serr, Temp]|M9",Man-at-Arms,Battle Axe,,Gothic Plate,Crossbow,True,25,"ABF,Nimble,Immune Unwieldy,Serrated,Immune Blocked,Parry,Tempered,Florentine",200,,False,ABF|Animal Husbandry|Armory|Blacksmith|Butchery|Carpentry|Coliseum|Conditioning Field|Fletchery|Forge|Furnace|Gilded Foundry|Master Workshop|Stable|Tannery|Tiltyard,9,16
"MaA/Javelin/FullPlate [(EInd, EProw, EPie, NCun), Enduring, Florentine, ImmU, Nimble, Parry +1, Rec 6, Recover 7, Recover 8, Riposte, Serr, Shake+1, Temp]|M9",Man-at-Arms,Farm Tools,,Full Plate,Javelin,True,25,"Enduring,Parry +1,Nimble,Immune Unwieldy,Recover 8,Serrated,Immune Blocked,Recover 7,Recover 6,Parry,Tempered,Riposte,Shake +1,Florentine",1100,,False,Alchemy|Animal Husbandry|Apothecary|Armory|Blacksmith|Carpentry|Coliseum|Conditioning Field|Fletchery|Furnace|Gilded Foundry|Grand Tournament|Herb Garden|Hospitaller|Infirmary|Master Workshop|Tannery|Tiltyard,9,18
"MaA/Cavalry Spear/Heater/Gothic [ABFM, (SInd, RProw, NPie, NCun), Nimble, Recover 8, Serr, Temp]|M9",Man-at-Arms,Cavalry Spear,Heater Shield,Gothic Plate,,False,25,"ABF,Nimble,Recover 8,Tempered,Serrated,Immune Blocked",700,,False,ABF|Animal Husbandry|Apothecary|Armory|Blacksmith|Carpentry|Coliseum|Conditioning Field|Furnace|Gilded Foundry|Herb Garden|Joinery|Master Workshop|Stable|Tannery,9,13
"MaA/ShortSword/Targe/Chain [(RInd, RProw, EPie, RCun), Enduring, Nimble, Poison, Rec 6, Recover 7, Recover 8, Shake+1]|M9",Man-at-Arms,Short Sword,Targe Shield,Chainmail,,False,25,"Enduring,Nimble,Recover 8,Immune Blocked,Recover 7,Poison,Recover 6,Shake +1",700,,False,Academy|Alchemy|Animal Husbandry|Apothecary|Armory|Blacksmith|Butchery|Carpentry|Coliseum|Conditioning Field|Furnace|Herb Garden|Hospitaller|Infirmary|Joinery|Tannery|Toxicarium,9,15
"MaA/ShortSword+Longbow/Kite/Chain (TY) [(RInd, EProw, EPie, NCun), Enduring, Florentine, ImmU, Nimble, Parry +1, Rec 6, Recover 7, Recover 8, Riposte, Shake+1]|M9",Man-at-Arms,Short Sword,Kite Shield,Chainmail,Longbow,True,25,"Enduring,Parry +1,Nimble,Immune Unwieldy,Recover 8,Immune Blocked,Recover 7,Recover 6,Parry,Riposte,Shake +1,Florentine",600,,False,Alchemy|Animal Husbandry|Apothecary|Armory|Blacksmith|Butchery|Carpentry|Coliseum|Conditioning Field|Fletchery|Furnace|Grand Tournament|Herb Garden|Hospitaller|Infirmary|Joinery|Tannery|Tiltyard,9,15
"MaA/Bastard/Tower/Cloth [(EInd, RProw, EPie, NCun), Enduring, Nimble, Rec 6, Recover 7, Recover 8, Shake+1]|M9",Man-at-Arms,Bastard Sword,Tower Shield,Cloth,,False,25,"Enduring,Nimble,Recover 6,Recover 8,Immune Blocked,Recover 7,Shake +1",800,,False,Alchemy|Animal Husbandry|Apothecary|Blacksmith|Butchery|Carpentry|Coliseum|Conditioning Field|Forge|Furnace|Herb Garden|Hospitaller|Infirmary|Joinery|Smokehouse|Stable|Tannery,9,15
"MaA/Flail+Javelin/Kite/Chain (TY) [(RInd, EProw, EPie, NCun), Enduring, Florentine, ImmU, Nimble, Rec 6, Recover 7, Recover 8, Shake+1]|M9",Man-at-Arms,Flail,Kite Shield,Chainmail,Javelin,True,25,"Enduring,Nimble,Immune Unwieldy,Recover 8,Immune Blocked,Recover 7,Recover 6,Parry,Shake +1,Florentine",600,,False,Alchemy|Animal Husbandry|Apothecary|Armory|Blacksmith|Butchery|Carpentry|Coliseum|Conditioning Field|Fletchery|Furnace|Herb Garden|Hospitaller|Infirmary|Joinery|Tannery|Tiltyard,9,15
"MaA/2HBastard/FullPlate [RoPaI, (EInd, SProw, EPie, NCun), Enduring, Nimble, Rec 6, Recover 7, Recover 8, Serr, Shake+1, Temp]|M9",Man-at-Arms,2HBastard,,Full Plate,,False,25,"Enduring,Nimble,Recover 8,Serrated,Immune Blocked,Recover 7,Immune Strain,Recover 6,Parry,Tempered,Shake +1",600,,False,Alchemy|Animal Husbandry|Apothecary|Armory|Blacksmith|Butchery|Coliseum|Conditioning Field|Forge|Furnace|Gilded Foundry|Herb Garden|Hospitaller|Infirmary|Master Workshop|Royal Pavilion|Smokehouse|Tannery,9,22
"MaA/Spears+Longbow/Targe/FullPlate (TY) [OuInPoM, (EInd, EProw, NPie, SCun), Florentine, ImmU, Nimble, Temp]|M9",Man-at-Arms,Spears,Targe Shield,Full Plate,Longbow,True,25,"Nimble,Immune Unwieldy,Immune Blocked,confers:Strain,Parry,Tempered,Outrider: every,confers:Blocked,Florentine",1200,,False,Animal Husbandry|Armory|Blacksmith|Caravanery|Carpentry|Cipher Chamber|Coliseum|Conditioning Field|Fletchery|Furnace|Gilded Foundry|Joinery|Outrider Intercept Post|Tannery|Tiltyard,9,22
"MaA/FarmTools/Kite/Chain [MiMiStI, (RInd, SProw, EPie, NCun), Enduring, Nimble, Rec 6, Recover 7, Recover 8, Shake+1]|M9",Man-at-Arms,Farm Tools,Kite Shield,Chainmail,,False,25,"Enduring,Nimble,Recover 8,Immune Blocked,MaxInit3,Recover 7,Recover 6,Seize: first,Parry,Init +1,Shake +1",800,,False,Alchemy|Animal Husbandry|Apothecary|Armory|Blacksmith|Butchery|Carpentry|Coliseum|Conditioning Field|Furnace|Herb Garden|Hospitaller|Infirmary|Joinery|Ministry of Military Strategy|Stable|Tannery,9,19
"MaA/ShortSword+HuntBow/Targe/Chain (TY) [(RInd, EProw, EPie, NCun), Enduring, Florentine, ImmU, Nimble, Rec 6, Recover 7, Recover 8, Shake+1]|M9",Man-at-Arms,Short Sword,Targe Shield,Chainmail,Hunting Bow,True,25,"Enduring,Nimble,Immune Unwieldy,Recover 8,Immune Blocked,Recover 7,Recover 6,Parry,Shake +1,Florentine",1100,,False,Alchemy|Animal Husbandry|Apothecary|Armory|Blacksmith|Carpentry|Coliseum|Conditioning Field|Fletchery|Furnace|Herb Garden|Hospitaller|Infirmary|Joinery|Stable|Tannery|Tiltyard,9,15
"MaA/Halberd+Javelin/FullPlate (TY) [PrM, (EInd, EProw, SPie, NCun), Florentine, ImmU, Nimble, Rec 6, Shake+1, Temp]|M9",Man-at-Arms,Halberd,,Full Plate,Javelin,True,25,"Nimble,Immune Unwieldy,Immune Blocked,Resolute,Recover 6,Parry,Tempered,Shake +1,Florentine",1400,,False,Abbey|Animal Husbandry|Armory|Blacksmith|Carpentry|Coliseum|Conditioning Field|Fletchery|Furnace|Gilded Foundry|Hospitaller|Monastery|Pilgrimage Site|Preceptory|Tannery|Tiltyard,9,22
"MaA/ShortSword+Arquebus/Kite/Cloth (TY) [ABFM, (SInd, EProw, NPie, NCun), Florentine, ImmU, Nimble, Serr, Temp]|M9",Man-at-Arms,Short Sword,Kite Shield,Cloth,Arquebus,True,25,"ABF,Nimble,Immune Unwieldy,Serrated,Immune Blocked,Parry,Tempered,Florentine",200,,False,ABF|Animal Husbandry|Armory|Blacksmith|Butchery|Carpentry|Coliseum|Conditioning Field|Fletchery|Forge|Furnace|Gilded Foundry|Joinery|Master Workshop|Stable|Tannery|Tiltyard,9,16
"MaA/Daggers+Crossbow/Leather (TY) [(EInd, EProw, EPie, NCun), Enduring, Florentine, ImmU, Nimble, Parry +1, Rec 6, Recover 7, Recover 8, Riposte, Shake+1]|M9",Man-at-Arms,Daggers,,Leather,Crossbow,True,25,"Enduring,Parry +1,Nimble,Immune Unwieldy,Recover 8,Immune Blocked,Recover 7,Recover 6,Parry,Riposte,Shake +1,Florentine",1500,,False,Alchemy|Animal Husbandry|Apothecary|Blacksmith|Carpentry|Coliseum|Conditioning Field|Fletchery|Forge|Furnace|Grand Tournament|Herb Garden|Hospitaller|Infirmary|Stable|Tannery|Tiltyard,9,18
"MaA/Poleaxe+Longbow/Cloth (TY) [ABFM, OuInPoI, (SInd, EProw, NPie, SCun), Florentine, ImmU, Nimble, Serr, Temp]|M9",Man-at-Arms,Poleaxe,,Cloth,Longbow,True,25,"ABF,Nimble,Immune Unwieldy,Serrated,Immune Blocked,Outrider: once,confers:Strain,Parry,Tempered,confers:Blocked,Florentine",700,,False,ABF|Armory|Blacksmith|Carpentry|Coliseum|Conditioning Field|Fletchery|Forge|Furnace|Gilded Foundry|Master Workshop|Outrider Intercept Post|Stable|Tannery|Tiltyard,9,26
"MaA/Spears+Pilum/Heater/Leather (TY) [ABFM, (SInd, EProw, NPie, NCun), Florentine, ImmU, Nimble, Serr, Temp]|M9",Man-at-Arms,Spears,Heater Shield,Leather,Pilum,True,25,"ABF,Nimble,Immune Unwieldy,Serrated,Immune Blocked,Parry,Tempered,Florentine",200,,False,ABF|Animal Husbandry|Armory|Blacksmith|Butchery|Carpentry|Coliseum|Conditioning Field|Fletchery|Forge|Furnace|Gilded Foundry|Joinery|Master Workshop|Stable|Tannery|Tiltyard,9,16
"MaA/Javelin/Leather [(RInd, EProw, EPie, NCun), Enduring, Florentine, ImmU, Nimble, Rec 6, Recover 7, Recover 8, Shake+1]|M9",Man-at-Arms,Farm Tools,,Leather,Javelin,True,25,"Enduring,Nimble,Immune Unwieldy,Recover 8,Immune Blocked,Recover 7,Recover 6,Parry,Shake +1,Florentine",1500,,False,Alchemy|Animal Husbandry|Apothecary|Blacksmith|Carpentry|Coliseum|Conditioning Field|Fletchery|Furnace|Herb Garden|Hospitaller|Infirmary|Stable|Tannery|Tiltyard,9,15
"MaA/Flail+Crossbow/Tower/Cloth (TY) [RoPaM, (EInd, SProw, EPie, NCun), Enduring, Florentine, ImmU, Nimble, Parry +1, Rec 6, Recover 7, Recover 8, Riposte, Serr, Shake+1]|M9",Man-at-Arms,Flail,Tower Shield,Cloth,Crossbow,True,25,"Enduring,Parry +1,Nimble,Immune Unwieldy,Recover 8,Serrated,Immune Blocked,Recover 7,Immune Strain,Recover 6,Parry,Drilled,Riposte,Shake +1,Florentine",1300,,False,Alchemy|Apothecary|Blacksmith|Carpentry|Coliseum|Conditioning Field|Fletchery|Forge|Furnace|Grand Tournament|Herb Garden|Hospitaller|Infirmary|Joinery|Master Workshop|Royal Pavilion|Stable|Tiltyard,9,22
"MaA/Arming/Kite/FullPlate [(EInd, RProw, EPie, RCun), Enduring, Nimble, Poison, Rec 6, Recover 7, Recover 8, Shake+1, Temp]|M9",Man-at-Arms,Arming Sword,Kite Shield,Full Plate,,False,25,"Enduring,Nimble,Recover 8,Immune Blocked,Recover 7,Poison,Recover 6,Tempered,Shake +1",700,,False,Academy|Alchemy|Animal Husbandry|Apothecary|Armory|Blacksmith|Butchery|Carpentry|Coliseum|Conditioning Field|Furnace|Gilded Foundry|Herb Garden|Hospitaller|Infirmary|Joinery|Tannery|Toxicarium,9,18
"MaA/Flail/Tower/Chain [(EInd, EProw, EPie, NCun), Enduring, Nimble, Parry +1, Rec 6, Recover 7, Recover 8, Riposte, Shake+1]|M9",Man-at-Arms,Flail,Tower Shield,Chainmail,,False,25,"Enduring,Parry +1,Nimble,Recover 8,Immune Blocked,Recover 7,Recover 6,Parry,Riposte,Shake +1",600,,False,Alchemy|Animal Husbandry|Apothecary|Armory|Blacksmith|Butchery|Carpentry|Coliseum|Conditioning Field|Forge|Furnace|Grand Tournament|Herb Garden|Hospitaller|Infirmary|Joinery|Smokehouse|Stable|Tannery,9,18
"MaA/Flail+Longbow/Tower/Leather (TY) [RoPaM, (EInd, SProw, EPie, NCun), Enduring, Florentine, ImmU, Nimble, Parry +1, Rec 6, Recover 7, Recover 8, Riposte, Serr, Shake+1]|M9",Man-at-Arms,Flail,Tower Shield,Leather,Longbow,True,25,"Enduring,Parry +1,Nimble,Immune Unwieldy,Recover 8,Serrated,Immune Blocked,Recover 7,Immune Strain,Recover 6,Parry,Drilled,Riposte,Shake +1,Florentine",1100,,False,Alchemy|Animal Husbandry|Apothecary|Blacksmith|Carpentry|Coliseum|Conditioning Field|Fletchery|Forge|Furnace|Grand Tournament|Herb Garden|Hospitaller|Infirmary|Joinery|Master Workshop|Royal Pavilion|Tannery|Tiltyard,9,22
"MaA/2HBastard/Leather [(EInd, RProw, EPie, NCun), Enduring, Nimble, Rec 6, Recover 7, Recover 8, Serr, Shake+1]|M9",Man-at-Arms,2HBastard,,Leather,,False,25,"Enduring,Nimble,Recover 8,Serrated,Immune Blocked,Recover 7,Recover 6,Shake +1",800,,False,Alchemy|Animal Husbandry|Apothecary|Blacksmith|Butchery|Coliseum|Conditioning Field|Forge|Furnace|Herb Garden|Hospitaller|Infirmary|Master Workshop|Smokehouse|Stable|Tannery,9,15
"MaA/Arming+Crossbow/Chain (TY) [(EInd, EProw, EPie, NCun), Enduring, Florentine, ImmU, Nimble, Rec 6, Recover 7, Recover 8, Shake+1]|M9",Man-at-Arms,Arming Sword,,Chainmail,Crossbow,True,25,"Enduring,Nimble,Immune Unwieldy,Recover 8,Immune Blocked,Recover 7,Recover 6,Parry,Shake +1,Florentine",800,,False,Alchemy|Animal Husbandry|Apothecary|Armory|Blacksmith|Butchery|Carpentry|Coliseum|Conditioning Field|Fletchery|Forge|Furnace|Herb Garden|Hospitaller|Infirmary|Tannery|Tiltyard,9,18
"MaA/Pike+Longbow/Gothic (TY) [ABFM, (SInd, EProw, NPie, NCun), Florentine, ImmU, Nimble, Serr, Temp]|M9",Man-at-Arms,Pike,,Gothic Plate,Longbow,True,25,"ABF,Nimble,Immune Unwieldy,Serrated,Immune Blocked,Parry,Tempered,Florentine",700,,False,ABF|Animal Husbandry|Armory|Blacksmith|Carpentry|Coliseum|Conditioning Field|Fletchery|Furnace|Gilded Foundry|Master Workshop|Stable|Tannery|Tiltyard,9,16
"MaA/ShortSword+Javelin/Heater/Chain (TY) [ABFM, (SInd, EProw, NPie, NCun), Florentine, ImmU, Nimble, Serr, Temp]|M10",Man-at-Arms,Short Sword,Heater Shield,Chainmail,Javelin,True,25,"ABF,Nimble,Immune Unwieldy,Serrated,Immune Blocked,Parry,Tempered,Florentine",200,,False,ABF|Animal Husbandry|Armory|Blacksmith|Butchery|Carpentry|Coliseum|Conditioning Field|Fletchery|Furnace|Gilded Foundry|Joinery|Master Workshop|Stable|Tannery|Tiltyard,10,16
"MaA/Flail+Longbow/Heater/Gothic (TY) [ABFM, (SInd, EProw, NPie, NCun), Florentine, ImmU, Nimble, Serr, Temp]|M10",Man-at-Arms,Flail,Heater Shield,Gothic Plate,Longbow,True,25,"ABF,Nimble,Immune Unwieldy,Serrated,Immune Blocked,Parry,Tempered,Florentine",200,,False,ABF|Animal Husbandry|Armory|Blacksmith|Butchery|Carpentry|Coliseum|Conditioning Field|Fletchery|Furnace|Gilded Foundry|Joinery|Master Workshop|Stable|Tannery|Tiltyard,10,16
"MaA/WarHammer+HuntBow/Chain (TY) [(EInd, EProw, EPie, NCun), Enduring, Florentine, ImmU, Nimble, Rec 6, Recover 7, Recover 8, Serr, Shake+1]|M10",Man-at-Arms,War Hammer,,Chainmail,Hunting Bow,True,25,"Enduring,Nimble,Immune Unwieldy,Recover 8,Serrated,Immune Blocked,Recover 7,Recover 6,Parry,Shake +1,Florentine",600,,False,Alchemy|Animal Husbandry|Apothecary|Armory|Blacksmith|Butchery|Carpentry|Coliseum|Conditioning Field|Fletchery|Forge|Furnace|Herb Garden|Hospitaller|Infirmary|Master Workshop|Tannery|Tiltyard,10,18
"MaA/FarmTools/Gothic [ABFM, (SInd, RProw, EPie, NCun), Enduring, Nimble, Rec 6, Recover 7, Recover 8, Serr, Shake+1, Temp]|M10",Man-at-Arms,Farm Tools,,Gothic Plate,,False,25,"Enduring,ABF,Nimble,Recover 8,Serrated,Immune Blocked,Recover 7,Recover 6,Tempered,Shake +1",200,,False,ABF|Alchemy|Animal Husbandry|Apothecary|Armory|Blacksmith|Butchery|Coliseum|Conditioning Field|Furnace|Gilded Foundry|Herb Garden|Hospitaller|Infirmary|Master Workshop|Smokehouse|Stable|Tannery,10,19
"MaA/Spears+HuntBow/Kite/Chain (TY) [(RInd, EProw, EPie, NCun), Enduring, Florentine, ImmU, Nimble, Rec 6, Recover 7, Recover 8, Shake+1]|M10",Man-at-Arms,Spears,Kite Shield,Chainmail,Hunting Bow,True,25,"Enduring,Nimble,Immune Unwieldy,Recover 8,Immune Blocked,Recover 7,Recover 6,Parry,Shake +1,Florentine",600,,False,Alchemy|Animal Husbandry|Apothecary|Armory|Blacksmith|Butchery|Carpentry|Coliseum|Conditioning Field|Fletchery|Furnace|Herb Garden|Hospitaller|Infirmary|Joinery|Stable|Tannery|Tiltyard,10,15
"MaA/Estoc+Pilum/Heater/Cloth (TY) [ABFM, (SInd, EProw, NPie, NCun), Florentine, ImmU, Nimble, Recover 8, Serr, Temp]|M10",Man-at-Arms,Estoc,Heater Shield,Cloth,Pilum,True,25,"ABF,Nimble,Immune Unwieldy,Recover 8,Serrated,Immune Blocked,Parry,Tempered,Florentine",500,,False,ABF|Apothecary|Armory|Blacksmith|Carpentry|Coliseum|Conditioning Field|Fletchery|Forge|Furnace|Gilded Foundry|Herb Garden|Joinery|Master Workshop|Stable|Tannery|Tiltyard,10,16
"MaA/Lance/Buckler/Leather [(EInd, RProw, EPie, RCun), Enduring, Nimble, Poison, Rec 6, Recover 7, Recover 8, Serr, Shake+1]|M10",Man-at-Arms,Lance,Buckler Shield,Leather,,False,25,"Enduring,Nimble,Recover 8,Serrated,Immune Blocked,Recover 7,Poison,Recover 6,Shake +1",1200,,False,Academy|Alchemy|Animal Husbandry|Apothecary|Blacksmith|Carpentry|Coliseum|Conditioning Field|Forge|Furnace|Herb Garden|Hospitaller|Infirmary|Joinery|Master Workshop|Stable|Tannery|Toxicarium,10,18
"MaA/ShortSword+Javelin/Kite/Gothic (TY) [RoPaI, ABFM, (SInd, SProw, NPie, NCun), Florentine, ImmU, Nimble, Serr, Temp]|M10",Man-at-Arms,Short Sword,Kite Shield,Gothic Plate,Javelin,True,25,"ABF,Nimble,Immune Unwieldy,Serrated,Immune Blocked,Immune Strain,Parry,Tempered,Florentine",500,,False,ABF|Animal Husbandry|Armory|Blacksmith|Carpentry|Coliseum|Conditioning Field|Fletchery|Furnace|Gilded Foundry|Joinery|Master Workshop|Royal Pavilion|Stable|Tannery|Tiltyard,10,20
"MaA/Pike+Javelin/Leather (TY) [(RInd, EProw, EPie, NCun), Enduring, Florentine, ImmU, Nimble, Rec 6, Recover 7, Recover 8, Shake+1]|M10",Man-at-Arms,Pike,,Leather,Javelin,True,25,"Enduring,Nimble,Immune Unwieldy,Recover 8,Immune Blocked,Recover 7,Recover 6,Parry,Shake +1,Florentine",1000,,False,Alchemy|Animal Husbandry|Apothecary|Blacksmith|Butchery|Carpentry|Coliseum|Conditioning Field|Fletchery|Furnace|Herb Garden|Hospitaller|Infirmary|Stable|Tannery|Tiltyard,10,15
"MaA/Flail+Javelin/Tower/FullPlate (TY) [(EInd, EProw, EPie, RCun), Enduring, Florentine, ImmU, Nimble, Poison, Rec 6, Recover 7, Recover 8, Shake+1, Temp]|M10",Man-at-Arms,Flail,Tower Shield,Full Plate,Javelin,True,25,"Enduring,Nimble,Immune Unwieldy,Recover 8,Immune Blocked,Recover 7,Poison,Recover 6,Parry,Tempered,Shake +1,Florentine",1000,,False,Academy|Alchemy|Animal Husbandry|Apothecary|Armory|Blacksmith|Carpentry|Coliseum|Conditioning Field|Fletchery|Forge|Furnace|Gilded Foundry|Herb Garden|Hospitaller|Infirmary|Joinery|Tannery|Tiltyard|Toxicarium,10,21
"MaA/Estoc+Pilum/Heater/FullPlate (TY) [ABFM, (SInd, EProw, NPie, NCun), Florentine, ImmU, Nimble, Recover 8, Serr, Temp]|M10",Man-at-Arms,Estoc,Heater Shield,Full Plate,Pilum,True,25,"ABF,Nimble,Immune Unwieldy,Recover 8,Serrated,Immune Blocked,Parry,Tempered,Florentine",500,,False,ABF|Animal Husbandry|Apothecary|Armory|Blacksmith|Carpentry|Coliseum|Conditioning Field|Fletchery|Forge|Furnace|Gilded Foundry|Herb Garden|Joinery|Master Workshop|Stable|Tannery|Tiltyard,10,16
"MaA/Daggers/Cloth [(EInd, RProw, EPie, RCun), Enduring, Nimble, Poison, Rec 6, Recover 7, Recover 8, Serr, Shake+1]|M10",Man-at-Arms,Daggers,,Cloth,,False,25,"Enduring,Nimble,Recover 8,Serrated,Immune Blocked,Recover 7,Poison,Recover 6,Shake +1",700,,False,Academy|Alchemy|Animal Husbandry|Apothecary|Blacksmith|Butchery|Coliseum|Conditioning Field|Furnace|Herb Garden|Hospitaller|Infirmary|Master Workshop|Smokehouse|Tannery|Toxicarium,10,18
"MaA/Flail+Javelin/Kite/Cloth (TY) [(RInd, EProw, EPie, NCun), Enduring, Florentine, ImmU, Nimble, Rec 6, Recover 7, Recover 8, Shake+1]|M10",Man-at-Arms,Flail,Kite Shield,Cloth,Javelin,True,25,"Enduring,Nimble,Immune Unwieldy,Recover 8,Immune Blocked,Recover 7,Recover 6,Parry,Shake +1,Florentine",600,,False,Alchemy|Animal Husbandry|Apothecary|Armory|Blacksmith|Butchery|Carpentry|Coliseum|Conditioning Field|Fletchery|Furnace|Herb Garden|Hospitaller|Infirmary|Joinery|Stable|Tannery|Tiltyard,10,15
"MaA/BattleAxe+Longbow/Chain (TY) [(RInd, EProw, EPie, NCun), Enduring, Florentine, ImmU, Nimble, Rec 6, Recover 7, Recover 8, Shake+1]|M10",Man-at-Arms,Battle Axe,,Chainmail,Longbow,True,25,"Enduring,Nimble,Immune Unwieldy,Recover 8,Immune Blocked,Recover 7,Recover 6,Parry,Shake +1,Florentine",800,,False,Alchemy|Animal Husbandry|Apothecary|Armory|Blacksmith|Butchery|Carpentry|Coliseum|Conditioning Field|Fletchery|Furnace|Herb Garden|Hospitaller|Infirmary|Stable|Tannery|Tiltyard,10,15
"MaA/Bastard+Arquebus/Heater/FullPlate (TY) [ABFM, (SInd, EProw, NPie, NCun), Florentine, ImmU, Nimble, Recover 8, Serr, Temp]|M10",Man-at-Arms,Bastard Sword,Heater Shield,Full Plate,Arquebus,True,25,"ABF,Nimble,Immune Unwieldy,Recover 8,Serrated,Immune Blocked,Parry,Tempered,Florentine",500,,False,ABF|Animal Husbandry|Apothecary|Armory|Blacksmith|Carpentry|Coliseum|Conditioning Field|Fletchery|Forge|Furnace|Gilded Foundry|Herb Garden|Joinery|Master Workshop|Stable|Tannery|Tiltyard,10,16
"MaA/Crossbow/FullPlate [(EInd, EProw, EPie, NCun), Enduring, Florentine, ImmU, Nimble, Rec 6, Recover 7, Recover 8, Serr, Shake+1, Temp]|M10",Man-at-Arms,Farm Tools,,Full Plate,Crossbow,True,25,"Enduring,Nimble,Immune Unwieldy,Recover 8,Serrated,Immune Blocked,Recover 7,Recover 6,Parry,Tempered,Shake +1,Florentine",1100,,False,Alchemy|Animal Husbandry|Apothecary|Armory|Blacksmith|Carpentry|Coliseum|Conditioning Field|Fletchery|Forge|Furnace|Gilded Foundry|Herb Garden|Hospitaller|Infirmary|Master Workshop|Stable|Tannery|Tiltyard,10,18
"MaA/Pike+Longbow/Cloth (TY) [MiMiStM, (RInd, SProw, EPie, RCun), Enduring, Florentine, ImmU, Nimble, Poison, Rec 6, Recover 7, Recover 8, Shake+1]|M10",Man-at-Arms,Pike,,Cloth,Longbow,True,25,"Enduring,Parry +1,Immune Unwieldy,Recover 8,Immune Blocked,MaxInit3,Recover 7,Poison,Parry,Seize: first,Init +1,Crit 8,Florentine,Nimble,Recover 6,Shake +1",1600,,False,Academy|Alchemy|Apothecary|Blacksmith|Carpentry|Coliseum|Conditioning Field|Fletchery|Furnace|Herb Garden|Hospitaller|Infirmary|Ministry of Military Strategy|Tiltyard|Toxicarium|University|War College,10,22
"MaA/Arquebus/Gothic [ABFM, (SInd, EProw, NPie, NCun), Florentine, ImmU, Nimble, Recover 8, Serr, Temp]|M10",Man-at-Arms,Farm Tools,,Gothic Plate,Arquebus,True,25,"ABF,Nimble,Immune Unwieldy,Recover 8,Serrated,Immune Blocked,Parry,Tempered,Florentine",700,,False,ABF|Animal Husbandry|Apothecary|Armory|Blacksmith|Carpentry|Coliseum|Conditioning Field|Fletchery|Forge|Furnace|Gilded Foundry|Herb Garden|Master Workshop|Stable|Tannery|Tiltyard,10,16
"MaA/WarHammer+HuntBow/Chain (TY) [(EInd, EProw, EPie, RCun), Enduring, Florentine, ImmU, Nimble, Poison, Rec 6, Recover 7, Recover 8, Shake+1]|M10",Man-at-Arms,War Hammer,,Chainmail,Hunting Bow,True,25,"Enduring,Nimble,Immune Unwieldy,Recover 8,Immune Blocked,Recover 7,Poison,Recover 6,Parry,Shake +1,Florentine",1200,,False,Academy|Alchemy|Animal Husbandry|Apothecary|Armory|Blacksmith|Carpentry|Coliseum|Conditioning Field|Fletchery|Forge|Furnace|Herb Garden|Hospitaller|Infirmary|Tannery|Tiltyard|Toxicarium,10,21
"MaA/Arming+Longbow/Tower/Chain (TY) [OuInPoM, (EInd, EProw, NPie, SCun), Florentine, ImmU, Nimble, Serr]|M10",Man-at-Arms,Arming Sword,Tower Shield,Chainmail,Longbow,True,25,"Nimble,Immune Unwieldy,Serrated,Immune Blocked,confers:Strain,Parry,Outrider: every,confers:Blocked,Florentine",1000,,False,Animal Husbandry|Armory|Blacksmith|Caravanery|Carpentry|Cipher Chamber|Coliseum|Conditioning Field|Fletchery|Forge|Furnace|Joinery|Master Workshop|Outrider Intercept Post|Tannery|Tiltyard,10,22
"MaA/FarmTools/Gothic [ABFM, MiMiStM, (SInd, SProw, NPie, NCun), Nimble, Recover 8, Serr, Temp]|M10",Man-at-Arms,Farm Tools,,Gothic Plate,,False,25,"ABF,Nimble,Parry +1,Recover 8,Serrated,Immune Blocked,MaxInit3,Init +1,Parry,Seize: first,Tempered,Crit 8",900,,False,ABF|Animal Husbandry|Apothecary|Armory|Blacksmith|Coliseum|Conditioning Field|Furnace|Gilded Foundry|Herb Garden|Master Workshop|Ministry of Military Strategy|Stable|Tannery|University|War College,10,20
"MaA/Flail+Pilum/Heater/Cloth (TY) [ABFM, PrI, (SInd, EProw, SPie, NCun), Florentine, ImmU, Nimble, Serr, Shake+1, Temp]|M10",Man-at-Arms,Flail,Heater Shield,Cloth,Pilum,True,25,"ABF,Nimble,Immune Unwieldy,Serrated,Immune Blocked,Resolute,Parry,Tempered,Shake +1,Florentine",200,,False,ABF|Animal Husbandry|Armory|Blacksmith|Butchery|Carpentry|Coliseum|Conditioning Field|Fletchery|Forge|Furnace|Gilded Foundry|Joinery|Master Workshop|Preceptory|Stable|Tannery|Tiltyard,10,26
"MaA/Bastard+Arquebus/Tower/FullPlate (TY) [RoPaI, ABFM, (SInd, SProw, NPie, NCun), Florentine, ImmU, Nimble, Serr, Temp]|M10",Man-at-Arms,Bastard Sword,Tower Shield,Full Plate,Arquebus,True,25,"ABF,Nimble,Immune Unwieldy,Serrated,Immune Blocked,Immune Strain,Parry,Tempered,Florentine",200,,False,ABF|Animal Husbandry|Armory|Blacksmith|Butchery|Carpentry|Coliseum|Conditioning Field|Fletchery|Forge|Furnace|Gilded Foundry|Joinery|Master Workshop|Royal Pavilion|Stable|Tannery|Tiltyard,10,20
"MaA/Daggers+Pilum/Chain (TY) [ABFM, (SInd, EProw, NPie, NCun), Florentine, ImmU, Nimble, Recover 8, Serr, Temp]|M10",Man-at-Arms,Daggers,,Chainmail,Pilum,True,25,"ABF,Nimble,Immune Unwieldy,Recover 8,Serrated,Immune Blocked,Parry,Tempered,Florentine",700,,False,ABF|Animal Husbandry|Apothecary|Armory|Blacksmith|Carpentry|Coliseum|Conditioning Field|Fletchery|Forge|Furnace|Gilded Foundry|Herb Garden|Master Workshop|Stable|Tannery|Tiltyard,10,16
"MaA/Daggers+HuntBow/Chain (TY) [(RInd, EProw, EPie, RCun), Enduring, Florentine, ImmU, Nimble, Parry +1, Poison, Rec 6, Recover 7, Recover 8, Riposte, Shake+1]|M10",Man-at-Arms,Daggers,,Chainmail,Hunting Bow,True,25,"Enduring,Parry +1,Nimble,Immune Unwieldy,Recover 8,Immune Blocked,Recover 7,Poison,Recover 6,Parry,Riposte,Shake +1,Florentine",1200,,False,Academy|Alchemy|Animal Husbandry|Apothecary|Armory|Blacksmith|Carpentry|Coliseum|Conditioning Field|Fletchery|Furnace|Grand Tournament|Herb Garden|Hospitaller|Infirmary|Tannery|Tiltyard|Toxicarium,10,18
"MaA/Morningstar/Heater/Leather [ABFM, (SInd, RProw, EPie, NCun), Enduring, Nimble, Rec 6, Recover 7, Recover 8, Serr, Shake+1, Temp]|M10",Man-at-Arms,Morningstar,Heater Shield,Leather,,False,25,"Enduring,ABF,Nimble,Recover 8,Serrated,Immune Blocked,Recover 7,Recover 6,Tempered,Shake +1",200,,False,ABF|Alchemy|Animal Husbandry|Apothecary|Armory|Blacksmith|Butchery|Carpentry|Coliseum|Conditioning Field|Forge|Furnace|Gilded Foundry|Herb Garden|Hospitaller|Infirmary|Joinery|Master Workshop|Smokehouse|Stable|Tannery,10,19
"MaA/Pike/Leather [OuInPoM, (RInd, RProw, EPie, SCun), Enduring, Nimble, Rec 6, Recover 7, Recover 8, Shake+1]|M10",Man-at-Arms,Pike,,Leather,,False,25,"Enduring,Nimble,Recover 8,Immune Blocked,Recover 7,confers:Strain,Recover 6,Outrider: every,confers:Blocked,Shake +1",1000,,False,Alchemy|Animal Husbandry|Apothecary|Blacksmith|Butchery|Caravanery|Cipher Chamber|Coliseum|Conditioning Field|Furnace|Herb Garden|Hospitaller|Infirmary|Outrider Intercept Post|Smokehouse|Tannery,10,22
"MaA/ShortSword+Longbow/Tower/Gothic (TY) [ABFM, (SInd, EProw, NPie, NCun), Florentine, ImmU, Nimble, Recover 8, Serr, Temp]|M10",Man-at-Arms,Short Sword,Tower Shield,Gothic Plate,Longbow,True,25,"ABF,Nimble,Immune Unwieldy,Recover 8,Serrated,Immune Blocked,Parry,Tempered,Florentine",500,,False,ABF|Animal Husbandry|Apothecary|Armory|Blacksmith|Carpentry|Coliseum|Conditioning Field|Fletchery|Forge|Furnace|Gilded Foundry|Herb Garden|Joinery|Master Workshop|Stable|Tannery|Tiltyard,10,16
"MaA/ShortSword/Kite/Leather [OuInPoM, (EInd, RProw, EPie, SCun), Enduring, Nimble, Rec 6, Recover 7, Recover 8, Serr, Shake+1]|M10",Man-at-Arms,Short Sword,Kite Shield,Leather,,False,25,"Enduring,Nimble,Recover 8,Serrated,Immune Blocked,Recover 7,confers:Strain,Recover 6,Outrider: every,confers:Blocked,Shake +1",1100,,False,Alchemy|Animal Husbandry|Apothecary|Armory|Blacksmith|Caravanery|Carpentry|Cipher Chamber|Coliseum|Conditioning Field|Furnace|Herb Garden|Hospitaller|Infirmary|Joinery|Master Workshop|Outrider Intercept Post|Tannery,10,25
"MaA/Spears+Javelin/Kite/Cloth (TY) [(EInd, EProw, EPie, NCun), Enduring, Florentine, ImmU, Nimble, Parry +1, Rec 6, Recover 7, Recover 8, Riposte, Serr, Shake+1]|M10",Man-at-Arms,Spears,Kite Shield,Cloth,Javelin,True,25,"Enduring,Parry +1,Nimble,Immune Unwieldy,Recover 8,Serrated,Immune Blocked,Recover 7,Recover 6,Parry,Riposte,Shake +1,Florentine",400,,False,Alchemy|Animal Husbandry|Apothecary|Armory|Blacksmith|Butchery|Carpentry|Coliseum|Conditioning Field|Fletchery|Furnace|Grand Tournament|Herb Garden|Hospitaller|Infirmary|Joinery|Master Workshop|Tannery|Tiltyard,10,18
"MaA/Spears/Heater/Gothic [ABFM, (SInd, RProw, EPie, NCun), Enduring, Nimble, Rec 6, Recover 7, Recover 8, Serr, Shake+1, Temp]|M10",Man-at-Arms,Spears,Heater Shield,Gothic Plate,,False,25,"Enduring,ABF,Nimble,Recover 8,Serrated,Immune Blocked,Recover 7,Recover 6,Tempered,Shake +1",200,,False,ABF|Alchemy|Animal Husbandry|Apothecary|Armory|Blacksmith|Butchery|Carpentry|Coliseum|Conditioning Field|Furnace|Gilded Foundry|Herb Garden|Hospitaller|Infirmary|Joinery|Master Workshop|Stable|Tannery,10,19
"MaA/Flail+Javelin/Tower/Leather (TY) [(EInd, EProw, EPie, NCun), Enduring, Florentine, ImmU, Nimble, Rec 6, Recover 7, Recover 8, Shake+1]|M10",Man-at-Arms,Flail,Tower Shield,Leather,Javelin,True,25,"Enduring,Nimble,Immune Unwieldy,Recover 8,Immune Blocked,Recover 7,Recover 6,Parry,Shake +1,Florentine",600,,False,Alchemy|Animal Husbandry|Apothecary|Blacksmith|Butchery|Carpentry|Coliseum|Conditioning Field|Fletchery|Forge|Furnace|Herb Garden|Hospitaller|Infirmary|Joinery|Smokehouse|Tannery|Tiltyard,10,18
"MaA/Spears+HuntBow/Kite/FullPlate (TY) [(EInd, EProw, EPie, RCun), Enduring, Florentine, ImmU, Nimble, Poison, Rec 6, Recover 7, Recover 8, Shake+1, Temp]|M10",Man-at-Arms,Spears,Kite Shield,Full Plate,Hunting Bow,True,25,"Enduring,Nimble,Immune Unwieldy,Recover 8,Immune Blocked,Recover 7,Poison,Recover 6,Parry,Tempered,Shake +1,Florentine",1000,,False,Academy|Alchemy|Animal Husbandry|Apothecary|Armory|Blacksmith|Carpentry|Coliseum|Conditioning Field|Fletchery|Furnace|Gilded Foundry|Herb Garden|Hospitaller|Infirmary|Joinery|Tannery|Tiltyard|Toxicarium,10,21
"MaA/Spears+Longbow/Kite/Leather (TY) [RoPaI, (RInd, SProw, EPie, NCun), Enduring, Florentine, ImmU, Nimble, Rec 6, Recover 7, Recover 8, Shake+1]|M10",Man-at-Arms,Spears,Kite Shield,Leather,Longbow,True,25,"Enduring,Nimble,Immune Unwieldy,Recover 8,Immune Blocked,Recover 7,Immune Strain,Recover 6,Parry,Shake +1,Florentine",1100,,False,Alchemy|Animal Husbandry|Apothecary|Armory|Blacksmith|Carpentry|Coliseum|Conditioning Field|Fletchery|Furnace|Herb Garden|Hospitaller|Infirmary|Joinery|Royal Pavilion|Stable|Tannery|Tiltyard,10,19
"MaA/Flail+Longbow/Tower/FullPlate (TY) [(EInd, EProw, EPie, NCun), Enduring, Florentine, ImmU, Nimble, Rec 6, Recover 7, Recover 8, Shake+1, Temp]|M10",Man-at-Arms,Flail,Tower Shield,Full Plate,Longbow,True,25,"Enduring,Nimble,Immune Unwieldy,Recover 8,Immune Blocked,Recover 7,Recover 6,Parry,Tempered,Shake +1,Florentine",600,,False,Alchemy|Animal Husbandry|Apothecary|Armory|Blacksmith|Butchery|Carpentry|Coliseum|Conditioning Field|Fletchery|Forge|Furnace|Gilded Foundry|Herb Garden|Hospitaller|Infirmary|Joinery|Stable|Tannery|Tiltyard,10,18
"MaA/Bastard+HuntBow/Heater/Cloth (TY) [ABFM, (SInd, EProw, NPie, NCun), Florentine, ImmU, Nimble, Recover 8, Serr, Temp]|M10",Man-at-Arms,Bastard Sword,Heater Shield,Cloth,Hunting Bow,True,25,"ABF,Nimble,Immune Unwieldy,Recover 8,Serrated,Immune Blocked,Parry,Tempered,Florentine",500,,False,ABF|Apothecary|Armory|Blacksmith|Carpentry|Coliseum|Conditioning Field|Fletchery|Forge|Furnace|Gilded Foundry|Herb Garden|Joinery|Master Workshop|Stable|Tannery|Tiltyard,10,16
"MaA/Halberd/FullPlate [OuInPoI, (EInd, RProw, EPie, SCun), Enduring, Nimble, Poison, Rec 6, Recover 7, Recover 8, Shake+1, Temp]|M10",Man-at-Arms,Halberd,,Full Plate,,False,25,"Enduring,Nimble,Recover 8,Immune Blocked,Recover 7,Outrider: once,confers:Strain,Poison,Recover 6,Tempered,confers:Blocked,Shake +1",700,,False,Academy|Alchemy|Animal Husbandry|Apothecary|Armory|Blacksmith|Butchery|Coliseum|Conditioning Field|Furnace|Gilded Foundry|Herb Garden|Hospitaller|Infirmary|Outrider Intercept Post|Smokehouse|Tannery|Toxicarium,10,25
"MaA/Morningstar/Heater/Gothic [ABFM, (SInd, RProw, EPie, NCun), Enduring, Nimble, Rec 6, Recover 7, Recover 8, Serr, Shake+1, Temp]|M10",Man-at-Arms,Morningstar,Heater Shield,Gothic Plate,,False,25,"Enduring,ABF,Nimble,Recover 8,Serrated,Immune Blocked,Recover 7,Recover 6,Tempered,Shake +1",200,,False,ABF|Alchemy|Animal Husbandry|Apothecary|Armory|Blacksmith|Butchery|Carpentry|Coliseum|Conditioning Field|Forge|Furnace|Gilded Foundry|Herb Garden|Hospitaller|Infirmary|Joinery|Master Workshop|Smokehouse|Stable|Tannery,10,19
"MaA/Bastard+Longbow/Tower/FullPlate (TY) [(EInd, EProw, EPie, RCun), Enduring, Florentine, ImmU, Nimble, Poison, Rec 6, Recover 7, Recover 8, Shake+1, Temp]|M10",Man-at-Arms,Bastard Sword,Tower Shield,Full Plate,Longbow,True,25,"Enduring,Nimble,Immune Unwieldy,Recover 8,Immune Blocked,Recover 7,Poison,Recover 6,Parry,Tempered,Shake +1,Florentine",1000,,False,Academy|Alchemy|Animal Husbandry|Apothecary|Armory|Blacksmith|Carpentry|Coliseum|Conditioning Field|Fletchery|Forge|Furnace|Gilded Foundry|Herb Garden|Hospitaller|Infirmary|Joinery|Tannery|Tiltyard|Toxicarium,10,21
"MaA/Flail+Longbow/Tower/Chain (TY) [(EInd, EProw, EPie, NCun), Enduring, Florentine, ImmU, Nimble, Rec 6, Recover 7, Recover 8, Serr, Shake+1]|M10",Man-at-Arms,Flail,Tower Shield,Chainmail,Longbow,True,25,"Enduring,Nimble,Immune Unwieldy,Recover 8,Serrated,Immune Blocked,Recover 7,Recover 6,Parry,Shake +1,Florentine",900,,False,Alchemy|Animal Husbandry|Apothecary|Armory|Blacksmith|Carpentry|Coliseum|Conditioning Field|Fletchery|Forge|Furnace|Herb Garden|Hospitaller|Infirmary|Joinery|Master Workshop|Stable|Tannery|Tiltyard,10,18
"MaA/Arming/Heater/Chain [ABFM, PrM, (SInd, EProw, SPie, NCun), Nimble, Rec 6, Serr, Shake+1, Temp]|M10",Man-at-Arms,Arming Sword,Heater Shield,Chainmail,,False,25,"ABF,Nimble,Serrated,Immune Blocked,Resolute,Recover 6,Parry,Tempered,Shake +1",700,,False,ABF|Abbey|Animal Husbandry|Armory|Blacksmith|Carpentry|Coliseum|Conditioning Field|Furnace|Gilded Foundry|Hospitaller|Joinery|Master Workshop|Monastery|Pilgrimage Site|Preceptory|Stable|Tannery,10,26
"MaA/Pitchfork/Leather [(EInd, RProw, EPie, RCun), Enduring, Nimble, Poison, Rec 6, Recover 7, Recover 8, Serr, Shake+1]|M10",Man-at-Arms,Pitchfork,,Leather,,False,25,"Enduring,Nimble,Recover 8,Serrated,Immune Blocked,Recover 7,Poison,Recover 6,Shake +1",700,,False,Academy|Alchemy|Animal Husbandry|Apothecary|Blacksmith|Butchery|Coliseum|Conditioning Field|Furnace|Herb Garden|Hospitaller|Infirmary|Master Workshop|Smokehouse|Tannery|Toxicarium,10,18
"MaA/Flail+Javelin/Tower/Leather (TY) [(EInd, EProw, EPie, NCun), Enduring, Florentine, ImmU, Nimble, Rec 6, Recover 7, Recover 8, Serr, Shake+1]|M10",Man-at-Arms,Flail,Tower Shield,Leather,Javelin,True,25,"Enduring,Nimble,Immune Unwieldy,Recover 8,Serrated,Immune Blocked,Recover 7,Recover 6,Parry,Shake +1,Florentine",600,,False,Alchemy|Animal Husbandry|Apothecary|Blacksmith|Butchery|Carpentry|Coliseum|Conditioning Field|Fletchery|Forge|Furnace|Herb Garden|Hospitaller|Infirmary|Joinery|Master Workshop|Tannery|Tiltyard,10,18
"MaA/Pitchfork+Pilum/Gothic (TY) [ABFM, MiMiStM, (SInd, SProw, NPie, NCun), Florentine, ImmU, Nimble, Serr, Temp]|M10",Man-at-Arms,Pitchfork,,Gothic Plate,Pilum,True,25,"ABF,Nimble,Immune Unwieldy,Parry +1,Serrated,Immune Blocked,MaxInit3,Init +1,Parry,Seize: first,Tempered,Crit 8,Florentine",700,,False,ABF|Animal Husbandry|Armory|Blacksmith|Carpentry|Coliseum|Conditioning Field|Fletchery|Forge|Furnace|Gilded Foundry|Master Workshop|Ministry of Military Strategy|Stable|Tannery|Tiltyard|University|War College,10,20
"MaA/Arming+Javelin/Heater/Chain (TY) [ABFM, (SInd, EProw, NPie, NCun), Florentine, ImmU, Nimble, Serr, Temp]|M10",Man-at-Arms,Arming Sword,Heater Shield,Chainmail,Javelin,True,25,"ABF,Nimble,Immune Unwieldy,Serrated,Immune Blocked,Parry,Tempered,Florentine",200,,False,ABF|Animal Husbandry|Armory|Blacksmith|Butchery|Carpentry|Coliseum|Conditioning Field|Fletchery|Furnace|Gilded Foundry|Joinery|Master Workshop|Stable|Tannery|Tiltyard,10,16
"MaA/Arming+Longbow/Kite/Gothic (TY) [RoPaM, ABFM, (SInd, SProw, NPie, NCun), Florentine, ImmU, Nimble, Parry +1, Riposte, Serr, Temp]|M10",Man-at-Arms,Arming Sword,Kite Shield,Gothic Plate,Longbow,True,25,"ABF,Nimble,Immune Unwieldy,Parry +1,Serrated,Immune Blocked,Immune Strain,Parry,Tempered,Drilled,Riposte,Florentine",200,,False,ABF|Animal Husbandry|Armory|Blacksmith|Butchery|Carpentry|Coliseum|Conditioning Field|Fletchery|Furnace|Gilded Foundry|Grand Tournament|Joinery|Master Workshop|Royal Pavilion|Stable|Tannery|Tiltyard,10,20
"MaA/Morningstar/Tower/Gothic [ABFM, (SInd, RProw, EPie, NCun), Enduring, Nimble, Rec 6, Recover 7, Recover 8, Serr, Shake+1, Temp]|M10",Man-at-Arms,Morningstar,Tower Shield,Gothic Plate,,False,25,"Enduring,ABF,Nimble,Recover 8,Serrated,Immune Blocked,Recover 7,Recover 6,Tempered,Shake +1",200,,False,ABF|Alchemy|Animal Husbandry|Apothecary|Armory|Blacksmith|Butchery|Carpentry|Coliseum|Conditioning Field|Forge|Furnace|Gilded Foundry|Herb Garden|Hospitaller|Infirmary|Joinery|Master Workshop|Smokehouse|Stable|Tannery,10,19
"MaA/Estoc+Javelin/Heater/Cloth (TY) [ABFM, (SInd, EProw, NPie, NCun), Florentine, ImmU, Nimble, Recover 8, Serr, Temp]|M10",Man-at-Arms,Estoc,Heater Shield,Cloth,Javelin,True,25,"ABF,Nimble,Immune Unwieldy,Recover 8,Serrated,Immune Blocked,Parry,Tempered,Florentine",500,,False,ABF|Apothecary|Armory|Blacksmith|Carpentry|Coliseum|Conditioning Field|Fletchery|Forge|Furnace|Gilded Foundry|Herb Garden|Joinery|Master Workshop|Stable|Tannery|Tiltyard,10,16
"MaA/Halberd+HuntBow/FullPlate (TY) [(EInd, EProw, EPie, NCun), Enduring, Florentine, ImmU, Nimble, Rec 6, Recover 7, Recover 8, Shake+1, Temp]|M10",Man-at-Arms,Halberd,,Full Plate,Hunting Bow,True,25,"Enduring,Nimble,Immune Unwieldy,Recover 8,Immune Blocked,Recover 7,Recover 6,Parry,Tempered,Shake +1,Florentine",600,,False,Alchemy|Animal Husbandry|Apothecary|Armory|Blacksmith|Butchery|Carpentry|Coliseum|Conditioning Field|Fletchery|Furnace|Gilded Foundry|Herb Garden|Hospitaller|Infirmary|Smokehouse|Tannery|Tiltyard,10,18
"MaA/Arming+Arquebus/Kite/Leather (TY) [ABFM, (SInd, EProw, NPie, NCun), Florentine, ImmU, Nimble, Recover 8, Serr, Temp]|M10",Man-at-Arms,Arming Sword,Kite Shield,Leather,Arquebus,True,25,"ABF,Nimble,Immune Unwieldy,Recover 8,Serrated,Immune Blocked,Parry,Tempered,Florentine",500,,False,ABF|Animal Husbandry|Apothecary|Armory|Blacksmith|Carpentry|Coliseum|Conditioning Field|Fletchery|Forge|Furnace|Gilded Foundry|Herb Garden|Joinery|Master Workshop|Stable|Tannery|Tiltyard,10,16
"MaA/2HBastard+Pilum/Chain (TY) [ABFM, (SInd, EProw, NPie, NCun), Florentine, ImmU, Nimble, Recover 8, Serr, Temp]|M10",Man-at-Arms,2HBastard,,Chainmail,Pilum,True,25,"ABF,Nimble,Immune Unwieldy,Recover 8,Serrated,Immune Blocked,Parry,Tempered,Florentine",700,,False,ABF|Animal Husbandry|Apothecary|Armory|Blacksmith|Carpentry|Coliseum|Conditioning Field|Fletchery|Forge|Furnace|Gilded Foundry|Herb Garden|Master Workshop|Stable|Tannery|Tiltyard,10,16
"MaA/Arming+HuntBow/Kite/Gothic (TY) [ABFM, (SInd, EProw, NPie, NCun), Florentine, ImmU, Nimble, Serr, Temp]|M10",Man-at-Arms,Arming Sword,Kite Shield,Gothic Plate,Hunting Bow,True,25,"ABF,Nimble,Immune Unwieldy,Serrated,Immune Blocked,Parry,Tempered,Florentine",200,,False,ABF|Animal Husbandry|Armory|Blacksmith|Butchery|Carpentry|Coliseum|Conditioning Field|Fletchery|Furnace|Gilded Foundry|Joinery|Master Workshop|Stable|Tannery|Tiltyard,10,16
"MaA/Estoc/Heater/Gothic [RoPaM, ABFM, (SInd, SProw, EPie, NCun), Enduring, Nimble, Parry +1, Rec 6, Recover 7, Recover 8, Riposte, Serr, Shake+1, Temp]|M10",Man-at-Arms,Estoc,Heater Shield,Gothic Plate,,False,25,"Enduring,ABF,Nimble,Parry +1,Recover 8,Serrated,Immune Blocked,Recover 7,Immune Strain,Recover 6,Parry,Tempered,Drilled,Riposte,Shake +1",200,,False,ABF|Alchemy|Animal Husbandry|Apothecary|Armory|Blacksmith|Butchery|Carpentry|Coliseum|Conditioning Field|Forge|Furnace|Gilded Foundry|Grand Tournament|Herb Garden|Hospitaller|Infirmary|Joinery|Master Workshop|Royal Pavilion|Stable|Tannery|Tiltyard,10,26
"MaA/WarHammer+Longbow/Cloth (TY) [OuInPoM, (EInd, EProw, NPie, SCun), Florentine, ImmU, Nimble, Recover 8]|M10",Man-at-Arms,War Hammer,,Cloth,Longbow,True,25,"Nimble,Immune Unwieldy,Recover 8,Immune Blocked,confers:Strain,Parry,Outrider: every,confers:Blocked,Florentine",1800,,False,Apothecary|Blacksmith|Caravanery|Carpentry|Cipher Chamber|Coliseum|Conditioning Field|Fletchery|Forge|Furnace|Herb Garden|Outrider Intercept Post|Tiltyard,10,22
"MaA/Bastard+Longbow/Heater/Cloth (TY) [ABFM, (SInd, EProw, NPie, NCun), Florentine, ImmU, Nimble, Parry +1, Recover 8, Riposte, Serr, Temp]|M10",Man-at-Arms,Bastard Sword,Heater Shield,Cloth,Longbow,True,25,"ABF,Nimble,Parry +1,Recover 8,Immune Unwieldy,Serrated,Immune Blocked,Parry,Tempered,Riposte,Florentine",500,,False,ABF|Apothecary|Armory|Blacksmith|Carpentry|Coliseum|Conditioning Field|Fletchery|Forge|Furnace|Gilded Foundry|Grand Tournament|Herb Garden|Joinery|Master Workshop|Stable|Tannery|Tiltyard,10,16
"MaA/Arming+Javelin/Kite/Leather (TY) [(RInd, EProw, EPie, RCun), Enduring, Florentine, ImmU, Nimble, Poison, Rec 6, Recover 7, Recover 8, Shake+1]|M10",Man-at-Arms,Arming Sword,Kite Shield,Leather,Javelin,True,25,"Enduring,Nimble,Immune Unwieldy,Recover 8,Immune Blocked,Recover 7,Poison,Recover 6,Parry,Shake +1,Florentine",1000,,False,Academy|Alchemy|Animal Husbandry|Apothecary|Armory|Blacksmith|Carpentry|Coliseum|Conditioning Field|Fletchery|Furnace|Herb Garden|Hospitaller|Infirmary|Joinery|Tannery|Tiltyard|Toxicarium,10,18
"MaA/BattleAxe+Crossbow/Chain (TY) [MiMiStM, (EInd, SProw, NPie, NCun), Florentine, ImmU, Nimble, Recover 8]|M10",Man-at-Arms,Battle Axe,,Chainmail,Crossbow,True,25,"Parry +1,Nimble,Immune Unwieldy,Recover 8,Immune Blocked,MaxInit3,Init +1,Parry,Seize: first,Crit 8,Florentine",1400,,False,Animal Husbandry|Apothecary|Armory|Blacksmith|Carpentry|Coliseum|Conditioning Field|Fletchery|Forge|Furnace|Herb Garden|Ministry of Military Strategy|Tannery|Tiltyard|University|War College,10,16
"MaA/Daggers+Pilum/Gothic (TY) [ABFM, (SInd, EProw, NPie, NCun), Florentine, ImmU, Nimble, Parry +1, Recover 8, Riposte, Serr, Temp]|M10",Man-at-Arms,Daggers,,Gothic Plate,Pilum,True,25,"ABF,Nimble,Parry +1,Recover 8,Immune Unwieldy,Serrated,Immune Blocked,Parry,Tempered,Riposte,Florentine",700,,False,ABF|Animal Husbandry|Apothecary|Armory|Blacksmith|Carpentry|Coliseum|Conditioning Field|Fletchery|Forge|Furnace|Gilded Foundry|Grand Tournament|Herb Garden|Master Workshop|Stable|Tannery|Tiltyard,10,16
"MaA/Pike+Crossbow/Leather (TY) [(EInd, EProw, EPie, NCun), Enduring, Florentine, ImmU, Nimble, Parry +1, Rec 6, Recover 7, Recover 8, Riposte, Shake+1]|M10",Man-at-Arms,Pike,,Leather,Crossbow,True,25,"Enduring,Parry +1,Nimble,Immune Unwieldy,Recover 8,Immune Blocked,Recover 7,Recover 6,Parry,Riposte,Shake +1,Florentine",800,,False,Alchemy|Animal Husbandry|Apothecary|Blacksmith|Butchery|Carpentry|Coliseum|Conditioning Field|Fletchery|Forge|Furnace|Grand Tournament|Herb Garden|Hospitaller|Infirmary|Smokehouse|Tannery|Tiltyard,10,18
"MaA/Pitchfork+Arquebus/FullPlate (TY) [ABFM, MiMiStM, (SInd, SProw, NPie, NCun), Florentine, ImmU, Nimble, Serr, Temp]|M10",Man-at-Arms,Pitchfork,,Full Plate,Arquebus,True,25,"ABF,Nimble,Immune Unwieldy,Parry +1,Serrated,Immune Blocked,MaxInit3,Init +1,Parry,Seize: first,Tempered,Crit 8,Florentine",700,,False,ABF|Animal Husbandry|Armory|Blacksmith|Carpentry|Coliseum|Conditioning Field|Fletchery|Forge|Furnace|Gilded Foundry|Master Workshop|Ministry of Military Strategy|Stable|Tannery|Tiltyard|University|War College,10,20
"MaA/Spears/Kite/FullPlate [(EInd, RProw, EPie, RCun), Enduring, Nimble, Poison, Rec 6, Recover 7, Recover 8, Shake+1, Temp]|M10",Man-at-Arms,Spears,Kite Shield,Full Plate,,False,25,"Enduring,Nimble,Recover 8,Immune Blocked,Recover 7,Poison,Recover 6,Tempered,Shake +1",500,,False,Academy|Alchemy|Animal Husbandry|Apothecary|Armory|Blacksmith|Butchery|Carpentry|Coliseum|Conditioning Field|Furnace|Gilded Foundry|Herb Garden|Hospitaller|Infirmary|Joinery|Smokehouse|Tannery|Toxicarium,10,18
"MaA/Bastard+Javelin/Tower/Leather (TY) [(EInd, EProw, EPie, NCun), Enduring, Florentine, ImmU, Nimble, Parry +1, Rec 6, Recover 7, Recover 8, Riposte, Serr, Shake+1]|M10",Man-at-Arms,Bastard Sword,Tower Shield,Leather,Javelin,True,25,"Enduring,Parry +1,Nimble,Immune Unwieldy,Recover 8,Serrated,Immune Blocked,Recover 7,Recover 6,Parry,Riposte,Shake +1,Florentine",600,,False,Alchemy|Animal Husbandry|Apothecary|Blacksmith|Butchery|Carpentry|Coliseum|Conditioning Field|Fletchery|Forge|Furnace|Grand Tournament|Herb Garden|Hospitaller|Infirmary|Joinery|Master Workshop|Tannery|Tiltyard,10,18
"MaA/Bastard+Pilum/Heater/Leather (TY) [RoPaI, ABFM, (SInd, SProw, NPie, NCun), Florentine, ImmU, Nimble, Serr, Temp]|M10",Man-at-Arms,Bastard Sword,Heater Shield,Leather,Pilum,True,25,"ABF,Nimble,Immune Unwieldy,Serrated,Immune Blocked,Immune Strain,Parry,Tempered,Florentine",200,,False,ABF|Animal Husbandry|Armory|Blacksmith|Butchery|Carpentry|Coliseum|Conditioning Field|Fletchery|Forge|Furnace|Gilded Foundry|Joinery|Master Workshop|Royal Pavilion|Stable|Tannery|Tiltyard,10,20
"MaA/BattleAxe+HuntBow/Leather (TY) [(RInd, EProw, EPie, NCun), Enduring, Florentine, ImmU, Nimble, Rec 6, Recover 7, Recover 8, Shake+1]|M10",Man-at-Arms,Battle Axe,,Leather,Hunting Bow,True,25,"Enduring,Nimble,Immune Unwieldy,Recover 8,Immune Blocked,Recover 7,Recover 6,Parry,Shake +1,Florentine",800,,False,Alchemy|Animal Husbandry|Apothecary|Blacksmith|Butchery|Carpentry|Coliseum|Conditioning Field|Fletchery|Furnace|Herb Garden|Hospitaller|Infirmary|Smokehouse|Tannery|Tiltyard,10,15
"MaA/Arming+Crossbow/Tower/Cloth (TY) [(EInd, EProw, EPie, RCun), Enduring, Florentine, ImmU, Nimble, Poison, Rec 6, Recover 7, Recover 8, Serr, Shake+1]|M10",Man-at-Arms,Arming Sword,Tower Shield,Cloth,Crossbow,True,25,"Enduring,Nimble,Immune Unwieldy,Recover 8,Serrated,Immune Blocked,Recover 7,Poison,Recover 6,Parry,Shake +1,Florentine",1200,,False,Academy|Alchemy|Apothecary|Blacksmith|Carpentry|Coliseum|Conditioning Field|Fletchery|Forge|Furnace|Herb Garden|Hospitaller|Infirmary|Joinery|Master Workshop|Tiltyard|Toxicarium,10,21
"MaA/Spears+Javelin/Tower/Cloth (TY) [(EInd, EProw, EPie, RCun), Enduring, Florentine, ImmU, Nimble, Poison, Rec 6, Recover 7, Recover 8, Serr, Shake+1]|M10",Man-at-Arms,Spears,Tower Shield,Cloth,Javelin,True,25,"Enduring,Nimble,Immune Unwieldy,Recover 8,Serrated,Immune Blocked,Recover 7,Poison,Recover 6,Parry,Shake +1,Florentine",1200,,False,Academy|Alchemy|Apothecary|Blacksmith|Carpentry|Coliseum|Conditioning Field|Fletchery|Forge|Furnace|Herb Garden|Hospitaller|Infirmary|Joinery|Master Workshop|Tiltyard|Toxicarium,10,21
"MaA/2HBastard+Arquebus/Leather (TY) [RoPaM, ABFM, (SInd, SProw, NPie, NCun), Florentine, ImmU, Nimble, Parry +1, Recover 8, Riposte, Serr, Temp]|M10",Man-at-Arms,2HBastard,,Leather,Arquebus,True,25,"ABF,Nimble,Parry +1,Recover 8,Immune Unwieldy,Serrated,Immune Blocked,Immune Strain,Parry,Tempered,Drilled,Riposte,Florentine",700,,False,ABF|Animal Husbandry|Apothecary|Armory|Blacksmith|Carpentry|Coliseum|Conditioning Field|Fletchery|Forge|Furnace|Gilded Foundry|Grand Tournament|Herb Garden|Master Workshop|Royal Pavilion|Stable|Tannery|Tiltyard,10,20
"MaA/BattleAxe/FullPlate [(EInd, RProw, EPie, RCun), Enduring, Nimble, Poison, Rec 6, Recover 7, Recover 8, Shake+1, Temp]|M10",Man-at-Arms,Battle Axe,,Full Plate,,False,25,"Enduring,Nimble,Recover 8,Immune Blocked,Recover 7,Poison,Recover 6,Tempered,Shake +1",700,,False,Academy|Alchemy|Animal Husbandry|Apothecary|Armory|Blacksmith|Butchery|Coliseum|Conditioning Field|Furnace|Gilded Foundry|Herb Garden|Hospitaller|Infirmary|Smokehouse|Stable|Tannery|Toxicarium,10,18
"MaA/Arming+Pilum/Heater/Leather (TY) [ABFM, (SInd, EProw, NPie, NCun), Florentine, ImmU, Nimble, Recover 8, Serr, Temp]|M10",Man-at-Arms,Arming Sword,Heater Shield,Leather,Pilum,True,25,"ABF,Nimble,Immune Unwieldy,Recover 8,Serrated,Immune Blocked,Parry,Tempered,Florentine",500,,False,ABF|Animal Husbandry|Apothecary|Armory|Blacksmith|Carpentry|Coliseum|Conditioning Field|Fletchery|Forge|Furnace|Gilded Foundry|Herb Garden|Joinery|Master Workshop|Stable|Tannery|Tiltyard,10,16
"MaA/Cudgel+Arquebus/Gothic (TY) [ABFM, MiMiStM, (SInd, SProw, NPie, NCun), Florentine, ImmU, Nimble, Serr, Temp]|M10",Man-at-Arms,Cudgel,,Gothic Plate,Arquebus,True,25,"ABF,Nimble,Immune Unwieldy,Parry +1,Serrated,Immune Blocked,MaxInit3,Init +1,Parry,Seize: first,Tempered,Crit 8,Florentine",700,,False,ABF|Animal Husbandry|Armory|Blacksmith|Carpentry|Coliseum|Conditioning Field|Fletchery|Forge|Furnace|Gilded Foundry|Master Workshop|Ministry of Military Strategy|Stable|Tannery|Tiltyard|University|War College,10,20
"MaA/Morningstar+Crossbow/FullPlate (TY) [(EInd, EProw, EPie, NCun), Enduring, Florentine, ImmU, Nimble, Rec 6, Recover 7, Recover 8, Shake+1, Temp]|M10",Man-at-Arms,Morningstar,,Full Plate,Crossbow,True,25,"Enduring,Nimble,Immune Unwieldy,Recover 8,Immune Blocked,Recover 7,Recover 6,Parry,Tempered,Shake +1,Florentine",600,,False,Alchemy|Animal Husbandry|Apothecary|Armory|Blacksmith|Butchery|Carpentry|Coliseum|Conditioning Field|Fletchery|Forge|Furnace|Gilded Foundry|Herb Garden|Hospitaller|Infirmary|Smokehouse|Tannery|Tiltyard,10,18
"MaA/2HBastard/FullPlate [(EInd, RProw, EPie, RCun), Enduring, Nimble, Poison, Rec 6, Recover 7, Recover 8, Shake+1, Temp]|M10",Man-at-Arms,2HBastard,,Full Plate,,False,25,"Enduring,Nimble,Recover 8,Immune Blocked,Recover 7,Poison,Recover 6,Tempered,Shake +1",700,,False,Academy|Alchemy|Animal Husbandry|Apothecary|Armory|Blacksmith|Butchery|Coliseum|Conditioning Field|Forge|Furnace|Gilded Foundry|Herb Garden|Hospitaller|Infirmary|Smokehouse|Stable|Tannery|Toxicarium,10,18
"MaA/ShortSword+Javelin/Kite/Leather (TY) [PrM, (RInd, EProw, SPie, NCun), Enduring, Florentine, ImmU, Nimble, Rec 6, Recover 7, Recover 8, Shake+1]|M10",Man-at-Arms,Short Sword,Kite Shield,Leather,Javelin,True,25,"Enduring,Nimble,Immune Unwieldy,Recover 8,Immune Blocked,Recover 7,Resolute,Recover 6,Parry,Shake +1,Florentine",1100,,False,Abbey|Alchemy|Animal Husbandry|Apothecary|Armory|Blacksmith|Carpentry|Coliseum|Conditioning Field|Fletchery|Furnace|Herb Garden|Hospitaller|Infirmary|Joinery|Monastery|Pilgrimage Site|Preceptory|Tannery|Tiltyard,10,19
"MaA/Pitchfork+Longbow/FullPlate (TY) [(EInd, EProw, EPie, RCun), Enduring, Florentine, ImmU, Nimble, Poison, Rec 6, Recover 7, Recover 8, Shake+1, Temp]|M10",Man-at-Arms,Pitchfork,,Full Plate,Longbow,True,25,"Enduring,Nimble,Immune Unwieldy,Recover 8,Immune Blocked,Recover 7,Poison,Recover 6,Parry,Tempered,Shake +1,Florentine",1200,,False,Academy|Alchemy|Animal Husbandry|Apothecary|Armory|Blacksmith|Carpentry|Coliseum|Conditioning Field|Fletchery|Furnace|Gilded Foundry|Herb Garden|Hospitaller|Infirmary|Tannery|Tiltyard|Toxicarium,10,21
"MaA/Arming+Crossbow/FullPlate (TY) [MiMiStM, (EInd, SProw, NPie, NCun), Florentine, ImmU, Nimble, Recover 8, Temp]|M10",Man-at-Arms,Arming Sword,,Full Plate,Crossbow,True,25,"Parry +1,Nimble,Immune Unwieldy,Recover 8,Immune Blocked,MaxInit3,Init +1,Parry,Seize: first,Tempered,Crit 8,Florentine",1400,,False,Animal Husbandry|Apothecary|Armory|Blacksmith|Carpentry|Coliseum|Conditioning Field|Fletchery|Forge|Furnace|Gilded Foundry|Herb Garden|Ministry of Military Strategy|Tannery|Tiltyard|University|War College,10,16
"MaA/WarHammer+Javelin/Leather (TY) [(EInd, EProw, EPie, NCun), Enduring, Florentine, ImmU, Nimble, Parry +1, Rec 6, Recover 7, Recover 8, Riposte, Shake+1]|M10",Man-at-Arms,War Hammer,,Leather,Javelin,True,25,"Enduring,Parry +1,Nimble,Immune Unwieldy,Recover 8,Immune Blocked,Recover 7,Recover 6,Parry,Riposte,Shake +1,Florentine",1000,,False,Alchemy|Animal Husbandry|Apothecary|Blacksmith|Butchery|Carpentry|Coliseum|Conditioning Field|Fletchery|Forge|Furnace|Grand Tournament|Herb Garden|Hospitaller|Infirmary|Stable|Tannery|Tiltyard,10,18
"MaA/ShortSword+Longbow/Kite/Chain (TY) [(RInd, EProw, EPie, NCun), Enduring, Florentine, ImmU, Nimble, Parry +1, Rec 6, Recover 7, Recover 8, Riposte, Shake+1]|M10",Man-at-Arms,Short Sword,Kite Shield,Chainmail,Longbow,True,25,"Enduring,Parry +1,Nimble,Immune Unwieldy,Recover 8,Immune Blocked,Recover 7,Recover 6,Parry,Riposte,Shake +1,Florentine",400,,False,Alchemy|Animal Husbandry|Apothecary|Armory|Blacksmith|Butchery|Carpentry|Coliseum|Conditioning Field|Fletchery|Furnace|Grand Tournament|Herb Garden|Hospitaller|Infirmary|Joinery|Smokehouse|Tannery|Tiltyard,10,15
"MaA/Spears+Crossbow/Chain (TY) [(EInd, EProw, EPie, NCun), Enduring, Florentine, ImmU, Nimble, Rec 6, Recover 7, Recover 8, Shake+1]|M10",Man-at-Arms,Spears,,Chainmail,Crossbow,True,25,"Enduring,Nimble,Immune Unwieldy,Recover 8,Immune Blocked,Recover 7,Recover 6,Parry,Shake +1,Florentine",600,,False,Alchemy|Animal Husbandry|Apothecary|Armory|Blacksmith|Butchery|Carpentry|Coliseum|Conditioning Field|Fletchery|Forge|Furnace|Herb Garden|Hospitaller|Infirmary|Smokehouse|Tannery|Tiltyard,10,18
"MaA/Flail+Arquebus/Heater/Cloth (TY) [ABFM, (SInd, EProw, NPie, NCun), Florentine, ImmU, Nimble, Recover 8, Serr, Temp]|M10",Man-at-Arms,Flail,Heater Shield,Cloth,Arquebus,True,25,"ABF,Nimble,Immune Unwieldy,Recover 8,Serrated,Immune Blocked,Parry,Tempered,Florentine",500,,False,ABF|Apothecary|Armory|Blacksmith|Carpentry|Coliseum|Conditioning Field|Fletchery|Forge|Furnace|Gilded Foundry|Herb Garden|Joinery|Master Workshop|Stable|Tannery|Tiltyard,10,16
"MaA/Javelin/FullPlate [MiMiStM, (EInd, SProw, NPie, NCun), Florentine, ImmU, Nimble, Recover 8, Temp]|M10",Man-at-Arms,Farm Tools,,Full Plate,Javelin,True,25,"Parry +1,Nimble,Immune Unwieldy,Recover 8,Immune Blocked,MaxInit3,Init +1,Parry,Seize: first,Tempered,Crit 8,Florentine",1400,,False,Animal Husbandry|Apothecary|Armory|Blacksmith|Carpentry|Coliseum|Conditioning Field|Fletchery|Furnace|Gilded Foundry|Herb Garden|Ministry of Military Strategy|Tannery|Tiltyard|University|War College,10,16
"MaA/2HBastard+Longbow/Leather (TY) [(EInd, EProw, EPie, NCun), Enduring, Florentine, ImmU, Nimble, Rec 6, Recover 7, Recover 8, Shake+1]|M10",Man-at-Arms,2HBastard,,Leather,Longbow,True,25,"Enduring,Nimble,Immune Unwieldy,Recover 8,Immune Blocked,Recover 7,Recover 6,Parry,Shake +1,Florentine",1000,,False,Alchemy|Animal Husbandry|Apothecary|Blacksmith|Butchery|Carpentry|Coliseum|Conditioning Field|Fletchery|Forge|Furnace|Herb Garden|Hospitaller|Infirmary|Stable|Tannery|Tiltyard,10,18
"MaA/Bastard+HuntBow/Tower/FullPlate (TY) [(EInd, EProw, EPie, NCun), Enduring, Florentine, ImmU, Nimble, Rec 6, Recover 7, Recover 8, Serr, Shake+1, Temp]|M10",Man-at-Arms,Bastard Sword,Tower Shield,Full Plate,Hunting Bow,True,25,"Enduring,Nimble,Immune Unwieldy,Recover 8,Serrated,Immune Blocked,Recover 7,Recover 6,Parry,Tempered,Shake +1,Florentine",900,,False,Alchemy|Animal Husbandry|Apothecary|Armory|Blacksmith|Carpentry|Coliseum|Conditioning Field|Fletchery|Forge|Furnace|Gilded Foundry|Herb Garden|Hospitaller|Infirmary|Joinery|Master Workshop|Stable|Tannery|Tiltyard,10,18
"MaA/Flail+HuntBow/Heater/FullPlate (TY) [ABFM, (SInd, EProw, NPie, NCun), Florentine, ImmU, Nimble, Serr, Temp]|M10",Man-at-Arms,Flail,Heater Shield,Full Plate,Hunting Bow,True,25,"ABF,Nimble,Immune Unwieldy,Serrated,Immune Blocked,Parry,Tempered,Florentine",200,,False,ABF|Animal Husbandry|Armory|Blacksmith|Butchery|Carpentry|Coliseum|Conditioning Field|Fletchery|Furnace|Gilded Foundry|Joinery|Master Workshop|Stable|Tannery|Tiltyard,10,16
"MaA/Spears+HuntBow/Targe/Chain (TY) [(RInd, EProw, EPie, NCun), Enduring, Florentine, ImmU, Nimble, Rec 6, Recover 7, Recover 8, Shake+1]|M10",Man-at-Arms,Spears,Targe Shield,Chainmail,Hunting Bow,True,25,"Enduring,Nimble,Immune Unwieldy,Recover 8,Immune Blocked,Recover 7,Recover 6,Parry,Shake +1,Florentine",400,,False,Alchemy|Animal Husbandry|Apothecary|Armory|Blacksmith|Butchery|Carpentry|Coliseum|Conditioning Field|Fletchery|Furnace|Herb Garden|Hospitaller|Infirmary|Joinery|Smokehouse|Tannery|Tiltyard,10,15
"MaA/Lance/Kite/FullPlate [(EInd, RProw, EPie, RCun), Enduring, Nimble, Poison, Rec 6, Recover 7, Recover 8, Shake+1, Temp]|M10",Man-at-Arms,Lance,Kite Shield,Full Plate,,False,25,"Enduring,Nimble,Recover 8,Immune Blocked,Recover 7,Poison,Recover 6,Tempered,Shake +1",500,,False,Academy|Alchemy|Animal Husbandry|Apothecary|Armory|Blacksmith|Butchery|Carpentry|Coliseum|Conditioning Field|Forge|Furnace|Gilded Foundry|Herb Garden|Hospitaller|Infirmary|Joinery|Smokehouse|Tannery|Toxicarium,10,18
"MaA/Pitchfork+Javelin/Leather (TY) [(RInd, EProw, EPie, RCun), Enduring, Florentine, ImmU, Nimble, Poison, Rec 6, Recover 7, Recover 8, Shake+1]|M10",Man-at-Arms,Pitchfork,,Leather,Javelin,True,25,"Enduring,Nimble,Immune Unwieldy,Recover 8,Immune Blocked,Recover 7,Poison,Recover 6,Parry,Shake +1,Florentine",1400,,False,Academy|Alchemy|Animal Husbandry|Apothecary|Blacksmith|Carpentry|Coliseum|Conditioning Field|Fletchery|Furnace|Herb Garden|Hospitaller|Infirmary|Tannery|Tiltyard|Toxicarium,10,18
"MaA/2HBastard+Arquebus/Gothic (TY) [ABFM, (SInd, EProw, NPie, NCun), Florentine, ImmU, Nimble, Recover 8, Serr, Temp]|M10",Man-at-Arms,2HBastard,,Gothic Plate,Arquebus,True,25,"ABF,Nimble,Immune Unwieldy,Recover 8,Serrated,Immune Blocked,Parry,Tempered,Florentine",700,,False,ABF|Animal Husbandry|Apothecary|Armory|Blacksmith|Carpentry|Coliseum|Conditioning Field|Fletchery|Forge|Furnace|Gilded Foundry|Herb Garden|Master Workshop|Stable|Tannery|Tiltyard,10,16
"MaA/Cudgel+Javelin/FullPlate (TY) [(EInd, EProw, EPie, RCun), Enduring, Florentine, ImmU, Nimble, Poison, Rec 6, Recover 7, Recover 8, Shake+1, Temp]|M10",Man-at-Arms,Cudgel,,Full Plate,Javelin,True,25,"Enduring,Nimble,Immune Unwieldy,Recover 8,Immune Blocked,Recover 7,Poison,Recover 6,Parry,Tempered,Shake +1,Florentine",1200,,False,Academy|Alchemy|Animal Husbandry|Apothecary|Armory|Blacksmith|Carpentry|Coliseum|Conditioning Field|Fletchery|Furnace|Gilded Foundry|Herb Garden|Hospitaller|Infirmary|Tannery|Tiltyard|Toxicarium,10,21
"MaA/Bastard+Crossbow/Tower/Cloth (TY) [RoPaM, (EInd, SProw, EPie, RCun), Enduring, Florentine, ImmU, Nimble, Parry +1, Poison, Rec 6, Recover 7, Recover 8, Riposte, Shake+1]|M10",Man-at-Arms,Bastard Sword,Tower Shield,Cloth,Crossbow,True,25,"Enduring,Parry +1,Nimble,Immune Unwieldy,Recover 8,Immune Blocked,Recover 7,Immune Strain,Poison,Recover 6,Parry,Drilled,Riposte,Shake +1,Florentine",1400,,False,Academy|Alchemy|Apothecary|Blacksmith|Carpentry|Coliseum|Conditioning Field|Fletchery|Forge|Furnace|Grand Tournament|Herb Garden|Hospitaller|Infirmary|Joinery|Royal Pavilion|Stable|Tiltyard|Toxicarium,10,25
"MaA/Flail+HuntBow/Kite/Chain (TY) [(RInd, EProw, EPie, RCun), Enduring, Florentine, ImmU, Nimble, Poison, Rec 6, Recover 7, Recover 8, Shake+1]|M10",Man-at-Arms,Flail,Kite Shield,Chainmail,Hunting Bow,True,25,"Enduring,Nimble,Immune Unwieldy,Recover 8,Immune Blocked,Recover 7,Poison,Recover 6,Parry,Shake +1,Florentine",1000,,False,Academy|Alchemy|Animal Husbandry|Apothecary|Armory|Blacksmith|Carpentry|Coliseum|Conditioning Field|Fletchery|Furnace|Herb Garden|Hospitaller|Infirmary|Joinery|Tannery|Tiltyard|Toxicarium,10,18
"MaA/Arming+Javelin/Heater/Gothic (TY) [ABFM, (SInd, EProw, NPie, NCun), Florentine, ImmU, Nimble, Parry +1, Riposte, Serr, Temp]|M10",Man-at-Arms,Arming Sword,Heater Shield,Gothic Plate,Javelin,True,25,"ABF,Nimble,Immune Unwieldy,Parry +1,Serrated,Immune Blocked,Parry,Tempered,Riposte,Florentine",200,,False,ABF|Animal Husbandry|Armory|Blacksmith|Butchery|Carpentry|Coliseum|Conditioning Field|Fletchery|Furnace|Gilded Foundry|Grand Tournament|Joinery|Master Workshop|Stable|Tannery|Tiltyard,10,16
"MaA/Morningstar+HuntBow/Heater/Chain (TY) [ABFM, MiMiStM, (SInd, SProw, NPie, NCun), Florentine, ImmU, Nimble, Serr, Temp]|M10",Man-at-Arms,Morningstar,Heater Shield,Chainmail,Hunting Bow,True,25,"ABF,Nimble,Parry +1,Immune Unwieldy,Serrated,Immune Blocked,MaxInit3,Init +1,Parry,Seize: first,Tempered,Crit 8,Florentine",500,,False,ABF|Animal Husbandry|Armory|Blacksmith|Carpentry|Coliseum|Conditioning Field|Fletchery|Forge|Furnace|Gilded Foundry|Joinery|Master Workshop|Ministry of Military Strategy|Stable|Tannery|Tiltyard|University|War College,10,20
"MaA/Arming+Arquebus/Tower/Gothic (TY) [ABFM, OuInPoI, (SInd, EProw, NPie, SCun), Florentine, ImmU, Nimble, Serr, Temp]|M10",Man-at-Arms,Arming Sword,Tower Shield,Gothic Plate,Arquebus,True,25,"ABF,Nimble,Immune Unwieldy,Serrated,Immune Blocked,Outrider: once,confers:Strain,Parry,Tempered,confers:Blocked,Florentine",200,,False,ABF|Animal Husbandry|Armory|Blacksmith|Butchery|Carpentry|Coliseum|Conditioning Field|Fletchery|Forge|Furnace|Gilded Foundry|Joinery|Master Workshop|Outrider Intercept Post|Stable|Tannery|Tiltyard,10,26
"MaA/ShortSword/Heater/Leather [ABFM, OuInPoM, (SInd, RProw, NPie, SCun), Nimble, Serr, Temp]|M10",Man-at-Arms,Short Sword,Heater Shield,Leather,,False,25,"ABF,Nimble,Serrated,Immune Blocked,confers:Strain,Tempered,Outrider: every,confers:Blocked",700,,False,ABF|Animal Husbandry|Armory|Blacksmith|Caravanery|Carpentry|Cipher Chamber|Coliseum|Conditioning Field|Furnace|Gilded Foundry|Joinery|Master Workshop|Outrider Intercept Post|Stable|Tannery,10,23
"MaA/Cudgel+Javelin/Gothic (TY) [ABFM, (SInd, EProw, NPie, NCun), Florentine, ImmU, Nimble, Serr, Temp]|M10",Man-at-Arms,Cudgel,,Gothic Plate,Javelin,True,25,"ABF,Nimble,Immune Unwieldy,Serrated,Immune Blocked,Parry,Tempered,Florentine",200,,False,ABF|Animal Husbandry|Armory|Blacksmith|Butchery|Carpentry|Coliseum|Conditioning Field|Fletchery|Furnace|Gilded Foundry|Master Workshop|Stable|Tannery|Tiltyard,10,16
"MaA/Flail/FullPlate (DW) [PrI, (EInd, EProw, SPie, NCun), DW, Enduring, Florentine, ImmU, Nimble, Rec 6, Recover 7, Recover 8, Serr, Shake+1, Temp]|M10",Man-at-Arms,Flail,,Full Plate,,True,25,"Enduring,Nimble,Immune Unwieldy,Recover 8,Serrated,Immune Blocked,Recover 7,Resolute,Recover 6,Parry,Tempered,Dual Wield,Shake +1,Florentine",1300,,False,Alchemy|Animal Husbandry|Apothecary|Armory|Blacksmith|Carpentry|Coliseum|Conditioning Field|Fletchery|Furnace|Gilded Foundry|Herb Garden|Hospitaller|Infirmary|Master Workshop|Preceptory|Tannery|Tiltyard,10,22
"MaA/Cudgel+Pilum/Cloth (TY) [ABFM, (SInd, EProw, NPie, NCun), Florentine, ImmU, Nimble, Recover 8, Serr, Temp]|M10",Man-at-Arms,Cudgel,,Cloth,Pilum,True,25,"ABF,Nimble,Immune Unwieldy,Recover 8,Serrated,Immune Blocked,Parry,Tempered,Florentine",700,,False,ABF|Apothecary|Armory|Blacksmith|Carpentry|Coliseum|Conditioning Field|Fletchery|Forge|Furnace|Gilded Foundry|Herb Garden|Master Workshop|Stable|Tannery|Tiltyard,10,16
"MaA/Morningstar+Javelin/Tower/FullPlate (TY) [(EInd, EProw, EPie, RCun), Enduring, Florentine, ImmU, Nimble, Poison, Rec 6, Recover 7, Recover 8, Shake+1, Temp]|M10",Man-at-Arms,Morningstar,Tower Shield,Full Plate,Javelin,True,25,"Enduring,Nimble,Immune Unwieldy,Recover 8,Immune Blocked,Recover 7,Poison,Recover 6,Parry,Tempered,Shake +1,Florentine",1000,,False,Academy|Alchemy|Animal Husbandry|Apothecary|Armory|Blacksmith|Carpentry|Coliseum|Conditioning Field|Fletchery|Forge|Furnace|Gilded Foundry|Herb Garden|Hospitaller|Infirmary|Joinery|Tannery|Tiltyard|Toxicarium,10,21
"MaA/ShortSword+Arquebus/Targe/Gothic (TY) [ABFM, PrI, (SInd, EProw, SPie, NCun), Florentine, ImmU, Nimble, Serr, Shake+1, Temp]|M10",Man-at-Arms,Short Sword,Targe Shield,Gothic Plate,Arquebus,True,25,"ABF,Nimble,Immune Unwieldy,Serrated,Immune Blocked,Resolute,Parry,Tempered,Shake +1,Florentine",200,,False,ABF|Animal Husbandry|Armory|Blacksmith|Butchery|Carpentry|Coliseum|Conditioning Field|Fletchery|Forge|Furnace|Gilded Foundry|Joinery|Master Workshop|Preceptory|Stable|Tannery|Tiltyard,10,26
"MaA/Flail/Kite/Chain [(EInd, RProw, EPie, NCun), Enduring, Nimble, Rec 6, Recover 7, Recover 8, Serr, Shake+1]|M10",Man-at-Arms,Flail,Kite Shield,Chainmail,,False,25,"Enduring,Nimble,Recover 8,Serrated,Immune Blocked,Recover 7,Recover 6,Shake +1",400,,False,Alchemy|Animal Husbandry|Apothecary|Armory|Blacksmith|Butchery|Carpentry|Coliseum|Conditioning Field|Furnace|Herb Garden|Hospitaller|Infirmary|Joinery|Master Workshop|Smokehouse|Stable|Tannery,10,15
"Sgt/FarmTools/Cloth [(NInd, EProw, NPie, NCun), Nimble]|M3",Sergeant,Farm Tools,,Cloth,,False,25,"Immune Blocked,Parry,Nimble",1800,,False,Academy|Conditioning Field|Levy Hall|War College,3,6
"Sgt/Cudgel/Cloth [OuInPoI, (NInd, EProw, NPie, SCun)]|M3",Sergeant,Cudgel,,Cloth,,False,25,"Parry,confers:Blocked,Immune Blocked,Outrider: once,confers:Strain",1800,,False,Academy|Levy Hall|Outrider Intercept Post|War College,3,16
"Sgt/Cudgel/Cloth [(NInd, EProw, NPie, NCun), Nimble]|M3",Sergeant,Cudgel,,Cloth,,False,25,"Immune Blocked,Parry,Nimble",1800,,False,Academy|Conditioning Field|Levy Hall|War College,3,6
"Sgt/Pitchfork/Cloth [(NInd, EProw, NPie, NCun), Nimble]|M3",Sergeant,Pitchfork,,Cloth,,False,25,"Immune Blocked,Parry,Nimble",1800,,False,Academy|Conditioning Field|Levy Hall|War College,3,6
"Sgt/FarmTools/Cloth [(NInd, EProw, NPie, NCun), Nimble]|M4",Sergeant,Farm Tools,,Cloth,,False,25,"Immune Blocked,Parry,Nimble",1800,,False,Academy|Conditioning Field|Levy Hall|Stable|War College,4,6
"Sgt/FarmTools/Buckler/Cloth [RoPaI, (RInd, SProw, NPie, NCun)]|M4",Sergeant,Farm Tools,Buckler Shield,Cloth,,False,25,"Immune Blocked,Parry,Immune Strain",1600,,False,Academy|Carpentry|Joinery|Levy Hall|Royal Pavilion|War College,4,13
"Sgt/FarmTools/Buckler/Cloth [(RInd, EProw, NPie, NCun), Nimble]|M4",Sergeant,Farm Tools,Buckler Shield,Cloth,,False,25,"Immune Blocked,Parry,Nimble",1600,,False,Academy|Carpentry|Conditioning Field|Joinery|Levy Hall|War College,4,9
"Sgt/FarmTools/Buckler/Cloth [OuInPoI, (RInd, EProw, NPie, SCun)]|M4",Sergeant,Farm Tools,Buckler Shield,Cloth,,False,25,"Parry,confers:Blocked,Immune Blocked,Outrider: once,confers:Strain",1600,,False,Academy|Carpentry|Joinery|Levy Hall|Outrider Intercept Post|War College,4,19
"Sgt/FarmTools/Leather [(NInd, EProw, NPie, NCun), Nimble]|M4",Sergeant,Farm Tools,,Leather,,False,25,"Immune Blocked,Parry,Nimble",1600,,False,Academy|Animal Husbandry|Conditioning Field|Levy Hall|Tannery|War College,4,6
"Sgt/Cudgel/Cloth [OuInPoI, (NInd, EProw, NPie, SCun), Poison]|M4",Sergeant,Cudgel,,Cloth,,False,25,"Parry,confers:Blocked,Immune Blocked,Outrider: once,confers:Strain,Poison",1700,,False,Academy|Alchemy|Levy Hall|Outrider Intercept Post|Toxicarium|War College,4,16
"Sgt/Cudgel/Cloth [(NInd, EProw, NPie, NCun), Nimble]|M4",Sergeant,Cudgel,,Cloth,,False,25,"Immune Blocked,Parry,Nimble",1800,,False,Academy|Conditioning Field|Levy Hall|Stable|War College,4,6
"Sgt/Cudgel/Leather [(NInd, EProw, NPie, NCun), Nimble]|M4",Sergeant,Cudgel,,Leather,,False,25,"Immune Blocked,Parry,Nimble",1600,,False,Academy|Animal Husbandry|Conditioning Field|Levy Hall|Tannery|War College,4,6
"Sgt/Pitchfork/Cloth [(NInd, EProw, NPie, RCun), Nimble, Poison]|M4",Sergeant,Pitchfork,,Cloth,,False,25,"Immune Blocked,Parry,Nimble,Poison",1700,,False,Academy|Alchemy|Conditioning Field|Levy Hall|Toxicarium|War College,4,9
"Sgt/Pitchfork/Cloth [(NInd, EProw, NPie, NCun), Nimble]|M4",Sergeant,Pitchfork,,Cloth,,False,25,"Immune Blocked,Parry,Nimble",1800,,False,Academy|Conditioning Field|Levy Hall|Stable|War College,4,6
"Sgt/Pitchfork/Leather [(NInd, EProw, NPie, NCun), Nimble]|M4",Sergeant,Pitchfork,,Leather,,False,25,"Immune Blocked,Parry,Nimble",1600,,False,Academy|Animal Husbandry|Conditioning Field|Levy Hall|Tannery|War College,4,6
"Sgt/Daggers/Cloth [(NInd, EProw, NPie, NCun), Nimble, Parry +1, Riposte]|M4",Sergeant,Daggers,,Cloth,,False,25,"Parry +1,Nimble,Parry,Riposte,Immune Blocked",1800,,False,Academy|Coliseum|Conditioning Field|Furnace|Grand Tournament|Levy Hall|War College,4,6
"Sgt/Daggers/Cloth [(NInd, EProw, NPie, NCun), Nimble]|M4",Sergeant,Daggers,,Cloth,,False,25,"Immune Blocked,Parry,Nimble",1800,,False,Academy|Conditioning Field|Furnace|Levy Hall|War College,4,6
"Sgt/Pike/Cloth [(RInd, EProw, NPie, NCun), Nimble]|M4",Sergeant,Pike,,Cloth,,False,25,"Immune Blocked,Parry,Nimble",1800,,False,Academy|Blacksmith|Conditioning Field|Furnace|Levy Hall|War College,4,9
"Sgt/Halberd/Cloth [(RInd, EProw, NPie, NCun), Nimble, Parry +1, Riposte]|M4",Sergeant,Halberd,,Cloth,,False,25,"Parry +1,Nimble,Parry,Riposte,Immune Blocked",1800,,False,Academy|Blacksmith|Coliseum|Conditioning Field|Furnace|Grand Tournament|Levy Hall|War College,4,9
"Sgt/Halberd/Cloth [(RInd, EProw, NPie, NCun), Nimble]|M4",Sergeant,Halberd,,Cloth,,False,25,"Immune Blocked,Parry,Nimble",1800,,False,Academy|Blacksmith|Conditioning Field|Furnace|Levy Hall|War College,4,9
"Sgt/BattleAxe/Cloth [(RInd, EProw, NPie, NCun), Nimble]|M4",Sergeant,Battle Axe,,Cloth,,False,25,"Immune Blocked,Parry,Nimble",1800,,False,Academy|Blacksmith|Conditioning Field|Furnace|Levy Hall|War College,4,9
"Sgt/2HBastard/Cloth [(EInd, EProw, NPie, NCun), Nimble, Parry +1, Riposte]|M4",Sergeant,2HBastard,,Cloth,,False,25,"Parry +1,Nimble,Parry,Riposte,Immune Blocked",1800,,False,Academy|Blacksmith|Coliseum|Conditioning Field|Forge|Furnace|Grand Tournament|Levy Hall|War College,4,12
"Sgt/2HBastard/Cloth [(EInd, EProw, NPie, NCun), Nimble]|M4",Sergeant,2HBastard,,Cloth,,False,25,"Immune Blocked,Parry,Nimble",1800,,False,Academy|Blacksmith|Conditioning Field|Forge|Furnace|Levy Hall|War College,4,12
"Sgt/WarHammer/Cloth [RoPaI, (EInd, SProw, NPie, NCun)]|M4",Sergeant,War Hammer,,Cloth,,False,25,"Immune Blocked,Parry,Immune Strain",1800,,False,Academy|Blacksmith|Forge|Furnace|Levy Hall|Royal Pavilion|War College,4,16
"Sgt/WarHammer/Cloth [(EInd, EProw, NPie, NCun), Nimble]|M4",Sergeant,War Hammer,,Cloth,,False,25,"Immune Blocked,Parry,Nimble",1800,,False,Academy|Blacksmith|Conditioning Field|Forge|Furnace|Levy Hall|War College,4,12
"Sgt/FarmTools/Cloth [(NInd, EProw, NPie, NCun), Nimble, Recover 8]|M5",Sergeant,Farm Tools,,Cloth,,False,25,"Immune Blocked,Parry,Nimble,Recover 8",1800,,False,Academy|Apothecary|Conditioning Field|Herb Garden|Levy Hall|War College,5,6
"Sgt/FarmTools/Cloth [OuInPoM, (NInd, EProw, NPie, SCun)]|M5",Sergeant,Farm Tools,,Cloth,,False,25,"Parry,confers:Blocked,Outrider: every,Immune Blocked,confers:Strain",1800,,False,Academy|Caravanery|Cipher Chamber|Levy Hall|Outrider Intercept Post|War College,5,16
"Sgt/FarmTools/Buckler/Cloth [RoPaI, (RInd, SProw, NPie, RCun), Poison]|M5",Sergeant,Farm Tools,Buckler Shield,Cloth,,False,25,"Immune Blocked,Parry,Immune Strain,Poison",1500,,False,Academy|Alchemy|Carpentry|Joinery|Levy Hall|Royal Pavilion|Toxicarium|War College,5,16
"Sgt/FarmTools/Buckler/Cloth [(RInd, EProw, NPie, RCun), Nimble, Poison]|M5",Sergeant,Farm Tools,Buckler Shield,Cloth,,False,25,"Immune Blocked,Parry,Nimble,Poison",1500,,False,Academy|Alchemy|Carpentry|Conditioning Field|Joinery|Levy Hall|Toxicarium|War College,5,12
"Sgt/FarmTools/Buckler/Cloth [OuInPoI, (RInd, EProw, NPie, SCun)]|M5",Sergeant,Farm Tools,Buckler Shield,Cloth,,False,25,"Parry,confers:Blocked,Immune Blocked,Outrider: once,confers:Strain",1600,,False,Academy|Carpentry|Joinery|Levy Hall|Outrider Intercept Post|Stable|War College,5,19
"Sgt/FarmTools/Targe/Cloth [(RInd, EProw, NPie, NCun), Nimble]|M5",Sergeant,Farm Tools,Targe Shield,Cloth,,False,25,"Immune Blocked,Parry,Nimble",1600,,False,Academy|Blacksmith|Carpentry|Conditioning Field|Furnace|Joinery|Levy Hall|War College,5,9
"Sgt/FarmTools/Tower/Cloth [MiMiStM, (EInd, SProw, NPie, NCun)]|M5",Sergeant,Farm Tools,Tower Shield,Cloth,,False,25,"Parry +1,Parry,Seize: first,Crit 8,Immune Blocked,MaxInit3,Init +1",1600,,False,Academy|Blacksmith|Carpentry|Forge|Furnace|Joinery|Levy Hall|Ministry of Military Strategy|University|War College,5,16
"Sgt/FarmTools/Tower/Cloth [(EInd, EProw, NPie, NCun), Nimble]|M5",Sergeant,Farm Tools,Tower Shield,Cloth,,False,25,"Immune Blocked,Parry,Nimble",1600,,False,Academy|Blacksmith|Carpentry|Conditioning Field|Forge|Furnace|Joinery|Levy Hall|War College,5,12
"Sgt/FarmTools/Leather [(NInd, EProw, NPie, NCun), Nimble]|M5",Sergeant,Farm Tools,,Leather,,False,25,"Immune Blocked,Parry,Nimble",1600,,False,Academy|Animal Husbandry|Conditioning Field|Levy Hall|Stable|Tannery|War College,5,6
"Sgt/FarmTools/Buckler/Leather [(RInd, EProw, NPie, NCun), Nimble]|M5",Sergeant,Farm Tools,Buckler Shield,Leather,,False,25,"Immune Blocked,Parry,Nimble",1400,,False,Academy|Animal Husbandry|Carpentry|Conditioning Field|Joinery|Levy Hall|Tannery|War College,5,9
"Sgt/FarmTools/Chain [PrI, (RInd, EProw, SPie, NCun), Shake+1]|M5",Sergeant,Farm Tools,,Chainmail,,False,25,"Immune Blocked,Parry,Resolute,Shake +1",1400,,False,Academy|Animal Husbandry|Armory|Blacksmith|Furnace|Levy Hall|Preceptory|Tannery|War College,5,19
"Sgt/FarmTools/Chain [(RInd, EProw, NPie, NCun), Nimble]|M5",Sergeant,Farm Tools,,Chainmail,,False,25,"Immune Blocked,Parry,Nimble",1400,,False,Academy|Animal Husbandry|Armory|Blacksmith|Conditioning Field|Furnace|Levy Hall|Tannery|War College,5,9
"Sgt/FarmTools/FullPlate [(EInd, EProw, NPie, NCun), Nimble, Temp]|M5",Sergeant,Farm Tools,,Full Plate,,False,25,"Immune Blocked,Parry,Nimble,Tempered",1400,,False,Academy|Animal Husbandry|Armory|Blacksmith|Conditioning Field|Furnace|Gilded Foundry|Levy Hall|Tannery|War College,5,12
"Sgt/Cudgel/Cloth [OuInPoI, (NInd, EProw, NPie, SCun), Recover 8]|M5",Sergeant,Cudgel,,Cloth,,False,25,"Parry,Recover 8,confers:Blocked,Immune Blocked,Outrider: once,confers:Strain",1800,,False,Academy|Apothecary|Herb Garden|Levy Hall|Outrider Intercept Post|War College,5,16
"Sgt/Cudgel/Cloth [(NInd, EProw, NPie, NCun), Nimble, Recover 8]|M5",Sergeant,Cudgel,,Cloth,,False,25,"Immune Blocked,Parry,Nimble,Recover 8",1800,,False,Academy|Apothecary|Conditioning Field|Herb Garden|Levy Hall|War College,5,6
"Sgt/Cudgel/Leather [(NInd, EProw, NPie, NCun), Nimble]|M5",Sergeant,Cudgel,,Leather,,False,25,"Immune Blocked,Parry,Nimble",800,,False,Academy|Animal Husbandry|Butchery|Conditioning Field|Levy Hall|Tannery|War College,5,6
"Sgt/Cudgel/Chain [(RInd, EProw, NPie, NCun), Nimble]|M5",Sergeant,Cudgel,,Chainmail,,False,25,"Immune Blocked,Parry,Nimble",1400,,False,Academy|Animal Husbandry|Armory|Blacksmith|Conditioning Field|Furnace|Levy Hall|Tannery|War College,5,9
"Sgt/Cudgel/FullPlate [(EInd, EProw, NPie, NCun), Nimble, Temp]|M5",Sergeant,Cudgel,,Full Plate,,False,25,"Immune Blocked,Parry,Nimble,Tempered",1400,,False,Academy|Animal Husbandry|Armory|Blacksmith|Conditioning Field|Furnace|Gilded Foundry|Levy Hall|Tannery|War College,5,12
"Sgt/Cudgel/FullPlate [MiMiStM, (EInd, SProw, NPie, NCun), Temp]|M5",Sergeant,Cudgel,,Full Plate,,False,25,"Parry +1,Immune Blocked,MaxInit3,Init +1,Parry,Seize: first,Tempered,Crit 8",1400,,False,Academy|Animal Husbandry|Armory|Blacksmith|Furnace|Gilded Foundry|Levy Hall|Ministry of Military Strategy|Tannery|University|War College,5,16
"Sgt/Pitchfork/Cloth [(NInd, EProw, NPie, NCun), Nimble, Recover 8]|M5",Sergeant,Pitchfork,,Cloth,,False,25,"Immune Blocked,Parry,Nimble,Recover 8",1800,,False,Academy|Apothecary|Conditioning Field|Herb Garden|Levy Hall|War College,5,6
"Sgt/Pitchfork/Leather [(NInd, EProw, NPie, NCun), Nimble]|M5",Sergeant,Pitchfork,,Leather,,False,25,"Immune Blocked,Parry,Nimble",800,,False,Academy|Animal Husbandry|Butchery|Conditioning Field|Levy Hall|Tannery|War College,5,6
"Sgt/Pitchfork/Leather [(NInd, EProw, NPie, RCun), Nimble, Poison]|M5",Sergeant,Pitchfork,,Leather,,False,25,"Immune Blocked,Parry,Nimble,Poison",1500,,False,Academy|Alchemy|Animal Husbandry|Conditioning Field|Levy Hall|Tannery|Toxicarium|War College,5,9
"Sgt/Pitchfork/Chain [(RInd, EProw, NPie, NCun), Nimble]|M5",Sergeant,Pitchfork,,Chainmail,,False,25,"Immune Blocked,Parry,Nimble",1400,,False,Academy|Animal Husbandry|Armory|Blacksmith|Conditioning Field|Furnace|Levy Hall|Tannery|War College,5,9
"Sgt/Pitchfork/Chain [OuInPoI, (RInd, EProw, NPie, SCun)]|M5",Sergeant,Pitchfork,,Chainmail,,False,25,"Parry,confers:Blocked,Immune Blocked,Outrider: once,confers:Strain",1400,,False,Academy|Animal Husbandry|Armory|Blacksmith|Furnace|Levy Hall|Outrider Intercept Post|Tannery|War College,5,19
"Sgt/Pitchfork/FullPlate [MiMiStM, (EInd, SProw, NPie, NCun), Temp]|M5",Sergeant,Pitchfork,,Full Plate,,False,25,"Parry +1,Immune Blocked,MaxInit3,Init +1,Parry,Seize: first,Tempered,Crit 8",1400,,False,Academy|Animal Husbandry|Armory|Blacksmith|Furnace|Gilded Foundry|Levy Hall|Ministry of Military Strategy|Tannery|University|War College,5,16
"Sgt/Pitchfork/FullPlate [(EInd, EProw, NPie, NCun), Nimble, Temp]|M5",Sergeant,Pitchfork,,Full Plate,,False,25,"Immune Blocked,Parry,Nimble,Tempered",1400,,False,Academy|Animal Husbandry|Armory|Blacksmith|Conditioning Field|Furnace|Gilded Foundry|Levy Hall|Tannery|War College,5,12
"Sgt/Pitchfork/FullPlate [(EInd, EProw, NPie, NCun), Nimble, Parry +1, Riposte, Temp]|M5",Sergeant,Pitchfork,,Full Plate,,False,25,"Parry +1,Nimble,Parry,Tempered,Riposte,Immune Blocked",1400,,False,Academy|Animal Husbandry|Armory|Blacksmith|Coliseum|Conditioning Field|Furnace|Gilded Foundry|Grand Tournament|Levy Hall|Tannery|War College,5,12
"Sgt/Daggers/Cloth [(EInd, EProw, NPie, NCun), Nimble, Parry +1, Riposte, Serr]|M5",Sergeant,Daggers,,Cloth,,False,25,"Parry +1,Nimble,Parry,Serrated,Riposte,Immune Blocked",1600,,False,Academy|Blacksmith|Coliseum|Conditioning Field|Furnace|Grand Tournament|Levy Hall|Master Workshop|War College,5,12
"Sgt/Daggers/Cloth [(EInd, EProw, NPie, NCun), Nimble, Serr]|M5",Sergeant,Daggers,,Cloth,,False,25,"Immune Blocked,Parry,Nimble,Serrated",1600,,False,Academy|Blacksmith|Conditioning Field|Furnace|Levy Hall|Master Workshop|War College,5,12
"Sgt/Daggers/Cloth [(NInd, EProw, NPie, NCun), Nimble]|M5",Sergeant,Daggers,,Cloth,,False,25,"Immune Blocked,Parry,Nimble",1800,,False,Academy|Conditioning Field|Furnace|Levy Hall|Stable|War College,5,6
"Sgt/Daggers/Leather [MiMiStM, (NInd, SProw, NPie, NCun)]|M5",Sergeant,Daggers,,Leather,,False,25,"Parry +1,Parry,Seize: first,Crit 8,Immune Blocked,MaxInit3,Init +1",1600,,False,Academy|Animal Husbandry|Furnace|Levy Hall|Ministry of Military Strategy|Tannery|University|War College,5,10
"Sgt/Daggers/Chain [OuInPoI, (RInd, EProw, NPie, SCun)]|M5",Sergeant,Daggers,,Chainmail,,False,25,"Parry,confers:Blocked,Immune Blocked,Outrider: once,confers:Strain",1400,,False,Academy|Animal Husbandry|Armory|Blacksmith|Furnace|Levy Hall|Outrider Intercept Post|Tannery|War College,5,19
"Sgt/Daggers/Chain [(RInd, EProw, NPie, NCun), Nimble]|M5",Sergeant,Daggers,,Chainmail,,False,25,"Immune Blocked,Parry,Nimble",1400,,False,Academy|Animal Husbandry|Armory|Blacksmith|Conditioning Field|Furnace|Levy Hall|Tannery|War College,5,9
"Sgt/Daggers/FullPlate [(EInd, EProw, NPie, NCun), Nimble, Temp]|M5",Sergeant,Daggers,,Full Plate,,False,25,"Immune Blocked,Parry,Nimble,Tempered",1400,,False,Academy|Animal Husbandry|Armory|Blacksmith|Conditioning Field|Furnace|Gilded Foundry|Levy Hall|Tannery|War College,5,12
"Sgt/Daggers/FullPlate [(EInd, EProw, NPie, NCun), Nimble, Parry +1, Riposte, Temp]|M5",Sergeant,Daggers,,Full Plate,,False,25,"Parry +1,Nimble,Parry,Tempered,Riposte,Immune Blocked",1400,,False,Academy|Animal Husbandry|Armory|Blacksmith|Coliseum|Conditioning Field|Furnace|Gilded Foundry|Grand Tournament|Levy Hall|Tannery|War College,5,12
"Sgt/ShortSword/Targe/Cloth [(RInd, EProw, NPie, NCun), Nimble]|M5",Sergeant,Short Sword,Targe Shield,Cloth,,False,25,"Immune Blocked,Parry,Nimble",1600,,False,Academy|Blacksmith|Carpentry|Conditioning Field|Furnace|Joinery|Levy Hall|War College,5,9
"Sgt/ShortSword/Tower/Cloth [MiMiStI, (EInd, SProw, NPie, NCun)]|M5",Sergeant,Short Sword,Tower Shield,Cloth,,False,25,"Parry,Seize: first,Init +1,Immune Blocked,MaxInit3",1600,,False,Academy|Blacksmith|Carpentry|Forge|Furnace|Joinery|Levy Hall|Ministry of Military Strategy|War College,5,16
"Sgt/ShortSword/Tower/Cloth [RoPaI, (EInd, SProw, NPie, NCun)]|M5",Sergeant,Short Sword,Tower Shield,Cloth,,False,25,"Immune Blocked,Parry,Immune Strain",1600,,False,Academy|Blacksmith|Carpentry|Forge|Furnace|Joinery|Levy Hall|Royal Pavilion|War College,5,16
"Sgt/ShortSword/Tower/Cloth [(EInd, EProw, NPie, NCun), Nimble]|M5",Sergeant,Short Sword,Tower Shield,Cloth,,False,25,"Immune Blocked,Parry,Nimble",1600,,False,Academy|Blacksmith|Carpentry|Conditioning Field|Forge|Furnace|Joinery|Levy Hall|War College,5,12
"Sgt/Spears/Targe/Cloth [(RInd, EProw, NPie, NCun), Nimble]|M5",Sergeant,Spears,Targe Shield,Cloth,,False,25,"Immune Blocked,Parry,Nimble",1600,,False,Academy|Blacksmith|Carpentry|Conditioning Field|Furnace|Joinery|Levy Hall|War College,5,9
"Sgt/Spears/Targe/Cloth [PrI, (RInd, EProw, SPie, NCun), Shake+1]|M5",Sergeant,Spears,Targe Shield,Cloth,,False,25,"Immune Blocked,Parry,Resolute,Shake +1",1600,,False,Academy|Blacksmith|Carpentry|Furnace|Joinery|Levy Hall|Preceptory|War College,5,19
"Sgt/Spears/Tower/Cloth [(EInd, EProw, NPie, NCun), Nimble]|M5",Sergeant,Spears,Tower Shield,Cloth,,False,25,"Immune Blocked,Parry,Nimble",1600,,False,Academy|Blacksmith|Carpentry|Conditioning Field|Forge|Furnace|Joinery|Levy Hall|War College,5,12
"Sgt/Spears/Tower/Cloth [(EInd, EProw, NPie, NCun), Nimble, Parry +1, Riposte]|M5",Sergeant,Spears,Tower Shield,Cloth,,False,25,"Parry +1,Nimble,Parry,Riposte,Immune Blocked",1600,,False,Academy|Blacksmith|Carpentry|Coliseum|Conditioning Field|Forge|Furnace|Grand Tournament|Joinery|Levy Hall|War College,5,12
"Sgt/Arming/Tower/Cloth [(EInd, EProw, NPie, NCun), Nimble]|M5",Sergeant,Arming Sword,Tower Shield,Cloth,,False,25,"Immune Blocked,Parry,Nimble",1600,,False,Academy|Blacksmith|Carpentry|Conditioning Field|Forge|Furnace|Joinery|Levy Hall|War College,5,12
"Sgt/Pike/Cloth [(EInd, EProw, NPie, NCun), Nimble, Serr]|M5",Sergeant,Pike,,Cloth,,False,25,"Immune Blocked,Parry,Nimble,Serrated",1600,,False,Academy|Blacksmith|Conditioning Field|Furnace|Levy Hall|Master Workshop|War College,5,12
"Sgt/Pike/Cloth [(RInd, EProw, NPie, RCun), Nimble, Poison]|M5",Sergeant,Pike,,Cloth,,False,25,"Immune Blocked,Parry,Nimble,Poison",1700,,False,Academy|Alchemy|Blacksmith|Conditioning Field|Furnace|Levy Hall|Toxicarium|War College,5,12
"Sgt/Pike/Cloth [(RInd, EProw, NPie, NCun), Nimble]|M5",Sergeant,Pike,,Cloth,,False,25,"Immune Blocked,Parry,Nimble",1800,,False,Academy|Blacksmith|Conditioning Field|Furnace|Levy Hall|Stable|War College,5,9
"Sgt/Pike/Leather [(RInd, EProw, NPie, NCun), Nimble]|M5",Sergeant,Pike,,Leather,,False,25,"Immune Blocked,Parry,Nimble",1600,,False,Academy|Animal Husbandry|Blacksmith|Conditioning Field|Furnace|Levy Hall|Tannery|War College,5,9
"Sgt/Pike/Chain [(RInd, EProw, NPie, NCun), Nimble]|M5",Sergeant,Pike,,Chainmail,,False,25,"Immune Blocked,Parry,Nimble",1400,,False,Academy|Animal Husbandry|Armory|Blacksmith|Conditioning Field|Furnace|Levy Hall|Tannery|War College,5,9
"Sgt/Pike/FullPlate [(EInd, EProw, NPie, NCun), Nimble, Temp]|M5",Sergeant,Pike,,Full Plate,,False,25,"Immune Blocked,Parry,Nimble,Tempered",1400,,False,Academy|Animal Husbandry|Armory|Blacksmith|Conditioning Field|Furnace|Gilded Foundry|Levy Hall|Tannery|War College,5,12
"Sgt/Flail/Tower/Cloth [(EInd, EProw, NPie, NCun), Nimble]|M5",Sergeant,Flail,Tower Shield,Cloth,,False,25,"Immune Blocked,Parry,Nimble",1600,,False,Academy|Blacksmith|Carpentry|Conditioning Field|Forge|Furnace|Joinery|Levy Hall|War College,5,12
"Sgt/Flail/Tower/Cloth [(EInd, EProw, NPie, NCun), Nimble, Parry +1, Riposte]|M5",Sergeant,Flail,Tower Shield,Cloth,,False,25,"Parry +1,Nimble,Parry,Riposte,Immune Blocked",1600,,False,Academy|Blacksmith|Carpentry|Coliseum|Conditioning Field|Forge|Furnace|Grand Tournament|Joinery|Levy Hall|War College,5,12
"Sgt/Flail/Tower/Cloth [RoPaI, (EInd, SProw, NPie, NCun)]|M5",Sergeant,Flail,Tower Shield,Cloth,,False,25,"Immune Blocked,Parry,Immune Strain",1600,,False,Academy|Blacksmith|Carpentry|Forge|Furnace|Joinery|Levy Hall|Royal Pavilion|War College,5,16
"Sgt/Halberd/Cloth [(EInd, EProw, NPie, NCun), Nimble, Parry +1, Riposte, Serr]|M5",Sergeant,Halberd,,Cloth,,False,25,"Parry +1,Nimble,Parry,Serrated,Riposte,Immune Blocked",1600,,False,Academy|Blacksmith|Coliseum|Conditioning Field|Furnace|Grand Tournament|Levy Hall|Master Workshop|War College,5,12
"Sgt/Halberd/Cloth [(EInd, EProw, NPie, NCun), Nimble, Serr]|M5",Sergeant,Halberd,,Cloth,,False,25,"Immune Blocked,Parry,Nimble,Serrated",1600,,False,Academy|Blacksmith|Conditioning Field|Furnace|Levy Hall|Master Workshop|War College,5,12
"Sgt/Halberd/Leather [MiMiStI, (RInd, SProw, NPie, NCun)]|M5",Sergeant,Halberd,,Leather,,False,25,"Parry,Seize: first,Init +1,Immune Blocked,MaxInit3",1600,,False,Academy|Animal Husbandry|Blacksmith|Furnace|Levy Hall|Ministry of Military Strategy|Tannery|War College,5,13
"Sgt/Halberd/Leather [OuInPoI, (RInd, EProw, NPie, SCun)]|M5",Sergeant,Halberd,,Leather,,False,25,"Parry,confers:Blocked,Immune Blocked,Outrider: once,confers:Strain",1600,,False,Academy|Animal Husbandry|Blacksmith|Furnace|Levy Hall|Outrider Intercept Post|Tannery|War College,5,19
"Sgt/Halberd/Leather [(RInd, EProw, NPie, NCun), Nimble]|M5",Sergeant,Halberd,,Leather,,False,25,"Immune Blocked,Parry,Nimble",1600,,False,Academy|Animal Husbandry|Blacksmith|Conditioning Field|Furnace|Levy Hall|Tannery|War College,5,9
"Sgt/Halberd/Chain [MiMiStM, (RInd, SProw, NPie, NCun)]|M5",Sergeant,Halberd,,Chainmail,,False,25,"Parry +1,Parry,Seize: first,Crit 8,Immune Blocked,MaxInit3,Init +1",1400,,False,Academy|Animal Husbandry|Armory|Blacksmith|Furnace|Levy Hall|Ministry of Military Strategy|Tannery|University|War College,5,13
"Sgt/Halberd/Chain [OuInPoI, (RInd, EProw, NPie, SCun)]|M5",Sergeant,Halberd,,Chainmail,,False,25,"Parry,confers:Blocked,Immune Blocked,Outrider: once,confers:Strain",1400,,False,Academy|Animal Husbandry|Armory|Blacksmith|Furnace|Levy Hall|Outrider Intercept Post|Tannery|War College,5,19
"Sgt/Halberd/Chain [(RInd, EProw, NPie, NCun), Nimble]|M5",Sergeant,Halberd,,Chainmail,,False,25,"Immune Blocked,Parry,Nimble",1400,,False,Academy|Animal Husbandry|Armory|Blacksmith|Conditioning Field|Furnace|Levy Hall|Tannery|War College,5,9
"Sgt/Halberd/FullPlate [MiMiStM, (EInd, SProw, NPie, NCun), Temp]|M5",Sergeant,Halberd,,Full Plate,,False,25,"Parry +1,Immune Blocked,MaxInit3,Init +1,Parry,Seize: first,Tempered,Crit 8",1400,,False,Academy|Animal Husbandry|Armory|Blacksmith|Furnace|Gilded Foundry|Levy Hall|Ministry of Military Strategy|Tannery|University|War College,5,16
"Sgt/Halberd/FullPlate [(EInd, EProw, NPie, NCun), Nimble, Temp]|M5",Sergeant,Halberd,,Full Plate,,False,25,"Immune Blocked,Parry,Nimble,Tempered",1400,,False,Academy|Animal Husbandry|Armory|Blacksmith|Conditioning Field|Furnace|Gilded Foundry|Levy Hall|Tannery|War College,5,12
"Sgt/BattleAxe/Cloth [(RInd, EProw, NPie, NCun), Nimble]|M5",Sergeant,Battle Axe,,Cloth,,False,25,"Immune Blocked,Parry,Nimble",1800,,False,Academy|Blacksmith|Conditioning Field|Furnace|Levy Hall|Stable|War College,5,9
"Sgt/BattleAxe/Cloth [(RInd, EProw, NPie, RCun), Nimble, Poison]|M5",Sergeant,Battle Axe,,Cloth,,False,25,"Immune Blocked,Parry,Nimble,Poison",1700,,False,Academy|Alchemy|Blacksmith|Conditioning Field|Furnace|Levy Hall|Toxicarium|War College,5,12
"Sgt/BattleAxe/Leather [(RInd, EProw, NPie, NCun), Nimble]|M5",Sergeant,Battle Axe,,Leather,,False,25,"Immune Blocked,Parry,Nimble",1600,,False,Academy|Animal Husbandry|Blacksmith|Conditioning Field|Furnace|Levy Hall|Tannery|War College,5,9
"Sgt/BattleAxe/Chain [MiMiStM, (RInd, SProw, NPie, NCun)]|M5",Sergeant,Battle Axe,,Chainmail,,False,25,"Parry +1,Parry,Seize: first,Crit 8,Immune Blocked,MaxInit3,Init +1",1400,,False,Academy|Animal Husbandry|Armory|Blacksmith|Furnace|Levy Hall|Ministry of Military Strategy|Tannery|University|War College,5,13
"Sgt/BattleAxe/Chain [(RInd, EProw, NPie, NCun), Nimble]|M5",Sergeant,Battle Axe,,Chainmail,,False,25,"Immune Blocked,Parry,Nimble",1400,,False,Academy|Animal Husbandry|Armory|Blacksmith|Conditioning Field|Furnace|Levy Hall|Tannery|War College,5,9
"Sgt/BattleAxe/FullPlate [(EInd, EProw, NPie, NCun), Nimble, Temp]|M5",Sergeant,Battle Axe,,Full Plate,,False,25,"Immune Blocked,Parry,Nimble,Tempered",1400,,False,Academy|Animal Husbandry|Armory|Blacksmith|Conditioning Field|Furnace|Gilded Foundry|Levy Hall|Tannery|War College,5,12
"Sgt/Cavalry Spear/Buckler/Cloth [(RInd, EProw, NPie, NCun), Nimble]|M5",Sergeant,Cavalry Spear,Buckler Shield,Cloth,,False,25,"Immune Blocked,Parry,Nimble",1600,,False,Academy|Blacksmith|Carpentry|Conditioning Field|Furnace|Joinery|Levy Hall|War College,5,9
"Sgt/Cavalry Spear/Targe/Cloth [(RInd, EProw, NPie, NCun), Nimble]|M5",Sergeant,Cavalry Spear,Targe Shield,Cloth,,False,25,"Immune Blocked,Parry,Nimble",1600,,False,Academy|Blacksmith|Carpentry|Conditioning Field|Furnace|Joinery|Levy Hall|War College,5,9
"Sgt/Morningstar/Tower/Cloth [(EInd, EProw, NPie, NCun), Nimble]|M5",Sergeant,Morningstar,Tower Shield,Cloth,,False,25,"Immune Blocked,Parry,Nimble",1600,,False,Academy|Blacksmith|Carpentry|Conditioning Field|Forge|Furnace|Joinery|Levy Hall|War College,5,12
"Sgt/Bastard/Tower/Cloth [(EInd, EProw, NPie, NCun), Nimble]|M5",Sergeant,Bastard Sword,Tower Shield,Cloth,,False,25,"Immune Blocked,Parry,Nimble",1600,,False,Academy|Blacksmith|Carpentry|Conditioning Field|Forge|Furnace|Joinery|Levy Hall|War College,5,12
"Sgt/2HBastard/Cloth [(EInd, EProw, NPie, RCun), Nimble, Parry +1, Poison, Riposte]|M5",Sergeant,2HBastard,,Cloth,,False,25,"Parry +1,Nimble,Parry,Riposte,Immune Blocked,Poison",1700,,False,Academy|Alchemy|Blacksmith|Coliseum|Conditioning Field|Forge|Furnace|Grand Tournament|Levy Hall|Toxicarium|War College,5,15
"Sgt/2HBastard/Cloth [(EInd, EProw, NPie, NCun), Nimble]|M5",Sergeant,2HBastard,,Cloth,,False,25,"Immune Blocked,Parry,Nimble",1800,,False,Academy|Blacksmith|Conditioning Field|Forge|Furnace|Levy Hall|Stable|War College,5,12
"Sgt/2HBastard/Cloth [(EInd, EProw, NPie, RCun), Nimble, Poison]|M5",Sergeant,2HBastard,,Cloth,,False,25,"Immune Blocked,Parry,Nimble,Poison",1700,,False,Academy|Alchemy|Blacksmith|Conditioning Field|Forge|Furnace|Levy Hall|Toxicarium|War College,5,15
"Sgt/2HBastard/Leather [(EInd, EProw, NPie, NCun), Nimble, Parry +1, Riposte]|M5",Sergeant,2HBastard,,Leather,,False,25,"Parry +1,Nimble,Parry,Riposte,Immune Blocked",1600,,False,Academy|Animal Husbandry|Blacksmith|Coliseum|Conditioning Field|Forge|Furnace|Grand Tournament|Levy Hall|Tannery|War College,5,12
"Sgt/2HBastard/Leather [(EInd, EProw, NPie, NCun), Nimble]|M5",Sergeant,2HBastard,,Leather,,False,25,"Immune Blocked,Parry,Nimble",1600,,False,Academy|Animal Husbandry|Blacksmith|Conditioning Field|Forge|Furnace|Levy Hall|Tannery|War College,5,12
"Sgt/2HBastard/Chain [(EInd, EProw, NPie, NCun), Nimble]|M5",Sergeant,2HBastard,,Chainmail,,False,25,"Immune Blocked,Parry,Nimble",1400,,False,Academy|Animal Husbandry|Armory|Blacksmith|Conditioning Field|Forge|Furnace|Levy Hall|Tannery|War College,5,12
"Sgt/2HBastard/Chain [(EInd, EProw, NPie, NCun), Nimble, Parry +1, Riposte]|M5",Sergeant,2HBastard,,Chainmail,,False,25,"Parry +1,Nimble,Parry,Riposte,Immune Blocked",1400,,False,Academy|Animal Husbandry|Armory|Blacksmith|Coliseum|Conditioning Field|Forge|Furnace|Grand Tournament|Levy Hall|Tannery|War College,5,12
"Sgt/2HBastard/FullPlate [(EInd, EProw, NPie, NCun), Nimble, Temp]|M5",Sergeant,2HBastard,,Full Plate,,False,25,"Immune Blocked,Parry,Nimble,Tempered",1400,,False,Academy|Animal Husbandry|Armory|Blacksmith|Conditioning Field|Forge|Furnace|Gilded Foundry|Levy Hall|Tannery|War College,5,12
"Sgt/WarHammer/Cloth [RoPaI, (EInd, SProw, NPie, RCun), Poison]|M5",Sergeant,War Hammer,,Cloth,,False,25,"Immune Blocked,Parry,Immune Strain,Poison",1700,,False,Academy|Alchemy|Blacksmith|Forge|Furnace|Levy Hall|Royal Pavilion|Toxicarium|War College,5,19
"Sgt/WarHammer/Cloth [(EInd, EProw, NPie, NCun), Nimble]|M5",Sergeant,War Hammer,,Cloth,,False,25,"Immune Blocked,Parry,Nimble",1800,,False,Academy|Blacksmith|Conditioning Field|Forge|Furnace|Levy Hall|Stable|War College,5,12
"Sgt/WarHammer/Leather [(EInd, EProw, NPie, NCun), Nimble]|M5",Sergeant,War Hammer,,Leather,,False,25,"Immune Blocked,Parry,Nimble",1600,,False,Academy|Animal Husbandry|Blacksmith|Conditioning Field|Forge|Furnace|Levy Hall|Tannery|War College,5,12
"Sgt/WarHammer/Chain [(EInd, EProw, NPie, NCun), Nimble]|M5",Sergeant,War Hammer,,Chainmail,,False,25,"Immune Blocked,Parry,Nimble",1400,,False,Academy|Animal Husbandry|Armory|Blacksmith|Conditioning Field|Forge|Furnace|Levy Hall|Tannery|War College,5,12
"Sgt/WarHammer/FullPlate [(EInd, EProw, NPie, NCun), Nimble, Temp]|M5",Sergeant,War Hammer,,Full Plate,,False,25,"Immune Blocked,Parry,Nimble,Tempered",1400,,False,Academy|Animal Husbandry|Armory|Blacksmith|Conditioning Field|Forge|Furnace|Gilded Foundry|Levy Hall|Tannery|War College,5,12
"Sgt/Lance/Buckler/Cloth [(EInd, EProw, NPie, NCun), Nimble]|M5",Sergeant,Lance,Buckler Shield,Cloth,,False,25,"Immune Blocked,Parry,Nimble",1600,,False,Academy|Blacksmith|Carpentry|Conditioning Field|Forge|Furnace|Joinery|Levy Hall|War College,5,12
"Sgt/Lance/Targe/Cloth [(EInd, EProw, NPie, NCun), Nimble]|M5",Sergeant,Lance,Targe Shield,Cloth,,False,25,"Immune Blocked,Parry,Nimble",1600,,False,Academy|Blacksmith|Carpentry|Conditioning Field|Forge|Furnace|Joinery|Levy Hall|War College,5,12
"Sgt/FarmTools/Tower/Chain [(EInd, EProw, NPie, NCun), Nimble]|M6",Sergeant,Farm Tools,Tower Shield,Chainmail,,False,25,"Immune Blocked,Parry,Nimble",1200,,False,Academy|Animal Husbandry|Armory|Blacksmith|Carpentry|Conditioning Field|Forge|Furnace|Joinery|Levy Hall|Tannery|War College,6,12
"Sgt/BattleAxe/Cloth [(RInd, EProw, NPie, NCun), Nimble, Recover 8]|M6",Sergeant,Battle Axe,,Cloth,,False,25,"Immune Blocked,Parry,Nimble,Recover 8",1800,,False,Academy|Apothecary|Blacksmith|Conditioning Field|Furnace|Herb Garden|Levy Hall|War College,6,9
"Sgt/Arming/Tower/Cloth [(EInd, EProw, NPie, NCun), Nimble, Serr]|M6",Sergeant,Arming Sword,Tower Shield,Cloth,,False,25,"Immune Blocked,Parry,Nimble,Serrated",1400,,False,Academy|Blacksmith|Carpentry|Conditioning Field|Forge|Furnace|Joinery|Levy Hall|Master Workshop|War College,6,12
"Sgt/Lance/Buckler/Chain [(EInd, EProw, NPie, NCun), Nimble, Parry +1, Riposte]|M6",Sergeant,Lance,Buckler Shield,Chainmail,,False,25,"Parry +1,Nimble,Parry,Riposte,Immune Blocked",1200,,False,Academy|Animal Husbandry|Armory|Blacksmith|Carpentry|Coliseum|Conditioning Field|Forge|Furnace|Grand Tournament|Joinery|Levy Hall|Tannery|War College,6,12
"Sgt/Pitchfork/FullPlate [MiMiStM, (EInd, SProw, NPie, NCun), Temp]|M6",Sergeant,Pitchfork,,Full Plate,,False,25,"Parry +1,Immune Blocked,MaxInit3,Init +1,Parry,Seize: first,Tempered,Crit 8",1400,,False,Academy|Animal Husbandry|Armory|Blacksmith|Furnace|Gilded Foundry|Levy Hall|Ministry of Military Strategy|Stable|Tannery|University|War College,6,16
"Sgt/Flail/Kite/Chain [RoPaI, (RInd, SProw, NPie, NCun)]|M6",Sergeant,Flail,Kite Shield,Chainmail,,False,25,"Immune Blocked,Parry,Immune Strain",1200,,False,Academy|Animal Husbandry|Armory|Blacksmith|Carpentry|Furnace|Joinery|Levy Hall|Royal Pavilion|Tannery|War College,6,13
"Sgt/Cavalry Spear/Buckler/Cloth [(RInd, EProw, NPie, RCun), Nimble, Poison]|M6",Sergeant,Cavalry Spear,Buckler Shield,Cloth,,False,25,"Immune Blocked,Parry,Nimble,Poison",1500,,False,Academy|Alchemy|Blacksmith|Carpentry|Conditioning Field|Furnace|Joinery|Levy Hall|Toxicarium|War College,6,12
"Sgt/Cavalry Spear/Targe/Chain [(RInd, EProw, NPie, NCun), Nimble]|M6",Sergeant,Cavalry Spear,Targe Shield,Chainmail,,False,25,"Immune Blocked,Parry,Nimble",1200,,False,Academy|Animal Husbandry|Armory|Blacksmith|Carpentry|Conditioning Field|Furnace|Joinery|Levy Hall|Tannery|War College,6,9
"Sgt/FarmTools/Kite/Chain [(RInd, EProw, NPie, NCun), Nimble]|M6",Sergeant,Farm Tools,Kite Shield,Chainmail,,False,25,"Immune Blocked,Parry,Nimble",1200,,False,Academy|Animal Husbandry|Armory|Blacksmith|Carpentry|Conditioning Field|Furnace|Joinery|Levy Hall|Tannery|War College,6,9
"Sgt/Daggers/FullPlate [(EInd, EProw, NPie, NCun), Nimble, Parry +1, Riposte, Temp]|M6",Sergeant,Daggers,,Full Plate,,False,25,"Parry +1,Nimble,Parry,Tempered,Riposte,Immune Blocked",600,,False,Academy|Animal Husbandry|Armory|Blacksmith|Butchery|Coliseum|Conditioning Field|Furnace|Gilded Foundry|Grand Tournament|Levy Hall|Tannery|War College,6,12
"Sgt/FarmTools/Leather [OuInPoM, (NInd, EProw, NPie, SCun)]|M6",Sergeant,Farm Tools,,Leather,,False,25,"Parry,confers:Blocked,Outrider: every,Immune Blocked,confers:Strain",1600,,False,Academy|Animal Husbandry|Caravanery|Cipher Chamber|Levy Hall|Outrider Intercept Post|Tannery|War College,6,16
"Sgt/ShortSword/Targe/Cloth [(RInd, EProw, NPie, RCun), Nimble, Poison]|M6",Sergeant,Short Sword,Targe Shield,Cloth,,False,25,"Immune Blocked,Parry,Nimble,Poison",1500,,False,Academy|Alchemy|Blacksmith|Carpentry|Conditioning Field|Furnace|Joinery|Levy Hall|Toxicarium|War College,6,12
"Sgt/Spears/Targe/FullPlate [OuInPoI, (EInd, EProw, NPie, SCun), Temp]|M6",Sergeant,Spears,Targe Shield,Full Plate,,False,25,"Parry,Tempered,confers:Blocked,Immune Blocked,Outrider: once,confers:Strain",1200,,False,Academy|Animal Husbandry|Armory|Blacksmith|Carpentry|Furnace|Gilded Foundry|Joinery|Levy Hall|Outrider Intercept Post|Tannery|War College,6,22
"Sgt/Lance/Targe/Chain [(EInd, EProw, NPie, NCun), Nimble]|M6",Sergeant,Lance,Targe Shield,Chainmail,,False,25,"Immune Blocked,Parry,Nimble",1200,,False,Academy|Animal Husbandry|Armory|Blacksmith|Carpentry|Conditioning Field|Forge|Furnace|Joinery|Levy Hall|Tannery|War College,6,12
"Sgt/WarHammer/Leather [(EInd, EProw, NPie, NCun), Nimble, Serr]|M6",Sergeant,War Hammer,,Leather,,False,25,"Immune Blocked,Parry,Nimble,Serrated",1400,,False,Academy|Animal Husbandry|Blacksmith|Conditioning Field|Forge|Furnace|Levy Hall|Master Workshop|Tannery|War College,6,12
"Sgt/Flail/Tower/Chain [(EInd, EProw, NPie, NCun), Nimble]|M6",Sergeant,Flail,Tower Shield,Chainmail,,False,25,"Immune Blocked,Parry,Nimble",1200,,False,Academy|Animal Husbandry|Armory|Blacksmith|Carpentry|Conditioning Field|Forge|Furnace|Joinery|Levy Hall|Tannery|War College,6,12
"Sgt/Cavalry Spear/Buckler/Chain [(RInd, EProw, NPie, NCun), Nimble]|M6",Sergeant,Cavalry Spear,Buckler Shield,Chainmail,,False,25,"Immune Blocked,Parry,Nimble",1200,,False,Academy|Animal Husbandry|Armory|Blacksmith|Carpentry|Conditioning Field|Furnace|Joinery|Levy Hall|Tannery|War College,6,9
"Sgt/Cavalry Spear/Kite/FullPlate [(EInd, EProw, NPie, NCun), Nimble, Temp]|M6",Sergeant,Cavalry Spear,Kite Shield,Full Plate,,False,25,"Immune Blocked,Parry,Nimble,Tempered",1200,,False,Academy|Animal Husbandry|Armory|Blacksmith|Carpentry|Conditioning Field|Furnace|Gilded Foundry|Joinery|Levy Hall|Tannery|War College,6,12
"Sgt/WarHammer/Leather [(EInd, EProw, NPie, RCun), Nimble, Poison]|M6",Sergeant,War Hammer,,Leather,,False,25,"Immune Blocked,Parry,Nimble,Poison",1500,,False,Academy|Alchemy|Animal Husbandry|Blacksmith|Conditioning Field|Forge|Furnace|Levy Hall|Tannery|Toxicarium|War College,6,15
"Sgt/Lance/Buckler/Cloth [(EInd, EProw, NPie, NCun), Nimble]|M6",Sergeant,Lance,Buckler Shield,Cloth,,False,25,"Immune Blocked,Parry,Nimble",1600,,False,Academy|Blacksmith|Carpentry|Conditioning Field|Forge|Furnace|Joinery|Levy Hall|Stable|War College,6,12
"Sgt/ShortSword/Kite/Leather [(RInd, EProw, NPie, NCun), Nimble]|M6",Sergeant,Short Sword,Kite Shield,Leather,,False,25,"Immune Blocked,Parry,Nimble",1200,,False,Academy|Animal Husbandry|Armory|Blacksmith|Carpentry|Conditioning Field|Furnace|Joinery|Levy Hall|Tannery|War College,6,9
"Sgt/Cavalry Spear/Kite/Cloth [MiMiStI, (RInd, SProw, NPie, NCun)]|M6",Sergeant,Cavalry Spear,Kite Shield,Cloth,,False,25,"Parry,Seize: first,Init +1,Immune Blocked,MaxInit3",1200,,False,Academy|Armory|Blacksmith|Carpentry|Furnace|Joinery|Levy Hall|Ministry of Military Strategy|Tannery|War College,6,13
"Sgt/Spears/Kite/Chain [(RInd, EProw, NPie, NCun), Nimble]|M6",Sergeant,Spears,Kite Shield,Chainmail,,False,25,"Immune Blocked,Parry,Nimble",1200,,False,Academy|Animal Husbandry|Armory|Blacksmith|Carpentry|Conditioning Field|Furnace|Joinery|Levy Hall|Tannery|War College,6,9
"Sgt/2HBastard/Cloth [(EInd, EProw, NPie, NCun), Nimble, Recover 8]|M6",Sergeant,2HBastard,,Cloth,,False,25,"Immune Blocked,Parry,Nimble,Recover 8",1800,,False,Academy|Apothecary|Blacksmith|Conditioning Field|Forge|Furnace|Herb Garden|Levy Hall|War College,6,12
"Sgt/Flail/Tower/Leather [(EInd, EProw, NPie, NCun), Nimble]|M6",Sergeant,Flail,Tower Shield,Leather,,False,25,"Immune Blocked,Parry,Nimble",1400,,False,Academy|Animal Husbandry|Blacksmith|Carpentry|Conditioning Field|Forge|Furnace|Joinery|Levy Hall|Tannery|War College,6,12
"Sgt/Arming/Kite/Cloth [(RInd, EProw, NPie, NCun), Nimble]|M6",Sergeant,Arming Sword,Kite Shield,Cloth,,False,25,"Immune Blocked,Parry,Nimble",1200,,False,Academy|Armory|Blacksmith|Carpentry|Conditioning Field|Furnace|Joinery|Levy Hall|Tannery|War College,6,9
"Sgt/Morningstar/Tower/Cloth [(EInd, EProw, NPie, NCun), Nimble, Serr]|M6",Sergeant,Morningstar,Tower Shield,Cloth,,False,25,"Immune Blocked,Parry,Nimble,Serrated",1400,,False,Academy|Blacksmith|Carpentry|Conditioning Field|Forge|Furnace|Joinery|Levy Hall|Master Workshop|War College,6,12
"Sgt/Lance/Kite/FullPlate [(EInd, EProw, NPie, NCun), Nimble, Temp]|M6",Sergeant,Lance,Kite Shield,Full Plate,,False,25,"Immune Blocked,Parry,Nimble,Tempered",1200,,False,Academy|Animal Husbandry|Armory|Blacksmith|Carpentry|Conditioning Field|Forge|Furnace|Gilded Foundry|Joinery|Levy Hall|Tannery|War College,6,12
"Sgt/Arming/Tower/Leather [(EInd, EProw, NPie, NCun), Nimble]|M6",Sergeant,Arming Sword,Tower Shield,Leather,,False,25,"Immune Blocked,Parry,Nimble",1400,,False,Academy|Animal Husbandry|Blacksmith|Carpentry|Conditioning Field|Forge|Furnace|Joinery|Levy Hall|Tannery|War College,6,12
"Sgt/Pitchfork+HuntBow/Cloth (TY) [(NInd, EProw, NPie, NCun), Florentine, ImmU, Nimble]|M6",Sergeant,Pitchfork,,Cloth,Hunting Bow,True,25,"Nimble,Immune Unwieldy,Parry,Immune Blocked,Florentine",1600,,False,Academy|Carpentry|Coliseum|Conditioning Field|Fletchery|Levy Hall|Tiltyard|War College,6,6
"Sgt/Lance/Kite/Cloth [RoPaI, (EInd, SProw, NPie, NCun)]|M6",Sergeant,Lance,Kite Shield,Cloth,,False,25,"Immune Blocked,Parry,Immune Strain",1200,,False,Academy|Armory|Blacksmith|Carpentry|Forge|Furnace|Joinery|Levy Hall|Royal Pavilion|Tannery|War College,6,16
"Sgt/Flail/Tower/Cloth [RoPaI, (EInd, SProw, NPie, NCun), Serr]|M6",Sergeant,Flail,Tower Shield,Cloth,,False,25,"Immune Blocked,Parry,Immune Strain,Serrated",1400,,False,Academy|Blacksmith|Carpentry|Forge|Furnace|Joinery|Levy Hall|Master Workshop|Royal Pavilion|War College,6,16
"Sgt/ShortSword/Targe/Leather [(RInd, EProw, NPie, NCun), Nimble, Parry +1, Riposte]|M6",Sergeant,Short Sword,Targe Shield,Leather,,False,25,"Parry +1,Nimble,Parry,Riposte,Immune Blocked",1400,,False,Academy|Animal Husbandry|Blacksmith|Carpentry|Coliseum|Conditioning Field|Furnace|Grand Tournament|Joinery|Levy Hall|Tannery|War College,6,9
"Sgt/FarmTools/Cloth [(NInd, EProw, EPie, RCun), Enduring, Nimble, Poison, Rec 6, Recover 7, Recover 8, Shake+1]|M6",Sergeant,Farm Tools,,Cloth,,False,25,"Enduring,Nimble,Recover 8,Immune Blocked,Recover 7,Poison,Recover 6,Parry,Shake +1",1600,,False,Academy|Alchemy|Apothecary|Conditioning Field|Herb Garden|Hospitaller|Infirmary|Levy Hall|Toxicarium|War College,6,15
"Sgt/Spears/Tower/Chain [PrI, (EInd, EProw, SPie, NCun), Shake+1]|M6",Sergeant,Spears,Tower Shield,Chainmail,,False,25,"Immune Blocked,Parry,Resolute,Shake +1",1200,,False,Academy|Animal Husbandry|Armory|Blacksmith|Carpentry|Forge|Furnace|Joinery|Levy Hall|Preceptory|Tannery|War College,6,22
"Sgt/2HBastard/Chain [(EInd, EProw, NPie, NCun), Nimble]|M6",Sergeant,2HBastard,,Chainmail,,False,25,"Immune Blocked,Parry,Nimble",1400,,False,Academy|Animal Husbandry|Armory|Blacksmith|Conditioning Field|Forge|Furnace|Levy Hall|Stable|Tannery|War College,6,12
"Sgt/Daggers/Leather [MiMiStM, (EInd, SProw, NPie, NCun), Serr]|M6",Sergeant,Daggers,,Leather,,False,25,"Parry +1,Serrated,Immune Blocked,MaxInit3,Init +1,Parry,Seize: first,Crit 8",1400,,False,Academy|Animal Husbandry|Blacksmith|Furnace|Levy Hall|Master Workshop|Ministry of Military Strategy|Tannery|University|War College,6,16
"Sgt/Morningstar/Tower/FullPlate [(EInd, EProw, NPie, NCun), Nimble, Temp]|M6",Sergeant,Morningstar,Tower Shield,Full Plate,,False,25,"Immune Blocked,Parry,Nimble,Tempered",1200,,False,Academy|Animal Husbandry|Armory|Blacksmith|Carpentry|Conditioning Field|Forge|Furnace|Gilded Foundry|Joinery|Levy Hall|Tannery|War College,6,12
"Sgt/Pitchfork/Cloth [(NInd, EProw, EPie, NCun), Enduring, Nimble, Rec 6, Recover 7, Recover 8, Shake+1]|M6",Sergeant,Pitchfork,,Cloth,,False,25,"Enduring,Nimble,Recover 8,Immune Blocked,Recover 7,Recover 6,Parry,Shake +1",1700,,False,Academy|Alchemy|Apothecary|Conditioning Field|Herb Garden|Hospitaller|Infirmary|Levy Hall|Stable|War College,6,12
"Sgt/Arming/Kite/Chain [(RInd, EProw, NPie, NCun), Nimble]|M6",Sergeant,Arming Sword,Kite Shield,Chainmail,,False,25,"Immune Blocked,Parry,Nimble",1200,,False,Academy|Animal Husbandry|Armory|Blacksmith|Carpentry|Conditioning Field|Furnace|Joinery|Levy Hall|Tannery|War College,6,9
"Sgt/Spears/Targe/Cloth [PrI, (EInd, EProw, SPie, NCun), Serr, Shake+1]|M6",Sergeant,Spears,Targe Shield,Cloth,,False,25,"Parry,Serrated,Immune Blocked,Shake +1,Resolute",1400,,False,Academy|Blacksmith|Carpentry|Furnace|Joinery|Levy Hall|Master Workshop|Preceptory|War College,6,22
"Sgt/Cudgel/FullPlate [(EInd, EProw, NPie, NCun), Nimble, Temp]|M6",Sergeant,Cudgel,,Full Plate,,False,25,"Immune Blocked,Parry,Nimble,Tempered",1400,,False,Academy|Animal Husbandry|Armory|Blacksmith|Conditioning Field|Furnace|Gilded Foundry|Levy Hall|Stable|Tannery|War College,6,12
"Sgt/Arming/Tower/FullPlate [(EInd, EProw, NPie, NCun), Nimble, Parry +1, Riposte, Temp]|M6",Sergeant,Arming Sword,Tower Shield,Full Plate,,False,25,"Parry +1,Nimble,Parry,Tempered,Riposte,Immune Blocked",1200,,False,Academy|Animal Husbandry|Armory|Blacksmith|Carpentry|Coliseum|Conditioning Field|Forge|Furnace|Gilded Foundry|Grand Tournament|Joinery|Levy Hall|Tannery|War College,6,12
"Sgt/Spears/Tower/Cloth [(EInd, EProw, NPie, RCun), Nimble, Poison]|M6",Sergeant,Spears,Tower Shield,Cloth,,False,25,"Immune Blocked,Parry,Nimble,Poison",1500,,False,Academy|Alchemy|Blacksmith|Carpentry|Conditioning Field|Forge|Furnace|Joinery|Levy Hall|Toxicarium|War College,6,15
"Sgt/Spears/Kite/FullPlate [(EInd, EProw, NPie, NCun), Nimble, Temp]|M6",Sergeant,Spears,Kite Shield,Full Plate,,False,25,"Immune Blocked,Parry,Nimble,Tempered",1200,,False,Academy|Animal Husbandry|Armory|Blacksmith|Carpentry|Conditioning Field|Furnace|Gilded Foundry|Joinery|Levy Hall|Tannery|War College,6,12
"Sgt/Morningstar/Tower/Leather [(EInd, EProw, NPie, NCun), Nimble]|M6",Sergeant,Morningstar,Tower Shield,Leather,,False,25,"Immune Blocked,Parry,Nimble",1400,,False,Academy|Animal Husbandry|Blacksmith|Carpentry|Conditioning Field|Forge|Furnace|Joinery|Levy Hall|Tannery|War College,6,12
"Sgt/Arming/Kite/FullPlate [(EInd, EProw, NPie, NCun), Nimble, Temp]|M6",Sergeant,Arming Sword,Kite Shield,Full Plate,,False,25,"Immune Blocked,Parry,Nimble,Tempered",1200,,False,Academy|Animal Husbandry|Armory|Blacksmith|Carpentry|Conditioning Field|Furnace|Gilded Foundry|Joinery|Levy Hall|Tannery|War College,6,12
"Sgt/Spears/Kite/Leather [(RInd, EProw, NPie, NCun), Nimble]|M6",Sergeant,Spears,Kite Shield,Leather,,False,25,"Immune Blocked,Parry,Nimble",1200,,False,Academy|Animal Husbandry|Armory|Blacksmith|Carpentry|Conditioning Field|Furnace|Joinery|Levy Hall|Tannery|War College,6,9
"Sgt/Halberd/FullPlate [(EInd, EProw, NPie, NCun), Nimble, Temp]|M6",Sergeant,Halberd,,Full Plate,,False,25,"Immune Blocked,Parry,Nimble,Tempered",1400,,False,Academy|Animal Husbandry|Armory|Blacksmith|Conditioning Field|Furnace|Gilded Foundry|Levy Hall|Stable|Tannery|War College,6,12
"Sgt/FarmTools/Buckler/Chain [(RInd, EProw, NPie, NCun), Nimble]|M6",Sergeant,Farm Tools,Buckler Shield,Chainmail,,False,25,"Immune Blocked,Parry,Nimble",1200,,False,Academy|Animal Husbandry|Armory|Blacksmith|Carpentry|Conditioning Field|Furnace|Joinery|Levy Hall|Tannery|War College,6,9
"Sgt/ShortSword/Targe/FullPlate [MiMiStI, (EInd, SProw, NPie, NCun), Temp]|M6",Sergeant,Short Sword,Targe Shield,Full Plate,,False,25,"Parry,Seize: first,Tempered,Init +1,Immune Blocked,MaxInit3",1200,,False,Academy|Animal Husbandry|Armory|Blacksmith|Carpentry|Furnace|Gilded Foundry|Joinery|Levy Hall|Ministry of Military Strategy|Tannery|War College,6,16
"Sgt/Halberd/Chain [MiMiStM, (EInd, SProw, NPie, NCun), Serr]|M6",Sergeant,Halberd,,Chainmail,,False,25,"Parry +1,Serrated,Immune Blocked,MaxInit3,Init +1,Parry,Seize: first,Crit 8",1200,,False,Academy|Animal Husbandry|Armory|Blacksmith|Furnace|Levy Hall|Master Workshop|Ministry of Military Strategy|Tannery|University|War College,6,16
"Sgt/Lance/Kite/Chain [(EInd, EProw, NPie, NCun), Nimble]|M6",Sergeant,Lance,Kite Shield,Chainmail,,False,25,"Immune Blocked,Parry,Nimble",1200,,False,Academy|Animal Husbandry|Armory|Blacksmith|Carpentry|Conditioning Field|Forge|Furnace|Joinery|Levy Hall|Tannery|War College,6,12
"Sgt/Lance/Targe/Leather [(EInd, EProw, NPie, NCun), Nimble]|M6",Sergeant,Lance,Targe Shield,Leather,,False,25,"Immune Blocked,Parry,Nimble",1400,,False,Academy|Animal Husbandry|Blacksmith|Carpentry|Conditioning Field|Forge|Furnace|Joinery|Levy Hall|Tannery|War College,6,12
"Sgt/Cavalry Spear/Buckler/Leather [(RInd, EProw, NPie, NCun), Nimble]|M6",Sergeant,Cavalry Spear,Buckler Shield,Leather,,False,25,"Immune Blocked,Parry,Nimble",1400,,False,Academy|Animal Husbandry|Blacksmith|Carpentry|Conditioning Field|Furnace|Joinery|Levy Hall|Tannery|War College,6,9
"Sgt/Spears/Tower/Cloth [(EInd, EProw, NPie, NCun), Nimble, Parry +1, Riposte, Serr]|M6",Sergeant,Spears,Tower Shield,Cloth,,False,25,"Parry +1,Nimble,Parry,Serrated,Riposte,Immune Blocked",1400,,False,Academy|Blacksmith|Carpentry|Coliseum|Conditioning Field|Forge|Furnace|Grand Tournament|Joinery|Levy Hall|Master Workshop|War College,6,12
"Sgt/2HBastard/Chain [RoPaM, (EInd, SProw, NPie, NCun), Parry +1]|M6",Sergeant,2HBastard,,Chainmail,,False,25,"Parry +1,Parry,Drilled,Immune Blocked,Immune Strain",1400,,False,Academy|Animal Husbandry|Armory|Blacksmith|Forge|Furnace|Grand Tournament|Levy Hall|Royal Pavilion|Tannery|Tiltyard|War College,6,16
"Sgt/ShortSword/Tower/Chain [MiMiStM, (EInd, SProw, NPie, NCun)]|M6",Sergeant,Short Sword,Tower Shield,Chainmail,,False,25,"Parry +1,Parry,Seize: first,Crit 8,Immune Blocked,MaxInit3,Init +1",1200,,False,Academy|Animal Husbandry|Armory|Blacksmith|Carpentry|Forge|Furnace|Joinery|Levy Hall|Ministry of Military Strategy|Tannery|University|War College,6,16
"Sgt/Flail/Kite/Chain [MiMiStI, (RInd, SProw, NPie, NCun)]|M6",Sergeant,Flail,Kite Shield,Chainmail,,False,25,"Parry,Seize: first,Init +1,Immune Blocked,MaxInit3",1200,,False,Academy|Animal Husbandry|Armory|Blacksmith|Carpentry|Furnace|Joinery|Levy Hall|Ministry of Military Strategy|Tannery|War College,6,13
"Sgt/Lance/Kite/Leather [(EInd, EProw, NPie, NCun), Nimble]|M6",Sergeant,Lance,Kite Shield,Leather,,False,25,"Immune Blocked,Parry,Nimble",1200,,False,Academy|Animal Husbandry|Armory|Blacksmith|Carpentry|Conditioning Field|Forge|Furnace|Joinery|Levy Hall|Tannery|War College,6,12
"Sgt/FarmTools/Buckler/Cloth [RoPaI, (RInd, SProw, NPie, NCun), Recover 8]|M6",Sergeant,Farm Tools,Buckler Shield,Cloth,,False,25,"Immune Blocked,Parry,Immune Strain,Recover 8",1600,,False,Academy|Apothecary|Carpentry|Herb Garden|Joinery|Levy Hall|Royal Pavilion|War College,6,13
"Sgt/BattleAxe/Chain [(EInd, EProw, NPie, NCun), Nimble, Serr]|M6",Sergeant,Battle Axe,,Chainmail,,False,25,"Immune Blocked,Parry,Nimble,Serrated",1200,,False,Academy|Animal Husbandry|Armory|Blacksmith|Conditioning Field|Furnace|Levy Hall|Master Workshop|Tannery|War College,6,12
"Sgt/Halberd/Cloth [(RInd, EProw, NPie, NCun), Nimble, Parry +1, Recover 8, Riposte]|M6",Sergeant,Halberd,,Cloth,,False,25,"Parry +1,Nimble,Parry,Recover 8,Riposte,Immune Blocked",1800,,False,Academy|Apothecary|Blacksmith|Coliseum|Conditioning Field|Furnace|Grand Tournament|Herb Garden|Levy Hall|War College,6,9
"Sgt/FarmTools/Targe/FullPlate [(EInd, EProw, NPie, NCun), Nimble, Temp]|M6",Sergeant,Farm Tools,Targe Shield,Full Plate,,False,25,"Immune Blocked,Parry,Nimble,Tempered",1200,,False,Academy|Animal Husbandry|Armory|Blacksmith|Carpentry|Conditioning Field|Furnace|Gilded Foundry|Joinery|Levy Hall|Tannery|War College,6,12
"Sgt/Cudgel/FullPlate [RoPaM, (EInd, SProw, NPie, NCun), Parry +1, Temp]|M6",Sergeant,Cudgel,,Full Plate,,False,25,"Parry +1,Parry,Tempered,Drilled,Immune Blocked,Immune Strain",1400,,False,Academy|Animal Husbandry|Armory|Blacksmith|Furnace|Gilded Foundry|Grand Tournament|Levy Hall|Royal Pavilion|Tannery|Tiltyard|War College,6,16
"Sgt/2HBastard/Chain [(EInd, EProw, NPie, NCun), Nimble, Parry +1, Riposte]|M6",Sergeant,2HBastard,,Chainmail,,False,25,"Parry +1,Nimble,Parry,Riposte,Immune Blocked",600,,False,Academy|Animal Husbandry|Armory|Blacksmith|Butchery|Coliseum|Conditioning Field|Forge|Furnace|Grand Tournament|Levy Hall|Tannery|War College,6,12
"Sgt/FarmTools/FullPlate [(EInd, EProw, NPie, NCun), Nimble, Temp]|M6",Sergeant,Farm Tools,,Full Plate,,False,25,"Immune Blocked,Parry,Nimble,Tempered",600,,False,Academy|Animal Husbandry|Armory|Blacksmith|Butchery|Conditioning Field|Furnace|Gilded Foundry|Levy Hall|Tannery|War College,6,12
"Sgt/WarHammer/Chain [(EInd, EProw, NPie, NCun), Nimble, Serr]|M6",Sergeant,War Hammer,,Chainmail,,False,25,"Immune Blocked,Parry,Nimble,Serrated",1200,,False,Academy|Animal Husbandry|Armory|Blacksmith|Conditioning Field|Forge|Furnace|Levy Hall|Master Workshop|Tannery|War College,6,12
"Sgt/Daggers/Chain [(RInd, EProw, NPie, NCun), Nimble]|M6",Sergeant,Daggers,,Chainmail,,False,25,"Immune Blocked,Parry,Nimble",1400,,False,Academy|Animal Husbandry|Armory|Blacksmith|Conditioning Field|Furnace|Levy Hall|Stable|Tannery|War College,6,9
"Sgt/Pitchfork/Cloth [(NInd, EProw, EPie, RCun), Enduring, Nimble, Poison, Rec 6, Recover 7, Recover 8, Shake+1]|M6",Sergeant,Pitchfork,,Cloth,,False,25,"Enduring,Nimble,Recover 8,Immune Blocked,Recover 7,Poison,Recover 6,Parry,Shake +1",1600,,False,Academy|Alchemy|Apothecary|Conditioning Field|Herb Garden|Hospitaller|Infirmary|Levy Hall|Toxicarium|War College,6,15
"Sgt/Pike/Leather [(EInd, EProw, NPie, NCun), Nimble, Serr]|M6",Sergeant,Pike,,Leather,,False,25,"Immune Blocked,Parry,Nimble,Serrated",1400,,False,Academy|Animal Husbandry|Blacksmith|Conditioning Field|Furnace|Levy Hall|Master Workshop|Tannery|War College,6,12
"Sgt/Pitchfork/FullPlate [(EInd, EProw, NPie, RCun), Nimble, Parry +1, Poison, Riposte, Temp]|M6",Sergeant,Pitchfork,,Full Plate,,False,25,"Parry +1,Nimble,Parry,Tempered,Riposte,Immune Blocked,Poison",1300,,False,Academy|Alchemy|Animal Husbandry|Armory|Blacksmith|Coliseum|Conditioning Field|Furnace|Gilded Foundry|Grand Tournament|Levy Hall|Tannery|Toxicarium|War College,6,15
"Sgt/ShortSword/Kite/Leather [OuInPoI, (RInd, EProw, NPie, SCun)]|M6",Sergeant,Short Sword,Kite Shield,Leather,,False,25,"Parry,confers:Blocked,Immune Blocked,Outrider: once,confers:Strain",1200,,False,Academy|Animal Husbandry|Armory|Blacksmith|Carpentry|Furnace|Joinery|Levy Hall|Outrider Intercept Post|Tannery|War College,6,19
"Sgt/Cavalry Spear/Targe/Cloth [(RInd, EProw, NPie, RCun), Nimble, Poison]|M6",Sergeant,Cavalry Spear,Targe Shield,Cloth,,False,25,"Immune Blocked,Parry,Nimble,Poison",1500,,False,Academy|Alchemy|Blacksmith|Carpentry|Conditioning Field|Furnace|Joinery|Levy Hall|Toxicarium|War College,6,12
"Sgt/Spears/Tower/Chain [(EInd, EProw, NPie, NCun), Nimble, Parry +1, Riposte]|M6",Sergeant,Spears,Tower Shield,Chainmail,,False,25,"Parry +1,Nimble,Parry,Riposte,Immune Blocked",1200,,False,Academy|Animal Husbandry|Armory|Blacksmith|Carpentry|Coliseum|Conditioning Field|Forge|Furnace|Grand Tournament|Joinery|Levy Hall|Tannery|War College,6,12
"Sgt/Flail/Kite/FullPlate [MiMiStM, (EInd, SProw, NPie, NCun), Temp]|M6",Sergeant,Flail,Kite Shield,Full Plate,,False,25,"Parry +1,Immune Blocked,MaxInit3,Init +1,Parry,Seize: first,Tempered,Crit 8",1200,,False,Academy|Animal Husbandry|Armory|Blacksmith|Carpentry|Furnace|Gilded Foundry|Joinery|Levy Hall|Ministry of Military Strategy|Tannery|University|War College,6,16
"Sgt/ShortSword/Kite/Chain [(RInd, EProw, NPie, NCun), Nimble]|M6",Sergeant,Short Sword,Kite Shield,Chainmail,,False,25,"Immune Blocked,Parry,Nimble",1200,,False,Academy|Animal Husbandry|Armory|Blacksmith|Carpentry|Conditioning Field|Furnace|Joinery|Levy Hall|Tannery|War College,6,9
"Sgt/Lance/Kite/Chain [OuInPoI, (EInd, EProw, NPie, SCun)]|M6",Sergeant,Lance,Kite Shield,Chainmail,,False,25,"Parry,confers:Blocked,Immune Blocked,Outrider: once,confers:Strain",1200,,False,Academy|Animal Husbandry|Armory|Blacksmith|Carpentry|Forge|Furnace|Joinery|Levy Hall|Outrider Intercept Post|Tannery|War College,6,22
"Sgt/Arming/Tower/FullPlate [(EInd, EProw, NPie, NCun), Nimble, Temp]|M6",Sergeant,Arming Sword,Tower Shield,Full Plate,,False,25,"Immune Blocked,Parry,Nimble,Tempered",1200,,False,Academy|Animal Husbandry|Armory|Blacksmith|Carpentry|Conditioning Field|Forge|Furnace|Gilded Foundry|Joinery|Levy Hall|Tannery|War College,6,12
"Sgt/Halberd/Leather [OuInPoI, (RInd, EProw, NPie, SCun), Poison]|M6",Sergeant,Halberd,,Leather,,False,25,"Parry,confers:Blocked,Immune Blocked,Outrider: once,confers:Strain,Poison",1500,,False,Academy|Alchemy|Animal Husbandry|Blacksmith|Furnace|Levy Hall|Outrider Intercept Post|Tannery|Toxicarium|War College,6,19
"Sgt/BattleAxe/Chain [MiMiStM, (RInd, SProw, NPie, NCun)]|M6",Sergeant,Battle Axe,,Chainmail,,False,25,"Parry +1,Parry,Seize: first,Crit 8,Immune Blocked,MaxInit3,Init +1",1400,,False,Academy|Animal Husbandry|Armory|Blacksmith|Furnace|Levy Hall|Ministry of Military Strategy|Stable|Tannery|University|War College,6,13
"Sgt/Halberd/Chain [(EInd, EProw, NPie, NCun), Nimble, Serr]|M6",Sergeant,Halberd,,Chainmail,,False,25,"Immune Blocked,Parry,Nimble,Serrated",1200,,False,Academy|Animal Husbandry|Armory|Blacksmith|Conditioning Field|Furnace|Levy Hall|Master Workshop|Tannery|War College,6,12
"Sgt/Cudgel/Chain [(RInd, EProw, NPie, NCun), Nimble]|M6",Sergeant,Cudgel,,Chainmail,,False,25,"Immune Blocked,Parry,Nimble",600,,False,Academy|Animal Husbandry|Armory|Blacksmith|Butchery|Conditioning Field|Furnace|Levy Hall|Tannery|War College,6,9
"Sgt/FarmTools/Targe/Cloth [(EInd, EProw, NPie, NCun), Nimble, Serr]|M6",Sergeant,Farm Tools,Targe Shield,Cloth,,False,25,"Immune Blocked,Parry,Nimble,Serrated",1400,,False,Academy|Blacksmith|Carpentry|Conditioning Field|Furnace|Joinery|Levy Hall|Master Workshop|War College,6,12
"Sgt/Flail/Kite/FullPlate [(EInd, EProw, NPie, NCun), Nimble, Temp]|M6",Sergeant,Flail,Kite Shield,Full Plate,,False,25,"Immune Blocked,Parry,Nimble,Tempered",1200,,False,Academy|Animal Husbandry|Armory|Blacksmith|Carpentry|Conditioning Field|Furnace|Gilded Foundry|Joinery|Levy Hall|Tannery|War College,6,12
"Sgt/Arming/Kite/Leather [(RInd, EProw, NPie, NCun), Nimble]|M6",Sergeant,Arming Sword,Kite Shield,Leather,,False,25,"Immune Blocked,Parry,Nimble",1200,,False,Academy|Animal Husbandry|Armory|Blacksmith|Carpentry|Conditioning Field|Furnace|Joinery|Levy Hall|Tannery|War College,6,9
"Sgt/Pike/FullPlate [(EInd, EProw, NPie, NCun), Nimble, Serr, Temp]|M6",Sergeant,Pike,,Full Plate,,False,25,"Nimble,Parry,Tempered,Serrated,Immune Blocked",1200,,False,Academy|Animal Husbandry|Armory|Blacksmith|Conditioning Field|Furnace|Gilded Foundry|Levy Hall|Master Workshop|Tannery|War College,6,12
"Sgt/ShortSword/Tower/Leather [(EInd, EProw, NPie, NCun), Nimble, Parry +1, Riposte]|M6",Sergeant,Short Sword,Tower Shield,Leather,,False,25,"Parry +1,Nimble,Parry,Riposte,Immune Blocked",1400,,False,Academy|Animal Husbandry|Blacksmith|Carpentry|Coliseum|Conditioning Field|Forge|Furnace|Grand Tournament|Joinery|Levy Hall|Tannery|War College,6,12
"Sgt/FarmTools/Targe/Chain [(RInd, EProw, NPie, NCun), Nimble]|M6",Sergeant,Farm Tools,Targe Shield,Chainmail,,False,25,"Immune Blocked,Parry,Nimble",1200,,False,Academy|Animal Husbandry|Armory|Blacksmith|Carpentry|Conditioning Field|Furnace|Joinery|Levy Hall|Tannery|War College,6,9
"Sgt/Cudgel+HuntBow/Cloth (TY) [(NInd, EProw, NPie, NCun), Florentine, ImmU, Nimble]|M6",Sergeant,Cudgel,,Cloth,Hunting Bow,True,25,"Nimble,Immune Unwieldy,Parry,Immune Blocked,Florentine",1600,,False,Academy|Carpentry|Coliseum|Conditioning Field|Fletchery|Levy Hall|Tiltyard|War College,6,6
"Sgt/Halberd/FullPlate [MiMiStM, (EInd, SProw, NPie, NCun), Temp]|M6",Sergeant,Halberd,,Full Plate,,False,25,"Parry +1,Immune Blocked,MaxInit3,Init +1,Parry,Seize: first,Tempered,Crit 8",1400,,False,Academy|Animal Husbandry|Armory|Blacksmith|Furnace|Gilded Foundry|Levy Hall|Ministry of Military Strategy|Stable|Tannery|University|War College,6,16
"Sgt/WarHammer/Cloth [(EInd, EProw, NPie, NCun), Nimble, Recover 8]|M6",Sergeant,War Hammer,,Cloth,,False,25,"Immune Blocked,Parry,Nimble,Recover 8",1800,,False,Academy|Apothecary|Blacksmith|Conditioning Field|Forge|Furnace|Herb Garden|Levy Hall|War College,6,12
"Sgt/Pike/Leather [(RInd, EProw, NPie, NCun), Nimble]|M6",Sergeant,Pike,,Leather,,False,25,"Immune Blocked,Parry,Nimble",1600,,False,Academy|Animal Husbandry|Blacksmith|Conditioning Field|Furnace|Levy Hall|Stable|Tannery|War College,6,9
"Sgt/Cavalry Spear/Buckler/Leather [MiMiStM, (RInd, SProw, NPie, NCun)]|M6",Sergeant,Cavalry Spear,Buckler Shield,Leather,,False,25,"Parry +1,Parry,Seize: first,Crit 8,Immune Blocked,MaxInit3,Init +1",1400,,False,Academy|Animal Husbandry|Blacksmith|Carpentry|Furnace|Joinery|Levy Hall|Ministry of Military Strategy|Tannery|University|War College,6,13
"Sgt/Arming/Kite/FullPlate [MiMiStM, (EInd, SProw, NPie, NCun), Temp]|M6",Sergeant,Arming Sword,Kite Shield,Full Plate,,False,25,"Parry +1,Immune Blocked,MaxInit3,Init +1,Parry,Seize: first,Tempered,Crit 8",1200,,False,Academy|Animal Husbandry|Armory|Blacksmith|Carpentry|Furnace|Gilded Foundry|Joinery|Levy Hall|Ministry of Military Strategy|Tannery|University|War College,6,16
"Sgt/Arming/Tower/Chain [MiMiStM, (EInd, SProw, NPie, NCun)]|M6",Sergeant,Arming Sword,Tower Shield,Chainmail,,False,25,"Parry +1,Parry,Seize: first,Crit 8,Immune Blocked,MaxInit3,Init +1",1200,,False,Academy|Animal Husbandry|Armory|Blacksmith|Carpentry|Forge|Furnace|Joinery|Levy Hall|Ministry of Military Strategy|Tannery|University|War College,6,16
"Sgt/Cavalry Spear/Targe/FullPlate [(EInd, EProw, NPie, NCun), Nimble, Temp]|M6",Sergeant,Cavalry Spear,Targe Shield,Full Plate,,False,25,"Immune Blocked,Parry,Nimble,Tempered",1200,,False,Academy|Animal Husbandry|Armory|Blacksmith|Carpentry|Conditioning Field|Furnace|Gilded Foundry|Joinery|Levy Hall|Tannery|War College,6,12
"Sgt/FarmTools/Leather [(NInd, EProw, NPie, NCun), Nimble, Recover 8]|M6",Sergeant,Farm Tools,,Leather,,False,25,"Immune Blocked,Parry,Nimble,Recover 8",1600,,False,Academy|Animal Husbandry|Apothecary|Conditioning Field|Herb Garden|Levy Hall|Tannery|War College,6,6
"Sgt/Spears/Targe/Cloth [(EInd, EProw, NPie, NCun), Nimble, Serr]|M6",Sergeant,Spears,Targe Shield,Cloth,,False,25,"Immune Blocked,Parry,Nimble,Serrated",1400,,False,Academy|Blacksmith|Carpentry|Conditioning Field|Furnace|Joinery|Levy Hall|Master Workshop|War College,6,12
"Sgt/Cavalry Spear/Kite/Leather [RoPaI, (RInd, SProw, NPie, NCun)]|M6",Sergeant,Cavalry Spear,Kite Shield,Leather,,False,25,"Immune Blocked,Parry,Immune Strain",1200,,False,Academy|Animal Husbandry|Armory|Blacksmith|Carpentry|Furnace|Joinery|Levy Hall|Royal Pavilion|Tannery|War College,6,13
"Sgt/ShortSword/Targe/FullPlate [(EInd, EProw, NPie, NCun), Nimble, Serr, Temp]|M7",Sergeant,Short Sword,Targe Shield,Full Plate,,False,25,"Nimble,Parry,Tempered,Serrated,Immune Blocked",1000,,False,Academy|Animal Husbandry|Armory|Blacksmith|Carpentry|Conditioning Field|Furnace|Gilded Foundry|Joinery|Levy Hall|Master Workshop|Tannery|War College,7,12
"Sgt/Flail/Kite/Cloth [RoPaM, (RInd, SProw, NPie, NCun), Parry +1]|M7",Sergeant,Flail,Kite Shield,Cloth,,False,25,"Parry +1,Parry,Drilled,Immune Blocked,Immune Strain",1200,,False,Academy|Armory|Blacksmith|Carpentry|Furnace|Grand Tournament|Joinery|Levy Hall|Royal Pavilion|Tannery|Tiltyard|War College,7,13
"Sgt/Poleaxe/Leather [ABFM, (SInd, EProw, NPie, NCun), Nimble, Parry +1, Riposte, Serr, Temp]|M7",Sergeant,Poleaxe,,Leather,,False,25,"ABF,Nimble,Parry +1,Serrated,Immune Blocked,Parry,Tempered,Riposte",700,,False,ABF|Academy|Animal Husbandry|Armory|Blacksmith|Coliseum|Conditioning Field|Forge|Furnace|Gilded Foundry|Grand Tournament|Levy Hall|Master Workshop|Stable|Tannery|War College,7,16
"Sgt/FarmTools/Buckler/Leather [(RInd, EProw, NPie, NCun), Nimble, Recover 8]|M7",Sergeant,Farm Tools,Buckler Shield,Leather,,False,25,"Immune Blocked,Parry,Nimble,Recover 8",1400,,False,Academy|Animal Husbandry|Apothecary|Carpentry|Conditioning Field|Herb Garden|Joinery|Levy Hall|Tannery|War College,7,9
"Sgt/FarmTools/Cloth [(NInd, EProw, EPie, RCun), Enduring, Nimble, Poison, Rec 6, Recover 7, Recover 8, Shake+1]|M7",Sergeant,Farm Tools,,Cloth,,False,25,"Enduring,Nimble,Recover 8,Immune Blocked,Recover 7,Poison,Recover 6,Parry,Shake +1",1600,,False,Academy|Alchemy|Apothecary|Conditioning Field|Herb Garden|Hospitaller|Infirmary|Levy Hall|Stable|Toxicarium|War College,7,15
"Sgt/BattleAxe/Cloth [(RInd, EProw, EPie, RCun), Enduring, Nimble, Poison, Rec 6, Recover 7, Recover 8, Shake+1]|M7",Sergeant,Battle Axe,,Cloth,,False,25,"Enduring,Nimble,Recover 8,Immune Blocked,Recover 7,Poison,Recover 6,Parry,Shake +1",1600,,False,Academy|Alchemy|Apothecary|Blacksmith|Conditioning Field|Furnace|Herb Garden|Hospitaller|Infirmary|Levy Hall|Toxicarium|War College,7,18
"Sgt/Lance/Targe/Cloth [(EInd, EProw, NPie, NCun), Nimble, Recover 8]|M7",Sergeant,Lance,Targe Shield,Cloth,,False,25,"Immune Blocked,Parry,Nimble,Recover 8",1600,,False,Academy|Apothecary|Blacksmith|Carpentry|Conditioning Field|Forge|Furnace|Herb Garden|Joinery|Levy Hall|War College,7,12
"Sgt/WarHammer/Cloth [(EInd, EProw, EPie, RCun), Enduring, Nimble, Poison, Rec 6, Recover 7, Recover 8, Shake+1]|M7",Sergeant,War Hammer,,Cloth,,False,25,"Enduring,Nimble,Recover 8,Immune Blocked,Recover 7,Poison,Recover 6,Parry,Shake +1",1600,,False,Academy|Alchemy|Apothecary|Blacksmith|Conditioning Field|Forge|Furnace|Herb Garden|Hospitaller|Infirmary|Levy Hall|Toxicarium|War College,7,21
"Sgt/Pike+Longbow/Cloth (TY) [(RInd, EProw, NPie, NCun), Florentine, ImmU, Nimble]|M7",Sergeant,Pike,,Cloth,Longbow,True,25,"Nimble,Immune Unwieldy,Parry,Immune Blocked,Florentine",1600,,False,Academy|Blacksmith|Carpentry|Coliseum|Conditioning Field|Fletchery|Furnace|Levy Hall|Tiltyard|War College,7,9
"Sgt/Spears/Targe/FullPlate [(EInd, EProw, NPie, NCun), Nimble, Temp]|M7",Sergeant,Spears,Targe Shield,Full Plate,,False,25,"Immune Blocked,Parry,Nimble,Tempered",400,,False,Academy|Animal Husbandry|Armory|Blacksmith|Butchery|Carpentry|Conditioning Field|Furnace|Gilded Foundry|Joinery|Levy Hall|Tannery|War College,7,12
"Sgt/ShortSword+Crossbow/Cloth (TY) [(EInd, EProw, NPie, NCun), Florentine, ImmU, Nimble, Parry +1, Riposte]|M7",Sergeant,Short Sword,,Cloth,Crossbow,True,25,"Parry +1,Nimble,Immune Unwieldy,Parry,Riposte,Immune Blocked,Florentine",1600,,False,Academy|Blacksmith|Carpentry|Coliseum|Conditioning Field|Fletchery|Forge|Furnace|Grand Tournament|Levy Hall|Tiltyard|War College,7,12
"Sgt/Flail/Kite/Leather [(EInd, EProw, NPie, NCun), Nimble, Serr]|M7",Sergeant,Flail,Kite Shield,Leather,,False,25,"Immune Blocked,Parry,Nimble,Serrated",1000,,False,Academy|Animal Husbandry|Armory|Blacksmith|Carpentry|Conditioning Field|Furnace|Joinery|Levy Hall|Master Workshop|Tannery|War College,7,12
"Sgt/ShortSword/Kite/Cloth [(RInd, EProw, NPie, NCun), Nimble]|M7",Sergeant,Short Sword,Kite Shield,Cloth,,False,25,"Immune Blocked,Parry,Nimble",1200,,False,Academy|Armory|Blacksmith|Carpentry|Conditioning Field|Furnace|Joinery|Levy Hall|Stable|Tannery|War College,7,9
"Sgt/Cavalry Spear/Targe/Leather [(RInd, EProw, NPie, NCun), Nimble]|M7",Sergeant,Cavalry Spear,Targe Shield,Leather,,False,25,"Immune Blocked,Parry,Nimble",1400,,False,Academy|Animal Husbandry|Blacksmith|Carpentry|Conditioning Field|Furnace|Joinery|Levy Hall|Stable|Tannery|War College,7,9
"Sgt/Cavalry Spear/Kite/Chain [MiMiStM, (RInd, SProw, NPie, NCun)]|M7",Sergeant,Cavalry Spear,Kite Shield,Chainmail,,False,25,"Parry +1,Parry,Seize: first,Crit 8,Immune Blocked,MaxInit3,Init +1",400,,False,Academy|Animal Husbandry|Armory|Blacksmith|Butchery|Carpentry|Furnace|Joinery|Levy Hall|Ministry of Military Strategy|Tannery|University|War College,7,13
"Sgt/Flail/Kite/Leather [(RInd, EProw, NPie, NCun), Nimble]|M7",Sergeant,Flail,Kite Shield,Leather,,False,25,"Immune Blocked,Parry,Nimble",400,,False,Academy|Animal Husbandry|Armory|Blacksmith|Butchery|Carpentry|Conditioning Field|Furnace|Joinery|Levy Hall|Tannery|War College,7,9
"Sgt/ShortSword/Tower/Chain [MiMiStM, (EInd, SProw, NPie, NCun)]|M7",Sergeant,Short Sword,Tower Shield,Chainmail,,False,25,"Parry +1,Parry,Seize: first,Crit 8,Immune Blocked,MaxInit3,Init +1",1200,,False,Academy|Animal Husbandry|Armory|Blacksmith|Carpentry|Forge|Furnace|Joinery|Levy Hall|Ministry of Military Strategy|Stable|Tannery|University|War College,7,16
"Sgt/2HBastard/Cloth [(EInd, EProw, EPie, NCun), Enduring, Nimble, Rec 6, Recover 7, Recover 8, Serr, Shake+1]|M7",Sergeant,2HBastard,,Cloth,,False,25,"Enduring,Nimble,Recover 8,Serrated,Immune Blocked,Recover 7,Recover 6,Parry,Shake +1",1500,,False,Academy|Alchemy|Apothecary|Blacksmith|Conditioning Field|Forge|Furnace|Herb Garden|Hospitaller|Infirmary|Levy Hall|Master Workshop|War College,7,18
"Sgt/ShortSword+Longbow/Targe/Cloth (TY) [(RInd, EProw, NPie, NCun), Florentine, ImmU, Nimble]|M7",Sergeant,Short Sword,Targe Shield,Cloth,Longbow,True,25,"Nimble,Immune Unwieldy,Parry,Immune Blocked,Florentine",1400,,False,Academy|Blacksmith|Carpentry|Coliseum|Conditioning Field|Fletchery|Furnace|Joinery|Levy Hall|Tiltyard|War College,7,9
"Sgt/Spears/Targe/FullPlate [OuInPoI, (EInd, EProw, NPie, SCun), Serr, Temp]|M7",Sergeant,Spears,Targe Shield,Full Plate,,False,25,"Parry,Tempered,Serrated,confers:Blocked,Immune Blocked,Outrider: once,confers:Strain",1000,,False,Academy|Animal Husbandry|Armory|Blacksmith|Carpentry|Furnace|Gilded Foundry|Joinery|Levy Hall|Master Workshop|Outrider Intercept Post|Tannery|War College,7,22
"Sgt/FarmTools/Targe/FullPlate [(EInd, EProw, NPie, NCun), Nimble, Temp]|M7",Sergeant,Farm Tools,Targe Shield,Full Plate,,False,25,"Immune Blocked,Parry,Nimble,Tempered",1200,,False,Academy|Animal Husbandry|Armory|Blacksmith|Carpentry|Conditioning Field|Furnace|Gilded Foundry|Joinery|Levy Hall|Stable|Tannery|War College,7,12
"Sgt/Arming+Javelin/Tower/Cloth (TY) [RoPaM, (EInd, SProw, NPie, NCun), Florentine, ImmU, Nimble, Parry +1, Riposte]|M7",Sergeant,Arming Sword,Tower Shield,Cloth,Javelin,True,25,"Parry +1,Nimble,Immune Unwieldy,Immune Blocked,Immune Strain,Parry,Drilled,Riposte,Florentine",1400,,False,Academy|Blacksmith|Carpentry|Coliseum|Conditioning Field|Fletchery|Forge|Furnace|Grand Tournament|Joinery|Levy Hall|Royal Pavilion|Tiltyard|War College,7,16
"Sgt/Arming+Longbow/Tower/Cloth (TY) [RoPaM, (EInd, SProw, NPie, NCun), Florentine, ImmU, Nimble, Parry +1, Riposte]|M7",Sergeant,Arming Sword,Tower Shield,Cloth,Longbow,True,25,"Parry +1,Nimble,Immune Unwieldy,Immune Blocked,Immune Strain,Parry,Drilled,Riposte,Florentine",1400,,False,Academy|Blacksmith|Carpentry|Coliseum|Conditioning Field|Fletchery|Forge|Furnace|Grand Tournament|Joinery|Levy Hall|Royal Pavilion|Tiltyard|War College,7,16
"Sgt/Arming/Tower/Leather [(EInd, EProw, NPie, NCun), Nimble]|M7",Sergeant,Arming Sword,Tower Shield,Leather,,False,25,"Immune Blocked,Parry,Nimble",600,,False,Academy|Animal Husbandry|Blacksmith|Butchery|Carpentry|Conditioning Field|Forge|Furnace|Joinery|Levy Hall|Tannery|War College,7,12
"Sgt/2HBastard+Longbow/Cloth (TY) [(EInd, EProw, NPie, NCun), Florentine, ImmU, Nimble]|M7",Sergeant,2HBastard,,Cloth,Longbow,True,25,"Nimble,Immune Unwieldy,Parry,Immune Blocked,Florentine",1600,,False,Academy|Blacksmith|Carpentry|Coliseum|Conditioning Field|Fletchery|Forge|Furnace|Levy Hall|Tiltyard|War College,7,12
"Sgt/Cavalry Spear/Buckler/Chain [RoPaM, (RInd, SProw, NPie, NCun), Parry +1]|M7",Sergeant,Cavalry Spear,Buckler Shield,Chainmail,,False,25,"Parry +1,Parry,Drilled,Immune Blocked,Immune Strain",1200,,False,Academy|Animal Husbandry|Armory|Blacksmith|Carpentry|Furnace|Grand Tournament|Joinery|Levy Hall|Royal Pavilion|Tannery|Tiltyard|War College,7,13
"Sgt/Daggers/Chain [OuInPoI, (RInd, EProw, NPie, SCun), Recover 8]|M7",Sergeant,Daggers,,Chainmail,,False,25,"Parry,Recover 8,confers:Blocked,Immune Blocked,Outrider: once,confers:Strain",1400,,False,Academy|Animal Husbandry|Apothecary|Armory|Blacksmith|Furnace|Herb Garden|Levy Hall|Outrider Intercept Post|Tannery|War College,7,19
"Sgt/WarHammer/Leather [(EInd, EProw, NPie, NCun), Nimble, Recover 8]|M7",Sergeant,War Hammer,,Leather,,False,25,"Immune Blocked,Parry,Nimble,Recover 8",1600,,False,Academy|Animal Husbandry|Apothecary|Blacksmith|Conditioning Field|Forge|Furnace|Herb Garden|Levy Hall|Tannery|War College,7,12
"Sgt/Morningstar+Crossbow/Cloth (TY) [(EInd, EProw, NPie, NCun), Florentine, ImmU, Nimble]|M7",Sergeant,Morningstar,,Cloth,Crossbow,True,25,"Nimble,Immune Unwieldy,Parry,Immune Blocked,Florentine",1600,,False,Academy|Blacksmith|Carpentry|Coliseum|Conditioning Field|Fletchery|Forge|Furnace|Levy Hall|Tiltyard|War College,7,12
"Sgt/Cudgel+HuntBow/Cloth (TY) [(NInd, EProw, NPie, RCun), Florentine, ImmU, Nimble, Parry +1, Poison, Riposte]|M7",Sergeant,Cudgel,,Cloth,Hunting Bow,True,25,"Parry +1,Nimble,Immune Unwieldy,Immune Blocked,Poison,Parry,Riposte,Florentine",1500,,False,Academy|Alchemy|Carpentry|Coliseum|Conditioning Field|Fletchery|Grand Tournament|Levy Hall|Tiltyard|Toxicarium|War College,7,9
"Sgt/Lance/Kite/FullPlate [(EInd, EProw, NPie, RCun), Nimble, Poison, Temp]|M7",Sergeant,Lance,Kite Shield,Full Plate,,False,25,"Nimble,Parry,Tempered,Immune Blocked,Poison",1100,,False,Academy|Alchemy|Animal Husbandry|Armory|Blacksmith|Carpentry|Conditioning Field|Forge|Furnace|Gilded Foundry|Joinery|Levy Hall|Tannery|Toxicarium|War College,7,15
"Sgt/FarmTools/Kite/Chain [(RInd, EProw, NPie, RCun), Nimble, Poison]|M7",Sergeant,Farm Tools,Kite Shield,Chainmail,,False,25,"Immune Blocked,Parry,Nimble,Poison",1100,,False,Academy|Alchemy|Animal Husbandry|Armory|Blacksmith|Carpentry|Conditioning Field|Furnace|Joinery|Levy Hall|Tannery|Toxicarium|War College,7,12
"Sgt/Cudgel+Crossbow/Cloth (TY) [(EInd, EProw, NPie, NCun), Florentine, ImmU, Nimble]|M7",Sergeant,Cudgel,,Cloth,Crossbow,True,25,"Nimble,Immune Unwieldy,Parry,Immune Blocked,Florentine",1600,,False,Academy|Blacksmith|Carpentry|Coliseum|Conditioning Field|Fletchery|Forge|Furnace|Levy Hall|Tiltyard|War College,7,12
"Sgt/Flail+Crossbow/Tower/Cloth (TY) [(EInd, EProw, NPie, NCun), Florentine, ImmU, Nimble]|M7",Sergeant,Flail,Tower Shield,Cloth,Crossbow,True,25,"Nimble,Immune Unwieldy,Parry,Immune Blocked,Florentine",1400,,False,Academy|Blacksmith|Carpentry|Coliseum|Conditioning Field|Fletchery|Forge|Furnace|Joinery|Levy Hall|Tiltyard|War College,7,12
"Sgt/ShortSword/Tower/Leather [(EInd, EProw, NPie, NCun), Nimble, Parry +1, Riposte, Serr]|M7",Sergeant,Short Sword,Tower Shield,Leather,,False,25,"Parry +1,Nimble,Parry,Serrated,Riposte,Immune Blocked",1200,,False,Academy|Animal Husbandry|Blacksmith|Carpentry|Coliseum|Conditioning Field|Forge|Furnace|Grand Tournament|Joinery|Levy Hall|Master Workshop|Tannery|War College,7,12
"Sgt/Arming/Tower/FullPlate [MiMiStM, (EInd, SProw, NPie, NCun), Temp]|M7",Sergeant,Arming Sword,Tower Shield,Full Plate,,False,25,"Parry +1,Immune Blocked,MaxInit3,Init +1,Parry,Seize: first,Tempered,Crit 8",1200,,False,Academy|Animal Husbandry|Armory|Blacksmith|Carpentry|Forge|Furnace|Gilded Foundry|Joinery|Levy Hall|Ministry of Military Strategy|Stable|Tannery|University|War College,7,16
"Sgt/Morningstar/Tower/Cloth [(EInd, EProw, NPie, NCun), Nimble, Recover 8]|M7",Sergeant,Morningstar,Tower Shield,Cloth,,False,25,"Immune Blocked,Parry,Nimble,Recover 8",1600,,False,Academy|Apothecary|Blacksmith|Carpentry|Conditioning Field|Forge|Furnace|Herb Garden|Joinery|Levy Hall|War College,7,12
"Sgt/Lance/Kite/Cloth [RoPaI, (EInd, SProw, NPie, NCun)]|M7",Sergeant,Lance,Kite Shield,Cloth,,False,25,"Immune Blocked,Parry,Immune Strain",1200,,False,Academy|Armory|Blacksmith|Carpentry|Forge|Furnace|Joinery|Levy Hall|Royal Pavilion|Stable|Tannery|War College,7,16
"Sgt/Halberd/FullPlate [(EInd, EProw, NPie, NCun), Nimble, Recover 8, Temp]|M7",Sergeant,Halberd,,Full Plate,,False,25,"Nimble,Parry,Recover 8,Tempered,Immune Blocked",1400,,False,Academy|Animal Husbandry|Apothecary|Armory|Blacksmith|Conditioning Field|Furnace|Gilded Foundry|Herb Garden|Levy Hall|Tannery|War College,7,12
"Sgt/Spears/Targe/FullPlate [OuInPoI, (EInd, EProw, NPie, SCun), Poison, Temp]|M7",Sergeant,Spears,Targe Shield,Full Plate,,False,25,"Parry,Tempered,confers:Blocked,Immune Blocked,Outrider: once,confers:Strain,Poison",1100,,False,Academy|Alchemy|Animal Husbandry|Armory|Blacksmith|Carpentry|Furnace|Gilded Foundry|Joinery|Levy Hall|Outrider Intercept Post|Tannery|Toxicarium|War College,7,22
"Sgt/ShortSword/Tower/FullPlate [RoPaM, (EInd, SProw, NPie, NCun), Parry +1, Temp]|M7",Sergeant,Short Sword,Tower Shield,Full Plate,,False,25,"Parry +1,Parry,Tempered,Drilled,Immune Blocked,Immune Strain",1200,,False,Academy|Animal Husbandry|Armory|Blacksmith|Carpentry|Forge|Furnace|Gilded Foundry|Grand Tournament|Joinery|Levy Hall|Royal Pavilion|Tannery|Tiltyard|War College,7,16
"Sgt/Bastard/Tower/Leather [(EInd, EProw, NPie, NCun), Nimble]|M7",Sergeant,Bastard Sword,Tower Shield,Leather,,False,25,"Immune Blocked,Parry,Nimble",600,,False,Academy|Animal Husbandry|Blacksmith|Butchery|Carpentry|Conditioning Field|Forge|Furnace|Joinery|Levy Hall|Tannery|War College,7,12
"Sgt/HuntBow/Leather [(NInd, EProw, NPie, NCun), Florentine, ImmU, Nimble]|M7",Sergeant,Farm Tools,,Leather,Hunting Bow,True,25,"Nimble,Immune Unwieldy,Parry,Immune Blocked,Florentine",1400,,False,Academy|Animal Husbandry|Carpentry|Coliseum|Conditioning Field|Fletchery|Levy Hall|Tannery|Tiltyard|War College,7,6
"Sgt/Bastard/Tower/FullPlate [(EInd, EProw, NPie, NCun), Nimble, Temp]|M7",Sergeant,Bastard Sword,Tower Shield,Full Plate,,False,25,"Immune Blocked,Parry,Nimble,Tempered",1200,,False,Academy|Animal Husbandry|Armory|Blacksmith|Carpentry|Conditioning Field|Forge|Furnace|Gilded Foundry|Joinery|Levy Hall|Stable|Tannery|War College,7,12
"Sgt/2HBastard/Chain [RoPaM, (EInd, SProw, NPie, NCun), Parry +1]|M7",Sergeant,2HBastard,,Chainmail,,False,25,"Parry +1,Parry,Drilled,Immune Blocked,Immune Strain",600,,False,Academy|Animal Husbandry|Armory|Blacksmith|Butchery|Forge|Furnace|Grand Tournament|Levy Hall|Royal Pavilion|Tannery|Tiltyard|War College,7,16
"Sgt/Poleaxe/FullPlate [ABFM, (SInd, EProw, NPie, NCun), Nimble, Parry +1, Riposte, Serr, Temp]|M7",Sergeant,Poleaxe,,Full Plate,,False,25,"ABF,Nimble,Parry +1,Serrated,Immune Blocked,Parry,Tempered,Riposte",700,,False,ABF|Academy|Animal Husbandry|Armory|Blacksmith|Coliseum|Conditioning Field|Forge|Furnace|Gilded Foundry|Grand Tournament|Levy Hall|Master Workshop|Stable|Tannery|War College,7,16
"Sgt/Lance/Kite/Leather [(EInd, EProw, NPie, NCun), Nimble]|M7",Sergeant,Lance,Kite Shield,Leather,,False,25,"Immune Blocked,Parry,Nimble",1200,,False,Academy|Animal Husbandry|Armory|Blacksmith|Carpentry|Conditioning Field|Forge|Furnace|Joinery|Levy Hall|Stable|Tannery|War College,7,12
"Sgt/Pitchfork/Cloth [(NInd, EProw, EPie, NCun), Enduring, Nimble, Rec 6, Recover 7, Recover 8, Shake+1]|M7",Sergeant,Pitchfork,,Cloth,,False,25,"Enduring,Nimble,Recover 8,Immune Blocked,Recover 7,Recover 6,Parry,Shake +1",700,,False,Academy|Alchemy|Animal Husbandry|Apothecary|Butchery|Conditioning Field|Herb Garden|Hospitaller|Infirmary|Levy Hall|Tannery|War College,7,12
"Sgt/Pitchfork/FullPlate [(EInd, EProw, NPie, NCun), Nimble, Recover 8, Temp]|M7",Sergeant,Pitchfork,,Full Plate,,False,25,"Nimble,Parry,Recover 8,Tempered,Immune Blocked",1400,,False,Academy|Animal Husbandry|Apothecary|Armory|Blacksmith|Conditioning Field|Furnace|Gilded Foundry|Herb Garden|Levy Hall|Tannery|War College,7,12
"Sgt/Halberd/Chain [MiMiStM, (RInd, SProw, NPie, NCun), Recover 8]|M7",Sergeant,Halberd,,Chainmail,,False,25,"Parry +1,Recover 8,Immune Blocked,MaxInit3,Init +1,Parry,Seize: first,Crit 8",1400,,False,Academy|Animal Husbandry|Apothecary|Armory|Blacksmith|Furnace|Herb Garden|Levy Hall|Ministry of Military Strategy|Tannery|University|War College,7,13
"Sgt/Morningstar/Tower/FullPlate [MiMiStM, (EInd, SProw, NPie, NCun), Serr, Temp]|M7",Sergeant,Morningstar,Tower Shield,Full Plate,,False,25,"Parry +1,Serrated,Immune Blocked,MaxInit3,Init +1,Parry,Seize: first,Tempered,Crit 8",1000,,False,Academy|Animal Husbandry|Armory|Blacksmith|Carpentry|Forge|Furnace|Gilded Foundry|Joinery|Levy Hall|Master Workshop|Ministry of Military Strategy|Tannery|University|War College,7,16
"Sgt/Flail+Crossbow/Cloth (TY) [(EInd, EProw, NPie, NCun), Florentine, ImmU, Nimble]|M7",Sergeant,Flail,,Cloth,Crossbow,True,25,"Nimble,Immune Unwieldy,Parry,Immune Blocked,Florentine",1600,,False,Academy|Blacksmith|Carpentry|Coliseum|Conditioning Field|Fletchery|Forge|Furnace|Levy Hall|Tiltyard|War College,7,12
"Sgt/ShortSword/Tower/Chain [(EInd, EProw, NPie, NCun), Nimble, Serr]|M7",Sergeant,Short Sword,Tower Shield,Chainmail,,False,25,"Immune Blocked,Parry,Nimble,Serrated",1000,,False,Academy|Animal Husbandry|Armory|Blacksmith|Carpentry|Conditioning Field|Forge|Furnace|Joinery|Levy Hall|Master Workshop|Tannery|War College,7,12
"Sgt/Daggers/Chain [(RInd, EProw, NPie, NCun), Nimble, Recover 8]|M7",Sergeant,Daggers,,Chainmail,,False,25,"Immune Blocked,Parry,Nimble,Recover 8",1400,,False,Academy|Animal Husbandry|Apothecary|Armory|Blacksmith|Conditioning Field|Furnace|Herb Garden|Levy Hall|Tannery|War College,7,9
"Sgt/ShortSword+Javelin/Targe/Cloth (TY) [(RInd, EProw, NPie, NCun), Florentine, ImmU, Nimble]|M7",Sergeant,Short Sword,Targe Shield,Cloth,Javelin,True,25,"Nimble,Immune Unwieldy,Parry,Immune Blocked,Florentine",1400,,False,Academy|Blacksmith|Carpentry|Coliseum|Conditioning Field|Fletchery|Furnace|Joinery|Levy Hall|Tiltyard|War College,7,9
"Sgt/Spears/Kite/FullPlate [PrI, (EInd, EProw, SPie, NCun), Shake+1, Temp]|M7",Sergeant,Spears,Kite Shield,Full Plate,,False,25,"Parry,Tempered,Immune Blocked,Shake +1,Resolute",400,,False,Academy|Animal Husbandry|Armory|Blacksmith|Butchery|Carpentry|Furnace|Gilded Foundry|Joinery|Levy Hall|Preceptory|Tannery|War College,7,22
"Sgt/ShortSword+HuntBow/Tower/Cloth (TY) [(EInd, EProw, NPie, NCun), Florentine, ImmU, Nimble]|M7",Sergeant,Short Sword,Tower Shield,Cloth,Hunting Bow,True,25,"Nimble,Immune Unwieldy,Parry,Immune Blocked,Florentine",1400,,False,Academy|Blacksmith|Carpentry|Coliseum|Conditioning Field|Fletchery|Forge|Furnace|Joinery|Levy Hall|Tiltyard|War College,7,12
"Sgt/Lance/Buckler/Leather [(EInd, EProw, NPie, RCun), Nimble, Poison]|M7",Sergeant,Lance,Buckler Shield,Leather,,False,25,"Immune Blocked,Parry,Nimble,Poison",1300,,False,Academy|Alchemy|Animal Husbandry|Blacksmith|Carpentry|Conditioning Field|Forge|Furnace|Joinery|Levy Hall|Tannery|Toxicarium|War College,7,15
"Sgt/Flail/Tower/Cloth [(EInd, EProw, NPie, NCun), Nimble, Recover 8]|M7",Sergeant,Flail,Tower Shield,Cloth,,False,25,"Immune Blocked,Parry,Nimble,Recover 8",1600,,False,Academy|Apothecary|Blacksmith|Carpentry|Conditioning Field|Forge|Furnace|Herb Garden|Joinery|Levy Hall|War College,7,12
"Sgt/Cudgel/FullPlate [MiMiStM, (EInd, SProw, NPie, NCun), Recover 8, Temp]|M7",Sergeant,Cudgel,,Full Plate,,False,25,"Parry +1,Recover 8,Immune Blocked,MaxInit3,Init +1,Parry,Seize: first,Tempered,Crit 8",1400,,False,Academy|Animal Husbandry|Apothecary|Armory|Blacksmith|Furnace|Gilded Foundry|Herb Garden|Levy Hall|Ministry of Military Strategy|Tannery|University|War College,7,16
"Sgt/BattleAxe+Longbow/Cloth (TY) [RoPaM, (RInd, SProw, NPie, NCun), Florentine, ImmU, Nimble, Parry +1, Riposte]|M7",Sergeant,Battle Axe,,Cloth,Longbow,True,25,"Parry +1,Nimble,Immune Unwieldy,Immune Blocked,Immune Strain,Parry,Drilled,Riposte,Florentine",1600,,False,Academy|Blacksmith|Carpentry|Coliseum|Conditioning Field|Fletchery|Furnace|Grand Tournament|Levy Hall|Royal Pavilion|Tiltyard|War College,7,13
"Sgt/Lance/Kite/Leather [(EInd, EProw, NPie, NCun), Nimble, Serr]|M7",Sergeant,Lance,Kite Shield,Leather,,False,25,"Immune Blocked,Parry,Nimble,Serrated",1000,,False,Academy|Animal Husbandry|Armory|Blacksmith|Carpentry|Conditioning Field|Forge|Furnace|Joinery|Levy Hall|Master Workshop|Tannery|War College,7,12
"Sgt/Flail/Cloth (DW) [(RInd, EProw, NPie, NCun), DW, Florentine, ImmU, Nimble]|M7",Sergeant,Flail,,Cloth,,True,25,"Nimble,Immune Unwieldy,Parry,Dual Wield,Immune Blocked,Florentine",1800,,False,Academy|Blacksmith|Carpentry|Coliseum|Conditioning Field|Fletchery|Furnace|Levy Hall|Tiltyard|War College,7,9
"Sgt/Cavalry Spear/Kite/FullPlate [(EInd, EProw, NPie, NCun), Nimble, Serr, Temp]|M7",Sergeant,Cavalry Spear,Kite Shield,Full Plate,,False,25,"Nimble,Parry,Tempered,Serrated,Immune Blocked",1000,,False,Academy|Animal Husbandry|Armory|Blacksmith|Carpentry|Conditioning Field|Furnace|Gilded Foundry|Joinery|Levy Hall|Master Workshop|Tannery|War College,7,12
"Sgt/FarmTools/Buckler/Cloth [(RInd, EProw, EPie, RCun), Enduring, Nimble, Poison, Rec 6, Recover 7, Recover 8, Shake+1]|M7",Sergeant,Farm Tools,Buckler Shield,Cloth,,False,25,"Enduring,Nimble,Recover 8,Immune Blocked,Recover 7,Poison,Recover 6,Parry,Shake +1",1400,,False,Academy|Alchemy|Apothecary|Carpentry|Conditioning Field|Herb Garden|Hospitaller|Infirmary|Joinery|Levy Hall|Toxicarium|War College,7,18
"Sgt/Pike/Chain [(RInd, EProw, NPie, NCun), Nimble, Recover 8]|M7",Sergeant,Pike,,Chainmail,,False,25,"Immune Blocked,Parry,Nimble,Recover 8",1400,,False,Academy|Animal Husbandry|Apothecary|Armory|Blacksmith|Conditioning Field|Furnace|Herb Garden|Levy Hall|Tannery|War College,7,9
"Sgt/FarmTools/Tower/Cloth [(EInd, EProw, NPie, NCun), Nimble, Recover 8]|M7",Sergeant,Farm Tools,Tower Shield,Cloth,,False,25,"Immune Blocked,Parry,Nimble,Recover 8",1600,,False,Academy|Apothecary|Blacksmith|Carpentry|Conditioning Field|Forge|Furnace|Herb Garden|Joinery|Levy Hall|War College,7,12
"Sgt/Pitchfork+HuntBow/Cloth (TY) [MiMiStM, (NInd, SProw, NPie, NCun), Florentine, ImmU, Nimble]|M7",Sergeant,Pitchfork,,Cloth,Hunting Bow,True,25,"Parry +1,Nimble,Immune Unwieldy,Immune Blocked,MaxInit3,Crit 8,Seize: first,Parry,Init +1,Florentine",1600,,False,Academy|Carpentry|Coliseum|Conditioning Field|Fletchery|Levy Hall|Ministry of Military Strategy|Tiltyard|University|War College,7,10
"Sgt/Spears/Targe/Chain [(RInd, EProw, NPie, NCun), Nimble]|M7",Sergeant,Spears,Targe Shield,Chainmail,,False,25,"Immune Blocked,Parry,Nimble",1200,,False,Academy|Animal Husbandry|Armory|Blacksmith|Carpentry|Conditioning Field|Furnace|Joinery|Levy Hall|Stable|Tannery|War College,7,9
"Sgt/Flail/Tower/Chain [(EInd, EProw, NPie, NCun), Nimble]|M7",Sergeant,Flail,Tower Shield,Chainmail,,False,25,"Immune Blocked,Parry,Nimble",1200,,False,Academy|Animal Husbandry|Armory|Blacksmith|Carpentry|Conditioning Field|Forge|Furnace|Joinery|Levy Hall|Stable|Tannery|War College,7,12
"Sgt/FarmTools/Leather [OuInPoM, (NInd, EProw, NPie, SCun)]|M7",Sergeant,Farm Tools,,Leather,,False,25,"Parry,confers:Blocked,Outrider: every,Immune Blocked,confers:Strain",1600,,False,Academy|Animal Husbandry|Caravanery|Cipher Chamber|Levy Hall|Outrider Intercept Post|Stable|Tannery|War College,7,16
"Sgt/Halberd+Longbow/Cloth (TY) [(RInd, EProw, NPie, NCun), Florentine, ImmU, Nimble]|M7",Sergeant,Halberd,,Cloth,Longbow,True,25,"Nimble,Immune Unwieldy,Parry,Immune Blocked,Florentine",1600,,False,Academy|Blacksmith|Carpentry|Coliseum|Conditioning Field|Fletchery|Furnace|Levy Hall|Tiltyard|War College,7,9
"Sgt/HuntBow/Cloth [(NInd, EProw, NPie, NCun), Florentine, ImmU, Nimble]|M7",Sergeant,Farm Tools,,Cloth,Hunting Bow,True,25,"Nimble,Immune Unwieldy,Parry,Immune Blocked,Florentine",1600,,False,Academy|Carpentry|Coliseum|Conditioning Field|Fletchery|Levy Hall|Stable|Tiltyard|War College,7,6
"Sgt/2HBastard+HuntBow/Cloth (TY) [(EInd, EProw, NPie, NCun), Florentine, ImmU, Nimble]|M7",Sergeant,2HBastard,,Cloth,Hunting Bow,True,25,"Nimble,Immune Unwieldy,Parry,Immune Blocked,Florentine",1600,,False,Academy|Blacksmith|Carpentry|Coliseum|Conditioning Field|Fletchery|Forge|Furnace|Levy Hall|Tiltyard|War College,7,12
"Sgt/Cavalry Spear/Targe/FullPlate [(EInd, EProw, NPie, NCun), Nimble, Serr, Temp]|M7",Sergeant,Cavalry Spear,Targe Shield,Full Plate,,False,25,"Nimble,Parry,Tempered,Serrated,Immune Blocked",1000,,False,Academy|Animal Husbandry|Armory|Blacksmith|Carpentry|Conditioning Field|Furnace|Gilded Foundry|Joinery|Levy Hall|Master Workshop|Tannery|War College,7,12
"Sgt/Pike+Javelin/Cloth (TY) [(RInd, EProw, NPie, NCun), Florentine, ImmU, Nimble]|M7",Sergeant,Pike,,Cloth,Javelin,True,25,"Nimble,Immune Unwieldy,Parry,Immune Blocked,Florentine",1600,,False,Academy|Blacksmith|Carpentry|Coliseum|Conditioning Field|Fletchery|Furnace|Levy Hall|Tiltyard|War College,7,9
"Sgt/Arming/Tower/Leather [(EInd, EProw, NPie, NCun), Nimble, Serr]|M7",Sergeant,Arming Sword,Tower Shield,Leather,,False,25,"Immune Blocked,Parry,Nimble,Serrated",1200,,False,Academy|Animal Husbandry|Blacksmith|Carpentry|Conditioning Field|Forge|Furnace|Joinery|Levy Hall|Master Workshop|Tannery|War College,7,12
"Sgt/Cavalry Spear/Kite/Leather [RoPaI, (RInd, SProw, NPie, NCun)]|M7",Sergeant,Cavalry Spear,Kite Shield,Leather,,False,25,"Immune Blocked,Parry,Immune Strain",1200,,False,Academy|Animal Husbandry|Armory|Blacksmith|Carpentry|Furnace|Joinery|Levy Hall|Royal Pavilion|Stable|Tannery|War College,7,13
"Sgt/WarHammer+Crossbow/Cloth (TY) [(EInd, EProw, NPie, NCun), Florentine, ImmU, Nimble]|M7",Sergeant,War Hammer,,Cloth,Crossbow,True,25,"Nimble,Immune Unwieldy,Parry,Immune Blocked,Florentine",1600,,False,Academy|Blacksmith|Carpentry|Coliseum|Conditioning Field|Fletchery|Forge|Furnace|Levy Hall|Tiltyard|War College,7,12
"Sgt/Arming+Crossbow/Cloth (TY) [(EInd, EProw, NPie, NCun), Florentine, ImmU, Nimble]|M7",Sergeant,Arming Sword,,Cloth,Crossbow,True,25,"Nimble,Immune Unwieldy,Parry,Immune Blocked,Florentine",1600,,False,Academy|Blacksmith|Carpentry|Coliseum|Conditioning Field|Fletchery|Forge|Furnace|Levy Hall|Tiltyard|War College,7,12
"Sgt/ShortSword/Kite/Leather [OuInPoI, (RInd, EProw, NPie, SCun)]|M7",Sergeant,Short Sword,Kite Shield,Leather,,False,25,"Parry,confers:Blocked,Immune Blocked,Outrider: once,confers:Strain",1200,,False,Academy|Animal Husbandry|Armory|Blacksmith|Carpentry|Furnace|Joinery|Levy Hall|Outrider Intercept Post|Stable|Tannery|War College,7,19
"Sgt/Morningstar/Tower/Leather [RoPaI, (EInd, SProw, NPie, RCun), Poison]|M7",Sergeant,Morningstar,Tower Shield,Leather,,False,25,"Immune Blocked,Parry,Immune Strain,Poison",1300,,False,Academy|Alchemy|Animal Husbandry|Blacksmith|Carpentry|Forge|Furnace|Joinery|Levy Hall|Royal Pavilion|Tannery|Toxicarium|War College,7,19
"Sgt/Flail/Kite/FullPlate [(EInd, EProw, NPie, NCun), Nimble, Serr, Temp]|M7",Sergeant,Flail,Kite Shield,Full Plate,,False,25,"Nimble,Parry,Tempered,Serrated,Immune Blocked",1000,,False,Academy|Animal Husbandry|Armory|Blacksmith|Carpentry|Conditioning Field|Furnace|Gilded Foundry|Joinery|Levy Hall|Master Workshop|Tannery|War College,7,12
"Sgt/Pike/Leather [(RInd, EProw, NPie, NCun), Nimble, Recover 8]|M7",Sergeant,Pike,,Leather,,False,25,"Immune Blocked,Parry,Nimble,Recover 8",1600,,False,Academy|Animal Husbandry|Apothecary|Blacksmith|Conditioning Field|Furnace|Herb Garden|Levy Hall|Tannery|War College,7,9
"Sgt/Flail/Tower/Leather [(EInd, EProw, NPie, NCun), Nimble, Serr]|M7",Sergeant,Flail,Tower Shield,Leather,,False,25,"Immune Blocked,Parry,Nimble,Serrated",1200,,False,Academy|Animal Husbandry|Blacksmith|Carpentry|Conditioning Field|Forge|Furnace|Joinery|Levy Hall|Master Workshop|Tannery|War College,7,12
"Sgt/Arming+Crossbow/Cloth (TY) [(EInd, EProw, NPie, NCun), Florentine, ImmU, Nimble, Parry +1, Riposte]|M7",Sergeant,Arming Sword,,Cloth,Crossbow,True,25,"Parry +1,Nimble,Immune Unwieldy,Parry,Riposte,Immune Blocked,Florentine",1600,,False,Academy|Blacksmith|Carpentry|Coliseum|Conditioning Field|Fletchery|Forge|Furnace|Grand Tournament|Levy Hall|Tiltyard|War College,7,12
"Sgt/Flail/Tower/Cloth [RoPaI, (EInd, SProw, NPie, NCun), Recover 8]|M7",Sergeant,Flail,Tower Shield,Cloth,,False,25,"Immune Blocked,Parry,Immune Strain,Recover 8",1600,,False,Academy|Apothecary|Blacksmith|Carpentry|Forge|Furnace|Herb Garden|Joinery|Levy Hall|Royal Pavilion|War College,7,16
"Sgt/Morningstar+Longbow/Tower/Cloth (TY) [(EInd, EProw, NPie, NCun), Florentine, ImmU, Nimble]|M7",Sergeant,Morningstar,Tower Shield,Cloth,Longbow,True,25,"Nimble,Immune Unwieldy,Parry,Immune Blocked,Florentine",1400,,False,Academy|Blacksmith|Carpentry|Coliseum|Conditioning Field|Fletchery|Forge|Furnace|Joinery|Levy Hall|Tiltyard|War College,7,12
"Sgt/Arming/Tower/Chain [(EInd, EProw, NPie, NCun), Nimble]|M7",Sergeant,Arming Sword,Tower Shield,Chainmail,,False,25,"Immune Blocked,Parry,Nimble",1200,,False,Academy|Animal Husbandry|Armory|Blacksmith|Carpentry|Conditioning Field|Forge|Furnace|Joinery|Levy Hall|Stable|Tannery|War College,7,12
"Sgt/Lance/Kite/Chain [(EInd, EProw, NPie, RCun), Nimble, Poison]|M7",Sergeant,Lance,Kite Shield,Chainmail,,False,25,"Immune Blocked,Parry,Nimble,Poison",1100,,False,Academy|Alchemy|Animal Husbandry|Armory|Blacksmith|Carpentry|Conditioning Field|Forge|Furnace|Joinery|Levy Hall|Tannery|Toxicarium|War College,7,15
"Sgt/Cavalry Spear/Buckler/Leather [(RInd, EProw, NPie, NCun), Nimble]|M7",Sergeant,Cavalry Spear,Buckler Shield,Leather,,False,25,"Immune Blocked,Parry,Nimble",600,,False,Academy|Animal Husbandry|Blacksmith|Butchery|Carpentry|Conditioning Field|Furnace|Joinery|Levy Hall|Tannery|War College,7,9
"Sgt/Halberd/Chain [(RInd, EProw, NPie, NCun), Nimble, Recover 8]|M7",Sergeant,Halberd,,Chainmail,,False,25,"Immune Blocked,Parry,Nimble,Recover 8",1400,,False,Academy|Animal Husbandry|Apothecary|Armory|Blacksmith|Conditioning Field|Furnace|Herb Garden|Levy Hall|Tannery|War College,7,9
"Sgt/Lance/Kite/FullPlate [(EInd, EProw, NPie, NCun), Nimble, Temp]|M7",Sergeant,Lance,Kite Shield,Full Plate,,False,25,"Immune Blocked,Parry,Nimble,Tempered",400,,False,Academy|Animal Husbandry|Armory|Blacksmith|Butchery|Carpentry|Conditioning Field|Forge|Furnace|Gilded Foundry|Joinery|Levy Hall|Tannery|War College,7,12
"Sgt/Lance/Buckler/Cloth [(EInd, EProw, NPie, NCun), Nimble, Recover 8]|M7",Sergeant,Lance,Buckler Shield,Cloth,,False,25,"Immune Blocked,Parry,Nimble,Recover 8",1600,,False,Academy|Apothecary|Blacksmith|Carpentry|Conditioning Field|Forge|Furnace|Herb Garden|Joinery|Levy Hall|War College,7,12
"Sgt/Bastard+Longbow/Tower/Cloth (TY) [(EInd, EProw, NPie, NCun), Florentine, ImmU, Nimble]|M7",Sergeant,Bastard Sword,Tower Shield,Cloth,Longbow,True,25,"Nimble,Immune Unwieldy,Parry,Immune Blocked,Florentine",1400,,False,Academy|Blacksmith|Carpentry|Coliseum|Conditioning Field|Fletchery|Forge|Furnace|Joinery|Levy Hall|Tiltyard|War College,7,12
"Sgt/Pitchfork+HuntBow/Leather (TY) [(NInd, EProw, NPie, NCun), Florentine, ImmU, Nimble]|M7",Sergeant,Pitchfork,,Leather,Hunting Bow,True,25,"Nimble,Immune Unwieldy,Parry,Immune Blocked,Florentine",1400,,False,Academy|Animal Husbandry|Carpentry|Coliseum|Conditioning Field|Fletchery|Levy Hall|Tannery|Tiltyard|War College,7,6
"Sgt/Halberd/Leather [MiMiStI, (RInd, SProw, NPie, NCun), Recover 8]|M7",Sergeant,Halberd,,Leather,,False,25,"Parry,Seize: first,Recover 8,Init +1,Immune Blocked,MaxInit3",1600,,False,Academy|Animal Husbandry|Apothecary|Blacksmith|Furnace|Herb Garden|Levy Hall|Ministry of Military Strategy|Tannery|War College,7,13
"Sgt/Pike+Crossbow/Cloth (TY) [(EInd, EProw, NPie, NCun), Florentine, ImmU, Nimble]|M7",Sergeant,Pike,,Cloth,Crossbow,True,25,"Nimble,Immune Unwieldy,Parry,Immune Blocked,Florentine",1600,,False,Academy|Blacksmith|Carpentry|Coliseum|Conditioning Field|Fletchery|Forge|Furnace|Levy Hall|Tiltyard|War College,7,12
"Sgt/Bastard+Crossbow/Tower/Cloth (TY) [(EInd, EProw, NPie, NCun), Florentine, ImmU, Nimble]|M7",Sergeant,Bastard Sword,Tower Shield,Cloth,Crossbow,True,25,"Nimble,Immune Unwieldy,Parry,Immune Blocked,Florentine",1400,,False,Academy|Blacksmith|Carpentry|Coliseum|Conditioning Field|Fletchery|Forge|Furnace|Joinery|Levy Hall|Tiltyard|War College,7,12
"Sgt/Bastard/Tower/Cloth [(EInd, EProw, NPie, NCun), Nimble, Recover 8]|M7",Sergeant,Bastard Sword,Tower Shield,Cloth,,False,25,"Immune Blocked,Parry,Nimble,Recover 8",1600,,False,Academy|Apothecary|Blacksmith|Carpentry|Conditioning Field|Forge|Furnace|Herb Garden|Joinery|Levy Hall|War College,7,12
"Sgt/Spears+Longbow/Targe/Cloth (TY) [(EInd, EProw, NPie, NCun), Florentine, ImmU, Nimble, Serr]|M8",Sergeant,Spears,Targe Shield,Cloth,Longbow,True,25,"Nimble,Immune Unwieldy,Parry,Serrated,Immune Blocked,Florentine",1200,,False,Academy|Blacksmith|Carpentry|Coliseum|Conditioning Field|Fletchery|Furnace|Joinery|Levy Hall|Master Workshop|Tiltyard|War College,8,12
"Sgt/Daggers/Leather [OuInPoM, (NInd, EProw, NPie, SCun), Poison]|M8",Sergeant,Daggers,,Leather,,False,25,"Parry,confers:Blocked,Outrider: every,Immune Blocked,confers:Strain,Poison",1500,,False,Academy|Alchemy|Animal Husbandry|Caravanery|Cipher Chamber|Furnace|Levy Hall|Outrider Intercept Post|Tannery|Toxicarium|War College,8,16
"Sgt/2HBastard/Cloth [(EInd, EProw, EPie, RCun), Enduring, Nimble, Poison, Rec 6, Recover 7, Recover 8, Serr, Shake+1]|M8",Sergeant,2HBastard,,Cloth,,False,25,"Enduring,Nimble,Recover 8,Serrated,Immune Blocked,Recover 7,Poison,Recover 6,Parry,Shake +1",1400,,False,Academy|Alchemy|Apothecary|Blacksmith|Conditioning Field|Forge|Furnace|Herb Garden|Hospitaller|Infirmary|Levy Hall|Master Workshop|Toxicarium|War College,8,21
"Sgt/Halberd+Javelin/FullPlate (TY) [(EInd, EProw, NPie, NCun), Florentine, ImmU, Nimble, Temp]|M8",Sergeant,Halberd,,Full Plate,Javelin,True,25,"Nimble,Immune Unwieldy,Parry,Tempered,Immune Blocked,Florentine",1200,,False,Academy|Animal Husbandry|Armory|Blacksmith|Carpentry|Coliseum|Conditioning Field|Fletchery|Furnace|Gilded Foundry|Levy Hall|Tannery|Tiltyard|War College,8,12
"Sgt/ShortSword/Targe/FullPlate [MiMiStI, (EInd, SProw, NPie, NCun), Recover 8, Temp]|M8",Sergeant,Short Sword,Targe Shield,Full Plate,,False,25,"Parry,Seize: first,Recover 8,Tempered,Init +1,Immune Blocked,MaxInit3",1200,,False,Academy|Animal Husbandry|Apothecary|Armory|Blacksmith|Carpentry|Furnace|Gilded Foundry|Herb Garden|Joinery|Levy Hall|Ministry of Military Strategy|Tannery|War College,8,16
"Sgt/BattleAxe+Longbow/Leather (TY) [(RInd, EProw, NPie, NCun), Florentine, ImmU, Nimble]|M8",Sergeant,Battle Axe,,Leather,Longbow,True,25,"Nimble,Immune Unwieldy,Parry,Immune Blocked,Florentine",1400,,False,Academy|Animal Husbandry|Blacksmith|Carpentry|Coliseum|Conditioning Field|Fletchery|Furnace|Levy Hall|Tannery|Tiltyard|War College,8,9
"Sgt/Spears+Crossbow/FullPlate (TY) [(EInd, EProw, NPie, NCun), Florentine, ImmU, Nimble, Temp]|M8",Sergeant,Spears,,Full Plate,Crossbow,True,25,"Nimble,Immune Unwieldy,Parry,Tempered,Immune Blocked,Florentine",1200,,False,Academy|Animal Husbandry|Armory|Blacksmith|Carpentry|Coliseum|Conditioning Field|Fletchery|Forge|Furnace|Gilded Foundry|Levy Hall|Tannery|Tiltyard|War College,8,12
"Sgt/ShortSword/Tower/Chain [MiMiStM, (EInd, SProw, NPie, NCun), Recover 8]|M8",Sergeant,Short Sword,Tower Shield,Chainmail,,False,25,"Parry +1,Recover 8,Immune Blocked,MaxInit3,Init +1,Parry,Seize: first,Crit 8",1200,,False,Academy|Animal Husbandry|Apothecary|Armory|Blacksmith|Carpentry|Forge|Furnace|Herb Garden|Joinery|Levy Hall|Ministry of Military Strategy|Tannery|University|War College,8,16
"Sgt/Bastard+Crossbow/Tower/Leather (TY) [(EInd, EProw, NPie, NCun), Florentine, ImmU, Nimble]|M8",Sergeant,Bastard Sword,Tower Shield,Leather,Crossbow,True,25,"Nimble,Immune Unwieldy,Parry,Immune Blocked,Florentine",1200,,False,Academy|Animal Husbandry|Blacksmith|Carpentry|Coliseum|Conditioning Field|Fletchery|Forge|Furnace|Joinery|Levy Hall|Tannery|Tiltyard|War College,8,12
"Sgt/Spears/Tower/Cloth [(EInd, EProw, EPie, RCun), Enduring, Nimble, Poison, Rec 6, Recover 7, Recover 8, Shake+1]|M8",Sergeant,Spears,Tower Shield,Cloth,,False,25,"Enduring,Nimble,Recover 8,Immune Blocked,Recover 7,Poison,Recover 6,Parry,Shake +1",1400,,False,Academy|Alchemy|Apothecary|Blacksmith|Carpentry|Conditioning Field|Forge|Furnace|Herb Garden|Hospitaller|Infirmary|Joinery|Levy Hall|Toxicarium|War College,8,21
"Sgt/WarHammer+Longbow/Leather (TY) [(EInd, EProw, NPie, NCun), Florentine, ImmU, Nimble]|M8",Sergeant,War Hammer,,Leather,Longbow,True,25,"Nimble,Immune Unwieldy,Parry,Immune Blocked,Florentine",1400,,False,Academy|Animal Husbandry|Blacksmith|Carpentry|Coliseum|Conditioning Field|Fletchery|Forge|Furnace|Levy Hall|Tannery|Tiltyard|War College,8,12
"Sgt/2HBastard+Longbow/Cloth (TY) [(EInd, EProw, NPie, RCun), Florentine, ImmU, Nimble, Poison]|M8",Sergeant,2HBastard,,Cloth,Longbow,True,25,"Nimble,Immune Unwieldy,Parry,Florentine,Immune Blocked,Poison",1500,,False,Academy|Alchemy|Blacksmith|Carpentry|Coliseum|Conditioning Field|Fletchery|Forge|Furnace|Levy Hall|Tiltyard|Toxicarium|War College,8,15
"Sgt/Bastard+HuntBow/Tower/Cloth (TY) [RoPaI, (EInd, SProw, NPie, NCun), Florentine, ImmU, Nimble]|M8",Sergeant,Bastard Sword,Tower Shield,Cloth,Hunting Bow,True,25,"Nimble,Immune Unwieldy,Parry,Immune Blocked,Immune Strain,Florentine",1400,,False,Academy|Blacksmith|Carpentry|Coliseum|Conditioning Field|Fletchery|Forge|Furnace|Joinery|Levy Hall|Royal Pavilion|Tiltyard|War College,8,16
"Sgt/Halberd/Leather [(RInd, EProw, EPie, NCun), Enduring, Nimble, Rec 6, Recover 7, Recover 8, Shake+1]|M8",Sergeant,Halberd,,Leather,,False,25,"Enduring,Nimble,Recover 8,Immune Blocked,Recover 7,Recover 6,Parry,Shake +1",700,,False,Academy|Alchemy|Animal Husbandry|Apothecary|Blacksmith|Butchery|Conditioning Field|Furnace|Herb Garden|Hospitaller|Infirmary|Levy Hall|Tannery|War College,8,15
"Sgt/Arming+HuntBow/Tower/Cloth (TY) [(EInd, EProw, NPie, NCun), Florentine, ImmU, Nimble]|M8",Sergeant,Arming Sword,Tower Shield,Cloth,Hunting Bow,True,25,"Nimble,Immune Unwieldy,Parry,Immune Blocked,Florentine",1400,,False,Academy|Blacksmith|Carpentry|Coliseum|Conditioning Field|Fletchery|Forge|Furnace|Joinery|Levy Hall|Stable|Tiltyard|War College,8,12
"Sgt/ShortSword+Longbow/Targe/Leather (TY) [(RInd, EProw, NPie, NCun), Florentine, ImmU, Nimble]|M8",Sergeant,Short Sword,Targe Shield,Leather,Longbow,True,25,"Nimble,Immune Unwieldy,Parry,Immune Blocked,Florentine",1200,,False,Academy|Animal Husbandry|Blacksmith|Carpentry|Coliseum|Conditioning Field|Fletchery|Furnace|Joinery|Levy Hall|Tannery|Tiltyard|War College,8,9
"Sgt/Javelin/Cloth [(RInd, EProw, NPie, RCun), Florentine, ImmU, Nimble, Poison]|M8",Sergeant,Farm Tools,,Cloth,Javelin,True,25,"Nimble,Immune Unwieldy,Parry,Florentine,Immune Blocked,Poison",1500,,False,Academy|Alchemy|Blacksmith|Carpentry|Coliseum|Conditioning Field|Fletchery|Furnace|Levy Hall|Tiltyard|Toxicarium|War College,8,12
"Sgt/Bastard+Longbow/Tower/Cloth (TY) [(EInd, EProw, NPie, NCun), Florentine, ImmU, Nimble, Serr]|M8",Sergeant,Bastard Sword,Tower Shield,Cloth,Longbow,True,25,"Nimble,Immune Unwieldy,Parry,Serrated,Immune Blocked,Florentine",1200,,False,Academy|Blacksmith|Carpentry|Coliseum|Conditioning Field|Fletchery|Forge|Furnace|Joinery|Levy Hall|Master Workshop|Tiltyard|War College,8,12
"Sgt/Morningstar+Longbow/Tower/Leather (TY) [(EInd, EProw, NPie, NCun), Florentine, ImmU, Nimble]|M8",Sergeant,Morningstar,Tower Shield,Leather,Longbow,True,25,"Nimble,Immune Unwieldy,Parry,Immune Blocked,Florentine",1200,,False,Academy|Animal Husbandry|Blacksmith|Carpentry|Coliseum|Conditioning Field|Fletchery|Forge|Furnace|Joinery|Levy Hall|Tannery|Tiltyard|War College,8,12
"Sgt/ShortSword/Tower/Cloth [RoPaI, (EInd, SProw, EPie, RCun), Enduring, Poison, Rec 6, Recover 7, Recover 8, Shake+1]|M8",Sergeant,Short Sword,Tower Shield,Cloth,,False,25,"Enduring,Recover 8,Immune Blocked,Recover 7,Immune Strain,Poison,Recover 6,Parry,Shake +1",1400,,False,Academy|Alchemy|Apothecary|Blacksmith|Carpentry|Forge|Furnace|Herb Garden|Hospitaller|Infirmary|Joinery|Levy Hall|Royal Pavilion|Toxicarium|War College,8,25
"Sgt/Flail+Longbow/Kite/FullPlate (TY) [(EInd, EProw, NPie, NCun), Florentine, ImmU, Nimble, Temp]|M8",Sergeant,Flail,Kite Shield,Full Plate,Longbow,True,25,"Nimble,Immune Unwieldy,Parry,Tempered,Immune Blocked,Florentine",1000,,False,Academy|Animal Husbandry|Armory|Blacksmith|Carpentry|Coliseum|Conditioning Field|Fletchery|Furnace|Gilded Foundry|Joinery|Levy Hall|Tannery|Tiltyard|War College,8,12
"Sgt/Cavalry Spear/Kite/Cloth [(RInd, EProw, NPie, NCun), Nimble, Recover 8]|M8",Sergeant,Cavalry Spear,Kite Shield,Cloth,,False,25,"Immune Blocked,Parry,Nimble,Recover 8",1200,,False,Academy|Apothecary|Armory|Blacksmith|Carpentry|Conditioning Field|Furnace|Herb Garden|Joinery|Levy Hall|Tannery|War College,8,9
"Sgt/Morningstar+Javelin/Tower/Chain (TY) [(EInd, EProw, NPie, NCun), Florentine, ImmU, Nimble]|M8",Sergeant,Morningstar,Tower Shield,Chainmail,Javelin,True,25,"Nimble,Immune Unwieldy,Parry,Immune Blocked,Florentine",1000,,False,Academy|Animal Husbandry|Armory|Blacksmith|Carpentry|Coliseum|Conditioning Field|Fletchery|Forge|Furnace|Joinery|Levy Hall|Tannery|Tiltyard|War College,8,12
"Sgt/Spears+HuntBow/Tower/Cloth (TY) [(EInd, EProw, NPie, NCun), Florentine, ImmU, Nimble]|M8",Sergeant,Spears,Tower Shield,Cloth,Hunting Bow,True,25,"Nimble,Immune Unwieldy,Parry,Immune Blocked,Florentine",1400,,False,Academy|Blacksmith|Carpentry|Coliseum|Conditioning Field|Fletchery|Forge|Furnace|Joinery|Levy Hall|Stable|Tiltyard|War College,8,12
"Sgt/Spears+Crossbow/Tower/Cloth (TY) [PrI, (EInd, EProw, SPie, NCun), Florentine, ImmU, Nimble, Shake+1]|M8",Sergeant,Spears,Tower Shield,Cloth,Crossbow,True,25,"Nimble,Immune Unwieldy,Parry,Immune Blocked,Shake +1,Resolute,Florentine",1400,,False,Academy|Blacksmith|Carpentry|Coliseum|Conditioning Field|Fletchery|Forge|Furnace|Joinery|Levy Hall|Preceptory|Tiltyard|War College,8,22
"Sgt/HuntBow/Cloth [(NInd, EProw, NPie, NCun), Florentine, ImmU, Nimble, Recover 8]|M8",Sergeant,Farm Tools,,Cloth,Hunting Bow,True,25,"Nimble,Immune Unwieldy,Recover 8,Parry,Immune Blocked,Florentine",1600,,False,Academy|Apothecary|Carpentry|Coliseum|Conditioning Field|Fletchery|Herb Garden|Levy Hall|Tiltyard|War College,8,6
"Sgt/Spears+Crossbow/Chain (TY) [(EInd, EProw, NPie, NCun), Florentine, ImmU, Nimble]|M8",Sergeant,Spears,,Chainmail,Crossbow,True,25,"Nimble,Immune Unwieldy,Parry,Immune Blocked,Florentine",1200,,False,Academy|Animal Husbandry|Armory|Blacksmith|Carpentry|Coliseum|Conditioning Field|Fletchery|Forge|Furnace|Levy Hall|Tannery|Tiltyard|War College,8,12
"Sgt/Cavalry Spear/Buckler/Leather [MiMiStM, (RInd, SProw, NPie, NCun), Recover 8]|M8",Sergeant,Cavalry Spear,Buckler Shield,Leather,,False,25,"Parry +1,Recover 8,Immune Blocked,MaxInit3,Init +1,Parry,Seize: first,Crit 8",1400,,False,Academy|Animal Husbandry|Apothecary|Blacksmith|Carpentry|Furnace|Herb Garden|Joinery|Levy Hall|Ministry of Military Strategy|Tannery|University|War College,8,13
"Sgt/WarHammer+Crossbow/Cloth (TY) [(EInd, EProw, NPie, NCun), Florentine, ImmU, Nimble, Parry +1, Riposte, Serr]|M8",Sergeant,War Hammer,,Cloth,Crossbow,True,25,"Parry +1,Nimble,Immune Unwieldy,Serrated,Immune Blocked,Parry,Riposte,Florentine",1400,,False,Academy|Blacksmith|Carpentry|Coliseum|Conditioning Field|Fletchery|Forge|Furnace|Grand Tournament|Levy Hall|Master Workshop|Tiltyard|War College,8,12
"Sgt/Morningstar+Crossbow/Cloth (TY) [(EInd, EProw, NPie, NCun), Florentine, ImmU, Nimble, Parry +1, Riposte]|M8",Sergeant,Morningstar,,Cloth,Crossbow,True,25,"Parry +1,Nimble,Immune Unwieldy,Parry,Riposte,Immune Blocked,Florentine",1600,,False,Academy|Blacksmith|Carpentry|Coliseum|Conditioning Field|Fletchery|Forge|Furnace|Grand Tournament|Levy Hall|Stable|Tiltyard|War College,8,12
"Sgt/ShortSword+HuntBow/Targe/Leather (TY) [(RInd, EProw, NPie, NCun), Florentine, ImmU, Nimble, Parry +1, Riposte]|M8",Sergeant,Short Sword,Targe Shield,Leather,Hunting Bow,True,25,"Parry +1,Nimble,Immune Unwieldy,Parry,Riposte,Immune Blocked,Florentine",1200,,False,Academy|Animal Husbandry|Blacksmith|Carpentry|Coliseum|Conditioning Field|Fletchery|Furnace|Grand Tournament|Joinery|Levy Hall|Tannery|Tiltyard|War College,8,9
"Sgt/BattleAxe+Javelin/Chain (TY) [(RInd, EProw, NPie, NCun), Florentine, ImmU, Nimble]|M8",Sergeant,Battle Axe,,Chainmail,Javelin,True,25,"Nimble,Immune Unwieldy,Parry,Immune Blocked,Florentine",1200,,False,Academy|Animal Husbandry|Armory|Blacksmith|Carpentry|Coliseum|Conditioning Field|Fletchery|Furnace|Levy Hall|Tannery|Tiltyard|War College,8,9
"Sgt/Bastard+HuntBow/Tower/Cloth (TY) [(EInd, EProw, NPie, RCun), Florentine, ImmU, Nimble, Poison]|M8",Sergeant,Bastard Sword,Tower Shield,Cloth,Hunting Bow,True,25,"Nimble,Immune Unwieldy,Parry,Florentine,Immune Blocked,Poison",1300,,False,Academy|Alchemy|Blacksmith|Carpentry|Coliseum|Conditioning Field|Fletchery|Forge|Furnace|Joinery|Levy Hall|Tiltyard|Toxicarium|War College,8,15
"Sgt/2HBastard+HuntBow/Leather (TY) [(EInd, EProw, NPie, NCun), Florentine, ImmU, Nimble]|M8",Sergeant,2HBastard,,Leather,Hunting Bow,True,25,"Nimble,Immune Unwieldy,Parry,Immune Blocked,Florentine",1400,,False,Academy|Animal Husbandry|Blacksmith|Carpentry|Coliseum|Conditioning Field|Fletchery|Forge|Furnace|Levy Hall|Tannery|Tiltyard|War College,8,12
"Sgt/FarmTools/Cloth [(EInd, EProw, EPie, NCun), Enduring, Nimble, Rec 6, Recover 7, Recover 8, Serr, Shake+1]|M8",Sergeant,Farm Tools,,Cloth,,False,25,"Enduring,Nimble,Recover 8,Serrated,Immune Blocked,Recover 7,Recover 6,Parry,Shake +1",1500,,False,Academy|Alchemy|Apothecary|Blacksmith|Conditioning Field|Furnace|Herb Garden|Hospitaller|Infirmary|Levy Hall|Master Workshop|Stable|War College,8,18
"Sgt/FarmTools/Leather [(NInd, EProw, EPie, RCun), Enduring, Nimble, Poison, Rec 6, Recover 7, Recover 8, Shake+1]|M8",Sergeant,Farm Tools,,Leather,,False,25,"Enduring,Nimble,Recover 8,Immune Blocked,Recover 7,Poison,Recover 6,Parry,Shake +1",600,,False,Academy|Alchemy|Animal Husbandry|Apothecary|Butchery|Conditioning Field|Herb Garden|Hospitaller|Infirmary|Levy Hall|Tannery|Toxicarium|War College,8,15
"Sgt/Morningstar+HuntBow/Tower/FullPlate (TY) [(EInd, EProw, NPie, NCun), Florentine, ImmU, Nimble, Parry +1, Riposte, Temp]|M8",Sergeant,Morningstar,Tower Shield,Full Plate,Hunting Bow,True,25,"Parry +1,Nimble,Immune Unwieldy,Immune Blocked,Parry,Tempered,Riposte,Florentine",1000,,False,Academy|Animal Husbandry|Armory|Blacksmith|Carpentry|Coliseum|Conditioning Field|Fletchery|Forge|Furnace|Gilded Foundry|Grand Tournament|Joinery|Levy Hall|Tannery|Tiltyard|War College,8,12
"Sgt/ShortSword+Javelin/Kite/Chain (TY) [(RInd, EProw, NPie, NCun), Florentine, ImmU, Nimble]|M8",Sergeant,Short Sword,Kite Shield,Chainmail,Javelin,True,25,"Nimble,Immune Unwieldy,Parry,Immune Blocked,Florentine",1000,,False,Academy|Animal Husbandry|Armory|Blacksmith|Carpentry|Coliseum|Conditioning Field|Fletchery|Furnace|Joinery|Levy Hall|Tannery|Tiltyard|War College,8,9
"Sgt/WarHammer+Crossbow/Cloth (TY) [(EInd, EProw, NPie, RCun), Florentine, ImmU, Nimble, Poison]|M8",Sergeant,War Hammer,,Cloth,Crossbow,True,25,"Nimble,Immune Unwieldy,Parry,Florentine,Immune Blocked,Poison",1500,,False,Academy|Alchemy|Blacksmith|Carpentry|Coliseum|Conditioning Field|Fletchery|Forge|Furnace|Levy Hall|Tiltyard|Toxicarium|War College,8,15
"Sgt/Bastard+HuntBow/Tower/FullPlate (TY) [RoPaM, (EInd, SProw, NPie, NCun), Florentine, ImmU, Nimble, Parry +1, Riposte, Temp]|M8",Sergeant,Bastard Sword,Tower Shield,Full Plate,Hunting Bow,True,25,"Parry +1,Nimble,Immune Unwieldy,Immune Blocked,Immune Strain,Parry,Tempered,Drilled,Riposte,Florentine",1000,,False,Academy|Animal Husbandry|Armory|Blacksmith|Carpentry|Coliseum|Conditioning Field|Fletchery|Forge|Furnace|Gilded Foundry|Grand Tournament|Joinery|Levy Hall|Royal Pavilion|Tannery|Tiltyard|War College,8,16
"Sgt/WarHammer+Javelin/Chain (TY) [(EInd, EProw, NPie, NCun), Florentine, ImmU, Nimble]|M8",Sergeant,War Hammer,,Chainmail,Javelin,True,25,"Nimble,Immune Unwieldy,Parry,Immune Blocked,Florentine",1200,,False,Academy|Animal Husbandry|Armory|Blacksmith|Carpentry|Coliseum|Conditioning Field|Fletchery|Forge|Furnace|Levy Hall|Tannery|Tiltyard|War College,8,12
"Sgt/Poleaxe/FullPlate [ABFM, (SInd, EProw, NPie, RCun), Nimble, Poison, Serr, Temp]|M8",Sergeant,Poleaxe,,Full Plate,,False,25,"ABF,Nimble,Parry,Tempered,Serrated,Immune Blocked,Poison",600,,False,ABF|Academy|Alchemy|Animal Husbandry|Armory|Blacksmith|Conditioning Field|Forge|Furnace|Gilded Foundry|Levy Hall|Master Workshop|Stable|Tannery|Toxicarium|War College,8,19
"Sgt/ShortSword+Javelin/Targe/Leather (TY) [(RInd, EProw, NPie, NCun), Florentine, ImmU, Nimble]|M8",Sergeant,Short Sword,Targe Shield,Leather,Javelin,True,25,"Nimble,Immune Unwieldy,Parry,Immune Blocked,Florentine",1200,,False,Academy|Animal Husbandry|Blacksmith|Carpentry|Coliseum|Conditioning Field|Fletchery|Furnace|Joinery|Levy Hall|Tannery|Tiltyard|War College,8,9
"Sgt/WarHammer/FullPlate [(EInd, EProw, EPie, RCun), Enduring, Nimble, Poison, Rec 6, Recover 7, Recover 8, Shake+1, Temp]|M8",Sergeant,War Hammer,,Full Plate,,False,25,"Enduring,Nimble,Recover 8,Immune Blocked,Recover 7,Poison,Recover 6,Parry,Tempered,Shake +1",1200,,False,Academy|Alchemy|Animal Husbandry|Apothecary|Armory|Blacksmith|Conditioning Field|Forge|Furnace|Gilded Foundry|Herb Garden|Hospitaller|Infirmary|Levy Hall|Tannery|Toxicarium|War College,8,21
"Sgt/Spears/Kite/FullPlate [RoPaI, (EInd, SProw, NPie, NCun), Recover 8, Temp]|M8",Sergeant,Spears,Kite Shield,Full Plate,,False,25,"Parry,Recover 8,Tempered,Immune Blocked,Immune Strain",1200,,False,Academy|Animal Husbandry|Apothecary|Armory|Blacksmith|Carpentry|Furnace|Gilded Foundry|Herb Garden|Joinery|Levy Hall|Royal Pavilion|Tannery|War College,8,16
"Sgt/FarmTools/Targe/Chain [RoPaM, (RInd, SProw, NPie, NCun), Parry +1]|M8",Sergeant,Farm Tools,Targe Shield,Chainmail,,False,25,"Parry +1,Parry,Drilled,Immune Blocked,Immune Strain",400,,False,Academy|Animal Husbandry|Armory|Blacksmith|Butchery|Carpentry|Furnace|Grand Tournament|Joinery|Levy Hall|Royal Pavilion|Tannery|Tiltyard|War College,8,13
"Sgt/Cavalry Spear/Buckler/Chain [(RInd, EProw, NPie, NCun), Nimble, Recover 8]|M8",Sergeant,Cavalry Spear,Buckler Shield,Chainmail,,False,25,"Immune Blocked,Parry,Nimble,Recover 8",1200,,False,Academy|Animal Husbandry|Apothecary|Armory|Blacksmith|Carpentry|Conditioning Field|Furnace|Herb Garden|Joinery|Levy Hall|Tannery|War College,8,9
"Sgt/Daggers/Gothic [ABFM, (SInd, EProw, NPie, NCun), Nimble, Parry +1, Riposte, Serr, Temp]|M8",Sergeant,Daggers,,Gothic Plate,,False,25,"ABF,Nimble,Parry +1,Serrated,Immune Blocked,Parry,Tempered,Riposte",700,,False,ABF|Academy|Animal Husbandry|Armory|Blacksmith|Coliseum|Conditioning Field|Furnace|Gilded Foundry|Grand Tournament|Levy Hall|Master Workshop|Stable|Tannery|War College,8,16
"Sgt/Spears/FullPlate (DW) [(EInd, EProw, NPie, NCun), DW, Florentine, ImmU, Nimble, Temp]|M8",Sergeant,Spears,,Full Plate,,True,25,"Nimble,Immune Unwieldy,Parry,Tempered,Dual Wield,Immune Blocked,Florentine",1400,,False,Academy|Animal Husbandry|Armory|Blacksmith|Carpentry|Coliseum|Conditioning Field|Fletchery|Furnace|Gilded Foundry|Levy Hall|Tannery|Tiltyard|War College,8,12
"Sgt/2HBastard/Chain [RoPaM, (EInd, SProw, NPie, NCun), Parry +1, Recover 8]|M8",Sergeant,2HBastard,,Chainmail,,False,25,"Parry +1,Parry,Recover 8,Drilled,Immune Blocked,Immune Strain",1400,,False,Academy|Animal Husbandry|Apothecary|Armory|Blacksmith|Forge|Furnace|Grand Tournament|Herb Garden|Levy Hall|Royal Pavilion|Tannery|Tiltyard|War College,8,16
"Sgt/Spears+HuntBow/Kite/Chain (TY) [RoPaM, (RInd, SProw, NPie, NCun), Florentine, ImmU, Nimble, Parry +1, Riposte]|M8",Sergeant,Spears,Kite Shield,Chainmail,Hunting Bow,True,25,"Parry +1,Nimble,Immune Unwieldy,Immune Blocked,Immune Strain,Parry,Drilled,Riposte,Florentine",1000,,False,Academy|Animal Husbandry|Armory|Blacksmith|Carpentry|Coliseum|Conditioning Field|Fletchery|Furnace|Grand Tournament|Joinery|Levy Hall|Royal Pavilion|Tannery|Tiltyard|War College,8,13
"Sgt/Spears+Javelin/Targe/Leather (TY) [(RInd, EProw, NPie, NCun), Florentine, ImmU, Nimble]|M8",Sergeant,Spears,Targe Shield,Leather,Javelin,True,25,"Nimble,Immune Unwieldy,Parry,Immune Blocked,Florentine",1200,,False,Academy|Animal Husbandry|Blacksmith|Carpentry|Coliseum|Conditioning Field|Fletchery|Furnace|Joinery|Levy Hall|Tannery|Tiltyard|War College,8,9
"Sgt/ShortSword+Crossbow/Tower/Cloth (TY) [MiMiStI, (EInd, SProw, NPie, NCun), Florentine, ImmU, Nimble]|M8",Sergeant,Short Sword,Tower Shield,Cloth,Crossbow,True,25,"Nimble,Immune Unwieldy,Immune Blocked,MaxInit3,Parry,Seize: first,Init +1,Florentine",1400,,False,Academy|Blacksmith|Carpentry|Coliseum|Conditioning Field|Fletchery|Forge|Furnace|Joinery|Levy Hall|Ministry of Military Strategy|Tiltyard|War College,8,16
"Sgt/Flail/Tower/Chain [(EInd, EProw, NPie, NCun), Nimble, Recover 8]|M8",Sergeant,Flail,Tower Shield,Chainmail,,False,25,"Immune Blocked,Parry,Nimble,Recover 8",1200,,False,Academy|Animal Husbandry|Apothecary|Armory|Blacksmith|Carpentry|Conditioning Field|Forge|Furnace|Herb Garden|Joinery|Levy Hall|Tannery|War College,8,12
"Sgt/Pike+Javelin/Leather (TY) [(RInd, EProw, NPie, NCun), Florentine, ImmU, Nimble]|M8",Sergeant,Pike,,Leather,Javelin,True,25,"Nimble,Immune Unwieldy,Parry,Immune Blocked,Florentine",1400,,False,Academy|Animal Husbandry|Blacksmith|Carpentry|Coliseum|Conditioning Field|Fletchery|Furnace|Levy Hall|Tannery|Tiltyard|War College,8,9
"Sgt/Javelin/Chain [(RInd, EProw, NPie, NCun), Florentine, ImmU, Nimble]|M8",Sergeant,Farm Tools,,Chainmail,Javelin,True,25,"Nimble,Immune Unwieldy,Parry,Immune Blocked,Florentine",1200,,False,Academy|Animal Husbandry|Armory|Blacksmith|Carpentry|Coliseum|Conditioning Field|Fletchery|Furnace|Levy Hall|Tannery|Tiltyard|War College,8,9
"Sgt/Lance/Kite/Chain [OuInPoI, (EInd, EProw, NPie, SCun), Recover 8]|M8",Sergeant,Lance,Kite Shield,Chainmail,,False,25,"Parry,Recover 8,confers:Blocked,Immune Blocked,Outrider: once,confers:Strain",1200,,False,Academy|Animal Husbandry|Apothecary|Armory|Blacksmith|Carpentry|Forge|Furnace|Herb Garden|Joinery|Levy Hall|Outrider Intercept Post|Tannery|War College,8,22
"Sgt/Arming+Crossbow/FullPlate (TY) [(EInd, EProw, NPie, NCun), Florentine, ImmU, Nimble, Parry +1, Riposte, Temp]|M8",Sergeant,Arming Sword,,Full Plate,Crossbow,True,25,"Parry +1,Nimble,Immune Unwieldy,Immune Blocked,Parry,Tempered,Riposte,Florentine",1200,,False,Academy|Animal Husbandry|Armory|Blacksmith|Carpentry|Coliseum|Conditioning Field|Fletchery|Forge|Furnace|Gilded Foundry|Grand Tournament|Levy Hall|Tannery|Tiltyard|War College,8,12
"Sgt/Cudgel+HuntBow/Chain (TY) [(RInd, EProw, NPie, NCun), Florentine, ImmU, Nimble]|M8",Sergeant,Cudgel,,Chainmail,Hunting Bow,True,25,"Nimble,Immune Unwieldy,Parry,Immune Blocked,Florentine",1200,,False,Academy|Animal Husbandry|Armory|Blacksmith|Carpentry|Coliseum|Conditioning Field|Fletchery|Furnace|Levy Hall|Tannery|Tiltyard|War College,8,9
"Sgt/Cudgel/FullPlate [MiMiStM, (EInd, SProw, EPie, NCun), Enduring, Rec 6, Recover 7, Recover 8, Shake+1, Temp]|M8",Sergeant,Cudgel,,Full Plate,,False,25,"Enduring,Parry +1,Recover 8,Immune Blocked,Recover 7,MaxInit3,Recover 6,Seize: first,Tempered,Crit 8,Parry,Init +1,Shake +1",500,,False,Academy|Alchemy|Animal Husbandry|Apothecary|Armory|Blacksmith|Butchery|Furnace|Gilded Foundry|Herb Garden|Hospitaller|Infirmary|Levy Hall|Ministry of Military Strategy|Tannery|University|War College,8,22
"Sgt/Arming+HuntBow/Kite/Chain (TY) [(RInd, EProw, NPie, NCun), Florentine, ImmU, Nimble]|M8",Sergeant,Arming Sword,Kite Shield,Chainmail,Hunting Bow,True,25,"Nimble,Immune Unwieldy,Parry,Immune Blocked,Florentine",1000,,False,Academy|Animal Husbandry|Armory|Blacksmith|Carpentry|Coliseum|Conditioning Field|Fletchery|Furnace|Joinery|Levy Hall|Tannery|Tiltyard|War College,8,9
"Sgt/Arming+Longbow/Tower/Cloth (TY) [(EInd, EProw, NPie, RCun), Florentine, ImmU, Nimble, Poison]|M8",Sergeant,Arming Sword,Tower Shield,Cloth,Longbow,True,25,"Nimble,Immune Unwieldy,Parry,Florentine,Immune Blocked,Poison",1300,,False,Academy|Alchemy|Blacksmith|Carpentry|Coliseum|Conditioning Field|Fletchery|Forge|Furnace|Joinery|Levy Hall|Tiltyard|Toxicarium|War College,8,15
"Sgt/Spears+Javelin/Kite/Cloth (TY) [(RInd, EProw, NPie, NCun), Florentine, ImmU, Nimble]|M8",Sergeant,Spears,Kite Shield,Cloth,Javelin,True,25,"Nimble,Immune Unwieldy,Parry,Immune Blocked,Florentine",1000,,False,Academy|Armory|Blacksmith|Carpentry|Coliseum|Conditioning Field|Fletchery|Furnace|Joinery|Levy Hall|Tannery|Tiltyard|War College,8,9
"Sgt/FarmTools/Chain [(RInd, EProw, EPie, NCun), Enduring, Nimble, Rec 6, Recover 7, Recover 8, Shake+1]|M8",Sergeant,Farm Tools,,Chainmail,,False,25,"Enduring,Nimble,Recover 8,Immune Blocked,Recover 7,Recover 6,Parry,Shake +1",1300,,False,Academy|Alchemy|Animal Husbandry|Apothecary|Armory|Blacksmith|Conditioning Field|Furnace|Herb Garden|Hospitaller|Infirmary|Levy Hall|Stable|Tannery|War College,8,15
"Sgt/Cavalry Spear/Targe/Chain [(RInd, EProw, NPie, NCun), Nimble, Recover 8]|M8",Sergeant,Cavalry Spear,Targe Shield,Chainmail,,False,25,"Immune Blocked,Parry,Nimble,Recover 8",1200,,False,Academy|Animal Husbandry|Apothecary|Armory|Blacksmith|Carpentry|Conditioning Field|Furnace|Herb Garden|Joinery|Levy Hall|Tannery|War College,8,9
"Sgt/Arming+Longbow/Tower/FullPlate (TY) [(EInd, EProw, NPie, NCun), Florentine, ImmU, Nimble, Parry +1, Riposte, Temp]|M8",Sergeant,Arming Sword,Tower Shield,Full Plate,Longbow,True,25,"Parry +1,Nimble,Immune Unwieldy,Immune Blocked,Parry,Tempered,Riposte,Florentine",1000,,False,Academy|Animal Husbandry|Armory|Blacksmith|Carpentry|Coliseum|Conditioning Field|Fletchery|Forge|Furnace|Gilded Foundry|Grand Tournament|Joinery|Levy Hall|Tannery|Tiltyard|War College,8,12
"Sgt/WarHammer+Longbow/Cloth (TY) [(EInd, EProw, NPie, NCun), Florentine, ImmU, Nimble]|M8",Sergeant,War Hammer,,Cloth,Longbow,True,25,"Nimble,Immune Unwieldy,Parry,Immune Blocked,Florentine",1600,,False,Academy|Blacksmith|Carpentry|Coliseum|Conditioning Field|Fletchery|Forge|Furnace|Levy Hall|Stable|Tiltyard|War College,8,12
"Sgt/2HBastard/Leather [OuInPoM, (EInd, EProw, NPie, SCun)]|M8",Sergeant,2HBastard,,Leather,,False,25,"Parry,confers:Blocked,Outrider: every,Immune Blocked,confers:Strain",800,,False,Academy|Animal Husbandry|Blacksmith|Butchery|Caravanery|Cipher Chamber|Forge|Furnace|Levy Hall|Outrider Intercept Post|Tannery|War College,8,22
"Sgt/Arming/Kite/FullPlate [RoPaM, (EInd, SProw, NPie, RCun), Parry +1, Poison, Temp]|M8",Sergeant,Arming Sword,Kite Shield,Full Plate,,False,25,"Parry +1,Parry,Tempered,Drilled,Immune Blocked,Immune Strain,Poison",1100,,False,Academy|Alchemy|Animal Husbandry|Armory|Blacksmith|Carpentry|Furnace|Gilded Foundry|Grand Tournament|Joinery|Levy Hall|Royal Pavilion|Tannery|Tiltyard|Toxicarium|War College,8,19
"Sgt/2HBastard+Javelin/Leather (TY) [(EInd, EProw, NPie, NCun), Florentine, ImmU, Nimble]|M8",Sergeant,2HBastard,,Leather,Javelin,True,25,"Nimble,Immune Unwieldy,Parry,Immune Blocked,Florentine",1400,,False,Academy|Animal Husbandry|Blacksmith|Carpentry|Coliseum|Conditioning Field|Fletchery|Forge|Furnace|Levy Hall|Tannery|Tiltyard|War College,8,12
"Sgt/Bastard/Tower/Cloth [(EInd, EProw, EPie, NCun), Enduring, Nimble, Rec 6, Recover 7, Recover 8, Shake+1]|M8",Sergeant,Bastard Sword,Tower Shield,Cloth,,False,25,"Enduring,Nimble,Recover 8,Immune Blocked,Recover 7,Recover 6,Parry,Shake +1",1500,,False,Academy|Alchemy|Apothecary|Blacksmith|Carpentry|Conditioning Field|Forge|Furnace|Herb Garden|Hospitaller|Infirmary|Joinery|Levy Hall|Stable|War College,8,18
"Sgt/2HBastard+HuntBow/FullPlate (TY) [(EInd, EProw, NPie, NCun), Florentine, ImmU, Nimble, Temp]|M8",Sergeant,2HBastard,,Full Plate,Hunting Bow,True,25,"Nimble,Immune Unwieldy,Parry,Tempered,Immune Blocked,Florentine",1200,,False,Academy|Animal Husbandry|Armory|Blacksmith|Carpentry|Coliseum|Conditioning Field|Fletchery|Forge|Furnace|Gilded Foundry|Levy Hall|Tannery|Tiltyard|War College,8,12
"Sgt/Cudgel/Chain [(RInd, EProw, EPie, NCun), Enduring, Nimble, Rec 6, Recover 7, Recover 8, Shake+1]|M8",Sergeant,Cudgel,,Chainmail,,False,25,"Enduring,Nimble,Recover 8,Immune Blocked,Recover 7,Recover 6,Parry,Shake +1",500,,False,Academy|Alchemy|Animal Husbandry|Apothecary|Armory|Blacksmith|Butchery|Conditioning Field|Furnace|Herb Garden|Hospitaller|Infirmary|Levy Hall|Tannery|War College,8,15
"Sgt/Spears+Longbow/Kite/Cloth (TY) [(RInd, EProw, NPie, NCun), Florentine, ImmU, Nimble]|M8",Sergeant,Spears,Kite Shield,Cloth,Longbow,True,25,"Nimble,Immune Unwieldy,Parry,Immune Blocked,Florentine",1000,,False,Academy|Armory|Blacksmith|Carpentry|Coliseum|Conditioning Field|Fletchery|Furnace|Joinery|Levy Hall|Tannery|Tiltyard|War College,8,9
"Sgt/Cudgel+HuntBow/Leather (TY) [RoPaI, (NInd, SProw, NPie, NCun), Florentine, ImmU, Nimble]|M8",Sergeant,Cudgel,,Leather,Hunting Bow,True,25,"Nimble,Immune Unwieldy,Parry,Immune Blocked,Immune Strain,Florentine",1400,,False,Academy|Animal Husbandry|Carpentry|Coliseum|Conditioning Field|Fletchery|Levy Hall|Royal Pavilion|Tannery|Tiltyard|War College,8,10
"Sgt/ShortSword+HuntBow/Targe/FullPlate (TY) [(EInd, EProw, NPie, NCun), Florentine, ImmU, Nimble, Temp]|M8",Sergeant,Short Sword,Targe Shield,Full Plate,Hunting Bow,True,25,"Nimble,Immune Unwieldy,Parry,Tempered,Immune Blocked,Florentine",1000,,False,Academy|Animal Husbandry|Armory|Blacksmith|Carpentry|Coliseum|Conditioning Field|Fletchery|Furnace|Gilded Foundry|Joinery|Levy Hall|Tannery|Tiltyard|War College,8,12
"Sgt/Halberd+Crossbow/Cloth (TY) [(EInd, EProw, NPie, RCun), Florentine, ImmU, Nimble, Poison]|M8",Sergeant,Halberd,,Cloth,Crossbow,True,25,"Nimble,Immune Unwieldy,Parry,Florentine,Immune Blocked,Poison",1500,,False,Academy|Alchemy|Blacksmith|Carpentry|Coliseum|Conditioning Field|Fletchery|Forge|Furnace|Levy Hall|Tiltyard|Toxicarium|War College,8,15
"Sgt/Morningstar/Tower/Chain [(EInd, EProw, NPie, NCun), Nimble, Recover 8]|M8",Sergeant,Morningstar,Tower Shield,Chainmail,,False,25,"Immune Blocked,Parry,Nimble,Recover 8",1200,,False,Academy|Animal Husbandry|Apothecary|Armory|Blacksmith|Carpentry|Conditioning Field|Forge|Furnace|Herb Garden|Joinery|Levy Hall|Tannery|War College,8,12
"Sgt/Spears+Crossbow/Leather (TY) [(EInd, EProw, NPie, NCun), Florentine, ImmU, Nimble]|M8",Sergeant,Spears,,Leather,Crossbow,True,25,"Nimble,Immune Unwieldy,Parry,Immune Blocked,Florentine",1400,,False,Academy|Animal Husbandry|Blacksmith|Carpentry|Coliseum|Conditioning Field|Fletchery|Forge|Furnace|Levy Hall|Tannery|Tiltyard|War College,8,12
"Sgt/Lance/Targe/Chain [(EInd, EProw, NPie, NCun), Nimble, Recover 8]|M8",Sergeant,Lance,Targe Shield,Chainmail,,False,25,"Immune Blocked,Parry,Nimble,Recover 8",1200,,False,Academy|Animal Husbandry|Apothecary|Armory|Blacksmith|Carpentry|Conditioning Field|Forge|Furnace|Herb Garden|Joinery|Levy Hall|Tannery|War College,8,12
"Sgt/Pike+Crossbow/FullPlate (TY) [(EInd, EProw, NPie, NCun), Florentine, ImmU, Nimble, Temp]|M8",Sergeant,Pike,,Full Plate,Crossbow,True,25,"Nimble,Immune Unwieldy,Parry,Tempered,Immune Blocked,Florentine",1200,,False,Academy|Animal Husbandry|Armory|Blacksmith|Carpentry|Coliseum|Conditioning Field|Fletchery|Forge|Furnace|Gilded Foundry|Levy Hall|Tannery|Tiltyard|War College,8,12
"Sgt/Spears/Leather (DW) [(NInd, EProw, NPie, NCun), DW, Florentine, ImmU, Nimble]|M8",Sergeant,Spears,,Leather,,True,25,"Nimble,Immune Unwieldy,Parry,Dual Wield,Immune Blocked,Florentine",1600,,False,Academy|Animal Husbandry|Carpentry|Coliseum|Conditioning Field|Fletchery|Furnace|Levy Hall|Tannery|Tiltyard|War College,8,6
"Sgt/Daggers+HuntBow/Leather (TY) [(NInd, EProw, NPie, NCun), Florentine, ImmU, Nimble]|M8",Sergeant,Daggers,,Leather,Hunting Bow,True,25,"Nimble,Immune Unwieldy,Parry,Immune Blocked,Florentine",1400,,False,Academy|Animal Husbandry|Carpentry|Coliseum|Conditioning Field|Fletchery|Furnace|Levy Hall|Tannery|Tiltyard|War College,8,6
"Sgt/Arming/Kite/Cloth [(RInd, EProw, NPie, NCun), Nimble, Recover 8]|M8",Sergeant,Arming Sword,Kite Shield,Cloth,,False,25,"Immune Blocked,Parry,Nimble,Recover 8",1200,,False,Academy|Apothecary|Armory|Blacksmith|Carpentry|Conditioning Field|Furnace|Herb Garden|Joinery|Levy Hall|Tannery|War College,8,9
"Sgt/BattleAxe+Crossbow/Cloth (TY) [(EInd, EProw, NPie, NCun), Florentine, ImmU, Nimble, Serr]|M8",Sergeant,Battle Axe,,Cloth,Crossbow,True,25,"Nimble,Immune Unwieldy,Parry,Serrated,Immune Blocked,Florentine",1400,,False,Academy|Blacksmith|Carpentry|Coliseum|Conditioning Field|Fletchery|Forge|Furnace|Levy Hall|Master Workshop|Tiltyard|War College,8,12
"Sgt/Arming+HuntBow/Kite/Leather (TY) [(RInd, EProw, NPie, NCun), Florentine, ImmU, Nimble]|M8",Sergeant,Arming Sword,Kite Shield,Leather,Hunting Bow,True,25,"Nimble,Immune Unwieldy,Parry,Immune Blocked,Florentine",1000,,False,Academy|Animal Husbandry|Armory|Blacksmith|Carpentry|Coliseum|Conditioning Field|Fletchery|Furnace|Joinery|Levy Hall|Tannery|Tiltyard|War College,8,9
"Sgt/Halberd/Gothic [ABFM, (SInd, EProw, NPie, NCun), Nimble, Serr, Temp]|M8",Sergeant,Halberd,,Gothic Plate,,False,25,"ABF,Nimble,Parry,Tempered,Serrated,Immune Blocked",700,,False,ABF|Academy|Animal Husbandry|Armory|Blacksmith|Conditioning Field|Furnace|Gilded Foundry|Levy Hall|Master Workshop|Stable|Tannery|War College,8,16
"Sgt/Spears+HuntBow/Kite/FullPlate (TY) [(EInd, EProw, NPie, NCun), Florentine, ImmU, Nimble, Temp]|M8",Sergeant,Spears,Kite Shield,Full Plate,Hunting Bow,True,25,"Nimble,Immune Unwieldy,Parry,Tempered,Immune Blocked,Florentine",1000,,False,Academy|Animal Husbandry|Armory|Blacksmith|Carpentry|Coliseum|Conditioning Field|Fletchery|Furnace|Gilded Foundry|Joinery|Levy Hall|Tannery|Tiltyard|War College,8,12
"Sgt/Cudgel/Chain [RoPaM, (RInd, SProw, NPie, NCun), Parry +1, Recover 8]|M8",Sergeant,Cudgel,,Chainmail,,False,25,"Parry +1,Parry,Recover 8,Drilled,Immune Blocked,Immune Strain",1400,,False,Academy|Animal Husbandry|Apothecary|Armory|Blacksmith|Furnace|Grand Tournament|Herb Garden|Levy Hall|Royal Pavilion|Tannery|Tiltyard|War College,8,13
"Sgt/Daggers+Longbow/Cloth (TY) [MiMiStM, (NInd, SProw, NPie, NCun), Florentine, ImmU, Nimble]|M8",Sergeant,Daggers,,Cloth,Longbow,True,25,"Parry +1,Nimble,Immune Unwieldy,Immune Blocked,MaxInit3,Init +1,Parry,Seize: first,Crit 8,Florentine",1600,,False,Academy|Carpentry|Coliseum|Conditioning Field|Fletchery|Furnace|Levy Hall|Ministry of Military Strategy|Tiltyard|University|War College,8,10
"Sgt/2HBastard/Chain [(EInd, EProw, EPie, NCun), Enduring, Nimble, Parry +1, Rec 6, Recover 7, Recover 8, Riposte, Serr, Shake+1]|M8",Sergeant,2HBastard,,Chainmail,,False,25,"Enduring,Parry +1,Nimble,Recover 8,Serrated,Immune Blocked,Recover 7,Recover 6,Parry,Riposte,Shake +1",1100,,False,Academy|Alchemy|Animal Husbandry|Apothecary|Armory|Blacksmith|Coliseum|Conditioning Field|Forge|Furnace|Grand Tournament|Herb Garden|Hospitaller|Infirmary|Levy Hall|Master Workshop|Tannery|War College,8,18
"Sgt/Arming/Kite/FullPlate [MiMiStM, (EInd, SProw, NPie, NCun), Recover 8, Temp]|M8",Sergeant,Arming Sword,Kite Shield,Full Plate,,False,25,"Parry +1,Recover 8,Immune Blocked,MaxInit3,Init +1,Parry,Seize: first,Tempered,Crit 8",1200,,False,Academy|Animal Husbandry|Apothecary|Armory|Blacksmith|Carpentry|Furnace|Gilded Foundry|Herb Garden|Joinery|Levy Hall|Ministry of Military Strategy|Tannery|University|War College,8,16
"Sgt/ShortSword/Targe/FullPlate [(EInd, EProw, NPie, NCun), Nimble, Recover 8, Temp]|M8",Sergeant,Short Sword,Targe Shield,Full Plate,,False,25,"Nimble,Parry,Recover 8,Tempered,Immune Blocked",1200,,False,Academy|Animal Husbandry|Apothecary|Armory|Blacksmith|Carpentry|Conditioning Field|Furnace|Gilded Foundry|Herb Garden|Joinery|Levy Hall|Tannery|War College,8,12
"Sgt/Halberd/Leather [MiMiStI, (RInd, SProw, EPie, NCun), Enduring, Rec 6, Recover 7, Recover 8, Shake+1]|M8",Sergeant,Halberd,,Leather,,False,25,"Enduring,Recover 8,Immune Blocked,Recover 7,MaxInit3,Recover 6,Seize: first,Parry,Init +1,Shake +1",700,,False,Academy|Alchemy|Animal Husbandry|Apothecary|Blacksmith|Butchery|Furnace|Herb Garden|Hospitaller|Infirmary|Levy Hall|Ministry of Military Strategy|Tannery|War College,8,19
"Sgt/Spears/Tower/FullPlate [(EInd, EProw, NPie, NCun), Nimble, Recover 8, Temp]|M8",Sergeant,Spears,Tower Shield,Full Plate,,False,25,"Nimble,Parry,Recover 8,Tempered,Immune Blocked",1200,,False,Academy|Animal Husbandry|Apothecary|Armory|Blacksmith|Carpentry|Conditioning Field|Forge|Furnace|Gilded Foundry|Herb Garden|Joinery|Levy Hall|Tannery|War College,8,12
"Sgt/Halberd+HuntBow/Leather (TY) [(RInd, EProw, NPie, NCun), Florentine, ImmU, Nimble]|M8",Sergeant,Halberd,,Leather,Hunting Bow,True,25,"Nimble,Immune Unwieldy,Parry,Immune Blocked,Florentine",1400,,False,Academy|Animal Husbandry|Blacksmith|Carpentry|Coliseum|Conditioning Field|Fletchery|Furnace|Levy Hall|Tannery|Tiltyard|War College,8,9
"Sgt/2HBastard/Leather [(EInd, EProw, EPie, NCun), Enduring, Nimble, Parry +1, Rec 6, Recover 7, Recover 8, Riposte, Shake+1]|M8",Sergeant,2HBastard,,Leather,,False,25,"Enduring,Parry +1,Nimble,Recover 8,Immune Blocked,Recover 7,Recover 6,Parry,Riposte,Shake +1",1500,,False,Academy|Alchemy|Animal Husbandry|Apothecary|Blacksmith|Coliseum|Conditioning Field|Forge|Furnace|Grand Tournament|Herb Garden|Hospitaller|Infirmary|Levy Hall|Stable|Tannery|War College,8,18
"Sgt/Spears+Crossbow/Tower/Cloth (TY) [(EInd, EProw, NPie, NCun), Florentine, ImmU, Nimble]|M8",Sergeant,Spears,Tower Shield,Cloth,Crossbow,True,25,"Nimble,Immune Unwieldy,Parry,Immune Blocked,Florentine",1400,,False,Academy|Blacksmith|Carpentry|Coliseum|Conditioning Field|Fletchery|Forge|Furnace|Joinery|Levy Hall|Stable|Tiltyard|War College,8,12
"Sgt/Daggers/Chain [(RInd, EProw, EPie, NCun), Enduring, Nimble, Rec 6, Recover 7, Recover 8, Shake+1]|M8",Sergeant,Daggers,,Chainmail,,False,25,"Enduring,Nimble,Recover 8,Immune Blocked,Recover 7,Recover 6,Parry,Shake +1",1300,,False,Academy|Alchemy|Animal Husbandry|Apothecary|Armory|Blacksmith|Conditioning Field|Furnace|Herb Garden|Hospitaller|Infirmary|Levy Hall|Stable|Tannery|War College,8,15
"Sgt/Arming+Crossbow/Tower/Chain (TY) [(EInd, EProw, NPie, NCun), Florentine, ImmU, Nimble]|M8",Sergeant,Arming Sword,Tower Shield,Chainmail,Crossbow,True,25,"Nimble,Immune Unwieldy,Parry,Immune Blocked,Florentine",1000,,False,Academy|Animal Husbandry|Armory|Blacksmith|Carpentry|Coliseum|Conditioning Field|Fletchery|Forge|Furnace|Joinery|Levy Hall|Tannery|Tiltyard|War College,8,12
"Sgt/ShortSword/Tower/Chain [MiMiStM, (EInd, SProw, EPie, NCun), Enduring, Rec 6, Recover 7, Recover 8, Serr, Shake+1]|M9",Sergeant,Short Sword,Tower Shield,Chainmail,,False,25,"Enduring,Parry +1,Recover 8,Serrated,Immune Blocked,MaxInit3,Recover 7,Init +1,Recover 6,Seize: first,Parry,Crit 8,Shake +1",900,,False,Academy|Alchemy|Animal Husbandry|Apothecary|Armory|Blacksmith|Carpentry|Forge|Furnace|Herb Garden|Hospitaller|Infirmary|Joinery|Levy Hall|Master Workshop|Ministry of Military Strategy|Tannery|University|War College,9,22
"Sgt/Morningstar+Crossbow/Tower/Cloth (TY) [OuInPoI, (EInd, EProw, NPie, SCun), Florentine, ImmU, Nimble, Poison]|M9",Sergeant,Morningstar,Tower Shield,Cloth,Crossbow,True,25,"Nimble,Immune Unwieldy,Immune Blocked,Outrider: once,confers:Strain,Poison,Parry,confers:Blocked,Florentine",1300,,False,Academy|Alchemy|Blacksmith|Carpentry|Coliseum|Conditioning Field|Fletchery|Forge|Furnace|Joinery|Levy Hall|Outrider Intercept Post|Tiltyard|Toxicarium|War College,9,22
"Sgt/Daggers+HuntBow/Cloth (TY) [(NInd, EProw, NPie, NCun), Florentine, ImmU, Nimble, Recover 8]|M9",Sergeant,Daggers,,Cloth,Hunting Bow,True,25,"Nimble,Immune Unwieldy,Recover 8,Parry,Immune Blocked,Florentine",1600,,False,Academy|Apothecary|Carpentry|Coliseum|Conditioning Field|Fletchery|Furnace|Herb Garden|Levy Hall|Tiltyard|War College,9,6
"Sgt/Spears+Javelin/Kite/FullPlate (TY) [(EInd, EProw, NPie, NCun), Florentine, ImmU, Nimble, Serr, Temp]|M9",Sergeant,Spears,Kite Shield,Full Plate,Javelin,True,25,"Nimble,Immune Unwieldy,Parry,Tempered,Serrated,Immune Blocked,Florentine",800,,False,Academy|Animal Husbandry|Armory|Blacksmith|Carpentry|Coliseum|Conditioning Field|Fletchery|Furnace|Gilded Foundry|Joinery|Levy Hall|Master Workshop|Tannery|Tiltyard|War College,9,12
"Sgt/Cavalry Spear/Kite/Chain [MiMiStM, (EInd, SProw, EPie, NCun), Enduring, Rec 6, Recover 7, Recover 8, Serr, Shake+1]|M9",Sergeant,Cavalry Spear,Kite Shield,Chainmail,,False,25,"Enduring,Parry +1,Recover 8,Serrated,Immune Blocked,MaxInit3,Recover 7,Recover 6,Seize: first,Crit 8,Parry,Init +1,Shake +1",900,,False,Academy|Alchemy|Animal Husbandry|Apothecary|Armory|Blacksmith|Carpentry|Furnace|Herb Garden|Hospitaller|Infirmary|Joinery|Levy Hall|Master Workshop|Ministry of Military Strategy|Tannery|University|War College,9,22
"Sgt/Pitchfork+Javelin/Leather (TY) [(RInd, EProw, NPie, NCun), Florentine, ImmU, Nimble]|M9",Sergeant,Pitchfork,,Leather,Javelin,True,25,"Nimble,Immune Unwieldy,Parry,Immune Blocked,Florentine",600,,False,Academy|Animal Husbandry|Blacksmith|Butchery|Carpentry|Coliseum|Conditioning Field|Fletchery|Furnace|Levy Hall|Tannery|Tiltyard|War College,9,9
"Sgt/ShortSword+Crossbow/Chain (TY) [(EInd, EProw, NPie, RCun), Florentine, ImmU, Nimble, Poison]|M9",Sergeant,Short Sword,,Chainmail,Crossbow,True,25,"Nimble,Immune Unwieldy,Parry,Florentine,Immune Blocked,Poison",1100,,False,Academy|Alchemy|Animal Husbandry|Armory|Blacksmith|Carpentry|Coliseum|Conditioning Field|Fletchery|Forge|Furnace|Levy Hall|Tannery|Tiltyard|Toxicarium|War College,9,15
"Sgt/ShortSword+Javelin/Targe/FullPlate (TY) [(EInd, EProw, NPie, RCun), Florentine, ImmU, Nimble, Poison, Temp]|M9",Sergeant,Short Sword,Targe Shield,Full Plate,Javelin,True,25,"Nimble,Immune Unwieldy,Parry,Tempered,Florentine,Immune Blocked,Poison",900,,False,Academy|Alchemy|Animal Husbandry|Armory|Blacksmith|Carpentry|Coliseum|Conditioning Field|Fletchery|Furnace|Gilded Foundry|Joinery|Levy Hall|Tannery|Tiltyard|Toxicarium|War College,9,15
"Sgt/Flail/Tower/Chain [(EInd, EProw, EPie, NCun), Enduring, Nimble, Rec 6, Recover 7, Recover 8, Shake+1]|M9",Sergeant,Flail,Tower Shield,Chainmail,,False,25,"Enduring,Nimble,Recover 8,Immune Blocked,Recover 7,Recover 6,Parry,Shake +1",300,,False,Academy|Alchemy|Animal Husbandry|Apothecary|Armory|Blacksmith|Butchery|Carpentry|Conditioning Field|Forge|Furnace|Herb Garden|Hospitaller|Infirmary|Joinery|Levy Hall|Tannery|War College,9,18
"Sgt/Pitchfork+Crossbow/FullPlate (TY) [(EInd, EProw, NPie, RCun), Florentine, ImmU, Nimble, Poison, Temp]|M9",Sergeant,Pitchfork,,Full Plate,Crossbow,True,25,"Nimble,Immune Unwieldy,Parry,Tempered,Florentine,Immune Blocked,Poison",1100,,False,Academy|Alchemy|Animal Husbandry|Armory|Blacksmith|Carpentry|Coliseum|Conditioning Field|Fletchery|Forge|Furnace|Gilded Foundry|Levy Hall|Tannery|Tiltyard|Toxicarium|War College,9,15
"Sgt/ShortSword+HuntBow/Targe/FullPlate (TY) [MiMiStM, (EInd, SProw, NPie, NCun), Florentine, ImmU, Nimble, Temp]|M9",Sergeant,Short Sword,Targe Shield,Full Plate,Hunting Bow,True,25,"Parry +1,Nimble,Immune Unwieldy,Immune Blocked,MaxInit3,Init +1,Parry,Seize: first,Tempered,Crit 8,Florentine",1000,,False,Academy|Animal Husbandry|Armory|Blacksmith|Carpentry|Coliseum|Conditioning Field|Fletchery|Furnace|Gilded Foundry|Joinery|Levy Hall|Ministry of Military Strategy|Tannery|Tiltyard|University|War College,9,16
"Sgt/Morningstar+Crossbow/Tower/FullPlate (TY) [(EInd, EProw, NPie, NCun), Florentine, ImmU, Nimble, Temp]|M9",Sergeant,Morningstar,Tower Shield,Full Plate,Crossbow,True,25,"Nimble,Immune Unwieldy,Parry,Tempered,Immune Blocked,Florentine",200,,False,Academy|Animal Husbandry|Armory|Blacksmith|Butchery|Carpentry|Coliseum|Conditioning Field|Fletchery|Forge|Furnace|Gilded Foundry|Joinery|Levy Hall|Tannery|Tiltyard|War College,9,12
"Sgt/Pike+Javelin/FullPlate (TY) [(EInd, EProw, NPie, RCun), Florentine, ImmU, Nimble, Poison, Temp]|M9",Sergeant,Pike,,Full Plate,Javelin,True,25,"Nimble,Immune Unwieldy,Parry,Tempered,Florentine,Immune Blocked,Poison",1100,,False,Academy|Alchemy|Animal Husbandry|Armory|Blacksmith|Carpentry|Coliseum|Conditioning Field|Fletchery|Furnace|Gilded Foundry|Levy Hall|Tannery|Tiltyard|Toxicarium|War College,9,15
"Sgt/Longbow/Chain [(RInd, EProw, NPie, NCun), Florentine, ImmU, Nimble]|M9",Sergeant,Farm Tools,,Chainmail,Longbow,True,25,"Nimble,Immune Unwieldy,Parry,Immune Blocked,Florentine",400,,False,Academy|Animal Husbandry|Armory|Blacksmith|Butchery|Carpentry|Coliseum|Conditioning Field|Fletchery|Furnace|Levy Hall|Tannery|Tiltyard|War College,9,9
"Sgt/Flail+HuntBow/Kite/Cloth (TY) [RoPaM, (RInd, SProw, NPie, NCun), Florentine, ImmU, Nimble, Parry +1, Riposte]|M9",Sergeant,Flail,Kite Shield,Cloth,Hunting Bow,True,25,"Parry +1,Nimble,Immune Unwieldy,Immune Blocked,Immune Strain,Parry,Drilled,Riposte,Florentine",200,,False,Academy|Animal Husbandry|Armory|Blacksmith|Butchery|Carpentry|Coliseum|Conditioning Field|Fletchery|Furnace|Grand Tournament|Joinery|Levy Hall|Royal Pavilion|Tannery|Tiltyard|War College,9,13
"Sgt/Flail+Longbow/Tower/Leather (TY) [(EInd, EProw, NPie, NCun), Florentine, ImmU, Nimble]|M9",Sergeant,Flail,Tower Shield,Leather,Longbow,True,25,"Nimble,Immune Unwieldy,Parry,Immune Blocked,Florentine",1200,,False,Academy|Animal Husbandry|Blacksmith|Carpentry|Coliseum|Conditioning Field|Fletchery|Forge|Furnace|Joinery|Levy Hall|Stable|Tannery|Tiltyard|War College,9,12
"Sgt/WarHammer+Javelin/FullPlate (TY) [(EInd, EProw, NPie, RCun), Florentine, ImmU, Nimble, Poison, Temp]|M9",Sergeant,War Hammer,,Full Plate,Javelin,True,25,"Nimble,Immune Unwieldy,Parry,Tempered,Florentine,Immune Blocked,Poison",1100,,False,Academy|Alchemy|Animal Husbandry|Armory|Blacksmith|Carpentry|Coliseum|Conditioning Field|Fletchery|Forge|Furnace|Gilded Foundry|Levy Hall|Tannery|Tiltyard|Toxicarium|War College,9,15
"Sgt/Arming/Kite/Cloth [(EInd, EProw, EPie, NCun), Enduring, Nimble, Rec 6, Recover 7, Recover 8, Serr, Shake+1]|M9",Sergeant,Arming Sword,Kite Shield,Cloth,,False,25,"Enduring,Nimble,Recover 8,Serrated,Immune Blocked,Recover 7,Recover 6,Parry,Shake +1",900,,False,Academy|Alchemy|Apothecary|Armory|Blacksmith|Carpentry|Conditioning Field|Furnace|Herb Garden|Hospitaller|Infirmary|Joinery|Levy Hall|Master Workshop|Tannery|War College,9,18
"Sgt/Lance/Buckler/Cloth [(EInd, EProw, EPie, RCun), Enduring, Nimble, Poison, Rec 6, Recover 7, Recover 8, Serr, Shake+1]|M9",Sergeant,Lance,Buckler Shield,Cloth,,False,25,"Enduring,Nimble,Recover 8,Serrated,Immune Blocked,Recover 7,Poison,Recover 6,Parry,Shake +1",1200,,False,Academy|Alchemy|Apothecary|Blacksmith|Carpentry|Conditioning Field|Forge|Furnace|Herb Garden|Hospitaller|Infirmary|Joinery|Levy Hall|Master Workshop|Toxicarium|War College,9,21
"Sgt/Cavalry Spear/Heater/FullPlate [ABFM, (SInd, EProw, NPie, NCun), Nimble, Serr, Temp]|M9",Sergeant,Cavalry Spear,Heater Shield,Full Plate,,False,25,"ABF,Nimble,Parry,Tempered,Serrated,Immune Blocked",500,,False,ABF|Academy|Animal Husbandry|Armory|Blacksmith|Carpentry|Conditioning Field|Furnace|Gilded Foundry|Joinery|Levy Hall|Master Workshop|Stable|Tannery|War College,9,16
"Sgt/Daggers+HuntBow/Leather (TY) [(EInd, EProw, NPie, NCun), Florentine, ImmU, Nimble, Serr]|M9",Sergeant,Daggers,,Leather,Hunting Bow,True,25,"Nimble,Immune Unwieldy,Parry,Serrated,Immune Blocked,Florentine",1200,,False,Academy|Animal Husbandry|Blacksmith|Carpentry|Coliseum|Conditioning Field|Fletchery|Furnace|Levy Hall|Master Workshop|Tannery|Tiltyard|War College,9,12
"Sgt/Javelin/Leather [PrI, (RInd, EProw, SPie, NCun), Florentine, ImmU, Nimble, Shake+1]|M9",Sergeant,Farm Tools,,Leather,Javelin,True,25,"Nimble,Immune Unwieldy,Parry,Immune Blocked,Shake +1,Resolute,Florentine",1400,,False,Academy|Animal Husbandry|Blacksmith|Carpentry|Coliseum|Conditioning Field|Fletchery|Furnace|Levy Hall|Preceptory|Tannery|Tiltyard|War College,9,19
"Sgt/Flail+Crossbow/Leather (TY) [(EInd, EProw, NPie, NCun), Florentine, ImmU, Nimble, Serr]|M9",Sergeant,Flail,,Leather,Crossbow,True,25,"Nimble,Immune Unwieldy,Parry,Serrated,Immune Blocked,Florentine",1200,,False,Academy|Animal Husbandry|Blacksmith|Carpentry|Coliseum|Conditioning Field|Fletchery|Forge|Furnace|Levy Hall|Master Workshop|Tannery|Tiltyard|War College,9,12
"Sgt/Morningstar+Javelin/Tower/Leather (TY) [(EInd, EProw, NPie, NCun), Florentine, ImmU, Nimble]|M9",Sergeant,Morningstar,Tower Shield,Leather,Javelin,True,25,"Nimble,Immune Unwieldy,Parry,Immune Blocked,Florentine",400,,False,Academy|Animal Husbandry|Blacksmith|Butchery|Carpentry|Coliseum|Conditioning Field|Fletchery|Forge|Furnace|Joinery|Levy Hall|Tannery|Tiltyard|War College,9,12
"Sgt/ShortSword/Tower/FullPlate [RoPaM, (EInd, SProw, NPie, NCun), Parry +1, Recover 8, Temp]|M9",Sergeant,Short Sword,Tower Shield,Full Plate,,False,25,"Parry +1,Parry,Recover 8,Tempered,Drilled,Immune Blocked,Immune Strain",1200,,False,Academy|Animal Husbandry|Apothecary|Armory|Blacksmith|Carpentry|Forge|Furnace|Gilded Foundry|Grand Tournament|Herb Garden|Joinery|Levy Hall|Royal Pavilion|Tannery|Tiltyard|War College,9,16
"Sgt/Bastard+Crossbow/Tower/Chain (TY) [(EInd, EProw, NPie, NCun), Florentine, ImmU, Nimble]|M9",Sergeant,Bastard Sword,Tower Shield,Chainmail,Crossbow,True,25,"Nimble,Immune Unwieldy,Parry,Immune Blocked,Florentine",200,,False,Academy|Animal Husbandry|Armory|Blacksmith|Butchery|Carpentry|Coliseum|Conditioning Field|Fletchery|Forge|Furnace|Joinery|Levy Hall|Tannery|Tiltyard|War College,9,12
"Sgt/Arming+Javelin/Kite/FullPlate (TY) [(EInd, EProw, NPie, RCun), Florentine, ImmU, Nimble, Poison, Temp]|M9",Sergeant,Arming Sword,Kite Shield,Full Plate,Javelin,True,25,"Nimble,Immune Unwieldy,Parry,Tempered,Florentine,Immune Blocked,Poison",900,,False,Academy|Alchemy|Animal Husbandry|Armory|Blacksmith|Carpentry|Coliseum|Conditioning Field|Fletchery|Furnace|Gilded Foundry|Joinery|Levy Hall|Tannery|Tiltyard|Toxicarium|War College,9,15
"Sgt/Arming/Heater/FullPlate [ABFM, (SInd, EProw, NPie, NCun), Nimble, Serr, Temp]|M9",Sergeant,Arming Sword,Heater Shield,Full Plate,,False,25,"ABF,Nimble,Parry,Tempered,Serrated,Immune Blocked",500,,False,ABF|Academy|Animal Husbandry|Armory|Blacksmith|Carpentry|Conditioning Field|Furnace|Gilded Foundry|Joinery|Levy Hall|Master Workshop|Stable|Tannery|War College,9,16
"Sgt/Pitchfork+Longbow/Leather (TY) [(EInd, EProw, NPie, NCun), Florentine, ImmU, Nimble, Serr]|M9",Sergeant,Pitchfork,,Leather,Longbow,True,25,"Nimble,Immune Unwieldy,Parry,Serrated,Immune Blocked,Florentine",1200,,False,Academy|Animal Husbandry|Blacksmith|Carpentry|Coliseum|Conditioning Field|Fletchery|Furnace|Levy Hall|Master Workshop|Tannery|Tiltyard|War College,9,12
"Sgt/Cavalry Spear/Buckler/Leather [(RInd, EProw, EPie, NCun), Enduring, Nimble, Rec 6, Recover 7, Recover 8, Shake+1]|M9",Sergeant,Cavalry Spear,Buckler Shield,Leather,,False,25,"Enduring,Nimble,Recover 8,Immune Blocked,Recover 7,Recover 6,Parry,Shake +1",500,,False,Academy|Alchemy|Animal Husbandry|Apothecary|Blacksmith|Butchery|Carpentry|Conditioning Field|Furnace|Herb Garden|Hospitaller|Infirmary|Joinery|Levy Hall|Tannery|War College,9,15
"Sgt/ShortSword+Javelin/Tower/Leather (TY) [(EInd, EProw, NPie, NCun), Florentine, ImmU, Nimble, Serr]|M9",Sergeant,Short Sword,Tower Shield,Leather,Javelin,True,25,"Nimble,Immune Unwieldy,Parry,Serrated,Immune Blocked,Florentine",1000,,False,Academy|Animal Husbandry|Blacksmith|Carpentry|Coliseum|Conditioning Field|Fletchery|Forge|Furnace|Joinery|Levy Hall|Master Workshop|Tannery|Tiltyard|War College,9,12
"Sgt/Cudgel+Javelin/FullPlate (TY) [(EInd, EProw, NPie, NCun), Florentine, ImmU, Nimble, Serr, Temp]|M9",Sergeant,Cudgel,,Full Plate,Javelin,True,25,"Nimble,Immune Unwieldy,Parry,Tempered,Serrated,Immune Blocked,Florentine",1000,,False,Academy|Animal Husbandry|Armory|Blacksmith|Carpentry|Coliseum|Conditioning Field|Fletchery|Furnace|Gilded Foundry|Levy Hall|Master Workshop|Tannery|Tiltyard|War College,9,12
"Sgt/ShortSword/FullPlate (DW) [(EInd, EProw, NPie, NCun), DW, Florentine, ImmU, Nimble, Temp]|M9",Sergeant,Short Sword,,Full Plate,,True,25,"Nimble,Immune Unwieldy,Parry,Tempered,Dual Wield,Immune Blocked,Florentine",1400,,False,Academy|Animal Husbandry|Armory|Blacksmith|Carpentry|Coliseum|Conditioning Field|Fletchery|Furnace|Gilded Foundry|Levy Hall|Stable|Tannery|Tiltyard|War College,9,12
"Sgt/Poleaxe/Cloth [ABFM, (SInd, EProw, NPie, NCun), Nimble, Recover 8, Serr, Temp]|M9",Sergeant,Poleaxe,,Cloth,,False,25,"ABF,Nimble,Parry,Recover 8,Tempered,Serrated,Immune Blocked",700,,False,ABF|Academy|Apothecary|Armory|Blacksmith|Conditioning Field|Forge|Furnace|Gilded Foundry|Herb Garden|Levy Hall|Master Workshop|Stable|Tannery|War College,9,16
"Sgt/Arming/Tower/Cloth [(EInd, EProw, EPie, RCun), Enduring, Nimble, Poison, Rec 6, Recover 7, Recover 8, Shake+1]|M9",Sergeant,Arming Sword,Tower Shield,Cloth,,False,25,"Enduring,Nimble,Recover 8,Immune Blocked,Recover 7,Poison,Recover 6,Parry,Shake +1",1400,,False,Academy|Alchemy|Apothecary|Blacksmith|Carpentry|Conditioning Field|Forge|Furnace|Herb Garden|Hospitaller|Infirmary|Joinery|Levy Hall|Stable|Toxicarium|War College,9,21
"Sgt/WarHammer+HuntBow/Leather (TY) [(EInd, EProw, NPie, NCun), Florentine, ImmU, Nimble]|M9",Sergeant,War Hammer,,Leather,Hunting Bow,True,25,"Nimble,Immune Unwieldy,Parry,Immune Blocked,Florentine",600,,False,Academy|Animal Husbandry|Blacksmith|Butchery|Carpentry|Coliseum|Conditioning Field|Fletchery|Forge|Furnace|Levy Hall|Tannery|Tiltyard|War College,9,12
"Sgt/ShortSword/Chain (DW) [(RInd, EProw, NPie, NCun), DW, Florentine, ImmU, Nimble]|M9",Sergeant,Short Sword,,Chainmail,,True,25,"Nimble,Immune Unwieldy,Parry,Dual Wield,Immune Blocked,Florentine",600,,False,Academy|Animal Husbandry|Armory|Blacksmith|Butchery|Carpentry|Coliseum|Conditioning Field|Fletchery|Furnace|Levy Hall|Tannery|Tiltyard|War College,9,9
"Sgt/Morningstar+Crossbow/Chain (TY) [RoPaM, (EInd, SProw, NPie, NCun), Florentine, ImmU, Nimble, Parry +1, Riposte, Serr]|M9",Sergeant,Morningstar,,Chainmail,Crossbow,True,25,"Parry +1,Nimble,Immune Unwieldy,Serrated,Immune Blocked,Immune Strain,Parry,Drilled,Riposte,Florentine",1000,,False,Academy|Animal Husbandry|Armory|Blacksmith|Carpentry|Coliseum|Conditioning Field|Fletchery|Forge|Furnace|Grand Tournament|Levy Hall|Master Workshop|Royal Pavilion|Tannery|Tiltyard|War College,9,16
"Sgt/Cavalry Spear/Kite/Chain [(RInd, EProw, EPie, NCun), Enduring, Nimble, Rec 6, Recover 7, Recover 8, Shake+1]|M9",Sergeant,Cavalry Spear,Kite Shield,Chainmail,,False,25,"Enduring,Nimble,Recover 8,Immune Blocked,Recover 7,Recover 6,Parry,Shake +1",1100,,False,Academy|Alchemy|Animal Husbandry|Apothecary|Armory|Blacksmith|Carpentry|Conditioning Field|Furnace|Herb Garden|Hospitaller|Infirmary|Joinery|Levy Hall|Stable|Tannery|War College,9,15
"Sgt/Pitchfork/Cloth [(EInd, EProw, EPie, RCun), Enduring, Nimble, Poison, Rec 6, Recover 7, Recover 8, Serr, Shake+1]|M9",Sergeant,Pitchfork,,Cloth,,False,25,"Enduring,Nimble,Recover 8,Serrated,Immune Blocked,Recover 7,Poison,Recover 6,Parry,Shake +1",1400,,False,Academy|Alchemy|Apothecary|Blacksmith|Conditioning Field|Furnace|Herb Garden|Hospitaller|Infirmary|Levy Hall|Master Workshop|Stable|Toxicarium|War College,9,21
"Sgt/Arming+Crossbow/FullPlate (TY) [(EInd, EProw, NPie, NCun), Florentine, ImmU, Nimble, Parry +1, Riposte, Temp]|M9",Sergeant,Arming Sword,,Full Plate,Crossbow,True,25,"Parry +1,Nimble,Immune Unwieldy,Immune Blocked,Parry,Tempered,Riposte,Florentine",1200,,False,Academy|Animal Husbandry|Armory|Blacksmith|Carpentry|Coliseum|Conditioning Field|Fletchery|Forge|Furnace|Gilded Foundry|Grand Tournament|Levy Hall|Stable|Tannery|Tiltyard|War College,9,12
"Sgt/Daggers+Longbow/Leather (TY) [(NInd, EProw, NPie, RCun), Florentine, ImmU, Nimble, Poison]|M9",Sergeant,Daggers,,Leather,Longbow,True,25,"Nimble,Immune Unwieldy,Parry,Florentine,Immune Blocked,Poison",1300,,False,Academy|Alchemy|Animal Husbandry|Carpentry|Coliseum|Conditioning Field|Fletchery|Furnace|Levy Hall|Tannery|Tiltyard|Toxicarium|War College,9,9
"Sgt/Cudgel+Longbow/Leather (TY) [(NInd, EProw, NPie, NCun), Florentine, ImmU, Nimble]|M9",Sergeant,Cudgel,,Leather,Longbow,True,25,"Nimble,Immune Unwieldy,Parry,Immune Blocked,Florentine",1400,,False,Academy|Animal Husbandry|Carpentry|Coliseum|Conditioning Field|Fletchery|Furnace|Levy Hall|Stable|Tannery|Tiltyard|War College,9,6
"Sgt/FarmTools/Buckler/FullPlate [(EInd, EProw, EPie, NCun), Enduring, Nimble, Rec 6, Recover 7, Recover 8, Serr, Shake+1, Temp]|M9",Sergeant,Farm Tools,Buckler Shield,Full Plate,,False,25,"Enduring,Nimble,Recover 8,Serrated,Immune Blocked,Recover 7,Recover 6,Parry,Tempered,Shake +1",900,,False,Academy|Alchemy|Animal Husbandry|Apothecary|Armory|Blacksmith|Carpentry|Conditioning Field|Furnace|Gilded Foundry|Herb Garden|Hospitaller|Infirmary|Joinery|Levy Hall|Master Workshop|Tannery|War College,9,18
"Sgt/Spears/Heater/Chain [ABFM, (SInd, EProw, NPie, NCun), Nimble, Serr, Temp]|M9",Sergeant,Spears,Heater Shield,Chainmail,,False,25,"ABF,Nimble,Parry,Tempered,Serrated,Immune Blocked",500,,False,ABF|Academy|Animal Husbandry|Armory|Blacksmith|Carpentry|Conditioning Field|Furnace|Gilded Foundry|Joinery|Levy Hall|Master Workshop|Stable|Tannery|War College,9,16
"Sgt/Morningstar/Heater/Chain [ABFM, (SInd, EProw, NPie, RCun), Nimble, Poison, Serr, Temp]|M9",Sergeant,Morningstar,Heater Shield,Chainmail,,False,25,"ABF,Nimble,Parry,Tempered,Serrated,Immune Blocked,Poison",400,,False,ABF|Academy|Alchemy|Animal Husbandry|Armory|Blacksmith|Carpentry|Conditioning Field|Forge|Furnace|Gilded Foundry|Joinery|Levy Hall|Master Workshop|Stable|Tannery|Toxicarium|War College,9,19
"Sgt/Halberd/Chain [(RInd, EProw, EPie, RCun), Enduring, Nimble, Poison, Rec 6, Recover 7, Recover 8, Shake+1]|M9",Sergeant,Halberd,,Chainmail,,False,25,"Enduring,Nimble,Recover 8,Immune Blocked,Recover 7,Poison,Recover 6,Parry,Shake +1",1200,,False,Academy|Alchemy|Animal Husbandry|Apothecary|Armory|Blacksmith|Conditioning Field|Furnace|Herb Garden|Hospitaller|Infirmary|Levy Hall|Stable|Tannery|Toxicarium|War College,9,18
"Sgt/Morningstar/Tower/Chain [(EInd, EProw, EPie, RCun), Enduring, Nimble, Poison, Rec 6, Recover 7, Recover 8, Shake+1]|M9",Sergeant,Morningstar,Tower Shield,Chainmail,,False,25,"Enduring,Nimble,Recover 8,Immune Blocked,Recover 7,Poison,Recover 6,Parry,Shake +1",1000,,False,Academy|Alchemy|Animal Husbandry|Apothecary|Armory|Blacksmith|Carpentry|Conditioning Field|Forge|Furnace|Herb Garden|Hospitaller|Infirmary|Joinery|Levy Hall|Tannery|Toxicarium|War College,9,21
"Sgt/Flail+Javelin/Kite/Leather (TY) [(RInd, EProw, NPie, NCun), Florentine, ImmU, Nimble]|M9",Sergeant,Flail,Kite Shield,Leather,Javelin,True,25,"Nimble,Immune Unwieldy,Parry,Immune Blocked,Florentine",1000,,False,Academy|Animal Husbandry|Armory|Blacksmith|Carpentry|Coliseum|Conditioning Field|Fletchery|Furnace|Joinery|Levy Hall|Stable|Tannery|Tiltyard|War College,9,9
"Sgt/Lance/Heater/Chain [ABFM, MiMiStM, (SInd, SProw, NPie, NCun), Serr, Temp]|M9",Sergeant,Lance,Heater Shield,Chainmail,,False,25,"ABF,Parry +1,Serrated,Immune Blocked,MaxInit3,Init +1,Parry,Seize: first,Tempered,Crit 8",200,,False,ABF|Academy|Animal Husbandry|Armory|Blacksmith|Butchery|Carpentry|Forge|Furnace|Gilded Foundry|Joinery|Levy Hall|Master Workshop|Ministry of Military Strategy|Stable|Tannery|University|War College,9,20
"Sgt/Spears/Tower/FullPlate [MiMiStI, (EInd, SProw, EPie, NCun), Enduring, Rec 6, Recover 7, Recover 8, Shake+1, Temp]|M9",Sergeant,Spears,Tower Shield,Full Plate,,False,25,"Enduring,Recover 8,Immune Blocked,MaxInit3,Recover 7,Recover 6,Seize: first,Tempered,Parry,Init +1,Shake +1",1100,,False,Academy|Alchemy|Animal Husbandry|Apothecary|Armory|Blacksmith|Carpentry|Forge|Furnace|Gilded Foundry|Herb Garden|Hospitaller|Infirmary|Joinery|Levy Hall|Ministry of Military Strategy|Stable|Tannery|War College,9,22
"Sgt/Lance/Targe/Chain [PrM, (EInd, EProw, SPie, NCun), Enduring, Rec 6, Recover 7, Recover 8, Shake+1]|M9",Sergeant,Lance,Targe Shield,Chainmail,,False,25,"Enduring,Recover 8,Immune Blocked,Recover 7,Resolute,Recover 6,Parry,Shake +1",1100,,False,Abbey|Academy|Alchemy|Animal Husbandry|Apothecary|Armory|Blacksmith|Carpentry|Forge|Furnace|Herb Garden|Hospitaller|Infirmary|Joinery|Levy Hall|Monastery|Pilgrimage Site|Preceptory|Tannery|War College,9,22
"Sgt/Morningstar+Javelin/Tower/Leather (TY) [RoPaM, (EInd, SProw, NPie, NCun), Florentine, ImmU, Nimble, Parry +1, Riposte, Serr]|M9",Sergeant,Morningstar,Tower Shield,Leather,Javelin,True,25,"Parry +1,Nimble,Immune Unwieldy,Serrated,Immune Blocked,Immune Strain,Parry,Drilled,Riposte,Florentine",1000,,False,Academy|Animal Husbandry|Blacksmith|Carpentry|Coliseum|Conditioning Field|Fletchery|Forge|Furnace|Grand Tournament|Joinery|Levy Hall|Master Workshop|Royal Pavilion|Tannery|Tiltyard|War College,9,16
"Sgt/BattleAxe+HuntBow/FullPlate (TY) [(EInd, EProw, NPie, NCun), Florentine, ImmU, Nimble, Serr, Temp]|M9",Sergeant,Battle Axe,,Full Plate,Hunting Bow,True,25,"Nimble,Immune Unwieldy,Parry,Tempered,Serrated,Immune Blocked,Florentine",1000,,False,Academy|Animal Husbandry|Armory|Blacksmith|Carpentry|Coliseum|Conditioning Field|Fletchery|Furnace|Gilded Foundry|Levy Hall|Master Workshop|Tannery|Tiltyard|War College,9,12
"Sgt/Arming/Heater/FullPlate [ABFM, (SInd, EProw, NPie, NCun), Nimble, Parry +1, Riposte, Serr, Temp]|M9",Sergeant,Arming Sword,Heater Shield,Full Plate,,False,25,"ABF,Nimble,Parry +1,Serrated,Immune Blocked,Parry,Tempered,Riposte",500,,False,ABF|Academy|Animal Husbandry|Armory|Blacksmith|Carpentry|Coliseum|Conditioning Field|Furnace|Gilded Foundry|Grand Tournament|Joinery|Levy Hall|Master Workshop|Stable|Tannery|War College,9,16
"Sgt/FarmTools/FullPlate [(EInd, EProw, EPie, NCun), Enduring, Nimble, Rec 6, Recover 7, Recover 8, Serr, Shake+1, Temp]|M9",Sergeant,Farm Tools,,Full Plate,,False,25,"Enduring,Nimble,Recover 8,Serrated,Immune Blocked,Recover 7,Recover 6,Parry,Tempered,Shake +1",1100,,False,Academy|Alchemy|Animal Husbandry|Apothecary|Armory|Blacksmith|Conditioning Field|Furnace|Gilded Foundry|Herb Garden|Hospitaller|Infirmary|Levy Hall|Master Workshop|Stable|Tannery|War College,9,18
"Sgt/2HBastard+Javelin/FullPlate (TY) [(EInd, EProw, NPie, NCun), Florentine, ImmU, Nimble, Temp]|M9",Sergeant,2HBastard,,Full Plate,Javelin,True,25,"Nimble,Immune Unwieldy,Parry,Tempered,Immune Blocked,Florentine",400,,False,Academy|Animal Husbandry|Armory|Blacksmith|Butchery|Carpentry|Coliseum|Conditioning Field|Fletchery|Forge|Furnace|Gilded Foundry|Levy Hall|Tannery|Tiltyard|War College,9,12
"Sgt/Cudgel+Crossbow/FullPlate (TY) [(EInd, EProw, NPie, NCun), Florentine, ImmU, Nimble, Temp]|M9",Sergeant,Cudgel,,Full Plate,Crossbow,True,25,"Nimble,Immune Unwieldy,Parry,Tempered,Immune Blocked,Florentine",400,,False,Academy|Animal Husbandry|Armory|Blacksmith|Butchery|Carpentry|Coliseum|Conditioning Field|Fletchery|Forge|Furnace|Gilded Foundry|Levy Hall|Tannery|Tiltyard|War College,9,12
"Sgt/Poleaxe/FullPlate [ABFM, (SInd, EProw, NPie, NCun), Nimble, Recover 8, Serr, Temp]|M9",Sergeant,Poleaxe,,Full Plate,,False,25,"ABF,Nimble,Parry,Recover 8,Tempered,Serrated,Immune Blocked",700,,False,ABF|Academy|Animal Husbandry|Apothecary|Armory|Blacksmith|Conditioning Field|Forge|Furnace|Gilded Foundry|Herb Garden|Levy Hall|Master Workshop|Stable|Tannery|War College,9,16
"Sgt/Lance/Kite/Cloth [(EInd, EProw, EPie, NCun), Enduring, Nimble, Rec 6, Recover 7, Recover 8, Serr, Shake+1]|M9",Sergeant,Lance,Kite Shield,Cloth,,False,25,"Enduring,Nimble,Recover 8,Serrated,Immune Blocked,Recover 7,Recover 6,Parry,Shake +1",900,,False,Academy|Alchemy|Apothecary|Armory|Blacksmith|Carpentry|Conditioning Field|Forge|Furnace|Herb Garden|Hospitaller|Infirmary|Joinery|Levy Hall|Master Workshop|Tannery|War College,9,18
"Sgt/Longbow/Chain [OuInPoI, (RInd, EProw, NPie, SCun), Florentine, ImmU, Nimble]|M9",Sergeant,Farm Tools,,Chainmail,Longbow,True,25,"Nimble,Immune Unwieldy,Immune Blocked,Outrider: once,confers:Strain,Parry,confers:Blocked,Florentine",1200,,False,Academy|Animal Husbandry|Armory|Blacksmith|Carpentry|Coliseum|Conditioning Field|Fletchery|Furnace|Levy Hall|Outrider Intercept Post|Tannery|Tiltyard|War College,9,19
"Sgt/Halberd+Longbow/Chain (TY) [(EInd, EProw, NPie, NCun), Florentine, ImmU, Nimble, Serr]|M9",Sergeant,Halberd,,Chainmail,Longbow,True,25,"Nimble,Immune Unwieldy,Parry,Serrated,Immune Blocked,Florentine",1000,,False,Academy|Animal Husbandry|Armory|Blacksmith|Carpentry|Coliseum|Conditioning Field|Fletchery|Furnace|Levy Hall|Master Workshop|Tannery|Tiltyard|War College,9,12
"Sgt/BattleAxe/Gothic [ABFM, (SInd, EProw, NPie, RCun), Nimble, Poison, Serr, Temp]|M9",Sergeant,Battle Axe,,Gothic Plate,,False,25,"ABF,Nimble,Parry,Tempered,Serrated,Immune Blocked,Poison",600,,False,ABF|Academy|Alchemy|Animal Husbandry|Armory|Blacksmith|Conditioning Field|Furnace|Gilded Foundry|Levy Hall|Master Workshop|Stable|Tannery|Toxicarium|War College,9,19
"Sgt/Arming+Javelin/Tower/Chain (TY) [RoPaM, (EInd, SProw, NPie, NCun), Florentine, ImmU, Nimble, Parry +1, Riposte]|M9",Sergeant,Arming Sword,Tower Shield,Chainmail,Javelin,True,25,"Parry +1,Nimble,Immune Unwieldy,Immune Blocked,Immune Strain,Parry,Drilled,Riposte,Florentine",200,,False,Academy|Animal Husbandry|Armory|Blacksmith|Butchery|Carpentry|Coliseum|Conditioning Field|Fletchery|Forge|Furnace|Grand Tournament|Joinery|Levy Hall|Royal Pavilion|Tannery|Tiltyard|War College,9,16
"Sgt/Pitchfork+Crossbow/Chain (TY) [(EInd, EProw, NPie, NCun), Florentine, ImmU, Nimble]|M9",Sergeant,Pitchfork,,Chainmail,Crossbow,True,25,"Nimble,Immune Unwieldy,Parry,Immune Blocked,Florentine",1200,,False,Academy|Animal Husbandry|Armory|Blacksmith|Carpentry|Coliseum|Conditioning Field|Fletchery|Forge|Furnace|Levy Hall|Stable|Tannery|Tiltyard|War College,9,12
"Sgt/Estoc/Heater/Cloth [ABFM, (SInd, EProw, NPie, RCun), Nimble, Poison, Serr, Temp]|M9",Sergeant,Estoc,Heater Shield,Cloth,,False,25,"ABF,Nimble,Parry,Tempered,Serrated,Immune Blocked,Poison",400,,False,ABF|Academy|Alchemy|Armory|Blacksmith|Carpentry|Conditioning Field|Forge|Furnace|Gilded Foundry|Joinery|Levy Hall|Master Workshop|Stable|Tannery|Toxicarium|War College,9,19
"Sgt/Spears+Longbow/Kite/Leather (TY) [OuInPoI, (RInd, EProw, NPie, SCun), Florentine, ImmU, Nimble]|M9",Sergeant,Spears,Kite Shield,Leather,Longbow,True,25,"Nimble,Immune Unwieldy,Immune Blocked,Outrider: once,confers:Strain,Parry,confers:Blocked,Florentine",1000,,False,Academy|Animal Husbandry|Armory|Blacksmith|Carpentry|Coliseum|Conditioning Field|Fletchery|Furnace|Joinery|Levy Hall|Outrider Intercept Post|Tannery|Tiltyard|War College,9,19
"Sgt/Pike+HuntBow/Leather (TY) [(RInd, EProw, NPie, NCun), Florentine, ImmU, Nimble]|M9",Sergeant,Pike,,Leather,Hunting Bow,True,25,"Nimble,Immune Unwieldy,Parry,Immune Blocked,Florentine",1400,,False,Academy|Animal Husbandry|Blacksmith|Carpentry|Coliseum|Conditioning Field|Fletchery|Furnace|Levy Hall|Stable|Tannery|Tiltyard|War College,9,9
"Sgt/Lance/Kite/Gothic [ABFM, (SInd, EProw, NPie, RCun), Nimble, Poison, Serr, Temp]|M9",Sergeant,Lance,Kite Shield,Gothic Plate,,False,25,"ABF,Nimble,Parry,Tempered,Serrated,Immune Blocked,Poison",400,,False,ABF|Academy|Alchemy|Animal Husbandry|Armory|Blacksmith|Carpentry|Conditioning Field|Forge|Furnace|Gilded Foundry|Joinery|Levy Hall|Master Workshop|Stable|Tannery|Toxicarium|War College,9,19
"Sgt/Cavalry Spear/Heater/Cloth [ABFM, (SInd, EProw, NPie, NCun), Nimble, Parry +1, Riposte, Serr, Temp]|M9",Sergeant,Cavalry Spear,Heater Shield,Cloth,,False,25,"ABF,Nimble,Parry +1,Serrated,Immune Blocked,Parry,Tempered,Riposte",500,,False,ABF|Academy|Armory|Blacksmith|Carpentry|Coliseum|Conditioning Field|Furnace|Gilded Foundry|Grand Tournament|Joinery|Levy Hall|Master Workshop|Stable|Tannery|War College,9,16
"Sgt/Flail+Crossbow/Chain (TY) [RoPaI, (EInd, SProw, NPie, NCun), Florentine, ImmU, Nimble]|M9",Sergeant,Flail,,Chainmail,Crossbow,True,25,"Nimble,Immune Unwieldy,Parry,Immune Blocked,Immune Strain,Florentine",1200,,False,Academy|Animal Husbandry|Armory|Blacksmith|Carpentry|Coliseum|Conditioning Field|Fletchery|Forge|Furnace|Levy Hall|Royal Pavilion|Tannery|Tiltyard|War College,9,16
"Sgt/Pitchfork+Javelin/FullPlate (TY) [(EInd, EProw, NPie, RCun), Florentine, ImmU, Nimble, Poison, Temp]|M9",Sergeant,Pitchfork,,Full Plate,Javelin,True,25,"Nimble,Immune Unwieldy,Parry,Tempered,Florentine,Immune Blocked,Poison",1100,,False,Academy|Alchemy|Animal Husbandry|Armory|Blacksmith|Carpentry|Coliseum|Conditioning Field|Fletchery|Furnace|Gilded Foundry|Levy Hall|Tannery|Tiltyard|Toxicarium|War College,9,15
"Sgt/Pitchfork/Gothic [ABFM, (SInd, EProw, NPie, NCun), Nimble, Serr, Temp]|M9",Sergeant,Pitchfork,,Gothic Plate,,False,25,"ABF,Nimble,Parry,Tempered,Serrated,Immune Blocked",200,,False,ABF|Academy|Animal Husbandry|Armory|Blacksmith|Butchery|Conditioning Field|Furnace|Gilded Foundry|Levy Hall|Master Workshop|Stable|Tannery|War College,9,16
"Sgt/Spears/Cloth (DW) [(NInd, EProw, NPie, NCun), DW, Florentine, ImmU, Nimble, Recover 8]|M9",Sergeant,Spears,,Cloth,,True,25,"Nimble,Immune Unwieldy,Recover 8,Parry,Dual Wield,Immune Blocked,Florentine",1800,,False,Academy|Apothecary|Carpentry|Coliseum|Conditioning Field|Fletchery|Furnace|Herb Garden|Levy Hall|Tiltyard|War College,9,6
"Sgt/Spears/Chain (DW) [(EInd, EProw, NPie, NCun), DW, Florentine, ImmU, Nimble, Serr]|M9",Sergeant,Spears,,Chainmail,,True,25,"Nimble,Immune Unwieldy,Parry,Dual Wield,Serrated,Immune Blocked,Florentine",1200,,False,Academy|Animal Husbandry|Armory|Blacksmith|Carpentry|Coliseum|Conditioning Field|Fletchery|Furnace|Levy Hall|Master Workshop|Tannery|Tiltyard|War College,9,12
"Sgt/Daggers+Javelin/Leather (TY) [(EInd, EProw, NPie, NCun), Florentine, ImmU, Nimble, Serr]|M9",Sergeant,Daggers,,Leather,Javelin,True,25,"Nimble,Immune Unwieldy,Parry,Serrated,Immune Blocked,Florentine",1200,,False,Academy|Animal Husbandry|Blacksmith|Carpentry|Coliseum|Conditioning Field|Fletchery|Furnace|Levy Hall|Master Workshop|Tannery|Tiltyard|War College,9,12
"Sgt/Halberd+Longbow/Leather (TY) [(EInd, EProw, NPie, NCun), Florentine, ImmU, Nimble, Serr]|M9",Sergeant,Halberd,,Leather,Longbow,True,25,"Nimble,Immune Unwieldy,Parry,Serrated,Immune Blocked,Florentine",1200,,False,Academy|Animal Husbandry|Blacksmith|Carpentry|Coliseum|Conditioning Field|Fletchery|Furnace|Levy Hall|Master Workshop|Tannery|Tiltyard|War College,9,12
"Sgt/Cavalry Spear/Buckler/Leather [MiMiStM, (RInd, SProw, EPie, RCun), Enduring, Poison, Rec 6, Recover 7, Recover 8, Shake+1]|M9",Sergeant,Cavalry Spear,Buckler Shield,Leather,,False,25,"Enduring,Parry +1,Recover 8,Immune Blocked,Recover 7,MaxInit3,Poison,Recover 6,Seize: first,Crit 8,Parry,Init +1,Shake +1",1200,,False,Academy|Alchemy|Animal Husbandry|Apothecary|Blacksmith|Carpentry|Furnace|Herb Garden|Hospitaller|Infirmary|Joinery|Levy Hall|Ministry of Military Strategy|Tannery|Toxicarium|University|War College,9,22
"Sgt/Arming+Javelin/Tower/Chain (TY) [(EInd, EProw, NPie, NCun), Florentine, ImmU, Nimble, Serr]|M9",Sergeant,Arming Sword,Tower Shield,Chainmail,Javelin,True,25,"Nimble,Immune Unwieldy,Parry,Serrated,Immune Blocked,Florentine",800,,False,Academy|Animal Husbandry|Armory|Blacksmith|Carpentry|Coliseum|Conditioning Field|Fletchery|Forge|Furnace|Joinery|Levy Hall|Master Workshop|Tannery|Tiltyard|War College,9,12
"Sgt/ShortSword+Crossbow/Leather (TY) [(EInd, EProw, NPie, NCun), Florentine, ImmU, Nimble]|M9",Sergeant,Short Sword,,Leather,Crossbow,True,25,"Nimble,Immune Unwieldy,Parry,Immune Blocked,Florentine",1400,,False,Academy|Animal Husbandry|Blacksmith|Carpentry|Coliseum|Conditioning Field|Fletchery|Forge|Furnace|Levy Hall|Stable|Tannery|Tiltyard|War College,9,12
"Sgt/Poleaxe/Gothic [ABFM, (SInd, EProw, NPie, NCun), Nimble, Recover 8, Serr, Temp]|M9",Sergeant,Poleaxe,,Gothic Plate,,False,25,"ABF,Nimble,Parry,Recover 8,Tempered,Serrated,Immune Blocked",700,,False,ABF|Academy|Animal Husbandry|Apothecary|Armory|Blacksmith|Conditioning Field|Forge|Furnace|Gilded Foundry|Herb Garden|Levy Hall|Master Workshop|Stable|Tannery|War College,9,16
"Sgt/2HBastard+Crossbow/Leather (TY) [(EInd, EProw, NPie, RCun), Florentine, ImmU, Nimble, Poison]|M9",Sergeant,2HBastard,,Leather,Crossbow,True,25,"Nimble,Immune Unwieldy,Parry,Florentine,Immune Blocked,Poison",1300,,False,Academy|Alchemy|Animal Husbandry|Blacksmith|Carpentry|Coliseum|Conditioning Field|Fletchery|Forge|Furnace|Levy Hall|Tannery|Tiltyard|Toxicarium|War College,9,15
"Sgt/Morningstar/Leather (DW) [(EInd, EProw, NPie, NCun), DW, Florentine, ImmU, Nimble]|M9",Sergeant,Morningstar,,Leather,,True,25,"Nimble,Immune Unwieldy,Parry,Dual Wield,Immune Blocked,Florentine",800,,False,Academy|Animal Husbandry|Blacksmith|Butchery|Carpentry|Coliseum|Conditioning Field|Fletchery|Forge|Furnace|Levy Hall|Tannery|Tiltyard|War College,9,12
"Sgt/Spears+Longbow/Targe/Chain (TY) [(RInd, EProw, NPie, RCun), Florentine, ImmU, Nimble, Poison]|M9",Sergeant,Spears,Targe Shield,Chainmail,Longbow,True,25,"Nimble,Immune Unwieldy,Parry,Florentine,Immune Blocked,Poison",900,,False,Academy|Alchemy|Animal Husbandry|Armory|Blacksmith|Carpentry|Coliseum|Conditioning Field|Fletchery|Furnace|Joinery|Levy Hall|Tannery|Tiltyard|Toxicarium|War College,9,12
"Sgt/FarmTools/Tower/Leather [RoPaM, (EInd, SProw, NPie, NCun), Parry +1, Recover 8]|M9",Sergeant,Farm Tools,Tower Shield,Leather,,False,25,"Parry +1,Parry,Recover 8,Drilled,Immune Blocked,Immune Strain",1400,,False,Academy|Animal Husbandry|Apothecary|Blacksmith|Carpentry|Forge|Furnace|Grand Tournament|Herb Garden|Joinery|Levy Hall|Royal Pavilion|Tannery|Tiltyard|War College,9,16
"Sgt/Cudgel+Longbow/FullPlate (TY) [(EInd, EProw, NPie, RCun), Florentine, ImmU, Nimble, Parry +1, Poison, Riposte, Temp]|M9",Sergeant,Cudgel,,Full Plate,Longbow,True,25,"Parry +1,Nimble,Immune Unwieldy,Immune Blocked,Poison,Parry,Tempered,Riposte,Florentine",1100,,False,Academy|Alchemy|Animal Husbandry|Armory|Blacksmith|Carpentry|Coliseum|Conditioning Field|Fletchery|Furnace|Gilded Foundry|Grand Tournament|Levy Hall|Tannery|Tiltyard|Toxicarium|War College,9,15
"Sgt/Spears+Javelin/Targe/Cloth (TY) [(RInd, EProw, NPie, NCun), Florentine, ImmU, Nimble, Recover 8]|M9",Sergeant,Spears,Targe Shield,Cloth,Javelin,True,25,"Nimble,Immune Unwieldy,Recover 8,Parry,Immune Blocked,Florentine",1400,,False,Academy|Apothecary|Blacksmith|Carpentry|Coliseum|Conditioning Field|Fletchery|Furnace|Herb Garden|Joinery|Levy Hall|Tiltyard|War College,9,9
"Sgt/Spears/Tower/Cloth [(EInd, EProw, EPie, NCun), Enduring, Nimble, Rec 6, Recover 7, Recover 8, Shake+1]|M9",Sergeant,Spears,Tower Shield,Cloth,,False,25,"Enduring,Nimble,Recover 8,Immune Blocked,Recover 7,Recover 6,Parry,Shake +1",500,,False,Academy|Alchemy|Animal Husbandry|Apothecary|Blacksmith|Butchery|Carpentry|Conditioning Field|Forge|Furnace|Herb Garden|Hospitaller|Infirmary|Joinery|Levy Hall|Tannery|War College,9,18
"Sgt/Pike/Gothic [ABFM, (SInd, EProw, NPie, RCun), Nimble, Parry +1, Poison, Riposte, Serr, Temp]|M9",Sergeant,Pike,,Gothic Plate,,False,25,"ABF,Nimble,Parry +1,Serrated,Immune Blocked,Poison,Parry,Tempered,Riposte",600,,False,ABF|Academy|Alchemy|Animal Husbandry|Armory|Blacksmith|Coliseum|Conditioning Field|Furnace|Gilded Foundry|Grand Tournament|Levy Hall|Master Workshop|Stable|Tannery|Toxicarium|War College,9,19
"Sgt/Cudgel+HuntBow/Chain (TY) [(RInd, EProw, NPie, RCun), Florentine, ImmU, Nimble, Poison]|M9",Sergeant,Cudgel,,Chainmail,Hunting Bow,True,25,"Nimble,Immune Unwieldy,Parry,Florentine,Immune Blocked,Poison",1100,,False,Academy|Alchemy|Animal Husbandry|Armory|Blacksmith|Carpentry|Coliseum|Conditioning Field|Fletchery|Furnace|Levy Hall|Tannery|Tiltyard|Toxicarium|War College,9,12
"Sgt/BattleAxe+Crossbow/FullPlate (TY) [(EInd, EProw, NPie, RCun), Florentine, ImmU, Nimble, Poison, Temp]|M9",Sergeant,Battle Axe,,Full Plate,Crossbow,True,25,"Nimble,Immune Unwieldy,Parry,Tempered,Florentine,Immune Blocked,Poison",1100,,False,Academy|Alchemy|Animal Husbandry|Armory|Blacksmith|Carpentry|Coliseum|Conditioning Field|Fletchery|Forge|Furnace|Gilded Foundry|Levy Hall|Tannery|Tiltyard|Toxicarium|War College,9,15
"Sgt/WarHammer/Chain [(EInd, EProw, EPie, RCun), Enduring, Nimble, Poison, Rec 6, Recover 7, Recover 8, Serr, Shake+1]|M9",Sergeant,War Hammer,,Chainmail,,False,25,"Enduring,Nimble,Recover 8,Serrated,Immune Blocked,Recover 7,Poison,Recover 6,Parry,Shake +1",1000,,False,Academy|Alchemy|Animal Husbandry|Apothecary|Armory|Blacksmith|Conditioning Field|Forge|Furnace|Herb Garden|Hospitaller|Infirmary|Levy Hall|Master Workshop|Tannery|Toxicarium|War College,9,21
"Sgt/Pike/Gothic [ABFM, (SInd, EProw, NPie, NCun), Nimble, Parry +1, Riposte, Serr, Temp]|M9",Sergeant,Pike,,Gothic Plate,,False,25,"ABF,Nimble,Parry +1,Serrated,Immune Blocked,Parry,Tempered,Riposte",200,,False,ABF|Academy|Animal Husbandry|Armory|Blacksmith|Butchery|Coliseum|Conditioning Field|Furnace|Gilded Foundry|Grand Tournament|Levy Hall|Master Workshop|Stable|Tannery|War College,9,16
"Sgt/Spears+Crossbow/Leather (TY) [(EInd, EProw, NPie, NCun), Florentine, ImmU, Nimble]|M9",Sergeant,Spears,,Leather,Crossbow,True,25,"Nimble,Immune Unwieldy,Parry,Immune Blocked,Florentine",600,,False,Academy|Animal Husbandry|Blacksmith|Butchery|Carpentry|Coliseum|Conditioning Field|Fletchery|Forge|Furnace|Levy Hall|Tannery|Tiltyard|War College,9,12
"Sgt/ShortSword+Crossbow/Tower/FullPlate (TY) [(EInd, EProw, NPie, NCun), Florentine, ImmU, Nimble, Parry +1, Riposte, Serr, Temp]|M9",Sergeant,Short Sword,Tower Shield,Full Plate,Crossbow,True,25,"Parry +1,Nimble,Immune Unwieldy,Serrated,Immune Blocked,Parry,Tempered,Riposte,Florentine",800,,False,Academy|Animal Husbandry|Armory|Blacksmith|Carpentry|Coliseum|Conditioning Field|Fletchery|Forge|Furnace|Gilded Foundry|Grand Tournament|Joinery|Levy Hall|Master Workshop|Tannery|Tiltyard|War College,9,12
"Sgt/ShortSword+Javelin/Targe/Cloth (TY) [(RInd, EProw, NPie, NCun), Florentine, ImmU, Nimble, Recover 8]|M9",Sergeant,Short Sword,Targe Shield,Cloth,Javelin,True,25,"Nimble,Immune Unwieldy,Recover 8,Parry,Immune Blocked,Florentine",1400,,False,Academy|Apothecary|Blacksmith|Carpentry|Coliseum|Conditioning Field|Fletchery|Furnace|Herb Garden|Joinery|Levy Hall|Tiltyard|War College,9,9
"Sgt/HuntBow/Chain [(RInd, EProw, NPie, NCun), Florentine, ImmU, Nimble]|M9",Sergeant,Farm Tools,,Chainmail,Hunting Bow,True,25,"Nimble,Immune Unwieldy,Parry,Immune Blocked,Florentine",400,,False,Academy|Animal Husbandry|Armory|Blacksmith|Butchery|Carpentry|Coliseum|Conditioning Field|Fletchery|Furnace|Levy Hall|Tannery|Tiltyard|War College,9,9
"Sgt/Daggers+Longbow/Chain (TY) [OuInPoI, (RInd, EProw, NPie, SCun), Florentine, ImmU, Nimble]|M9",Sergeant,Daggers,,Chainmail,Longbow,True,25,"Nimble,Immune Unwieldy,Immune Blocked,Outrider: once,confers:Strain,Parry,confers:Blocked,Florentine",1200,,False,Academy|Animal Husbandry|Armory|Blacksmith|Carpentry|Coliseum|Conditioning Field|Fletchery|Furnace|Levy Hall|Outrider Intercept Post|Tannery|Tiltyard|War College,9,19
"Sgt/Daggers+Longbow/Chain (TY) [(RInd, EProw, NPie, RCun), Florentine, ImmU, Nimble, Poison]|M9",Sergeant,Daggers,,Chainmail,Longbow,True,25,"Nimble,Immune Unwieldy,Parry,Florentine,Immune Blocked,Poison",1100,,False,Academy|Alchemy|Animal Husbandry|Armory|Blacksmith|Carpentry|Coliseum|Conditioning Field|Fletchery|Furnace|Levy Hall|Tannery|Tiltyard|Toxicarium|War College,9,12
"Sgt/Morningstar+Crossbow/Tower/Chain (TY) [(EInd, EProw, NPie, NCun), Florentine, ImmU, Nimble, Parry +1, Riposte, Serr]|M9",Sergeant,Morningstar,Tower Shield,Chainmail,Crossbow,True,25,"Parry +1,Nimble,Immune Unwieldy,Serrated,Immune Blocked,Parry,Riposte,Florentine",800,,False,Academy|Animal Husbandry|Armory|Blacksmith|Carpentry|Coliseum|Conditioning Field|Fletchery|Forge|Furnace|Grand Tournament|Joinery|Levy Hall|Master Workshop|Tannery|Tiltyard|War College,9,12
"Sgt/Morningstar+Longbow/Tower/Cloth (TY) [(EInd, EProw, EPie, NCun), Enduring, Florentine, ImmU, Nimble, Rec 6, Recover 7, Recover 8, Serr, Shake+1]|M10",Sergeant,Morningstar,Tower Shield,Cloth,Longbow,True,25,"Enduring,Nimble,Immune Unwieldy,Recover 8,Serrated,Immune Blocked,Recover 7,Recover 6,Parry,Shake +1,Florentine",1100,,False,Academy|Alchemy|Apothecary|Blacksmith|Carpentry|Coliseum|Conditioning Field|Fletchery|Forge|Furnace|Herb Garden|Hospitaller|Infirmary|Joinery|Levy Hall|Master Workshop|Tiltyard|War College,10,18
"Sgt/Morningstar+Javelin/Tower/FullPlate (TY) [MiMiStI, (EInd, SProw, NPie, NCun), Florentine, ImmU, Nimble, Temp]|M10",Sergeant,Morningstar,Tower Shield,Full Plate,Javelin,True,25,"Nimble,Immune Unwieldy,Immune Blocked,MaxInit3,Parry,Seize: first,Tempered,Init +1,Florentine",200,,False,Academy|Animal Husbandry|Armory|Blacksmith|Butchery|Carpentry|Coliseum|Conditioning Field|Fletchery|Forge|Furnace|Gilded Foundry|Joinery|Levy Hall|Ministry of Military Strategy|Tannery|Tiltyard|War College,10,16
"Sgt/ShortSword+Pilum/Tower/Cloth (TY) [ABFM, (SInd, EProw, NPie, NCun), Florentine, ImmU, Nimble, Serr, Temp]|M10",Sergeant,Short Sword,Tower Shield,Cloth,Pilum,True,25,"ABF,Nimble,Immune Unwieldy,Serrated,Immune Blocked,Parry,Tempered,Florentine",300,,False,ABF|Academy|Armory|Blacksmith|Carpentry|Coliseum|Conditioning Field|Fletchery|Forge|Furnace|Gilded Foundry|Joinery|Levy Hall|Master Workshop|Stable|Tannery|Tiltyard|War College,10,16
"Sgt/Flail+Crossbow/Tower/Cloth (TY) [OuInPoM, (EInd, EProw, NPie, SCun), Florentine, ImmU, Nimble]|M10",Sergeant,Flail,Tower Shield,Cloth,Crossbow,True,25,"Nimble,Immune Unwieldy,Immune Blocked,confers:Strain,Parry,Outrider: every,confers:Blocked,Florentine",1400,,False,Academy|Blacksmith|Caravanery|Carpentry|Cipher Chamber|Coliseum|Conditioning Field|Fletchery|Forge|Furnace|Joinery|Levy Hall|Outrider Intercept Post|Tiltyard|War College,10,22
"Sgt/2HBastard+Javelin/FullPlate (TY) [(EInd, EProw, NPie, NCun), Florentine, ImmU, Nimble, Recover 8, Temp]|M10",Sergeant,2HBastard,,Full Plate,Javelin,True,25,"Nimble,Immune Unwieldy,Recover 8,Parry,Tempered,Immune Blocked,Florentine",1200,,False,Academy|Animal Husbandry|Apothecary|Armory|Blacksmith|Carpentry|Coliseum|Conditioning Field|Fletchery|Forge|Furnace|Gilded Foundry|Herb Garden|Levy Hall|Tannery|Tiltyard|War College,10,12
"Sgt/ShortSword+Pilum/Targe/Cloth (TY) [ABFM, (SInd, EProw, NPie, NCun), Florentine, ImmU, Nimble, Serr, Temp]|M10",Sergeant,Short Sword,Targe Shield,Cloth,Pilum,True,25,"ABF,Nimble,Immune Unwieldy,Serrated,Immune Blocked,Parry,Tempered,Florentine",300,,False,ABF|Academy|Armory|Blacksmith|Carpentry|Coliseum|Conditioning Field|Fletchery|Forge|Furnace|Gilded Foundry|Joinery|Levy Hall|Master Workshop|Stable|Tannery|Tiltyard|War College,10,16
"Sgt/ShortSword+Pilum/Kite/FullPlate (TY) [ABFM, (SInd, EProw, NPie, NCun), Florentine, ImmU, Nimble, Serr, Temp]|M10",Sergeant,Short Sword,Kite Shield,Full Plate,Pilum,True,25,"ABF,Nimble,Immune Unwieldy,Serrated,Immune Blocked,Parry,Tempered,Florentine",300,,False,ABF|Academy|Animal Husbandry|Armory|Blacksmith|Carpentry|Coliseum|Conditioning Field|Fletchery|Forge|Furnace|Gilded Foundry|Joinery|Levy Hall|Master Workshop|Stable|Tannery|Tiltyard|War College,10,16
"Sgt/Arming+Longbow/Kite/Leather (TY) [MiMiStM, (RInd, SProw, NPie, NCun), Florentine, ImmU, Nimble]|M10",Sergeant,Arming Sword,Kite Shield,Leather,Longbow,True,25,"Parry +1,Nimble,Immune Unwieldy,Immune Blocked,MaxInit3,Init +1,Parry,Seize: first,Crit 8,Florentine",1000,,False,Academy|Animal Husbandry|Armory|Blacksmith|Carpentry|Coliseum|Conditioning Field|Fletchery|Furnace|Joinery|Levy Hall|Ministry of Military Strategy|Stable|Tannery|Tiltyard|University|War College,10,13
"Sgt/BattleAxe/Chain [MiMiStM, (EInd, SProw, EPie, NCun), Enduring, Rec 6, Recover 7, Recover 8, Serr, Shake+1]|M10",Sergeant,Battle Axe,,Chainmail,,False,25,"Enduring,Parry +1,Recover 8,Serrated,Immune Blocked,MaxInit3,Recover 7,Recover 6,Seize: first,Crit 8,Parry,Init +1,Shake +1",200,,False,Academy|Alchemy|Animal Husbandry|Apothecary|Armory|Blacksmith|Butchery|Furnace|Herb Garden|Hospitaller|Infirmary|Levy Hall|Master Workshop|Ministry of Military Strategy|Smokehouse|Tannery|University|War College,10,22
"Sgt/Bastard+Longbow/Heater/Chain (TY) [ABFM, (SInd, EProw, NPie, NCun), Florentine, ImmU, Nimble, Serr, Temp]|M10",Sergeant,Bastard Sword,Heater Shield,Chainmail,Longbow,True,25,"ABF,Nimble,Immune Unwieldy,Serrated,Immune Blocked,Parry,Tempered,Florentine",300,,False,ABF|Academy|Animal Husbandry|Armory|Blacksmith|Carpentry|Coliseum|Conditioning Field|Fletchery|Forge|Furnace|Gilded Foundry|Joinery|Levy Hall|Master Workshop|Stable|Tannery|Tiltyard|War College,10,16
"Sgt/Lance/Kite/Gothic [ABFM, OuInPoM, (SInd, EProw, NPie, SCun), Serr, Temp]|M10",Sergeant,Lance,Kite Shield,Gothic Plate,,False,25,"ABF,Serrated,Immune Blocked,confers:Strain,Parry,Tempered,Outrider: every,confers:Blocked",500,,False,ABF|Academy|Animal Husbandry|Armory|Blacksmith|Caravanery|Carpentry|Cipher Chamber|Forge|Furnace|Gilded Foundry|Joinery|Levy Hall|Master Workshop|Outrider Intercept Post|Stable|Tannery|War College,10,26
"Sgt/Poleaxe+Javelin/Gothic (TY) [ABFM, (SInd, EProw, NPie, NCun), Florentine, ImmU, Nimble, Serr, Temp]|M10",Sergeant,Poleaxe,,Gothic Plate,Javelin,True,25,"ABF,Nimble,Immune Unwieldy,Serrated,Immune Blocked,Parry,Tempered,Florentine",500,,False,ABF|Academy|Animal Husbandry|Armory|Blacksmith|Carpentry|Coliseum|Conditioning Field|Fletchery|Forge|Furnace|Gilded Foundry|Levy Hall|Master Workshop|Stable|Tannery|Tiltyard|War College,10,16
"Sgt/WarHammer/Chain [(EInd, EProw, EPie, NCun), Enduring, Nimble, Rec 6, Recover 7, Recover 8, Serr, Shake+1]|M10",Sergeant,War Hammer,,Chainmail,,False,25,"Enduring,Nimble,Recover 8,Serrated,Immune Blocked,Recover 7,Recover 6,Parry,Shake +1",200,,False,Academy|Alchemy|Animal Husbandry|Apothecary|Armory|Blacksmith|Butchery|Conditioning Field|Forge|Furnace|Herb Garden|Hospitaller|Infirmary|Levy Hall|Master Workshop|Smokehouse|Tannery|War College,10,18
"Sgt/Arming+Arquebus/Kite/FullPlate (TY) [ABFM, (SInd, EProw, NPie, NCun), Florentine, ImmU, Nimble, Parry +1, Riposte, Serr, Temp]|M10",Sergeant,Arming Sword,Kite Shield,Full Plate,Arquebus,True,25,"ABF,Nimble,Immune Unwieldy,Parry +1,Serrated,Immune Blocked,Parry,Tempered,Riposte,Florentine",300,,False,ABF|Academy|Animal Husbandry|Armory|Blacksmith|Carpentry|Coliseum|Conditioning Field|Fletchery|Forge|Furnace|Gilded Foundry|Grand Tournament|Joinery|Levy Hall|Master Workshop|Stable|Tannery|Tiltyard|War College,10,16
"Sgt/ShortSword+Longbow/Targe/Cloth (TY) [(RInd, EProw, EPie, NCun), Enduring, Florentine, ImmU, Nimble, Parry +1, Rec 6, Recover 7, Recover 8, Riposte, Shake+1]|M10",Sergeant,Short Sword,Targe Shield,Cloth,Longbow,True,25,"Enduring,Parry +1,Nimble,Immune Unwieldy,Recover 8,Immune Blocked,Recover 7,Recover 6,Parry,Riposte,Shake +1,Florentine",1300,,False,Academy|Alchemy|Apothecary|Blacksmith|Carpentry|Coliseum|Conditioning Field|Fletchery|Furnace|Grand Tournament|Herb Garden|Hospitaller|Infirmary|Joinery|Levy Hall|Stable|Tiltyard|War College,10,15
"Sgt/ShortSword+HuntBow/Kite/Chain (TY) [(RInd, EProw, NPie, NCun), Florentine, ImmU, Nimble, Recover 8]|M10",Sergeant,Short Sword,Kite Shield,Chainmail,Hunting Bow,True,25,"Nimble,Immune Unwieldy,Recover 8,Parry,Immune Blocked,Florentine",1000,,False,Academy|Animal Husbandry|Apothecary|Armory|Blacksmith|Carpentry|Coliseum|Conditioning Field|Fletchery|Furnace|Herb Garden|Joinery|Levy Hall|Tannery|Tiltyard|War College,10,9
"Sgt/Poleaxe+HuntBow/Leather (TY) [ABFM, (SInd, EProw, NPie, NCun), Florentine, ImmU, Nimble, Parry +1, Riposte, Serr, Temp]|M10",Sergeant,Poleaxe,,Leather,Hunting Bow,True,25,"ABF,Nimble,Immune Unwieldy,Parry +1,Serrated,Immune Blocked,Parry,Tempered,Riposte,Florentine",500,,False,ABF|Academy|Animal Husbandry|Armory|Blacksmith|Carpentry|Coliseum|Conditioning Field|Fletchery|Forge|Furnace|Gilded Foundry|Grand Tournament|Levy Hall|Master Workshop|Stable|Tannery|Tiltyard|War College,10,16
"Sgt/Daggers/Cloth [(NInd, EProw, EPie, RCun), Enduring, Nimble, Poison, Rec 6, Recover 7, Recover 8, Shake+1]|M10",Sergeant,Daggers,,Cloth,,False,25,"Enduring,Nimble,Recover 8,Immune Blocked,Recover 7,Poison,Recover 6,Parry,Shake +1",600,,False,Academy|Alchemy|Animal Husbandry|Apothecary|Butchery|Conditioning Field|Furnace|Herb Garden|Hospitaller|Infirmary|Levy Hall|Stable|Tannery|Toxicarium|War College,10,15
"Sgt/FarmTools/Buckler/Chain [OuInPoI, (RInd, EProw, EPie, SCun), Enduring, Poison, Rec 6, Recover 7, Recover 8, Shake+1]|M10",Sergeant,Farm Tools,Buckler Shield,Chainmail,,False,25,"Enduring,Recover 8,Immune Blocked,Recover 7,Outrider: once,confers:Strain,Poison,Recover 6,Parry,confers:Blocked,Shake +1",1000,,False,Academy|Alchemy|Animal Husbandry|Apothecary|Armory|Blacksmith|Carpentry|Furnace|Herb Garden|Hospitaller|Infirmary|Joinery|Levy Hall|Outrider Intercept Post|Stable|Tannery|Toxicarium|War College,10,25
"Sgt/Spears+Longbow/Kite/FullPlate (TY) [PrI, (EInd, EProw, SPie, NCun), Florentine, ImmU, Nimble, Serr, Shake+1, Temp]|M10",Sergeant,Spears,Kite Shield,Full Plate,Longbow,True,25,"Nimble,Immune Unwieldy,Serrated,Immune Blocked,Resolute,Parry,Tempered,Shake +1,Florentine",800,,False,Academy|Animal Husbandry|Armory|Blacksmith|Carpentry|Coliseum|Conditioning Field|Fletchery|Furnace|Gilded Foundry|Joinery|Levy Hall|Master Workshop|Preceptory|Tannery|Tiltyard|War College,10,22
"Sgt/Arming+Longbow/Tower/Cloth (TY) [RoPaM, (EInd, SProw, EPie, NCun), Enduring, Florentine, ImmU, Nimble, Parry +1, Rec 6, Recover 7, Recover 8, Riposte, Serr, Shake+1]|M10",Sergeant,Arming Sword,Tower Shield,Cloth,Longbow,True,25,"Enduring,Parry +1,Nimble,Immune Unwieldy,Recover 8,Serrated,Immune Blocked,Recover 7,Immune Strain,Recover 6,Parry,Drilled,Riposte,Shake +1,Florentine",1100,,False,Academy|Alchemy|Apothecary|Blacksmith|Carpentry|Coliseum|Conditioning Field|Fletchery|Forge|Furnace|Grand Tournament|Herb Garden|Hospitaller|Infirmary|Joinery|Levy Hall|Master Workshop|Royal Pavilion|Tiltyard|War College,10,22
"Sgt/Pitchfork+Arquebus/FullPlate (TY) [ABFM, (SInd, EProw, NPie, NCun), Florentine, ImmU, Nimble, Serr, Temp]|M10",Sergeant,Pitchfork,,Full Plate,Arquebus,True,25,"ABF,Nimble,Immune Unwieldy,Serrated,Immune Blocked,Parry,Tempered,Florentine",500,,False,ABF|Academy|Animal Husbandry|Armory|Blacksmith|Carpentry|Coliseum|Conditioning Field|Fletchery|Forge|Furnace|Gilded Foundry|Levy Hall|Master Workshop|Stable|Tannery|Tiltyard|War College,10,16
"Sgt/Bastard+Javelin/Tower/Leather (TY) [(EInd, EProw, NPie, NCun), Florentine, ImmU, Nimble, Recover 8]|M10",Sergeant,Bastard Sword,Tower Shield,Leather,Javelin,True,25,"Nimble,Immune Unwieldy,Recover 8,Parry,Immune Blocked,Florentine",1200,,False,Academy|Animal Husbandry|Apothecary|Blacksmith|Carpentry|Coliseum|Conditioning Field|Fletchery|Forge|Furnace|Herb Garden|Joinery|Levy Hall|Tannery|Tiltyard|War College,10,12
"Sgt/Estoc+HuntBow/Heater/Leather (TY) [ABFM, (SInd, EProw, NPie, NCun), Florentine, ImmU, Nimble, Serr, Temp]|M10",Sergeant,Estoc,Heater Shield,Leather,Hunting Bow,True,25,"ABF,Nimble,Immune Unwieldy,Serrated,Immune Blocked,Parry,Tempered,Florentine",300,,False,ABF|Academy|Animal Husbandry|Armory|Blacksmith|Carpentry|Coliseum|Conditioning Field|Fletchery|Forge|Furnace|Gilded Foundry|Joinery|Levy Hall|Master Workshop|Stable|Tannery|Tiltyard|War College,10,16
"Sgt/Halberd+HuntBow/Chain (TY) [(RInd, EProw, NPie, NCun), Florentine, ImmU, Nimble, Recover 8]|M10",Sergeant,Halberd,,Chainmail,Hunting Bow,True,25,"Nimble,Immune Unwieldy,Recover 8,Parry,Immune Blocked,Florentine",1200,,False,Academy|Animal Husbandry|Apothecary|Armory|Blacksmith|Carpentry|Coliseum|Conditioning Field|Fletchery|Furnace|Herb Garden|Levy Hall|Tannery|Tiltyard|War College,10,9
"Sgt/Pitchfork+Longbow/Leather (TY) [(NInd, EProw, NPie, NCun), Florentine, ImmU, Nimble, Recover 8]|M10",Sergeant,Pitchfork,,Leather,Longbow,True,25,"Nimble,Immune Unwieldy,Recover 8,Parry,Immune Blocked,Florentine",1400,,False,Academy|Animal Husbandry|Apothecary|Carpentry|Coliseum|Conditioning Field|Fletchery|Furnace|Herb Garden|Levy Hall|Tannery|Tiltyard|War College,10,6
"Sgt/Pilum/Gothic [ABFM, (SInd, EProw, NPie, NCun), Florentine, ImmU, Nimble, Serr, Temp]|M10",Sergeant,Farm Tools,,Gothic Plate,Pilum,True,25,"ABF,Nimble,Immune Unwieldy,Serrated,Immune Blocked,Parry,Tempered,Florentine",500,,False,ABF|Academy|Animal Husbandry|Armory|Blacksmith|Carpentry|Coliseum|Conditioning Field|Fletchery|Forge|Furnace|Gilded Foundry|Levy Hall|Master Workshop|Stable|Tannery|Tiltyard|War College,10,16
"Sgt/Spears+Javelin/Tower/Chain (TY) [(EInd, EProw, NPie, NCun), Florentine, ImmU, Nimble, Parry +1, Recover 8, Riposte]|M10",Sergeant,Spears,Tower Shield,Chainmail,Javelin,True,25,"Parry +1,Nimble,Immune Unwieldy,Recover 8,Immune Blocked,Parry,Riposte,Florentine",1000,,False,Academy|Animal Husbandry|Apothecary|Armory|Blacksmith|Carpentry|Coliseum|Conditioning Field|Fletchery|Forge|Furnace|Grand Tournament|Herb Garden|Joinery|Levy Hall|Tannery|Tiltyard|War College,10,12
"Sgt/Flail+HuntBow/Tower/Cloth (TY) [(EInd, EProw, EPie, RCun), Enduring, Florentine, ImmU, Nimble, Poison, Rec 6, Recover 7, Recover 8, Shake+1]|M10",Sergeant,Flail,Tower Shield,Cloth,Hunting Bow,True,25,"Enduring,Nimble,Immune Unwieldy,Recover 8,Immune Blocked,Recover 7,Poison,Recover 6,Parry,Shake +1,Florentine",1200,,False,Academy|Alchemy|Apothecary|Blacksmith|Carpentry|Coliseum|Conditioning Field|Fletchery|Forge|Furnace|Herb Garden|Hospitaller|Infirmary|Joinery|Levy Hall|Tiltyard|Toxicarium|War College,10,21
"Sgt/FarmTools/Gothic [ABFM, PrM, (SInd, EProw, SPie, NCun), Rec 6, Serr, Shake+1, Temp]|M10",Sergeant,Farm Tools,,Gothic Plate,,False,25,"ABF,Serrated,Immune Blocked,Resolute,Recover 6,Parry,Tempered,Shake +1",700,,False,ABF|Abbey|Academy|Animal Husbandry|Armory|Blacksmith|Furnace|Gilded Foundry|Hospitaller|Levy Hall|Master Workshop|Monastery|Pilgrimage Site|Preceptory|Stable|Tannery|War College,10,26
"Sgt/Bastard+Arquebus/Tower/Gothic (TY) [ABFM, (SInd, EProw, NPie, NCun), Florentine, ImmU, Nimble, Serr, Temp]|M10",Sergeant,Bastard Sword,Tower Shield,Gothic Plate,Arquebus,True,25,"ABF,Nimble,Immune Unwieldy,Serrated,Immune Blocked,Parry,Tempered,Florentine",300,,False,ABF|Academy|Animal Husbandry|Armory|Blacksmith|Carpentry|Coliseum|Conditioning Field|Fletchery|Forge|Furnace|Gilded Foundry|Joinery|Levy Hall|Master Workshop|Stable|Tannery|Tiltyard|War College,10,16
"Sgt/Flail/Kite/Cloth [(RInd, EProw, EPie, RCun), Enduring, Nimble, Poison, Rec 6, Recover 7, Recover 8, Shake+1]|M10",Sergeant,Flail,Kite Shield,Cloth,,False,25,"Enduring,Nimble,Recover 8,Immune Blocked,Recover 7,Poison,Recover 6,Parry,Shake +1",1000,,False,Academy|Alchemy|Apothecary|Armory|Blacksmith|Carpentry|Conditioning Field|Furnace|Herb Garden|Hospitaller|Infirmary|Joinery|Levy Hall|Stable|Tannery|Toxicarium|War College,10,18
"Sgt/Spears/Tower/Chain [(EInd, EProw, EPie, NCun), Enduring, Nimble, Rec 6, Recover 7, Recover 8, Shake+1]|M10",Sergeant,Spears,Tower Shield,Chainmail,,False,25,"Enduring,Nimble,Recover 8,Immune Blocked,Recover 7,Recover 6,Parry,Shake +1",200,,False,Academy|Alchemy|Animal Husbandry|Apothecary|Armory|Blacksmith|Butchery|Carpentry|Conditioning Field|Forge|Furnace|Herb Garden|Hospitaller|Infirmary|Joinery|Levy Hall|Smokehouse|Tannery|War College,10,18
"Sgt/Cudgel+Crossbow/Cloth (TY) [RoPaI, (EInd, SProw, NPie, NCun), Florentine, ImmU, Nimble, Recover 8]|M10",Sergeant,Cudgel,,Cloth,Crossbow,True,25,"Nimble,Immune Unwieldy,Recover 8,Parry,Immune Blocked,Immune Strain,Florentine",1600,,False,Academy|Apothecary|Blacksmith|Carpentry|Coliseum|Conditioning Field|Fletchery|Forge|Furnace|Herb Garden|Levy Hall|Royal Pavilion|Tiltyard|War College,10,16
"Sgt/Flail+Arquebus/Kite/FullPlate (TY) [ABFM, (SInd, EProw, NPie, NCun), Florentine, ImmU, Nimble, Serr, Temp]|M10",Sergeant,Flail,Kite Shield,Full Plate,Arquebus,True,25,"ABF,Nimble,Immune Unwieldy,Serrated,Immune Blocked,Parry,Tempered,Florentine",300,,False,ABF|Academy|Animal Husbandry|Armory|Blacksmith|Carpentry|Coliseum|Conditioning Field|Fletchery|Forge|Furnace|Gilded Foundry|Joinery|Levy Hall|Master Workshop|Stable|Tannery|Tiltyard|War College,10,16
"Sgt/Flail+Arquebus/Tower/FullPlate (TY) [ABFM, (SInd, EProw, NPie, NCun), Florentine, ImmU, Nimble, Serr, Temp]|M10",Sergeant,Flail,Tower Shield,Full Plate,Arquebus,True,25,"ABF,Nimble,Immune Unwieldy,Serrated,Immune Blocked,Parry,Tempered,Florentine",300,,False,ABF|Academy|Animal Husbandry|Armory|Blacksmith|Carpentry|Coliseum|Conditioning Field|Fletchery|Forge|Furnace|Gilded Foundry|Joinery|Levy Hall|Master Workshop|Stable|Tannery|Tiltyard|War College,10,16
"Sgt/Arming/Tower/Chain [MiMiStM, (EInd, SProw, EPie, RCun), Enduring, Poison, Rec 6, Recover 7, Recover 8, Shake+1]|M10",Sergeant,Arming Sword,Tower Shield,Chainmail,,False,25,"Enduring,Parry +1,Recover 8,Immune Blocked,Recover 7,MaxInit3,Poison,Init +1,Recover 6,Seize: first,Parry,Crit 8,Shake +1",1000,,False,Academy|Alchemy|Animal Husbandry|Apothecary|Armory|Blacksmith|Carpentry|Forge|Furnace|Herb Garden|Hospitaller|Infirmary|Joinery|Levy Hall|Ministry of Military Strategy|Stable|Tannery|Toxicarium|University|War College,10,25
"Sgt/BattleAxe+HuntBow/FullPlate (TY) [(EInd, EProw, NPie, NCun), Florentine, ImmU, Nimble, Recover 8, Temp]|M10",Sergeant,Battle Axe,,Full Plate,Hunting Bow,True,25,"Nimble,Immune Unwieldy,Recover 8,Parry,Tempered,Immune Blocked,Florentine",1200,,False,Academy|Animal Husbandry|Apothecary|Armory|Blacksmith|Carpentry|Coliseum|Conditioning Field|Fletchery|Furnace|Gilded Foundry|Herb Garden|Levy Hall|Tannery|Tiltyard|War College,10,12
"Sgt/Daggers+Arquebus/Cloth (TY) [ABFM, (SInd, EProw, NPie, NCun), Florentine, ImmU, Nimble, Serr, Temp]|M10",Sergeant,Daggers,,Cloth,Arquebus,True,25,"ABF,Nimble,Immune Unwieldy,Serrated,Immune Blocked,Parry,Tempered,Florentine",500,,False,ABF|Academy|Armory|Blacksmith|Carpentry|Coliseum|Conditioning Field|Fletchery|Forge|Furnace|Gilded Foundry|Levy Hall|Master Workshop|Stable|Tannery|Tiltyard|War College,10,16
"Sgt/ShortSword/Heater/Leather [ABFM, (SInd, EProw, NPie, RCun), Nimble, Parry +1, Poison, Riposte, Serr, Temp]|M10",Sergeant,Short Sword,Heater Shield,Leather,,False,25,"ABF,Nimble,Parry +1,Serrated,Immune Blocked,Poison,Parry,Tempered,Riposte",400,,False,ABF|Academy|Alchemy|Animal Husbandry|Armory|Blacksmith|Carpentry|Coliseum|Conditioning Field|Furnace|Gilded Foundry|Grand Tournament|Joinery|Levy Hall|Master Workshop|Stable|Tannery|Toxicarium|War College,10,19
"Sgt/Lance/Heater/FullPlate [ABFM, MiMiStM, (SInd, SProw, NPie, NCun), Recover 8, Serr, Temp]|M10",Sergeant,Lance,Heater Shield,Full Plate,,False,25,"ABF,Parry +1,Recover 8,Serrated,Immune Blocked,MaxInit3,Init +1,Parry,Seize: first,Tempered,Crit 8",500,,False,ABF|Academy|Animal Husbandry|Apothecary|Armory|Blacksmith|Carpentry|Forge|Furnace|Gilded Foundry|Herb Garden|Joinery|Levy Hall|Master Workshop|Ministry of Military Strategy|Stable|Tannery|University|War College,10,20
"Sgt/Arming+Pilum/Kite/Chain (TY) [ABFM, (SInd, EProw, NPie, NCun), Florentine, ImmU, Nimble, Serr, Temp]|M10",Sergeant,Arming Sword,Kite Shield,Chainmail,Pilum,True,25,"ABF,Nimble,Immune Unwieldy,Serrated,Immune Blocked,Parry,Tempered,Florentine",300,,False,ABF|Academy|Animal Husbandry|Armory|Blacksmith|Carpentry|Coliseum|Conditioning Field|Fletchery|Forge|Furnace|Gilded Foundry|Joinery|Levy Hall|Master Workshop|Stable|Tannery|Tiltyard|War College,10,16
"Sgt/Arming/Heater/Cloth [ABFM, (SInd, EProw, NPie, NCun), Nimble, Parry +1, Riposte, Serr, Temp]|M10",Sergeant,Arming Sword,Heater Shield,Cloth,,False,25,"ABF,Nimble,Parry +1,Serrated,Immune Blocked,Parry,Tempered,Riposte",200,,False,ABF|Academy|Animal Husbandry|Armory|Blacksmith|Butchery|Carpentry|Coliseum|Conditioning Field|Furnace|Gilded Foundry|Grand Tournament|Joinery|Levy Hall|Master Workshop|Stable|Tannery|War College,10,16
"Sgt/Spears+HuntBow/Tower/Cloth (TY) [(EInd, EProw, EPie, RCun), Enduring, Florentine, ImmU, Nimble, Poison, Rec 6, Recover 7, Recover 8, Shake+1]|M10",Sergeant,Spears,Tower Shield,Cloth,Hunting Bow,True,25,"Enduring,Nimble,Immune Unwieldy,Recover 8,Immune Blocked,Recover 7,Poison,Recover 6,Parry,Shake +1,Florentine",1200,,False,Academy|Alchemy|Apothecary|Blacksmith|Carpentry|Coliseum|Conditioning Field|Fletchery|Forge|Furnace|Herb Garden|Hospitaller|Infirmary|Joinery|Levy Hall|Tiltyard|Toxicarium|War College,10,21
"Sgt/Spears/Heater/Leather [ABFM, (SInd, EProw, NPie, RCun), Nimble, Poison, Serr, Temp]|M10",Sergeant,Spears,Heater Shield,Leather,,False,25,"ABF,Nimble,Parry,Tempered,Serrated,Immune Blocked,Poison",400,,False,ABF|Academy|Alchemy|Animal Husbandry|Armory|Blacksmith|Carpentry|Conditioning Field|Furnace|Gilded Foundry|Joinery|Levy Hall|Master Workshop|Stable|Tannery|Toxicarium|War College,10,19
"Sgt/Arming+Pilum/Heater/FullPlate (TY) [ABFM, (SInd, EProw, NPie, NCun), Florentine, ImmU, Nimble, Serr, Temp]|M10",Sergeant,Arming Sword,Heater Shield,Full Plate,Pilum,True,25,"ABF,Nimble,Immune Unwieldy,Serrated,Immune Blocked,Parry,Tempered,Florentine",300,,False,ABF|Academy|Animal Husbandry|Armory|Blacksmith|Carpentry|Coliseum|Conditioning Field|Fletchery|Forge|Furnace|Gilded Foundry|Joinery|Levy Hall|Master Workshop|Stable|Tannery|Tiltyard|War College,10,16
"Sgt/ShortSword+Arquebus/Kite/FullPlate (TY) [ABFM, (SInd, EProw, NPie, NCun), Florentine, ImmU, Nimble, Parry +1, Riposte, Serr, Temp]|M10",Sergeant,Short Sword,Kite Shield,Full Plate,Arquebus,True,25,"ABF,Nimble,Immune Unwieldy,Parry +1,Serrated,Immune Blocked,Parry,Tempered,Riposte,Florentine",300,,False,ABF|Academy|Animal Husbandry|Armory|Blacksmith|Carpentry|Coliseum|Conditioning Field|Fletchery|Forge|Furnace|Gilded Foundry|Grand Tournament|Joinery|Levy Hall|Master Workshop|Stable|Tannery|Tiltyard|War College,10,16
"Sgt/Cavalry Spear/Heater/Gothic [ABFM, (SInd, EProw, NPie, RCun), Nimble, Poison, Serr, Temp]|M10",Sergeant,Cavalry Spear,Heater Shield,Gothic Plate,,False,25,"ABF,Nimble,Parry,Tempered,Serrated,Immune Blocked,Poison",400,,False,ABF|Academy|Alchemy|Animal Husbandry|Armory|Blacksmith|Carpentry|Conditioning Field|Furnace|Gilded Foundry|Joinery|Levy Hall|Master Workshop|Stable|Tannery|Toxicarium|War College,10,19
"Sgt/BattleAxe+Crossbow/Cloth (TY) [(EInd, EProw, EPie, NCun), Enduring, Florentine, ImmU, Nimble, Rec 6, Recover 7, Recover 8, Serr, Shake+1]|M10",Sergeant,Battle Axe,,Cloth,Crossbow,True,25,"Enduring,Nimble,Immune Unwieldy,Recover 8,Serrated,Immune Blocked,Recover 7,Recover 6,Parry,Shake +1,Florentine",1300,,False,Academy|Alchemy|Apothecary|Blacksmith|Carpentry|Coliseum|Conditioning Field|Fletchery|Forge|Furnace|Herb Garden|Hospitaller|Infirmary|Levy Hall|Master Workshop|Tiltyard|War College,10,18
"Sgt/Spears+Pilum/Kite/FullPlate (TY) [ABFM, (SInd, EProw, NPie, NCun), Florentine, ImmU, Nimble, Serr, Temp]|M10",Sergeant,Spears,Kite Shield,Full Plate,Pilum,True,25,"ABF,Nimble,Immune Unwieldy,Serrated,Immune Blocked,Parry,Tempered,Florentine",300,,False,ABF|Academy|Animal Husbandry|Armory|Blacksmith|Carpentry|Coliseum|Conditioning Field|Fletchery|Forge|Furnace|Gilded Foundry|Joinery|Levy Hall|Master Workshop|Stable|Tannery|Tiltyard|War College,10,16
"Sgt/Spears/Kite/Cloth [(EInd, EProw, EPie, NCun), Enduring, Nimble, Rec 6, Recover 7, Recover 8, Serr, Shake+1]|M10",Sergeant,Spears,Kite Shield,Cloth,,False,25,"Enduring,Nimble,Recover 8,Serrated,Immune Blocked,Recover 7,Recover 6,Parry,Shake +1",200,,False,Academy|Alchemy|Animal Husbandry|Apothecary|Armory|Blacksmith|Butchery|Carpentry|Conditioning Field|Furnace|Herb Garden|Hospitaller|Infirmary|Joinery|Levy Hall|Master Workshop|Tannery|War College,10,18
"Sgt/Pitchfork+Longbow/FullPlate (TY) [(EInd, EProw, NPie, NCun), Florentine, ImmU, Nimble, Parry +1, Recover 8, Riposte, Temp]|M10",Sergeant,Pitchfork,,Full Plate,Longbow,True,25,"Parry +1,Nimble,Immune Unwieldy,Recover 8,Immune Blocked,Parry,Tempered,Riposte,Florentine",1200,,False,Academy|Animal Husbandry|Apothecary|Armory|Blacksmith|Carpentry|Coliseum|Conditioning Field|Fletchery|Furnace|Gilded Foundry|Grand Tournament|Herb Garden|Levy Hall|Tannery|Tiltyard|War College,10,12
"Sgt/Halberd+Pilum/Chain (TY) [ABFM, (SInd, EProw, NPie, NCun), Florentine, ImmU, Nimble, Serr, Temp]|M10",Sergeant,Halberd,,Chainmail,Pilum,True,25,"ABF,Nimble,Immune Unwieldy,Serrated,Immune Blocked,Parry,Tempered,Florentine",500,,False,ABF|Academy|Animal Husbandry|Armory|Blacksmith|Carpentry|Coliseum|Conditioning Field|Fletchery|Forge|Furnace|Gilded Foundry|Levy Hall|Master Workshop|Stable|Tannery|Tiltyard|War College,10,16
"Sgt/ShortSword+Javelin/Targe/Leather (TY) [(RInd, EProw, NPie, NCun), Florentine, ImmU, Nimble, Recover 8]|M10",Sergeant,Short Sword,Targe Shield,Leather,Javelin,True,25,"Nimble,Immune Unwieldy,Recover 8,Parry,Immune Blocked,Florentine",1200,,False,Academy|Animal Husbandry|Apothecary|Blacksmith|Carpentry|Coliseum|Conditioning Field|Fletchery|Furnace|Herb Garden|Joinery|Levy Hall|Tannery|Tiltyard|War College,10,9
"Sgt/Spears+HuntBow/Tower/Cloth (TY) [(EInd, EProw, EPie, NCun), Enduring, Florentine, ImmU, Nimble, Rec 6, Recover 7, Recover 8, Shake+1]|M10",Sergeant,Spears,Tower Shield,Cloth,Hunting Bow,True,25,"Enduring,Nimble,Immune Unwieldy,Recover 8,Immune Blocked,Recover 7,Recover 6,Parry,Shake +1,Florentine",1300,,False,Academy|Alchemy|Apothecary|Blacksmith|Carpentry|Coliseum|Conditioning Field|Fletchery|Forge|Furnace|Herb Garden|Hospitaller|Infirmary|Joinery|Levy Hall|Stable|Tiltyard|War College,10,18
"Sgt/Daggers+Crossbow/Leather (TY) [(EInd, EProw, NPie, NCun), Florentine, ImmU, Nimble, Recover 8]|M10",Sergeant,Daggers,,Leather,Crossbow,True,25,"Nimble,Immune Unwieldy,Recover 8,Parry,Immune Blocked,Florentine",1400,,False,Academy|Animal Husbandry|Apothecary|Blacksmith|Carpentry|Coliseum|Conditioning Field|Fletchery|Forge|Furnace|Herb Garden|Levy Hall|Tannery|Tiltyard|War College,10,12
"Sgt/Daggers+Pilum/Cloth (TY) [ABFM, (SInd, EProw, NPie, NCun), Florentine, ImmU, Nimble, Serr, Temp]|M10",Sergeant,Daggers,,Cloth,Pilum,True,25,"ABF,Nimble,Immune Unwieldy,Serrated,Immune Blocked,Parry,Tempered,Florentine",500,,False,ABF|Academy|Armory|Blacksmith|Carpentry|Coliseum|Conditioning Field|Fletchery|Forge|Furnace|Gilded Foundry|Levy Hall|Master Workshop|Stable|Tannery|Tiltyard|War College,10,16
"Sgt/Spears+Crossbow/FullPlate (TY) [(EInd, EProw, NPie, NCun), Florentine, ImmU, Nimble, Parry +1, Recover 8, Riposte, Temp]|M10",Sergeant,Spears,,Full Plate,Crossbow,True,25,"Parry +1,Nimble,Immune Unwieldy,Recover 8,Immune Blocked,Parry,Tempered,Riposte,Florentine",1200,,False,Academy|Animal Husbandry|Apothecary|Armory|Blacksmith|Carpentry|Coliseum|Conditioning Field|Fletchery|Forge|Furnace|Gilded Foundry|Grand Tournament|Herb Garden|Levy Hall|Tannery|Tiltyard|War College,10,12
"Sgt/Flail+Arquebus/Tower/Chain (TY) [ABFM, (SInd, EProw, NPie, NCun), Florentine, ImmU, Nimble, Serr, Temp]|M10",Sergeant,Flail,Tower Shield,Chainmail,Arquebus,True,25,"ABF,Nimble,Immune Unwieldy,Serrated,Immune Blocked,Parry,Tempered,Florentine",300,,False,ABF|Academy|Animal Husbandry|Armory|Blacksmith|Carpentry|Coliseum|Conditioning Field|Fletchery|Forge|Furnace|Gilded Foundry|Joinery|Levy Hall|Master Workshop|Stable|Tannery|Tiltyard|War College,10,16
"Sgt/Flail/Tower/FullPlate [(EInd, EProw, EPie, NCun), Enduring, Nimble, Rec 6, Recover 7, Recover 8, Serr, Shake+1, Temp]|M10",Sergeant,Flail,Tower Shield,Full Plate,,False,25,"Enduring,Nimble,Recover 8,Serrated,Immune Blocked,Recover 7,Recover 6,Parry,Tempered,Shake +1",200,,False,Academy|Alchemy|Animal Husbandry|Apothecary|Armory|Blacksmith|Butchery|Carpentry|Conditioning Field|Forge|Furnace|Gilded Foundry|Herb Garden|Hospitaller|Infirmary|Joinery|Levy Hall|Master Workshop|Tannery|War College,10,18
"Sgt/Flail+Crossbow/Leather (TY) [(EInd, EProw, NPie, NCun), Florentine, ImmU, Nimble, Recover 8]|M10",Sergeant,Flail,,Leather,Crossbow,True,25,"Nimble,Immune Unwieldy,Recover 8,Parry,Immune Blocked,Florentine",1400,,False,Academy|Animal Husbandry|Apothecary|Blacksmith|Carpentry|Coliseum|Conditioning Field|Fletchery|Forge|Furnace|Herb Garden|Levy Hall|Tannery|Tiltyard|War College,10,12
"Sgt/Morningstar+Arquebus/Tower/Cloth (TY) [ABFM, (SInd, EProw, NPie, NCun), Florentine, ImmU, Nimble, Serr, Temp]|M10",Sergeant,Morningstar,Tower Shield,Cloth,Arquebus,True,25,"ABF,Nimble,Immune Unwieldy,Serrated,Immune Blocked,Parry,Tempered,Florentine",300,,False,ABF|Academy|Armory|Blacksmith|Carpentry|Coliseum|Conditioning Field|Fletchery|Forge|Furnace|Gilded Foundry|Joinery|Levy Hall|Master Workshop|Stable|Tannery|Tiltyard|War College,10,16
"Sgt/ShortSword+Longbow/Targe/Chain (TY) [RoPaM, (RInd, SProw, NPie, NCun), Florentine, ImmU, Nimble, Parry +1, Recover 8, Riposte]|M10",Sergeant,Short Sword,Targe Shield,Chainmail,Longbow,True,25,"Parry +1,Nimble,Immune Unwieldy,Recover 8,Immune Blocked,Immune Strain,Parry,Drilled,Riposte,Florentine",1000,,False,Academy|Animal Husbandry|Apothecary|Armory|Blacksmith|Carpentry|Coliseum|Conditioning Field|Fletchery|Furnace|Grand Tournament|Herb Garden|Joinery|Levy Hall|Royal Pavilion|Tannery|Tiltyard|War College,10,13
"Sgt/Daggers+Pilum/Chain (TY) [ABFM, (SInd, EProw, NPie, NCun), Florentine, ImmU, Nimble, Serr, Temp]|M10",Sergeant,Daggers,,Chainmail,Pilum,True,25,"ABF,Nimble,Immune Unwieldy,Serrated,Immune Blocked,Parry,Tempered,Florentine",500,,False,ABF|Academy|Animal Husbandry|Armory|Blacksmith|Carpentry|Coliseum|Conditioning Field|Fletchery|Forge|Furnace|Gilded Foundry|Levy Hall|Master Workshop|Stable|Tannery|Tiltyard|War College,10,16
"Sgt/ShortSword+Arquebus/Heater/Gothic (TY) [ABFM, (SInd, EProw, NPie, NCun), Florentine, ImmU, Nimble, Serr, Temp]|M10",Sergeant,Short Sword,Heater Shield,Gothic Plate,Arquebus,True,25,"ABF,Nimble,Immune Unwieldy,Serrated,Immune Blocked,Parry,Tempered,Florentine",300,,False,ABF|Academy|Animal Husbandry|Armory|Blacksmith|Carpentry|Coliseum|Conditioning Field|Fletchery|Forge|Furnace|Gilded Foundry|Joinery|Levy Hall|Master Workshop|Stable|Tannery|Tiltyard|War College,10,16
"Sgt/Spears+Pilum/Kite/Leather (TY) [ABFM, (SInd, EProw, NPie, NCun), Florentine, ImmU, Nimble, Parry +1, Riposte, Serr, Temp]|M10",Sergeant,Spears,Kite Shield,Leather,Pilum,True,25,"ABF,Nimble,Immune Unwieldy,Parry +1,Serrated,Immune Blocked,Parry,Tempered,Riposte,Florentine",300,,False,ABF|Academy|Animal Husbandry|Armory|Blacksmith|Carpentry|Coliseum|Conditioning Field|Fletchery|Forge|Furnace|Gilded Foundry|Grand Tournament|Joinery|Levy Hall|Master Workshop|Stable|Tannery|Tiltyard|War College,10,16
"Sgt/ShortSword/Cloth (DW) [OuInPoM, (NInd, EProw, NPie, SCun), DW, Florentine, ImmU, Nimble]|M10",Sergeant,Short Sword,,Cloth,,True,25,"Nimble,Immune Unwieldy,Immune Blocked,confers:Strain,Parry,Dual Wield,Outrider: every,confers:Blocked,Florentine",1800,,False,Academy|Caravanery|Carpentry|Cipher Chamber|Coliseum|Conditioning Field|Fletchery|Furnace|Levy Hall|Outrider Intercept Post|Tiltyard|War College,10,16
"Sgt/Lance/Heater/Chain [ABFM, MiMiStM, (SInd, SProw, NPie, NCun), Recover 8, Serr, Temp]|M10",Sergeant,Lance,Heater Shield,Chainmail,,False,25,"ABF,Parry +1,Recover 8,Serrated,Immune Blocked,MaxInit3,Init +1,Parry,Seize: first,Tempered,Crit 8",500,,False,ABF|Academy|Animal Husbandry|Apothecary|Armory|Blacksmith|Carpentry|Forge|Furnace|Gilded Foundry|Herb Garden|Joinery|Levy Hall|Master Workshop|Ministry of Military Strategy|Stable|Tannery|University|War College,10,20
"Sgt/ShortSword+Arquebus/Heater/Cloth (TY) [ABFM, (SInd, EProw, NPie, NCun), Florentine, ImmU, Nimble, Serr, Temp]|M10",Sergeant,Short Sword,Heater Shield,Cloth,Arquebus,True,25,"ABF,Nimble,Immune Unwieldy,Serrated,Immune Blocked,Parry,Tempered,Florentine",300,,False,ABF|Academy|Armory|Blacksmith|Carpentry|Coliseum|Conditioning Field|Fletchery|Forge|Furnace|Gilded Foundry|Joinery|Levy Hall|Master Workshop|Stable|Tannery|Tiltyard|War College,10,16
"Sgt/WarHammer+HuntBow/Gothic (TY) [ABFM, (SInd, EProw, NPie, NCun), Florentine, ImmU, Nimble, Serr, Temp]|M10",Sergeant,War Hammer,,Gothic Plate,Hunting Bow,True,25,"ABF,Nimble,Immune Unwieldy,Serrated,Immune Blocked,Parry,Tempered,Florentine",500,,False,ABF|Academy|Animal Husbandry|Armory|Blacksmith|Carpentry|Coliseum|Conditioning Field|Fletchery|Forge|Furnace|Gilded Foundry|Levy Hall|Master Workshop|Stable|Tannery|Tiltyard|War College,10,16
"Sgt/ShortSword+Longbow/Tower/Leather (TY) [RoPaM, (EInd, SProw, NPie, NCun), Florentine, ImmU, Nimble, Parry +1, Recover 8, Riposte]|M10",Sergeant,Short Sword,Tower Shield,Leather,Longbow,True,25,"Parry +1,Nimble,Immune Unwieldy,Recover 8,Immune Blocked,Immune Strain,Parry,Drilled,Riposte,Florentine",1200,,False,Academy|Animal Husbandry|Apothecary|Blacksmith|Carpentry|Coliseum|Conditioning Field|Fletchery|Forge|Furnace|Grand Tournament|Herb Garden|Joinery|Levy Hall|Royal Pavilion|Tannery|Tiltyard|War College,10,16
"Sgt/Arming+Crossbow/Tower/Leather (TY) [PrI, (EInd, EProw, SPie, NCun), Florentine, ImmU, Nimble, Serr, Shake+1]|M10",Sergeant,Arming Sword,Tower Shield,Leather,Crossbow,True,25,"Nimble,Immune Unwieldy,Serrated,Immune Blocked,Resolute,Parry,Shake +1,Florentine",1000,,False,Academy|Animal Husbandry|Blacksmith|Carpentry|Coliseum|Conditioning Field|Fletchery|Forge|Furnace|Joinery|Levy Hall|Master Workshop|Preceptory|Tannery|Tiltyard|War College,10,22
"Sgt/Halberd/FullPlate [(EInd, EProw, EPie, RCun), Enduring, Nimble, Poison, Rec 6, Recover 7, Recover 8, Serr, Shake+1, Temp]|M10",Sergeant,Halberd,,Full Plate,,False,25,"Enduring,Nimble,Recover 8,Serrated,Immune Blocked,Recover 7,Poison,Recover 6,Parry,Tempered,Shake +1",200,,False,Academy|Alchemy|Animal Husbandry|Apothecary|Armory|Blacksmith|Butchery|Conditioning Field|Furnace|Gilded Foundry|Herb Garden|Hospitaller|Infirmary|Levy Hall|Master Workshop|Tannery|Toxicarium|War College,10,21
"Sgt/Lance/Kite/FullPlate [(EInd, EProw, EPie, NCun), Enduring, Nimble, Rec 6, Recover 7, Recover 8, Serr, Shake+1, Temp]|M10",Sergeant,Lance,Kite Shield,Full Plate,,False,25,"Enduring,Nimble,Recover 8,Serrated,Immune Blocked,Recover 7,Recover 6,Parry,Tempered,Shake +1",200,,False,Academy|Alchemy|Animal Husbandry|Apothecary|Armory|Blacksmith|Butchery|Carpentry|Conditioning Field|Forge|Furnace|Gilded Foundry|Herb Garden|Hospitaller|Infirmary|Joinery|Levy Hall|Master Workshop|Tannery|War College,10,18
"Sgt/Flail/Kite/Cloth [RoPaM, (EInd, SProw, EPie, NCun), Enduring, Parry +1, Rec 6, Recover 7, Recover 8, Serr, Shake+1]|M10",Sergeant,Flail,Kite Shield,Cloth,,False,25,"Enduring,Parry +1,Recover 8,Serrated,Immune Blocked,Recover 7,Immune Strain,Recover 6,Parry,Drilled,Shake +1",900,,False,Academy|Alchemy|Apothecary|Armory|Blacksmith|Carpentry|Furnace|Grand Tournament|Herb Garden|Hospitaller|Infirmary|Joinery|Levy Hall|Master Workshop|Royal Pavilion|Tannery|Tiltyard|War College,10,22
"Sgt/Spears+Pilum/Heater/Cloth (TY) [ABFM, (SInd, EProw, NPie, NCun), Florentine, ImmU, Nimble, Serr, Temp]|M10",Sergeant,Spears,Heater Shield,Cloth,Pilum,True,25,"ABF,Nimble,Immune Unwieldy,Serrated,Immune Blocked,Parry,Tempered,Florentine",300,,False,ABF|Academy|Armory|Blacksmith|Carpentry|Coliseum|Conditioning Field|Fletchery|Forge|Furnace|Gilded Foundry|Joinery|Levy Hall|Master Workshop|Stable|Tannery|Tiltyard|War College,10,16
"Sgt/Spears/Kite/Leather [(RInd, EProw, EPie, NCun), Enduring, Nimble, Rec 6, Recover 7, Recover 8, Shake+1]|M10",Sergeant,Spears,Kite Shield,Leather,,False,25,"Enduring,Nimble,Recover 8,Immune Blocked,Recover 7,Recover 6,Parry,Shake +1",200,,False,Academy|Alchemy|Animal Husbandry|Apothecary|Armory|Blacksmith|Butchery|Carpentry|Conditioning Field|Furnace|Herb Garden|Hospitaller|Infirmary|Joinery|Levy Hall|Smokehouse|Tannery|War College,10,15
"Sgt/Flail/Tower/Chain [(EInd, EProw, EPie, RCun), Enduring, Nimble, Poison, Rec 6, Recover 7, Recover 8, Shake+1]|M10",Sergeant,Flail,Tower Shield,Chainmail,,False,25,"Enduring,Nimble,Recover 8,Immune Blocked,Recover 7,Poison,Recover 6,Parry,Shake +1",200,,False,Academy|Alchemy|Animal Husbandry|Apothecary|Armory|Blacksmith|Butchery|Carpentry|Conditioning Field|Forge|Furnace|Herb Garden|Hospitaller|Infirmary|Joinery|Levy Hall|Tannery|Toxicarium|War College,10,21
"Sgt/Estoc+Crossbow/Leather (TY) [ABFM, (SInd, EProw, NPie, NCun), Florentine, ImmU, Nimble, Serr, Temp]|M10",Sergeant,Estoc,,Leather,Crossbow,True,25,"ABF,Nimble,Immune Unwieldy,Serrated,Immune Blocked,Parry,Tempered,Florentine",500,,False,ABF|Academy|Animal Husbandry|Armory|Blacksmith|Carpentry|Coliseum|Conditioning Field|Fletchery|Forge|Furnace|Gilded Foundry|Levy Hall|Master Workshop|Stable|Tannery|Tiltyard|War College,10,16
"Sgt/Poleaxe/Chain [ABFM, MiMiStM, (SInd, SProw, EPie, NCun), Enduring, Rec 6, Recover 7, Recover 8, Serr, Shake+1, Temp]|M10",Sergeant,Poleaxe,,Chainmail,,False,25,"Enduring,ABF,Parry +1,Recover 8,Serrated,Immune Blocked,MaxInit3,Recover 7,Init +1,Recover 6,Seize: first,Tempered,Parry,Crit 8,Shake +1",200,,False,ABF|Academy|Alchemy|Animal Husbandry|Apothecary|Armory|Blacksmith|Butchery|Forge|Furnace|Gilded Foundry|Herb Garden|Hospitaller|Infirmary|Levy Hall|Master Workshop|Ministry of Military Strategy|Stable|Tannery|University|War College,10,26
"Sgt/Daggers+Longbow/Cloth (TY) [(EInd, EProw, EPie, NCun), Enduring, Florentine, ImmU, Nimble, Rec 6, Recover 7, Recover 8, Serr, Shake+1]|M10",Sergeant,Daggers,,Cloth,Longbow,True,25,"Enduring,Nimble,Immune Unwieldy,Recover 8,Serrated,Immune Blocked,Recover 7,Recover 6,Parry,Shake +1,Florentine",1300,,False,Academy|Alchemy|Apothecary|Blacksmith|Carpentry|Coliseum|Conditioning Field|Fletchery|Furnace|Herb Garden|Hospitaller|Infirmary|Levy Hall|Master Workshop|Tiltyard|War College,10,18
"Sgt/Spears/Cloth (DW) [OuInPoI, (NInd, EProw, NPie, SCun), DW, Florentine, ImmU, Nimble, Recover 8]|M10",Sergeant,Spears,,Cloth,,True,25,"Nimble,Immune Unwieldy,Recover 8,Immune Blocked,Outrider: once,confers:Strain,Parry,Dual Wield,confers:Blocked,Florentine",1800,,False,Academy|Apothecary|Carpentry|Coliseum|Conditioning Field|Fletchery|Furnace|Herb Garden|Levy Hall|Outrider Intercept Post|Tiltyard|War College,10,16
"Sgt/Cudgel+Crossbow/Gothic (TY) [ABFM, (SInd, EProw, NPie, NCun), Florentine, ImmU, Nimble, Serr, Temp]|M10",Sergeant,Cudgel,,Gothic Plate,Crossbow,True,25,"ABF,Nimble,Immune Unwieldy,Serrated,Immune Blocked,Parry,Tempered,Florentine",500,,False,ABF|Academy|Animal Husbandry|Armory|Blacksmith|Carpentry|Coliseum|Conditioning Field|Fletchery|Forge|Furnace|Gilded Foundry|Levy Hall|Master Workshop|Stable|Tannery|Tiltyard|War College,10,16
"Sgt/Daggers+Javelin/Cloth (TY) [PrM, (RInd, EProw, SPie, NCun), Florentine, ImmU, Nimble, Rec 6, Shake+1]|M10",Sergeant,Daggers,,Cloth,Javelin,True,25,"Nimble,Immune Unwieldy,Immune Blocked,Resolute,Recover 6,Parry,Shake +1,Florentine",1600,,False,Abbey|Academy|Blacksmith|Carpentry|Coliseum|Conditioning Field|Fletchery|Furnace|Hospitaller|Levy Hall|Monastery|Pilgrimage Site|Preceptory|Tiltyard|War College,10,19
"Sgt/Arming+HuntBow/Tower/FullPlate (TY) [(EInd, EProw, NPie, NCun), Florentine, ImmU, Nimble, Recover 8, Temp]|M10",Sergeant,Arming Sword,Tower Shield,Full Plate,Hunting Bow,True,25,"Nimble,Immune Unwieldy,Recover 8,Parry,Tempered,Immune Blocked,Florentine",1000,,False,Academy|Animal Husbandry|Apothecary|Armory|Blacksmith|Carpentry|Coliseum|Conditioning Field|Fletchery|Forge|Furnace|Gilded Foundry|Herb Garden|Joinery|Levy Hall|Tannery|Tiltyard|War College,10,12
"Sgt/Arming+Arquebus/Kite/Cloth (TY) [ABFM, (SInd, EProw, NPie, NCun), Florentine, ImmU, Nimble, Serr, Temp]|M10",Sergeant,Arming Sword,Kite Shield,Cloth,Arquebus,True,25,"ABF,Nimble,Immune Unwieldy,Serrated,Immune Blocked,Parry,Tempered,Florentine",300,,False,ABF|Academy|Armory|Blacksmith|Carpentry|Coliseum|Conditioning Field|Fletchery|Forge|Furnace|Gilded Foundry|Joinery|Levy Hall|Master Workshop|Stable|Tannery|Tiltyard|War College,10,16
"Sgt/Estoc/Heater/Leather [RoPaI, ABFM, (SInd, SProw, NPie, NCun), Recover 8, Serr, Temp]|M10",Sergeant,Estoc,Heater Shield,Leather,,False,25,"ABF,Parry,Recover 8,Tempered,Serrated,Immune Blocked,Immune Strain",500,,False,ABF|Academy|Animal Husbandry|Apothecary|Armory|Blacksmith|Carpentry|Forge|Furnace|Gilded Foundry|Herb Garden|Joinery|Levy Hall|Master Workshop|Royal Pavilion|Stable|Tannery|War College,10,20
"Sgt/Cudgel+Pilum/FullPlate (TY) [RoPaM, ABFM, (SInd, SProw, NPie, NCun), Florentine, ImmU, Nimble, Parry +1, Riposte, Serr, Temp]|M10",Sergeant,Cudgel,,Full Plate,Pilum,True,25,"ABF,Nimble,Immune Unwieldy,Parry +1,Serrated,Immune Blocked,Immune Strain,Parry,Tempered,Drilled,Riposte,Florentine",500,,False,ABF|Academy|Animal Husbandry|Armory|Blacksmith|Carpentry|Coliseum|Conditioning Field|Fletchery|Forge|Furnace|Gilded Foundry|Grand Tournament|Levy Hall|Master Workshop|Royal Pavilion|Stable|Tannery|Tiltyard|War College,10,20
"Sgt/Spears/Heater/FullPlate [ABFM, MiMiStI, (SInd, SProw, NPie, RCun), Poison, Serr, Temp]|M10",Sergeant,Spears,Heater Shield,Full Plate,,False,25,"ABF,Serrated,Immune Blocked,MaxInit3,Poison,Parry,Seize: first,Tempered,Init +1",400,,False,ABF|Academy|Alchemy|Animal Husbandry|Armory|Blacksmith|Carpentry|Furnace|Gilded Foundry|Joinery|Levy Hall|Master Workshop|Ministry of Military Strategy|Stable|Tannery|Toxicarium|War College,10,23
"Sgt/Spears+Longbow/Tower/Chain (TY) [(EInd, EProw, NPie, NCun), Florentine, ImmU, Nimble, Recover 8]|M10",Sergeant,Spears,Tower Shield,Chainmail,Longbow,True,25,"Nimble,Immune Unwieldy,Recover 8,Parry,Immune Blocked,Florentine",1000,,False,Academy|Animal Husbandry|Apothecary|Armory|Blacksmith|Carpentry|Coliseum|Conditioning Field|Fletchery|Forge|Furnace|Herb Garden|Joinery|Levy Hall|Tannery|Tiltyard|War College,10,12
"Sgt/2HBastard+Javelin/Chain (TY) [(EInd, EProw, NPie, NCun), Florentine, ImmU, Nimble, Recover 8]|M10",Sergeant,2HBastard,,Chainmail,Javelin,True,25,"Nimble,Immune Unwieldy,Recover 8,Parry,Immune Blocked,Florentine",1200,,False,Academy|Animal Husbandry|Apothecary|Armory|Blacksmith|Carpentry|Coliseum|Conditioning Field|Fletchery|Forge|Furnace|Herb Garden|Levy Hall|Tannery|Tiltyard|War College,10,12
"Sgt/Arming/Tower/Leather [(EInd, EProw, EPie, NCun), Enduring, Nimble, Rec 6, Recover 7, Recover 8, Serr, Shake+1]|M10",Sergeant,Arming Sword,Tower Shield,Leather,,False,25,"Enduring,Nimble,Recover 8,Serrated,Immune Blocked,Recover 7,Recover 6,Parry,Shake +1",300,,False,Academy|Alchemy|Animal Husbandry|Apothecary|Blacksmith|Butchery|Carpentry|Conditioning Field|Forge|Furnace|Herb Garden|Hospitaller|Infirmary|Joinery|Levy Hall|Master Workshop|Tannery|War College,10,18
"Sgt/WarHammer+HuntBow/Leather (TY) [(EInd, EProw, NPie, NCun), Florentine, ImmU, Nimble, Recover 8]|M10",Sergeant,War Hammer,,Leather,Hunting Bow,True,25,"Nimble,Immune Unwieldy,Recover 8,Parry,Immune Blocked,Florentine",1400,,False,Academy|Animal Husbandry|Apothecary|Blacksmith|Carpentry|Coliseum|Conditioning Field|Fletchery|Forge|Furnace|Herb Garden|Levy Hall|Tannery|Tiltyard|War College,10,12
"Sgt/ShortSword/Heater/Gothic [ABFM, (SInd, EProw, NPie, NCun), Nimble, Serr, Temp]|M10",Sergeant,Short Sword,Heater Shield,Gothic Plate,,False,25,"ABF,Nimble,Parry,Tempered,Serrated,Immune Blocked",200,,False,ABF|Academy|Animal Husbandry|Armory|Blacksmith|Butchery|Carpentry|Conditioning Field|Furnace|Gilded Foundry|Joinery|Levy Hall|Master Workshop|Stable|Tannery|War College,10,16
"Sgt/Flail+Javelin/Tower/Cloth (TY) [PrM, (EInd, EProw, SPie, NCun), Florentine, ImmU, Nimble, Rec 6, Shake+1]|M10",Sergeant,Flail,Tower Shield,Cloth,Javelin,True,25,"Nimble,Immune Unwieldy,Immune Blocked,Resolute,Recover 6,Parry,Shake +1,Florentine",1400,,False,Abbey|Academy|Blacksmith|Carpentry|Coliseum|Conditioning Field|Fletchery|Forge|Furnace|Hospitaller|Joinery|Levy Hall|Monastery|Pilgrimage Site|Preceptory|Tiltyard|War College,10,22
"Sgt/Arming+Crossbow/FullPlate (TY) [(EInd, EProw, NPie, NCun), Florentine, ImmU, Nimble, Recover 8, Temp]|M10",Sergeant,Arming Sword,,Full Plate,Crossbow,True,25,"Nimble,Immune Unwieldy,Recover 8,Parry,Tempered,Immune Blocked,Florentine",1200,,False,Academy|Animal Husbandry|Apothecary|Armory|Blacksmith|Carpentry|Coliseum|Conditioning Field|Fletchery|Forge|Furnace|Gilded Foundry|Herb Garden|Levy Hall|Tannery|Tiltyard|War College,10,12
"Sgt/Cavalry Spear/Buckler/Gothic [ABFM, (SInd, EProw, NPie, NCun), Nimble, Serr, Temp]|M10",Sergeant,Cavalry Spear,Buckler Shield,Gothic Plate,,False,25,"ABF,Nimble,Parry,Tempered,Serrated,Immune Blocked",200,,False,ABF|Academy|Animal Husbandry|Armory|Blacksmith|Butchery|Carpentry|Conditioning Field|Furnace|Gilded Foundry|Joinery|Levy Hall|Master Workshop|Stable|Tannery|War College,10,16
"Sgt/WarHammer/Leather [(EInd, EProw, EPie, RCun), Enduring, Nimble, Poison, Rec 6, Recover 7, Recover 8, Serr, Shake+1]|M10",Sergeant,War Hammer,,Leather,,False,25,"Enduring,Nimble,Recover 8,Serrated,Immune Blocked,Recover 7,Poison,Recover 6,Parry,Shake +1",400,,False,Academy|Alchemy|Animal Husbandry|Apothecary|Blacksmith|Butchery|Conditioning Field|Forge|Furnace|Herb Garden|Hospitaller|Infirmary|Levy Hall|Master Workshop|Tannery|Toxicarium|War College,10,21
"Sgt/ShortSword+Javelin/Targe/Cloth (TY) [(EInd, EProw, EPie, NCun), Enduring, Florentine, ImmU, Nimble, Rec 6, Recover 7, Recover 8, Serr, Shake+1]|M10",Sergeant,Short Sword,Targe Shield,Cloth,Javelin,True,25,"Enduring,Nimble,Immune Unwieldy,Recover 8,Serrated,Immune Blocked,Recover 7,Recover 6,Parry,Shake +1,Florentine",1100,,False,Academy|Alchemy|Apothecary|Blacksmith|Carpentry|Coliseum|Conditioning Field|Fletchery|Furnace|Herb Garden|Hospitaller|Infirmary|Joinery|Levy Hall|Master Workshop|Tiltyard|War College,10,18
"Sgt/Bastard/Heater/Chain [ABFM, (SInd, EProw, NPie, NCun), Nimble, Recover 8, Serr, Temp]|M10",Sergeant,Bastard Sword,Heater Shield,Chainmail,,False,25,"ABF,Nimble,Parry,Recover 8,Tempered,Serrated,Immune Blocked",500,,False,ABF|Academy|Animal Husbandry|Apothecary|Armory|Blacksmith|Carpentry|Conditioning Field|Forge|Furnace|Gilded Foundry|Herb Garden|Joinery|Levy Hall|Master Workshop|Stable|Tannery|War College,10,16
"KT/FarmTools/Cloth [PrM, (NInd, EProw, SPie, NCun), Nimble, Rec 6, Shake+1]|M4",Knight Templar,Farm Tools,,Cloth,,False,25,"Nimble,Parry,Recover 6,Immune Blocked,Shake +1,Resolute",2000,,False,Abbey|Conditioning Field|Hospitaller|Monastery|Pilgrimage Site|Preceptory,4,16
"KT/FarmTools/Cloth [PrM, MiMiStI, (NInd, SProw, SPie, NCun), Rec 6, Shake+1]|M4",Knight Templar,Farm Tools,,Cloth,,False,25,"Immune Blocked,MaxInit3,Resolute,Recover 6,Seize: first,Parry,Init +1,Shake +1",2000,,False,Abbey|Hospitaller|Ministry of Military Strategy|Monastery|Pilgrimage Site|Preceptory,4,20
"KT/Cudgel/Cloth [PrM, (NInd, EProw, SPie, NCun), Nimble, Rec 6, Shake+1]|M4",Knight Templar,Cudgel,,Cloth,,False,25,"Nimble,Parry,Recover 6,Immune Blocked,Shake +1,Resolute",2000,,False,Abbey|Conditioning Field|Hospitaller|Monastery|Pilgrimage Site|Preceptory,4,16
"KT/Pitchfork/Cloth [PrM, (NInd, EProw, SPie, NCun), Nimble, Rec 6, Shake+1]|M4",Knight Templar,Pitchfork,,Cloth,,False,25,"Nimble,Parry,Recover 6,Immune Blocked,Shake +1,Resolute",2000,,False,Abbey|Conditioning Field|Hospitaller|Monastery|Pilgrimage Site|Preceptory,4,16
"KT/FarmTools/Cloth [PrM, (NInd, EProw, SPie, NCun), Enduring, Nimble, Rec 6, Recover 7, Recover 8, Shake+1]|M5",Knight Templar,Farm Tools,,Cloth,,False,25,"Enduring,Nimble,Recover 8,Immune Blocked,Recover 7,Resolute,Recover 6,Parry,Shake +1",1900,,False,Abbey|Alchemy|Apothecary|Conditioning Field|Herb Garden|Hospitaller|Infirmary|Monastery|Pilgrimage Site|Preceptory,5,16
"KT/FarmTools/Cloth [PrM, MiMiStI, (NInd, SProw, SPie, NCun), Enduring, Rec 6, Recover 7, Recover 8, Shake+1]|M5",Knight Templar,Farm Tools,,Cloth,,False,25,"Enduring,Recover 8,Immune Blocked,Recover 7,MaxInit3,Resolute,Recover 6,Seize: first,Parry,Init +1,Shake +1",1900,,False,Abbey|Alchemy|Apothecary|Herb Garden|Hospitaller|Infirmary|Ministry of Military Strategy|Monastery|Pilgrimage Site|Preceptory,5,20
"KT/FarmTools/Buckler/Cloth [PrM, (RInd, EProw, SPie, NCun), Nimble, Rec 6, Shake+1]|M5",Knight Templar,Farm Tools,Buckler Shield,Cloth,,False,25,"Nimble,Parry,Recover 6,Immune Blocked,Shake +1,Resolute",1800,,False,Abbey|Carpentry|Conditioning Field|Hospitaller|Joinery|Monastery|Pilgrimage Site|Preceptory,5,19
"KT/FarmTools/Buckler/Cloth [PrM, (RInd, EProw, SPie, NCun), Nimble, Parry +1, Rec 6, Riposte, Shake+1]|M5",Knight Templar,Farm Tools,Buckler Shield,Cloth,,False,25,"Parry +1,Nimble,Immune Blocked,Resolute,Recover 6,Parry,Riposte,Shake +1",1800,,False,Abbey|Carpentry|Coliseum|Conditioning Field|Grand Tournament|Hospitaller|Joinery|Monastery|Pilgrimage Site|Preceptory,5,19
"KT/FarmTools/Leather [PrM, (NInd, EProw, SPie, NCun), Nimble, Rec 6, Shake+1]|M5",Knight Templar,Farm Tools,,Leather,,False,25,"Nimble,Parry,Recover 6,Immune Blocked,Shake +1,Resolute",1800,,False,Abbey|Animal Husbandry|Conditioning Field|Hospitaller|Monastery|Pilgrimage Site|Preceptory|Tannery,5,16
"KT/FarmTools/Leather [PrM, (NInd, EProw, SPie, NCun), Nimble, Parry +1, Rec 6, Riposte, Shake+1]|M5",Knight Templar,Farm Tools,,Leather,,False,25,"Parry +1,Nimble,Immune Blocked,Resolute,Recover 6,Parry,Riposte,Shake +1",1800,,False,Abbey|Animal Husbandry|Coliseum|Conditioning Field|Grand Tournament|Hospitaller|Monastery|Pilgrimage Site|Preceptory|Tannery,5,16
"KT/Cudgel/Cloth [PrM, (NInd, EProw, SPie, NCun), Enduring, Nimble, Rec 6, Recover 7, Recover 8, Shake+1]|M5",Knight Templar,Cudgel,,Cloth,,False,25,"Enduring,Nimble,Recover 8,Immune Blocked,Recover 7,Resolute,Recover 6,Parry,Shake +1",1900,,False,Abbey|Alchemy|Apothecary|Conditioning Field|Herb Garden|Hospitaller|Infirmary|Monastery|Pilgrimage Site|Preceptory,5,16
"KT/Cudgel/Leather [PrM, (NInd, EProw, SPie, NCun), Nimble, Rec 6, Shake+1]|M5",Knight Templar,Cudgel,,Leather,,False,25,"Nimble,Parry,Recover 6,Immune Blocked,Shake +1,Resolute",1800,,False,Abbey|Animal Husbandry|Conditioning Field|Hospitaller|Monastery|Pilgrimage Site|Preceptory|Tannery,5,16
"KT/Pitchfork/Cloth [PrM, (NInd, EProw, SPie, NCun), Enduring, Nimble, Rec 6, Recover 7, Recover 8, Shake+1]|M5",Knight Templar,Pitchfork,,Cloth,,False,25,"Enduring,Nimble,Recover 8,Immune Blocked,Recover 7,Resolute,Recover 6,Parry,Shake +1",1900,,False,Abbey|Alchemy|Apothecary|Conditioning Field|Herb Garden|Hospitaller|Infirmary|Monastery|Pilgrimage Site|Preceptory,5,16
"KT/Pitchfork/Leather [PrM, (NInd, EProw, SPie, NCun), Nimble, Rec 6, Shake+1]|M5",Knight Templar,Pitchfork,,Leather,,False,25,"Nimble,Parry,Recover 6,Immune Blocked,Shake +1,Resolute",1800,,False,Abbey|Animal Husbandry|Conditioning Field|Hospitaller|Monastery|Pilgrimage Site|Preceptory|Tannery,5,16
"KT/Daggers/Cloth [PrM, (NInd, EProw, SPie, NCun), Nimble, Rec 6, Shake+1]|M5",Knight Templar,Daggers,,Cloth,,False,25,"Nimble,Parry,Recover 6,Immune Blocked,Shake +1,Resolute",2000,,False,Abbey|Conditioning Field|Furnace|Hospitaller|Monastery|Pilgrimage Site|Preceptory,5,16
"KT/Pike/Cloth [PrM, (RInd, EProw, SPie, NCun), Nimble, Rec 6, Shake+1]|M5",Knight Templar,Pike,,Cloth,,False,25,"Nimble,Parry,Recover 6,Immune Blocked,Shake +1,Resolute",2000,,False,Abbey|Blacksmith|Conditioning Field|Furnace|Hospitaller|Monastery|Pilgrimage Site|Preceptory,5,19
"KT/Halberd/Cloth [PrM, (RInd, EProw, SPie, NCun), Nimble, Rec 6, Shake+1]|M5",Knight Templar,Halberd,,Cloth,,False,25,"Nimble,Parry,Recover 6,Immune Blocked,Shake +1,Resolute",2000,,False,Abbey|Blacksmith|Conditioning Field|Furnace|Hospitaller|Monastery|Pilgrimage Site|Preceptory,5,19
"KT/BattleAxe/Cloth [PrM, (RInd, EProw, SPie, NCun), Nimble, Rec 6, Shake+1]|M5",Knight Templar,Battle Axe,,Cloth,,False,25,"Nimble,Parry,Recover 6,Immune Blocked,Shake +1,Resolute",2000,,False,Abbey|Blacksmith|Conditioning Field|Furnace|Hospitaller|Monastery|Pilgrimage Site|Preceptory,5,19
"KT/2HBastard/Cloth [PrM, (EInd, EProw, SPie, NCun), Nimble, Rec 6, Shake+1]|M5",Knight Templar,2HBastard,,Cloth,,False,25,"Nimble,Parry,Recover 6,Immune Blocked,Shake +1,Resolute",2000,,False,Abbey|Blacksmith|Conditioning Field|Forge|Furnace|Hospitaller|Monastery|Pilgrimage Site|Preceptory,5,22
"KT/WarHammer/Cloth [PrM, (EInd, EProw, SPie, NCun), Nimble, Rec 6, Shake+1]|M5",Knight Templar,War Hammer,,Cloth,,False,25,"Nimble,Parry,Recover 6,Immune Blocked,Shake +1,Resolute",2000,,False,Abbey|Blacksmith|Conditioning Field|Forge|Furnace|Hospitaller|Monastery|Pilgrimage Site|Preceptory,5,22
"KT/FarmTools/Cloth [PrM, (NInd, EProw, SPie, NCun), Nimble, Rec 6, Recover 8, Shake+1]|M6",Knight Templar,Farm Tools,,Cloth,,False,25,"Nimble,Recover 6,Recover 8,Parry,Immune Blocked,Shake +1,Resolute",2000,,False,Abbey|Apothecary|Conditioning Field|Herb Garden|Hospitaller|Monastery|Pilgrimage Site|Preceptory,6,16
"KT/FarmTools/Cloth [PrM, MiMiStI, (NInd, SProw, SPie, NCun), Rec 6, Recover 8, Shake+1]|M6",Knight Templar,Farm Tools,,Cloth,,False,25,"Recover 8,Immune Blocked,MaxInit3,Resolute,Recover 6,Seize: first,Parry,Init +1,Shake +1",2000,,False,Abbey|Apothecary|Herb Garden|Hospitaller|Ministry of Military Strategy|Monastery|Pilgrimage Site|Preceptory,6,20
"KT/FarmTools/Buckler/Cloth [PrM, (RInd, EProw, SPie, NCun), Enduring, Nimble, Rec 6, Recover 7, Recover 8, Shake+1]|M6",Knight Templar,Farm Tools,Buckler Shield,Cloth,,False,25,"Enduring,Nimble,Recover 8,Immune Blocked,Recover 7,Resolute,Recover 6,Parry,Shake +1",1700,,False,Abbey|Alchemy|Apothecary|Carpentry|Conditioning Field|Herb Garden|Hospitaller|Infirmary|Joinery|Monastery|Pilgrimage Site|Preceptory,6,19
"KT/FarmTools/Buckler/Cloth [PrM, (RInd, EProw, SPie, NCun), Enduring, Nimble, Parry +1, Rec 6, Recover 7, Recover 8, Riposte, Shake+1]|M6",Knight Templar,Farm Tools,Buckler Shield,Cloth,,False,25,"Enduring,Parry +1,Nimble,Recover 8,Immune Blocked,Recover 7,Resolute,Recover 6,Parry,Riposte,Shake +1",1700,,False,Abbey|Alchemy|Apothecary|Carpentry|Coliseum|Conditioning Field|Grand Tournament|Herb Garden|Hospitaller|Infirmary|Joinery|Monastery|Pilgrimage Site|Preceptory,6,19
"KT/FarmTools/Targe/Cloth [PrM, (RInd, EProw, SPie, NCun), Nimble, Rec 6, Shake+1]|M6",Knight Templar,Farm Tools,Targe Shield,Cloth,,False,25,"Nimble,Parry,Recover 6,Immune Blocked,Shake +1,Resolute",1800,,False,Abbey|Blacksmith|Carpentry|Conditioning Field|Furnace|Hospitaller|Joinery|Monastery|Pilgrimage Site|Preceptory,6,19
"KT/FarmTools/Targe/Cloth [PrM, (RInd, EProw, SPie, NCun), Nimble, Parry +1, Rec 6, Riposte, Shake+1]|M6",Knight Templar,Farm Tools,Targe Shield,Cloth,,False,25,"Parry +1,Nimble,Immune Blocked,Resolute,Recover 6,Parry,Riposte,Shake +1",1800,,False,Abbey|Blacksmith|Carpentry|Coliseum|Conditioning Field|Furnace|Grand Tournament|Hospitaller|Joinery|Monastery|Pilgrimage Site|Preceptory,6,19
"KT/FarmTools/Tower/Cloth [PrM, (EInd, EProw, SPie, NCun), Nimble, Rec 6, Shake+1]|M6",Knight Templar,Farm Tools,Tower Shield,Cloth,,False,25,"Nimble,Parry,Recover 6,Immune Blocked,Shake +1,Resolute",1800,,False,Abbey|Blacksmith|Carpentry|Conditioning Field|Forge|Furnace|Hospitaller|Joinery|Monastery|Pilgrimage Site|Preceptory,6,22
"KT/FarmTools/Leather [PrM, (NInd, EProw, SPie, NCun), Enduring, Nimble, Rec 6, Recover 7, Recover 8, Shake+1]|M6",Knight Templar,Farm Tools,,Leather,,False,25,"Enduring,Nimble,Recover 8,Immune Blocked,Recover 7,Resolute,Recover 6,Parry,Shake +1",1700,,False,Abbey|Alchemy|Animal Husbandry|Apothecary|Conditioning Field|Herb Garden|Hospitaller|Infirmary|Monastery|Pilgrimage Site|Preceptory|Tannery,6,16
"KT/FarmTools/Leather [PrM, (NInd, EProw, SPie, NCun), Enduring, Nimble, Parry +1, Rec 6, Recover 7, Recover 8, Riposte, Shake+1]|M6",Knight Templar,Farm Tools,,Leather,,False,25,"Enduring,Parry +1,Nimble,Recover 8,Immune Blocked,Recover 7,Resolute,Recover 6,Parry,Riposte,Shake +1",1700,,False,Abbey|Alchemy|Animal Husbandry|Apothecary|Coliseum|Conditioning Field|Grand Tournament|Herb Garden|Hospitaller|Infirmary|Monastery|Pilgrimage Site|Preceptory|Tannery,6,16
"KT/FarmTools/Buckler/Leather [PrM, (RInd, EProw, SPie, NCun), Nimble, Rec 6, Shake+1]|M6",Knight Templar,Farm Tools,Buckler Shield,Leather,,False,25,"Nimble,Parry,Recover 6,Immune Blocked,Shake +1,Resolute",1600,,False,Abbey|Animal Husbandry|Carpentry|Conditioning Field|Hospitaller|Joinery|Monastery|Pilgrimage Site|Preceptory|Tannery,6,19
"KT/FarmTools/Buckler/Leather [PrM, (RInd, EProw, SPie, NCun), Nimble, Parry +1, Rec 6, Riposte, Shake+1]|M6",Knight Templar,Farm Tools,Buckler Shield,Leather,,False,25,"Parry +1,Nimble,Immune Blocked,Resolute,Recover 6,Parry,Riposte,Shake +1",1600,,False,Abbey|Animal Husbandry|Carpentry|Coliseum|Conditioning Field|Grand Tournament|Hospitaller|Joinery|Monastery|Pilgrimage Site|Preceptory|Tannery,6,19
"KT/FarmTools/Chain [PrM, (RInd, EProw, SPie, NCun), Nimble, Rec 6, Shake+1]|M6",Knight Templar,Farm Tools,,Chainmail,,False,25,"Nimble,Parry,Recover 6,Immune Blocked,Shake +1,Resolute",1600,,False,Abbey|Animal Husbandry|Armory|Blacksmith|Conditioning Field|Furnace|Hospitaller|Monastery|Pilgrimage Site|Preceptory|Tannery,6,19
"KT/FarmTools/FullPlate [PrM, (EInd, EProw, SPie, NCun), Nimble, Parry +1, Rec 6, Riposte, Shake+1, Temp]|M6",Knight Templar,Farm Tools,,Full Plate,,False,25,"Parry +1,Nimble,Immune Blocked,Resolute,Recover 6,Parry,Tempered,Riposte,Shake +1",1600,,False,Abbey|Animal Husbandry|Armory|Blacksmith|Coliseum|Conditioning Field|Furnace|Gilded Foundry|Grand Tournament|Hospitaller|Monastery|Pilgrimage Site|Preceptory|Tannery,6,22
"KT/FarmTools/FullPlate [PrM, (EInd, EProw, SPie, NCun), Nimble, Rec 6, Shake+1, Temp]|M6",Knight Templar,Farm Tools,,Full Plate,,False,25,"Nimble,Recover 6,Parry,Tempered,Immune Blocked,Shake +1,Resolute",1600,,False,Abbey|Animal Husbandry|Armory|Blacksmith|Conditioning Field|Furnace|Gilded Foundry|Hospitaller|Monastery|Pilgrimage Site|Preceptory|Tannery,6,22
"KT/Cudgel/Cloth [PrM, (NInd, EProw, SPie, NCun), Nimble, Rec 6, Recover 8, Shake+1]|M6",Knight Templar,Cudgel,,Cloth,,False,25,"Nimble,Recover 6,Recover 8,Parry,Immune Blocked,Shake +1,Resolute",2000,,False,Abbey|Apothecary|Conditioning Field|Herb Garden|Hospitaller|Monastery|Pilgrimage Site|Preceptory,6,16
"KT/Cudgel/Leather [PrM, (NInd, EProw, SPie, NCun), Enduring, Nimble, Rec 6, Recover 7, Recover 8, Shake+1]|M6",Knight Templar,Cudgel,,Leather,,False,25,"Enduring,Nimble,Recover 8,Immune Blocked,Recover 7,Resolute,Recover 6,Parry,Shake +1",1700,,False,Abbey|Alchemy|Animal Husbandry|Apothecary|Conditioning Field|Herb Garden|Hospitaller|Infirmary|Monastery|Pilgrimage Site|Preceptory|Tannery,6,16
"KT/Cudgel/Chain [PrM, (RInd, EProw, SPie, NCun), Nimble, Rec 6, Shake+1]|M6",Knight Templar,Cudgel,,Chainmail,,False,25,"Nimble,Parry,Recover 6,Immune Blocked,Shake +1,Resolute",1600,,False,Abbey|Animal Husbandry|Armory|Blacksmith|Conditioning Field|Furnace|Hospitaller|Monastery|Pilgrimage Site|Preceptory|Tannery,6,19
"KT/Cudgel/FullPlate [PrM, (EInd, EProw, SPie, NCun), Nimble, Rec 6, Shake+1, Temp]|M6",Knight Templar,Cudgel,,Full Plate,,False,25,"Nimble,Recover 6,Parry,Tempered,Immune Blocked,Shake +1,Resolute",1600,,False,Abbey|Animal Husbandry|Armory|Blacksmith|Conditioning Field|Furnace|Gilded Foundry|Hospitaller|Monastery|Pilgrimage Site|Preceptory|Tannery,6,22
"KT/Pitchfork/Cloth [PrM, (NInd, EProw, SPie, NCun), Nimble, Rec 6, Recover 8, Shake+1]|M6",Knight Templar,Pitchfork,,Cloth,,False,25,"Nimble,Recover 6,Recover 8,Parry,Immune Blocked,Shake +1,Resolute",2000,,False,Abbey|Apothecary|Conditioning Field|Herb Garden|Hospitaller|Monastery|Pilgrimage Site|Preceptory,6,16
"KT/Pitchfork/Leather [PrM, (NInd, EProw, SPie, NCun), Enduring, Nimble, Rec 6, Recover 7, Recover 8, Shake+1]|M6",Knight Templar,Pitchfork,,Leather,,False,25,"Enduring,Nimble,Recover 8,Immune Blocked,Recover 7,Resolute,Recover 6,Parry,Shake +1",1700,,False,Abbey|Alchemy|Animal Husbandry|Apothecary|Conditioning Field|Herb Garden|Hospitaller|Infirmary|Monastery|Pilgrimage Site|Preceptory|Tannery,6,16
"KT/Pitchfork/Chain [PrM, (RInd, EProw, SPie, NCun), Nimble, Rec 6, Shake+1]|M6",Knight Templar,Pitchfork,,Chainmail,,False,25,"Nimble,Parry,Recover 6,Immune Blocked,Shake +1,Resolute",1600,,False,Abbey|Animal Husbandry|Armory|Blacksmith|Conditioning Field|Furnace|Hospitaller|Monastery|Pilgrimage Site|Preceptory|Tannery,6,19
"KT/Pitchfork/FullPlate [PrM, (EInd, EProw, SPie, NCun), Nimble, Rec 6, Shake+1, Temp]|M6",Knight Templar,Pitchfork,,Full Plate,,False,25,"Nimble,Recover 6,Parry,Tempered,Immune Blocked,Shake +1,Resolute",1600,,False,Abbey|Animal Husbandry|Armory|Blacksmith|Conditioning Field|Furnace|Gilded Foundry|Hospitaller|Monastery|Pilgrimage Site|Preceptory|Tannery,6,22
"KT/Pitchfork/FullPlate [PrM, OuInPoI, (EInd, EProw, SPie, SCun), Rec 6, Shake+1, Temp]|M6",Knight Templar,Pitchfork,,Full Plate,,False,25,"Immune Blocked,Resolute,Outrider: once,confers:Strain,Recover 6,Parry,Tempered,confers:Blocked,Shake +1",1600,,False,Abbey|Animal Husbandry|Armory|Blacksmith|Furnace|Gilded Foundry|Hospitaller|Monastery|Outrider Intercept Post|Pilgrimage Site|Preceptory|Tannery,6,32
"KT/Daggers/Cloth [PrM, (NInd, EProw, SPie, NCun), Enduring, Nimble, Rec 6, Recover 7, Recover 8, Shake+1]|M6",Knight Templar,Daggers,,Cloth,,False,25,"Enduring,Nimble,Recover 8,Immune Blocked,Recover 7,Resolute,Recover 6,Parry,Shake +1",1900,,False,Abbey|Alchemy|Apothecary|Conditioning Field|Furnace|Herb Garden|Hospitaller|Infirmary|Monastery|Pilgrimage Site|Preceptory,6,16
"KT/Daggers/Leather [PrM, (NInd, EProw, SPie, NCun), Nimble, Parry +1, Rec 6, Riposte, Shake+1]|M6",Knight Templar,Daggers,,Leather,,False,25,"Parry +1,Nimble,Immune Blocked,Resolute,Recover 6,Parry,Riposte,Shake +1",1800,,False,Abbey|Animal Husbandry|Coliseum|Conditioning Field|Furnace|Grand Tournament|Hospitaller|Monastery|Pilgrimage Site|Preceptory|Tannery,6,16
"KT/Daggers/Leather [PrM, OuInPoI, (NInd, EProw, SPie, SCun), Rec 6, Shake+1]|M6",Knight Templar,Daggers,,Leather,,False,25,"Immune Blocked,Resolute,Outrider: once,confers:Strain,Parry,Recover 6,confers:Blocked,Shake +1",1800,,False,Abbey|Animal Husbandry|Furnace|Hospitaller|Monastery|Outrider Intercept Post|Pilgrimage Site|Preceptory|Tannery,6,26
"KT/Daggers/Leather [PrM, (NInd, EProw, SPie, NCun), Nimble, Rec 6, Shake+1]|M6",Knight Templar,Daggers,,Leather,,False,25,"Nimble,Parry,Recover 6,Immune Blocked,Shake +1,Resolute",1800,,False,Abbey|Animal Husbandry|Conditioning Field|Furnace|Hospitaller|Monastery|Pilgrimage Site|Preceptory|Tannery,6,16
"KT/Daggers/Chain [PrM, MiMiStI, (RInd, SProw, SPie, NCun), Rec 6, Shake+1]|M6",Knight Templar,Daggers,,Chainmail,,False,25,"Immune Blocked,MaxInit3,Resolute,Recover 6,Seize: first,Parry,Init +1,Shake +1",1600,,False,Abbey|Animal Husbandry|Armory|Blacksmith|Furnace|Hospitaller|Ministry of Military Strategy|Monastery|Pilgrimage Site|Preceptory|Tannery,6,23
"KT/Daggers/Chain [PrM, (RInd, EProw, SPie, NCun), Nimble, Rec 6, Shake+1]|M6",Knight Templar,Daggers,,Chainmail,,False,25,"Nimble,Parry,Recover 6,Immune Blocked,Shake +1,Resolute",1600,,False,Abbey|Animal Husbandry|Armory|Blacksmith|Conditioning Field|Furnace|Hospitaller|Monastery|Pilgrimage Site|Preceptory|Tannery,6,19
"KT/Daggers/FullPlate [PrM, (EInd, EProw, SPie, NCun), Nimble, Rec 6, Shake+1, Temp]|M6",Knight Templar,Daggers,,Full Plate,,False,25,"Nimble,Recover 6,Parry,Tempered,Immune Blocked,Shake +1,Resolute",1600,,False,Abbey|Animal Husbandry|Armory|Blacksmith|Conditioning Field|Furnace|Gilded Foundry|Hospitaller|Monastery|Pilgrimage Site|Preceptory|Tannery,6,22
"KT/ShortSword/Targe/Cloth [PrM, (RInd, EProw, SPie, NCun), Nimble, Rec 6, Shake+1]|M6",Knight Templar,Short Sword,Targe Shield,Cloth,,False,25,"Nimble,Parry,Recover 6,Immune Blocked,Shake +1,Resolute",1800,,False,Abbey|Blacksmith|Carpentry|Conditioning Field|Furnace|Hospitaller|Joinery|Monastery|Pilgrimage Site|Preceptory,6,19
"KT/ShortSword/Tower/Cloth [PrM, (EInd, EProw, SPie, NCun), Nimble, Rec 6, Shake+1]|M6",Knight Templar,Short Sword,Tower Shield,Cloth,,False,25,"Nimble,Parry,Recover 6,Immune Blocked,Shake +1,Resolute",1800,,False,Abbey|Blacksmith|Carpentry|Conditioning Field|Forge|Furnace|Hospitaller|Joinery|Monastery|Pilgrimage Site|Preceptory,6,22
"KT/Spears/Targe/Cloth [PrM, (RInd, EProw, SPie, NCun), Nimble, Rec 6, Shake+1]|M6",Knight Templar,Spears,Targe Shield,Cloth,,False,25,"Nimble,Parry,Recover 6,Immune Blocked,Shake +1,Resolute",1800,,False,Abbey|Blacksmith|Carpentry|Conditioning Field|Furnace|Hospitaller|Joinery|Monastery|Pilgrimage Site|Preceptory,6,19
"KT/Spears/Tower/Cloth [PrM, (EInd, EProw, SPie, NCun), Nimble, Rec 6, Shake+1]|M6",Knight Templar,Spears,Tower Shield,Cloth,,False,25,"Nimble,Parry,Recover 6,Immune Blocked,Shake +1,Resolute",1800,,False,Abbey|Blacksmith|Carpentry|Conditioning Field|Forge|Furnace|Hospitaller|Joinery|Monastery|Pilgrimage Site|Preceptory,6,22
"KT/Spears/Tower/Cloth [PrM, MiMiStI, (EInd, SProw, SPie, NCun), Rec 6, Shake+1]|M6",Knight Templar,Spears,Tower Shield,Cloth,,False,25,"Immune Blocked,MaxInit3,Resolute,Recover 6,Seize: first,Parry,Init +1,Shake +1",1800,,False,Abbey|Blacksmith|Carpentry|Forge|Furnace|Hospitaller|Joinery|Ministry of Military Strategy|Monastery|Pilgrimage Site|Preceptory,6,26
"KT/Arming/Tower/Cloth [PrM, (EInd, EProw, SPie, NCun), Nimble, Rec 6, Shake+1]|M6",Knight Templar,Arming Sword,Tower Shield,Cloth,,False,25,"Nimble,Parry,Recover 6,Immune Blocked,Shake +1,Resolute",1800,,False,Abbey|Blacksmith|Carpentry|Conditioning Field|Forge|Furnace|Hospitaller|Joinery|Monastery|Pilgrimage Site|Preceptory,6,22
"KT/Pike/Cloth [PrM, (RInd, EProw, SPie, NCun), Enduring, Nimble, Rec 6, Recover 7, Recover 8, Shake+1]|M6",Knight Templar,Pike,,Cloth,,False,25,"Enduring,Nimble,Recover 8,Immune Blocked,Recover 7,Resolute,Recover 6,Parry,Shake +1",1900,,False,Abbey|Alchemy|Apothecary|Blacksmith|Conditioning Field|Furnace|Herb Garden|Hospitaller|Infirmary|Monastery|Pilgrimage Site|Preceptory,6,19
"KT/Pike/Leather [PrM, (RInd, EProw, SPie, NCun), Nimble, Rec 6, Shake+1]|M6",Knight Templar,Pike,,Leather,,False,25,"Nimble,Parry,Recover 6,Immune Blocked,Shake +1,Resolute",1800,,False,Abbey|Animal Husbandry|Blacksmith|Conditioning Field|Furnace|Hospitaller|Monastery|Pilgrimage Site|Preceptory|Tannery,6,19
"KT/Pike/Leather [PrM, MiMiStI, (RInd, SProw, SPie, NCun), Rec 6, Shake+1]|M6",Knight Templar,Pike,,Leather,,False,25,"Immune Blocked,MaxInit3,Resolute,Recover 6,Seize: first,Parry,Init +1,Shake +1",1800,,False,Abbey|Animal Husbandry|Blacksmith|Furnace|Hospitaller|Ministry of Military Strategy|Monastery|Pilgrimage Site|Preceptory|Tannery,6,23
"KT/Pike/Leather [PrM, OuInPoI, (RInd, EProw, SPie, SCun), Rec 6, Shake+1]|M6",Knight Templar,Pike,,Leather,,False,25,"Immune Blocked,Resolute,Outrider: once,confers:Strain,Parry,Recover 6,confers:Blocked,Shake +1",1800,,False,Abbey|Animal Husbandry|Blacksmith|Furnace|Hospitaller|Monastery|Outrider Intercept Post|Pilgrimage Site|Preceptory|Tannery,6,29
"KT/Pike/Chain [PrM, (RInd, EProw, SPie, NCun), Nimble, Rec 6, Shake+1]|M6",Knight Templar,Pike,,Chainmail,,False,25,"Nimble,Parry,Recover 6,Immune Blocked,Shake +1,Resolute",1600,,False,Abbey|Animal Husbandry|Armory|Blacksmith|Conditioning Field|Furnace|Hospitaller|Monastery|Pilgrimage Site|Preceptory|Tannery,6,19
"KT/Pike/FullPlate [PrM, (EInd, EProw, SPie, NCun), Nimble, Rec 6, Shake+1, Temp]|M6",Knight Templar,Pike,,Full Plate,,False,25,"Nimble,Recover 6,Parry,Tempered,Immune Blocked,Shake +1,Resolute",1600,,False,Abbey|Animal Husbandry|Armory|Blacksmith|Conditioning Field|Furnace|Gilded Foundry|Hospitaller|Monastery|Pilgrimage Site|Preceptory|Tannery,6,22
"KT/Flail/Tower/Cloth [PrM, (EInd, EProw, SPie, NCun), Nimble, Rec 6, Shake+1]|M6",Knight Templar,Flail,Tower Shield,Cloth,,False,25,"Nimble,Parry,Recover 6,Immune Blocked,Shake +1,Resolute",1800,,False,Abbey|Blacksmith|Carpentry|Conditioning Field|Forge|Furnace|Hospitaller|Joinery|Monastery|Pilgrimage Site|Preceptory,6,22
"KT/Halberd/Cloth [PrM, (RInd, EProw, SPie, NCun), Enduring, Nimble, Rec 6, Recover 7, Recover 8, Shake+1]|M6",Knight Templar,Halberd,,Cloth,,False,25,"Enduring,Nimble,Recover 8,Immune Blocked,Recover 7,Resolute,Recover 6,Parry,Shake +1",1900,,False,Abbey|Alchemy|Apothecary|Blacksmith|Conditioning Field|Furnace|Herb Garden|Hospitaller|Infirmary|Monastery|Pilgrimage Site|Preceptory,6,19
"KT/Halberd/Leather [PrM, (RInd, EProw, SPie, NCun), Nimble, Rec 6, Shake+1]|M6",Knight Templar,Halberd,,Leather,,False,25,"Nimble,Parry,Recover 6,Immune Blocked,Shake +1,Resolute",1800,,False,Abbey|Animal Husbandry|Blacksmith|Conditioning Field|Furnace|Hospitaller|Monastery|Pilgrimage Site|Preceptory|Tannery,6,19
"KT/Halberd/Chain [PrM, (RInd, EProw, SPie, NCun), Nimble, Rec 6, Shake+1]|M6",Knight Templar,Halberd,,Chainmail,,False,25,"Nimble,Parry,Recover 6,Immune Blocked,Shake +1,Resolute",1600,,False,Abbey|Animal Husbandry|Armory|Blacksmith|Conditioning Field|Furnace|Hospitaller|Monastery|Pilgrimage Site|Preceptory|Tannery,6,19
"KT/Halberd/FullPlate [PrM, (EInd, EProw, SPie, NCun), Nimble, Rec 6, Shake+1, Temp]|M6",Knight Templar,Halberd,,Full Plate,,False,25,"Nimble,Recover 6,Parry,Tempered,Immune Blocked,Shake +1,Resolute",1600,,False,Abbey|Animal Husbandry|Armory|Blacksmith|Conditioning Field|Furnace|Gilded Foundry|Hospitaller|Monastery|Pilgrimage Site|Preceptory|Tannery,6,22
"KT/BattleAxe/Cloth [PrM, (RInd, EProw, SPie, NCun), Enduring, Nimble, Rec 6, Recover 7, Recover 8, Shake+1]|M6",Knight Templar,Battle Axe,,Cloth,,False,25,"Enduring,Nimble,Recover 8,Immune Blocked,Recover 7,Resolute,Recover 6,Parry,Shake +1",1900,,False,Abbey|Alchemy|Apothecary|Blacksmith|Conditioning Field|Furnace|Herb Garden|Hospitaller|Infirmary|Monastery|Pilgrimage Site|Preceptory,6,19
"KT/BattleAxe/Leather [PrM, (RInd, EProw, SPie, NCun), Nimble, Parry +1, Rec 6, Riposte, Shake+1]|M6",Knight Templar,Battle Axe,,Leather,,False,25,"Parry +1,Nimble,Immune Blocked,Resolute,Recover 6,Parry,Riposte,Shake +1",1800,,False,Abbey|Animal Husbandry|Blacksmith|Coliseum|Conditioning Field|Furnace|Grand Tournament|Hospitaller|Monastery|Pilgrimage Site|Preceptory|Tannery,6,19
"KT/BattleAxe/Leather [PrM, (RInd, EProw, SPie, NCun), Nimble, Rec 6, Shake+1]|M6",Knight Templar,Battle Axe,,Leather,,False,25,"Nimble,Parry,Recover 6,Immune Blocked,Shake +1,Resolute",1800,,False,Abbey|Animal Husbandry|Blacksmith|Conditioning Field|Furnace|Hospitaller|Monastery|Pilgrimage Site|Preceptory|Tannery,6,19
"KT/BattleAxe/Chain [PrM, (RInd, EProw, SPie, NCun), Nimble, Rec 6, Shake+1]|M6",Knight Templar,Battle Axe,,Chainmail,,False,25,"Nimble,Parry,Recover 6,Immune Blocked,Shake +1,Resolute",1600,,False,Abbey|Animal Husbandry|Armory|Blacksmith|Conditioning Field|Furnace|Hospitaller|Monastery|Pilgrimage Site|Preceptory|Tannery,6,19
"KT/BattleAxe/Chain [PrM, MiMiStI, (RInd, SProw, SPie, NCun), Rec 6, Shake+1]|M6",Knight Templar,Battle Axe,,Chainmail,,False,25,"Immune Blocked,MaxInit3,Resolute,Recover 6,Seize: first,Parry,Init +1,Shake +1",1600,,False,Abbey|Animal Husbandry|Armory|Blacksmith|Furnace|Hospitaller|Ministry of Military Strategy|Monastery|Pilgrimage Site|Preceptory|Tannery,6,23
"KT/BattleAxe/FullPlate [PrM, (EInd, EProw, SPie, NCun), Nimble, Rec 6, Shake+1, Temp]|M6",Knight Templar,Battle Axe,,Full Plate,,False,25,"Nimble,Recover 6,Parry,Tempered,Immune Blocked,Shake +1,Resolute",1600,,False,Abbey|Animal Husbandry|Armory|Blacksmith|Conditioning Field|Furnace|Gilded Foundry|Hospitaller|Monastery|Pilgrimage Site|Preceptory|Tannery,6,22
"KT/BattleAxe/FullPlate [RoPaI, PrM, (EInd, SProw, SPie, NCun), Rec 6, Shake+1, Temp]|M6",Knight Templar,Battle Axe,,Full Plate,,False,25,"Recover 6,Parry,Tempered,Shake +1,Immune Blocked,Immune Strain,Resolute",1600,,False,Abbey|Animal Husbandry|Armory|Blacksmith|Furnace|Gilded Foundry|Hospitaller|Monastery|Pilgrimage Site|Preceptory|Royal Pavilion|Tannery,6,26
"KT/Cavalry Spear/Buckler/Cloth [PrM, (RInd, EProw, SPie, NCun), Nimble, Rec 6, Shake+1]|M6",Knight Templar,Cavalry Spear,Buckler Shield,Cloth,,False,25,"Nimble,Parry,Recover 6,Immune Blocked,Shake +1,Resolute",1800,,False,Abbey|Blacksmith|Carpentry|Conditioning Field|Furnace|Hospitaller|Joinery|Monastery|Pilgrimage Site|Preceptory,6,19
"KT/Cavalry Spear/Buckler/Cloth [PrM, MiMiStI, (RInd, SProw, SPie, NCun), Rec 6, Shake+1]|M6",Knight Templar,Cavalry Spear,Buckler Shield,Cloth,,False,25,"Immune Blocked,MaxInit3,Resolute,Recover 6,Seize: first,Parry,Init +1,Shake +1",1800,,False,Abbey|Blacksmith|Carpentry|Furnace|Hospitaller|Joinery|Ministry of Military Strategy|Monastery|Pilgrimage Site|Preceptory,6,23
"KT/Cavalry Spear/Targe/Cloth [PrM, (RInd, EProw, SPie, NCun), Nimble, Rec 6, Shake+1]|M6",Knight Templar,Cavalry Spear,Targe Shield,Cloth,,False,25,"Nimble,Parry,Recover 6,Immune Blocked,Shake +1,Resolute",1800,,False,Abbey|Blacksmith|Carpentry|Conditioning Field|Furnace|Hospitaller|Joinery|Monastery|Pilgrimage Site|Preceptory,6,19
"KT/Morningstar/Tower/Cloth [PrM, (EInd, EProw, SPie, NCun), Nimble, Rec 6, Shake+1]|M6",Knight Templar,Morningstar,Tower Shield,Cloth,,False,25,"Nimble,Parry,Recover 6,Immune Blocked,Shake +1,Resolute",1800,,False,Abbey|Blacksmith|Carpentry|Conditioning Field|Forge|Furnace|Hospitaller|Joinery|Monastery|Pilgrimage Site|Preceptory,6,22
"KT/Bastard/Tower/Cloth [PrM, (EInd, EProw, SPie, NCun), Nimble, Rec 6, Shake+1]|M6",Knight Templar,Bastard Sword,Tower Shield,Cloth,,False,25,"Nimble,Parry,Recover 6,Immune Blocked,Shake +1,Resolute",1800,,False,Abbey|Blacksmith|Carpentry|Conditioning Field|Forge|Furnace|Hospitaller|Joinery|Monastery|Pilgrimage Site|Preceptory,6,22
"KT/2HBastard/Cloth [PrM, (EInd, EProw, SPie, NCun), Enduring, Nimble, Rec 6, Recover 7, Recover 8, Shake+1]|M6",Knight Templar,2HBastard,,Cloth,,False,25,"Enduring,Nimble,Recover 8,Immune Blocked,Recover 7,Resolute,Recover 6,Parry,Shake +1",1900,,False,Abbey|Alchemy|Apothecary|Blacksmith|Conditioning Field|Forge|Furnace|Herb Garden|Hospitaller|Infirmary|Monastery|Pilgrimage Site|Preceptory,6,22
"KT/2HBastard/Leather [PrM, (EInd, EProw, SPie, NCun), Nimble, Rec 6, Shake+1]|M6",Knight Templar,2HBastard,,Leather,,False,25,"Nimble,Parry,Recover 6,Immune Blocked,Shake +1,Resolute",1800,,False,Abbey|Animal Husbandry|Blacksmith|Conditioning Field|Forge|Furnace|Hospitaller|Monastery|Pilgrimage Site|Preceptory|Tannery,6,22
"KT/2HBastard/Chain [PrM, (EInd, EProw, SPie, NCun), Nimble, Rec 6, Shake+1]|M6",Knight Templar,2HBastard,,Chainmail,,False,25,"Nimble,Parry,Recover 6,Immune Blocked,Shake +1,Resolute",1600,,False,Abbey|Animal Husbandry|Armory|Blacksmith|Conditioning Field|Forge|Furnace|Hospitaller|Monastery|Pilgrimage Site|Preceptory|Tannery,6,22
"KT/2HBastard/FullPlate [PrM, (EInd, EProw, SPie, NCun), Nimble, Rec 6, Shake+1, Temp]|M6",Knight Templar,2HBastard,,Full Plate,,False,25,"Nimble,Recover 6,Parry,Tempered,Immune Blocked,Shake +1,Resolute",1600,,False,Abbey|Animal Husbandry|Armory|Blacksmith|Conditioning Field|Forge|Furnace|Gilded Foundry|Hospitaller|Monastery|Pilgrimage Site|Preceptory|Tannery,6,22
"KT/WarHammer/Cloth [PrM, (EInd, EProw, SPie, NCun), Enduring, Nimble, Rec 6, Recover 7, Recover 8, Shake+1]|M6",Knight Templar,War Hammer,,Cloth,,False,25,"Enduring,Nimble,Recover 8,Immune Blocked,Recover 7,Resolute,Recover 6,Parry,Shake +1",1900,,False,Abbey|Alchemy|Apothecary|Blacksmith|Conditioning Field|Forge|Furnace|Herb Garden|Hospitaller|Infirmary|Monastery|Pilgrimage Site|Preceptory,6,22
"KT/WarHammer/Cloth [RoPaM, PrM, (EInd, SProw, SPie, NCun), Parry +1, Rec 6, Shake+1]|M6",Knight Templar,War Hammer,,Cloth,,False,25,"Parry +1,Immune Blocked,Immune Strain,Resolute,Recover 6,Parry,Drilled,Shake +1",2000,,False,Abbey|Blacksmith|Forge|Furnace|Grand Tournament|Hospitaller|Monastery|Pilgrimage Site|Preceptory|Royal Pavilion|Tiltyard,6,26
"KT/WarHammer/Leather [RoPaI, PrM, (EInd, SProw, SPie, NCun), Rec 6, Shake+1]|M6",Knight Templar,War Hammer,,Leather,,False,25,"Parry,Recover 6,Shake +1,Immune Blocked,Immune Strain,Resolute",1800,,False,Abbey|Animal Husbandry|Blacksmith|Forge|Furnace|Hospitaller|Monastery|Pilgrimage Site|Preceptory|Royal Pavilion|Tannery,6,26
"KT/WarHammer/Leather [PrM, (EInd, EProw, SPie, NCun), Nimble, Rec 6, Shake+1]|M6",Knight Templar,War Hammer,,Leather,,False,25,"Nimble,Parry,Recover 6,Immune Blocked,Shake +1,Resolute",1800,,False,Abbey|Animal Husbandry|Blacksmith|Conditioning Field|Forge|Furnace|Hospitaller|Monastery|Pilgrimage Site|Preceptory|Tannery,6,22
"KT/WarHammer/Chain [PrM, (EInd, EProw, SPie, NCun), Nimble, Rec 6, Shake+1]|M6",Knight Templar,War Hammer,,Chainmail,,False,25,"Nimble,Parry,Recover 6,Immune Blocked,Shake +1,Resolute",1600,,False,Abbey|Animal Husbandry|Armory|Blacksmith|Conditioning Field|Forge|Furnace|Hospitaller|Monastery|Pilgrimage Site|Preceptory|Tannery,6,22
"KT/WarHammer/Chain [PrM, OuInPoI, (EInd, EProw, SPie, SCun), Rec 6, Shake+1]|M6",Knight Templar,War Hammer,,Chainmail,,False,25,"Immune Blocked,Resolute,Outrider: once,confers:Strain,Parry,Recover 6,confers:Blocked,Shake +1",1600,,False,Abbey|Animal Husbandry|Armory|Blacksmith|Forge|Furnace|Hospitaller|Monastery|Outrider Intercept Post|Pilgrimage Site|Preceptory|Tannery,6,32
"KT/WarHammer/FullPlate [PrM, (EInd, EProw, SPie, NCun), Nimble, Rec 6, Shake+1, Temp]|M6",Knight Templar,War Hammer,,Full Plate,,False,25,"Nimble,Recover 6,Parry,Tempered,Immune Blocked,Shake +1,Resolute",1600,,False,Abbey|Animal Husbandry|Armory|Blacksmith|Conditioning Field|Forge|Furnace|Gilded Foundry|Hospitaller|Monastery|Pilgrimage Site|Preceptory|Tannery,6,22
"KT/Lance/Buckler/Cloth [PrM, (EInd, EProw, SPie, NCun), Nimble, Rec 6, Shake+1]|M6",Knight Templar,Lance,Buckler Shield,Cloth,,False,25,"Nimble,Parry,Recover 6,Immune Blocked,Shake +1,Resolute",1800,,False,Abbey|Blacksmith|Carpentry|Conditioning Field|Forge|Furnace|Hospitaller|Joinery|Monastery|Pilgrimage Site|Preceptory,6,22
"KT/Lance/Buckler/Cloth [RoPaI, PrM, (EInd, SProw, SPie, NCun), Rec 6, Shake+1]|M6",Knight Templar,Lance,Buckler Shield,Cloth,,False,25,"Parry,Recover 6,Shake +1,Immune Blocked,Immune Strain,Resolute",1800,,False,Abbey|Blacksmith|Carpentry|Forge|Furnace|Hospitaller|Joinery|Monastery|Pilgrimage Site|Preceptory|Royal Pavilion,6,26
"KT/Lance/Targe/Cloth [PrM, (EInd, EProw, SPie, NCun), Nimble, Rec 6, Shake+1]|M6",Knight Templar,Lance,Targe Shield,Cloth,,False,25,"Nimble,Parry,Recover 6,Immune Blocked,Shake +1,Resolute",1800,,False,Abbey|Blacksmith|Carpentry|Conditioning Field|Forge|Furnace|Hospitaller|Joinery|Monastery|Pilgrimage Site|Preceptory,6,22
"KT/WarHammer/Cloth [RoPaM, PrM, (EInd, SProw, SPie, NCun), Parry +1, Rec 6, Recover 8, Shake+1]|M8",Knight Templar,War Hammer,,Cloth,,False,25,"Parry +1,Recover 8,Immune Blocked,Immune Strain,Resolute,Recover 6,Parry,Drilled,Shake +1",2000,,False,Abbey|Apothecary|Blacksmith|Forge|Furnace|Grand Tournament|Herb Garden|Hospitaller|Monastery|Pilgrimage Site|Preceptory|Royal Pavilion|Tiltyard,8,26
"KT/Lance/Buckler/Chain [PrM, (EInd, EProw, SPie, NCun), Enduring, Nimble, Rec 6, Recover 7, Recover 8, Shake+1]|M8",Knight Templar,Lance,Buckler Shield,Chainmail,,False,25,"Enduring,Nimble,Recover 8,Immune Blocked,Recover 7,Resolute,Recover 6,Parry,Shake +1",1300,,False,Abbey|Alchemy|Animal Husbandry|Apothecary|Armory|Blacksmith|Carpentry|Conditioning Field|Forge|Furnace|Herb Garden|Hospitaller|Infirmary|Joinery|Monastery|Pilgrimage Site|Preceptory|Tannery,8,22
"KT/FarmTools/Targe/Chain [PrM, (RInd, EProw, SPie, NCun), Enduring, Nimble, Rec 6, Recover 7, Recover 8, Shake+1]|M8",Knight Templar,Farm Tools,Targe Shield,Chainmail,,False,25,"Enduring,Nimble,Recover 8,Immune Blocked,Recover 7,Resolute,Recover 6,Parry,Shake +1",1300,,False,Abbey|Alchemy|Animal Husbandry|Apothecary|Armory|Blacksmith|Carpentry|Conditioning Field|Furnace|Herb Garden|Hospitaller|Infirmary|Joinery|Monastery|Pilgrimage Site|Preceptory|Tannery,8,19
"KT/WarHammer/Leather [PrM, MiMiStM, (EInd, SProw, SPie, NCun), Enduring, Rec 6, Recover 7, Recover 8, Shake+1]|M8",Knight Templar,War Hammer,,Leather,,False,25,"Enduring,Parry +1,Recover 8,Immune Blocked,Recover 7,MaxInit3,Resolute,Recover 6,Seize: first,Crit 8,Parry,Init +1,Shake +1",1700,,False,Abbey|Alchemy|Animal Husbandry|Apothecary|Blacksmith|Forge|Furnace|Herb Garden|Hospitaller|Infirmary|Ministry of Military Strategy|Monastery|Pilgrimage Site|Preceptory|Tannery|University|War College,8,26
"KT/Daggers/Leather [PrM, (NInd, EProw, SPie, NCun), Nimble, Rec 6, Recover 8, Shake+1]|M8",Knight Templar,Daggers,,Leather,,False,25,"Nimble,Recover 6,Recover 8,Parry,Immune Blocked,Shake +1,Resolute",1800,,False,Abbey|Animal Husbandry|Apothecary|Conditioning Field|Furnace|Herb Garden|Hospitaller|Monastery|Pilgrimage Site|Preceptory|Tannery,8,16
"KT/Cudgel/Cloth [PrM, (NInd, EProw, SPie, NCun), Enduring, Nimble, Rec 6, Recover 7, Recover 8, Shake+1]|M8",Knight Templar,Cudgel,,Cloth,,False,25,"Enduring,Nimble,Recover 8,Immune Blocked,Recover 7,Resolute,Recover 6,Parry,Shake +1",1200,,False,Abbey|Alchemy|Animal Husbandry|Apothecary|Butchery|Conditioning Field|Herb Garden|Hospitaller|Infirmary|Monastery|Pilgrimage Site|Preceptory|Stable|Tannery,8,16
"KT/BattleAxe/Chain [PrM, (RInd, EProw, SPie, NCun), Nimble, Rec 6, Recover 8, Shake+1]|M8",Knight Templar,Battle Axe,,Chainmail,,False,25,"Nimble,Recover 6,Recover 8,Parry,Immune Blocked,Shake +1,Resolute",1600,,False,Abbey|Animal Husbandry|Apothecary|Armory|Blacksmith|Conditioning Field|Furnace|Herb Garden|Hospitaller|Monastery|Pilgrimage Site|Preceptory|Tannery,8,19
"KT/FarmTools/Buckler/Cloth [PrM, (EInd, EProw, SPie, NCun), Enduring, Nimble, Rec 6, Recover 7, Recover 8, Serr, Shake+1]|M8",Knight Templar,Farm Tools,Buckler Shield,Cloth,,False,25,"Enduring,Nimble,Recover 8,Serrated,Immune Blocked,Recover 7,Resolute,Recover 6,Parry,Shake +1",1500,,False,Abbey|Alchemy|Apothecary|Blacksmith|Carpentry|Conditioning Field|Furnace|Herb Garden|Hospitaller|Infirmary|Joinery|Master Workshop|Monastery|Pilgrimage Site|Preceptory,8,22
"KT/Pitchfork/Cloth [PrM, (EInd, EProw, SPie, NCun), Enduring, Nimble, Rec 6, Recover 7, Recover 8, Serr, Shake+1]|M8",Knight Templar,Pitchfork,,Cloth,,False,25,"Enduring,Nimble,Recover 8,Serrated,Immune Blocked,Recover 7,Resolute,Recover 6,Parry,Shake +1",1700,,False,Abbey|Alchemy|Apothecary|Blacksmith|Conditioning Field|Furnace|Herb Garden|Hospitaller|Infirmary|Master Workshop|Monastery|Pilgrimage Site|Preceptory|Stable,8,22
"KT/Halberd/Chain [PrM, (RInd, EProw, SPie, NCun), Nimble, Rec 6, Recover 8, Shake+1]|M8",Knight Templar,Halberd,,Chainmail,,False,25,"Nimble,Recover 6,Recover 8,Parry,Immune Blocked,Shake +1,Resolute",1600,,False,Abbey|Animal Husbandry|Apothecary|Armory|Blacksmith|Conditioning Field|Furnace|Herb Garden|Hospitaller|Monastery|Pilgrimage Site|Preceptory|Tannery,8,19
"KT/BattleAxe/Chain [PrM, MiMiStI, (RInd, SProw, SPie, NCun), Rec 6, Recover 8, Shake+1]|M8",Knight Templar,Battle Axe,,Chainmail,,False,25,"Recover 8,Immune Blocked,MaxInit3,Resolute,Recover 6,Seize: first,Parry,Init +1,Shake +1",1600,,False,Abbey|Animal Husbandry|Apothecary|Armory|Blacksmith|Furnace|Herb Garden|Hospitaller|Ministry of Military Strategy|Monastery|Pilgrimage Site|Preceptory|Tannery,8,23
"KT/Cudgel+Javelin/Cloth (TY) [PrM, (RInd, EProw, SPie, NCun), Florentine, ImmU, Nimble, Rec 6, Shake+1]|M8",Knight Templar,Cudgel,,Cloth,Javelin,True,25,"Nimble,Immune Unwieldy,Immune Blocked,Resolute,Recover 6,Parry,Shake +1,Florentine",1800,,False,Abbey|Blacksmith|Carpentry|Coliseum|Conditioning Field|Fletchery|Furnace|Hospitaller|Monastery|Pilgrimage Site|Preceptory|Tiltyard,8,19
"KT/WarHammer/Chain [PrM, (EInd, EProw, SPie, NCun), Nimble, Rec 6, Recover 8, Shake+1]|M8",Knight Templar,War Hammer,,Chainmail,,False,25,"Nimble,Recover 6,Recover 8,Parry,Immune Blocked,Shake +1,Resolute",1600,,False,Abbey|Animal Husbandry|Apothecary|Armory|Blacksmith|Conditioning Field|Forge|Furnace|Herb Garden|Hospitaller|Monastery|Pilgrimage Site|Preceptory|Tannery,8,22
"KT/Cavalry Spear/Targe/Leather [RoPaM, PrM, (RInd, SProw, SPie, NCun), Parry +1, Rec 6, Shake+1]|M8",Knight Templar,Cavalry Spear,Targe Shield,Leather,,False,25,"Parry +1,Immune Blocked,Immune Strain,Resolute,Recover 6,Parry,Drilled,Shake +1",1600,,False,Abbey|Animal Husbandry|Blacksmith|Carpentry|Furnace|Grand Tournament|Hospitaller|Joinery|Monastery|Pilgrimage Site|Preceptory|Royal Pavilion|Tannery|Tiltyard,8,23
"KT/Morningstar/Tower/Chain [PrM, MiMiStI, (EInd, SProw, SPie, NCun), Enduring, Rec 6, Recover 7, Recover 8, Shake+1]|M8",Knight Templar,Morningstar,Tower Shield,Chainmail,,False,25,"Enduring,Recover 8,Immune Blocked,MaxInit3,Recover 7,Resolute,Recover 6,Seize: first,Parry,Init +1,Shake +1",1300,,False,Abbey|Alchemy|Animal Husbandry|Apothecary|Armory|Blacksmith|Carpentry|Forge|Furnace|Herb Garden|Hospitaller|Infirmary|Joinery|Ministry of Military Strategy|Monastery|Pilgrimage Site|Preceptory|Tannery,8,26
"KT/Morningstar/Tower/Chain [PrM, (EInd, EProw, SPie, NCun), Enduring, Nimble, Rec 6, Recover 7, Recover 8, Shake+1]|M8",Knight Templar,Morningstar,Tower Shield,Chainmail,,False,25,"Enduring,Nimble,Recover 8,Immune Blocked,Recover 7,Resolute,Recover 6,Parry,Shake +1",1300,,False,Abbey|Alchemy|Animal Husbandry|Apothecary|Armory|Blacksmith|Carpentry|Conditioning Field|Forge|Furnace|Herb Garden|Hospitaller|Infirmary|Joinery|Monastery|Pilgrimage Site|Preceptory|Tannery,8,22
"KT/2HBastard/Cloth [PrM, (EInd, EProw, SPie, RCun), Enduring, Nimble, Poison, Rec 6, Recover 7, Recover 8, Shake+1]|M8",Knight Templar,2HBastard,,Cloth,,False,25,"Enduring,Nimble,Recover 8,Immune Blocked,Recover 7,Resolute,Poison,Recover 6,Parry,Shake +1",1800,,False,Abbey|Academy|Alchemy|Apothecary|Blacksmith|Conditioning Field|Forge|Furnace|Herb Garden|Hospitaller|Infirmary|Monastery|Pilgrimage Site|Preceptory|Toxicarium,8,25
"KT/FarmTools/Buckler/Leather [PrM, (RInd, EProw, SPie, NCun), Nimble, Parry +1, Rec 6, Recover 8, Riposte, Shake+1]|M8",Knight Templar,Farm Tools,Buckler Shield,Leather,,False,25,"Parry +1,Nimble,Recover 8,Immune Blocked,Resolute,Recover 6,Parry,Riposte,Shake +1",1600,,False,Abbey|Animal Husbandry|Apothecary|Carpentry|Coliseum|Conditioning Field|Grand Tournament|Herb Garden|Hospitaller|Joinery|Monastery|Pilgrimage Site|Preceptory|Tannery,8,19
"KT/ShortSword+Javelin/Targe/Cloth (TY) [PrM, (RInd, EProw, SPie, NCun), Florentine, ImmU, Nimble, Rec 6, Shake+1]|M8",Knight Templar,Short Sword,Targe Shield,Cloth,Javelin,True,25,"Nimble,Immune Unwieldy,Immune Blocked,Resolute,Recover 6,Parry,Shake +1,Florentine",1600,,False,Abbey|Blacksmith|Carpentry|Coliseum|Conditioning Field|Fletchery|Furnace|Hospitaller|Joinery|Monastery|Pilgrimage Site|Preceptory|Tiltyard,8,19
"KT/Cudgel/Cloth [PrM, (NInd, EProw, SPie, RCun), Enduring, Nimble, Poison, Rec 6, Recover 7, Recover 8, Shake+1]|M8",Knight Templar,Cudgel,,Cloth,,False,25,"Enduring,Nimble,Recover 8,Immune Blocked,Recover 7,Resolute,Poison,Recover 6,Parry,Shake +1",1800,,False,Abbey|Academy|Alchemy|Apothecary|Conditioning Field|Herb Garden|Hospitaller|Infirmary|Monastery|Pilgrimage Site|Preceptory|Stable|Toxicarium,8,19
"KT/Spears/Targe/Leather [RoPaM, PrM, (RInd, SProw, SPie, NCun), Parry +1, Rec 6, Shake+1]|M8",Knight Templar,Spears,Targe Shield,Leather,,False,25,"Parry +1,Immune Blocked,Immune Strain,Resolute,Recover 6,Parry,Drilled,Shake +1",1600,,False,Abbey|Animal Husbandry|Blacksmith|Carpentry|Furnace|Grand Tournament|Hospitaller|Joinery|Monastery|Pilgrimage Site|Preceptory|Royal Pavilion|Tannery|Tiltyard,8,23
"KT/FarmTools/Targe/Cloth [PrM, (RInd, EProw, SPie, NCun), Nimble, Parry +1, Rec 6, Recover 8, Riposte, Shake+1]|M8",Knight Templar,Farm Tools,Targe Shield,Cloth,,False,25,"Parry +1,Nimble,Recover 8,Immune Blocked,Resolute,Recover 6,Parry,Riposte,Shake +1",1800,,False,Abbey|Apothecary|Blacksmith|Carpentry|Coliseum|Conditioning Field|Furnace|Grand Tournament|Herb Garden|Hospitaller|Joinery|Monastery|Pilgrimage Site|Preceptory,8,19
"KT/FarmTools/FullPlate [PrM, (EInd, EProw, SPie, NCun), Nimble, Parry +1, Rec 6, Recover 8, Riposte, Shake+1, Temp]|M8",Knight Templar,Farm Tools,,Full Plate,,False,25,"Parry +1,Nimble,Recover 8,Immune Blocked,Resolute,Recover 6,Parry,Tempered,Riposte,Shake +1",1600,,False,Abbey|Animal Husbandry|Apothecary|Armory|Blacksmith|Coliseum|Conditioning Field|Furnace|Gilded Foundry|Grand Tournament|Herb Garden|Hospitaller|Monastery|Pilgrimage Site|Preceptory|Tannery,8,22
"KT/Flail+Crossbow/Tower/Cloth (TY) [PrM, (EInd, EProw, SPie, NCun), Florentine, ImmU, Nimble, Parry +1, Rec 6, Riposte, Shake+1]|M8",Knight Templar,Flail,Tower Shield,Cloth,Crossbow,True,25,"Parry +1,Nimble,Immune Unwieldy,Immune Blocked,Resolute,Recover 6,Parry,Riposte,Shake +1,Florentine",1600,,False,Abbey|Blacksmith|Carpentry|Coliseum|Conditioning Field|Fletchery|Forge|Furnace|Grand Tournament|Hospitaller|Joinery|Monastery|Pilgrimage Site|Preceptory|Tiltyard,8,22
"KT/Spears+Javelin/Targe/Cloth (TY) [PrM, (RInd, EProw, SPie, NCun), Florentine, ImmU, Nimble, Rec 6, Shake+1]|M8",Knight Templar,Spears,Targe Shield,Cloth,Javelin,True,25,"Nimble,Immune Unwieldy,Immune Blocked,Resolute,Recover 6,Parry,Shake +1,Florentine",1600,,False,Abbey|Blacksmith|Carpentry|Coliseum|Conditioning Field|Fletchery|Furnace|Hospitaller|Joinery|Monastery|Pilgrimage Site|Preceptory|Tiltyard,8,19
"KT/Daggers/Leather [PrM, OuInPoI, (NInd, EProw, SPie, SCun), Rec 6, Recover 8, Shake+1]|M8",Knight Templar,Daggers,,Leather,,False,25,"Recover 8,Immune Blocked,Resolute,Outrider: once,confers:Strain,Recover 6,Parry,confers:Blocked,Shake +1",1800,,False,Abbey|Animal Husbandry|Apothecary|Furnace|Herb Garden|Hospitaller|Monastery|Outrider Intercept Post|Pilgrimage Site|Preceptory|Tannery,8,26
"KT/Pitchfork+HuntBow/Cloth (TY) [PrM, (NInd, EProw, SPie, NCun), Enduring, Florentine, ImmU, Nimble, Rec 6, Recover 7, Recover 8, Shake+1]|M8",Knight Templar,Pitchfork,,Cloth,Hunting Bow,True,25,"Enduring,Nimble,Immune Unwieldy,Recover 8,Immune Blocked,Recover 7,Resolute,Recover 6,Parry,Shake +1,Florentine",1700,,False,Abbey|Alchemy|Apothecary|Carpentry|Coliseum|Conditioning Field|Fletchery|Herb Garden|Hospitaller|Infirmary|Monastery|Pilgrimage Site|Preceptory|Tiltyard,8,16
"KT/FarmTools/FullPlate [PrM, OuInPoM, (EInd, EProw, SPie, SCun), Rec 6, Shake+1, Temp]|M8",Knight Templar,Farm Tools,,Full Plate,,False,25,"Immune Blocked,Resolute,confers:Strain,Recover 6,Parry,Tempered,Outrider: every,confers:Blocked,Shake +1",1600,,False,Abbey|Animal Husbandry|Armory|Blacksmith|Caravanery|Cipher Chamber|Furnace|Gilded Foundry|Hospitaller|Monastery|Outrider Intercept Post|Pilgrimage Site|Preceptory|Tannery,8,32
"KT/Pitchfork/Chain [PrM, (RInd, EProw, SPie, NCun), Nimble, Rec 6, Recover 8, Shake+1]|M8",Knight Templar,Pitchfork,,Chainmail,,False,25,"Nimble,Recover 6,Recover 8,Parry,Immune Blocked,Shake +1,Resolute",1600,,False,Abbey|Animal Husbandry|Apothecary|Armory|Blacksmith|Conditioning Field|Furnace|Herb Garden|Hospitaller|Monastery|Pilgrimage Site|Preceptory|Tannery,8,19
"KT/Lance/Kite/Cloth [PrM, (EInd, EProw, SPie, NCun), Enduring, Nimble, Rec 6, Recover 7, Recover 8, Shake+1]|M8",Knight Templar,Lance,Kite Shield,Cloth,,False,25,"Enduring,Nimble,Recover 8,Immune Blocked,Recover 7,Resolute,Recover 6,Parry,Shake +1",1300,,False,Abbey|Alchemy|Apothecary|Armory|Blacksmith|Carpentry|Conditioning Field|Forge|Furnace|Herb Garden|Hospitaller|Infirmary|Joinery|Monastery|Pilgrimage Site|Preceptory|Tannery,8,22
"KT/Bastard+Javelin/Tower/Cloth (TY) [PrM, (EInd, EProw, SPie, NCun), Florentine, ImmU, Nimble, Rec 6, Shake+1]|M8",Knight Templar,Bastard Sword,Tower Shield,Cloth,Javelin,True,25,"Nimble,Immune Unwieldy,Immune Blocked,Resolute,Recover 6,Parry,Shake +1,Florentine",1600,,False,Abbey|Blacksmith|Carpentry|Coliseum|Conditioning Field|Fletchery|Forge|Furnace|Hospitaller|Joinery|Monastery|Pilgrimage Site|Preceptory|Tiltyard,8,22
"KT/Spears/Kite/Cloth [PrM, (RInd, EProw, SPie, NCun), Enduring, Nimble, Rec 6, Recover 7, Recover 8, Shake+1]|M8",Knight Templar,Spears,Kite Shield,Cloth,,False,25,"Enduring,Nimble,Recover 8,Immune Blocked,Recover 7,Resolute,Recover 6,Parry,Shake +1",1300,,False,Abbey|Alchemy|Apothecary|Armory|Blacksmith|Carpentry|Conditioning Field|Furnace|Herb Garden|Hospitaller|Infirmary|Joinery|Monastery|Pilgrimage Site|Preceptory|Tannery,8,19
"KT/Pike/Chain [PrM, (RInd, EProw, SPie, NCun), Nimble, Rec 6, Recover 8, Shake+1]|M8",Knight Templar,Pike,,Chainmail,,False,25,"Nimble,Recover 6,Recover 8,Parry,Immune Blocked,Shake +1,Resolute",1600,,False,Abbey|Animal Husbandry|Apothecary|Armory|Blacksmith|Conditioning Field|Furnace|Herb Garden|Hospitaller|Monastery|Pilgrimage Site|Preceptory|Tannery,8,19
"KT/Pitchfork+Longbow/Cloth (TY) [PrM, (NInd, EProw, SPie, NCun), Florentine, ImmU, Nimble, Rec 6, Shake+1]|M8",Knight Templar,Pitchfork,,Cloth,Longbow,True,25,"Nimble,Immune Unwieldy,Immune Blocked,Resolute,Recover 6,Parry,Shake +1,Florentine",1800,,False,Abbey|Carpentry|Coliseum|Conditioning Field|Fletchery|Furnace|Hospitaller|Monastery|Pilgrimage Site|Preceptory|Tiltyard,8,16
"KT/Halberd/FullPlate [PrM, (EInd, EProw, SPie, NCun), Nimble, Rec 6, Recover 8, Shake+1, Temp]|M8",Knight Templar,Halberd,,Full Plate,,False,25,"Nimble,Recover 8,Immune Blocked,Resolute,Recover 6,Parry,Tempered,Shake +1",1600,,False,Abbey|Animal Husbandry|Apothecary|Armory|Blacksmith|Conditioning Field|Furnace|Gilded Foundry|Herb Garden|Hospitaller|Monastery|Pilgrimage Site|Preceptory|Tannery,8,22
"KT/Cudgel+HuntBow/Cloth (TY) [PrM, (NInd, EProw, SPie, NCun), Enduring, Florentine, ImmU, Nimble, Rec 6, Recover 7, Recover 8, Shake+1]|M8",Knight Templar,Cudgel,,Cloth,Hunting Bow,True,25,"Enduring,Nimble,Immune Unwieldy,Recover 8,Immune Blocked,Recover 7,Resolute,Recover 6,Parry,Shake +1,Florentine",1700,,False,Abbey|Alchemy|Apothecary|Carpentry|Coliseum|Conditioning Field|Fletchery|Herb Garden|Hospitaller|Infirmary|Monastery|Pilgrimage Site|Preceptory|Tiltyard,8,16
"KT/Spears/Tower/FullPlate [PrM, (EInd, EProw, SPie, NCun), Enduring, Nimble, Rec 6, Recover 7, Recover 8, Shake+1, Temp]|M8",Knight Templar,Spears,Tower Shield,Full Plate,,False,25,"Enduring,Nimble,Recover 8,Immune Blocked,Recover 7,Resolute,Recover 6,Parry,Tempered,Shake +1",1300,,False,Abbey|Alchemy|Animal Husbandry|Apothecary|Armory|Blacksmith|Carpentry|Conditioning Field|Forge|Furnace|Gilded Foundry|Herb Garden|Hospitaller|Infirmary|Joinery|Monastery|Pilgrimage Site|Preceptory|Tannery,8,22
"KT/WarHammer/Cloth [PrM, (EInd, EProw, SPie, NCun), Enduring, Nimble, Rec 6, Recover 7, Recover 8, Shake+1]|M8",Knight Templar,War Hammer,,Cloth,,False,25,"Enduring,Nimble,Recover 8,Immune Blocked,Recover 7,Resolute,Recover 6,Parry,Shake +1",1200,,False,Abbey|Alchemy|Animal Husbandry|Apothecary|Blacksmith|Butchery|Conditioning Field|Forge|Furnace|Herb Garden|Hospitaller|Infirmary|Monastery|Pilgrimage Site|Preceptory|Tannery,8,22
"KT/Spears/Tower/Cloth [PrM, MiMiStI, (EInd, SProw, SPie, NCun), Rec 6, Recover 8, Shake+1]|M8",Knight Templar,Spears,Tower Shield,Cloth,,False,25,"Recover 8,Immune Blocked,MaxInit3,Resolute,Recover 6,Seize: first,Parry,Init +1,Shake +1",1800,,False,Abbey|Apothecary|Blacksmith|Carpentry|Forge|Furnace|Herb Garden|Hospitaller|Joinery|Ministry of Military Strategy|Monastery|Pilgrimage Site|Preceptory,8,26
"KT/Morningstar+HuntBow/Tower/Cloth (TY) [PrM, (EInd, EProw, SPie, NCun), Florentine, ImmU, Nimble, Rec 6, Shake+1]|M8",Knight Templar,Morningstar,Tower Shield,Cloth,Hunting Bow,True,25,"Nimble,Immune Unwieldy,Immune Blocked,Resolute,Recover 6,Parry,Shake +1,Florentine",1600,,False,Abbey|Blacksmith|Carpentry|Coliseum|Conditioning Field|Fletchery|Forge|Furnace|Hospitaller|Joinery|Monastery|Pilgrimage Site|Preceptory|Tiltyard,8,22
"KT/WarHammer/Leather [PrM, (EInd, EProw, SPie, NCun), Nimble, Rec 6, Recover 8, Shake+1]|M8",Knight Templar,War Hammer,,Leather,,False,25,"Nimble,Recover 6,Recover 8,Parry,Immune Blocked,Shake +1,Resolute",1800,,False,Abbey|Animal Husbandry|Apothecary|Blacksmith|Conditioning Field|Forge|Furnace|Herb Garden|Hospitaller|Monastery|Pilgrimage Site|Preceptory|Tannery,8,22
"KT/2HBastard+Crossbow/Cloth (TY) [PrM, (EInd, EProw, SPie, NCun), Florentine, ImmU, Nimble, Rec 6, Shake+1]|M8",Knight Templar,2HBastard,,Cloth,Crossbow,True,25,"Nimble,Immune Unwieldy,Immune Blocked,Resolute,Recover 6,Parry,Shake +1,Florentine",1800,,False,Abbey|Blacksmith|Carpentry|Coliseum|Conditioning Field|Fletchery|Forge|Furnace|Hospitaller|Monastery|Pilgrimage Site|Preceptory|Tiltyard,8,22
"KT/Spears+HuntBow/Tower/Cloth (TY) [PrM, (EInd, EProw, SPie, NCun), Florentine, ImmU, Nimble, Rec 6, Shake+1]|M8",Knight Templar,Spears,Tower Shield,Cloth,Hunting Bow,True,25,"Nimble,Immune Unwieldy,Immune Blocked,Resolute,Recover 6,Parry,Shake +1,Florentine",1600,,False,Abbey|Blacksmith|Carpentry|Coliseum|Conditioning Field|Fletchery|Forge|Furnace|Hospitaller|Joinery|Monastery|Pilgrimage Site|Preceptory|Tiltyard,8,22
"KT/Cavalry Spear/Kite/Cloth [PrM, (RInd, EProw, SPie, NCun), Enduring, Nimble, Rec 6, Recover 7, Recover 8, Shake+1]|M8",Knight Templar,Cavalry Spear,Kite Shield,Cloth,,False,25,"Enduring,Nimble,Recover 8,Immune Blocked,Recover 7,Resolute,Recover 6,Parry,Shake +1",1300,,False,Abbey|Alchemy|Apothecary|Armory|Blacksmith|Carpentry|Conditioning Field|Furnace|Herb Garden|Hospitaller|Infirmary|Joinery|Monastery|Pilgrimage Site|Preceptory|Tannery,8,19
"KT/Lance/Buckler/FullPlate [PrM, (EInd, EProw, SPie, NCun), Enduring, Nimble, Rec 6, Recover 7, Recover 8, Shake+1, Temp]|M8",Knight Templar,Lance,Buckler Shield,Full Plate,,False,25,"Enduring,Nimble,Recover 8,Immune Blocked,Recover 7,Resolute,Recover 6,Parry,Tempered,Shake +1",1300,,False,Abbey|Alchemy|Animal Husbandry|Apothecary|Armory|Blacksmith|Carpentry|Conditioning Field|Forge|Furnace|Gilded Foundry|Herb Garden|Hospitaller|Infirmary|Joinery|Monastery|Pilgrimage Site|Preceptory|Tannery,8,22
"KT/Arming/Kite/Chain [PrM, MiMiStI, (RInd, SProw, SPie, NCun), Enduring, Rec 6, Recover 7, Recover 8, Shake+1]|M8",Knight Templar,Arming Sword,Kite Shield,Chainmail,,False,25,"Enduring,Recover 8,Immune Blocked,MaxInit3,Recover 7,Resolute,Recover 6,Seize: first,Parry,Init +1,Shake +1",1300,,False,Abbey|Alchemy|Animal Husbandry|Apothecary|Armory|Blacksmith|Carpentry|Furnace|Herb Garden|Hospitaller|Infirmary|Joinery|Ministry of Military Strategy|Monastery|Pilgrimage Site|Preceptory|Tannery,8,23
"KT/Pike/Leather [PrM, OuInPoI, (RInd, EProw, SPie, SCun), Rec 6, Recover 8, Shake+1]|M8",Knight Templar,Pike,,Leather,,False,25,"Recover 8,Immune Blocked,Resolute,Outrider: once,confers:Strain,Recover 6,Parry,confers:Blocked,Shake +1",1800,,False,Abbey|Animal Husbandry|Apothecary|Blacksmith|Furnace|Herb Garden|Hospitaller|Monastery|Outrider Intercept Post|Pilgrimage Site|Preceptory|Tannery,8,29
"KT/Arming/Kite/Leather [PrM, (RInd, EProw, SPie, NCun), Enduring, Nimble, Parry +1, Rec 6, Recover 7, Recover 8, Riposte, Shake+1]|M8",Knight Templar,Arming Sword,Kite Shield,Leather,,False,25,"Enduring,Parry +1,Nimble,Recover 8,Immune Blocked,Recover 7,Resolute,Recover 6,Parry,Riposte,Shake +1",1300,,False,Abbey|Alchemy|Animal Husbandry|Apothecary|Armory|Blacksmith|Carpentry|Coliseum|Conditioning Field|Furnace|Grand Tournament|Herb Garden|Hospitaller|Infirmary|Joinery|Monastery|Pilgrimage Site|Preceptory|Tannery,8,19
"KT/Lance/Buckler/Cloth [RoPaI, PrM, (EInd, SProw, SPie, NCun), Rec 6, Recover 8, Shake+1]|M8",Knight Templar,Lance,Buckler Shield,Cloth,,False,25,"Recover 6,Parry,Recover 8,Shake +1,Immune Blocked,Immune Strain,Resolute",1800,,False,Abbey|Apothecary|Blacksmith|Carpentry|Forge|Furnace|Herb Garden|Hospitaller|Joinery|Monastery|Pilgrimage Site|Preceptory|Royal Pavilion,8,26
"KT/Arming+Javelin/Tower/Cloth (TY) [PrM, (EInd, EProw, SPie, NCun), Florentine, ImmU, Nimble, Rec 6, Shake+1]|M8",Knight Templar,Arming Sword,Tower Shield,Cloth,Javelin,True,25,"Nimble,Immune Unwieldy,Immune Blocked,Resolute,Recover 6,Parry,Shake +1,Florentine",1600,,False,Abbey|Blacksmith|Carpentry|Coliseum|Conditioning Field|Fletchery|Forge|Furnace|Hospitaller|Joinery|Monastery|Pilgrimage Site|Preceptory|Tiltyard,8,22
"KT/ShortSword+Longbow/Tower/Cloth (TY) [PrM, (EInd, EProw, SPie, NCun), Florentine, ImmU, Nimble, Parry +1, Rec 6, Riposte, Shake+1]|M8",Knight Templar,Short Sword,Tower Shield,Cloth,Longbow,True,25,"Parry +1,Nimble,Immune Unwieldy,Immune Blocked,Resolute,Recover 6,Parry,Riposte,Shake +1,Florentine",1600,,False,Abbey|Blacksmith|Carpentry|Coliseum|Conditioning Field|Fletchery|Forge|Furnace|Grand Tournament|Hospitaller|Joinery|Monastery|Pilgrimage Site|Preceptory|Tiltyard,8,22
"KT/Arming+Crossbow/Cloth (TY) [PrM, (EInd, EProw, SPie, NCun), Florentine, ImmU, Nimble, Parry +1, Rec 6, Riposte, Shake+1]|M8",Knight Templar,Arming Sword,,Cloth,Crossbow,True,25,"Parry +1,Nimble,Immune Unwieldy,Immune Blocked,Resolute,Recover 6,Parry,Riposte,Shake +1,Florentine",1800,,False,Abbey|Blacksmith|Carpentry|Coliseum|Conditioning Field|Fletchery|Forge|Furnace|Grand Tournament|Hospitaller|Monastery|Pilgrimage Site|Preceptory|Tiltyard,8,22
"KT/2HBastard/Chain [PrM, (EInd, EProw, SPie, NCun), Nimble, Rec 6, Recover 8, Shake+1]|M8",Knight Templar,2HBastard,,Chainmail,,False,25,"Nimble,Recover 6,Recover 8,Parry,Immune Blocked,Shake +1,Resolute",1600,,False,Abbey|Animal Husbandry|Apothecary|Armory|Blacksmith|Conditioning Field|Forge|Furnace|Herb Garden|Hospitaller|Monastery|Pilgrimage Site|Preceptory|Tannery,8,22
"KT/Arming+Longbow/Tower/Cloth (TY) [PrM, (EInd, EProw, SPie, NCun), Florentine, ImmU, Nimble, Rec 6, Shake+1]|M8",Knight Templar,Arming Sword,Tower Shield,Cloth,Longbow,True,25,"Nimble,Immune Unwieldy,Immune Blocked,Resolute,Recover 6,Parry,Shake +1,Florentine",1600,,False,Abbey|Blacksmith|Carpentry|Coliseum|Conditioning Field|Fletchery|Forge|Furnace|Hospitaller|Joinery|Monastery|Pilgrimage Site|Preceptory|Tiltyard,8,22
"KT/BattleAxe+HuntBow/Cloth (TY) [PrM, (RInd, EProw, SPie, NCun), Florentine, ImmU, Nimble, Rec 6, Shake+1]|M8",Knight Templar,Battle Axe,,Cloth,Hunting Bow,True,25,"Nimble,Immune Unwieldy,Immune Blocked,Resolute,Recover 6,Parry,Shake +1,Florentine",1800,,False,Abbey|Blacksmith|Carpentry|Coliseum|Conditioning Field|Fletchery|Furnace|Hospitaller|Monastery|Pilgrimage Site|Preceptory|Tiltyard,8,19
"KT/Flail/Tower/FullPlate [PrM, (EInd, EProw, SPie, NCun), Enduring, Nimble, Rec 6, Recover 7, Recover 8, Shake+1, Temp]|M8",Knight Templar,Flail,Tower Shield,Full Plate,,False,25,"Enduring,Nimble,Recover 8,Immune Blocked,Recover 7,Resolute,Recover 6,Parry,Tempered,Shake +1",1300,,False,Abbey|Alchemy|Animal Husbandry|Apothecary|Armory|Blacksmith|Carpentry|Conditioning Field|Forge|Furnace|Gilded Foundry|Herb Garden|Hospitaller|Infirmary|Joinery|Monastery|Pilgrimage Site|Preceptory|Tannery,8,22
"KT/Pitchfork+Javelin/Cloth (TY) [PrM, (RInd, EProw, SPie, NCun), Florentine, ImmU, Nimble, Rec 6, Shake+1]|M8",Knight Templar,Pitchfork,,Cloth,Javelin,True,25,"Nimble,Immune Unwieldy,Immune Blocked,Resolute,Recover 6,Parry,Shake +1,Florentine",1800,,False,Abbey|Blacksmith|Carpentry|Coliseum|Conditioning Field|Fletchery|Furnace|Hospitaller|Monastery|Pilgrimage Site|Preceptory|Tiltyard,8,19
"KT/FarmTools/Tower/Cloth [PrM, (EInd, EProw, SPie, NCun), Nimble, Rec 6, Recover 8, Shake+1]|M8",Knight Templar,Farm Tools,Tower Shield,Cloth,,False,25,"Nimble,Recover 6,Recover 8,Parry,Immune Blocked,Shake +1,Resolute",1800,,False,Abbey|Apothecary|Blacksmith|Carpentry|Conditioning Field|Forge|Furnace|Herb Garden|Hospitaller|Joinery|Monastery|Pilgrimage Site|Preceptory,8,22
"KT/Halberd+Longbow/Cloth (TY) [PrM, (RInd, EProw, SPie, NCun), Florentine, ImmU, Nimble, Rec 6, Shake+1]|M8",Knight Templar,Halberd,,Cloth,Longbow,True,25,"Nimble,Immune Unwieldy,Immune Blocked,Resolute,Recover 6,Parry,Shake +1,Florentine",1800,,False,Abbey|Blacksmith|Carpentry|Coliseum|Conditioning Field|Fletchery|Furnace|Hospitaller|Monastery|Pilgrimage Site|Preceptory|Tiltyard,8,19
"KT/Spears+Longbow/Tower/Cloth (TY) [PrM, (EInd, EProw, SPie, NCun), Florentine, ImmU, Nimble, Parry +1, Rec 6, Riposte, Shake+1]|M8",Knight Templar,Spears,Tower Shield,Cloth,Longbow,True,25,"Parry +1,Nimble,Immune Unwieldy,Immune Blocked,Resolute,Recover 6,Parry,Riposte,Shake +1,Florentine",1600,,False,Abbey|Blacksmith|Carpentry|Coliseum|Conditioning Field|Fletchery|Forge|Furnace|Grand Tournament|Hospitaller|Joinery|Monastery|Pilgrimage Site|Preceptory|Tiltyard,8,22
"KT/Daggers/Leather [PrM, (NInd, EProw, SPie, NCun), Nimble, Parry +1, Rec 6, Recover 8, Riposte, Shake+1]|M8",Knight Templar,Daggers,,Leather,,False,25,"Parry +1,Nimble,Recover 8,Immune Blocked,Resolute,Recover 6,Parry,Riposte,Shake +1",1800,,False,Abbey|Animal Husbandry|Apothecary|Coliseum|Conditioning Field|Furnace|Grand Tournament|Herb Garden|Hospitaller|Monastery|Pilgrimage Site|Preceptory|Tannery,8,16
"KT/Pitchfork+Crossbow/Cloth (TY) [PrM, (EInd, EProw, SPie, NCun), Florentine, ImmU, Nimble, Parry +1, Rec 6, Riposte, Shake+1]|M8",Knight Templar,Pitchfork,,Cloth,Crossbow,True,25,"Parry +1,Nimble,Immune Unwieldy,Immune Blocked,Resolute,Recover 6,Parry,Riposte,Shake +1,Florentine",1800,,False,Abbey|Blacksmith|Carpentry|Coliseum|Conditioning Field|Fletchery|Forge|Furnace|Grand Tournament|Hospitaller|Monastery|Pilgrimage Site|Preceptory|Tiltyard,8,22
"KT/ShortSword/Kite/Chain [PrM, OuInPoI, (RInd, EProw, SPie, SCun), Enduring, Rec 6, Recover 7, Recover 8, Shake+1]|M8",Knight Templar,Short Sword,Kite Shield,Chainmail,,False,25,"Enduring,Recover 8,Immune Blocked,Recover 7,Resolute,Outrider: once,confers:Strain,Recover 6,Parry,confers:Blocked,Shake +1",1300,,False,Abbey|Alchemy|Animal Husbandry|Apothecary|Armory|Blacksmith|Carpentry|Furnace|Herb Garden|Hospitaller|Infirmary|Joinery|Monastery|Outrider Intercept Post|Pilgrimage Site|Preceptory|Tannery,8,29
"KT/Lance/Buckler/Chain [PrM, MiMiStM, (EInd, SProw, SPie, NCun), Rec 6, Shake+1]|M8",Knight Templar,Lance,Buckler Shield,Chainmail,,False,25,"Parry +1,Immune Blocked,MaxInit3,Resolute,Init +1,Recover 6,Seize: first,Parry,Crit 8,Shake +1",1400,,False,Abbey|Animal Husbandry|Armory|Blacksmith|Carpentry|Forge|Furnace|Hospitaller|Joinery|Ministry of Military Strategy|Monastery|Pilgrimage Site|Preceptory|Tannery|University|War College,8,26
"KT/2HBastard+Longbow/Cloth (TY) [PrM, (EInd, EProw, SPie, NCun), Florentine, ImmU, Nimble, Parry +1, Rec 6, Riposte, Shake+1]|M8",Knight Templar,2HBastard,,Cloth,Longbow,True,25,"Parry +1,Nimble,Immune Unwieldy,Immune Blocked,Resolute,Recover 6,Parry,Riposte,Shake +1,Florentine",1800,,False,Abbey|Blacksmith|Carpentry|Coliseum|Conditioning Field|Fletchery|Forge|Furnace|Grand Tournament|Hospitaller|Monastery|Pilgrimage Site|Preceptory|Tiltyard,8,22
"KT/Flail/Cloth (DW) [PrM, (RInd, EProw, SPie, NCun), DW, Florentine, ImmU, Nimble, Rec 6, Shake+1]|M8",Knight Templar,Flail,,Cloth,,True,25,"Nimble,Immune Unwieldy,Immune Blocked,Resolute,Recover 6,Parry,Dual Wield,Shake +1,Florentine",2000,,False,Abbey|Blacksmith|Carpentry|Coliseum|Conditioning Field|Fletchery|Furnace|Hospitaller|Monastery|Pilgrimage Site|Preceptory|Tiltyard,8,19
"KT/Flail/Kite/FullPlate [PrM, (EInd, EProw, SPie, NCun), Enduring, Nimble, Parry +1, Rec 6, Recover 7, Recover 8, Riposte, Shake+1, Temp]|M8",Knight Templar,Flail,Kite Shield,Full Plate,,False,25,"Enduring,Parry +1,Nimble,Recover 8,Immune Blocked,Recover 7,Resolute,Recover 6,Parry,Tempered,Riposte,Shake +1",1300,,False,Abbey|Alchemy|Animal Husbandry|Apothecary|Armory|Blacksmith|Carpentry|Coliseum|Conditioning Field|Furnace|Gilded Foundry|Grand Tournament|Herb Garden|Hospitaller|Infirmary|Joinery|Monastery|Pilgrimage Site|Preceptory|Tannery,8,22
"KT/ShortSword/Tower/FullPlate [PrM, (EInd, EProw, SPie, NCun), Enduring, Nimble, Rec 6, Recover 7, Recover 8, Shake+1, Temp]|M8",Knight Templar,Short Sword,Tower Shield,Full Plate,,False,25,"Enduring,Nimble,Recover 8,Immune Blocked,Recover 7,Resolute,Recover 6,Parry,Tempered,Shake +1",1300,,False,Abbey|Alchemy|Animal Husbandry|Apothecary|Armory|Blacksmith|Carpentry|Conditioning Field|Forge|Furnace|Gilded Foundry|Herb Garden|Hospitaller|Infirmary|Joinery|Monastery|Pilgrimage Site|Preceptory|Tannery,8,22
"KT/WarHammer/Chain [RoPaM, PrM, (EInd, SProw, SPie, NCun), Enduring, Parry +1, Rec 6, Recover 7, Recover 8, Shake+1]|M8",Knight Templar,War Hammer,,Chainmail,,False,25,"Enduring,Parry +1,Recover 8,Immune Blocked,Recover 7,Immune Strain,Resolute,Recover 6,Parry,Drilled,Shake +1",1500,,False,Abbey|Alchemy|Animal Husbandry|Apothecary|Armory|Blacksmith|Forge|Furnace|Grand Tournament|Herb Garden|Hospitaller|Infirmary|Monastery|Pilgrimage Site|Preceptory|Royal Pavilion|Tannery|Tiltyard,8,26
"KT/ShortSword/Kite/Cloth [RoPaI, PrM, (RInd, SProw, SPie, NCun), Enduring, Rec 6, Recover 7, Recover 8, Shake+1]|M8",Knight Templar,Short Sword,Kite Shield,Cloth,,False,25,"Enduring,Recover 8,Immune Blocked,Recover 7,Immune Strain,Resolute,Recover 6,Parry,Shake +1",1300,,False,Abbey|Alchemy|Apothecary|Armory|Blacksmith|Carpentry|Furnace|Herb Garden|Hospitaller|Infirmary|Joinery|Monastery|Pilgrimage Site|Preceptory|Royal Pavilion|Tannery,8,23
"KT/FarmTools/Targe/Leather [RoPaM, PrM, (RInd, SProw, SPie, NCun), Parry +1, Rec 6, Shake+1]|M8",Knight Templar,Farm Tools,Targe Shield,Leather,,False,25,"Parry +1,Immune Blocked,Immune Strain,Resolute,Recover 6,Parry,Drilled,Shake +1",1600,,False,Abbey|Animal Husbandry|Blacksmith|Carpentry|Furnace|Grand Tournament|Hospitaller|Joinery|Monastery|Pilgrimage Site|Preceptory|Royal Pavilion|Tannery|Tiltyard,8,23
"KT/Pitchfork/FullPlate [RoPaM, PrM, (EInd, SProw, SPie, NCun), Enduring, Parry +1, Rec 6, Recover 7, Recover 8, Shake+1, Temp]|M8",Knight Templar,Pitchfork,,Full Plate,,False,25,"Enduring,Parry +1,Recover 8,Immune Blocked,Recover 7,Immune Strain,Resolute,Recover 6,Parry,Tempered,Drilled,Shake +1",1500,,False,Abbey|Alchemy|Animal Husbandry|Apothecary|Armory|Blacksmith|Furnace|Gilded Foundry|Grand Tournament|Herb Garden|Hospitaller|Infirmary|Monastery|Pilgrimage Site|Preceptory|Royal Pavilion|Tannery|Tiltyard,8,26
"KT/BattleAxe+Longbow/Cloth (TY) [PrM, (RInd, EProw, SPie, NCun), Florentine, ImmU, Nimble, Rec 6, Shake+1]|M8",Knight Templar,Battle Axe,,Cloth,Longbow,True,25,"Nimble,Immune Unwieldy,Immune Blocked,Resolute,Recover 6,Parry,Shake +1,Florentine",1800,,False,Abbey|Blacksmith|Carpentry|Coliseum|Conditioning Field|Fletchery|Furnace|Hospitaller|Monastery|Pilgrimage Site|Preceptory|Tiltyard,8,19
"KT/WarHammer/Chain [PrM, OuInPoI, (EInd, EProw, SPie, SCun), Rec 6, Recover 8, Shake+1]|M8",Knight Templar,War Hammer,,Chainmail,,False,25,"Recover 8,Immune Blocked,Resolute,Outrider: once,confers:Strain,Recover 6,Parry,confers:Blocked,Shake +1",1600,,False,Abbey|Animal Husbandry|Apothecary|Armory|Blacksmith|Forge|Furnace|Herb Garden|Hospitaller|Monastery|Outrider Intercept Post|Pilgrimage Site|Preceptory|Tannery,8,32
"KT/Spears/Tower/Leather [PrM, (EInd, EProw, SPie, NCun), Enduring, Nimble, Rec 6, Recover 7, Recover 8, Shake+1]|M8",Knight Templar,Spears,Tower Shield,Leather,,False,25,"Enduring,Nimble,Recover 8,Immune Blocked,Recover 7,Resolute,Recover 6,Parry,Shake +1",1500,,False,Abbey|Alchemy|Animal Husbandry|Apothecary|Blacksmith|Carpentry|Conditioning Field|Forge|Furnace|Herb Garden|Hospitaller|Infirmary|Joinery|Monastery|Pilgrimage Site|Preceptory|Tannery,8,22
"KT/2HBastard+Longbow/Cloth (TY) [PrM, (EInd, EProw, SPie, NCun), Florentine, ImmU, Nimble, Rec 6, Shake+1]|M8",Knight Templar,2HBastard,,Cloth,Longbow,True,25,"Nimble,Immune Unwieldy,Immune Blocked,Resolute,Recover 6,Parry,Shake +1,Florentine",1800,,False,Abbey|Blacksmith|Carpentry|Coliseum|Conditioning Field|Fletchery|Forge|Furnace|Hospitaller|Monastery|Pilgrimage Site|Preceptory|Tiltyard,8,22
"KT/HuntBow/Cloth [PrM, (NInd, EProw, SPie, NCun), Enduring, Florentine, ImmU, Nimble, Rec 6, Recover 7, Recover 8, Shake+1]|M8",Knight Templar,Farm Tools,,Cloth,Hunting Bow,True,25,"Enduring,Nimble,Immune Unwieldy,Recover 8,Immune Blocked,Recover 7,Resolute,Recover 6,Parry,Shake +1,Florentine",1700,,False,Abbey|Alchemy|Apothecary|Carpentry|Coliseum|Conditioning Field|Fletchery|Herb Garden|Hospitaller|Infirmary|Monastery|Pilgrimage Site|Preceptory|Tiltyard,8,16
"KT/BattleAxe/Chain [PrM, OuInPoM, (RInd, EProw, SPie, SCun), Rec 6, Shake+1]|M8",Knight Templar,Battle Axe,,Chainmail,,False,25,"Immune Blocked,Resolute,confers:Strain,Parry,Recover 6,Outrider: every,confers:Blocked,Shake +1",1600,,False,Abbey|Animal Husbandry|Armory|Blacksmith|Caravanery|Cipher Chamber|Furnace|Hospitaller|Monastery|Outrider Intercept Post|Pilgrimage Site|Preceptory|Tannery,8,29
"KT/Daggers+HuntBow/Cloth (TY) [PrM, (NInd, EProw, SPie, NCun), Florentine, ImmU, Nimble, Rec 6, Shake+1]|M8",Knight Templar,Daggers,,Cloth,Hunting Bow,True,25,"Nimble,Immune Unwieldy,Immune Blocked,Resolute,Recover 6,Parry,Shake +1,Florentine",1800,,False,Abbey|Carpentry|Coliseum|Conditioning Field|Fletchery|Furnace|Hospitaller|Monastery|Pilgrimage Site|Preceptory|Tiltyard,8,16
"KT/Poleaxe/Leather [ABFM, PrM, (SInd, EProw, SPie, NCun), Nimble, Rec 6, Serr, Shake+1, Temp]|M8",Knight Templar,Poleaxe,,Leather,,False,25,"ABF,Nimble,Serrated,Immune Blocked,Resolute,Recover 6,Parry,Tempered,Shake +1",900,,False,ABF|Abbey|Animal Husbandry|Armory|Blacksmith|Conditioning Field|Forge|Furnace|Gilded Foundry|Hospitaller|Master Workshop|Monastery|Pilgrimage Site|Preceptory|Stable|Tannery,8,26
"KT/Pike/Leather [PrM, (RInd, EProw, SPie, NCun), Nimble, Rec 6, Recover 8, Shake+1]|M8",Knight Templar,Pike,,Leather,,False,25,"Nimble,Recover 6,Recover 8,Parry,Immune Blocked,Shake +1,Resolute",1800,,False,Abbey|Animal Husbandry|Apothecary|Blacksmith|Conditioning Field|Furnace|Herb Garden|Hospitaller|Monastery|Pilgrimage Site|Preceptory|Tannery,8,19
"KT/Daggers/Chain [PrM, MiMiStI, (RInd, SProw, SPie, NCun), Rec 6, Recover 8, Shake+1]|M8",Knight Templar,Daggers,,Chainmail,,False,25,"Recover 8,Immune Blocked,MaxInit3,Resolute,Recover 6,Seize: first,Parry,Init +1,Shake +1",1600,,False,Abbey|Animal Husbandry|Apothecary|Armory|Blacksmith|Furnace|Herb Garden|Hospitaller|Ministry of Military Strategy|Monastery|Pilgrimage Site|Preceptory|Tannery,8,23
"KT/Bastard/Tower/Chain [PrM, (EInd, EProw, SPie, NCun), Enduring, Nimble, Rec 6, Recover 7, Recover 8, Shake+1]|M8",Knight Templar,Bastard Sword,Tower Shield,Chainmail,,False,25,"Enduring,Nimble,Recover 8,Immune Blocked,Recover 7,Resolute,Recover 6,Parry,Shake +1",1300,,False,Abbey|Alchemy|Animal Husbandry|Apothecary|Armory|Blacksmith|Carpentry|Conditioning Field|Forge|Furnace|Herb Garden|Hospitaller|Infirmary|Joinery|Monastery|Pilgrimage Site|Preceptory|Tannery,8,22
"KT/Lance/Targe/FullPlate [PrM, (EInd, EProw, SPie, NCun), Enduring, Nimble, Rec 6, Recover 7, Recover 8, Shake+1, Temp]|M8",Knight Templar,Lance,Targe Shield,Full Plate,,False,25,"Enduring,Nimble,Recover 8,Immune Blocked,Recover 7,Resolute,Recover 6,Parry,Tempered,Shake +1",1300,,False,Abbey|Alchemy|Animal Husbandry|Apothecary|Armory|Blacksmith|Carpentry|Conditioning Field|Forge|Furnace|Gilded Foundry|Herb Garden|Hospitaller|Infirmary|Joinery|Monastery|Pilgrimage Site|Preceptory|Tannery,8,22
"KT/Cudgel+Crossbow/Cloth (TY) [PrM, (EInd, EProw, SPie, NCun), Florentine, ImmU, Nimble, Rec 6, Shake+1]|M8",Knight Templar,Cudgel,,Cloth,Crossbow,True,25,"Nimble,Immune Unwieldy,Immune Blocked,Resolute,Recover 6,Parry,Shake +1,Florentine",1800,,False,Abbey|Blacksmith|Carpentry|Coliseum|Conditioning Field|Fletchery|Forge|Furnace|Hospitaller|Monastery|Pilgrimage Site|Preceptory|Tiltyard,8,22
"KT/BattleAxe+Crossbow/Cloth (TY) [PrM, (EInd, EProw, SPie, NCun), Florentine, ImmU, Nimble, Rec 6, Shake+1]|M8",Knight Templar,Battle Axe,,Cloth,Crossbow,True,25,"Nimble,Immune Unwieldy,Immune Blocked,Resolute,Recover 6,Parry,Shake +1,Florentine",1800,,False,Abbey|Blacksmith|Carpentry|Coliseum|Conditioning Field|Fletchery|Forge|Furnace|Hospitaller|Monastery|Pilgrimage Site|Preceptory|Tiltyard,8,22
"KT/2HBastard/FullPlate [PrM, (EInd, EProw, SPie, NCun), Nimble, Rec 6, Recover 8, Shake+1, Temp]|M8",Knight Templar,2HBastard,,Full Plate,,False,25,"Nimble,Recover 8,Immune Blocked,Resolute,Recover 6,Parry,Tempered,Shake +1",1600,,False,Abbey|Animal Husbandry|Apothecary|Armory|Blacksmith|Conditioning Field|Forge|Furnace|Gilded Foundry|Herb Garden|Hospitaller|Monastery|Pilgrimage Site|Preceptory|Tannery,8,22
"KT/Pitchfork+HuntBow/Leather (TY) [RoPaM, PrM, (NInd, SProw, SPie, NCun), Florentine, ImmU, Nimble, Parry +1, Rec 6, Riposte, Shake+1]|M8",Knight Templar,Pitchfork,,Leather,Hunting Bow,True,25,"Parry +1,Nimble,Immune Unwieldy,Immune Blocked,Immune Strain,Resolute,Recover 6,Parry,Drilled,Riposte,Shake +1,Florentine",1600,,False,Abbey|Animal Husbandry|Carpentry|Coliseum|Conditioning Field|Fletchery|Grand Tournament|Hospitaller|Monastery|Pilgrimage Site|Preceptory|Royal Pavilion|Tannery|Tiltyard,8,20
"KT/Arming/Kite/Leather [RoPaI, PrM, (RInd, SProw, SPie, NCun), Enduring, Rec 6, Recover 7, Recover 8, Shake+1]|M8",Knight Templar,Arming Sword,Kite Shield,Leather,,False,25,"Enduring,Recover 8,Immune Blocked,Recover 7,Immune Strain,Resolute,Recover 6,Parry,Shake +1",1300,,False,Abbey|Alchemy|Animal Husbandry|Apothecary|Armory|Blacksmith|Carpentry|Furnace|Herb Garden|Hospitaller|Infirmary|Joinery|Monastery|Pilgrimage Site|Preceptory|Royal Pavilion|Tannery,8,23
"KT/Bastard+Crossbow/Tower/Cloth (TY) [PrM, (EInd, EProw, SPie, NCun), Florentine, ImmU, Nimble, Parry +1, Rec 6, Riposte, Shake+1]|M8",Knight Templar,Bastard Sword,Tower Shield,Cloth,Crossbow,True,25,"Parry +1,Nimble,Immune Unwieldy,Immune Blocked,Resolute,Recover 6,Parry,Riposte,Shake +1,Florentine",1600,,False,Abbey|Blacksmith|Carpentry|Coliseum|Conditioning Field|Fletchery|Forge|Furnace|Grand Tournament|Hospitaller|Joinery|Monastery|Pilgrimage Site|Preceptory|Tiltyard,8,22
"KT/Morningstar/Tower/Cloth [PrM, (EInd, EProw, SPie, NCun), Nimble, Rec 6, Recover 8, Shake+1]|M8",Knight Templar,Morningstar,Tower Shield,Cloth,,False,25,"Nimble,Recover 6,Recover 8,Parry,Immune Blocked,Shake +1,Resolute",1800,,False,Abbey|Apothecary|Blacksmith|Carpentry|Conditioning Field|Forge|Furnace|Herb Garden|Hospitaller|Joinery|Monastery|Pilgrimage Site|Preceptory,8,22
"KT/Spears+Longbow/Tower/Cloth (TY) [PrM, (EInd, EProw, SPie, NCun), Florentine, ImmU, Nimble, Rec 6, Shake+1]|M8",Knight Templar,Spears,Tower Shield,Cloth,Longbow,True,25,"Nimble,Immune Unwieldy,Immune Blocked,Resolute,Recover 6,Parry,Shake +1,Florentine",1600,,False,Abbey|Blacksmith|Carpentry|Coliseum|Conditioning Field|Fletchery|Forge|Furnace|Hospitaller|Joinery|Monastery|Pilgrimage Site|Preceptory|Tiltyard,8,22
"KT/ShortSword/Kite/Chain [PrM, (RInd, EProw, SPie, NCun), Enduring, Nimble, Rec 6, Recover 7, Recover 8, Shake+1]|M8",Knight Templar,Short Sword,Kite Shield,Chainmail,,False,25,"Enduring,Nimble,Recover 8,Immune Blocked,Recover 7,Resolute,Recover 6,Parry,Shake +1",1300,,False,Abbey|Alchemy|Animal Husbandry|Apothecary|Armory|Blacksmith|Carpentry|Conditioning Field|Furnace|Herb Garden|Hospitaller|Infirmary|Joinery|Monastery|Pilgrimage Site|Preceptory|Tannery,8,19
"KT/Cavalry Spear/Kite/Chain [PrM, OuInPoI, (RInd, EProw, SPie, SCun), Enduring, Rec 6, Recover 7, Recover 8, Shake+1]|M8",Knight Templar,Cavalry Spear,Kite Shield,Chainmail,,False,25,"Enduring,Recover 8,Immune Blocked,Recover 7,Resolute,Outrider: once,confers:Strain,Recover 6,Parry,confers:Blocked,Shake +1",1300,,False,Abbey|Alchemy|Animal Husbandry|Apothecary|Armory|Blacksmith|Carpentry|Furnace|Herb Garden|Hospitaller|Infirmary|Joinery|Monastery|Outrider Intercept Post|Pilgrimage Site|Preceptory|Tannery,8,29
"KT/Cavalry Spear/Kite/Leather [PrM, (RInd, EProw, SPie, NCun), Enduring, Nimble, Rec 6, Recover 7, Recover 8, Shake+1]|M8",Knight Templar,Cavalry Spear,Kite Shield,Leather,,False,25,"Enduring,Nimble,Recover 8,Immune Blocked,Recover 7,Resolute,Recover 6,Parry,Shake +1",1300,,False,Abbey|Alchemy|Animal Husbandry|Apothecary|Armory|Blacksmith|Carpentry|Conditioning Field|Furnace|Herb Garden|Hospitaller|Infirmary|Joinery|Monastery|Pilgrimage Site|Preceptory|Tannery,8,19
"KT/WarHammer+Javelin/Cloth (TY) [PrM, (EInd, EProw, SPie, NCun), Florentine, ImmU, Nimble, Parry +1, Rec 6, Riposte, Shake+1]|M8",Knight Templar,War Hammer,,Cloth,Javelin,True,25,"Parry +1,Nimble,Immune Unwieldy,Immune Blocked,Resolute,Recover 6,Parry,Riposte,Shake +1,Florentine",1800,,False,Abbey|Blacksmith|Carpentry|Coliseum|Conditioning Field|Fletchery|Forge|Furnace|Grand Tournament|Hospitaller|Monastery|Pilgrimage Site|Preceptory|Tiltyard,8,22
"KT/Lance/Buckler/Cloth [PrM, (EInd, EProw, SPie, NCun), Nimble, Rec 6, Recover 8, Shake+1]|M8",Knight Templar,Lance,Buckler Shield,Cloth,,False,25,"Nimble,Recover 6,Recover 8,Parry,Immune Blocked,Shake +1,Resolute",1800,,False,Abbey|Apothecary|Blacksmith|Carpentry|Conditioning Field|Forge|Furnace|Herb Garden|Hospitaller|Joinery|Monastery|Pilgrimage Site|Preceptory,8,22
"KT/FarmTools/Buckler/Chain [PrM, (RInd, EProw, SPie, NCun), Enduring, Nimble, Rec 6, Recover 7, Recover 8, Shake+1]|M8",Knight Templar,Farm Tools,Buckler Shield,Chainmail,,False,25,"Enduring,Nimble,Recover 8,Immune Blocked,Recover 7,Resolute,Recover 6,Parry,Shake +1",1300,,False,Abbey|Alchemy|Animal Husbandry|Apothecary|Armory|Blacksmith|Carpentry|Conditioning Field|Furnace|Herb Garden|Hospitaller|Infirmary|Joinery|Monastery|Pilgrimage Site|Preceptory|Tannery,8,19
"KT/BattleAxe/Leather [PrM, (RInd, EProw, SPie, NCun), Nimble, Rec 6, Recover 8, Shake+1]|M8",Knight Templar,Battle Axe,,Leather,,False,25,"Nimble,Recover 6,Recover 8,Parry,Immune Blocked,Shake +1,Resolute",1800,,False,Abbey|Animal Husbandry|Apothecary|Blacksmith|Conditioning Field|Furnace|Herb Garden|Hospitaller|Monastery|Pilgrimage Site|Preceptory|Tannery,8,19
"KT/Arming+Crossbow/Tower/Cloth (TY) [PrM, (EInd, EProw, SPie, NCun), Florentine, ImmU, Nimble, Rec 6, Shake+1]|M8",Knight Templar,Arming Sword,Tower Shield,Cloth,Crossbow,True,25,"Nimble,Immune Unwieldy,Immune Blocked,Resolute,Recover 6,Parry,Shake +1,Florentine",1600,,False,Abbey|Blacksmith|Carpentry|Coliseum|Conditioning Field|Fletchery|Forge|Furnace|Hospitaller|Joinery|Monastery|Pilgrimage Site|Preceptory|Tiltyard,8,22
"KT/BattleAxe+Longbow/Cloth (TY) [PrM, (RInd, EProw, SPie, NCun), Enduring, Florentine, ImmU, Nimble, Rec 6, Recover 7, Recover 8, Shake+1]|M9",Knight Templar,Battle Axe,,Cloth,Longbow,True,25,"Enduring,Nimble,Immune Unwieldy,Recover 8,Immune Blocked,Recover 7,Resolute,Recover 6,Parry,Shake +1,Florentine",1700,,False,Abbey|Alchemy|Apothecary|Blacksmith|Carpentry|Coliseum|Conditioning Field|Fletchery|Furnace|Herb Garden|Hospitaller|Infirmary|Monastery|Pilgrimage Site|Preceptory|Tiltyard,9,19
"KT/Morningstar+Javelin/Tower/Leather (TY) [PrM, (EInd, EProw, SPie, NCun), Florentine, ImmU, Nimble, Rec 6, Shake+1]|M9",Knight Templar,Morningstar,Tower Shield,Leather,Javelin,True,25,"Nimble,Immune Unwieldy,Immune Blocked,Resolute,Recover 6,Parry,Shake +1,Florentine",1400,,False,Abbey|Animal Husbandry|Blacksmith|Carpentry|Coliseum|Conditioning Field|Fletchery|Forge|Furnace|Hospitaller|Joinery|Monastery|Pilgrimage Site|Preceptory|Tannery|Tiltyard,9,22
"KT/Pitchfork/Leather [PrM, (NInd, EProw, SPie, RCun), Enduring, Nimble, Poison, Rec 6, Recover 7, Recover 8, Shake+1]|M9",Knight Templar,Pitchfork,,Leather,,False,25,"Enduring,Nimble,Recover 8,Immune Blocked,Recover 7,Resolute,Poison,Recover 6,Parry,Shake +1",1100,,False,Abbey|Academy|Alchemy|Animal Husbandry|Apothecary|Butchery|Conditioning Field|Herb Garden|Hospitaller|Infirmary|Monastery|Pilgrimage Site|Preceptory|Tannery|Toxicarium,9,19
"KT/ShortSword+Crossbow/Chain (TY) [PrM, (EInd, EProw, SPie, NCun), Florentine, ImmU, Nimble, Rec 6, Shake+1]|M9",Knight Templar,Short Sword,,Chainmail,Crossbow,True,25,"Nimble,Immune Unwieldy,Immune Blocked,Resolute,Recover 6,Parry,Shake +1,Florentine",1400,,False,Abbey|Animal Husbandry|Armory|Blacksmith|Carpentry|Coliseum|Conditioning Field|Fletchery|Forge|Furnace|Hospitaller|Monastery|Pilgrimage Site|Preceptory|Tannery|Tiltyard,9,22
"KT/Cudgel/Cloth [PrM, (NInd, EProw, SPie, RCun), Enduring, Nimble, Poison, Rec 6, Recover 7, Recover 8, Shake+1]|M9",Knight Templar,Cudgel,,Cloth,,False,25,"Enduring,Nimble,Recover 8,Immune Blocked,Recover 7,Resolute,Poison,Recover 6,Parry,Shake +1",1100,,False,Abbey|Academy|Alchemy|Animal Husbandry|Apothecary|Butchery|Conditioning Field|Herb Garden|Hospitaller|Infirmary|Monastery|Pilgrimage Site|Preceptory|Tannery|Toxicarium,9,19
"KT/Pike+Longbow/Cloth (TY) [PrM, (RInd, EProw, SPie, NCun), Enduring, Florentine, ImmU, Nimble, Rec 6, Recover 7, Recover 8, Shake+1]|M9",Knight Templar,Pike,,Cloth,Longbow,True,25,"Enduring,Nimble,Immune Unwieldy,Recover 8,Immune Blocked,Recover 7,Resolute,Recover 6,Parry,Shake +1,Florentine",1700,,False,Abbey|Alchemy|Apothecary|Blacksmith|Carpentry|Coliseum|Conditioning Field|Fletchery|Furnace|Herb Garden|Hospitaller|Infirmary|Monastery|Pilgrimage Site|Preceptory|Tiltyard,9,19
"KT/FarmTools/Chain [PrM, (EInd, EProw, SPie, NCun), Enduring, Nimble, Rec 6, Recover 7, Recover 8, Serr, Shake+1]|M9",Knight Templar,Farm Tools,,Chainmail,,False,25,"Enduring,Nimble,Recover 8,Serrated,Immune Blocked,Recover 7,Resolute,Recover 6,Parry,Shake +1",1300,,False,Abbey|Alchemy|Animal Husbandry|Apothecary|Armory|Blacksmith|Conditioning Field|Furnace|Herb Garden|Hospitaller|Infirmary|Master Workshop|Monastery|Pilgrimage Site|Preceptory|Stable|Tannery,9,22
"KT/FarmTools/Leather [PrM, (NInd, EProw, SPie, RCun), Enduring, Nimble, Poison, Rec 6, Recover 7, Recover 8, Shake+1]|M9",Knight Templar,Farm Tools,,Leather,,False,25,"Enduring,Nimble,Recover 8,Immune Blocked,Recover 7,Resolute,Poison,Recover 6,Parry,Shake +1",1100,,False,Abbey|Academy|Alchemy|Animal Husbandry|Apothecary|Butchery|Conditioning Field|Herb Garden|Hospitaller|Infirmary|Monastery|Pilgrimage Site|Preceptory|Tannery|Toxicarium,9,19
"KT/Flail+Longbow/Tower/FullPlate (TY) [PrM, (EInd, EProw, SPie, NCun), Florentine, ImmU, Nimble, Parry +1, Rec 6, Riposte, Shake+1, Temp]|M9",Knight Templar,Flail,Tower Shield,Full Plate,Longbow,True,25,"Parry +1,Nimble,Immune Unwieldy,Immune Blocked,Resolute,Recover 6,Parry,Tempered,Riposte,Shake +1,Florentine",1200,,False,Abbey|Animal Husbandry|Armory|Blacksmith|Carpentry|Coliseum|Conditioning Field|Fletchery|Forge|Furnace|Gilded Foundry|Grand Tournament|Hospitaller|Joinery|Monastery|Pilgrimage Site|Preceptory|Tannery|Tiltyard,9,22
"KT/Morningstar/Tower/Cloth [PrM, MiMiStM, (EInd, SProw, SPie, NCun), Rec 6, Recover 8, Shake+1]|M9",Knight Templar,Morningstar,Tower Shield,Cloth,,False,25,"Parry +1,Recover 8,Immune Blocked,MaxInit3,Resolute,Init +1,Recover 6,Seize: first,Parry,Crit 8,Shake +1",1800,,False,Abbey|Apothecary|Blacksmith|Carpentry|Forge|Furnace|Herb Garden|Hospitaller|Joinery|Ministry of Military Strategy|Monastery|Pilgrimage Site|Preceptory|University|War College,9,26
"KT/Lance/Targe/Chain [PrM, (EInd, EProw, SPie, NCun), Nimble, Rec 6, Recover 8, Shake+1]|M9",Knight Templar,Lance,Targe Shield,Chainmail,,False,25,"Nimble,Recover 6,Recover 8,Parry,Immune Blocked,Shake +1,Resolute",1400,,False,Abbey|Animal Husbandry|Apothecary|Armory|Blacksmith|Carpentry|Conditioning Field|Forge|Furnace|Herb Garden|Hospitaller|Joinery|Monastery|Pilgrimage Site|Preceptory|Tannery,9,22
"KT/HuntBow/Leather [PrM, (NInd, EProw, SPie, NCun), Enduring, Florentine, ImmU, Nimble, Parry +1, Rec 6, Recover 7, Recover 8, Riposte, Shake+1]|M9",Knight Templar,Farm Tools,,Leather,Hunting Bow,True,25,"Enduring,Parry +1,Nimble,Immune Unwieldy,Recover 8,Immune Blocked,Recover 7,Resolute,Recover 6,Parry,Riposte,Shake +1,Florentine",1500,,False,Abbey|Alchemy|Animal Husbandry|Apothecary|Carpentry|Coliseum|Conditioning Field|Fletchery|Grand Tournament|Herb Garden|Hospitaller|Infirmary|Monastery|Pilgrimage Site|Preceptory|Tannery|Tiltyard,9,16
"KT/Arming/Tower/Leather [PrM, OuInPoM, (EInd, EProw, SPie, SCun), Rec 6, Shake+1]|M9",Knight Templar,Arming Sword,Tower Shield,Leather,,False,25,"Immune Blocked,Resolute,confers:Strain,Parry,Recover 6,Outrider: every,confers:Blocked,Shake +1",1600,,False,Abbey|Animal Husbandry|Blacksmith|Caravanery|Carpentry|Cipher Chamber|Forge|Furnace|Hospitaller|Joinery|Monastery|Outrider Intercept Post|Pilgrimage Site|Preceptory|Tannery,9,32
"KT/BattleAxe+Crossbow/FullPlate (TY) [PrM, (EInd, EProw, SPie, NCun), Florentine, ImmU, Nimble, Rec 6, Shake+1, Temp]|M9",Knight Templar,Battle Axe,,Full Plate,Crossbow,True,25,"Nimble,Immune Unwieldy,Immune Blocked,Resolute,Recover 6,Parry,Tempered,Shake +1,Florentine",1400,,False,Abbey|Animal Husbandry|Armory|Blacksmith|Carpentry|Coliseum|Conditioning Field|Fletchery|Forge|Furnace|Gilded Foundry|Hospitaller|Monastery|Pilgrimage Site|Preceptory|Tannery|Tiltyard,9,22
"KT/FarmTools/Cloth [PrM, MiMiStI, (EInd, SProw, SPie, RCun), Enduring, Poison, Rec 6, Recover 7, Recover 8, Serr, Shake+1]|M9",Knight Templar,Farm Tools,,Cloth,,False,25,"Enduring,Recover 8,Serrated,Immune Blocked,Recover 7,MaxInit3,Resolute,Poison,Recover 6,Seize: first,Parry,Init +1,Shake +1",1600,,False,Abbey|Academy|Alchemy|Apothecary|Blacksmith|Furnace|Herb Garden|Hospitaller|Infirmary|Master Workshop|Ministry of Military Strategy|Monastery|Pilgrimage Site|Preceptory|Toxicarium,9,29
"KT/Javelin/FullPlate [PrM, (EInd, EProw, SPie, NCun), Florentine, ImmU, Nimble, Rec 6, Shake+1, Temp]|M9",Knight Templar,Farm Tools,,Full Plate,Javelin,True,25,"Nimble,Immune Unwieldy,Immune Blocked,Resolute,Recover 6,Parry,Tempered,Shake +1,Florentine",1400,,False,Abbey|Animal Husbandry|Armory|Blacksmith|Carpentry|Coliseum|Conditioning Field|Fletchery|Furnace|Gilded Foundry|Hospitaller|Monastery|Pilgrimage Site|Preceptory|Tannery|Tiltyard,9,22
"KT/Halberd+Javelin/Chain (TY) [PrM, (RInd, EProw, SPie, NCun), Florentine, ImmU, Nimble, Rec 6, Shake+1]|M9",Knight Templar,Halberd,,Chainmail,Javelin,True,25,"Nimble,Immune Unwieldy,Immune Blocked,Resolute,Recover 6,Parry,Shake +1,Florentine",1400,,False,Abbey|Animal Husbandry|Armory|Blacksmith|Carpentry|Coliseum|Conditioning Field|Fletchery|Furnace|Hospitaller|Monastery|Pilgrimage Site|Preceptory|Tannery|Tiltyard,9,19
"KT/BattleAxe+Longbow/FullPlate (TY) [PrM, (EInd, EProw, SPie, NCun), Florentine, ImmU, Nimble, Parry +1, Rec 6, Riposte, Shake+1, Temp]|M9",Knight Templar,Battle Axe,,Full Plate,Longbow,True,25,"Parry +1,Nimble,Immune Unwieldy,Immune Blocked,Resolute,Recover 6,Parry,Tempered,Riposte,Shake +1,Florentine",1400,,False,Abbey|Animal Husbandry|Armory|Blacksmith|Carpentry|Coliseum|Conditioning Field|Fletchery|Furnace|Gilded Foundry|Grand Tournament|Hospitaller|Monastery|Pilgrimage Site|Preceptory|Tannery|Tiltyard,9,22
"KT/WarHammer+Longbow/FullPlate (TY) [PrM, (EInd, EProw, SPie, NCun), Florentine, ImmU, Nimble, Rec 6, Shake+1, Temp]|M9",Knight Templar,War Hammer,,Full Plate,Longbow,True,25,"Nimble,Immune Unwieldy,Immune Blocked,Resolute,Recover 6,Parry,Tempered,Shake +1,Florentine",1400,,False,Abbey|Animal Husbandry|Armory|Blacksmith|Carpentry|Coliseum|Conditioning Field|Fletchery|Forge|Furnace|Gilded Foundry|Hospitaller|Monastery|Pilgrimage Site|Preceptory|Tannery|Tiltyard,9,22
"KT/Arming+Longbow/Kite/Chain (TY) [PrM, (RInd, EProw, SPie, NCun), Florentine, ImmU, Nimble, Rec 6, Shake+1]|M9",Knight Templar,Arming Sword,Kite Shield,Chainmail,Longbow,True,25,"Nimble,Immune Unwieldy,Immune Blocked,Resolute,Recover 6,Parry,Shake +1,Florentine",1200,,False,Abbey|Animal Husbandry|Armory|Blacksmith|Carpentry|Coliseum|Conditioning Field|Fletchery|Furnace|Hospitaller|Joinery|Monastery|Pilgrimage Site|Preceptory|Tannery|Tiltyard,9,19
"KT/Cudgel+Crossbow/FullPlate (TY) [PrM, (EInd, EProw, SPie, NCun), Florentine, ImmU, Nimble, Rec 6, Shake+1, Temp]|M9",Knight Templar,Cudgel,,Full Plate,Crossbow,True,25,"Nimble,Immune Unwieldy,Immune Blocked,Resolute,Recover 6,Parry,Tempered,Shake +1,Florentine",1400,,False,Abbey|Animal Husbandry|Armory|Blacksmith|Carpentry|Coliseum|Conditioning Field|Fletchery|Forge|Furnace|Gilded Foundry|Hospitaller|Monastery|Pilgrimage Site|Preceptory|Tannery|Tiltyard,9,22
"KT/2HBastard+Longbow/FullPlate (TY) [PrM, (EInd, EProw, SPie, NCun), Florentine, ImmU, Nimble, Rec 6, Shake+1, Temp]|M9",Knight Templar,2HBastard,,Full Plate,Longbow,True,25,"Nimble,Immune Unwieldy,Immune Blocked,Resolute,Recover 6,Parry,Tempered,Shake +1,Florentine",1400,,False,Abbey|Animal Husbandry|Armory|Blacksmith|Carpentry|Coliseum|Conditioning Field|Fletchery|Forge|Furnace|Gilded Foundry|Hospitaller|Monastery|Pilgrimage Site|Preceptory|Tannery|Tiltyard,9,22
"KT/Flail+Longbow/Tower/Leather (TY) [PrM, (EInd, EProw, SPie, NCun), Florentine, ImmU, Nimble, Rec 6, Shake+1]|M9",Knight Templar,Flail,Tower Shield,Leather,Longbow,True,25,"Nimble,Immune Unwieldy,Immune Blocked,Resolute,Recover 6,Parry,Shake +1,Florentine",1400,,False,Abbey|Animal Husbandry|Blacksmith|Carpentry|Coliseum|Conditioning Field|Fletchery|Forge|Furnace|Hospitaller|Joinery|Monastery|Pilgrimage Site|Preceptory|Tannery|Tiltyard,9,22
"KT/Morningstar/Heater/FullPlate [ABFM, PrM, (SInd, EProw, SPie, NCun), Nimble, Rec 6, Serr, Shake+1, Temp]|M9",Knight Templar,Morningstar,Heater Shield,Full Plate,,False,25,"ABF,Nimble,Serrated,Immune Blocked,Resolute,Recover 6,Parry,Tempered,Shake +1",700,,False,ABF|Abbey|Animal Husbandry|Armory|Blacksmith|Carpentry|Conditioning Field|Forge|Furnace|Gilded Foundry|Hospitaller|Joinery|Master Workshop|Monastery|Pilgrimage Site|Preceptory|Stable|Tannery,9,26
"KT/Flail/Kite/Leather [PrM, (RInd, EProw, SPie, NCun), Nimble, Rec 6, Recover 8, Shake+1]|M9",Knight Templar,Flail,Kite Shield,Leather,,False,25,"Nimble,Recover 6,Recover 8,Parry,Immune Blocked,Shake +1,Resolute",1400,,False,Abbey|Animal Husbandry|Apothecary|Armory|Blacksmith|Carpentry|Conditioning Field|Furnace|Herb Garden|Hospitaller|Joinery|Monastery|Pilgrimage Site|Preceptory|Tannery,9,19
"KT/Morningstar+Longbow/Tower/Chain (TY) [PrM, (EInd, EProw, SPie, NCun), Florentine, ImmU, Nimble, Rec 6, Shake+1]|M9",Knight Templar,Morningstar,Tower Shield,Chainmail,Longbow,True,25,"Nimble,Immune Unwieldy,Immune Blocked,Resolute,Recover 6,Parry,Shake +1,Florentine",1200,,False,Abbey|Animal Husbandry|Armory|Blacksmith|Carpentry|Coliseum|Conditioning Field|Fletchery|Forge|Furnace|Hospitaller|Joinery|Monastery|Pilgrimage Site|Preceptory|Tannery|Tiltyard,9,22
"KT/FarmTools/Tower/Cloth [PrM, (EInd, EProw, SPie, NCun), Enduring, Nimble, Rec 6, Recover 7, Recover 8, Shake+1]|M9",Knight Templar,Farm Tools,Tower Shield,Cloth,,False,25,"Enduring,Nimble,Recover 8,Immune Blocked,Recover 7,Resolute,Recover 6,Parry,Shake +1",1000,,False,Abbey|Alchemy|Animal Husbandry|Apothecary|Blacksmith|Butchery|Carpentry|Conditioning Field|Forge|Furnace|Herb Garden|Hospitaller|Infirmary|Joinery|Monastery|Pilgrimage Site|Preceptory|Tannery,9,22
"KT/ShortSword/Cloth (DW) [RoPaI, PrM, (NInd, SProw, SPie, NCun), DW, Florentine, ImmU, Nimble, Rec 6, Shake+1]|M9",Knight Templar,Short Sword,,Cloth,,True,25,"Nimble,Immune Unwieldy,Immune Blocked,Immune Strain,Resolute,Recover 6,Parry,Dual Wield,Shake +1,Florentine",2000,,False,Abbey|Carpentry|Coliseum|Conditioning Field|Fletchery|Furnace|Hospitaller|Monastery|Pilgrimage Site|Preceptory|Royal Pavilion|Tiltyard,9,20
"KT/ShortSword+Javelin/Targe/Leather (TY) [PrM, (RInd, EProw, SPie, NCun), Florentine, ImmU, Nimble, Parry +1, Rec 6, Riposte, Shake+1]|M9",Knight Templar,Short Sword,Targe Shield,Leather,Javelin,True,25,"Parry +1,Nimble,Immune Unwieldy,Immune Blocked,Resolute,Recover 6,Parry,Riposte,Shake +1,Florentine",1400,,False,Abbey|Animal Husbandry|Blacksmith|Carpentry|Coliseum|Conditioning Field|Fletchery|Furnace|Grand Tournament|Hospitaller|Joinery|Monastery|Pilgrimage Site|Preceptory|Tannery|Tiltyard,9,19
"KT/Flail/Tower/FullPlate [PrM, (EInd, EProw, SPie, NCun), Nimble, Rec 6, Recover 8, Shake+1, Temp]|M9",Knight Templar,Flail,Tower Shield,Full Plate,,False,25,"Nimble,Recover 8,Immune Blocked,Resolute,Recover 6,Parry,Tempered,Shake +1",1400,,False,Abbey|Animal Husbandry|Apothecary|Armory|Blacksmith|Carpentry|Conditioning Field|Forge|Furnace|Gilded Foundry|Herb Garden|Hospitaller|Joinery|Monastery|Pilgrimage Site|Preceptory|Tannery,9,22
"KT/Arming+Javelin/Kite/Cloth (TY) [PrM, (RInd, EProw, SPie, NCun), Florentine, ImmU, Nimble, Rec 6, Shake+1]|M9",Knight Templar,Arming Sword,Kite Shield,Cloth,Javelin,True,25,"Nimble,Immune Unwieldy,Immune Blocked,Resolute,Recover 6,Parry,Shake +1,Florentine",1200,,False,Abbey|Armory|Blacksmith|Carpentry|Coliseum|Conditioning Field|Fletchery|Furnace|Hospitaller|Joinery|Monastery|Pilgrimage Site|Preceptory|Tannery|Tiltyard,9,19
"KT/Cavalry Spear/Kite/Chain [PrM, OuInPoI, (RInd, EProw, SPie, SCun), Rec 6, Recover 8, Shake+1]|M9",Knight Templar,Cavalry Spear,Kite Shield,Chainmail,,False,25,"Recover 8,Immune Blocked,Resolute,Outrider: once,confers:Strain,Recover 6,Parry,confers:Blocked,Shake +1",1400,,False,Abbey|Animal Husbandry|Apothecary|Armory|Blacksmith|Carpentry|Furnace|Herb Garden|Hospitaller|Joinery|Monastery|Outrider Intercept Post|Pilgrimage Site|Preceptory|Tannery,9,29
"KT/Bastard/Tower/Chain [PrM, (EInd, EProw, SPie, NCun), Nimble, Rec 6, Recover 8, Shake+1]|M9",Knight Templar,Bastard Sword,Tower Shield,Chainmail,,False,25,"Nimble,Recover 6,Recover 8,Parry,Immune Blocked,Shake +1,Resolute",1400,,False,Abbey|Animal Husbandry|Apothecary|Armory|Blacksmith|Carpentry|Conditioning Field|Forge|Furnace|Herb Garden|Hospitaller|Joinery|Monastery|Pilgrimage Site|Preceptory|Tannery,9,22
"KT/Spears/Tower/Cloth [PrM, (EInd, EProw, SPie, NCun), Enduring, Nimble, Rec 6, Recover 7, Recover 8, Shake+1]|M9",Knight Templar,Spears,Tower Shield,Cloth,,False,25,"Enduring,Nimble,Recover 8,Immune Blocked,Recover 7,Resolute,Recover 6,Parry,Shake +1",1000,,False,Abbey|Alchemy|Animal Husbandry|Apothecary|Blacksmith|Butchery|Carpentry|Conditioning Field|Forge|Furnace|Herb Garden|Hospitaller|Infirmary|Joinery|Monastery|Pilgrimage Site|Preceptory|Tannery,9,22
"KT/Flail+Javelin/Kite/Cloth (TY) [PrM, (RInd, EProw, SPie, NCun), Florentine, ImmU, Nimble, Parry +1, Rec 6, Riposte, Shake+1]|M9",Knight Templar,Flail,Kite Shield,Cloth,Javelin,True,25,"Parry +1,Nimble,Immune Unwieldy,Immune Blocked,Resolute,Recover 6,Parry,Riposte,Shake +1,Florentine",1200,,False,Abbey|Armory|Blacksmith|Carpentry|Coliseum|Conditioning Field|Fletchery|Furnace|Grand Tournament|Hospitaller|Joinery|Monastery|Pilgrimage Site|Preceptory|Tannery|Tiltyard,9,19
"KT/2HBastard/FullPlate [PrM, MiMiStM, (EInd, SProw, SPie, NCun), Rec 6, Recover 8, Shake+1, Temp]|M9",Knight Templar,2HBastard,,Full Plate,,False,25,"Parry +1,Recover 8,Immune Blocked,MaxInit3,Resolute,Init +1,Recover 6,Seize: first,Tempered,Parry,Crit 8,Shake +1",1600,,False,Abbey|Animal Husbandry|Apothecary|Armory|Blacksmith|Forge|Furnace|Gilded Foundry|Herb Garden|Hospitaller|Ministry of Military Strategy|Monastery|Pilgrimage Site|Preceptory|Tannery|University|War College,9,26
"KT/WarHammer/Leather [RoPaI, PrM, (EInd, SProw, SPie, NCun), Enduring, Rec 6, Recover 7, Recover 8, Shake+1]|M9",Knight Templar,War Hammer,,Leather,,False,25,"Enduring,Recover 8,Immune Blocked,Recover 7,Immune Strain,Resolute,Recover 6,Parry,Shake +1",1000,,False,Abbey|Alchemy|Animal Husbandry|Apothecary|Blacksmith|Butchery|Forge|Furnace|Herb Garden|Hospitaller|Infirmary|Monastery|Pilgrimage Site|Preceptory|Royal Pavilion|Smokehouse|Tannery,9,26
"KT/Halberd+Javelin/Cloth (TY) [PrM, (RInd, EProw, SPie, NCun), Enduring, Florentine, ImmU, Nimble, Parry +1, Rec 6, Recover 7, Recover 8, Riposte, Shake+1]|M9",Knight Templar,Halberd,,Cloth,Javelin,True,25,"Enduring,Parry +1,Nimble,Immune Unwieldy,Recover 8,Immune Blocked,Recover 7,Resolute,Recover 6,Parry,Riposte,Shake +1,Florentine",1700,,False,Abbey|Alchemy|Apothecary|Blacksmith|Carpentry|Coliseum|Conditioning Field|Fletchery|Furnace|Grand Tournament|Herb Garden|Hospitaller|Infirmary|Monastery|Pilgrimage Site|Preceptory|Tiltyard,9,19
"KT/WarHammer+Crossbow/Cloth (TY) [PrM, (EInd, EProw, SPie, NCun), Enduring, Florentine, ImmU, Nimble, Parry +1, Rec 6, Recover 7, Recover 8, Riposte, Shake+1]|M9",Knight Templar,War Hammer,,Cloth,Crossbow,True,25,"Enduring,Parry +1,Nimble,Immune Unwieldy,Recover 8,Immune Blocked,Recover 7,Resolute,Recover 6,Parry,Riposte,Shake +1,Florentine",1700,,False,Abbey|Alchemy|Apothecary|Blacksmith|Carpentry|Coliseum|Conditioning Field|Fletchery|Forge|Furnace|Grand Tournament|Herb Garden|Hospitaller|Infirmary|Monastery|Pilgrimage Site|Preceptory|Tiltyard,9,22
"KT/Spears/Targe/Leather [PrM, (RInd, EProw, SPie, NCun), Nimble, Parry +1, Rec 6, Recover 8, Riposte, Shake+1]|M9",Knight Templar,Spears,Targe Shield,Leather,,False,25,"Parry +1,Nimble,Recover 8,Immune Blocked,Resolute,Recover 6,Parry,Riposte,Shake +1",1600,,False,Abbey|Animal Husbandry|Apothecary|Blacksmith|Carpentry|Coliseum|Conditioning Field|Furnace|Grand Tournament|Herb Garden|Hospitaller|Joinery|Monastery|Pilgrimage Site|Preceptory|Tannery,9,19
"KT/FarmTools/Leather [PrM, (NInd, EProw, SPie, RCun), Enduring, Nimble, Parry +1, Poison, Rec 6, Recover 7, Recover 8, Riposte, Shake+1]|M9",Knight Templar,Farm Tools,,Leather,,False,25,"Enduring,Parry +1,Nimble,Recover 8,Immune Blocked,Recover 7,Resolute,Poison,Recover 6,Parry,Riposte,Shake +1",1600,,False,Abbey|Academy|Alchemy|Animal Husbandry|Apothecary|Coliseum|Conditioning Field|Grand Tournament|Herb Garden|Hospitaller|Infirmary|Monastery|Pilgrimage Site|Preceptory|Stable|Tannery|Toxicarium,9,19
"KT/FarmTools/Buckler/Leather [PrM, (RInd, EProw, SPie, RCun), Enduring, Nimble, Poison, Rec 6, Recover 7, Recover 8, Shake+1]|M9",Knight Templar,Farm Tools,Buckler Shield,Leather,,False,25,"Enduring,Nimble,Recover 8,Immune Blocked,Recover 7,Resolute,Poison,Recover 6,Parry,Shake +1",1400,,False,Abbey|Academy|Alchemy|Animal Husbandry|Apothecary|Carpentry|Conditioning Field|Herb Garden|Hospitaller|Infirmary|Joinery|Monastery|Pilgrimage Site|Preceptory|Tannery|Toxicarium,9,22
"KT/Morningstar+HuntBow/Tower/Leather (TY) [PrM, (EInd, EProw, SPie, NCun), Florentine, ImmU, Nimble, Rec 6, Shake+1]|M9",Knight Templar,Morningstar,Tower Shield,Leather,Hunting Bow,True,25,"Nimble,Immune Unwieldy,Immune Blocked,Resolute,Recover 6,Parry,Shake +1,Florentine",1400,,False,Abbey|Animal Husbandry|Blacksmith|Carpentry|Coliseum|Conditioning Field|Fletchery|Forge|Furnace|Hospitaller|Joinery|Monastery|Pilgrimage Site|Preceptory|Tannery|Tiltyard,9,22
"KT/Spears/Cloth (DW) [PrM, (NInd, EProw, SPie, NCun), DW, Enduring, Florentine, ImmU, Nimble, Rec 6, Recover 7, Recover 8, Shake+1]|M9",Knight Templar,Spears,,Cloth,,True,25,"Enduring,Nimble,Immune Unwieldy,Recover 8,Immune Blocked,Recover 7,Resolute,Recover 6,Parry,Dual Wield,Shake +1,Florentine",1900,,False,Abbey|Alchemy|Apothecary|Carpentry|Coliseum|Conditioning Field|Fletchery|Furnace|Herb Garden|Hospitaller|Infirmary|Monastery|Pilgrimage Site|Preceptory|Tiltyard,9,16
"KT/Pitchfork+Javelin/Chain (TY) [PrM, (RInd, EProw, SPie, NCun), Florentine, ImmU, Nimble, Rec 6, Shake+1]|M9",Knight Templar,Pitchfork,,Chainmail,Javelin,True,25,"Nimble,Immune Unwieldy,Immune Blocked,Resolute,Recover 6,Parry,Shake +1,Florentine",1400,,False,Abbey|Animal Husbandry|Armory|Blacksmith|Carpentry|Coliseum|Conditioning Field|Fletchery|Furnace|Hospitaller|Monastery|Pilgrimage Site|Preceptory|Tannery|Tiltyard,9,19
"KT/Bastard+Javelin/Tower/Leather (TY) [PrM, (EInd, EProw, SPie, NCun), Florentine, ImmU, Nimble, Rec 6, Shake+1]|M9",Knight Templar,Bastard Sword,Tower Shield,Leather,Javelin,True,25,"Nimble,Immune Unwieldy,Immune Blocked,Resolute,Recover 6,Parry,Shake +1,Florentine",1400,,False,Abbey|Animal Husbandry|Blacksmith|Carpentry|Coliseum|Conditioning Field|Fletchery|Forge|Furnace|Hospitaller|Joinery|Monastery|Pilgrimage Site|Preceptory|Tannery|Tiltyard,9,22
"KT/FarmTools/Targe/Cloth [PrM, (RInd, EProw, SPie, NCun), Enduring, Nimble, Rec 6, Recover 7, Recover 8, Shake+1]|M9",Knight Templar,Farm Tools,Targe Shield,Cloth,,False,25,"Enduring,Nimble,Recover 8,Immune Blocked,Recover 7,Resolute,Recover 6,Parry,Shake +1",1000,,False,Abbey|Alchemy|Animal Husbandry|Apothecary|Blacksmith|Butchery|Carpentry|Conditioning Field|Furnace|Herb Garden|Hospitaller|Infirmary|Joinery|Monastery|Pilgrimage Site|Preceptory|Tannery,9,19
"KT/Spears+Javelin/Kite/Cloth (TY) [PrM, (RInd, EProw, SPie, NCun), Florentine, ImmU, Nimble, Rec 6, Shake+1]|M9",Knight Templar,Spears,Kite Shield,Cloth,Javelin,True,25,"Nimble,Immune Unwieldy,Immune Blocked,Resolute,Recover 6,Parry,Shake +1,Florentine",1200,,False,Abbey|Armory|Blacksmith|Carpentry|Coliseum|Conditioning Field|Fletchery|Furnace|Hospitaller|Joinery|Monastery|Pilgrimage Site|Preceptory|Tannery|Tiltyard,9,19
"KT/Arming/Kite/Cloth [PrM, MiMiStM, (RInd, SProw, SPie, NCun), Enduring, Rec 6, Recover 7, Recover 8, Shake+1]|M9",Knight Templar,Arming Sword,Kite Shield,Cloth,,False,25,"Enduring,Parry +1,Recover 8,Immune Blocked,Recover 7,MaxInit3,Resolute,Init +1,Recover 6,Seize: first,Parry,Crit 8,Shake +1",1300,,False,Abbey|Alchemy|Apothecary|Armory|Blacksmith|Carpentry|Furnace|Herb Garden|Hospitaller|Infirmary|Joinery|Ministry of Military Strategy|Monastery|Pilgrimage Site|Preceptory|Tannery|University|War College,9,23
"KT/ShortSword+Longbow/Kite/Cloth (TY) [PrM, (RInd, EProw, SPie, NCun), Florentine, ImmU, Nimble, Rec 6, Shake+1]|M9",Knight Templar,Short Sword,Kite Shield,Cloth,Longbow,True,25,"Nimble,Immune Unwieldy,Immune Blocked,Resolute,Recover 6,Parry,Shake +1,Florentine",1200,,False,Abbey|Armory|Blacksmith|Carpentry|Coliseum|Conditioning Field|Fletchery|Furnace|Hospitaller|Joinery|Monastery|Pilgrimage Site|Preceptory|Tannery|Tiltyard,9,19
"KT/Morningstar+Crossbow/Tower/Cloth (TY) [RoPaI, PrM, (EInd, SProw, SPie, NCun), Florentine, ImmU, Nimble, Rec 6, Shake+1]|M9",Knight Templar,Morningstar,Tower Shield,Cloth,Crossbow,True,25,"Nimble,Immune Unwieldy,Immune Blocked,Immune Strain,Resolute,Recover 6,Parry,Shake +1,Florentine",1600,,False,Abbey|Blacksmith|Carpentry|Coliseum|Conditioning Field|Fletchery|Forge|Furnace|Hospitaller|Joinery|Monastery|Pilgrimage Site|Preceptory|Royal Pavilion|Tiltyard,9,26
"KT/Bastard/Heater/Chain [ABFM, PrM, (SInd, EProw, SPie, NCun), Nimble, Rec 6, Serr, Shake+1, Temp]|M9",Knight Templar,Bastard Sword,Heater Shield,Chainmail,,False,25,"ABF,Nimble,Serrated,Immune Blocked,Resolute,Recover 6,Parry,Tempered,Shake +1",700,,False,ABF|Abbey|Animal Husbandry|Armory|Blacksmith|Carpentry|Conditioning Field|Forge|Furnace|Gilded Foundry|Hospitaller|Joinery|Master Workshop|Monastery|Pilgrimage Site|Preceptory|Stable|Tannery,9,26
"KT/ShortSword+Longbow/Tower/Cloth (TY) [PrM, (EInd, EProw, SPie, NCun), Enduring, Florentine, ImmU, Nimble, Parry +1, Rec 6, Recover 7, Recover 8, Riposte, Shake+1]|M9",Knight Templar,Short Sword,Tower Shield,Cloth,Longbow,True,25,"Enduring,Parry +1,Nimble,Immune Unwieldy,Recover 8,Immune Blocked,Recover 7,Resolute,Recover 6,Parry,Riposte,Shake +1,Florentine",1500,,False,Abbey|Alchemy|Apothecary|Blacksmith|Carpentry|Coliseum|Conditioning Field|Fletchery|Forge|Furnace|Grand Tournament|Herb Garden|Hospitaller|Infirmary|Joinery|Monastery|Pilgrimage Site|Preceptory|Tiltyard,9,22
"KT/Morningstar/Tower/Chain [PrM, (EInd, EProw, SPie, NCun), Nimble, Rec 6, Recover 8, Shake+1]|M9",Knight Templar,Morningstar,Tower Shield,Chainmail,,False,25,"Nimble,Recover 6,Recover 8,Parry,Immune Blocked,Shake +1,Resolute",1400,,False,Abbey|Animal Husbandry|Apothecary|Armory|Blacksmith|Carpentry|Conditioning Field|Forge|Furnace|Herb Garden|Hospitaller|Joinery|Monastery|Pilgrimage Site|Preceptory|Tannery,9,22
"KT/Pike/Cloth [PrM, (RInd, EProw, SPie, RCun), Enduring, Nimble, Poison, Rec 6, Recover 7, Recover 8, Shake+1]|M9",Knight Templar,Pike,,Cloth,,False,25,"Enduring,Nimble,Recover 8,Immune Blocked,Recover 7,Resolute,Poison,Recover 6,Parry,Shake +1",1800,,False,Abbey|Academy|Alchemy|Apothecary|Blacksmith|Conditioning Field|Furnace|Herb Garden|Hospitaller|Infirmary|Monastery|Pilgrimage Site|Preceptory|Stable|Toxicarium,9,22
"KT/Flail+Longbow/Tower/FullPlate (TY) [PrM, (EInd, EProw, SPie, NCun), Florentine, ImmU, Nimble, Rec 6, Shake+1, Temp]|M9",Knight Templar,Flail,Tower Shield,Full Plate,Longbow,True,25,"Nimble,Immune Unwieldy,Immune Blocked,Resolute,Recover 6,Parry,Tempered,Shake +1,Florentine",1200,,False,Abbey|Animal Husbandry|Armory|Blacksmith|Carpentry|Coliseum|Conditioning Field|Fletchery|Forge|Furnace|Gilded Foundry|Hospitaller|Joinery|Monastery|Pilgrimage Site|Preceptory|Tannery|Tiltyard,9,22
"KT/Arming/FullPlate (DW) [RoPaM, PrM, (EInd, SProw, SPie, NCun), DW, Florentine, ImmU, Nimble, Parry +1, Rec 6, Riposte, Shake+1, Temp]|M9",Knight Templar,Arming Sword,,Full Plate,,True,25,"Parry +1,Nimble,Immune Unwieldy,Immune Blocked,Immune Strain,Resolute,Recover 6,Parry,Tempered,Drilled,Riposte,Dual Wield,Shake +1,Florentine",1600,,False,Abbey|Animal Husbandry|Armory|Blacksmith|Carpentry|Coliseum|Conditioning Field|Fletchery|Furnace|Gilded Foundry|Grand Tournament|Hospitaller|Monastery|Pilgrimage Site|Preceptory|Royal Pavilion|Tannery|Tiltyard,9,26
"KT/Cavalry Spear/Targe/Cloth [PrM, (RInd, EProw, SPie, NCun), Enduring, Nimble, Rec 6, Recover 7, Recover 8, Shake+1]|M9",Knight Templar,Cavalry Spear,Targe Shield,Cloth,,False,25,"Enduring,Nimble,Recover 8,Immune Blocked,Recover 7,Resolute,Recover 6,Parry,Shake +1",1000,,False,Abbey|Alchemy|Animal Husbandry|Apothecary|Blacksmith|Butchery|Carpentry|Conditioning Field|Furnace|Herb Garden|Hospitaller|Infirmary|Joinery|Monastery|Pilgrimage Site|Preceptory|Tannery,9,19
"KT/Pike+HuntBow/Cloth (TY) [RoPaM, PrM, (RInd, SProw, SPie, NCun), Enduring, Florentine, ImmU, Nimble, Parry +1, Rec 6, Recover 7, Recover 8, Riposte, Shake+1]|M9",Knight Templar,Pike,,Cloth,Hunting Bow,True,25,"Enduring,Parry +1,Nimble,Immune Unwieldy,Recover 8,Immune Blocked,Recover 7,Immune Strain,Resolute,Recover 6,Parry,Drilled,Riposte,Shake +1,Florentine",1700,,False,Abbey|Alchemy|Apothecary|Blacksmith|Carpentry|Coliseum|Conditioning Field|Fletchery|Furnace|Grand Tournament|Herb Garden|Hospitaller|Infirmary|Monastery|Pilgrimage Site|Preceptory|Royal Pavilion|Tiltyard,9,23
"KT/FarmTools/Kite/Chain [PrM, (RInd, EProw, SPie, NCun), Nimble, Parry +1, Rec 6, Recover 8, Riposte, Shake+1]|M9",Knight Templar,Farm Tools,Kite Shield,Chainmail,,False,25,"Parry +1,Nimble,Recover 8,Immune Blocked,Resolute,Recover 6,Parry,Riposte,Shake +1",1400,,False,Abbey|Animal Husbandry|Apothecary|Armory|Blacksmith|Carpentry|Coliseum|Conditioning Field|Furnace|Grand Tournament|Herb Garden|Hospitaller|Joinery|Monastery|Pilgrimage Site|Preceptory|Tannery,9,19
"KT/Cudgel/Cloth [PrM, (EInd, EProw, SPie, RCun), Enduring, Nimble, Poison, Rec 6, Recover 7, Recover 8, Serr, Shake+1]|M9",Knight Templar,Cudgel,,Cloth,,False,25,"Enduring,Nimble,Recover 8,Serrated,Immune Blocked,Recover 7,Resolute,Poison,Recover 6,Parry,Shake +1",1600,,False,Abbey|Academy|Alchemy|Apothecary|Blacksmith|Conditioning Field|Furnace|Herb Garden|Hospitaller|Infirmary|Master Workshop|Monastery|Pilgrimage Site|Preceptory|Toxicarium,9,25
"KT/Arming/Kite/Chain [PrM, (RInd, EProw, SPie, NCun), Nimble, Rec 6, Recover 8, Shake+1]|M9",Knight Templar,Arming Sword,Kite Shield,Chainmail,,False,25,"Nimble,Recover 6,Recover 8,Parry,Immune Blocked,Shake +1,Resolute",1400,,False,Abbey|Animal Husbandry|Apothecary|Armory|Blacksmith|Carpentry|Conditioning Field|Furnace|Herb Garden|Hospitaller|Joinery|Monastery|Pilgrimage Site|Preceptory|Tannery,9,19
"KT/Spears+Longbow/Tower/Leather (TY) [PrM, (EInd, EProw, SPie, NCun), Florentine, ImmU, Nimble, Rec 6, Shake+1]|M9",Knight Templar,Spears,Tower Shield,Leather,Longbow,True,25,"Nimble,Immune Unwieldy,Immune Blocked,Resolute,Recover 6,Parry,Shake +1,Florentine",1400,,False,Abbey|Animal Husbandry|Blacksmith|Carpentry|Coliseum|Conditioning Field|Fletchery|Forge|Furnace|Hospitaller|Joinery|Monastery|Pilgrimage Site|Preceptory|Tannery|Tiltyard,9,22
"KT/Spears+Javelin/Tower/Chain (TY) [PrM, (EInd, EProw, SPie, NCun), Florentine, ImmU, Nimble, Rec 6, Shake+1]|M9",Knight Templar,Spears,Tower Shield,Chainmail,Javelin,True,25,"Nimble,Immune Unwieldy,Immune Blocked,Resolute,Recover 6,Parry,Shake +1,Florentine",1200,,False,Abbey|Animal Husbandry|Armory|Blacksmith|Carpentry|Coliseum|Conditioning Field|Fletchery|Forge|Furnace|Hospitaller|Joinery|Monastery|Pilgrimage Site|Preceptory|Tannery|Tiltyard,9,22
"KT/2HBastard/Chain [PrM, (EInd, EProw, SPie, NCun), Enduring, Nimble, Rec 6, Recover 7, Recover 8, Shake+1]|M9",Knight Templar,2HBastard,,Chainmail,,False,25,"Enduring,Nimble,Recover 8,Immune Blocked,Recover 7,Resolute,Recover 6,Parry,Shake +1",1000,,False,Abbey|Alchemy|Animal Husbandry|Apothecary|Armory|Blacksmith|Butchery|Conditioning Field|Forge|Furnace|Herb Garden|Hospitaller|Infirmary|Monastery|Pilgrimage Site|Preceptory|Stable|Tannery,9,22
"KT/Cavalry Spear/Targe/Leather [RoPaM, PrM, (RInd, SProw, SPie, NCun), Enduring, Parry +1, Rec 6, Recover 7, Recover 8, Shake+1]|M9",Knight Templar,Cavalry Spear,Targe Shield,Leather,,False,25,"Enduring,Parry +1,Recover 8,Immune Blocked,Recover 7,Immune Strain,Resolute,Recover 6,Parry,Drilled,Shake +1",1500,,False,Abbey|Alchemy|Animal Husbandry|Apothecary|Blacksmith|Carpentry|Furnace|Grand Tournament|Herb Garden|Hospitaller|Infirmary|Joinery|Monastery|Pilgrimage Site|Preceptory|Royal Pavilion|Tannery|Tiltyard,9,23
"KT/FarmTools/Kite/FullPlate [PrM, (EInd, EProw, SPie, NCun), Nimble, Rec 6, Recover 8, Shake+1, Temp]|M9",Knight Templar,Farm Tools,Kite Shield,Full Plate,,False,25,"Nimble,Recover 8,Immune Blocked,Resolute,Recover 6,Parry,Tempered,Shake +1",1400,,False,Abbey|Animal Husbandry|Apothecary|Armory|Blacksmith|Carpentry|Conditioning Field|Furnace|Gilded Foundry|Herb Garden|Hospitaller|Joinery|Monastery|Pilgrimage Site|Preceptory|Tannery,9,22
"KT/Bastard+Longbow/Tower/Cloth (TY) [PrM, (EInd, EProw, SPie, NCun), Enduring, Florentine, ImmU, Nimble, Rec 6, Recover 7, Recover 8, Shake+1]|M9",Knight Templar,Bastard Sword,Tower Shield,Cloth,Longbow,True,25,"Enduring,Nimble,Immune Unwieldy,Recover 8,Immune Blocked,Recover 7,Resolute,Recover 6,Parry,Shake +1,Florentine",1500,,False,Abbey|Alchemy|Apothecary|Blacksmith|Carpentry|Coliseum|Conditioning Field|Fletchery|Forge|Furnace|Herb Garden|Hospitaller|Infirmary|Joinery|Monastery|Pilgrimage Site|Preceptory|Tiltyard,9,22
"KT/Morningstar+Crossbow/Tower/Leather (TY) [PrM, (EInd, EProw, SPie, NCun), Florentine, ImmU, Nimble, Rec 6, Shake+1]|M9",Knight Templar,Morningstar,Tower Shield,Leather,Crossbow,True,25,"Nimble,Immune Unwieldy,Immune Blocked,Resolute,Recover 6,Parry,Shake +1,Florentine",1400,,False,Abbey|Animal Husbandry|Blacksmith|Carpentry|Coliseum|Conditioning Field|Fletchery|Forge|Furnace|Hospitaller|Joinery|Monastery|Pilgrimage Site|Preceptory|Tannery|Tiltyard,9,22
"KT/ShortSword+HuntBow/Kite/Cloth (TY) [PrM, (RInd, EProw, SPie, NCun), Florentine, ImmU, Nimble, Rec 6, Shake+1]|M9",Knight Templar,Short Sword,Kite Shield,Cloth,Hunting Bow,True,25,"Nimble,Immune Unwieldy,Immune Blocked,Resolute,Recover 6,Parry,Shake +1,Florentine",1200,,False,Abbey|Armory|Blacksmith|Carpentry|Coliseum|Conditioning Field|Fletchery|Furnace|Hospitaller|Joinery|Monastery|Pilgrimage Site|Preceptory|Tannery|Tiltyard,9,19
"KT/Arming/Tower/FullPlate [PrM, (EInd, EProw, SPie, NCun), Nimble, Rec 6, Recover 8, Shake+1, Temp]|M9",Knight Templar,Arming Sword,Tower Shield,Full Plate,,False,25,"Nimble,Recover 8,Immune Blocked,Resolute,Recover 6,Parry,Tempered,Shake +1",1400,,False,Abbey|Animal Husbandry|Apothecary|Armory|Blacksmith|Carpentry|Conditioning Field|Forge|Furnace|Gilded Foundry|Herb Garden|Hospitaller|Joinery|Monastery|Pilgrimage Site|Preceptory|Tannery,9,22
"KT/Arming+Crossbow/FullPlate (TY) [PrM, (EInd, EProw, SPie, NCun), Florentine, ImmU, Nimble, Rec 6, Shake+1, Temp]|M9",Knight Templar,Arming Sword,,Full Plate,Crossbow,True,25,"Nimble,Immune Unwieldy,Immune Blocked,Resolute,Recover 6,Parry,Tempered,Shake +1,Florentine",1400,,False,Abbey|Animal Husbandry|Armory|Blacksmith|Carpentry|Coliseum|Conditioning Field|Fletchery|Forge|Furnace|Gilded Foundry|Hospitaller|Monastery|Pilgrimage Site|Preceptory|Tannery|Tiltyard,9,22
"KT/Flail+Crossbow/Chain (TY) [PrM, (EInd, EProw, SPie, NCun), Florentine, ImmU, Nimble, Rec 6, Shake+1]|M9",Knight Templar,Flail,,Chainmail,Crossbow,True,25,"Nimble,Immune Unwieldy,Immune Blocked,Resolute,Recover 6,Parry,Shake +1,Florentine",1400,,False,Abbey|Animal Husbandry|Armory|Blacksmith|Carpentry|Coliseum|Conditioning Field|Fletchery|Forge|Furnace|Hospitaller|Monastery|Pilgrimage Site|Preceptory|Tannery|Tiltyard,9,22
"KT/Spears/Targe/Cloth [PrM, (EInd, EProw, SPie, NCun), Enduring, Nimble, Rec 6, Recover 7, Recover 8, Serr, Shake+1]|M9",Knight Templar,Spears,Targe Shield,Cloth,,False,25,"Enduring,Nimble,Recover 8,Serrated,Immune Blocked,Recover 7,Resolute,Recover 6,Parry,Shake +1",1500,,False,Abbey|Alchemy|Apothecary|Blacksmith|Carpentry|Conditioning Field|Furnace|Herb Garden|Hospitaller|Infirmary|Joinery|Master Workshop|Monastery|Pilgrimage Site|Preceptory|Stable,9,22
"KT/ShortSword/Kite/Chain [PrM, (RInd, EProw, SPie, NCun), Nimble, Rec 6, Recover 8, Shake+1]|M9",Knight Templar,Short Sword,Kite Shield,Chainmail,,False,25,"Nimble,Recover 6,Recover 8,Parry,Immune Blocked,Shake +1,Resolute",1400,,False,Abbey|Animal Husbandry|Apothecary|Armory|Blacksmith|Carpentry|Conditioning Field|Furnace|Herb Garden|Hospitaller|Joinery|Monastery|Pilgrimage Site|Preceptory|Tannery,9,19
"KT/Flail+HuntBow/Kite/FullPlate (TY) [PrM, (EInd, EProw, SPie, NCun), Florentine, ImmU, Nimble, Parry +1, Rec 6, Riposte, Shake+1, Temp]|M9",Knight Templar,Flail,Kite Shield,Full Plate,Hunting Bow,True,25,"Parry +1,Nimble,Immune Unwieldy,Immune Blocked,Resolute,Recover 6,Parry,Tempered,Riposte,Shake +1,Florentine",1200,,False,Abbey|Animal Husbandry|Armory|Blacksmith|Carpentry|Coliseum|Conditioning Field|Fletchery|Furnace|Gilded Foundry|Grand Tournament|Hospitaller|Joinery|Monastery|Pilgrimage Site|Preceptory|Tannery|Tiltyard,9,22
"KT/Daggers+Crossbow/FullPlate (TY) [PrM, (EInd, EProw, SPie, NCun), Florentine, ImmU, Nimble, Rec 6, Shake+1, Temp]|M9",Knight Templar,Daggers,,Full Plate,Crossbow,True,25,"Nimble,Immune Unwieldy,Immune Blocked,Resolute,Recover 6,Parry,Tempered,Shake +1,Florentine",1400,,False,Abbey|Animal Husbandry|Armory|Blacksmith|Carpentry|Coliseum|Conditioning Field|Fletchery|Forge|Furnace|Gilded Foundry|Hospitaller|Monastery|Pilgrimage Site|Preceptory|Tannery|Tiltyard,9,22
"KT/Morningstar+Javelin/Tower/Chain (TY) [PrM, (EInd, EProw, SPie, NCun), Florentine, ImmU, Nimble, Rec 6, Shake+1]|M9",Knight Templar,Morningstar,Tower Shield,Chainmail,Javelin,True,25,"Nimble,Immune Unwieldy,Immune Blocked,Resolute,Recover 6,Parry,Shake +1,Florentine",1200,,False,Abbey|Animal Husbandry|Armory|Blacksmith|Carpentry|Coliseum|Conditioning Field|Fletchery|Forge|Furnace|Hospitaller|Joinery|Monastery|Pilgrimage Site|Preceptory|Tannery|Tiltyard,9,22
"KT/Flail/Kite/Leather [PrM, OuInPoI, (RInd, EProw, SPie, SCun), Rec 6, Recover 8, Shake+1]|M9",Knight Templar,Flail,Kite Shield,Leather,,False,25,"Recover 8,Immune Blocked,Resolute,Outrider: once,confers:Strain,Recover 6,Parry,confers:Blocked,Shake +1",1400,,False,Abbey|Animal Husbandry|Apothecary|Armory|Blacksmith|Carpentry|Furnace|Herb Garden|Hospitaller|Joinery|Monastery|Outrider Intercept Post|Pilgrimage Site|Preceptory|Tannery,9,29
"KT/Lance/Kite/Leather [RoPaM, PrM, (EInd, SProw, SPie, NCun), Enduring, Parry +1, Rec 6, Recover 7, Recover 8, Shake+1]|M9",Knight Templar,Lance,Kite Shield,Leather,,False,25,"Enduring,Parry +1,Recover 8,Immune Blocked,Recover 7,Immune Strain,Resolute,Recover 6,Parry,Drilled,Shake +1",1300,,False,Abbey|Alchemy|Animal Husbandry|Apothecary|Armory|Blacksmith|Carpentry|Forge|Furnace|Grand Tournament|Herb Garden|Hospitaller|Infirmary|Joinery|Monastery|Pilgrimage Site|Preceptory|Royal Pavilion|Tannery|Tiltyard,9,26
"KT/Spears/Kite/FullPlate [PrM, (EInd, EProw, SPie, NCun), Nimble, Rec 6, Recover 8, Shake+1, Temp]|M9",Knight Templar,Spears,Kite Shield,Full Plate,,False,25,"Nimble,Recover 8,Immune Blocked,Resolute,Recover 6,Parry,Tempered,Shake +1",1400,,False,Abbey|Animal Husbandry|Apothecary|Armory|Blacksmith|Carpentry|Conditioning Field|Furnace|Gilded Foundry|Herb Garden|Hospitaller|Joinery|Monastery|Pilgrimage Site|Preceptory|Tannery,9,22
"KT/WarHammer+HuntBow/Cloth (TY) [PrM, (EInd, EProw, SPie, NCun), Enduring, Florentine, ImmU, Nimble, Rec 6, Recover 7, Recover 8, Shake+1]|M9",Knight Templar,War Hammer,,Cloth,Hunting Bow,True,25,"Enduring,Nimble,Immune Unwieldy,Recover 8,Immune Blocked,Recover 7,Resolute,Recover 6,Parry,Shake +1,Florentine",1700,,False,Abbey|Alchemy|Apothecary|Blacksmith|Carpentry|Coliseum|Conditioning Field|Fletchery|Forge|Furnace|Herb Garden|Hospitaller|Infirmary|Monastery|Pilgrimage Site|Preceptory|Tiltyard,9,22
"KT/BattleAxe/Cloth [PrM, (RInd, EProw, SPie, NCun), Enduring, Nimble, Rec 6, Recover 7, Recover 8, Shake+1]|M9",Knight Templar,Battle Axe,,Cloth,,False,25,"Enduring,Nimble,Recover 8,Immune Blocked,Recover 7,Resolute,Recover 6,Parry,Shake +1",1200,,False,Abbey|Alchemy|Animal Husbandry|Apothecary|Blacksmith|Butchery|Conditioning Field|Furnace|Herb Garden|Hospitaller|Infirmary|Monastery|Pilgrimage Site|Preceptory|Stable|Tannery,9,19
"KT/Longbow/Leather [PrM, (NInd, EProw, SPie, NCun), Florentine, ImmU, Nimble, Rec 6, Shake+1]|M9",Knight Templar,Farm Tools,,Leather,Longbow,True,25,"Nimble,Immune Unwieldy,Immune Blocked,Resolute,Recover 6,Parry,Shake +1,Florentine",1600,,False,Abbey|Animal Husbandry|Carpentry|Coliseum|Conditioning Field|Fletchery|Furnace|Hospitaller|Monastery|Pilgrimage Site|Preceptory|Tannery|Tiltyard,9,16
"KT/Spears+Crossbow/Tower/Cloth (TY) [PrM, MiMiStI, (EInd, SProw, SPie, NCun), Florentine, ImmU, Nimble, Rec 6, Shake+1]|M9",Knight Templar,Spears,Tower Shield,Cloth,Crossbow,True,25,"Nimble,Immune Unwieldy,Immune Blocked,MaxInit3,Resolute,Recover 6,Seize: first,Parry,Init +1,Shake +1,Florentine",1600,,False,Abbey|Blacksmith|Carpentry|Coliseum|Conditioning Field|Fletchery|Forge|Furnace|Hospitaller|Joinery|Ministry of Military Strategy|Monastery|Pilgrimage Site|Preceptory|Tiltyard,9,26
"KT/Spears+Javelin/Tower/Leather (TY) [PrM, (EInd, EProw, SPie, NCun), Florentine, ImmU, Nimble, Rec 6, Shake+1]|M9",Knight Templar,Spears,Tower Shield,Leather,Javelin,True,25,"Nimble,Immune Unwieldy,Immune Blocked,Resolute,Recover 6,Parry,Shake +1,Florentine",1400,,False,Abbey|Animal Husbandry|Blacksmith|Carpentry|Coliseum|Conditioning Field|Fletchery|Forge|Furnace|Hospitaller|Joinery|Monastery|Pilgrimage Site|Preceptory|Tannery|Tiltyard,9,22
"KT/2HBastard/Gothic [ABFM, PrM, (SInd, EProw, SPie, NCun), Enduring, Nimble, Rec 6, Recover 7, Recover 8, Serr, Shake+1, Temp]|M9",Knight Templar,2HBastard,,Gothic Plate,,False,25,"Enduring,ABF,Nimble,Recover 8,Serrated,Immune Blocked,Recover 7,Resolute,Recover 6,Parry,Tempered,Shake +1",800,,False,ABF|Abbey|Alchemy|Animal Husbandry|Apothecary|Armory|Blacksmith|Conditioning Field|Forge|Furnace|Gilded Foundry|Herb Garden|Hospitaller|Infirmary|Master Workshop|Monastery|Pilgrimage Site|Preceptory|Stable|Tannery,9,26
"KT/Morningstar/Heater/Leather [ABFM, PrM, (SInd, EProw, SPie, NCun), Nimble, Rec 6, Serr, Shake+1, Temp]|M9",Knight Templar,Morningstar,Heater Shield,Leather,,False,25,"ABF,Nimble,Serrated,Immune Blocked,Resolute,Recover 6,Parry,Tempered,Shake +1",700,,False,ABF|Abbey|Animal Husbandry|Armory|Blacksmith|Carpentry|Conditioning Field|Forge|Furnace|Gilded Foundry|Hospitaller|Joinery|Master Workshop|Monastery|Pilgrimage Site|Preceptory|Stable|Tannery,9,26
"KT/2HBastard+HuntBow/Cloth (TY) [RoPaI, PrM, (EInd, SProw, SPie, NCun), Florentine, ImmU, Nimble, Rec 6, Shake+1]|M9",Knight Templar,2HBastard,,Cloth,Hunting Bow,True,25,"Nimble,Immune Unwieldy,Immune Blocked,Immune Strain,Resolute,Recover 6,Parry,Shake +1,Florentine",1800,,False,Abbey|Blacksmith|Carpentry|Coliseum|Conditioning Field|Fletchery|Forge|Furnace|Hospitaller|Monastery|Pilgrimage Site|Preceptory|Royal Pavilion|Tiltyard,9,26
"KT/Javelin/Chain [PrM, (RInd, EProw, SPie, NCun), Florentine, ImmU, Nimble, Rec 6, Shake+1]|M9",Knight Templar,Farm Tools,,Chainmail,Javelin,True,25,"Nimble,Immune Unwieldy,Immune Blocked,Resolute,Recover 6,Parry,Shake +1,Florentine",1400,,False,Abbey|Animal Husbandry|Armory|Blacksmith|Carpentry|Coliseum|Conditioning Field|Fletchery|Furnace|Hospitaller|Monastery|Pilgrimage Site|Preceptory|Tannery|Tiltyard,9,19
"KT/Cavalry Spear/Buckler/Chain [PrM, (RInd, EProw, SPie, NCun), Nimble, Rec 6, Recover 8, Shake+1]|M9",Knight Templar,Cavalry Spear,Buckler Shield,Chainmail,,False,25,"Nimble,Recover 6,Recover 8,Parry,Immune Blocked,Shake +1,Resolute",1400,,False,Abbey|Animal Husbandry|Apothecary|Armory|Blacksmith|Carpentry|Conditioning Field|Furnace|Herb Garden|Hospitaller|Joinery|Monastery|Pilgrimage Site|Preceptory|Tannery,9,19
"KT/WarHammer+HuntBow/Leather (TY) [PrM, (EInd, EProw, SPie, NCun), Florentine, ImmU, Nimble, Rec 6, Shake+1]|M9",Knight Templar,War Hammer,,Leather,Hunting Bow,True,25,"Nimble,Immune Unwieldy,Immune Blocked,Resolute,Recover 6,Parry,Shake +1,Florentine",1600,,False,Abbey|Animal Husbandry|Blacksmith|Carpentry|Coliseum|Conditioning Field|Fletchery|Forge|Furnace|Hospitaller|Monastery|Pilgrimage Site|Preceptory|Tannery|Tiltyard,9,22
"KT/BattleAxe/Chain [PrM, MiMiStI, (RInd, SProw, SPie, NCun), Enduring, Rec 6, Recover 7, Recover 8, Shake+1]|M9",Knight Templar,Battle Axe,,Chainmail,,False,25,"Enduring,Recover 8,Immune Blocked,MaxInit3,Recover 7,Resolute,Recover 6,Seize: first,Parry,Init +1,Shake +1",1000,,False,Abbey|Alchemy|Animal Husbandry|Apothecary|Armory|Blacksmith|Butchery|Furnace|Herb Garden|Hospitaller|Infirmary|Ministry of Military Strategy|Monastery|Pilgrimage Site|Preceptory|Stable|Tannery,9,23
"KT/Spears/Tower/Chain [PrM, (EInd, EProw, SPie, NCun), Nimble, Rec 6, Recover 8, Shake+1]|M9",Knight Templar,Spears,Tower Shield,Chainmail,,False,25,"Nimble,Recover 6,Recover 8,Parry,Immune Blocked,Shake +1,Resolute",1400,,False,Abbey|Animal Husbandry|Apothecary|Armory|Blacksmith|Carpentry|Conditioning Field|Forge|Furnace|Herb Garden|Hospitaller|Joinery|Monastery|Pilgrimage Site|Preceptory|Tannery,9,22
"KT/ShortSword/Targe/Chain [PrM, (RInd, EProw, SPie, NCun), Nimble, Rec 6, Recover 8, Shake+1]|M9",Knight Templar,Short Sword,Targe Shield,Chainmail,,False,25,"Nimble,Recover 6,Recover 8,Parry,Immune Blocked,Shake +1,Resolute",1400,,False,Abbey|Animal Husbandry|Apothecary|Armory|Blacksmith|Carpentry|Conditioning Field|Furnace|Herb Garden|Hospitaller|Joinery|Monastery|Pilgrimage Site|Preceptory|Tannery,9,19
"KT/Spears+Longbow/Targe/Leather (TY) [PrM, (RInd, EProw, SPie, NCun), Florentine, ImmU, Nimble, Rec 6, Shake+1]|M9",Knight Templar,Spears,Targe Shield,Leather,Longbow,True,25,"Nimble,Immune Unwieldy,Immune Blocked,Resolute,Recover 6,Parry,Shake +1,Florentine",1400,,False,Abbey|Animal Husbandry|Blacksmith|Carpentry|Coliseum|Conditioning Field|Fletchery|Furnace|Hospitaller|Joinery|Monastery|Pilgrimage Site|Preceptory|Tannery|Tiltyard,9,19
"KT/ShortSword/Tower/Leather [PrM, (EInd, EProw, SPie, NCun), Nimble, Rec 6, Recover 8, Shake+1]|M9",Knight Templar,Short Sword,Tower Shield,Leather,,False,25,"Nimble,Recover 6,Recover 8,Parry,Immune Blocked,Shake +1,Resolute",1600,,False,Abbey|Animal Husbandry|Apothecary|Blacksmith|Carpentry|Conditioning Field|Forge|Furnace|Herb Garden|Hospitaller|Joinery|Monastery|Pilgrimage Site|Preceptory|Tannery,9,22
"KT/FarmTools/Buckler/Cloth [PrM, (RInd, EProw, SPie, RCun), Enduring, Nimble, Poison, Rec 6, Recover 7, Recover 8, Shake+1]|M9",Knight Templar,Farm Tools,Buckler Shield,Cloth,,False,25,"Enduring,Nimble,Recover 8,Immune Blocked,Recover 7,Resolute,Poison,Recover 6,Parry,Shake +1",1600,,False,Abbey|Academy|Alchemy|Apothecary|Carpentry|Conditioning Field|Herb Garden|Hospitaller|Infirmary|Joinery|Monastery|Pilgrimage Site|Preceptory|Stable|Toxicarium,9,22
"KT/Spears+HuntBow/Tower/Leather (TY) [PrM, (EInd, EProw, SPie, NCun), Florentine, ImmU, Nimble, Parry +1, Rec 6, Riposte, Shake+1]|M9",Knight Templar,Spears,Tower Shield,Leather,Hunting Bow,True,25,"Parry +1,Nimble,Immune Unwieldy,Immune Blocked,Resolute,Recover 6,Parry,Riposte,Shake +1,Florentine",1400,,False,Abbey|Animal Husbandry|Blacksmith|Carpentry|Coliseum|Conditioning Field|Fletchery|Forge|Furnace|Grand Tournament|Hospitaller|Joinery|Monastery|Pilgrimage Site|Preceptory|Tannery|Tiltyard,9,22
"KT/Arming+Javelin/Tower/FullPlate (TY) [PrM, (EInd, EProw, SPie, NCun), Florentine, ImmU, Nimble, Parry +1, Rec 6, Riposte, Shake+1, Temp]|M9",Knight Templar,Arming Sword,Tower Shield,Full Plate,Javelin,True,25,"Parry +1,Nimble,Immune Unwieldy,Immune Blocked,Resolute,Recover 6,Parry,Tempered,Riposte,Shake +1,Florentine",1200,,False,Abbey|Animal Husbandry|Armory|Blacksmith|Carpentry|Coliseum|Conditioning Field|Fletchery|Forge|Furnace|Gilded Foundry|Grand Tournament|Hospitaller|Joinery|Monastery|Pilgrimage Site|Preceptory|Tannery|Tiltyard,9,22
"KT/Pike+Crossbow/Chain (TY) [RoPaM, PrM, (EInd, SProw, SPie, NCun), Enduring, Florentine, ImmU, Nimble, Parry +1, Rec 6, Recover 7, Recover 8, Riposte, Shake+1]|M10",Knight Templar,Pike,,Chainmail,Crossbow,True,25,"Enduring,Parry +1,Nimble,Immune Unwieldy,Recover 8,Immune Blocked,Recover 7,Immune Strain,Resolute,Recover 6,Parry,Drilled,Riposte,Shake +1,Florentine",1300,,False,Abbey|Alchemy|Animal Husbandry|Apothecary|Armory|Blacksmith|Carpentry|Coliseum|Conditioning Field|Fletchery|Forge|Furnace|Grand Tournament|Herb Garden|Hospitaller|Infirmary|Monastery|Pilgrimage Site|Preceptory|Royal Pavilion|Tannery|Tiltyard,10,26
"KT/Spears/Tower/Cloth [PrM, (EInd, EProw, SPie, NCun), Enduring, Nimble, Rec 6, Recover 7, Recover 8, Shake+1]|M10",Knight Templar,Spears,Tower Shield,Cloth,,False,25,"Enduring,Nimble,Recover 8,Immune Blocked,Recover 7,Resolute,Recover 6,Parry,Shake +1",800,,False,Abbey|Alchemy|Animal Husbandry|Apothecary|Blacksmith|Butchery|Carpentry|Conditioning Field|Forge|Furnace|Herb Garden|Hospitaller|Infirmary|Joinery|Monastery|Pilgrimage Site|Preceptory|Smokehouse|Tannery,10,22
"KT/ShortSword+Longbow/Kite/Cloth (TY) [PrM, (RInd, EProw, SPie, NCun), Enduring, Florentine, ImmU, Nimble, Rec 6, Recover 7, Recover 8, Shake+1]|M10",Knight Templar,Short Sword,Kite Shield,Cloth,Longbow,True,25,"Enduring,Nimble,Immune Unwieldy,Recover 8,Immune Blocked,Recover 7,Resolute,Recover 6,Parry,Shake +1,Florentine",1100,,False,Abbey|Alchemy|Apothecary|Armory|Blacksmith|Carpentry|Coliseum|Conditioning Field|Fletchery|Furnace|Herb Garden|Hospitaller|Infirmary|Joinery|Monastery|Pilgrimage Site|Preceptory|Tannery|Tiltyard,10,19
"KT/Cavalry Spear/Buckler/Chain [PrM, (EInd, EProw, SPie, NCun), Enduring, Nimble, Rec 6, Recover 7, Recover 8, Serr, Shake+1]|M10",Knight Templar,Cavalry Spear,Buckler Shield,Chainmail,,False,25,"Enduring,Nimble,Recover 8,Serrated,Immune Blocked,Recover 7,Resolute,Recover 6,Parry,Shake +1",1100,,False,Abbey|Alchemy|Animal Husbandry|Apothecary|Armory|Blacksmith|Carpentry|Conditioning Field|Furnace|Herb Garden|Hospitaller|Infirmary|Joinery|Master Workshop|Monastery|Pilgrimage Site|Preceptory|Stable|Tannery,10,22
"KT/Flail+Javelin/Kite/FullPlate (TY) [RoPaM, PrM, (EInd, SProw, SPie, NCun), Enduring, Florentine, ImmU, Nimble, Parry +1, Rec 6, Recover 7, Recover 8, Riposte, Shake+1, Temp]|M10",Knight Templar,Flail,Kite Shield,Full Plate,Javelin,True,25,"Enduring,Parry +1,Immune Unwieldy,Recover 8,Immune Blocked,Recover 7,Immune Strain,Parry,Florentine,Nimble,Resolute,Recover 6,Tempered,Drilled,Riposte,Shake +1",1100,,False,Abbey|Alchemy|Animal Husbandry|Apothecary|Armory|Blacksmith|Carpentry|Coliseum|Conditioning Field|Fletchery|Furnace|Gilded Foundry|Grand Tournament|Herb Garden|Hospitaller|Infirmary|Joinery|Monastery|Pilgrimage Site|Preceptory|Royal Pavilion|Tannery|Tiltyard,10,26
"KT/Cavalry Spear/Targe/FullPlate [PrM, MiMiStM, (EInd, SProw, SPie, NCun), Rec 6, Recover 8, Shake+1, Temp]|M10",Knight Templar,Cavalry Spear,Targe Shield,Full Plate,,False,25,"Parry +1,Recover 8,Immune Blocked,MaxInit3,Resolute,Init +1,Recover 6,Seize: first,Tempered,Parry,Crit 8,Shake +1",1400,,False,Abbey|Animal Husbandry|Apothecary|Armory|Blacksmith|Carpentry|Furnace|Gilded Foundry|Herb Garden|Hospitaller|Joinery|Ministry of Military Strategy|Monastery|Pilgrimage Site|Preceptory|Tannery|University|War College,10,26
"KT/FarmTools/Heater/Chain [ABFM, PrM, (SInd, EProw, SPie, NCun), Nimble, Rec 6, Serr, Shake+1, Temp]|M10",Knight Templar,Farm Tools,Heater Shield,Chainmail,,False,25,"ABF,Nimble,Serrated,Immune Blocked,Resolute,Recover 6,Parry,Tempered,Shake +1",700,,False,ABF|Abbey|Animal Husbandry|Armory|Blacksmith|Carpentry|Conditioning Field|Furnace|Gilded Foundry|Hospitaller|Joinery|Master Workshop|Monastery|Pilgrimage Site|Preceptory|Stable|Tannery,10,26
"KT/FarmTools/Heater/Cloth [ABFM, PrM, (SInd, EProw, SPie, NCun), Nimble, Rec 6, Serr, Shake+1, Temp]|M10",Knight Templar,Farm Tools,Heater Shield,Cloth,,False,25,"ABF,Nimble,Serrated,Immune Blocked,Resolute,Recover 6,Parry,Tempered,Shake +1",700,,False,ABF|Abbey|Armory|Blacksmith|Carpentry|Conditioning Field|Furnace|Gilded Foundry|Hospitaller|Joinery|Master Workshop|Monastery|Pilgrimage Site|Preceptory|Stable|Tannery,10,26
"KT/2HBastard+Longbow/Cloth (TY) [PrM, (EInd, EProw, SPie, NCun), Florentine, ImmU, Nimble, Parry +1, Rec 6, Recover 8, Riposte, Shake+1]|M10",Knight Templar,2HBastard,,Cloth,Longbow,True,25,"Parry +1,Nimble,Immune Unwieldy,Recover 8,Immune Blocked,Resolute,Recover 6,Parry,Riposte,Shake +1,Florentine",1800,,False,Abbey|Apothecary|Blacksmith|Carpentry|Coliseum|Conditioning Field|Fletchery|Forge|Furnace|Grand Tournament|Herb Garden|Hospitaller|Monastery|Pilgrimage Site|Preceptory|Tiltyard,10,22
"KT/Spears+Longbow/Kite/FullPlate (TY) [PrM, (EInd, EProw, SPie, NCun), Enduring, Florentine, ImmU, Nimble, Rec 6, Recover 7, Recover 8, Shake+1, Temp]|M10",Knight Templar,Spears,Kite Shield,Full Plate,Longbow,True,25,"Enduring,Nimble,Immune Unwieldy,Recover 8,Immune Blocked,Recover 7,Resolute,Recover 6,Parry,Tempered,Shake +1,Florentine",1100,,False,Abbey|Alchemy|Animal Husbandry|Apothecary|Armory|Blacksmith|Carpentry|Coliseum|Conditioning Field|Fletchery|Furnace|Gilded Foundry|Herb Garden|Hospitaller|Infirmary|Joinery|Monastery|Pilgrimage Site|Preceptory|Tannery|Tiltyard,10,22
"KT/FarmTools/Chain [PrM, (RInd, EProw, SPie, RCun), Enduring, Nimble, Poison, Rec 6, Recover 7, Recover 8, Shake+1]|M10",Knight Templar,Farm Tools,,Chainmail,,False,25,"Enduring,Nimble,Recover 8,Immune Blocked,Recover 7,Resolute,Poison,Recover 6,Parry,Shake +1",900,,False,Abbey|Academy|Alchemy|Animal Husbandry|Apothecary|Armory|Blacksmith|Butchery|Conditioning Field|Furnace|Herb Garden|Hospitaller|Infirmary|Monastery|Pilgrimage Site|Preceptory|Tannery|Toxicarium,10,22
"KT/Pike+Javelin/Leather (TY) [PrM, (RInd, EProw, SPie, NCun), Enduring, Florentine, ImmU, Nimble, Rec 6, Recover 7, Recover 8, Shake+1]|M10",Knight Templar,Pike,,Leather,Javelin,True,25,"Enduring,Nimble,Immune Unwieldy,Recover 8,Immune Blocked,Recover 7,Resolute,Recover 6,Parry,Shake +1,Florentine",1500,,False,Abbey|Alchemy|Animal Husbandry|Apothecary|Blacksmith|Carpentry|Coliseum|Conditioning Field|Fletchery|Furnace|Herb Garden|Hospitaller|Infirmary|Monastery|Pilgrimage Site|Preceptory|Tannery|Tiltyard,10,19
"KT/Flail/Heater/Gothic [ABFM, PrM, (SInd, EProw, SPie, NCun), Nimble, Rec 6, Serr, Shake+1, Temp]|M10",Knight Templar,Flail,Heater Shield,Gothic Plate,,False,25,"ABF,Nimble,Serrated,Immune Blocked,Resolute,Recover 6,Parry,Tempered,Shake +1",700,,False,ABF|Abbey|Animal Husbandry|Armory|Blacksmith|Carpentry|Conditioning Field|Furnace|Gilded Foundry|Hospitaller|Joinery|Master Workshop|Monastery|Pilgrimage Site|Preceptory|Stable|Tannery,10,26
"KT/Cudgel+HuntBow/Leather (TY) [PrM, (NInd, EProw, SPie, NCun), Florentine, ImmU, Nimble, Parry +1, Rec 6, Recover 8, Riposte, Shake+1]|M10",Knight Templar,Cudgel,,Leather,Hunting Bow,True,25,"Parry +1,Nimble,Immune Unwieldy,Recover 8,Immune Blocked,Resolute,Recover 6,Parry,Riposte,Shake +1,Florentine",1600,,False,Abbey|Animal Husbandry|Apothecary|Carpentry|Coliseum|Conditioning Field|Fletchery|Grand Tournament|Herb Garden|Hospitaller|Monastery|Pilgrimage Site|Preceptory|Tannery|Tiltyard,10,16
"KT/Lance/Kite/Leather [PrM, (EInd, EProw, SPie, NCun), Enduring, Nimble, Rec 6, Recover 7, Recover 8, Serr, Shake+1]|M10",Knight Templar,Lance,Kite Shield,Leather,,False,25,"Enduring,Nimble,Recover 8,Serrated,Immune Blocked,Recover 7,Resolute,Recover 6,Parry,Shake +1",1100,,False,Abbey|Alchemy|Animal Husbandry|Apothecary|Armory|Blacksmith|Carpentry|Conditioning Field|Forge|Furnace|Herb Garden|Hospitaller|Infirmary|Joinery|Master Workshop|Monastery|Pilgrimage Site|Preceptory|Stable|Tannery,10,22
"KT/Flail+Longbow/Kite/Leather (TY) [PrM, (RInd, EProw, SPie, NCun), Enduring, Florentine, ImmU, Nimble, Rec 6, Recover 7, Recover 8, Shake+1]|M10",Knight Templar,Flail,Kite Shield,Leather,Longbow,True,25,"Enduring,Nimble,Immune Unwieldy,Recover 8,Immune Blocked,Recover 7,Resolute,Recover 6,Parry,Shake +1,Florentine",1100,,False,Abbey|Alchemy|Animal Husbandry|Apothecary|Armory|Blacksmith|Carpentry|Coliseum|Conditioning Field|Fletchery|Furnace|Herb Garden|Hospitaller|Infirmary|Joinery|Monastery|Pilgrimage Site|Preceptory|Tannery|Tiltyard,10,19
"KT/ShortSword/Targe/Leather [PrM, (RInd, EProw, SPie, NCun), Enduring, Nimble, Rec 6, Recover 7, Recover 8, Shake+1]|M10",Knight Templar,Short Sword,Targe Shield,Leather,,False,25,"Enduring,Nimble,Recover 8,Immune Blocked,Recover 7,Resolute,Recover 6,Parry,Shake +1",800,,False,Abbey|Alchemy|Animal Husbandry|Apothecary|Blacksmith|Butchery|Carpentry|Conditioning Field|Furnace|Herb Garden|Hospitaller|Infirmary|Joinery|Monastery|Pilgrimage Site|Preceptory|Smokehouse|Tannery,10,19
"KT/Cudgel+Longbow/Leather (TY) [PrM, (NInd, EProw, SPie, NCun), Enduring, Florentine, ImmU, Nimble, Rec 6, Recover 7, Recover 8, Shake+1]|M10",Knight Templar,Cudgel,,Leather,Longbow,True,25,"Enduring,Nimble,Immune Unwieldy,Recover 8,Immune Blocked,Recover 7,Resolute,Recover 6,Parry,Shake +1,Florentine",1500,,False,Abbey|Alchemy|Animal Husbandry|Apothecary|Carpentry|Coliseum|Conditioning Field|Fletchery|Furnace|Herb Garden|Hospitaller|Infirmary|Monastery|Pilgrimage Site|Preceptory|Tannery|Tiltyard,10,16
"KT/Halberd+Longbow/Cloth (TY) [PrM, (RInd, EProw, SPie, NCun), Florentine, ImmU, Nimble, Rec 6, Recover 8, Shake+1]|M10",Knight Templar,Halberd,,Cloth,Longbow,True,25,"Nimble,Immune Unwieldy,Recover 8,Immune Blocked,Resolute,Recover 6,Parry,Shake +1,Florentine",1800,,False,Abbey|Apothecary|Blacksmith|Carpentry|Coliseum|Conditioning Field|Fletchery|Furnace|Herb Garden|Hospitaller|Monastery|Pilgrimage Site|Preceptory|Tiltyard,10,19
"KT/WarHammer+Longbow/Cloth (TY) [PrM, (EInd, EProw, SPie, NCun), Florentine, ImmU, Nimble, Rec 6, Recover 8, Shake+1]|M10",Knight Templar,War Hammer,,Cloth,Longbow,True,25,"Nimble,Immune Unwieldy,Recover 8,Immune Blocked,Resolute,Recover 6,Parry,Shake +1,Florentine",1800,,False,Abbey|Apothecary|Blacksmith|Carpentry|Coliseum|Conditioning Field|Fletchery|Forge|Furnace|Herb Garden|Hospitaller|Monastery|Pilgrimage Site|Preceptory|Tiltyard,10,22
"KT/Spears+HuntBow/Tower/Leather (TY) [PrM, (EInd, EProw, SPie, NCun), Enduring, Florentine, ImmU, Nimble, Rec 6, Recover 7, Recover 8, Shake+1]|M10",Knight Templar,Spears,Tower Shield,Leather,Hunting Bow,True,25,"Enduring,Nimble,Immune Unwieldy,Recover 8,Immune Blocked,Recover 7,Resolute,Recover 6,Parry,Shake +1,Florentine",1300,,False,Abbey|Alchemy|Animal Husbandry|Apothecary|Blacksmith|Carpentry|Coliseum|Conditioning Field|Fletchery|Forge|Furnace|Herb Garden|Hospitaller|Infirmary|Joinery|Monastery|Pilgrimage Site|Preceptory|Tannery|Tiltyard,10,22
"KT/Flail/Heater/Cloth [ABFM, PrM, (SInd, EProw, SPie, NCun), Nimble, Rec 6, Serr, Shake+1, Temp]|M10",Knight Templar,Flail,Heater Shield,Cloth,,False,25,"ABF,Nimble,Serrated,Immune Blocked,Resolute,Recover 6,Parry,Tempered,Shake +1",700,,False,ABF|Abbey|Armory|Blacksmith|Carpentry|Conditioning Field|Furnace|Gilded Foundry|Hospitaller|Joinery|Master Workshop|Monastery|Pilgrimage Site|Preceptory|Stable|Tannery,10,26
"KT/Arming+HuntBow/Tower/FullPlate (TY) [PrM, (EInd, EProw, SPie, NCun), Enduring, Florentine, ImmU, Nimble, Rec 6, Recover 7, Recover 8, Shake+1, Temp]|M10",Knight Templar,Arming Sword,Tower Shield,Full Plate,Hunting Bow,True,25,"Enduring,Nimble,Immune Unwieldy,Recover 8,Immune Blocked,Recover 7,Resolute,Recover 6,Parry,Tempered,Shake +1,Florentine",1100,,False,Abbey|Alchemy|Animal Husbandry|Apothecary|Armory|Blacksmith|Carpentry|Coliseum|Conditioning Field|Fletchery|Forge|Furnace|Gilded Foundry|Herb Garden|Hospitaller|Infirmary|Joinery|Monastery|Pilgrimage Site|Preceptory|Tannery|Tiltyard,10,22
"KT/2HBastard+Crossbow/FullPlate (TY) [PrM, (EInd, EProw, SPie, NCun), Enduring, Florentine, ImmU, Nimble, Rec 6, Recover 7, Recover 8, Shake+1, Temp]|M10",Knight Templar,2HBastard,,Full Plate,Crossbow,True,25,"Enduring,Nimble,Immune Unwieldy,Recover 8,Immune Blocked,Recover 7,Resolute,Recover 6,Parry,Tempered,Shake +1,Florentine",1300,,False,Abbey|Alchemy|Animal Husbandry|Apothecary|Armory|Blacksmith|Carpentry|Coliseum|Conditioning Field|Fletchery|Forge|Furnace|Gilded Foundry|Herb Garden|Hospitaller|Infirmary|Monastery|Pilgrimage Site|Preceptory|Tannery|Tiltyard,10,22
"KT/Spears/Tower/Chain [PrM, (EInd, EProw, SPie, NCun), Enduring, Nimble, Parry +1, Rec 6, Recover 7, Recover 8, Riposte, Shake+1]|M10",Knight Templar,Spears,Tower Shield,Chainmail,,False,25,"Enduring,Parry +1,Nimble,Recover 8,Immune Blocked,Recover 7,Resolute,Recover 6,Parry,Riposte,Shake +1",600,,False,Abbey|Alchemy|Animal Husbandry|Apothecary|Armory|Blacksmith|Butchery|Carpentry|Coliseum|Conditioning Field|Forge|Furnace|Grand Tournament|Herb Garden|Hospitaller|Infirmary|Joinery|Monastery|Pilgrimage Site|Preceptory|Smokehouse|Tannery,10,22
"KT/Flail+Javelin/Kite/FullPlate (TY) [PrM, (EInd, EProw, SPie, NCun), Enduring, Florentine, ImmU, Nimble, Rec 6, Recover 7, Recover 8, Shake+1, Temp]|M10",Knight Templar,Flail,Kite Shield,Full Plate,Javelin,True,25,"Enduring,Nimble,Immune Unwieldy,Recover 8,Immune Blocked,Recover 7,Resolute,Recover 6,Parry,Tempered,Shake +1,Florentine",1100,,False,Abbey|Alchemy|Animal Husbandry|Apothecary|Armory|Blacksmith|Carpentry|Coliseum|Conditioning Field|Fletchery|Furnace|Gilded Foundry|Herb Garden|Hospitaller|Infirmary|Joinery|Monastery|Pilgrimage Site|Preceptory|Tannery|Tiltyard,10,22
"KT/Flail/Kite/Leather [PrM, OuInPoI, (RInd, EProw, SPie, SCun), Enduring, Rec 6, Recover 7, Recover 8, Shake+1]|M10",Knight Templar,Flail,Kite Shield,Leather,,False,25,"Enduring,Recover 8,Immune Blocked,Recover 7,Resolute,Outrider: once,confers:Strain,Recover 6,Parry,confers:Blocked,Shake +1",800,,False,Abbey|Alchemy|Animal Husbandry|Apothecary|Armory|Blacksmith|Butchery|Carpentry|Furnace|Herb Garden|Hospitaller|Infirmary|Joinery|Monastery|Outrider Intercept Post|Pilgrimage Site|Preceptory|Stable|Tannery,10,29
"KT/ShortSword+Longbow/Tower/Chain (TY) [RoPaI, PrM, (EInd, SProw, SPie, NCun), Florentine, ImmU, Nimble, Rec 6, Shake+1]|M10",Knight Templar,Short Sword,Tower Shield,Chainmail,Longbow,True,25,"Nimble,Immune Unwieldy,Immune Blocked,Immune Strain,Resolute,Recover 6,Parry,Shake +1,Florentine",1200,,False,Abbey|Animal Husbandry|Armory|Blacksmith|Carpentry|Coliseum|Conditioning Field|Fletchery|Forge|Furnace|Hospitaller|Joinery|Monastery|Pilgrimage Site|Preceptory|Royal Pavilion|Tannery|Tiltyard,10,26
"KT/Lance/Heater/Gothic [ABFM, PrM, (SInd, EProw, SPie, NCun), Enduring, Nimble, Parry +1, Rec 6, Recover 7, Recover 8, Riposte, Serr, Shake+1, Temp]|M10",Knight Templar,Lance,Heater Shield,Gothic Plate,,False,25,"Enduring,ABF,Nimble,Parry +1,Recover 8,Serrated,Immune Blocked,Recover 7,Resolute,Recover 6,Parry,Tempered,Riposte,Shake +1",600,,False,ABF|Abbey|Alchemy|Animal Husbandry|Apothecary|Armory|Blacksmith|Carpentry|Coliseum|Conditioning Field|Forge|Furnace|Gilded Foundry|Grand Tournament|Herb Garden|Hospitaller|Infirmary|Joinery|Master Workshop|Monastery|Pilgrimage Site|Preceptory|Stable|Tannery,10,26
"KT/Pitchfork+Longbow/Cloth (TY) [PrM, (NInd, EProw, SPie, NCun), Florentine, ImmU, Nimble, Parry +1, Rec 6, Recover 8, Riposte, Shake+1]|M10",Knight Templar,Pitchfork,,Cloth,Longbow,True,25,"Parry +1,Nimble,Immune Unwieldy,Recover 8,Immune Blocked,Resolute,Recover 6,Parry,Riposte,Shake +1,Florentine",1800,,False,Abbey|Apothecary|Carpentry|Coliseum|Conditioning Field|Fletchery|Furnace|Grand Tournament|Herb Garden|Hospitaller|Monastery|Pilgrimage Site|Preceptory|Tiltyard,10,16
"KT/Flail/Tower/FullPlate [PrM, (EInd, EProw, SPie, RCun), Enduring, Nimble, Poison, Rec 6, Recover 7, Recover 8, Shake+1, Temp]|M10",Knight Templar,Flail,Tower Shield,Full Plate,,False,25,"Enduring,Nimble,Recover 8,Immune Blocked,Recover 7,Resolute,Poison,Recover 6,Parry,Tempered,Shake +1",1200,,False,Abbey|Academy|Alchemy|Animal Husbandry|Apothecary|Armory|Blacksmith|Carpentry|Conditioning Field|Forge|Furnace|Gilded Foundry|Herb Garden|Hospitaller|Infirmary|Joinery|Monastery|Pilgrimage Site|Preceptory|Tannery|Toxicarium,10,25
"KT/Pike/Chain [PrM, OuInPoM, (RInd, EProw, SPie, SCun), Rec 6, Recover 8, Shake+1]|M10",Knight Templar,Pike,,Chainmail,,False,25,"Recover 8,Immune Blocked,Resolute,confers:Strain,Recover 6,Parry,Outrider: every,confers:Blocked,Shake +1",1600,,False,Abbey|Animal Husbandry|Apothecary|Armory|Blacksmith|Caravanery|Cipher Chamber|Furnace|Herb Garden|Hospitaller|Monastery|Outrider Intercept Post|Pilgrimage Site|Preceptory|Tannery,10,29
"KT/Pitchfork+Crossbow/Chain (TY) [PrM, (EInd, EProw, SPie, NCun), Enduring, Florentine, ImmU, Nimble, Rec 6, Recover 7, Recover 8, Shake+1]|M10",Knight Templar,Pitchfork,,Chainmail,Crossbow,True,25,"Enduring,Nimble,Immune Unwieldy,Recover 8,Immune Blocked,Recover 7,Resolute,Recover 6,Parry,Shake +1,Florentine",1300,,False,Abbey|Alchemy|Animal Husbandry|Apothecary|Armory|Blacksmith|Carpentry|Coliseum|Conditioning Field|Fletchery|Forge|Furnace|Herb Garden|Hospitaller|Infirmary|Monastery|Pilgrimage Site|Preceptory|Tannery|Tiltyard,10,22
"KT/Lance/Buckler/Gothic [ABFM, PrM, (SInd, EProw, SPie, NCun), Enduring, Nimble, Rec 6, Recover 7, Recover 8, Serr, Shake+1, Temp]|M10",Knight Templar,Lance,Buckler Shield,Gothic Plate,,False,25,"Enduring,ABF,Nimble,Recover 8,Serrated,Immune Blocked,Recover 7,Resolute,Recover 6,Parry,Tempered,Shake +1",600,,False,ABF|Abbey|Alchemy|Animal Husbandry|Apothecary|Armory|Blacksmith|Carpentry|Conditioning Field|Forge|Furnace|Gilded Foundry|Herb Garden|Hospitaller|Infirmary|Joinery|Master Workshop|Monastery|Pilgrimage Site|Preceptory|Stable|Tannery,10,26
"KT/Pitchfork+Crossbow/Leather (TY) [PrM, (EInd, EProw, SPie, NCun), Enduring, Florentine, ImmU, Nimble, Parry +1, Rec 6, Recover 7, Recover 8, Riposte, Shake+1]|M10",Knight Templar,Pitchfork,,Leather,Crossbow,True,25,"Enduring,Parry +1,Nimble,Immune Unwieldy,Recover 8,Immune Blocked,Recover 7,Resolute,Recover 6,Parry,Riposte,Shake +1,Florentine",1500,,False,Abbey|Alchemy|Animal Husbandry|Apothecary|Blacksmith|Carpentry|Coliseum|Conditioning Field|Fletchery|Forge|Furnace|Grand Tournament|Herb Garden|Hospitaller|Infirmary|Monastery|Pilgrimage Site|Preceptory|Tannery|Tiltyard,10,22
"KT/Morningstar+Longbow/Tower/Chain (TY) [PrM, (EInd, EProw, SPie, NCun), Enduring, Florentine, ImmU, Nimble, Parry +1, Rec 6, Recover 7, Recover 8, Riposte, Shake+1]|M10",Knight Templar,Morningstar,Tower Shield,Chainmail,Longbow,True,25,"Enduring,Parry +1,Nimble,Immune Unwieldy,Recover 8,Immune Blocked,Recover 7,Resolute,Recover 6,Parry,Riposte,Shake +1,Florentine",1100,,False,Abbey|Alchemy|Animal Husbandry|Apothecary|Armory|Blacksmith|Carpentry|Coliseum|Conditioning Field|Fletchery|Forge|Furnace|Grand Tournament|Herb Garden|Hospitaller|Infirmary|Joinery|Monastery|Pilgrimage Site|Preceptory|Tannery|Tiltyard,10,22
"KT/Spears/Targe/FullPlate [PrM, (EInd, EProw, SPie, NCun), Enduring, Nimble, Rec 6, Recover 7, Recover 8, Shake+1, Temp]|M10",Knight Templar,Spears,Targe Shield,Full Plate,,False,25,"Enduring,Nimble,Recover 8,Immune Blocked,Recover 7,Resolute,Recover 6,Parry,Tempered,Shake +1",600,,False,Abbey|Alchemy|Animal Husbandry|Apothecary|Armory|Blacksmith|Butchery|Carpentry|Conditioning Field|Furnace|Gilded Foundry|Herb Garden|Hospitaller|Infirmary|Joinery|Monastery|Pilgrimage Site|Preceptory|Smokehouse|Tannery,10,22
"KT/Cavalry Spear/Heater/Cloth [ABFM, PrM, (SInd, EProw, SPie, NCun), Nimble, Rec 6, Serr, Shake+1, Temp]|M10",Knight Templar,Cavalry Spear,Heater Shield,Cloth,,False,25,"ABF,Nimble,Serrated,Immune Blocked,Resolute,Recover 6,Parry,Tempered,Shake +1",700,,False,ABF|Abbey|Armory|Blacksmith|Carpentry|Conditioning Field|Furnace|Gilded Foundry|Hospitaller|Joinery|Master Workshop|Monastery|Pilgrimage Site|Preceptory|Stable|Tannery,10,26
"KT/ShortSword+HuntBow/Kite/Chain (TY) [RoPaI, PrM, (RInd, SProw, SPie, NCun), Florentine, ImmU, Nimble, Rec 6, Shake+1]|M10",Knight Templar,Short Sword,Kite Shield,Chainmail,Hunting Bow,True,25,"Nimble,Immune Unwieldy,Immune Blocked,Immune Strain,Resolute,Recover 6,Parry,Shake +1,Florentine",1200,,False,Abbey|Animal Husbandry|Armory|Blacksmith|Carpentry|Coliseum|Conditioning Field|Fletchery|Furnace|Hospitaller|Joinery|Monastery|Pilgrimage Site|Preceptory|Royal Pavilion|Tannery|Tiltyard,10,23
"KT/Halberd+Longbow/Chain (TY) [PrM, OuInPoI, (RInd, EProw, SPie, SCun), Florentine, ImmU, Nimble, Rec 6, Shake+1]|M10",Knight Templar,Halberd,,Chainmail,Longbow,True,25,"Nimble,Immune Unwieldy,Immune Blocked,Resolute,Outrider: once,confers:Strain,Recover 6,Parry,confers:Blocked,Shake +1,Florentine",1400,,False,Abbey|Animal Husbandry|Armory|Blacksmith|Carpentry|Coliseum|Conditioning Field|Fletchery|Furnace|Hospitaller|Monastery|Outrider Intercept Post|Pilgrimage Site|Preceptory|Tannery|Tiltyard,10,29
"KT/Spears/FullPlate (DW) [PrM, (EInd, EProw, SPie, NCun), DW, Enduring, Florentine, ImmU, Nimble, Rec 6, Recover 7, Recover 8, Shake+1, Temp]|M10",Knight Templar,Spears,,Full Plate,,True,25,"Enduring,Nimble,Immune Unwieldy,Recover 8,Immune Blocked,Recover 7,Resolute,Recover 6,Parry,Tempered,Dual Wield,Shake +1,Florentine",1500,,False,Abbey|Alchemy|Animal Husbandry|Apothecary|Armory|Blacksmith|Carpentry|Coliseum|Conditioning Field|Fletchery|Furnace|Gilded Foundry|Herb Garden|Hospitaller|Infirmary|Monastery|Pilgrimage Site|Preceptory|Tannery|Tiltyard,10,22
"KT/Arming/Tower/Cloth [PrM, (EInd, EProw, SPie, NCun), Enduring, Nimble, Rec 6, Recover 7, Recover 8, Serr, Shake+1]|M10",Knight Templar,Arming Sword,Tower Shield,Cloth,,False,25,"Enduring,Nimble,Recover 8,Serrated,Immune Blocked,Recover 7,Resolute,Recover 6,Parry,Shake +1",800,,False,Abbey|Alchemy|Animal Husbandry|Apothecary|Blacksmith|Butchery|Carpentry|Conditioning Field|Forge|Furnace|Herb Garden|Hospitaller|Infirmary|Joinery|Master Workshop|Monastery|Pilgrimage Site|Preceptory|Tannery,10,22
"KT/Daggers/Chain [PrM, (EInd, EProw, SPie, NCun), Enduring, Nimble, Rec 6, Recover 7, Recover 8, Serr, Shake+1]|M10",Knight Templar,Daggers,,Chainmail,,False,25,"Enduring,Nimble,Recover 8,Serrated,Immune Blocked,Recover 7,Resolute,Recover 6,Parry,Shake +1",800,,False,Abbey|Alchemy|Animal Husbandry|Apothecary|Armory|Blacksmith|Butchery|Conditioning Field|Furnace|Herb Garden|Hospitaller|Infirmary|Master Workshop|Monastery|Pilgrimage Site|Preceptory|Stable|Tannery,10,22
"KT/Arming/Kite/Leather [PrM, (EInd, EProw, SPie, NCun), Enduring, Nimble, Rec 6, Recover 7, Recover 8, Serr, Shake+1]|M10",Knight Templar,Arming Sword,Kite Shield,Leather,,False,25,"Enduring,Nimble,Recover 8,Serrated,Immune Blocked,Recover 7,Resolute,Recover 6,Parry,Shake +1",1100,,False,Abbey|Alchemy|Animal Husbandry|Apothecary|Armory|Blacksmith|Carpentry|Conditioning Field|Furnace|Herb Garden|Hospitaller|Infirmary|Joinery|Master Workshop|Monastery|Pilgrimage Site|Preceptory|Stable|Tannery,10,22
"KT/Daggers+Javelin/Leather (TY) [PrM, (RInd, EProw, SPie, NCun), Enduring, Florentine, ImmU, Nimble, Rec 6, Recover 7, Recover 8, Shake+1]|M10",Knight Templar,Daggers,,Leather,Javelin,True,25,"Enduring,Nimble,Immune Unwieldy,Recover 8,Immune Blocked,Recover 7,Resolute,Recover 6,Parry,Shake +1,Florentine",1500,,False,Abbey|Alchemy|Animal Husbandry|Apothecary|Blacksmith|Carpentry|Coliseum|Conditioning Field|Fletchery|Furnace|Herb Garden|Hospitaller|Infirmary|Monastery|Pilgrimage Site|Preceptory|Tannery|Tiltyard,10,19
"KT/Pitchfork+Longbow/Chain (TY) [PrM, (RInd, EProw, SPie, NCun), Enduring, Florentine, ImmU, Nimble, Rec 6, Recover 7, Recover 8, Shake+1]|M10",Knight Templar,Pitchfork,,Chainmail,Longbow,True,25,"Enduring,Nimble,Immune Unwieldy,Recover 8,Immune Blocked,Recover 7,Resolute,Recover 6,Parry,Shake +1,Florentine",1300,,False,Abbey|Alchemy|Animal Husbandry|Apothecary|Armory|Blacksmith|Carpentry|Coliseum|Conditioning Field|Fletchery|Furnace|Herb Garden|Hospitaller|Infirmary|Monastery|Pilgrimage Site|Preceptory|Tannery|Tiltyard,10,19
"KT/2HBastard/Gothic [ABFM, PrM, (SInd, EProw, SPie, NCun), Nimble, Rec 6, Recover 8, Serr, Shake+1, Temp]|M10",Knight Templar,2HBastard,,Gothic Plate,,False,25,"ABF,Nimble,Recover 8,Serrated,Immune Blocked,Resolute,Recover 6,Parry,Tempered,Shake +1",900,,False,ABF|Abbey|Animal Husbandry|Apothecary|Armory|Blacksmith|Conditioning Field|Forge|Furnace|Gilded Foundry|Herb Garden|Hospitaller|Master Workshop|Monastery|Pilgrimage Site|Preceptory|Stable|Tannery,10,26
"KT/Lance/Heater/Chain [ABFM, PrM, (SInd, EProw, SPie, NCun), Enduring, Nimble, Rec 6, Recover 7, Recover 8, Serr, Shake+1, Temp]|M10",Knight Templar,Lance,Heater Shield,Chainmail,,False,25,"Enduring,ABF,Nimble,Recover 8,Serrated,Immune Blocked,Recover 7,Resolute,Recover 6,Parry,Tempered,Shake +1",600,,False,ABF|Abbey|Alchemy|Animal Husbandry|Apothecary|Armory|Blacksmith|Carpentry|Conditioning Field|Forge|Furnace|Gilded Foundry|Herb Garden|Hospitaller|Infirmary|Joinery|Master Workshop|Monastery|Pilgrimage Site|Preceptory|Stable|Tannery,10,26
"KT/FarmTools/Heater/FullPlate [ABFM, PrM, (SInd, EProw, SPie, NCun), Nimble, Rec 6, Serr, Shake+1, Temp]|M10",Knight Templar,Farm Tools,Heater Shield,Full Plate,,False,25,"ABF,Nimble,Serrated,Immune Blocked,Resolute,Recover 6,Parry,Tempered,Shake +1",700,,False,ABF|Abbey|Animal Husbandry|Armory|Blacksmith|Carpentry|Conditioning Field|Furnace|Gilded Foundry|Hospitaller|Joinery|Master Workshop|Monastery|Pilgrimage Site|Preceptory|Stable|Tannery,10,26
"KT/HuntBow/Chain [PrM, (RInd, EProw, SPie, NCun), Enduring, Florentine, ImmU, Nimble, Rec 6, Recover 7, Recover 8, Shake+1]|M10",Knight Templar,Farm Tools,,Chainmail,Hunting Bow,True,25,"Enduring,Nimble,Immune Unwieldy,Recover 8,Immune Blocked,Recover 7,Resolute,Recover 6,Parry,Shake +1,Florentine",1300,,False,Abbey|Alchemy|Animal Husbandry|Apothecary|Armory|Blacksmith|Carpentry|Coliseum|Conditioning Field|Fletchery|Furnace|Herb Garden|Hospitaller|Infirmary|Monastery|Pilgrimage Site|Preceptory|Tannery|Tiltyard,10,19
"KT/Pitchfork+Javelin/Chain (TY) [PrM, (RInd, EProw, SPie, NCun), Enduring, Florentine, ImmU, Nimble, Rec 6, Recover 7, Recover 8, Shake+1]|M10",Knight Templar,Pitchfork,,Chainmail,Javelin,True,25,"Enduring,Nimble,Immune Unwieldy,Recover 8,Immune Blocked,Recover 7,Resolute,Recover 6,Parry,Shake +1,Florentine",1300,,False,Abbey|Alchemy|Animal Husbandry|Apothecary|Armory|Blacksmith|Carpentry|Coliseum|Conditioning Field|Fletchery|Furnace|Herb Garden|Hospitaller|Infirmary|Monastery|Pilgrimage Site|Preceptory|Tannery|Tiltyard,10,19
"KT/FarmTools/Cloth [PrM, (NInd, EProw, SPie, RCun), Enduring, Nimble, Poison, Rec 6, Recover 7, Recover 8, Shake+1]|M10",Knight Templar,Farm Tools,,Cloth,,False,25,"Enduring,Nimble,Recover 8,Immune Blocked,Recover 7,Resolute,Poison,Recover 6,Parry,Shake +1",900,,False,Abbey|Academy|Alchemy|Animal Husbandry|Apothecary|Butchery|Conditioning Field|Herb Garden|Hospitaller|Infirmary|Monastery|Pilgrimage Site|Preceptory|Smokehouse|Tannery|Toxicarium,10,19
"KT/Pike+Longbow/Chain (TY) [PrM, (RInd, EProw, SPie, NCun), Enduring, Florentine, ImmU, Nimble, Rec 6, Recover 7, Recover 8, Shake+1]|M10",Knight Templar,Pike,,Chainmail,Longbow,True,25,"Enduring,Nimble,Immune Unwieldy,Recover 8,Immune Blocked,Recover 7,Resolute,Recover 6,Parry,Shake +1,Florentine",1300,,False,Abbey|Alchemy|Animal Husbandry|Apothecary|Armory|Blacksmith|Carpentry|Coliseum|Conditioning Field|Fletchery|Furnace|Herb Garden|Hospitaller|Infirmary|Monastery|Pilgrimage Site|Preceptory|Tannery|Tiltyard,10,19
"KT/Arming/FullPlate (DW) [RoPaM, PrM, (EInd, SProw, SPie, NCun), DW, Enduring, Florentine, ImmU, Nimble, Parry +1, Rec 6, Recover 7, Recover 8, Riposte, Shake+1, Temp]|M10",Knight Templar,Arming Sword,,Full Plate,,True,25,"Enduring,Parry +1,Immune Unwieldy,Recover 8,Immune Blocked,Recover 7,Immune Strain,Parry,Dual Wield,Florentine,Nimble,Resolute,Recover 6,Tempered,Drilled,Riposte,Shake +1",1500,,False,Abbey|Alchemy|Animal Husbandry|Apothecary|Armory|Blacksmith|Carpentry|Coliseum|Conditioning Field|Fletchery|Furnace|Gilded Foundry|Grand Tournament|Herb Garden|Hospitaller|Infirmary|Monastery|Pilgrimage Site|Preceptory|Royal Pavilion|Tannery|Tiltyard,10,26
"KT/Bastard/Heater/Cloth [ABFM, PrM, (SInd, EProw, SPie, NCun), Enduring, Nimble, Parry +1, Rec 6, Recover 7, Recover 8, Riposte, Serr, Shake+1, Temp]|M10",Knight Templar,Bastard Sword,Heater Shield,Cloth,,False,25,"Enduring,ABF,Nimble,Parry +1,Recover 8,Serrated,Immune Blocked,Recover 7,Resolute,Recover 6,Parry,Tempered,Riposte,Shake +1",600,,False,ABF|Abbey|Alchemy|Apothecary|Armory|Blacksmith|Carpentry|Coliseum|Conditioning Field|Forge|Furnace|Gilded Foundry|Grand Tournament|Herb Garden|Hospitaller|Infirmary|Joinery|Master Workshop|Monastery|Pilgrimage Site|Preceptory|Stable|Tannery,10,26
"KT/Flail+Javelin/Kite/Cloth (TY) [PrM, (RInd, EProw, SPie, NCun), Enduring, Florentine, ImmU, Nimble, Rec 6, Recover 7, Recover 8, Shake+1]|M10",Knight Templar,Flail,Kite Shield,Cloth,Javelin,True,25,"Enduring,Nimble,Immune Unwieldy,Recover 8,Immune Blocked,Recover 7,Resolute,Recover 6,Parry,Shake +1,Florentine",1100,,False,Abbey|Alchemy|Apothecary|Armory|Blacksmith|Carpentry|Coliseum|Conditioning Field|Fletchery|Furnace|Herb Garden|Hospitaller|Infirmary|Joinery|Monastery|Pilgrimage Site|Preceptory|Tannery|Tiltyard,10,19
"KT/FarmTools/Tower/Gothic [ABFM, PrM, (SInd, EProw, SPie, NCun), Enduring, Nimble, Rec 6, Recover 7, Recover 8, Serr, Shake+1, Temp]|M10",Knight Templar,Farm Tools,Tower Shield,Gothic Plate,,False,25,"Enduring,ABF,Nimble,Recover 8,Serrated,Immune Blocked,Recover 7,Resolute,Recover 6,Parry,Tempered,Shake +1",600,,False,ABF|Abbey|Alchemy|Animal Husbandry|Apothecary|Armory|Blacksmith|Carpentry|Conditioning Field|Forge|Furnace|Gilded Foundry|Herb Garden|Hospitaller|Infirmary|Joinery|Master Workshop|Monastery|Pilgrimage Site|Preceptory|Stable|Tannery,10,26
"KT/Flail/FullPlate (DW) [PrM, (EInd, EProw, SPie, NCun), DW, Enduring, Florentine, ImmU, Nimble, Rec 6, Recover 7, Recover 8, Shake+1, Temp]|M10",Knight Templar,Flail,,Full Plate,,True,25,"Enduring,Nimble,Immune Unwieldy,Recover 8,Immune Blocked,Recover 7,Resolute,Recover 6,Parry,Tempered,Dual Wield,Shake +1,Florentine",1500,,False,Abbey|Alchemy|Animal Husbandry|Apothecary|Armory|Blacksmith|Carpentry|Coliseum|Conditioning Field|Fletchery|Furnace|Gilded Foundry|Herb Garden|Hospitaller|Infirmary|Monastery|Pilgrimage Site|Preceptory|Tannery|Tiltyard,10,22
"KT/FarmTools/Heater/Leather [ABFM, PrM, (SInd, EProw, SPie, NCun), Nimble, Rec 6, Serr, Shake+1, Temp]|M10",Knight Templar,Farm Tools,Heater Shield,Leather,,False,25,"ABF,Nimble,Serrated,Immune Blocked,Resolute,Recover 6,Parry,Tempered,Shake +1",700,,False,ABF|Abbey|Animal Husbandry|Armory|Blacksmith|Carpentry|Conditioning Field|Furnace|Gilded Foundry|Hospitaller|Joinery|Master Workshop|Monastery|Pilgrimage Site|Preceptory|Stable|Tannery,10,26
"KT/ShortSword/Leather (DW) [PrM, (NInd, EProw, SPie, NCun), DW, Enduring, Florentine, ImmU, Nimble, Rec 6, Recover 7, Recover 8, Shake+1]|M10",Knight Templar,Short Sword,,Leather,,True,25,"Enduring,Nimble,Immune Unwieldy,Recover 8,Immune Blocked,Recover 7,Resolute,Recover 6,Parry,Dual Wield,Shake +1,Florentine",1700,,False,Abbey|Alchemy|Animal Husbandry|Apothecary|Carpentry|Coliseum|Conditioning Field|Fletchery|Furnace|Herb Garden|Hospitaller|Infirmary|Monastery|Pilgrimage Site|Preceptory|Tannery|Tiltyard,10,16
"KT/FarmTools/Targe/Chain [PrM, (RInd, EProw, SPie, NCun), Enduring, Nimble, Rec 6, Recover 7, Recover 8, Shake+1]|M10",Knight Templar,Farm Tools,Targe Shield,Chainmail,,False,25,"Enduring,Nimble,Recover 8,Immune Blocked,Recover 7,Resolute,Recover 6,Parry,Shake +1",600,,False,Abbey|Alchemy|Animal Husbandry|Apothecary|Armory|Blacksmith|Butchery|Carpentry|Conditioning Field|Furnace|Herb Garden|Hospitaller|Infirmary|Joinery|Monastery|Pilgrimage Site|Preceptory|Smokehouse|Tannery,10,19
"KT/Spears/Tower/Leather [PrM, (EInd, EProw, SPie, NCun), Enduring, Nimble, Rec 6, Recover 7, Recover 8, Serr, Shake+1]|M10",Knight Templar,Spears,Tower Shield,Leather,,False,25,"Enduring,Nimble,Recover 8,Serrated,Immune Blocked,Recover 7,Resolute,Recover 6,Parry,Shake +1",1300,,False,Abbey|Alchemy|Animal Husbandry|Apothecary|Blacksmith|Carpentry|Conditioning Field|Forge|Furnace|Herb Garden|Hospitaller|Infirmary|Joinery|Master Workshop|Monastery|Pilgrimage Site|Preceptory|Stable|Tannery,10,22
"KT/Flail/Heater/Chain [ABFM, PrM, (SInd, EProw, SPie, NCun), Nimble, Rec 6, Serr, Shake+1, Temp]|M10",Knight Templar,Flail,Heater Shield,Chainmail,,False,25,"ABF,Nimble,Serrated,Immune Blocked,Resolute,Recover 6,Parry,Tempered,Shake +1",700,,False,ABF|Abbey|Animal Husbandry|Armory|Blacksmith|Carpentry|Conditioning Field|Furnace|Gilded Foundry|Hospitaller|Joinery|Master Workshop|Monastery|Pilgrimage Site|Preceptory|Stable|Tannery,10,26
"KT/Arming+Crossbow/Leather (TY) [PrM, (EInd, EProw, SPie, NCun), Enduring, Florentine, ImmU, Nimble, Rec 6, Recover 7, Recover 8, Shake+1]|M10",Knight Templar,Arming Sword,,Leather,Crossbow,True,25,"Enduring,Nimble,Immune Unwieldy,Recover 8,Immune Blocked,Recover 7,Resolute,Recover 6,Parry,Shake +1,Florentine",1500,,False,Abbey|Alchemy|Animal Husbandry|Apothecary|Blacksmith|Carpentry|Coliseum|Conditioning Field|Fletchery|Forge|Furnace|Herb Garden|Hospitaller|Infirmary|Monastery|Pilgrimage Site|Preceptory|Tannery|Tiltyard,10,22
"KT/Arming+HuntBow/Kite/Chain (TY) [PrM, (RInd, EProw, SPie, NCun), Enduring, Florentine, ImmU, Nimble, Rec 6, Recover 7, Recover 8, Shake+1]|M10",Knight Templar,Arming Sword,Kite Shield,Chainmail,Hunting Bow,True,25,"Enduring,Nimble,Immune Unwieldy,Recover 8,Immune Blocked,Recover 7,Resolute,Recover 6,Parry,Shake +1,Florentine",1100,,False,Abbey|Alchemy|Animal Husbandry|Apothecary|Armory|Blacksmith|Carpentry|Coliseum|Conditioning Field|Fletchery|Furnace|Herb Garden|Hospitaller|Infirmary|Joinery|Monastery|Pilgrimage Site|Preceptory|Tannery|Tiltyard,10,19
"KT/BattleAxe/Leather [PrM, (EInd, EProw, SPie, NCun), Enduring, Nimble, Rec 6, Recover 7, Recover 8, Serr, Shake+1]|M10",Knight Templar,Battle Axe,,Leather,,False,25,"Enduring,Nimble,Recover 8,Serrated,Immune Blocked,Recover 7,Resolute,Recover 6,Parry,Shake +1",800,,False,Abbey|Alchemy|Animal Husbandry|Apothecary|Blacksmith|Butchery|Conditioning Field|Furnace|Herb Garden|Hospitaller|Infirmary|Master Workshop|Monastery|Pilgrimage Site|Preceptory|Smokehouse|Tannery,10,22
"KT/ShortSword+Crossbow/Cloth (TY) [RoPaI, PrM, (EInd, SProw, SPie, NCun), Enduring, Florentine, ImmU, Nimble, Rec 6, Recover 7, Recover 8, Shake+1]|M10",Knight Templar,Short Sword,,Cloth,Crossbow,True,25,"Enduring,Nimble,Immune Unwieldy,Recover 8,Immune Blocked,Recover 7,Immune Strain,Resolute,Recover 6,Parry,Shake +1,Florentine",1700,,False,Abbey|Alchemy|Apothecary|Blacksmith|Carpentry|Coliseum|Conditioning Field|Fletchery|Forge|Furnace|Herb Garden|Hospitaller|Infirmary|Monastery|Pilgrimage Site|Preceptory|Royal Pavilion|Tiltyard,10,26
"KT/Flail+Longbow/Tower/FullPlate (TY) [PrM, (EInd, EProw, SPie, NCun), Enduring, Florentine, ImmU, Nimble, Parry +1, Rec 6, Recover 7, Recover 8, Riposte, Shake+1, Temp]|M10",Knight Templar,Flail,Tower Shield,Full Plate,Longbow,True,25,"Enduring,Parry +1,Nimble,Immune Unwieldy,Recover 8,Immune Blocked,Recover 7,Resolute,Recover 6,Parry,Tempered,Riposte,Shake +1,Florentine",1100,,False,Abbey|Alchemy|Animal Husbandry|Apothecary|Armory|Blacksmith|Carpentry|Coliseum|Conditioning Field|Fletchery|Forge|Furnace|Gilded Foundry|Grand Tournament|Herb Garden|Hospitaller|Infirmary|Joinery|Monastery|Pilgrimage Site|Preceptory|Tannery|Tiltyard,10,22
"KT/2HBastard+Crossbow/Chain (TY) [PrM, (EInd, EProw, SPie, NCun), Enduring, Florentine, ImmU, Nimble, Parry +1, Rec 6, Recover 7, Recover 8, Riposte, Shake+1]|M10",Knight Templar,2HBastard,,Chainmail,Crossbow,True,25,"Enduring,Parry +1,Nimble,Immune Unwieldy,Recover 8,Immune Blocked,Recover 7,Resolute,Recover 6,Parry,Riposte,Shake +1,Florentine",1300,,False,Abbey|Alchemy|Animal Husbandry|Apothecary|Armory|Blacksmith|Carpentry|Coliseum|Conditioning Field|Fletchery|Forge|Furnace|Grand Tournament|Herb Garden|Hospitaller|Infirmary|Monastery|Pilgrimage Site|Preceptory|Tannery|Tiltyard,10,22
"KT/Pike+Crossbow/Leather (TY) [PrM, (EInd, EProw, SPie, NCun), Enduring, Florentine, ImmU, Nimble, Rec 6, Recover 7, Recover 8, Shake+1]|M10",Knight Templar,Pike,,Leather,Crossbow,True,25,"Enduring,Nimble,Immune Unwieldy,Recover 8,Immune Blocked,Recover 7,Resolute,Recover 6,Parry,Shake +1,Florentine",1500,,False,Abbey|Alchemy|Animal Husbandry|Apothecary|Blacksmith|Carpentry|Coliseum|Conditioning Field|Fletchery|Forge|Furnace|Herb Garden|Hospitaller|Infirmary|Monastery|Pilgrimage Site|Preceptory|Tannery|Tiltyard,10,22
"KT/Flail+HuntBow/Kite/Leather (TY) [PrM, (RInd, EProw, SPie, NCun), Enduring, Florentine, ImmU, Nimble, Rec 6, Recover 7, Recover 8, Shake+1]|M10",Knight Templar,Flail,Kite Shield,Leather,Hunting Bow,True,25,"Enduring,Nimble,Immune Unwieldy,Recover 8,Immune Blocked,Recover 7,Resolute,Recover 6,Parry,Shake +1,Florentine",1100,,False,Abbey|Alchemy|Animal Husbandry|Apothecary|Armory|Blacksmith|Carpentry|Coliseum|Conditioning Field|Fletchery|Furnace|Herb Garden|Hospitaller|Infirmary|Joinery|Monastery|Pilgrimage Site|Preceptory|Tannery|Tiltyard,10,19
"KT/Spears+Crossbow/Tower/Cloth (TY) [PrM, MiMiStI, (EInd, SProw, SPie, NCun), Enduring, Florentine, ImmU, Nimble, Rec 6, Recover 7, Recover 8, Shake+1]|M10",Knight Templar,Spears,Tower Shield,Cloth,Crossbow,True,25,"Enduring,Nimble,Immune Unwieldy,Recover 8,Immune Blocked,MaxInit3,Recover 7,Resolute,Recover 6,Seize: first,Parry,Init +1,Shake +1,Florentine",1500,,False,Abbey|Alchemy|Apothecary|Blacksmith|Carpentry|Coliseum|Conditioning Field|Fletchery|Forge|Furnace|Herb Garden|Hospitaller|Infirmary|Joinery|Ministry of Military Strategy|Monastery|Pilgrimage Site|Preceptory|Tiltyard,10,26
"KT/HuntBow/Cloth [PrM, (NInd, EProw, SPie, RCun), Enduring, Florentine, ImmU, Nimble, Poison, Rec 6, Recover 7, Recover 8, Shake+1]|M10",Knight Templar,Farm Tools,,Cloth,Hunting Bow,True,25,"Enduring,Nimble,Immune Unwieldy,Recover 8,Immune Blocked,Recover 7,Resolute,Poison,Recover 6,Parry,Shake +1,Florentine",1600,,False,Abbey|Academy|Alchemy|Apothecary|Carpentry|Coliseum|Conditioning Field|Fletchery|Herb Garden|Hospitaller|Infirmary|Monastery|Pilgrimage Site|Preceptory|Tiltyard|Toxicarium,10,19
"KT/WarHammer/Leather [RoPaI, PrM, (EInd, SProw, SPie, RCun), Enduring, Poison, Rec 6, Recover 7, Recover 8, Shake+1]|M10",Knight Templar,War Hammer,,Leather,,False,25,"Enduring,Recover 8,Immune Blocked,Recover 7,Immune Strain,Resolute,Poison,Recover 6,Parry,Shake +1",1100,,False,Abbey|Academy|Alchemy|Animal Husbandry|Apothecary|Blacksmith|Butchery|Forge|Furnace|Herb Garden|Hospitaller|Infirmary|Monastery|Pilgrimage Site|Preceptory|Royal Pavilion|Tannery|Toxicarium,10,29
"KT/ShortSword+Longbow/Targe/Chain (TY) [PrM, (RInd, EProw, SPie, NCun), Enduring, Florentine, ImmU, Nimble, Rec 6, Recover 7, Recover 8, Shake+1]|M10",Knight Templar,Short Sword,Targe Shield,Chainmail,Longbow,True,25,"Enduring,Nimble,Immune Unwieldy,Recover 8,Immune Blocked,Recover 7,Resolute,Recover 6,Parry,Shake +1,Florentine",1100,,False,Abbey|Alchemy|Animal Husbandry|Apothecary|Armory|Blacksmith|Carpentry|Coliseum|Conditioning Field|Fletchery|Furnace|Herb Garden|Hospitaller|Infirmary|Joinery|Monastery|Pilgrimage Site|Preceptory|Tannery|Tiltyard,10,19
"KT/Cudgel+HuntBow/Chain (TY) [PrM, (RInd, EProw, SPie, NCun), Enduring, Florentine, ImmU, Nimble, Rec 6, Recover 7, Recover 8, Shake+1]|M10",Knight Templar,Cudgel,,Chainmail,Hunting Bow,True,25,"Enduring,Nimble,Immune Unwieldy,Recover 8,Immune Blocked,Recover 7,Resolute,Recover 6,Parry,Shake +1,Florentine",1300,,False,Abbey|Alchemy|Animal Husbandry|Apothecary|Armory|Blacksmith|Carpentry|Coliseum|Conditioning Field|Fletchery|Furnace|Herb Garden|Hospitaller|Infirmary|Monastery|Pilgrimage Site|Preceptory|Tannery|Tiltyard,10,19
"KT/Pike+Javelin/Chain (TY) [PrM, OuInPoI, (RInd, EProw, SPie, SCun), Florentine, ImmU, Nimble, Rec 6, Shake+1]|M10",Knight Templar,Pike,,Chainmail,Javelin,True,25,"Nimble,Immune Unwieldy,Immune Blocked,Resolute,Outrider: once,confers:Strain,Recover 6,Parry,confers:Blocked,Shake +1,Florentine",1400,,False,Abbey|Animal Husbandry|Armory|Blacksmith|Carpentry|Coliseum|Conditioning Field|Fletchery|Furnace|Hospitaller|Monastery|Outrider Intercept Post|Pilgrimage Site|Preceptory|Tannery|Tiltyard,10,29
"KT/Lance/Buckler/Chain [PrM, (EInd, EProw, SPie, NCun), Enduring, Nimble, Rec 6, Recover 7, Recover 8, Shake+1]|M10",Knight Templar,Lance,Buckler Shield,Chainmail,,False,25,"Enduring,Nimble,Recover 8,Immune Blocked,Recover 7,Resolute,Recover 6,Parry,Shake +1",800,,False,Abbey|Alchemy|Animal Husbandry|Apothecary|Armory|Blacksmith|Butchery|Carpentry|Conditioning Field|Forge|Furnace|Herb Garden|Hospitaller|Infirmary|Joinery|Monastery|Pilgrimage Site|Preceptory|Stable|Tannery,10,22
"KT/Halberd/Leather [PrM, (RInd, EProw, SPie, RCun), Enduring, Nimble, Poison, Rec 6, Recover 7, Recover 8, Shake+1]|M10",Knight Templar,Halberd,,Leather,,False,25,"Enduring,Nimble,Recover 8,Immune Blocked,Recover 7,Resolute,Poison,Recover 6,Parry,Shake +1",1600,,False,Abbey|Academy|Alchemy|Animal Husbandry|Apothecary|Blacksmith|Conditioning Field|Furnace|Herb Garden|Hospitaller|Infirmary|Monastery|Pilgrimage Site|Preceptory|Stable|Tannery|Toxicarium,10,22
"KT/ShortSword+Javelin/Kite/Chain (TY) [PrM, OuInPoI, (RInd, EProw, SPie, SCun), Florentine, ImmU, Nimble, Rec 6, Shake+1]|M10",Knight Templar,Short Sword,Kite Shield,Chainmail,Javelin,True,25,"Nimble,Immune Unwieldy,Immune Blocked,Resolute,Outrider: once,confers:Strain,Recover 6,Parry,confers:Blocked,Shake +1,Florentine",1200,,False,Abbey|Animal Husbandry|Armory|Blacksmith|Carpentry|Coliseum|Conditioning Field|Fletchery|Furnace|Hospitaller|Joinery|Monastery|Outrider Intercept Post|Pilgrimage Site|Preceptory|Tannery|Tiltyard,10,29
"KT/ShortSword/Targe/Leather [PrM, (RInd, EProw, SPie, RCun), Enduring, Nimble, Poison, Rec 6, Recover 7, Recover 8, Shake+1]|M10",Knight Templar,Short Sword,Targe Shield,Leather,,False,25,"Enduring,Nimble,Recover 8,Immune Blocked,Recover 7,Resolute,Poison,Recover 6,Parry,Shake +1",1400,,False,Abbey|Academy|Alchemy|Animal Husbandry|Apothecary|Blacksmith|Carpentry|Conditioning Field|Furnace|Herb Garden|Hospitaller|Infirmary|Joinery|Monastery|Pilgrimage Site|Preceptory|Tannery|Toxicarium,10,22
"KT/Arming+Longbow/Tower/Leather (TY) [PrM, (EInd, EProw, SPie, NCun), Enduring, Florentine, ImmU, Nimble, Parry +1, Rec 6, Recover 7, Recover 8, Riposte, Shake+1]|M10",Knight Templar,Arming Sword,Tower Shield,Leather,Longbow,True,25,"Enduring,Parry +1,Nimble,Immune Unwieldy,Recover 8,Immune Blocked,Recover 7,Resolute,Recover 6,Parry,Riposte,Shake +1,Florentine",1300,,False,Abbey|Alchemy|Animal Husbandry|Apothecary|Blacksmith|Carpentry|Coliseum|Conditioning Field|Fletchery|Forge|Furnace|Grand Tournament|Herb Garden|Hospitaller|Infirmary|Joinery|Monastery|Pilgrimage Site|Preceptory|Tannery|Tiltyard,10,22
"KT/FarmTools/Buckler/FullPlate [PrM, (EInd, EProw, SPie, NCun), Enduring, Nimble, Rec 6, Recover 7, Recover 8, Shake+1, Temp]|M10",Knight Templar,Farm Tools,Buckler Shield,Full Plate,,False,25,"Enduring,Nimble,Recover 8,Immune Blocked,Recover 7,Resolute,Recover 6,Parry,Tempered,Shake +1",600,,False,Abbey|Alchemy|Animal Husbandry|Apothecary|Armory|Blacksmith|Butchery|Carpentry|Conditioning Field|Furnace|Gilded Foundry|Herb Garden|Hospitaller|Infirmary|Joinery|Monastery|Pilgrimage Site|Preceptory|Smokehouse|Tannery,10,22
"KT/Morningstar+Crossbow/Tower/Cloth (TY) [RoPaI, PrM, (EInd, SProw, SPie, NCun), Enduring, Florentine, ImmU, Nimble, Rec 6, Recover 7, Recover 8, Shake+1]|M10",Knight Templar,Morningstar,Tower Shield,Cloth,Crossbow,True,25,"Enduring,Nimble,Immune Unwieldy,Recover 8,Immune Blocked,Recover 7,Immune Strain,Resolute,Recover 6,Parry,Shake +1,Florentine",1500,,False,Abbey|Alchemy|Apothecary|Blacksmith|Carpentry|Coliseum|Conditioning Field|Fletchery|Forge|Furnace|Herb Garden|Hospitaller|Infirmary|Joinery|Monastery|Pilgrimage Site|Preceptory|Royal Pavilion|Tiltyard,10,26
"KT/Bastard/Heater/Chain [ABFM, PrM, (SInd, EProw, SPie, NCun), Enduring, Nimble, Rec 6, Recover 7, Recover 8, Serr, Shake+1, Temp]|M10",Knight Templar,Bastard Sword,Heater Shield,Chainmail,,False,25,"Enduring,ABF,Nimble,Recover 8,Serrated,Immune Blocked,Recover 7,Resolute,Recover 6,Parry,Tempered,Shake +1",600,,False,ABF|Abbey|Alchemy|Animal Husbandry|Apothecary|Armory|Blacksmith|Carpentry|Conditioning Field|Forge|Furnace|Gilded Foundry|Herb Garden|Hospitaller|Infirmary|Joinery|Master Workshop|Monastery|Pilgrimage Site|Preceptory|Stable|Tannery,10,26
"KT/Spears/Tower/Leather [PrM, (EInd, EProw, SPie, NCun), Enduring, Nimble, Rec 6, Recover 7, Recover 8, Shake+1]|M10",Knight Templar,Spears,Tower Shield,Leather,,False,25,"Enduring,Nimble,Recover 8,Immune Blocked,Recover 7,Resolute,Recover 6,Parry,Shake +1",800,,False,Abbey|Alchemy|Animal Husbandry|Apothecary|Blacksmith|Butchery|Carpentry|Conditioning Field|Forge|Furnace|Herb Garden|Hospitaller|Infirmary|Joinery|Monastery|Pilgrimage Site|Preceptory|Smokehouse|Tannery,10,22
"KT/FarmTools/Buckler/Leather [PrM, (RInd, EProw, SPie, RCun), Enduring, Nimble, Poison, Rec 6, Recover 7, Recover 8, Shake+1]|M10",Knight Templar,Farm Tools,Buckler Shield,Leather,,False,25,"Enduring,Nimble,Recover 8,Immune Blocked,Recover 7,Resolute,Poison,Recover 6,Parry,Shake +1",1400,,False,Abbey|Academy|Alchemy|Animal Husbandry|Apothecary|Carpentry|Conditioning Field|Herb Garden|Hospitaller|Infirmary|Joinery|Monastery|Pilgrimage Site|Preceptory|Stable|Tannery|Toxicarium,10,22
"KT/2HBastard+Crossbow/Cloth (TY) [PrM, (EInd, EProw, SPie, NCun), Florentine, ImmU, Nimble, Rec 6, Recover 8, Shake+1]|M10",Knight Templar,2HBastard,,Cloth,Crossbow,True,25,"Nimble,Immune Unwieldy,Recover 8,Immune Blocked,Resolute,Recover 6,Parry,Shake +1,Florentine",1800,,False,Abbey|Apothecary|Blacksmith|Carpentry|Coliseum|Conditioning Field|Fletchery|Forge|Furnace|Herb Garden|Hospitaller|Monastery|Pilgrimage Site|Preceptory|Tiltyard,10,22
"KT/ShortSword/Targe/Cloth [PrM, (EInd, EProw, SPie, RCun), Enduring, Nimble, Poison, Rec 6, Recover 7, Recover 8, Serr, Shake+1]|M10",Knight Templar,Short Sword,Targe Shield,Cloth,,False,25,"Enduring,Nimble,Recover 8,Serrated,Immune Blocked,Recover 7,Resolute,Poison,Recover 6,Parry,Shake +1",1400,,False,Abbey|Academy|Alchemy|Apothecary|Blacksmith|Carpentry|Conditioning Field|Furnace|Herb Garden|Hospitaller|Infirmary|Joinery|Master Workshop|Monastery|Pilgrimage Site|Preceptory|Toxicarium,10,25
"KT/Bastard/Tower/FullPlate [PrM, (EInd, EProw, SPie, NCun), Enduring, Nimble, Rec 6, Recover 7, Recover 8, Shake+1, Temp]|M10",Knight Templar,Bastard Sword,Tower Shield,Full Plate,,False,25,"Enduring,Nimble,Recover 8,Immune Blocked,Recover 7,Resolute,Recover 6,Parry,Tempered,Shake +1",800,,False,Abbey|Alchemy|Animal Husbandry|Apothecary|Armory|Blacksmith|Butchery|Carpentry|Conditioning Field|Forge|Furnace|Gilded Foundry|Herb Garden|Hospitaller|Infirmary|Joinery|Monastery|Pilgrimage Site|Preceptory|Stable|Tannery,10,22
"KT/Spears/Heater/Cloth [ABFM, PrM, (SInd, EProw, SPie, NCun), Nimble, Rec 6, Serr, Shake+1, Temp]|M10",Knight Templar,Spears,Heater Shield,Cloth,,False,25,"ABF,Nimble,Serrated,Immune Blocked,Resolute,Recover 6,Parry,Tempered,Shake +1",700,,False,ABF|Abbey|Armory|Blacksmith|Carpentry|Conditioning Field|Furnace|Gilded Foundry|Hospitaller|Joinery|Master Workshop|Monastery|Pilgrimage Site|Preceptory|Stable|Tannery,10,26
"KT/Daggers/Leather [PrM, OuInPoI, (EInd, EProw, SPie, SCun), Enduring, Poison, Rec 6, Recover 7, Recover 8, Serr, Shake+1]|M10",Knight Templar,Daggers,,Leather,,False,25,"Enduring,Recover 8,Serrated,Immune Blocked,Recover 7,Resolute,Outrider: once,confers:Strain,Poison,Recover 6,Parry,confers:Blocked,Shake +1",1400,,False,Abbey|Academy|Alchemy|Animal Husbandry|Apothecary|Blacksmith|Furnace|Herb Garden|Hospitaller|Infirmary|Master Workshop|Monastery|Outrider Intercept Post|Pilgrimage Site|Preceptory|Tannery|Toxicarium,10,32
"KT/Arming/FullPlate (DW) [PrM, (EInd, EProw, SPie, NCun), DW, Enduring, Florentine, ImmU, Nimble, Rec 6, Recover 7, Recover 8, Shake+1, Temp]|M10",Knight Templar,Arming Sword,,Full Plate,,True,25,"Enduring,Nimble,Immune Unwieldy,Recover 8,Immune Blocked,Recover 7,Resolute,Recover 6,Parry,Tempered,Dual Wield,Shake +1,Florentine",1500,,False,Abbey|Alchemy|Animal Husbandry|Apothecary|Armory|Blacksmith|Carpentry|Coliseum|Conditioning Field|Fletchery|Furnace|Gilded Foundry|Herb Garden|Hospitaller|Infirmary|Monastery|Pilgrimage Site|Preceptory|Tannery|Tiltyard,10,22
"KT/WarHammer+Javelin/FullPlate (TY) [PrM, (EInd, EProw, SPie, NCun), Enduring, Florentine, ImmU, Nimble, Rec 6, Recover 7, Recover 8, Shake+1, Temp]|M10",Knight Templar,War Hammer,,Full Plate,Javelin,True,25,"Enduring,Nimble,Immune Unwieldy,Recover 8,Immune Blocked,Recover 7,Resolute,Recover 6,Parry,Tempered,Shake +1,Florentine",1300,,False,Abbey|Alchemy|Animal Husbandry|Apothecary|Armory|Blacksmith|Carpentry|Coliseum|Conditioning Field|Fletchery|Forge|Furnace|Gilded Foundry|Herb Garden|Hospitaller|Infirmary|Monastery|Pilgrimage Site|Preceptory|Tannery|Tiltyard,10,22
"KT/FarmTools/FullPlate [PrM, (EInd, EProw, SPie, NCun), Enduring, Nimble, Rec 6, Recover 7, Recover 8, Shake+1, Temp]|M10",Knight Templar,Farm Tools,,Full Plate,,False,25,"Enduring,Nimble,Recover 8,Immune Blocked,Recover 7,Resolute,Recover 6,Parry,Tempered,Shake +1",800,,False,Abbey|Alchemy|Animal Husbandry|Apothecary|Armory|Blacksmith|Butchery|Conditioning Field|Furnace|Gilded Foundry|Herb Garden|Hospitaller|Infirmary|Monastery|Pilgrimage Site|Preceptory|Smokehouse|Stable|Tannery,10,22
"KT/Arming+Longbow/Kite/FullPlate (TY) [PrM, (EInd, EProw, SPie, NCun), Enduring, Florentine, ImmU, Nimble, Rec 6, Recover 7, Recover 8, Shake+1, Temp]|M10",Knight Templar,Arming Sword,Kite Shield,Full Plate,Longbow,True,25,"Enduring,Nimble,Immune Unwieldy,Recover 8,Immune Blocked,Recover 7,Resolute,Recover 6,Parry,Tempered,Shake +1,Florentine",1100,,False,Abbey|Alchemy|Animal Husbandry|Apothecary|Armory|Blacksmith|Carpentry|Coliseum|Conditioning Field|Fletchery|Furnace|Gilded Foundry|Herb Garden|Hospitaller|Infirmary|Joinery|Monastery|Pilgrimage Site|Preceptory|Tannery|Tiltyard,10,22
"KT/ShortSword+Javelin/Kite/FullPlate (TY) [PrM, (EInd, EProw, SPie, NCun), Enduring, Florentine, ImmU, Nimble, Parry +1, Rec 6, Recover 7, Recover 8, Riposte, Shake+1, Temp]|M10",Knight Templar,Short Sword,Kite Shield,Full Plate,Javelin,True,25,"Enduring,Parry +1,Nimble,Immune Unwieldy,Recover 8,Immune Blocked,Recover 7,Resolute,Recover 6,Parry,Tempered,Riposte,Shake +1,Florentine",1100,,False,Abbey|Alchemy|Animal Husbandry|Apothecary|Armory|Blacksmith|Carpentry|Coliseum|Conditioning Field|Fletchery|Furnace|Gilded Foundry|Grand Tournament|Herb Garden|Hospitaller|Infirmary|Joinery|Monastery|Pilgrimage Site|Preceptory|Tannery|Tiltyard,10,22
"KT/WarHammer+Crossbow/Leather (TY) [RoPaM, PrM, (EInd, SProw, SPie, NCun), Enduring, Florentine, ImmU, Nimble, Parry +1, Rec 6, Recover 7, Recover 8, Riposte, Shake+1]|M10",Knight Templar,War Hammer,,Leather,Crossbow,True,25,"Enduring,Parry +1,Nimble,Immune Unwieldy,Recover 8,Immune Blocked,Recover 7,Immune Strain,Resolute,Recover 6,Parry,Drilled,Riposte,Shake +1,Florentine",1500,,False,Abbey|Alchemy|Animal Husbandry|Apothecary|Blacksmith|Carpentry|Coliseum|Conditioning Field|Fletchery|Forge|Furnace|Grand Tournament|Herb Garden|Hospitaller|Infirmary|Monastery|Pilgrimage Site|Preceptory|Royal Pavilion|Tannery|Tiltyard,10,26
"KT/Arming+HuntBow/Kite/Leather (TY) [PrM, (RInd, EProw, SPie, NCun), Enduring, Florentine, ImmU, Nimble, Parry +1, Rec 6, Recover 7, Recover 8, Riposte, Shake+1]|M10",Knight Templar,Arming Sword,Kite Shield,Leather,Hunting Bow,True,25,"Enduring,Parry +1,Nimble,Immune Unwieldy,Recover 8,Immune Blocked,Recover 7,Resolute,Recover 6,Parry,Riposte,Shake +1,Florentine",1100,,False,Abbey|Alchemy|Animal Husbandry|Apothecary|Armory|Blacksmith|Carpentry|Coliseum|Conditioning Field|Fletchery|Furnace|Grand Tournament|Herb Garden|Hospitaller|Infirmary|Joinery|Monastery|Pilgrimage Site|Preceptory|Tannery|Tiltyard,10,19
"KT/Spears/Heater/Leather [ABFM, PrM, (SInd, EProw, SPie, NCun), Nimble, Parry +1, Rec 6, Riposte, Serr, Shake+1, Temp]|M10",Knight Templar,Spears,Heater Shield,Leather,,False,25,"ABF,Nimble,Parry +1,Serrated,Immune Blocked,Resolute,Recover 6,Parry,Tempered,Riposte,Shake +1",700,,False,ABF|Abbey|Animal Husbandry|Armory|Blacksmith|Carpentry|Coliseum|Conditioning Field|Furnace|Gilded Foundry|Grand Tournament|Hospitaller|Joinery|Master Workshop|Monastery|Pilgrimage Site|Preceptory|Stable|Tannery,10,26
"KT/Morningstar/Tower/FullPlate [PrM, (EInd, EProw, SPie, NCun), Nimble, Rec 6, Shake+1, Temp]|M7",Knight Templar,Morningstar,Tower Shield,Full Plate,,False,25,"Nimble,Recover 6,Parry,Tempered,Immune Blocked,Shake +1,Resolute",1400,,False,Abbey|Animal Husbandry|Armory|Blacksmith|Carpentry|Conditioning Field|Forge|Furnace|Gilded Foundry|Hospitaller|Joinery|Monastery|Pilgrimage Site|Preceptory|Tannery,7,22
"KT/BattleAxe/FullPlate [RoPaI, PrM, (EInd, SProw, SPie, NCun), Enduring, Rec 6, Recover 7, Recover 8, Shake+1, Temp]|M7",Knight Templar,Battle Axe,,Full Plate,,False,25,"Enduring,Recover 8,Immune Blocked,Recover 7,Immune Strain,Resolute,Recover 6,Parry,Tempered,Shake +1",1500,,False,Abbey|Alchemy|Animal Husbandry|Apothecary|Armory|Blacksmith|Furnace|Gilded Foundry|Herb Garden|Hospitaller|Infirmary|Monastery|Pilgrimage Site|Preceptory|Royal Pavilion|Tannery,7,26
"KT/Spears/Kite/Cloth [PrM, (RInd, EProw, SPie, NCun), Nimble, Rec 6, Shake+1]|M7",Knight Templar,Spears,Kite Shield,Cloth,,False,25,"Nimble,Parry,Recover 6,Immune Blocked,Shake +1,Resolute",1400,,False,Abbey|Armory|Blacksmith|Carpentry|Conditioning Field|Furnace|Hospitaller|Joinery|Monastery|Pilgrimage Site|Preceptory|Tannery,7,19
"KT/FarmTools/Kite/Chain [PrM, (RInd, EProw, SPie, NCun), Nimble, Parry +1, Rec 6, Riposte, Shake+1]|M7",Knight Templar,Farm Tools,Kite Shield,Chainmail,,False,25,"Parry +1,Nimble,Immune Blocked,Resolute,Recover 6,Parry,Riposte,Shake +1",1400,,False,Abbey|Animal Husbandry|Armory|Blacksmith|Carpentry|Coliseum|Conditioning Field|Furnace|Grand Tournament|Hospitaller|Joinery|Monastery|Pilgrimage Site|Preceptory|Tannery,7,19
"KT/ShortSword/Kite/FullPlate [PrM, (EInd, EProw, SPie, NCun), Nimble, Rec 6, Shake+1, Temp]|M7",Knight Templar,Short Sword,Kite Shield,Full Plate,,False,25,"Nimble,Recover 6,Parry,Tempered,Immune Blocked,Shake +1,Resolute",1400,,False,Abbey|Animal Husbandry|Armory|Blacksmith|Carpentry|Conditioning Field|Furnace|Gilded Foundry|Hospitaller|Joinery|Monastery|Pilgrimage Site|Preceptory|Tannery,7,22
"KT/Lance/Targe/Chain [PrM, (EInd, EProw, SPie, NCun), Nimble, Rec 6, Shake+1]|M7",Knight Templar,Lance,Targe Shield,Chainmail,,False,25,"Nimble,Parry,Recover 6,Immune Blocked,Shake +1,Resolute",1400,,False,Abbey|Animal Husbandry|Armory|Blacksmith|Carpentry|Conditioning Field|Forge|Furnace|Hospitaller|Joinery|Monastery|Pilgrimage Site|Preceptory|Tannery,7,22
"KT/Cudgel/Cloth [PrM, (NInd, EProw, SPie, NCun), Enduring, Nimble, Rec 6, Recover 7, Recover 8, Shake+1]|M7",Knight Templar,Cudgel,,Cloth,,False,25,"Enduring,Nimble,Recover 8,Immune Blocked,Recover 7,Resolute,Recover 6,Parry,Shake +1",1200,,False,Abbey|Alchemy|Animal Husbandry|Apothecary|Butchery|Conditioning Field|Herb Garden|Hospitaller|Infirmary|Monastery|Pilgrimage Site|Preceptory|Tannery,7,16
"KT/Daggers/FullPlate [PrM, (EInd, EProw, SPie, NCun), Enduring, Nimble, Rec 6, Recover 7, Recover 8, Shake+1, Temp]|M7",Knight Templar,Daggers,,Full Plate,,False,25,"Enduring,Nimble,Recover 8,Immune Blocked,Recover 7,Resolute,Recover 6,Parry,Tempered,Shake +1",1500,,False,Abbey|Alchemy|Animal Husbandry|Apothecary|Armory|Blacksmith|Conditioning Field|Furnace|Gilded Foundry|Herb Garden|Hospitaller|Infirmary|Monastery|Pilgrimage Site|Preceptory|Tannery,7,22
"KT/WarHammer/Leather [PrM, (EInd, EProw, SPie, NCun), Enduring, Nimble, Rec 6, Recover 7, Recover 8, Shake+1]|M7",Knight Templar,War Hammer,,Leather,,False,25,"Enduring,Nimble,Recover 8,Immune Blocked,Recover 7,Resolute,Recover 6,Parry,Shake +1",1700,,False,Abbey|Alchemy|Animal Husbandry|Apothecary|Blacksmith|Conditioning Field|Forge|Furnace|Herb Garden|Hospitaller|Infirmary|Monastery|Pilgrimage Site|Preceptory|Tannery,7,22
"KT/Spears/Targe/FullPlate [PrM, (EInd, EProw, SPie, NCun), Nimble, Rec 6, Shake+1, Temp]|M7",Knight Templar,Spears,Targe Shield,Full Plate,,False,25,"Nimble,Recover 6,Parry,Tempered,Immune Blocked,Shake +1,Resolute",1400,,False,Abbey|Animal Husbandry|Armory|Blacksmith|Carpentry|Conditioning Field|Furnace|Gilded Foundry|Hospitaller|Joinery|Monastery|Pilgrimage Site|Preceptory|Tannery,7,22
"KT/WarHammer/Chain [RoPaM, PrM, (EInd, SProw, SPie, NCun), Parry +1, Rec 6, Shake+1]|M7",Knight Templar,War Hammer,,Chainmail,,False,25,"Parry +1,Immune Blocked,Immune Strain,Resolute,Recover 6,Parry,Drilled,Shake +1",1600,,False,Abbey|Animal Husbandry|Armory|Blacksmith|Forge|Furnace|Grand Tournament|Hospitaller|Monastery|Pilgrimage Site|Preceptory|Royal Pavilion|Tannery|Tiltyard,7,26
"KT/Spears/Targe/Leather [PrM, (RInd, EProw, SPie, NCun), Nimble, Parry +1, Rec 6, Riposte, Shake+1]|M7",Knight Templar,Spears,Targe Shield,Leather,,False,25,"Parry +1,Nimble,Immune Blocked,Resolute,Recover 6,Parry,Riposte,Shake +1",1600,,False,Abbey|Animal Husbandry|Blacksmith|Carpentry|Coliseum|Conditioning Field|Furnace|Grand Tournament|Hospitaller|Joinery|Monastery|Pilgrimage Site|Preceptory|Tannery,7,19
"KT/Pike/Leather [PrM, (RInd, EProw, SPie, NCun), Enduring, Nimble, Rec 6, Recover 7, Recover 8, Shake+1]|M7",Knight Templar,Pike,,Leather,,False,25,"Enduring,Nimble,Recover 8,Immune Blocked,Recover 7,Resolute,Recover 6,Parry,Shake +1",1700,,False,Abbey|Alchemy|Animal Husbandry|Apothecary|Blacksmith|Conditioning Field|Furnace|Herb Garden|Hospitaller|Infirmary|Monastery|Pilgrimage Site|Preceptory|Tannery,7,19
"KT/Spears/Tower/FullPlate [PrM, (EInd, EProw, SPie, NCun), Nimble, Rec 6, Shake+1, Temp]|M7",Knight Templar,Spears,Tower Shield,Full Plate,,False,25,"Nimble,Recover 6,Parry,Tempered,Immune Blocked,Shake +1,Resolute",1400,,False,Abbey|Animal Husbandry|Armory|Blacksmith|Carpentry|Conditioning Field|Forge|Furnace|Gilded Foundry|Hospitaller|Joinery|Monastery|Pilgrimage Site|Preceptory|Tannery,7,22
"KT/Pitchfork/FullPlate [RoPaM, PrM, (EInd, SProw, SPie, NCun), Parry +1, Rec 6, Shake+1, Temp]|M7",Knight Templar,Pitchfork,,Full Plate,,False,25,"Parry +1,Immune Blocked,Immune Strain,Resolute,Recover 6,Parry,Tempered,Drilled,Shake +1",1600,,False,Abbey|Animal Husbandry|Armory|Blacksmith|Furnace|Gilded Foundry|Grand Tournament|Hospitaller|Monastery|Pilgrimage Site|Preceptory|Royal Pavilion|Tannery|Tiltyard,7,26
"KT/Flail/Kite/Chain [PrM, (RInd, EProw, SPie, NCun), Nimble, Rec 6, Shake+1]|M7",Knight Templar,Flail,Kite Shield,Chainmail,,False,25,"Nimble,Parry,Recover 6,Immune Blocked,Shake +1,Resolute",1400,,False,Abbey|Animal Husbandry|Armory|Blacksmith|Carpentry|Conditioning Field|Furnace|Hospitaller|Joinery|Monastery|Pilgrimage Site|Preceptory|Tannery,7,19
"KT/Cudgel/FullPlate [PrM, (EInd, EProw, SPie, NCun), Enduring, Nimble, Rec 6, Recover 7, Recover 8, Shake+1, Temp]|M7",Knight Templar,Cudgel,,Full Plate,,False,25,"Enduring,Nimble,Recover 8,Immune Blocked,Recover 7,Resolute,Recover 6,Parry,Tempered,Shake +1",1500,,False,Abbey|Alchemy|Animal Husbandry|Apothecary|Armory|Blacksmith|Conditioning Field|Furnace|Gilded Foundry|Herb Garden|Hospitaller|Infirmary|Monastery|Pilgrimage Site|Preceptory|Tannery,7,22
"KT/Cavalry Spear/Kite/Chain [PrM, (RInd, EProw, SPie, NCun), Nimble, Rec 6, Shake+1]|M7",Knight Templar,Cavalry Spear,Kite Shield,Chainmail,,False,25,"Nimble,Parry,Recover 6,Immune Blocked,Shake +1,Resolute",1400,,False,Abbey|Animal Husbandry|Armory|Blacksmith|Carpentry|Conditioning Field|Furnace|Hospitaller|Joinery|Monastery|Pilgrimage Site|Preceptory|Tannery,7,19
"KT/Lance/Buckler/Leather [PrM, (EInd, EProw, SPie, NCun), Nimble, Rec 6, Shake+1]|M7",Knight Templar,Lance,Buckler Shield,Leather,,False,25,"Nimble,Parry,Recover 6,Immune Blocked,Shake +1,Resolute",1600,,False,Abbey|Animal Husbandry|Blacksmith|Carpentry|Conditioning Field|Forge|Furnace|Hospitaller|Joinery|Monastery|Pilgrimage Site|Preceptory|Tannery,7,22
"KT/BattleAxe/Chain [PrM, (RInd, EProw, SPie, NCun), Enduring, Nimble, Rec 6, Recover 7, Recover 8, Shake+1]|M7",Knight Templar,Battle Axe,,Chainmail,,False,25,"Enduring,Nimble,Recover 8,Immune Blocked,Recover 7,Resolute,Recover 6,Parry,Shake +1",1500,,False,Abbey|Alchemy|Animal Husbandry|Apothecary|Armory|Blacksmith|Conditioning Field|Furnace|Herb Garden|Hospitaller|Infirmary|Monastery|Pilgrimage Site|Preceptory|Tannery,7,19
"KT/ShortSword/Tower/Leather [PrM, (EInd, EProw, SPie, NCun), Nimble, Rec 6, Shake+1]|M7",Knight Templar,Short Sword,Tower Shield,Leather,,False,25,"Nimble,Parry,Recover 6,Immune Blocked,Shake +1,Resolute",1600,,False,Abbey|Animal Husbandry|Blacksmith|Carpentry|Conditioning Field|Forge|Furnace|Hospitaller|Joinery|Monastery|Pilgrimage Site|Preceptory|Tannery,7,22
"KT/FarmTools/Tower/FullPlate [PrM, (EInd, EProw, SPie, NCun), Nimble, Rec 6, Shake+1, Temp]|M7",Knight Templar,Farm Tools,Tower Shield,Full Plate,,False,25,"Nimble,Recover 6,Parry,Tempered,Immune Blocked,Shake +1,Resolute",1400,,False,Abbey|Animal Husbandry|Armory|Blacksmith|Carpentry|Conditioning Field|Forge|Furnace|Gilded Foundry|Hospitaller|Joinery|Monastery|Pilgrimage Site|Preceptory|Tannery,7,22
"KT/Spears/Tower/Chain [PrM, (EInd, EProw, SPie, NCun), Nimble, Parry +1, Rec 6, Riposte, Shake+1]|M7",Knight Templar,Spears,Tower Shield,Chainmail,,False,25,"Parry +1,Nimble,Immune Blocked,Resolute,Recover 6,Parry,Riposte,Shake +1",1400,,False,Abbey|Animal Husbandry|Armory|Blacksmith|Carpentry|Coliseum|Conditioning Field|Forge|Furnace|Grand Tournament|Hospitaller|Joinery|Monastery|Pilgrimage Site|Preceptory|Tannery,7,22
"KT/Bastard/Tower/Leather [PrM, (EInd, EProw, SPie, NCun), Nimble, Rec 6, Shake+1]|M7",Knight Templar,Bastard Sword,Tower Shield,Leather,,False,25,"Nimble,Parry,Recover 6,Immune Blocked,Shake +1,Resolute",1600,,False,Abbey|Animal Husbandry|Blacksmith|Carpentry|Conditioning Field|Forge|Furnace|Hospitaller|Joinery|Monastery|Pilgrimage Site|Preceptory|Tannery,7,22
"KT/FarmTools/Buckler/Leather [PrM, (RInd, EProw, SPie, NCun), Enduring, Nimble, Parry +1, Rec 6, Recover 7, Recover 8, Riposte, Shake+1]|M7",Knight Templar,Farm Tools,Buckler Shield,Leather,,False,25,"Enduring,Parry +1,Nimble,Recover 8,Immune Blocked,Recover 7,Resolute,Recover 6,Parry,Riposte,Shake +1",1500,,False,Abbey|Alchemy|Animal Husbandry|Apothecary|Carpentry|Coliseum|Conditioning Field|Grand Tournament|Herb Garden|Hospitaller|Infirmary|Joinery|Monastery|Pilgrimage Site|Preceptory|Tannery,7,19
"KT/Cavalry Spear/Kite/Cloth [PrM, (RInd, EProw, SPie, NCun), Nimble, Rec 6, Shake+1]|M7",Knight Templar,Cavalry Spear,Kite Shield,Cloth,,False,25,"Nimble,Parry,Recover 6,Immune Blocked,Shake +1,Resolute",1400,,False,Abbey|Armory|Blacksmith|Carpentry|Conditioning Field|Furnace|Hospitaller|Joinery|Monastery|Pilgrimage Site|Preceptory|Tannery,7,19
"KT/Flail/Tower/FullPlate [PrM, (EInd, EProw, SPie, NCun), Nimble, Rec 6, Shake+1, Temp]|M7",Knight Templar,Flail,Tower Shield,Full Plate,,False,25,"Nimble,Recover 6,Parry,Tempered,Immune Blocked,Shake +1,Resolute",1400,,False,Abbey|Animal Husbandry|Armory|Blacksmith|Carpentry|Conditioning Field|Forge|Furnace|Gilded Foundry|Hospitaller|Joinery|Monastery|Pilgrimage Site|Preceptory|Tannery,7,22
"KT/Cavalry Spear/Buckler/Cloth [PrM, (RInd, EProw, SPie, NCun), Enduring, Nimble, Rec 6, Recover 7, Recover 8, Shake+1]|M7",Knight Templar,Cavalry Spear,Buckler Shield,Cloth,,False,25,"Enduring,Nimble,Recover 8,Immune Blocked,Recover 7,Resolute,Recover 6,Parry,Shake +1",1700,,False,Abbey|Alchemy|Apothecary|Blacksmith|Carpentry|Conditioning Field|Furnace|Herb Garden|Hospitaller|Infirmary|Joinery|Monastery|Pilgrimage Site|Preceptory,7,19
"KT/WarHammer/Chain [PrM, OuInPoI, (EInd, EProw, SPie, SCun), Enduring, Rec 6, Recover 7, Recover 8, Shake+1]|M7",Knight Templar,War Hammer,,Chainmail,,False,25,"Enduring,Recover 8,Immune Blocked,Recover 7,Resolute,Outrider: once,confers:Strain,Recover 6,Parry,confers:Blocked,Shake +1",1500,,False,Abbey|Alchemy|Animal Husbandry|Apothecary|Armory|Blacksmith|Forge|Furnace|Herb Garden|Hospitaller|Infirmary|Monastery|Outrider Intercept Post|Pilgrimage Site|Preceptory|Tannery,7,32
"KT/FarmTools/Leather [PrM, (NInd, EProw, SPie, NCun), Nimble, Parry +1, Rec 6, Recover 8, Riposte, Shake+1]|M7",Knight Templar,Farm Tools,,Leather,,False,25,"Parry +1,Nimble,Recover 8,Immune Blocked,Resolute,Recover 6,Parry,Riposte,Shake +1",1800,,False,Abbey|Animal Husbandry|Apothecary|Coliseum|Conditioning Field|Grand Tournament|Herb Garden|Hospitaller|Monastery|Pilgrimage Site|Preceptory|Tannery,7,16
"KT/Pitchfork/FullPlate [PrM, (EInd, EProw, SPie, NCun), Enduring, Nimble, Rec 6, Recover 7, Recover 8, Shake+1, Temp]|M7",Knight Templar,Pitchfork,,Full Plate,,False,25,"Enduring,Nimble,Recover 8,Immune Blocked,Recover 7,Resolute,Recover 6,Parry,Tempered,Shake +1",1500,,False,Abbey|Alchemy|Animal Husbandry|Apothecary|Armory|Blacksmith|Conditioning Field|Furnace|Gilded Foundry|Herb Garden|Hospitaller|Infirmary|Monastery|Pilgrimage Site|Preceptory|Tannery,7,22
"KT/FarmTools/Targe/Chain [PrM, (RInd, EProw, SPie, NCun), Nimble, Rec 6, Shake+1]|M7",Knight Templar,Farm Tools,Targe Shield,Chainmail,,False,25,"Nimble,Parry,Recover 6,Immune Blocked,Shake +1,Resolute",1400,,False,Abbey|Animal Husbandry|Armory|Blacksmith|Carpentry|Conditioning Field|Furnace|Hospitaller|Joinery|Monastery|Pilgrimage Site|Preceptory|Tannery,7,19
"KT/Cudgel/Cloth [PrM, (NInd, EProw, SPie, RCun), Enduring, Nimble, Poison, Rec 6, Recover 7, Recover 8, Shake+1]|M7",Knight Templar,Cudgel,,Cloth,,False,25,"Enduring,Nimble,Recover 8,Immune Blocked,Recover 7,Resolute,Poison,Recover 6,Parry,Shake +1",1800,,False,Abbey|Academy|Alchemy|Apothecary|Conditioning Field|Herb Garden|Hospitaller|Infirmary|Monastery|Pilgrimage Site|Preceptory|Toxicarium,7,19
"KT/Lance/Targe/Cloth [PrM, (EInd, EProw, SPie, NCun), Enduring, Nimble, Rec 6, Recover 7, Recover 8, Shake+1]|M7",Knight Templar,Lance,Targe Shield,Cloth,,False,25,"Enduring,Nimble,Recover 8,Immune Blocked,Recover 7,Resolute,Recover 6,Parry,Shake +1",1700,,False,Abbey|Alchemy|Apothecary|Blacksmith|Carpentry|Conditioning Field|Forge|Furnace|Herb Garden|Hospitaller|Infirmary|Joinery|Monastery|Pilgrimage Site|Preceptory,7,22
"KT/ShortSword/Targe/Leather [PrM, (RInd, EProw, SPie, NCun), Nimble, Rec 6, Shake+1]|M7",Knight Templar,Short Sword,Targe Shield,Leather,,False,25,"Nimble,Parry,Recover 6,Immune Blocked,Shake +1,Resolute",1600,,False,Abbey|Animal Husbandry|Blacksmith|Carpentry|Conditioning Field|Furnace|Hospitaller|Joinery|Monastery|Pilgrimage Site|Preceptory|Tannery,7,19
"KT/Cudgel+HuntBow/Cloth (TY) [PrM, (NInd, EProw, SPie, NCun), Florentine, ImmU, Nimble, Rec 6, Shake+1]|M7",Knight Templar,Cudgel,,Cloth,Hunting Bow,True,25,"Nimble,Immune Unwieldy,Immune Blocked,Resolute,Recover 6,Parry,Shake +1,Florentine",1800,,False,Abbey|Carpentry|Coliseum|Conditioning Field|Fletchery|Hospitaller|Monastery|Pilgrimage Site|Preceptory|Tiltyard,7,16
"KT/Spears/Kite/Chain [PrM, (RInd, EProw, SPie, NCun), Nimble, Rec 6, Shake+1]|M7",Knight Templar,Spears,Kite Shield,Chainmail,,False,25,"Nimble,Parry,Recover 6,Immune Blocked,Shake +1,Resolute",1400,,False,Abbey|Animal Husbandry|Armory|Blacksmith|Carpentry|Conditioning Field|Furnace|Hospitaller|Joinery|Monastery|Pilgrimage Site|Preceptory|Tannery,7,19
"KT/Lance/Kite/Chain [PrM, (EInd, EProw, SPie, NCun), Nimble, Rec 6, Shake+1]|M7",Knight Templar,Lance,Kite Shield,Chainmail,,False,25,"Nimble,Parry,Recover 6,Immune Blocked,Shake +1,Resolute",1400,,False,Abbey|Animal Husbandry|Armory|Blacksmith|Carpentry|Conditioning Field|Forge|Furnace|Hospitaller|Joinery|Monastery|Pilgrimage Site|Preceptory|Tannery,7,22
"KT/Cavalry Spear/Buckler/Chain [PrM, (RInd, EProw, SPie, NCun), Nimble, Rec 6, Shake+1]|M7",Knight Templar,Cavalry Spear,Buckler Shield,Chainmail,,False,25,"Nimble,Parry,Recover 6,Immune Blocked,Shake +1,Resolute",1400,,False,Abbey|Animal Husbandry|Armory|Blacksmith|Carpentry|Conditioning Field|Furnace|Hospitaller|Joinery|Monastery|Pilgrimage Site|Preceptory|Tannery,7,19
"KT/Halberd/Leather [PrM, (RInd, EProw, SPie, NCun), Enduring, Nimble, Rec 6, Recover 7, Recover 8, Shake+1]|M7",Knight Templar,Halberd,,Leather,,False,25,"Enduring,Nimble,Recover 8,Immune Blocked,Recover 7,Resolute,Recover 6,Parry,Shake +1",1700,,False,Abbey|Alchemy|Animal Husbandry|Apothecary|Blacksmith|Conditioning Field|Furnace|Herb Garden|Hospitaller|Infirmary|Monastery|Pilgrimage Site|Preceptory|Tannery,7,19
"KT/WarHammer/Leather [PrM, MiMiStM, (EInd, SProw, SPie, NCun), Rec 6, Shake+1]|M7",Knight Templar,War Hammer,,Leather,,False,25,"Parry +1,Immune Blocked,MaxInit3,Resolute,Init +1,Recover 6,Seize: first,Parry,Crit 8,Shake +1",1800,,False,Abbey|Animal Husbandry|Blacksmith|Forge|Furnace|Hospitaller|Ministry of Military Strategy|Monastery|Pilgrimage Site|Preceptory|Tannery|University|War College,7,26
"KT/Morningstar/Tower/Cloth [PrM, (EInd, EProw, SPie, NCun), Enduring, Nimble, Rec 6, Recover 7, Recover 8, Shake+1]|M7",Knight Templar,Morningstar,Tower Shield,Cloth,,False,25,"Enduring,Nimble,Recover 8,Immune Blocked,Recover 7,Resolute,Recover 6,Parry,Shake +1",1700,,False,Abbey|Alchemy|Apothecary|Blacksmith|Carpentry|Conditioning Field|Forge|Furnace|Herb Garden|Hospitaller|Infirmary|Joinery|Monastery|Pilgrimage Site|Preceptory,7,22
"KT/HuntBow/Cloth [PrM, (NInd, EProw, SPie, NCun), Florentine, ImmU, Nimble, Rec 6, Shake+1]|M7",Knight Templar,Farm Tools,,Cloth,Hunting Bow,True,25,"Nimble,Immune Unwieldy,Immune Blocked,Resolute,Recover 6,Parry,Shake +1,Florentine",1800,,False,Abbey|Carpentry|Coliseum|Conditioning Field|Fletchery|Hospitaller|Monastery|Pilgrimage Site|Preceptory|Tiltyard,7,16
"KT/Lance/Kite/FullPlate [PrM, (EInd, EProw, SPie, NCun), Nimble, Rec 6, Shake+1, Temp]|M7",Knight Templar,Lance,Kite Shield,Full Plate,,False,25,"Nimble,Recover 6,Parry,Tempered,Immune Blocked,Shake +1,Resolute",1400,,False,Abbey|Animal Husbandry|Armory|Blacksmith|Carpentry|Conditioning Field|Forge|Furnace|Gilded Foundry|Hospitaller|Joinery|Monastery|Pilgrimage Site|Preceptory|Tannery,7,22
"KT/WarHammer/Chain [PrM, (EInd, EProw, SPie, NCun), Enduring, Nimble, Rec 6, Recover 7, Recover 8, Shake+1]|M7",Knight Templar,War Hammer,,Chainmail,,False,25,"Enduring,Nimble,Recover 8,Immune Blocked,Recover 7,Resolute,Recover 6,Parry,Shake +1",1500,,False,Abbey|Alchemy|Animal Husbandry|Apothecary|Armory|Blacksmith|Conditioning Field|Forge|Furnace|Herb Garden|Hospitaller|Infirmary|Monastery|Pilgrimage Site|Preceptory|Tannery,7,22
"KT/Cavalry Spear/Targe/FullPlate [PrM, (EInd, EProw, SPie, NCun), Nimble, Rec 6, Shake+1, Temp]|M7",Knight Templar,Cavalry Spear,Targe Shield,Full Plate,,False,25,"Nimble,Recover 6,Parry,Tempered,Immune Blocked,Shake +1,Resolute",1400,,False,Abbey|Animal Husbandry|Armory|Blacksmith|Carpentry|Conditioning Field|Furnace|Gilded Foundry|Hospitaller|Joinery|Monastery|Pilgrimage Site|Preceptory|Tannery,7,22
"KT/ShortSword/Kite/Cloth [PrM, (RInd, EProw, SPie, NCun), Nimble, Rec 6, Shake+1]|M7",Knight Templar,Short Sword,Kite Shield,Cloth,,False,25,"Nimble,Parry,Recover 6,Immune Blocked,Shake +1,Resolute",1400,,False,Abbey|Armory|Blacksmith|Carpentry|Conditioning Field|Furnace|Hospitaller|Joinery|Monastery|Pilgrimage Site|Preceptory|Tannery,7,19
"KT/Daggers/Leather [PrM, (NInd, EProw, SPie, NCun), Enduring, Nimble, Rec 6, Recover 7, Recover 8, Shake+1]|M7",Knight Templar,Daggers,,Leather,,False,25,"Enduring,Nimble,Recover 8,Immune Blocked,Recover 7,Resolute,Recover 6,Parry,Shake +1",1700,,False,Abbey|Alchemy|Animal Husbandry|Apothecary|Conditioning Field|Furnace|Herb Garden|Hospitaller|Infirmary|Monastery|Pilgrimage Site|Preceptory|Tannery,7,16
"KT/Daggers/Chain [PrM, MiMiStI, (RInd, SProw, SPie, NCun), Enduring, Rec 6, Recover 7, Recover 8, Shake+1]|M7",Knight Templar,Daggers,,Chainmail,,False,25,"Enduring,Recover 8,Immune Blocked,Recover 7,MaxInit3,Resolute,Recover 6,Seize: first,Parry,Init +1,Shake +1",1500,,False,Abbey|Alchemy|Animal Husbandry|Apothecary|Armory|Blacksmith|Furnace|Herb Garden|Hospitaller|Infirmary|Ministry of Military Strategy|Monastery|Pilgrimage Site|Preceptory|Tannery,7,23
"KT/FarmTools/Chain [PrM, (RInd, EProw, SPie, NCun), Enduring, Nimble, Rec 6, Recover 7, Recover 8, Shake+1]|M7",Knight Templar,Farm Tools,,Chainmail,,False,25,"Enduring,Nimble,Recover 8,Immune Blocked,Recover 7,Resolute,Recover 6,Parry,Shake +1",1500,,False,Abbey|Alchemy|Animal Husbandry|Apothecary|Armory|Blacksmith|Conditioning Field|Furnace|Herb Garden|Hospitaller|Infirmary|Monastery|Pilgrimage Site|Preceptory|Tannery,7,19
"KT/2HBastard/FullPlate [PrM, (EInd, EProw, SPie, NCun), Enduring, Nimble, Rec 6, Recover 7, Recover 8, Shake+1, Temp]|M7",Knight Templar,2HBastard,,Full Plate,,False,25,"Enduring,Nimble,Recover 8,Immune Blocked,Recover 7,Resolute,Recover 6,Parry,Tempered,Shake +1",1500,,False,Abbey|Alchemy|Animal Husbandry|Apothecary|Armory|Blacksmith|Conditioning Field|Forge|Furnace|Gilded Foundry|Herb Garden|Hospitaller|Infirmary|Monastery|Pilgrimage Site|Preceptory|Tannery,7,22
"KT/FarmTools/Buckler/Leather [PrM, (RInd, EProw, SPie, NCun), Enduring, Nimble, Rec 6, Recover 7, Recover 8, Shake+1]|M7",Knight Templar,Farm Tools,Buckler Shield,Leather,,False,25,"Enduring,Nimble,Recover 8,Immune Blocked,Recover 7,Resolute,Recover 6,Parry,Shake +1",1500,,False,Abbey|Alchemy|Animal Husbandry|Apothecary|Carpentry|Conditioning Field|Herb Garden|Hospitaller|Infirmary|Joinery|Monastery|Pilgrimage Site|Preceptory|Tannery,7,19
"KT/FarmTools/Tower/Cloth [PrM, (EInd, EProw, SPie, NCun), Enduring, Nimble, Rec 6, Recover 7, Recover 8, Shake+1]|M7",Knight Templar,Farm Tools,Tower Shield,Cloth,,False,25,"Enduring,Nimble,Recover 8,Immune Blocked,Recover 7,Resolute,Recover 6,Parry,Shake +1",1700,,False,Abbey|Alchemy|Apothecary|Blacksmith|Carpentry|Conditioning Field|Forge|Furnace|Herb Garden|Hospitaller|Infirmary|Joinery|Monastery|Pilgrimage Site|Preceptory,7,22
"KT/Arming/Kite/Cloth [PrM, (RInd, EProw, SPie, NCun), Nimble, Rec 6, Shake+1]|M7",Knight Templar,Arming Sword,Kite Shield,Cloth,,False,25,"Nimble,Parry,Recover 6,Immune Blocked,Shake +1,Resolute",1400,,False,Abbey|Armory|Blacksmith|Carpentry|Conditioning Field|Furnace|Hospitaller|Joinery|Monastery|Pilgrimage Site|Preceptory|Tannery,7,19
"KT/Flail/Tower/Cloth [PrM, (EInd, EProw, SPie, NCun), Enduring, Nimble, Rec 6, Recover 7, Recover 8, Shake+1]|M7",Knight Templar,Flail,Tower Shield,Cloth,,False,25,"Enduring,Nimble,Recover 8,Immune Blocked,Recover 7,Resolute,Recover 6,Parry,Shake +1",1700,,False,Abbey|Alchemy|Apothecary|Blacksmith|Carpentry|Conditioning Field|Forge|Furnace|Herb Garden|Hospitaller|Infirmary|Joinery|Monastery|Pilgrimage Site|Preceptory,7,22
"KT/Pitchfork/FullPlate [PrM, OuInPoI, (EInd, EProw, SPie, SCun), Enduring, Rec 6, Recover 7, Recover 8, Shake+1, Temp]|M7",Knight Templar,Pitchfork,,Full Plate,,False,25,"Enduring,Recover 8,Immune Blocked,Recover 7,Resolute,Outrider: once,confers:Strain,Recover 6,Parry,Tempered,confers:Blocked,Shake +1",1500,,False,Abbey|Alchemy|Animal Husbandry|Apothecary|Armory|Blacksmith|Furnace|Gilded Foundry|Herb Garden|Hospitaller|Infirmary|Monastery|Outrider Intercept Post|Pilgrimage Site|Preceptory|Tannery,7,32
"KT/Halberd/Cloth [PrM, (RInd, EProw, SPie, NCun), Nimble, Rec 6, Recover 8, Shake+1]|M7",Knight Templar,Halberd,,Cloth,,False,25,"Nimble,Recover 6,Recover 8,Parry,Immune Blocked,Shake +1,Resolute",2000,,False,Abbey|Apothecary|Blacksmith|Conditioning Field|Furnace|Herb Garden|Hospitaller|Monastery|Pilgrimage Site|Preceptory,7,19
"KT/Flail/Kite/Cloth [PrM, (RInd, EProw, SPie, NCun), Nimble, Rec 6, Shake+1]|M7",Knight Templar,Flail,Kite Shield,Cloth,,False,25,"Nimble,Parry,Recover 6,Immune Blocked,Shake +1,Resolute",1400,,False,Abbey|Armory|Blacksmith|Carpentry|Conditioning Field|Furnace|Hospitaller|Joinery|Monastery|Pilgrimage Site|Preceptory|Tannery,7,19
"KT/Morningstar/Tower/Leather [PrM, (EInd, EProw, SPie, NCun), Nimble, Rec 6, Shake+1]|M7",Knight Templar,Morningstar,Tower Shield,Leather,,False,25,"Nimble,Parry,Recover 6,Immune Blocked,Shake +1,Resolute",1600,,False,Abbey|Animal Husbandry|Blacksmith|Carpentry|Conditioning Field|Forge|Furnace|Hospitaller|Joinery|Monastery|Pilgrimage Site|Preceptory|Tannery,7,22
"KT/Lance/Buckler/Cloth [PrM, (EInd, EProw, SPie, NCun), Enduring, Nimble, Rec 6, Recover 7, Recover 8, Shake+1]|M7",Knight Templar,Lance,Buckler Shield,Cloth,,False,25,"Enduring,Nimble,Recover 8,Immune Blocked,Recover 7,Resolute,Recover 6,Parry,Shake +1",1700,,False,Abbey|Alchemy|Apothecary|Blacksmith|Carpentry|Conditioning Field|Forge|Furnace|Herb Garden|Hospitaller|Infirmary|Joinery|Monastery|Pilgrimage Site|Preceptory,7,22
"KT/FarmTools/FullPlate [PrM, (EInd, EProw, SPie, NCun), Enduring, Nimble, Parry +1, Rec 6, Recover 7, Recover 8, Riposte, Shake+1, Temp]|M7",Knight Templar,Farm Tools,,Full Plate,,False,25,"Enduring,Parry +1,Nimble,Recover 8,Immune Blocked,Recover 7,Resolute,Recover 6,Parry,Tempered,Riposte,Shake +1",1500,,False,Abbey|Alchemy|Animal Husbandry|Apothecary|Armory|Blacksmith|Coliseum|Conditioning Field|Furnace|Gilded Foundry|Grand Tournament|Herb Garden|Hospitaller|Infirmary|Monastery|Pilgrimage Site|Preceptory|Tannery,7,22
"KT/FarmTools/Buckler/Cloth [PrM, (RInd, EProw, SPie, NCun), Nimble, Parry +1, Rec 6, Recover 8, Riposte, Shake+1]|M7",Knight Templar,Farm Tools,Buckler Shield,Cloth,,False,25,"Parry +1,Nimble,Recover 8,Immune Blocked,Resolute,Recover 6,Parry,Riposte,Shake +1",1800,,False,Abbey|Apothecary|Carpentry|Coliseum|Conditioning Field|Grand Tournament|Herb Garden|Hospitaller|Joinery|Monastery|Pilgrimage Site|Preceptory,7,19
"KT/Bastard/Tower/Chain [PrM, (EInd, EProw, SPie, NCun), Nimble, Parry +1, Rec 6, Riposte, Shake+1]|M7",Knight Templar,Bastard Sword,Tower Shield,Chainmail,,False,25,"Parry +1,Nimble,Immune Blocked,Resolute,Recover 6,Parry,Riposte,Shake +1",1400,,False,Abbey|Animal Husbandry|Armory|Blacksmith|Carpentry|Coliseum|Conditioning Field|Forge|Furnace|Grand Tournament|Hospitaller|Joinery|Monastery|Pilgrimage Site|Preceptory|Tannery,7,22
"KT/ShortSword/Targe/Cloth [PrM, (RInd, EProw, SPie, NCun), Enduring, Nimble, Rec 6, Recover 7, Recover 8, Shake+1]|M7",Knight Templar,Short Sword,Targe Shield,Cloth,,False,25,"Enduring,Nimble,Recover 8,Immune Blocked,Recover 7,Resolute,Recover 6,Parry,Shake +1",1700,,False,Abbey|Alchemy|Apothecary|Blacksmith|Carpentry|Conditioning Field|Furnace|Herb Garden|Hospitaller|Infirmary|Joinery|Monastery|Pilgrimage Site|Preceptory,7,19
"KT/WarHammer/FullPlate [PrM, (EInd, EProw, SPie, NCun), Enduring, Nimble, Rec 6, Recover 7, Recover 8, Shake+1, Temp]|M7",Knight Templar,War Hammer,,Full Plate,,False,25,"Enduring,Nimble,Recover 8,Immune Blocked,Recover 7,Resolute,Recover 6,Parry,Tempered,Shake +1",1500,,False,Abbey|Alchemy|Animal Husbandry|Apothecary|Armory|Blacksmith|Conditioning Field|Forge|Furnace|Gilded Foundry|Herb Garden|Hospitaller|Infirmary|Monastery|Pilgrimage Site|Preceptory|Tannery,7,22
"KT/Pitchfork/Cloth [PrM, (NInd, EProw, SPie, NCun), Enduring, Nimble, Rec 6, Recover 7, Recover 8, Shake+1]|M7",Knight Templar,Pitchfork,,Cloth,,False,25,"Enduring,Nimble,Recover 8,Immune Blocked,Recover 7,Resolute,Recover 6,Parry,Shake +1",1200,,False,Abbey|Alchemy|Animal Husbandry|Apothecary|Butchery|Conditioning Field|Herb Garden|Hospitaller|Infirmary|Monastery|Pilgrimage Site|Preceptory|Tannery,7,16
"KT/FarmTools/Tower/Chain [PrM, (EInd, EProw, SPie, NCun), Nimble, Rec 6, Shake+1]|M7",Knight Templar,Farm Tools,Tower Shield,Chainmail,,False,25,"Nimble,Parry,Recover 6,Immune Blocked,Shake +1,Resolute",1400,,False,Abbey|Animal Husbandry|Armory|Blacksmith|Carpentry|Conditioning Field|Forge|Furnace|Hospitaller|Joinery|Monastery|Pilgrimage Site|Preceptory|Tannery,7,22
"KT/2HBastard/Cloth [PrM, (EInd, EProw, SPie, NCun), Nimble, Rec 6, Recover 8, Shake+1]|M7",Knight Templar,2HBastard,,Cloth,,False,25,"Nimble,Recover 6,Recover 8,Parry,Immune Blocked,Shake +1,Resolute",2000,,False,Abbey|Apothecary|Blacksmith|Conditioning Field|Forge|Furnace|Herb Garden|Hospitaller|Monastery|Pilgrimage Site|Preceptory,7,22
"KT/BattleAxe/Leather [PrM, (RInd, EProw, SPie, NCun), Enduring, Nimble, Parry +1, Rec 6, Recover 7, Recover 8, Riposte, Shake+1]|M7",Knight Templar,Battle Axe,,Leather,,False,25,"Enduring,Parry +1,Nimble,Recover 8,Immune Blocked,Recover 7,Resolute,Recover 6,Parry,Riposte,Shake +1",1700,,False,Abbey|Alchemy|Animal Husbandry|Apothecary|Blacksmith|Coliseum|Conditioning Field|Furnace|Grand Tournament|Herb Garden|Hospitaller|Infirmary|Monastery|Pilgrimage Site|Preceptory|Tannery,7,19
"KT/WarHammer/FullPlate [RoPaM, PrM, (EInd, SProw, SPie, NCun), Parry +1, Rec 6, Shake+1, Temp]|M7",Knight Templar,War Hammer,,Full Plate,,False,25,"Parry +1,Immune Blocked,Immune Strain,Resolute,Recover 6,Parry,Tempered,Drilled,Shake +1",1600,,False,Abbey|Animal Husbandry|Armory|Blacksmith|Forge|Furnace|Gilded Foundry|Grand Tournament|Hospitaller|Monastery|Pilgrimage Site|Preceptory|Royal Pavilion|Tannery|Tiltyard,7,26
"KT/Arming/Kite/Leather [RoPaI, PrM, (RInd, SProw, SPie, NCun), Rec 6, Shake+1]|M7",Knight Templar,Arming Sword,Kite Shield,Leather,,False,25,"Parry,Recover 6,Shake +1,Immune Blocked,Immune Strain,Resolute",1400,,False,Abbey|Animal Husbandry|Armory|Blacksmith|Carpentry|Furnace|Hospitaller|Joinery|Monastery|Pilgrimage Site|Preceptory|Royal Pavilion|Tannery,7,23
"KT/Halberd/Leather [PrM, MiMiStM, (RInd, SProw, SPie, NCun), Rec 6, Shake+1]|M7",Knight Templar,Halberd,,Leather,,False,25,"Parry +1,Immune Blocked,MaxInit3,Resolute,Init +1,Recover 6,Seize: first,Parry,Crit 8,Shake +1",1800,,False,Abbey|Animal Husbandry|Blacksmith|Furnace|Hospitaller|Ministry of Military Strategy|Monastery|Pilgrimage Site|Preceptory|Tannery|University|War College,7,23
"KT/FarmTools/Targe/Leather [PrM, (RInd, EProw, SPie, NCun), Nimble, Rec 6, Shake+1]|M7",Knight Templar,Farm Tools,Targe Shield,Leather,,False,25,"Nimble,Parry,Recover 6,Immune Blocked,Shake +1,Resolute",1600,,False,Abbey|Animal Husbandry|Blacksmith|Carpentry|Conditioning Field|Furnace|Hospitaller|Joinery|Monastery|Pilgrimage Site|Preceptory|Tannery,7,19
"KT/Cudgel/Chain [PrM, (RInd, EProw, SPie, NCun), Enduring, Nimble, Rec 6, Recover 7, Recover 8, Shake+1]|M7",Knight Templar,Cudgel,,Chainmail,,False,25,"Enduring,Nimble,Recover 8,Immune Blocked,Recover 7,Resolute,Recover 6,Parry,Shake +1",1500,,False,Abbey|Alchemy|Animal Husbandry|Apothecary|Armory|Blacksmith|Conditioning Field|Furnace|Herb Garden|Hospitaller|Infirmary|Monastery|Pilgrimage Site|Preceptory|Tannery,7,19
"KT/BattleAxe/Chain [PrM, MiMiStI, (RInd, SProw, SPie, NCun), Enduring, Rec 6, Recover 7, Recover 8, Shake+1]|M7",Knight Templar,Battle Axe,,Chainmail,,False,25,"Enduring,Recover 8,Immune Blocked,Recover 7,MaxInit3,Resolute,Recover 6,Seize: first,Parry,Init +1,Shake +1",1500,,False,Abbey|Alchemy|Animal Husbandry|Apothecary|Armory|Blacksmith|Furnace|Herb Garden|Hospitaller|Infirmary|Ministry of Military Strategy|Monastery|Pilgrimage Site|Preceptory|Tannery,7,23
"KT/Pike/Leather [PrM, MiMiStI, (RInd, SProw, SPie, NCun), Enduring, Rec 6, Recover 7, Recover 8, Shake+1]|M7",Knight Templar,Pike,,Leather,,False,25,"Enduring,Recover 8,Immune Blocked,Recover 7,MaxInit3,Resolute,Recover 6,Seize: first,Parry,Init +1,Shake +1",1700,,False,Abbey|Alchemy|Animal Husbandry|Apothecary|Blacksmith|Furnace|Herb Garden|Hospitaller|Infirmary|Ministry of Military Strategy|Monastery|Pilgrimage Site|Preceptory|Tannery,7,23
"KT/ShortSword/Kite/Chain [PrM, (RInd, EProw, SPie, NCun), Nimble, Rec 6, Shake+1]|M7",Knight Templar,Short Sword,Kite Shield,Chainmail,,False,25,"Nimble,Parry,Recover 6,Immune Blocked,Shake +1,Resolute",1400,,False,Abbey|Animal Husbandry|Armory|Blacksmith|Carpentry|Conditioning Field|Furnace|Hospitaller|Joinery|Monastery|Pilgrimage Site|Preceptory|Tannery,7,19
"KT/Daggers/Chain [PrM, (RInd, EProw, SPie, NCun), Enduring, Nimble, Rec 6, Recover 7, Recover 8, Shake+1]|M7",Knight Templar,Daggers,,Chainmail,,False,25,"Enduring,Nimble,Recover 8,Immune Blocked,Recover 7,Resolute,Recover 6,Parry,Shake +1",1500,,False,Abbey|Alchemy|Animal Husbandry|Apothecary|Armory|Blacksmith|Conditioning Field|Furnace|Herb Garden|Hospitaller|Infirmary|Monastery|Pilgrimage Site|Preceptory|Tannery,7,19
"KT/FarmTools/Leather [PrM, (NInd, EProw, SPie, NCun), Nimble, Rec 6, Recover 8, Shake+1]|M7",Knight Templar,Farm Tools,,Leather,,False,25,"Nimble,Recover 6,Recover 8,Parry,Immune Blocked,Shake +1,Resolute",1800,,False,Abbey|Animal Husbandry|Apothecary|Conditioning Field|Herb Garden|Hospitaller|Monastery|Pilgrimage Site|Preceptory|Tannery,7,16
"KT/Cudgel/Leather [PrM, (NInd, EProw, SPie, NCun), Nimble, Rec 6, Recover 8, Shake+1]|M7",Knight Templar,Cudgel,,Leather,,False,25,"Nimble,Recover 6,Recover 8,Parry,Immune Blocked,Shake +1,Resolute",1800,,False,Abbey|Animal Husbandry|Apothecary|Conditioning Field|Herb Garden|Hospitaller|Monastery|Pilgrimage Site|Preceptory|Tannery,7,16
"KT/Pitchfork/Chain [PrM, (RInd, EProw, SPie, NCun), Enduring, Nimble, Rec 6, Recover 7, Recover 8, Shake+1]|M7",Knight Templar,Pitchfork,,Chainmail,,False,25,"Enduring,Nimble,Recover 8,Immune Blocked,Recover 7,Resolute,Recover 6,Parry,Shake +1",1500,,False,Abbey|Alchemy|Animal Husbandry|Apothecary|Armory|Blacksmith|Conditioning Field|Furnace|Herb Garden|Hospitaller|Infirmary|Monastery|Pilgrimage Site|Preceptory|Tannery,7,19
"KT/FarmTools/Targe/Cloth [PrM, (RInd, EProw, SPie, NCun), Enduring, Nimble, Rec 6, Recover 7, Recover 8, Shake+1]|M7",Knight Templar,Farm Tools,Targe Shield,Cloth,,False,25,"Enduring,Nimble,Recover 8,Immune Blocked,Recover 7,Resolute,Recover 6,Parry,Shake +1",1700,,False,Abbey|Alchemy|Apothecary|Blacksmith|Carpentry|Conditioning Field|Furnace|Herb Garden|Hospitaller|Infirmary|Joinery|Monastery|Pilgrimage Site|Preceptory,7,19
"KT/Pitchfork/Leather [PrM, (NInd, EProw, SPie, NCun), Nimble, Rec 6, Recover 8, Shake+1]|M7",Knight Templar,Pitchfork,,Leather,,False,25,"Nimble,Recover 6,Recover 8,Parry,Immune Blocked,Shake +1,Resolute",1800,,False,Abbey|Animal Husbandry|Apothecary|Conditioning Field|Herb Garden|Hospitaller|Monastery|Pilgrimage Site|Preceptory|Tannery,7,16
"KT/Spears/Tower/Leather [PrM, (EInd, EProw, SPie, NCun), Nimble, Rec 6, Shake+1]|M7",Knight Templar,Spears,Tower Shield,Leather,,False,25,"Nimble,Parry,Recover 6,Immune Blocked,Shake +1,Resolute",1600,,False,Abbey|Animal Husbandry|Blacksmith|Carpentry|Conditioning Field|Forge|Furnace|Hospitaller|Joinery|Monastery|Pilgrimage Site|Preceptory|Tannery,7,22
"KT/Halberd/FullPlate [PrM, (EInd, EProw, SPie, NCun), Enduring, Nimble, Rec 6, Recover 7, Recover 8, Shake+1, Temp]|M7",Knight Templar,Halberd,,Full Plate,,False,25,"Enduring,Nimble,Recover 8,Immune Blocked,Recover 7,Resolute,Recover 6,Parry,Tempered,Shake +1",1500,,False,Abbey|Alchemy|Animal Husbandry|Apothecary|Armory|Blacksmith|Conditioning Field|Furnace|Gilded Foundry|Herb Garden|Hospitaller|Infirmary|Monastery|Pilgrimage Site|Preceptory|Tannery,7,22
"KT/FarmTools/Kite/FullPlate [PrM, (EInd, EProw, SPie, NCun), Nimble, Rec 6, Shake+1, Temp]|M7",Knight Templar,Farm Tools,Kite Shield,Full Plate,,False,25,"Nimble,Recover 6,Parry,Tempered,Immune Blocked,Shake +1,Resolute",1400,,False,Abbey|Animal Husbandry|Armory|Blacksmith|Carpentry|Conditioning Field|Furnace|Gilded Foundry|Hospitaller|Joinery|Monastery|Pilgrimage Site|Preceptory|Tannery,7,22
"KT/Cavalry Spear/Kite/FullPlate [PrM, (EInd, EProw, SPie, NCun), Nimble, Rec 6, Shake+1, Temp]|M7",Knight Templar,Cavalry Spear,Kite Shield,Full Plate,,False,25,"Nimble,Recover 6,Parry,Tempered,Immune Blocked,Shake +1,Resolute",1400,,False,Abbey|Animal Husbandry|Armory|Blacksmith|Carpentry|Conditioning Field|Furnace|Gilded Foundry|Hospitaller|Joinery|Monastery|Pilgrimage Site|Preceptory|Tannery,7,22
"KT/Morningstar/Tower/Cloth [PrM, MiMiStM, (EInd, SProw, SPie, NCun), Rec 6, Shake+1]|M7",Knight Templar,Morningstar,Tower Shield,Cloth,,False,25,"Parry +1,Immune Blocked,MaxInit3,Resolute,Init +1,Recover 6,Seize: first,Parry,Crit 8,Shake +1",1800,,False,Abbey|Blacksmith|Carpentry|Forge|Furnace|Hospitaller|Joinery|Ministry of Military Strategy|Monastery|Pilgrimage Site|Preceptory|University|War College,7,26
"KT/Spears/Targe/Leather [PrM, (RInd, EProw, SPie, NCun), Nimble, Rec 6, Shake+1]|M7",Knight Templar,Spears,Targe Shield,Leather,,False,25,"Nimble,Parry,Recover 6,Immune Blocked,Shake +1,Resolute",1600,,False,Abbey|Animal Husbandry|Blacksmith|Carpentry|Conditioning Field|Furnace|Hospitaller|Joinery|Monastery|Pilgrimage Site|Preceptory|Tannery,7,19
"KT/Flail/Kite/FullPlate [PrM, (EInd, EProw, SPie, NCun), Nimble, Parry +1, Rec 6, Riposte, Shake+1, Temp]|M7",Knight Templar,Flail,Kite Shield,Full Plate,,False,25,"Parry +1,Nimble,Immune Blocked,Resolute,Recover 6,Parry,Tempered,Riposte,Shake +1",1400,,False,Abbey|Animal Husbandry|Armory|Blacksmith|Carpentry|Coliseum|Conditioning Field|Furnace|Gilded Foundry|Grand Tournament|Hospitaller|Joinery|Monastery|Pilgrimage Site|Preceptory|Tannery,7,22
"KT/Lance/Buckler/FullPlate [PrM, (EInd, EProw, SPie, NCun), Nimble, Rec 6, Shake+1, Temp]|M7",Knight Templar,Lance,Buckler Shield,Full Plate,,False,25,"Nimble,Recover 6,Parry,Tempered,Immune Blocked,Shake +1,Resolute",1400,,False,Abbey|Animal Husbandry|Armory|Blacksmith|Carpentry|Conditioning Field|Forge|Furnace|Gilded Foundry|Hospitaller|Joinery|Monastery|Pilgrimage Site|Preceptory|Tannery,7,22
"KT/Spears/Tower/Chain [PrM, (EInd, EProw, SPie, NCun), Nimble, Rec 6, Shake+1]|M7",Knight Templar,Spears,Tower Shield,Chainmail,,False,25,"Nimble,Parry,Recover 6,Immune Blocked,Shake +1,Resolute",1400,,False,Abbey|Animal Husbandry|Armory|Blacksmith|Carpentry|Conditioning Field|Forge|Furnace|Hospitaller|Joinery|Monastery|Pilgrimage Site|Preceptory|Tannery,7,22
"KT/FarmTools/Targe/FullPlate [PrM, (EInd, EProw, SPie, NCun), Nimble, Rec 6, Shake+1, Temp]|M7",Knight Templar,Farm Tools,Targe Shield,Full Plate,,False,25,"Nimble,Recover 6,Parry,Tempered,Immune Blocked,Shake +1,Resolute",1400,,False,Abbey|Animal Husbandry|Armory|Blacksmith|Carpentry|Conditioning Field|Furnace|Gilded Foundry|Hospitaller|Joinery|Monastery|Pilgrimage Site|Preceptory|Tannery,7,22
"KT/Flail/Tower/Leather [PrM, (EInd, EProw, SPie, NCun), Nimble, Rec 6, Shake+1]|M7",Knight Templar,Flail,Tower Shield,Leather,,False,25,"Nimble,Parry,Recover 6,Immune Blocked,Shake +1,Resolute",1600,,False,Abbey|Animal Husbandry|Blacksmith|Carpentry|Conditioning Field|Forge|Furnace|Hospitaller|Joinery|Monastery|Pilgrimage Site|Preceptory|Tannery,7,22
"KT/Arming/Tower/Chain [PrM, MiMiStI, (EInd, SProw, SPie, NCun), Rec 6, Shake+1]|M7",Knight Templar,Arming Sword,Tower Shield,Chainmail,,False,25,"Immune Blocked,MaxInit3,Resolute,Recover 6,Seize: first,Parry,Init +1,Shake +1",1400,,False,Abbey|Animal Husbandry|Armory|Blacksmith|Carpentry|Forge|Furnace|Hospitaller|Joinery|Ministry of Military Strategy|Monastery|Pilgrimage Site|Preceptory|Tannery,7,26
"KT/Spears/Kite/Leather [PrM, (RInd, EProw, SPie, NCun), Nimble, Rec 6, Shake+1]|M7",Knight Templar,Spears,Kite Shield,Leather,,False,25,"Nimble,Parry,Recover 6,Immune Blocked,Shake +1,Resolute",1400,,False,Abbey|Animal Husbandry|Armory|Blacksmith|Carpentry|Conditioning Field|Furnace|Hospitaller|Joinery|Monastery|Pilgrimage Site|Preceptory|Tannery,7,19
"KT/Flail/Kite/Leather [PrM, OuInPoI, (RInd, EProw, SPie, SCun), Rec 6, Shake+1]|M7",Knight Templar,Flail,Kite Shield,Leather,,False,25,"Immune Blocked,Resolute,Outrider: once,confers:Strain,Parry,Recover 6,confers:Blocked,Shake +1",1400,,False,Abbey|Animal Husbandry|Armory|Blacksmith|Carpentry|Furnace|Hospitaller|Joinery|Monastery|Outrider Intercept Post|Pilgrimage Site|Preceptory|Tannery,7,29
"KT/FarmTools/Buckler/FullPlate [PrM, (EInd, EProw, SPie, NCun), Nimble, Rec 6, Shake+1, Temp]|M7",Knight Templar,Farm Tools,Buckler Shield,Full Plate,,False,25,"Nimble,Recover 6,Parry,Tempered,Immune Blocked,Shake +1,Resolute",1400,,False,Abbey|Animal Husbandry|Armory|Blacksmith|Carpentry|Conditioning Field|Furnace|Gilded Foundry|Hospitaller|Joinery|Monastery|Pilgrimage Site|Preceptory|Tannery,7,22
"KT/Flail/Tower/Chain [PrM, (EInd, EProw, SPie, NCun), Nimble, Rec 6, Shake+1]|M7",Knight Templar,Flail,Tower Shield,Chainmail,,False,25,"Nimble,Parry,Recover 6,Immune Blocked,Shake +1,Resolute",1400,,False,Abbey|Animal Husbandry|Armory|Blacksmith|Carpentry|Conditioning Field|Forge|Furnace|Hospitaller|Joinery|Monastery|Pilgrimage Site|Preceptory|Tannery,7,22
"KT/Bastard/Tower/Chain [PrM, (EInd, EProw, SPie, NCun), Nimble, Rec 6, Shake+1]|M7",Knight Templar,Bastard Sword,Tower Shield,Chainmail,,False,25,"Nimble,Parry,Recover 6,Immune Blocked,Shake +1,Resolute",1400,,False,Abbey|Animal Husbandry|Armory|Blacksmith|Carpentry|Conditioning Field|Forge|Furnace|Hospitaller|Joinery|Monastery|Pilgrimage Site|Preceptory|Tannery,7,22
