name,retinue,weapon,shield,armor,ranged,has_tiltyard,size,extra_tags,upkeep_per_retinue,playstyle,tiltyard_mastery,pursuits,military_pursuit_count,domain_count
"MaA/FarmTools/Cloth [(NInd, RProw, NPie, NCun), Nimble]|M1",Man-at-Arms,Farm Tools,,Cloth,,False,25,"Nimble,Immune Blocked",2000,,False,Coliseum|Conditioning Field,1,3
"MaA/Cudgel/Cloth [(NInd, RProw, NPie, NCun), Nimble]|M1",Man-at-Arms,Cudgel,,Cloth,,False,25,"Nimble,Immune Blocked",2000,,False,Coliseum|Conditioning Field,1,3
"MaA/Pitchfork/Cloth [(NInd, RProw, NPie, NCun), Nimble]|M1",Man-at-Arms,Pitchfork,,Cloth,,False,25,"Nimble,Immune Blocked",2000,,False,Coliseum|Conditioning Field,1,3
"MaA/FarmTools/Cloth [(NInd, RProw, NPie, NCun), Nimble]|M2",Man-at-Arms,Farm Tools,,Cloth,,False,25,"Nimble,Immune Blocked",2000,,False,Coliseum|Conditioning Field|Stable,2,3
"MaA/FarmTools/Cloth [RoPaM, (NInd, SProw, NPie, NCun), Nimble, Riposte]|M2",Man-at-Arms,Farm Tools,,Cloth,,False,25,"Strike +1,Nimble,Parry,Parry +1,Riposte,Crit 8,Immune Blocked,Immune Strain",2000,,False,Coliseum|Conditioning Field|Grand Tournament|Royal Pavilion|Tiltyard,2,10
"MaA/FarmTools/Buckler/Cloth [(RInd, RProw, NPie, NCun), Nimble]|M2",Man-at-Arms,Farm Tools,Buckler Shield,Cloth,,False,25,"Nimble,Immune Blocked",1800,,False,Carpentry|Coliseum|Conditioning Field|Joinery,2,6
"MaA/FarmTools/Leather [(NInd, RProw, NPie, NCun), Nimble]|M2",Man-at-Arms,Farm Tools,,Leather,,False,25,"Nimble,Immune Blocked",1800,,False,Animal Husbandry|Coliseum|Conditioning Field|Tannery,2,3
"MaA/Cudgel/Cloth [(NInd, RProw, NPie, NCun), Nimble]|M2",Man-at-Arms,Cudgel,,Cloth,,False,25,"Nimble,Immune Blocked",2000,,False,Coliseum|Conditioning Field|Stable,2,3
"MaA/Cudgel/Leather [(NInd, RProw, NPie, NCun), Nimble]|M2",Man-at-Arms,Cudgel,,Leather,,False,25,"Nimble,Immune Blocked",1800,,False,Animal Husbandry|Coliseum|Conditioning Field|Tannery,2,3
"MaA/Pitchfork/Cloth [(NInd, RProw, NPie, NCun), Nimble]|M2",Man-at-Arms,Pitchfork,,Cloth,,False,25,"Nimble,Immune Blocked",2000,,False,Coliseum|Conditioning Field|Stable,2,3
"MaA/Pitchfork/Cloth [RoPaM, (NInd, SProw, NPie, NCun), Nimble, Riposte]|M2",Man-at-Arms,Pitchfork,,Cloth,,False,25,"Strike +1,Nimble,Parry,Parry +1,Riposte,Crit 8,Immune Blocked,Immune Strain",2000,,False,Coliseum|Conditioning Field|Grand Tournament|Royal Pavilion|Tiltyard,2,10
"MaA/Pitchfork/Leather [(NInd, RProw, NPie, NCun), Nimble]|M2",Man-at-Arms,Pitchfork,,Leather,,False,25,"Nimble,Immune Blocked",1800,,False,Animal Husbandry|Coliseum|Conditioning Field|Tannery,2,3
"MaA/Daggers/Cloth [(NInd, RProw, NPie, NCun), Nimble]|M2",Man-at-Arms,Daggers,,Cloth,,False,25,"Nimble,Immune Blocked",2000,,False,Coliseum|Conditioning Field|Furnace,2,3
"MaA/Pike/Cloth [(RInd, RProw, NPie, NCun), Nimble]|M2",Man-at-Arms,Pike,,Cloth,,False,25,"Nimble,Immune Blocked",2000,,False,Blacksmith|Coliseum|Conditioning Field|Furnace,2,6
"MaA/Halberd/Cloth [(RInd, RProw, NPie, NCun), Nimble]|M2",Man-at-Arms,Halberd,,Cloth,,False,25,"Nimble,Immune Blocked",2000,,False,Blacksmith|Coliseum|Conditioning Field|Furnace,2,6
"MaA/BattleAxe/Cloth [(RInd, EProw, NPie, NCun), Nimble, Parry +1, Riposte]|M2",Man-at-Arms,Battle Axe,,Cloth,,False,25,"Parry +1,Riposte,Nimble,Immune Blocked,Parry",2000,,False,Blacksmith|Coliseum|Conditioning Field|Furnace|Grand Tournament,2,9
"MaA/BattleAxe/Cloth [(RInd, RProw, NPie, NCun), Nimble]|M2",Man-at-Arms,Battle Axe,,Cloth,,False,25,"Nimble,Immune Blocked",2000,,False,Blacksmith|Coliseum|Conditioning Field|Furnace,2,6
"MaA/2HBastard/Cloth [(EInd, RProw, NPie, NCun), Nimble]|M2",Man-at-Arms,2HBastard,,Cloth,,False,25,"Nimble,Immune Blocked",2000,,False,Blacksmith|Coliseum|Conditioning Field|Forge|Furnace,2,9
"MaA/WarHammer/Cloth [(EInd, RProw, NPie, NCun), Nimble]|M2",Man-at-Arms,War Hammer,,Cloth,,False,25,"Nimble,Immune Blocked",2000,,False,Blacksmith|Coliseum|Conditioning Field|Forge|Furnace,2,9
"MaA/FarmTools/Cloth [(NInd, RProw, NPie, NCun), Nimble, Recover 8]|M3",Man-at-Arms,Farm Tools,,Cloth,,False,25,"Recover 8,Nimble,Immune Blocked",2000,,False,Apothecary|Coliseum|Conditioning Field|Herb Garden,3,3
"MaA/FarmTools/Cloth [RoPaM, (NInd, SProw, NPie, NCun), Nimble, Riposte]|M3",Man-at-Arms,Farm Tools,,Cloth,,False,25,"Strike +1,Nimble,Parry,Parry +1,Riposte,Crit 8,Immune Blocked,Immune Strain",2000,,False,Coliseum|Conditioning Field|Grand Tournament|Royal Pavilion|Stable|Tiltyard,3,10
"MaA/FarmTools/Buckler/Cloth [(RInd, RProw, NPie, NCun), Nimble]|M3",Man-at-Arms,Farm Tools,Buckler Shield,Cloth,,False,25,"Nimble,Immune Blocked",1800,,False,Carpentry|Coliseum|Conditioning Field|Joinery|Stable,3,6
"MaA/FarmTools/Targe/Cloth [(RInd, RProw, NPie, NCun), Nimble]|M3",Man-at-Arms,Farm Tools,Targe Shield,Cloth,,False,25,"Nimble,Immune Blocked",1800,,False,Blacksmith|Carpentry|Coliseum|Conditioning Field|Furnace|Joinery,3,6
"MaA/FarmTools/Tower/Cloth [(EInd, RProw, NPie, NCun), Nimble]|M3",Man-at-Arms,Farm Tools,Tower Shield,Cloth,,False,25,"Nimble,Immune Blocked",1800,,False,Blacksmith|Carpentry|Coliseum|Conditioning Field|Forge|Furnace|Joinery,3,9
"MaA/FarmTools/Leather [(NInd, RProw, NPie, NCun), Nimble]|M3",Man-at-Arms,Farm Tools,,Leather,,False,25,"Nimble,Immune Blocked",1300,,False,Animal Husbandry|Butchery|Coliseum|Conditioning Field|Tannery,3,3
"MaA/FarmTools/Buckler/Leather [(RInd, RProw, NPie, NCun), Nimble]|M3",Man-at-Arms,Farm Tools,Buckler Shield,Leather,,False,25,"Nimble,Immune Blocked",1600,,False,Animal Husbandry|Carpentry|Coliseum|Conditioning Field|Joinery|Tannery,3,6
"MaA/FarmTools/Chain [(RInd, RProw, NPie, NCun), Nimble]|M3",Man-at-Arms,Farm Tools,,Chainmail,,False,25,"Nimble,Immune Blocked",1600,,False,Animal Husbandry|Armory|Blacksmith|Coliseum|Conditioning Field|Furnace|Tannery,3,6
"MaA/FarmTools/FullPlate [(EInd, EProw, NPie, NCun), Nimble, Parry +1, Temp, Riposte]|M3",Man-at-Arms,Farm Tools,,Full Plate,,False,25,"Parry +1,Immune Blocked,Riposte,Planishing,Nimble,Parry",1600,,False,Animal Husbandry|Armory|Blacksmith|Coliseum|Conditioning Field|Furnace|Gilded Foundry|Grand Tournament|Tannery,3,12
"MaA/FarmTools/FullPlate [(EInd, RProw, NPie, NCun), Nimble, Temp]|M3",Man-at-Arms,Farm Tools,,Full Plate,,False,25,"Nimble,Immune Blocked,Planishing",1600,,False,Animal Husbandry|Armory|Blacksmith|Coliseum|Conditioning Field|Furnace|Gilded Foundry|Tannery,3,9
"MaA/Cudgel/Cloth [(NInd, RProw, NPie, NCun), Nimble, Recover 8]|M3",Man-at-Arms,Cudgel,,Cloth,,False,25,"Recover 8,Nimble,Immune Blocked",2000,,False,Apothecary|Coliseum|Conditioning Field|Herb Garden,3,3
"MaA/Cudgel/Leather [(NInd, RProw, NPie, NCun), Nimble]|M3",Man-at-Arms,Cudgel,,Leather,,False,25,"Nimble,Immune Blocked",1300,,False,Animal Husbandry|Butchery|Coliseum|Conditioning Field|Tannery,3,3
"MaA/Cudgel/Chain [(RInd, RProw, NPie, NCun), Nimble]|M3",Man-at-Arms,Cudgel,,Chainmail,,False,25,"Nimble,Immune Blocked",1600,,False,Animal Husbandry|Armory|Blacksmith|Coliseum|Conditioning Field|Furnace|Tannery,3,6
"MaA/Cudgel/Chain [(RInd, EProw, NPie, NCun), Nimble, Parry +1, Riposte]|M3",Man-at-Arms,Cudgel,,Chainmail,,False,25,"Parry +1,Riposte,Nimble,Immune Blocked,Parry",1600,,False,Animal Husbandry|Armory|Blacksmith|Coliseum|Conditioning Field|Furnace|Grand Tournament|Tannery,3,9
"MaA/Cudgel/FullPlate [(EInd, RProw, NPie, NCun), Nimble, Temp]|M3",Man-at-Arms,Cudgel,,Full Plate,,False,25,"Nimble,Immune Blocked,Planishing",1600,,False,Animal Husbandry|Armory|Blacksmith|Coliseum|Conditioning Field|Furnace|Gilded Foundry|Tannery,3,9
"MaA/Pitchfork/Cloth [(NInd, RProw, NPie, NCun), Nimble, Recover 8]|M3",Man-at-Arms,Pitchfork,,Cloth,,False,25,"Recover 8,Nimble,Immune Blocked",2000,,False,Apothecary|Coliseum|Conditioning Field|Herb Garden,3,3
"MaA/Pitchfork/Cloth [RoPaM, (NInd, SProw, NPie, NCun), Nimble, Riposte]|M3",Man-at-Arms,Pitchfork,,Cloth,,False,25,"Strike +1,Nimble,Parry,Parry +1,Riposte,Crit 8,Immune Blocked,Immune Strain",2000,,False,Coliseum|Conditioning Field|Grand Tournament|Royal Pavilion|Stable|Tiltyard,3,10
"MaA/Pitchfork/Leather [(NInd, RProw, NPie, NCun), Nimble]|M3",Man-at-Arms,Pitchfork,,Leather,,False,25,"Nimble,Immune Blocked",1300,,False,Animal Husbandry|Butchery|Coliseum|Conditioning Field|Tannery,3,3
"MaA/Pitchfork/Chain [(RInd, EProw, NPie, NCun), Nimble, Parry +1, Riposte]|M3",Man-at-Arms,Pitchfork,,Chainmail,,False,25,"Parry +1,Riposte,Nimble,Immune Blocked,Parry",1600,,False,Animal Husbandry|Armory|Blacksmith|Coliseum|Conditioning Field|Furnace|Grand Tournament|Tannery,3,9
"MaA/Pitchfork/FullPlate [(EInd, RProw, NPie, NCun), Nimble, Temp]|M3",Man-at-Arms,Pitchfork,,Full Plate,,False,25,"Nimble,Immune Blocked,Planishing",1600,,False,Animal Husbandry|Armory|Blacksmith|Coliseum|Conditioning Field|Furnace|Gilded Foundry|Tannery,3,9
"MaA/Pitchfork/FullPlate [(EInd, EProw, NPie, NCun), Nimble, Parry +1, Temp, Riposte]|M3",Man-at-Arms,Pitchfork,,Full Plate,,False,25,"Parry +1,Immune Blocked,Riposte,Planishing,Nimble,Parry",1600,,False,Animal Husbandry|Armory|Blacksmith|Coliseum|Conditioning Field|Furnace|Gilded Foundry|Grand Tournament|Tannery,3,12
"MaA/Daggers/Cloth [(EInd, RProw, NPie, NCun), Nimble, Serr]|M3",Man-at-Arms,Daggers,,Cloth,,False,25,"Nimble,Serrated,Immune Blocked",1800,,False,Blacksmith|Coliseum|Conditioning Field|Furnace|Master Workshop,3,9
"MaA/Daggers/Cloth [MiMiStI, (NInd, SProw, NPie, NCun), Nimble]|M3",Man-at-Arms,Daggers,,Cloth,,False,25,"Init +1,Immune Blocked,MaxInit3,Seize: first,Nimble,Parry",2000,,False,Coliseum|Conditioning Field|Furnace|Ministry of Military Strategy,3,10
"MaA/Daggers/Leather [(NInd, RProw, NPie, NCun), Nimble]|M3",Man-at-Arms,Daggers,,Leather,,False,25,"Nimble,Immune Blocked",1800,,False,Animal Husbandry|Coliseum|Conditioning Field|Furnace|Tannery,3,3
"MaA/Daggers/Chain [(RInd, RProw, NPie, NCun), Nimble]|M3",Man-at-Arms,Daggers,,Chainmail,,False,25,"Nimble,Immune Blocked",1600,,False,Animal Husbandry|Armory|Blacksmith|Coliseum|Conditioning Field|Furnace|Tannery,3,6
"MaA/Daggers/FullPlate [(EInd, RProw, NPie, NCun), Nimble, Temp]|M3",Man-at-Arms,Daggers,,Full Plate,,False,25,"Nimble,Immune Blocked,Planishing",1600,,False,Animal Husbandry|Armory|Blacksmith|Coliseum|Conditioning Field|Furnace|Gilded Foundry|Tannery,3,9
"MaA/ShortSword/Targe/Cloth [(RInd, RProw, NPie, NCun), Nimble]|M3",Man-at-Arms,Short Sword,Targe Shield,Cloth,,False,25,"Nimble,Immune Blocked",1800,,False,Blacksmith|Carpentry|Coliseum|Conditioning Field|Furnace|Joinery,3,6
"MaA/ShortSword/Tower/Cloth [(EInd, EProw, NPie, NCun), Nimble, Parry +1, Riposte]|M3",Man-at-Arms,Short Sword,Tower Shield,Cloth,,False,25,"Parry +1,Riposte,Nimble,Immune Blocked,Parry",1800,,False,Blacksmith|Carpentry|Coliseum|Conditioning Field|Forge|Furnace|Grand Tournament|Joinery,3,12
"MaA/ShortSword/Tower/Cloth [(EInd, RProw, NPie, NCun), Nimble]|M3",Man-at-Arms,Short Sword,Tower Shield,Cloth,,False,25,"Nimble,Immune Blocked",1800,,False,Blacksmith|Carpentry|Coliseum|Conditioning Field|Forge|Furnace|Joinery,3,9
"MaA/Spears/Targe/Cloth [(RInd, RProw, NPie, NCun), Nimble]|M3",Man-at-Arms,Spears,Targe Shield,Cloth,,False,25,"Nimble,Immune Blocked",1800,,False,Blacksmith|Carpentry|Coliseum|Conditioning Field|Furnace|Joinery,3,6
"MaA/Spears/Tower/Cloth [(EInd, RProw, NPie, NCun), Nimble]|M3",Man-at-Arms,Spears,Tower Shield,Cloth,,False,25,"Nimble,Immune Blocked",1800,,False,Blacksmith|Carpentry|Coliseum|Conditioning Field|Forge|Furnace|Joinery,3,9
"MaA/Arming/Tower/Cloth [(EInd, EProw, NPie, NCun), Nimble, Parry +1, Riposte]|M3",Man-at-Arms,Arming Sword,Tower Shield,Cloth,,False,25,"Parry +1,Riposte,Nimble,Immune Blocked,Parry",1800,,False,Blacksmith|Carpentry|Coliseum|Conditioning Field|Forge|Furnace|Grand Tournament|Joinery,3,12
"MaA/Arming/Tower/Cloth [(EInd, RProw, NPie, NCun), Nimble]|M3",Man-at-Arms,Arming Sword,Tower Shield,Cloth,,False,25,"Nimble,Immune Blocked",1800,,False,Blacksmith|Carpentry|Coliseum|Conditioning Field|Forge|Furnace|Joinery,3,9
"MaA/Pike/Cloth [(EInd, RProw, NPie, NCun), Nimble, Serr]|M3",Man-at-Arms,Pike,,Cloth,,False,25,"Nimble,Serrated,Immune Blocked",1800,,False,Blacksmith|Coliseum|Conditioning Field|Furnace|Master Workshop,3,9
"MaA/Pike/Cloth [OuInPoI, (RInd, RProw, NPie, SCun), Nimble]|M3",Man-at-Arms,Pike,,Cloth,,False,25,"confers:Strain,Immune Blocked,Outrider: once,Nimble,confers:Blocked",2000,,False,Blacksmith|Coliseum|Conditioning Field|Furnace|Outrider Intercept Post,3,16
"MaA/Pike/Leather [(RInd, EProw, NPie, NCun), Nimble, Parry +1, Riposte]|M3",Man-at-Arms,Pike,,Leather,,False,25,"Parry +1,Riposte,Nimble,Immune Blocked,Parry",1800,,False,Animal Husbandry|Blacksmith|Coliseum|Conditioning Field|Furnace|Grand Tournament|Tannery,3,9
"MaA/Pike/Leather [(RInd, RProw, NPie, NCun), Nimble]|M3",Man-at-Arms,Pike,,Leather,,False,25,"Nimble,Immune Blocked",1800,,False,Animal Husbandry|Blacksmith|Coliseum|Conditioning Field|Furnace|Tannery,3,6
"MaA/Pike/Chain [(RInd, RProw, NPie, NCun), Nimble]|M3",Man-at-Arms,Pike,,Chainmail,,False,25,"Nimble,Immune Blocked",1600,,False,Animal Husbandry|Armory|Blacksmith|Coliseum|Conditioning Field|Furnace|Tannery,3,6
"MaA/Pike/FullPlate [(EInd, RProw, NPie, NCun), Nimble, Temp]|M3",Man-at-Arms,Pike,,Full Plate,,False,25,"Nimble,Immune Blocked,Planishing",1600,,False,Animal Husbandry|Armory|Blacksmith|Coliseum|Conditioning Field|Furnace|Gilded Foundry|Tannery,3,9
"MaA/Flail/Tower/Cloth [(EInd, RProw, NPie, NCun), Nimble]|M3",Man-at-Arms,Flail,Tower Shield,Cloth,,False,25,"Nimble,Immune Blocked",1800,,False,Blacksmith|Carpentry|Coliseum|Conditioning Field|Forge|Furnace|Joinery,3,9
"MaA/Halberd/Cloth [(EInd, RProw, NPie, NCun), Nimble, Serr]|M3",Man-at-Arms,Halberd,,Cloth,,False,25,"Nimble,Serrated,Immune Blocked",1800,,False,Blacksmith|Coliseum|Conditioning Field|Furnace|Master Workshop,3,9
"MaA/Halberd/Cloth [PrI, (RInd, EProw, SPie, NCun), Nimble, Shake+1]|M3",Man-at-Arms,Halberd,,Cloth,,False,25,"Immune Blocked,Resolute,Shake +1,Nimble,Parry",2000,,False,Blacksmith|Coliseum|Conditioning Field|Furnace|Preceptory,3,19
"MaA/Halberd/Leather [(RInd, RProw, NPie, NCun), Nimble]|M3",Man-at-Arms,Halberd,,Leather,,False,25,"Nimble,Immune Blocked",1800,,False,Animal Husbandry|Blacksmith|Coliseum|Conditioning Field|Furnace|Tannery,3,6
"MaA/Halberd/Chain [(RInd, RProw, NPie, NCun), Nimble]|M3",Man-at-Arms,Halberd,,Chainmail,,False,25,"Nimble,Immune Blocked",1600,,False,Animal Husbandry|Armory|Blacksmith|Coliseum|Conditioning Field|Furnace|Tannery,3,6
"MaA/Halberd/Chain [(RInd, EProw, NPie, NCun), Nimble, Parry +1, Riposte]|M3",Man-at-Arms,Halberd,,Chainmail,,False,25,"Parry +1,Riposte,Nimble,Immune Blocked,Parry",1600,,False,Animal Husbandry|Armory|Blacksmith|Coliseum|Conditioning Field|Furnace|Grand Tournament|Tannery,3,9
"MaA/Halberd/FullPlate [(EInd, RProw, NPie, NCun), Nimble, Temp]|M3",Man-at-Arms,Halberd,,Full Plate,,False,25,"Nimble,Immune Blocked,Planishing",1600,,False,Animal Husbandry|Armory|Blacksmith|Coliseum|Conditioning Field|Furnace|Gilded Foundry|Tannery,3,9
"MaA/Halberd/FullPlate [(EInd, EProw, NPie, NCun), Nimble, Parry +1, Temp, Riposte]|M3",Man-at-Arms,Halberd,,Full Plate,,False,25,"Parry +1,Immune Blocked,Riposte,Planishing,Nimble,Parry",1600,,False,Animal Husbandry|Armory|Blacksmith|Coliseum|Conditioning Field|Furnace|Gilded Foundry|Grand Tournament|Tannery,3,12
"MaA/BattleAxe/Cloth [(EInd, EProw, NPie, NCun), Nimble, Parry +1, Riposte, Serr]|M3",Man-at-Arms,Battle Axe,,Cloth,,False,25,"Serrated,Parry +1,Riposte,Immune Blocked,Nimble,Parry",1800,,False,Blacksmith|Coliseum|Conditioning Field|Furnace|Grand Tournament|Master Workshop,3,12
"MaA/BattleAxe/Cloth [(RInd, EProw, NPie, NCun), Nimble, Parry +1, Riposte]|M3",Man-at-Arms,Battle Axe,,Cloth,,False,25,"Parry +1,Riposte,Nimble,Immune Blocked,Parry",2000,,False,Blacksmith|Coliseum|Conditioning Field|Furnace|Grand Tournament|Stable,3,9
"MaA/BattleAxe/Cloth [(EInd, RProw, NPie, NCun), Nimble, Serr]|M3",Man-at-Arms,Battle Axe,,Cloth,,False,25,"Nimble,Serrated,Immune Blocked",1800,,False,Blacksmith|Coliseum|Conditioning Field|Furnace|Master Workshop,3,9
"MaA/BattleAxe/Leather [(RInd, RProw, NPie, NCun), Nimble]|M3",Man-at-Arms,Battle Axe,,Leather,,False,25,"Nimble,Immune Blocked",1800,,False,Animal Husbandry|Blacksmith|Coliseum|Conditioning Field|Furnace|Tannery,3,6
"MaA/BattleAxe/Chain [(RInd, RProw, NPie, NCun), Nimble]|M3",Man-at-Arms,Battle Axe,,Chainmail,,False,25,"Nimble,Immune Blocked",1600,,False,Animal Husbandry|Armory|Blacksmith|Coliseum|Conditioning Field|Furnace|Tannery,3,6
"MaA/BattleAxe/FullPlate [(EInd, RProw, NPie, NCun), Nimble, Temp]|M3",Man-at-Arms,Battle Axe,,Full Plate,,False,25,"Nimble,Immune Blocked,Planishing",1600,,False,Animal Husbandry|Armory|Blacksmith|Coliseum|Conditioning Field|Furnace|Gilded Foundry|Tannery,3,9
"MaA/Cavalry Spear/Buckler/Cloth [(RInd, RProw, NPie, NCun), Nimble]|M3",Man-at-Arms,Cavalry Spear,Buckler Shield,Cloth,,False,25,"Nimble,Immune Blocked",1800,,False,Blacksmith|Carpentry|Coliseum|Conditioning Field|Furnace|Joinery,3,6
"MaA/Cavalry Spear/Targe/Cloth [(RInd, RProw, NPie, NCun), Nimble]|M3",Man-at-Arms,Cavalry Spear,Targe Shield,Cloth,,False,25,"Nimble,Immune Blocked",1800,,False,Blacksmith|Carpentry|Coliseum|Conditioning Field|Furnace|Joinery,3,6
"MaA/Morningstar/Tower/Cloth [(EInd, RProw, NPie, NCun), Nimble]|M3",Man-at-Arms,Morningstar,Tower Shield,Cloth,,False,25,"Nimble,Immune Blocked",1800,,False,Blacksmith|Carpentry|Coliseum|Conditioning Field|Forge|Furnace|Joinery,3,9
"MaA/Bastard/Tower/Cloth [(EInd, RProw, NPie, NCun), Nimble]|M3",Man-at-Arms,Bastard Sword,Tower Shield,Cloth,,False,25,"Nimble,Immune Blocked",1800,,False,Blacksmith|Carpentry|Coliseum|Conditioning Field|Forge|Furnace|Joinery,3,9
"MaA/2HBastard/Cloth [(EInd, RProw, NPie, NCun), Nimble]|M3",Man-at-Arms,2HBastard,,Cloth,,False,25,"Nimble,Immune Blocked",2000,,False,Blacksmith|Coliseum|Conditioning Field|Forge|Furnace|Stable,3,9
"MaA/2HBastard/Cloth [(EInd, RProw, NPie, NCun), Nimble, Serr]|M3",Man-at-Arms,2HBastard,,Cloth,,False,25,"Nimble,Serrated,Immune Blocked",1800,,False,Blacksmith|Coliseum|Conditioning Field|Forge|Furnace|Master Workshop,3,9
"MaA/2HBastard/Leather [(EInd, RProw, NPie, NCun), Nimble]|M3",Man-at-Arms,2HBastard,,Leather,,False,25,"Nimble,Immune Blocked",1800,,False,Animal Husbandry|Blacksmith|Coliseum|Conditioning Field|Forge|Furnace|Tannery,3,9
"MaA/2HBastard/Leather [(EInd, EProw, NPie, NCun), Nimble, Parry +1, Riposte]|M3",Man-at-Arms,2HBastard,,Leather,,False,25,"Parry +1,Riposte,Nimble,Immune Blocked,Parry",1800,,False,Animal Husbandry|Blacksmith|Coliseum|Conditioning Field|Forge|Furnace|Grand Tournament|Tannery,3,12
"MaA/2HBastard/Chain [(EInd, RProw, NPie, NCun), Nimble]|M3",Man-at-Arms,2HBastard,,Chainmail,,False,25,"Nimble,Immune Blocked",1600,,False,Animal Husbandry|Armory|Blacksmith|Coliseum|Conditioning Field|Forge|Furnace|Tannery,3,9
"MaA/2HBastard/Chain [(EInd, EProw, NPie, NCun), Nimble, Parry +1, Riposte]|M3",Man-at-Arms,2HBastard,,Chainmail,,False,25,"Parry +1,Riposte,Nimble,Immune Blocked,Parry",1600,,False,Animal Husbandry|Armory|Blacksmith|Coliseum|Conditioning Field|Forge|Furnace|Grand Tournament|Tannery,3,12
"MaA/2HBastard/FullPlate [(EInd, RProw, NPie, NCun), Nimble, Temp]|M3",Man-at-Arms,2HBastard,,Full Plate,,False,25,"Nimble,Immune Blocked,Planishing",1600,,False,Animal Husbandry|Armory|Blacksmith|Coliseum|Conditioning Field|Forge|Furnace|Gilded Foundry|Tannery,3,9
"MaA/WarHammer/Cloth [(EInd, RProw, NPie, NCun), Nimble]|M3",Man-at-Arms,War Hammer,,Cloth,,False,25,"Nimble,Immune Blocked",2000,,False,Blacksmith|Coliseum|Conditioning Field|Forge|Furnace|Stable,3,9
"MaA/WarHammer/Cloth [(EInd, RProw, NPie, NCun), Nimble, Serr]|M3",Man-at-Arms,War Hammer,,Cloth,,False,25,"Nimble,Serrated,Immune Blocked",1800,,False,Blacksmith|Coliseum|Conditioning Field|Forge|Furnace|Master Workshop,3,9
"MaA/WarHammer/Cloth [OuInPoI, (EInd, RProw, NPie, SCun), Nimble]|M3",Man-at-Arms,War Hammer,,Cloth,,False,25,"confers:Strain,Immune Blocked,Outrider: once,Nimble,confers:Blocked",2000,,False,Blacksmith|Coliseum|Conditioning Field|Forge|Furnace|Outrider Intercept Post,3,19
"MaA/WarHammer/Leather [(EInd, RProw, NPie, NCun), Nimble]|M3",Man-at-Arms,War Hammer,,Leather,,False,25,"Nimble,Immune Blocked",1800,,False,Animal Husbandry|Blacksmith|Coliseum|Conditioning Field|Forge|Furnace|Tannery,3,9
"MaA/WarHammer/Chain [(EInd, RProw, NPie, NCun), Nimble]|M3",Man-at-Arms,War Hammer,,Chainmail,,False,25,"Nimble,Immune Blocked",1600,,False,Animal Husbandry|Armory|Blacksmith|Coliseum|Conditioning Field|Forge|Furnace|Tannery,3,9
"MaA/WarHammer/FullPlate [(EInd, RProw, NPie, NCun), Nimble, Temp]|M3",Man-at-Arms,War Hammer,,Full Plate,,False,25,"Nimble,Immune Blocked,Planishing",1600,,False,Animal Husbandry|Armory|Blacksmith|Coliseum|Conditioning Field|Forge|Furnace|Gilded Foundry|Tannery,3,9
"MaA/Lance/Buckler/Cloth [(EInd, RProw, NPie, NCun), Nimble]|M3",Man-at-Arms,Lance,Buckler Shield,Cloth,,False,25,"Nimble,Immune Blocked",1800,,False,Blacksmith|Carpentry|Coliseum|Conditioning Field|Forge|Furnace|Joinery,3,9
"MaA/Lance/Targe/Cloth [(EInd, RProw, NPie, NCun), Nimble]|M3",Man-at-Arms,Lance,Targe Shield,Cloth,,False,25,"Nimble,Immune Blocked",1800,,False,Blacksmith|Carpentry|Coliseum|Conditioning Field|Forge|Furnace|Joinery,3,9
"MaA/Cavalry Spear/Buckler/Cloth [(RInd, RProw, NPie, NCun), Nimble]|M4",Man-at-Arms,Cavalry Spear,Buckler Shield,Cloth,,False,25,"Nimble,Immune Blocked",1800,,False,Blacksmith|Carpentry|Coliseum|Conditioning Field|Furnace|Joinery|Stable,4,6
"MaA/Cavalry Spear/Targe/FullPlate [(EInd, RProw, NPie, NCun), Nimble, Temp]|M4",Man-at-Arms,Cavalry Spear,Targe Shield,Full Plate,,False,25,"Nimble,Immune Blocked,Planishing",1400,,False,Animal Husbandry|Armory|Blacksmith|Carpentry|Coliseum|Conditioning Field|Furnace|Gilded Foundry|Joinery|Tannery,4,9
"MaA/ShortSword/Tower/Cloth [(EInd, EProw, NPie, NCun), Nimble, Parry +1, Riposte, Serr]|M4",Man-at-Arms,Short Sword,Tower Shield,Cloth,,False,25,"Serrated,Parry +1,Riposte,Immune Blocked,Nimble,Parry",1600,,False,Blacksmith|Carpentry|Coliseum|Conditioning Field|Forge|Furnace|Grand Tournament|Joinery|Master Workshop,4,12
"MaA/FarmTools/Kite/Leather [(RInd, EProw, NPie, NCun), Nimble, Parry +1, Riposte]|M4",Man-at-Arms,Farm Tools,Kite Shield,Leather,,False,25,"Parry +1,Riposte,Nimble,Immune Blocked,Parry",1400,,False,Animal Husbandry|Armory|Blacksmith|Carpentry|Coliseum|Conditioning Field|Furnace|Grand Tournament|Joinery|Tannery,4,9
"MaA/Spears/Tower/Cloth [(EInd, RProw, NPie, NCun), Nimble]|M4",Man-at-Arms,Spears,Tower Shield,Cloth,,False,25,"Nimble,Immune Blocked",1800,,False,Blacksmith|Carpentry|Coliseum|Conditioning Field|Forge|Furnace|Joinery|Stable,4,9
"MaA/Spears/Targe/Chain [(RInd, RProw, NPie, NCun), Nimble]|M4",Man-at-Arms,Spears,Targe Shield,Chainmail,,False,25,"Nimble,Immune Blocked",1400,,False,Animal Husbandry|Armory|Blacksmith|Carpentry|Coliseum|Conditioning Field|Furnace|Joinery|Tannery,4,6
"MaA/FarmTools/Targe/Cloth [(RInd, RProw, NPie, NCun), Nimble]|M4",Man-at-Arms,Farm Tools,Targe Shield,Cloth,,False,25,"Nimble,Immune Blocked",1800,,False,Blacksmith|Carpentry|Coliseum|Conditioning Field|Furnace|Joinery|Stable,4,6
"MaA/Arming/Tower/FullPlate [(EInd, RProw, NPie, NCun), Nimble, Temp]|M4",Man-at-Arms,Arming Sword,Tower Shield,Full Plate,,False,25,"Nimble,Immune Blocked,Planishing",1400,,False,Animal Husbandry|Armory|Blacksmith|Carpentry|Coliseum|Conditioning Field|Forge|Furnace|Gilded Foundry|Joinery|Tannery,4,9
"MaA/Lance/Buckler/FullPlate [(EInd, RProw, NPie, NCun), Nimble, Temp]|M4",Man-at-Arms,Lance,Buckler Shield,Full Plate,,False,25,"Nimble,Immune Blocked,Planishing",1400,,False,Animal Husbandry|Armory|Blacksmith|Carpentry|Coliseum|Conditioning Field|Forge|Furnace|Gilded Foundry|Joinery|Tannery,4,9
"MaA/WarHammer/FullPlate [(EInd, RProw, NPie, NCun), Nimble, Temp]|M4",Man-at-Arms,War Hammer,,Full Plate,,False,25,"Nimble,Immune Blocked,Planishing",1100,,False,Animal Husbandry|Armory|Blacksmith|Butchery|Coliseum|Conditioning Field|Forge|Furnace|Gilded Foundry|Tannery,4,9
"MaA/FarmTools/Chain [(RInd, RProw, NPie, NCun), Nimble]|M4",Man-at-Arms,Farm Tools,,Chainmail,,False,25,"Nimble,Immune Blocked",1100,,False,Animal Husbandry|Armory|Blacksmith|Butchery|Coliseum|Conditioning Field|Furnace|Tannery,4,6
"MaA/Daggers/Chain [(RInd, RProw, NPie, NCun), Nimble]|M4",Man-at-Arms,Daggers,,Chainmail,,False,25,"Nimble,Immune Blocked",1600,,False,Animal Husbandry|Armory|Blacksmith|Coliseum|Conditioning Field|Furnace|Stable|Tannery,4,6
"MaA/Flail/Tower/Cloth [(EInd, RProw, NPie, NCun), Nimble, Serr]|M4",Man-at-Arms,Flail,Tower Shield,Cloth,,False,25,"Nimble,Serrated,Immune Blocked",1600,,False,Blacksmith|Carpentry|Coliseum|Conditioning Field|Forge|Furnace|Joinery|Master Workshop,4,9
"MaA/Spears/Kite/FullPlate [(EInd, RProw, NPie, NCun), Nimble, Temp]|M4",Man-at-Arms,Spears,Kite Shield,Full Plate,,False,25,"Nimble,Immune Blocked,Planishing",1400,,False,Animal Husbandry|Armory|Blacksmith|Carpentry|Coliseum|Conditioning Field|Furnace|Gilded Foundry|Joinery|Tannery,4,9
"MaA/BattleAxe/Leather [(EInd, RProw, NPie, NCun), Nimble, Serr]|M4",Man-at-Arms,Battle Axe,,Leather,,False,25,"Nimble,Serrated,Immune Blocked",1600,,False,Animal Husbandry|Blacksmith|Coliseum|Conditioning Field|Furnace|Master Workshop|Tannery,4,9
"MaA/FarmTools/Tower/Leather [(EInd, RProw, NPie, NCun), Nimble]|M4",Man-at-Arms,Farm Tools,Tower Shield,Leather,,False,25,"Nimble,Immune Blocked",1600,,False,Animal Husbandry|Blacksmith|Carpentry|Coliseum|Conditioning Field|Forge|Furnace|Joinery|Tannery,4,9
"MaA/Lance/Kite/FullPlate [(EInd, RProw, NPie, NCun), Nimble, Temp]|M4",Man-at-Arms,Lance,Kite Shield,Full Plate,,False,25,"Nimble,Immune Blocked,Planishing",1400,,False,Animal Husbandry|Armory|Blacksmith|Carpentry|Coliseum|Conditioning Field|Forge|Furnace|Gilded Foundry|Joinery|Tannery,4,9
"MaA/Cavalry Spear/Targe/Cloth [(EInd, RProw, NPie, NCun), Nimble, Serr]|M4",Man-at-Arms,Cavalry Spear,Targe Shield,Cloth,,False,25,"Nimble,Serrated,Immune Blocked",1600,,False,Blacksmith|Carpentry|Coliseum|Conditioning Field|Furnace|Joinery|Master Workshop,4,9
"MaA/Cudgel/Chain [(RInd, EProw, NPie, NCun), Nimble, Parry +1, Riposte]|M4",Man-at-Arms,Cudgel,,Chainmail,,False,25,"Parry +1,Riposte,Nimble,Immune Blocked,Parry",1600,,False,Animal Husbandry|Armory|Blacksmith|Coliseum|Conditioning Field|Furnace|Grand Tournament|Stable|Tannery,4,9
"MaA/FarmTools/Kite/Leather [(RInd, RProw, NPie, NCun), Nimble]|M4",Man-at-Arms,Farm Tools,Kite Shield,Leather,,False,25,"Nimble,Immune Blocked",1400,,False,Animal Husbandry|Armory|Blacksmith|Carpentry|Coliseum|Conditioning Field|Furnace|Joinery|Tannery,4,6
"MaA/Cudgel+HuntBow/Cloth (TY) [(NInd, EProw, NPie, NCun), Florentine, ImmU, Nimble]|M4",Man-at-Arms,Cudgel,,Cloth,Hunting Bow,True,25,"Florentine,Immune Unwieldy,Nimble,Immune Blocked,Parry",1800,,False,Carpentry|Coliseum|Conditioning Field|Fletchery|Tiltyard,4,6
"MaA/Spears/Targe/Leather [(RInd, RProw, NPie, NCun), Nimble]|M4",Man-at-Arms,Spears,Targe Shield,Leather,,False,25,"Nimble,Immune Blocked",1600,,False,Animal Husbandry|Blacksmith|Carpentry|Coliseum|Conditioning Field|Furnace|Joinery|Tannery,4,6
"MaA/WarHammer/Cloth [OuInPoI, (EInd, RProw, NPie, SCun), Nimble]|M4",Man-at-Arms,War Hammer,,Cloth,,False,25,"confers:Strain,Immune Blocked,Outrider: once,Nimble,confers:Blocked",2000,,False,Blacksmith|Coliseum|Conditioning Field|Forge|Furnace|Outrider Intercept Post|Stable,4,19
"MaA/2HBastard/Cloth [(EInd, RProw, NPie, NCun), Nimble, Recover 8]|M4",Man-at-Arms,2HBastard,,Cloth,,False,25,"Recover 8,Nimble,Immune Blocked",2000,,False,Apothecary|Blacksmith|Coliseum|Conditioning Field|Forge|Furnace|Herb Garden,4,9
"MaA/Cavalry Spear/Buckler/Cloth [(EInd, RProw, NPie, NCun), Nimble, Serr]|M4",Man-at-Arms,Cavalry Spear,Buckler Shield,Cloth,,False,25,"Nimble,Serrated,Immune Blocked",1600,,False,Blacksmith|Carpentry|Coliseum|Conditioning Field|Furnace|Joinery|Master Workshop,4,9
"MaA/Lance/Targe/Chain [(EInd, RProw, NPie, NCun), Nimble]|M4",Man-at-Arms,Lance,Targe Shield,Chainmail,,False,25,"Nimble,Immune Blocked",1400,,False,Animal Husbandry|Armory|Blacksmith|Carpentry|Coliseum|Conditioning Field|Forge|Furnace|Joinery|Tannery,4,9
"MaA/Spears/Tower/Cloth [(EInd, RProw, NPie, NCun), Nimble, Serr]|M4",Man-at-Arms,Spears,Tower Shield,Cloth,,False,25,"Nimble,Serrated,Immune Blocked",1600,,False,Blacksmith|Carpentry|Coliseum|Conditioning Field|Forge|Furnace|Joinery|Master Workshop,4,9
"MaA/Cavalry Spear/Kite/Cloth [(RInd, EProw, NPie, NCun), Nimble, Parry +1, Riposte]|M4",Man-at-Arms,Cavalry Spear,Kite Shield,Cloth,,False,25,"Parry +1,Riposte,Nimble,Immune Blocked,Parry",1400,,False,Armory|Blacksmith|Carpentry|Coliseum|Conditioning Field|Furnace|Grand Tournament|Joinery|Tannery,4,9
"MaA/ShortSword/Tower/Leather [(EInd, RProw, NPie, NCun), Nimble]|M4",Man-at-Arms,Short Sword,Tower Shield,Leather,,False,25,"Nimble,Immune Blocked",1600,,False,Animal Husbandry|Blacksmith|Carpentry|Coliseum|Conditioning Field|Forge|Furnace|Joinery|Tannery,4,9
"MaA/FarmTools/FullPlate [OuInPoI, (EInd, RProw, NPie, SCun), Nimble, Temp]|M4",Man-at-Arms,Farm Tools,,Full Plate,,False,25,"confers:Strain,Immune Blocked,Planishing,Outrider: once,Nimble,confers:Blocked",1600,,False,Animal Husbandry|Armory|Blacksmith|Coliseum|Conditioning Field|Furnace|Gilded Foundry|Outrider Intercept Post|Tannery,4,19
"MaA/FarmTools/Chain [MiMiStI, (RInd, SProw, NPie, NCun), Nimble]|M4",Man-at-Arms,Farm Tools,,Chainmail,,False,25,"Init +1,Immune Blocked,MaxInit3,Seize: first,Nimble,Parry",1600,,False,Animal Husbandry|Armory|Blacksmith|Coliseum|Conditioning Field|Furnace|Ministry of Military Strategy|Tannery,4,13
"MaA/Pike/Cloth [MiMiStM, (RInd, SProw, NPie, NCun), Nimble]|M4",Man-at-Arms,Pike,,Cloth,,False,25,"Drilled,Init +1,Immune Blocked,MaxInit3,Seize: first,Nimble,Parry",2000,,False,Blacksmith|Coliseum|Conditioning Field|Furnace|Ministry of Military Strategy|University|War College,4,13
"MaA/FarmTools/Targe/Cloth [(EInd, RProw, NPie, NCun), Nimble, Serr]|M4",Man-at-Arms,Farm Tools,Targe Shield,Cloth,,False,25,"Nimble,Serrated,Immune Blocked",1600,,False,Blacksmith|Carpentry|Coliseum|Conditioning Field|Furnace|Joinery|Master Workshop,4,9
"MaA/Pike/Cloth [OuInPoI, (EInd, RProw, NPie, SCun), Nimble, Serr]|M4",Man-at-Arms,Pike,,Cloth,,False,25,"Serrated,confers:Strain,Immune Blocked,Outrider: once,Nimble,confers:Blocked",1800,,False,Blacksmith|Coliseum|Conditioning Field|Furnace|Master Workshop|Outrider Intercept Post,4,19
"MaA/FarmTools/Cloth [RoPaM, (NInd, SProw, NPie, NCun), Nimble, Recover 8, Riposte]|M4",Man-at-Arms,Farm Tools,,Cloth,,False,25,"Strike +1,Crit 8,Nimble,Parry,Parry +1,Riposte,Recover 8,Immune Blocked,Immune Strain",2000,,False,Apothecary|Coliseum|Conditioning Field|Grand Tournament|Herb Garden|Royal Pavilion|Tiltyard,4,10
"MaA/FarmTools/Tower/Cloth [(EInd, RProw, NPie, NCun), Nimble]|M4",Man-at-Arms,Farm Tools,Tower Shield,Cloth,,False,25,"Nimble,Immune Blocked",1800,,False,Blacksmith|Carpentry|Coliseum|Conditioning Field|Forge|Furnace|Joinery|Stable,4,9
"MaA/2HBastard/FullPlate [(EInd, RProw, NPie, NCun), Nimble, Temp]|M4",Man-at-Arms,2HBastard,,Full Plate,,False,25,"Nimble,Immune Blocked,Planishing",1100,,False,Animal Husbandry|Armory|Blacksmith|Butchery|Coliseum|Conditioning Field|Forge|Furnace|Gilded Foundry|Tannery,4,9
"MaA/Arming/Tower/Leather [(EInd, RProw, NPie, NCun), Nimble]|M4",Man-at-Arms,Arming Sword,Tower Shield,Leather,,False,25,"Nimble,Immune Blocked",1600,,False,Animal Husbandry|Blacksmith|Carpentry|Coliseum|Conditioning Field|Forge|Furnace|Joinery|Tannery,4,9
"MaA/Arming/Kite/FullPlate [(EInd, RProw, NPie, NCun), Nimble, Temp]|M4",Man-at-Arms,Arming Sword,Kite Shield,Full Plate,,False,25,"Nimble,Immune Blocked,Planishing",1400,,False,Animal Husbandry|Armory|Blacksmith|Carpentry|Coliseum|Conditioning Field|Furnace|Gilded Foundry|Joinery|Tannery,4,9
"MaA/Morningstar/Tower/FullPlate [(EInd, RProw, NPie, NCun), Nimble, Temp]|M4",Man-at-Arms,Morningstar,Tower Shield,Full Plate,,False,25,"Nimble,Immune Blocked,Planishing",1400,,False,Animal Husbandry|Armory|Blacksmith|Carpentry|Coliseum|Conditioning Field|Forge|Furnace|Gilded Foundry|Joinery|Tannery,4,9
"MaA/Arming/Kite/FullPlate [(EInd, EProw, NPie, NCun), Nimble, Parry +1, Temp, Riposte]|M4",Man-at-Arms,Arming Sword,Kite Shield,Full Plate,,False,25,"Parry +1,Immune Blocked,Riposte,Planishing,Nimble,Parry",1400,,False,Animal Husbandry|Armory|Blacksmith|Carpentry|Coliseum|Conditioning Field|Furnace|Gilded Foundry|Grand Tournament|Joinery|Tannery,4,12
"MaA/BattleAxe/FullPlate [(EInd, RProw, NPie, NCun), Nimble, Temp]|M4",Man-at-Arms,Battle Axe,,Full Plate,,False,25,"Nimble,Immune Blocked,Planishing",1100,,False,Animal Husbandry|Armory|Blacksmith|Butchery|Coliseum|Conditioning Field|Furnace|Gilded Foundry|Tannery,4,9
"MaA/FarmTools/Buckler/FullPlate [(EInd, RProw, NPie, NCun), Nimble, Temp]|M4",Man-at-Arms,Farm Tools,Buckler Shield,Full Plate,,False,25,"Nimble,Immune Blocked,Planishing",1400,,False,Animal Husbandry|Armory|Blacksmith|Carpentry|Coliseum|Conditioning Field|Furnace|Gilded Foundry|Joinery|Tannery,4,9
"MaA/Halberd/Chain [(EInd, RProw, NPie, NCun), Nimble, Serr]|M4",Man-at-Arms,Halberd,,Chainmail,,False,25,"Nimble,Serrated,Immune Blocked",1400,,False,Animal Husbandry|Armory|Blacksmith|Coliseum|Conditioning Field|Furnace|Master Workshop|Tannery,4,9
"MaA/ShortSword/Kite/Chain [(RInd, RProw, NPie, NCun), Nimble]|M4",Man-at-Arms,Short Sword,Kite Shield,Chainmail,,False,25,"Nimble,Immune Blocked",1400,,False,Animal Husbandry|Armory|Blacksmith|Carpentry|Coliseum|Conditioning Field|Furnace|Joinery|Tannery,4,6
"MaA/FarmTools/Targe/FullPlate [(EInd, RProw, NPie, NCun), Nimble, Temp]|M4",Man-at-Arms,Farm Tools,Targe Shield,Full Plate,,False,25,"Nimble,Immune Blocked,Planishing",1400,,False,Animal Husbandry|Armory|Blacksmith|Carpentry|Coliseum|Conditioning Field|Furnace|Gilded Foundry|Joinery|Tannery,4,9
"MaA/Pitchfork+HuntBow/Cloth (TY) [(NInd, EProw, NPie, NCun), Florentine, ImmU, Nimble]|M4",Man-at-Arms,Pitchfork,,Cloth,Hunting Bow,True,25,"Florentine,Immune Unwieldy,Nimble,Immune Blocked,Parry",1800,,False,Carpentry|Coliseum|Conditioning Field|Fletchery|Tiltyard,4,6
"MaA/WarHammer/Chain [(EInd, RProw, NPie, NCun), Nimble]|M4",Man-at-Arms,War Hammer,,Chainmail,,False,25,"Nimble,Immune Blocked",1600,,False,Animal Husbandry|Armory|Blacksmith|Coliseum|Conditioning Field|Forge|Furnace|Stable|Tannery,4,9
"MaA/HuntBow/Cloth [(NInd, EProw, NPie, NCun), Florentine, ImmU, Nimble]|M4",Man-at-Arms,Farm Tools,,Cloth,Hunting Bow,True,25,"Florentine,Immune Unwieldy,Nimble,Immune Blocked,Parry",1800,,False,Carpentry|Coliseum|Conditioning Field|Fletchery|Tiltyard,4,6
"MaA/FarmTools/Tower/FullPlate [(EInd, RProw, NPie, NCun), Nimble, Temp]|M4",Man-at-Arms,Farm Tools,Tower Shield,Full Plate,,False,25,"Nimble,Immune Blocked,Planishing",1400,,False,Animal Husbandry|Armory|Blacksmith|Carpentry|Coliseum|Conditioning Field|Forge|Furnace|Gilded Foundry|Joinery|Tannery,4,9
"MaA/Halberd/Leather [(RInd, RProw, NPie, NCun), Nimble]|M4",Man-at-Arms,Halberd,,Leather,,False,25,"Nimble,Immune Blocked",1800,,False,Animal Husbandry|Blacksmith|Coliseum|Conditioning Field|Furnace|Stable|Tannery,4,6
"MaA/Spears/Tower/Chain [(EInd, RProw, NPie, NCun), Nimble]|M4",Man-at-Arms,Spears,Tower Shield,Chainmail,,False,25,"Nimble,Immune Blocked",1400,,False,Animal Husbandry|Armory|Blacksmith|Carpentry|Coliseum|Conditioning Field|Forge|Furnace|Joinery|Tannery,4,9
"MaA/Spears/Targe/Cloth [(EInd, RProw, NPie, NCun), Nimble, Serr]|M4",Man-at-Arms,Spears,Targe Shield,Cloth,,False,25,"Nimble,Serrated,Immune Blocked",1600,,False,Blacksmith|Carpentry|Coliseum|Conditioning Field|Furnace|Joinery|Master Workshop,4,9
"MaA/2HBastard/Chain [(EInd, RProw, NPie, NCun), Nimble]|M4",Man-at-Arms,2HBastard,,Chainmail,,False,25,"Nimble,Immune Blocked",1600,,False,Animal Husbandry|Armory|Blacksmith|Coliseum|Conditioning Field|Forge|Furnace|Stable|Tannery,4,9
"MaA/FarmTools/Targe/Leather [(RInd, RProw, NPie, NCun), Nimble]|M4",Man-at-Arms,Farm Tools,Targe Shield,Leather,,False,25,"Nimble,Immune Blocked",1600,,False,Animal Husbandry|Blacksmith|Carpentry|Coliseum|Conditioning Field|Furnace|Joinery|Tannery,4,6
"MaA/ShortSword/Targe/Leather [(RInd, RProw, NPie, NCun), Nimble]|M4",Man-at-Arms,Short Sword,Targe Shield,Leather,,False,25,"Nimble,Immune Blocked",1600,,False,Animal Husbandry|Blacksmith|Carpentry|Coliseum|Conditioning Field|Furnace|Joinery|Tannery,4,6
"MaA/Flail/Kite/Chain [(RInd, RProw, NPie, NCun), Nimble]|M4",Man-at-Arms,Flail,Kite Shield,Chainmail,,False,25,"Nimble,Immune Blocked",1400,,False,Animal Husbandry|Armory|Blacksmith|Carpentry|Coliseum|Conditioning Field|Furnace|Joinery|Tannery,4,6
"MaA/Pitchfork/Chain [(RInd, EProw, NPie, NCun), Nimble, Parry +1, Riposte]|M4",Man-at-Arms,Pitchfork,,Chainmail,,False,25,"Parry +1,Riposte,Nimble,Immune Blocked,Parry",1600,,False,Animal Husbandry|Armory|Blacksmith|Coliseum|Conditioning Field|Furnace|Grand Tournament|Stable|Tannery,4,9
"MaA/Cudgel/Cloth [(NInd, RProw, EPie, NCun), Enduring, Nimble, Rec 6, Recover 7, Recover 8, Shake+1]|M4",Man-at-Arms,Cudgel,,Cloth,,False,25,"Recover 6,Recover 7,Enduring,Shake +1,Recover 8,Nimble,Immune Blocked",1900,,False,Alchemy|Apothecary|Coliseum|Conditioning Field|Herb Garden|Hospitaller|Infirmary|Stable,4,9
"MaA/FarmTools/Buckler/Leather [(RInd, RProw, NPie, NCun), Nimble]|M4",Man-at-Arms,Farm Tools,Buckler Shield,Leather,,False,25,"Nimble,Immune Blocked",1100,,False,Animal Husbandry|Butchery|Carpentry|Coliseum|Conditioning Field|Joinery|Tannery,4,6
"MaA/Pike/Chain [(EInd, RProw, NPie, NCun), Nimble, Serr]|M4",Man-at-Arms,Pike,,Chainmail,,False,25,"Nimble,Serrated,Immune Blocked",1400,,False,Animal Husbandry|Armory|Blacksmith|Coliseum|Conditioning Field|Furnace|Master Workshop|Tannery,4,9
"MaA/Lance/Buckler/Cloth [(EInd, RProw, NPie, NCun), Nimble]|M4",Man-at-Arms,Lance,Buckler Shield,Cloth,,False,25,"Nimble,Immune Blocked",1800,,False,Blacksmith|Carpentry|Coliseum|Conditioning Field|Forge|Furnace|Joinery|Stable,4,9
"MaA/FarmTools/Targe/Leather [(RInd, EProw, NPie, NCun), Nimble, Parry +1, Riposte]|M4",Man-at-Arms,Farm Tools,Targe Shield,Leather,,False,25,"Parry +1,Riposte,Nimble,Immune Blocked,Parry",1600,,False,Animal Husbandry|Blacksmith|Carpentry|Coliseum|Conditioning Field|Furnace|Grand Tournament|Joinery|Tannery,4,9
"MaA/Halberd/Chain [(RInd, EProw, NPie, NCun), Nimble, Parry +1, Riposte]|M4",Man-at-Arms,Halberd,,Chainmail,,False,25,"Parry +1,Riposte,Nimble,Immune Blocked,Parry",1100,,False,Animal Husbandry|Armory|Blacksmith|Butchery|Coliseum|Conditioning Field|Furnace|Grand Tournament|Tannery,4,9
"MaA/Lance/Buckler/Chain [(EInd, EProw, NPie, NCun), Nimble, Parry +1, Riposte]|M4",Man-at-Arms,Lance,Buckler Shield,Chainmail,,False,25,"Parry +1,Riposte,Nimble,Immune Blocked,Parry",1400,,False,Animal Husbandry|Armory|Blacksmith|Carpentry|Coliseum|Conditioning Field|Forge|Furnace|Grand Tournament|Joinery|Tannery,4,12
"MaA/ShortSword/Tower/Cloth [(EInd, RProw, NPie, NCun), Nimble, Serr]|M4",Man-at-Arms,Short Sword,Tower Shield,Cloth,,False,25,"Nimble,Serrated,Immune Blocked",1600,,False,Blacksmith|Carpentry|Coliseum|Conditioning Field|Forge|Furnace|Joinery|Master Workshop,4,9
"MaA/Pitchfork/FullPlate [(EInd, RProw, NPie, NCun), Nimble, Temp, Serr]|M4",Man-at-Arms,Pitchfork,,Full Plate,,False,25,"Nimble,Serrated,Immune Blocked,Planishing",1400,,False,Animal Husbandry|Armory|Blacksmith|Coliseum|Conditioning Field|Furnace|Gilded Foundry|Master Workshop|Tannery,4,9
"MaA/Bastard/Tower/FullPlate [(EInd, RProw, NPie, NCun), Nimble, Temp]|M4",Man-at-Arms,Bastard Sword,Tower Shield,Full Plate,,False,25,"Nimble,Immune Blocked,Planishing",1400,,False,Animal Husbandry|Armory|Blacksmith|Carpentry|Coliseum|Conditioning Field|Forge|Furnace|Gilded Foundry|Joinery|Tannery,4,9
"MaA/Pike/Leather [(RInd, RProw, NPie, NCun), Nimble]|M4",Man-at-Arms,Pike,,Leather,,False,25,"Nimble,Immune Blocked",1800,,False,Animal Husbandry|Blacksmith|Coliseum|Conditioning Field|Furnace|Stable|Tannery,4,6
"MaA/2HBastard/Chain [(EInd, EProw, NPie, NCun), Nimble, Parry +1, Riposte, Serr]|M4",Man-at-Arms,2HBastard,,Chainmail,,False,25,"Serrated,Parry +1,Riposte,Immune Blocked,Nimble,Parry",1400,,False,Animal Husbandry|Armory|Blacksmith|Coliseum|Conditioning Field|Forge|Furnace|Grand Tournament|Master Workshop|Tannery,4,12
"MaA/Lance/Buckler/Leather [(EInd, EProw, NPie, NCun), Nimble, Parry +1, Riposte]|M4",Man-at-Arms,Lance,Buckler Shield,Leather,,False,25,"Parry +1,Riposte,Nimble,Immune Blocked,Parry",1600,,False,Animal Husbandry|Blacksmith|Carpentry|Coliseum|Conditioning Field|Forge|Furnace|Grand Tournament|Joinery|Tannery,4,12
"MaA/Lance/Buckler/Leather [(EInd, RProw, NPie, NCun), Nimble]|M4",Man-at-Arms,Lance,Buckler Shield,Leather,,False,25,"Nimble,Immune Blocked",1600,,False,Animal Husbandry|Blacksmith|Carpentry|Coliseum|Conditioning Field|Forge|Furnace|Joinery|Tannery,4,9
"MaA/Lance/Targe/Cloth [MiMiStI, (EInd, SProw, NPie, NCun), Nimble]|M4",Man-at-Arms,Lance,Targe Shield,Cloth,,False,25,"Init +1,Immune Blocked,MaxInit3,Seize: first,Nimble,Parry",1800,,False,Blacksmith|Carpentry|Coliseum|Conditioning Field|Forge|Furnace|Joinery|Ministry of Military Strategy,4,16
"MaA/Morningstar/Tower/Cloth [(EInd, RProw, NPie, NCun), Nimble, Serr]|M4",Man-at-Arms,Morningstar,Tower Shield,Cloth,,False,25,"Nimble,Serrated,Immune Blocked",1600,,False,Blacksmith|Carpentry|Coliseum|Conditioning Field|Forge|Furnace|Joinery|Master Workshop,4,9
"MaA/Cavalry Spear/Targe/Cloth [(RInd, RProw, NPie, NCun), Nimble]|M4",Man-at-Arms,Cavalry Spear,Targe Shield,Cloth,,False,25,"Nimble,Immune Blocked",1800,,False,Blacksmith|Carpentry|Coliseum|Conditioning Field|Furnace|Joinery|Stable,4,6
"MaA/FarmTools/FullPlate [(EInd, EProw, NPie, NCun), Nimble, Parry +1, Temp, Riposte]|M4",Man-at-Arms,Farm Tools,,Full Plate,,False,25,"Parry +1,Immune Blocked,Riposte,Planishing,Nimble,Parry",1100,,False,Animal Husbandry|Armory|Blacksmith|Butchery|Coliseum|Conditioning Field|Furnace|Gilded Foundry|Grand Tournament|Tannery,4,12
"MaA/Arming/Kite/Cloth [(RInd, RProw, NPie, NCun), Nimble]|M4",Man-at-Arms,Arming Sword,Kite Shield,Cloth,,False,25,"Nimble,Immune Blocked",1400,,False,Armory|Blacksmith|Carpentry|Coliseum|Conditioning Field|Furnace|Joinery|Tannery,4,6
"MaA/Daggers/Cloth [MiMiStI, (EInd, SProw, NPie, NCun), Nimble, Serr]|M4",Man-at-Arms,Daggers,,Cloth,,False,25,"Serrated,Init +1,Immune Blocked,MaxInit3,Seize: first,Nimble,Parry",1800,,False,Blacksmith|Coliseum|Conditioning Field|Furnace|Master Workshop|Ministry of Military Strategy,4,16
"MaA/Cavalry Spear/Kite/Chain [(RInd, RProw, NPie, NCun), Nimble]|M4",Man-at-Arms,Cavalry Spear,Kite Shield,Chainmail,,False,25,"Nimble,Immune Blocked",1400,,False,Animal Husbandry|Armory|Blacksmith|Carpentry|Coliseum|Conditioning Field|Furnace|Joinery|Tannery,4,6
"MaA/Spears/Targe/Cloth [(RInd, RProw, NPie, NCun), Nimble]|M4",Man-at-Arms,Spears,Targe Shield,Cloth,,False,25,"Nimble,Immune Blocked",1800,,False,Blacksmith|Carpentry|Coliseum|Conditioning Field|Furnace|Joinery|Stable,4,6
"MaA/Flail/Tower/FullPlate [(EInd, EProw, NPie, NCun), Nimble, Parry +1, Temp, Riposte]|M4",Man-at-Arms,Flail,Tower Shield,Full Plate,,False,25,"Parry +1,Immune Blocked,Riposte,Planishing,Nimble,Parry",1400,,False,Animal Husbandry|Armory|Blacksmith|Carpentry|Coliseum|Conditioning Field|Forge|Furnace|Gilded Foundry|Grand Tournament|Joinery|Tannery,4,12
"MaA/BattleAxe/Cloth [(RInd, EProw, NPie, NCun), Nimble, Parry +1, Recover 8, Riposte]|M4",Man-at-Arms,Battle Axe,,Cloth,,False,25,"Parry +1,Riposte,Immune Blocked,Recover 8,Nimble,Parry",2000,,False,Apothecary|Blacksmith|Coliseum|Conditioning Field|Furnace|Grand Tournament|Herb Garden,4,9
"MaA/FarmTools/Buckler/Cloth [(RInd, RProw, NPie, NCun), Nimble, Recover 8]|M4",Man-at-Arms,Farm Tools,Buckler Shield,Cloth,,False,25,"Recover 8,Nimble,Immune Blocked",1800,,False,Apothecary|Carpentry|Coliseum|Conditioning Field|Herb Garden|Joinery,4,6
"MaA/Bastard/Tower/Cloth [(EInd, RProw, NPie, NCun), Nimble]|M4",Man-at-Arms,Bastard Sword,Tower Shield,Cloth,,False,25,"Nimble,Immune Blocked",1800,,False,Blacksmith|Carpentry|Coliseum|Conditioning Field|Forge|Furnace|Joinery|Stable,4,9
"MaA/FarmTools/Kite/FullPlate [(EInd, RProw, NPie, NCun), Nimble, Temp]|M4",Man-at-Arms,Farm Tools,Kite Shield,Full Plate,,False,25,"Nimble,Immune Blocked,Planishing",1400,,False,Animal Husbandry|Armory|Blacksmith|Carpentry|Coliseum|Conditioning Field|Furnace|Gilded Foundry|Joinery|Tannery,4,9
"MaA/Flail/Kite/FullPlate [(EInd, RProw, NPie, NCun), Nimble, Temp]|M4",Man-at-Arms,Flail,Kite Shield,Full Plate,,False,25,"Nimble,Immune Blocked,Planishing",1400,,False,Animal Husbandry|Armory|Blacksmith|Carpentry|Coliseum|Conditioning Field|Furnace|Gilded Foundry|Joinery|Tannery,4,9
"MaA/FarmTools/Targe/Chain [(RInd, RProw, NPie, NCun), Nimble]|M4",Man-at-Arms,Farm Tools,Targe Shield,Chainmail,,False,25,"Nimble,Immune Blocked",1400,,False,Animal Husbandry|Armory|Blacksmith|Carpentry|Coliseum|Conditioning Field|Furnace|Joinery|Tannery,4,6
"MaA/Pitchfork/Cloth [(NInd, RProw, EPie, NCun), Enduring, Nimble, Rec 6, Recover 7, Recover 8, Shake+1]|M4",Man-at-Arms,Pitchfork,,Cloth,,False,25,"Recover 6,Recover 7,Enduring,Shake +1,Recover 8,Nimble,Immune Blocked",1900,,False,Alchemy|Apothecary|Coliseum|Conditioning Field|Herb Garden|Hospitaller|Infirmary|Stable,4,9
"MaA/Cavalry Spear/Kite/Leather [(RInd, EProw, NPie, NCun), Nimble, Parry +1, Riposte]|M4",Man-at-Arms,Cavalry Spear,Kite Shield,Leather,,False,25,"Parry +1,Riposte,Nimble,Immune Blocked,Parry",1400,,False,Animal Husbandry|Armory|Blacksmith|Carpentry|Coliseum|Conditioning Field|Furnace|Grand Tournament|Joinery|Tannery,4,9
"MaA/Pike/FullPlate [(EInd, RProw, NPie, NCun), Nimble, Temp]|M4",Man-at-Arms,Pike,,Full Plate,,False,25,"Nimble,Immune Blocked,Planishing",1100,,False,Animal Husbandry|Armory|Blacksmith|Butchery|Coliseum|Conditioning Field|Furnace|Gilded Foundry|Tannery,4,9
"MaA/FarmTools/Kite/Cloth [(RInd, RProw, NPie, NCun), Nimble]|M4",Man-at-Arms,Farm Tools,Kite Shield,Cloth,,False,25,"Nimble,Immune Blocked",1400,,False,Armory|Blacksmith|Carpentry|Coliseum|Conditioning Field|Furnace|Joinery|Tannery,4,6
"MaA/2HBastard/Leather [(EInd, RProw, NPie, NCun), Nimble]|M4",Man-at-Arms,2HBastard,,Leather,,False,25,"Nimble,Immune Blocked",1300,,False,Animal Husbandry|Blacksmith|Butchery|Coliseum|Conditioning Field|Forge|Furnace|Tannery,4,9
"MaA/Halberd/FullPlate [(EInd, RProw, NPie, NCun), Nimble, Temp, Serr]|M4",Man-at-Arms,Halberd,,Full Plate,,False,25,"Nimble,Serrated,Immune Blocked,Planishing",1400,,False,Animal Husbandry|Armory|Blacksmith|Coliseum|Conditioning Field|Furnace|Gilded Foundry|Master Workshop|Tannery,4,9
"MaA/Morningstar/Tower/Chain [(EInd, RProw, NPie, NCun), Nimble]|M4",Man-at-Arms,Morningstar,Tower Shield,Chainmail,,False,25,"Nimble,Immune Blocked",1400,,False,Animal Husbandry|Armory|Blacksmith|Carpentry|Coliseum|Conditioning Field|Forge|Furnace|Joinery|Tannery,4,9
"MaA/Cavalry Spear/Buckler/Leather [(RInd, RProw, NPie, NCun), Nimble]|M4",Man-at-Arms,Cavalry Spear,Buckler Shield,Leather,,False,25,"Nimble,Immune Blocked",1600,,False,Animal Husbandry|Blacksmith|Carpentry|Coliseum|Conditioning Field|Furnace|Joinery|Tannery,4,6
"MaA/BattleAxe/Chain [(EInd, RProw, NPie, NCun), Nimble, Serr]|M4",Man-at-Arms,Battle Axe,,Chainmail,,False,25,"Nimble,Serrated,Immune Blocked",1400,,False,Animal Husbandry|Armory|Blacksmith|Coliseum|Conditioning Field|Furnace|Master Workshop|Tannery,4,9
"MaA/Cavalry Spear/Buckler/FullPlate [(EInd, RProw, NPie, NCun), Nimble, Temp]|M4",Man-at-Arms,Cavalry Spear,Buckler Shield,Full Plate,,False,25,"Nimble,Immune Blocked,Planishing",1400,,False,Animal Husbandry|Armory|Blacksmith|Carpentry|Coliseum|Conditioning Field|Furnace|Gilded Foundry|Joinery|Tannery,4,9
"MaA/Spears/Targe/FullPlate [(EInd, RProw, NPie, NCun), Nimble, Temp]|M4",Man-at-Arms,Spears,Targe Shield,Full Plate,,False,25,"Nimble,Immune Blocked,Planishing",1400,,False,Animal Husbandry|Armory|Blacksmith|Carpentry|Coliseum|Conditioning Field|Furnace|Gilded Foundry|Joinery|Tannery,4,9
"MaA/FarmTools/Buckler/Chain [(RInd, RProw, NPie, NCun), Nimble]|M4",Man-at-Arms,Farm Tools,Buckler Shield,Chainmail,,False,25,"Nimble,Immune Blocked",1400,,False,Animal Husbandry|Armory|Blacksmith|Carpentry|Coliseum|Conditioning Field|Furnace|Joinery|Tannery,4,6
"MaA/Lance/Targe/Cloth [(EInd, RProw, NPie, NCun), Nimble, Serr]|M4",Man-at-Arms,Lance,Targe Shield,Cloth,,False,25,"Nimble,Serrated,Immune Blocked",1600,,False,Blacksmith|Carpentry|Coliseum|Conditioning Field|Forge|Furnace|Joinery|Master Workshop,4,9
"MaA/Arming+Javelin/Tower/Cloth (TY) [RoPaM, (EInd, SProw, NPie, NCun), Florentine, ImmU, Nimble, Riposte]|M5",Man-at-Arms,Arming Sword,Tower Shield,Cloth,Javelin,True,25,"Strike +1,Florentine,Nimble,Parry,Parry +1,Riposte,Immune Strain,Crit 8,Immune Blocked,Immune Unwieldy",1600,,False,Blacksmith|Carpentry|Coliseum|Conditioning Field|Fletchery|Forge|Furnace|Grand Tournament|Joinery|Royal Pavilion|Tiltyard,5,16
"MaA/2HBastard/Leather [(EInd, RProw, NPie, NCun), Nimble, Recover 8]|M5",Man-at-Arms,2HBastard,,Leather,,False,25,"Recover 8,Nimble,Immune Blocked",1800,,False,Animal Husbandry|Apothecary|Blacksmith|Coliseum|Conditioning Field|Forge|Furnace|Herb Garden|Tannery,5,9
"MaA/Cudgel/FullPlate [RoPaM, (EInd, SProw, NPie, NCun), Nimble, Temp, Riposte]|M5",Man-at-Arms,Cudgel,,Full Plate,,False,25,"Strike +1,Nimble,Parry,Parry +1,Riposte,Immune Blocked,Crit 8,Planishing,Immune Strain",1100,,False,Animal Husbandry|Armory|Blacksmith|Butchery|Coliseum|Conditioning Field|Furnace|Gilded Foundry|Grand Tournament|Royal Pavilion|Tannery|Tiltyard,5,16
"MaA/Cavalry Spear/Kite/Cloth [(EInd, EProw, NPie, NCun), Nimble, Parry +1, Riposte, Serr]|M5",Man-at-Arms,Cavalry Spear,Kite Shield,Cloth,,False,25,"Serrated,Parry +1,Riposte,Immune Blocked,Nimble,Parry",1200,,False,Armory|Blacksmith|Carpentry|Coliseum|Conditioning Field|Furnace|Grand Tournament|Joinery|Master Workshop|Tannery,5,12
"MaA/WarHammer/Cloth [(EInd, RProw, EPie, NCun), Enduring, Nimble, Rec 6, Recover 7, Recover 8, Shake+1]|M5",Man-at-Arms,War Hammer,,Cloth,,False,25,"Recover 6,Recover 7,Enduring,Shake +1,Recover 8,Nimble,Immune Blocked",1900,,False,Alchemy|Apothecary|Blacksmith|Coliseum|Conditioning Field|Forge|Furnace|Herb Garden|Hospitaller|Infirmary|Stable,5,15
"MaA/Daggers+Crossbow/Cloth (TY) [RoPaM, (EInd, SProw, NPie, NCun), Florentine, ImmU, Nimble, Riposte]|M5",Man-at-Arms,Daggers,,Cloth,Crossbow,True,25,"Strike +1,Florentine,Nimble,Parry,Parry +1,Riposte,Immune Strain,Crit 8,Immune Blocked,Immune Unwieldy",1800,,False,Blacksmith|Carpentry|Coliseum|Conditioning Field|Fletchery|Forge|Furnace|Grand Tournament|Royal Pavilion|Tiltyard,5,16
"MaA/ShortSword/Cloth (DW) [(NInd, EProw, NPie, NCun), DW, Florentine, ImmU, Nimble]|M5",Man-at-Arms,Short Sword,,Cloth,,True,25,"Florentine,Dual Wield,Immune Unwieldy,Nimble,Immune Blocked,Parry",2000,,False,Carpentry|Coliseum|Conditioning Field|Fletchery|Furnace|Tiltyard,5,6
"MaA/ShortSword+Longbow/Targe/Cloth (TY) [(RInd, EProw, NPie, NCun), Florentine, ImmU, Nimble]|M5",Man-at-Arms,Short Sword,Targe Shield,Cloth,Longbow,True,25,"Florentine,Immune Unwieldy,Nimble,Immune Blocked,Parry",1600,,False,Blacksmith|Carpentry|Coliseum|Conditioning Field|Fletchery|Furnace|Joinery|Tiltyard,5,9
"MaA/Bastard/Tower/FullPlate [(EInd, RProw, NPie, NCun), Nimble, Temp]|M5",Man-at-Arms,Bastard Sword,Tower Shield,Full Plate,,False,25,"Nimble,Immune Blocked,Planishing",900,,False,Animal Husbandry|Armory|Blacksmith|Butchery|Carpentry|Coliseum|Conditioning Field|Forge|Furnace|Gilded Foundry|Joinery|Tannery,5,9
"MaA/Flail/Tower/FullPlate [(EInd, RProw, NPie, NCun), Nimble, Temp]|M5",Man-at-Arms,Flail,Tower Shield,Full Plate,,False,25,"Nimble,Immune Blocked,Planishing",1400,,False,Animal Husbandry|Armory|Blacksmith|Carpentry|Coliseum|Conditioning Field|Forge|Furnace|Gilded Foundry|Joinery|Stable|Tannery,5,9
"MaA/ShortSword/Kite/Cloth [RoPaM, (RInd, SProw, NPie, NCun), Nimble, Riposte]|M5",Man-at-Arms,Short Sword,Kite Shield,Cloth,,False,25,"Strike +1,Nimble,Parry,Parry +1,Riposte,Crit 8,Immune Blocked,Immune Strain",1400,,False,Armory|Blacksmith|Carpentry|Coliseum|Conditioning Field|Furnace|Grand Tournament|Joinery|Royal Pavilion|Tannery|Tiltyard,5,13
"MaA/Halberd+Crossbow/Cloth (TY) [RoPaM, (EInd, SProw, NPie, NCun), Florentine, ImmU, Nimble, Riposte]|M5",Man-at-Arms,Halberd,,Cloth,Crossbow,True,25,"Strike +1,Florentine,Nimble,Parry,Parry +1,Riposte,Immune Strain,Crit 8,Immune Blocked,Immune Unwieldy",1800,,False,Blacksmith|Carpentry|Coliseum|Conditioning Field|Fletchery|Forge|Furnace|Grand Tournament|Royal Pavilion|Tiltyard,5,16
"MaA/Lance/Buckler/Chain [(EInd, EProw, NPie, NCun), Nimble, Parry +1, Riposte]|M5",Man-at-Arms,Lance,Buckler Shield,Chainmail,,False,25,"Parry +1,Riposte,Nimble,Immune Blocked,Parry",1400,,False,Animal Husbandry|Armory|Blacksmith|Carpentry|Coliseum|Conditioning Field|Forge|Furnace|Grand Tournament|Joinery|Stable|Tannery,5,12
"MaA/Spears/Targe/FullPlate [(EInd, RProw, NPie, NCun), Nimble, Temp, Serr]|M5",Man-at-Arms,Spears,Targe Shield,Full Plate,,False,25,"Nimble,Serrated,Immune Blocked,Planishing",1200,,False,Animal Husbandry|Armory|Blacksmith|Carpentry|Coliseum|Conditioning Field|Furnace|Gilded Foundry|Joinery|Master Workshop|Tannery,5,9
"MaA/Cudgel+HuntBow/Cloth (TY) [(NInd, EProw, NPie, NCun), Florentine, ImmU, Nimble]|M5",Man-at-Arms,Cudgel,,Cloth,Hunting Bow,True,25,"Florentine,Immune Unwieldy,Nimble,Immune Blocked,Parry",1800,,False,Carpentry|Coliseum|Conditioning Field|Fletchery|Stable|Tiltyard,5,6
"MaA/Cavalry Spear/Kite/Chain [(EInd, RProw, NPie, NCun), Nimble, Serr]|M5",Man-at-Arms,Cavalry Spear,Kite Shield,Chainmail,,False,25,"Nimble,Serrated,Immune Blocked",1200,,False,Animal Husbandry|Armory|Blacksmith|Carpentry|Coliseum|Conditioning Field|Furnace|Joinery|Master Workshop|Tannery,5,9
"MaA/ShortSword/Targe/Leather [(RInd, RProw, NPie, NCun), Nimble]|M5",Man-at-Arms,Short Sword,Targe Shield,Leather,,False,25,"Nimble,Immune Blocked",1600,,False,Animal Husbandry|Blacksmith|Carpentry|Coliseum|Conditioning Field|Furnace|Joinery|Stable|Tannery,5,6
"MaA/FarmTools/Buckler/Chain [OuInPoI, (RInd, RProw, NPie, SCun), Nimble]|M5",Man-at-Arms,Farm Tools,Buckler Shield,Chainmail,,False,25,"confers:Strain,Immune Blocked,Outrider: once,Nimble,confers:Blocked",1400,,False,Animal Husbandry|Armory|Blacksmith|Carpentry|Coliseum|Conditioning Field|Furnace|Joinery|Outrider Intercept Post|Tannery,5,16
"MaA/ShortSword/Targe/Leather [(EInd, RProw, NPie, NCun), Nimble, Serr]|M5",Man-at-Arms,Short Sword,Targe Shield,Leather,,False,25,"Nimble,Serrated,Immune Blocked",1400,,False,Animal Husbandry|Blacksmith|Carpentry|Coliseum|Conditioning Field|Furnace|Joinery|Master Workshop|Tannery,5,9
"MaA/Lance/Kite/Leather [(EInd, RProw, NPie, NCun), Nimble, Serr]|M5",Man-at-Arms,Lance,Kite Shield,Leather,,False,25,"Nimble,Serrated,Immune Blocked",1200,,False,Animal Husbandry|Armory|Blacksmith|Carpentry|Coliseum|Conditioning Field|Forge|Furnace|Joinery|Master Workshop|Tannery,5,9
"MaA/WarHammer+HuntBow/Cloth (TY) [(EInd, EProw, NPie, NCun), Florentine, ImmU, Nimble]|M5",Man-at-Arms,War Hammer,,Cloth,Hunting Bow,True,25,"Florentine,Immune Unwieldy,Nimble,Immune Blocked,Parry",1800,,False,Blacksmith|Carpentry|Coliseum|Conditioning Field|Fletchery|Forge|Furnace|Tiltyard,5,12
"MaA/Pitchfork+Javelin/Cloth (TY) [(RInd, EProw, NPie, NCun), Florentine, ImmU, Nimble]|M5",Man-at-Arms,Pitchfork,,Cloth,Javelin,True,25,"Florentine,Immune Unwieldy,Nimble,Immune Blocked,Parry",1800,,False,Blacksmith|Carpentry|Coliseum|Conditioning Field|Fletchery|Furnace|Tiltyard,5,9
"MaA/Morningstar/Tower/Cloth [OuInPoI, (EInd, RProw, NPie, SCun), Nimble]|M5",Man-at-Arms,Morningstar,Tower Shield,Cloth,,False,25,"confers:Strain,Immune Blocked,Outrider: once,Nimble,confers:Blocked",1800,,False,Blacksmith|Carpentry|Coliseum|Conditioning Field|Forge|Furnace|Joinery|Outrider Intercept Post|Stable,5,19
"MaA/Arming/Cloth (DW) [RoPaM, (RInd, SProw, NPie, NCun), DW, Florentine, ImmU, Nimble, Riposte]|M5",Man-at-Arms,Arming Sword,,Cloth,,True,25,"Strike +1,Florentine,Nimble,Parry,Parry +1,Riposte,Dual Wield,Immune Strain,Crit 8,Immune Blocked,Immune Unwieldy",2000,,False,Blacksmith|Carpentry|Coliseum|Conditioning Field|Fletchery|Furnace|Grand Tournament|Royal Pavilion|Tiltyard,5,13
"MaA/Cavalry Spear/Targe/Leather [(RInd, RProw, NPie, NCun), Nimble]|M5",Man-at-Arms,Cavalry Spear,Targe Shield,Leather,,False,25,"Nimble,Immune Blocked",1100,,False,Animal Husbandry|Blacksmith|Butchery|Carpentry|Coliseum|Conditioning Field|Furnace|Joinery|Tannery,5,6
"MaA/FarmTools/Tower/Chain [(EInd, RProw, NPie, NCun), Nimble]|M5",Man-at-Arms,Farm Tools,Tower Shield,Chainmail,,False,25,"Nimble,Immune Blocked",1400,,False,Animal Husbandry|Armory|Blacksmith|Carpentry|Coliseum|Conditioning Field|Forge|Furnace|Joinery|Stable|Tannery,5,9
"MaA/Spears+Crossbow/Tower/Cloth (TY) [(EInd, EProw, NPie, NCun), Florentine, ImmU, Nimble]|M5",Man-at-Arms,Spears,Tower Shield,Cloth,Crossbow,True,25,"Florentine,Immune Unwieldy,Nimble,Immune Blocked,Parry",1600,,False,Blacksmith|Carpentry|Coliseum|Conditioning Field|Fletchery|Forge|Furnace|Joinery|Tiltyard,5,12
"MaA/Bastard/Tower/Leather [(EInd, RProw, NPie, NCun), Nimble]|M5",Man-at-Arms,Bastard Sword,Tower Shield,Leather,,False,25,"Nimble,Immune Blocked",1600,,False,Animal Husbandry|Blacksmith|Carpentry|Coliseum|Conditioning Field|Forge|Furnace|Joinery|Stable|Tannery,5,9
"MaA/WarHammer+Longbow/Cloth (TY) [(EInd, EProw, NPie, NCun), Florentine, ImmU, Nimble]|M5",Man-at-Arms,War Hammer,,Cloth,Longbow,True,25,"Florentine,Immune Unwieldy,Nimble,Immune Blocked,Parry",1800,,False,Blacksmith|Carpentry|Coliseum|Conditioning Field|Fletchery|Forge|Furnace|Tiltyard,5,12
"MaA/Arming/Tower/Cloth [(EInd, RProw, NPie, NCun), Nimble, Recover 8]|M5",Man-at-Arms,Arming Sword,Tower Shield,Cloth,,False,25,"Recover 8,Nimble,Immune Blocked",1800,,False,Apothecary|Blacksmith|Carpentry|Coliseum|Conditioning Field|Forge|Furnace|Herb Garden|Joinery,5,9
"MaA/Flail/Tower/Leather [(EInd, RProw, NPie, NCun), Nimble, Serr]|M5",Man-at-Arms,Flail,Tower Shield,Leather,,False,25,"Nimble,Serrated,Immune Blocked",1400,,False,Animal Husbandry|Blacksmith|Carpentry|Coliseum|Conditioning Field|Forge|Furnace|Joinery|Master Workshop|Tannery,5,9
"MaA/Pitchfork/FullPlate [(EInd, RProw, NPie, NCun), Nimble, Temp, Recover 8]|M5",Man-at-Arms,Pitchfork,,Full Plate,,False,25,"Recover 8,Nimble,Immune Blocked,Planishing",1600,,False,Animal Husbandry|Apothecary|Armory|Blacksmith|Coliseum|Conditioning Field|Furnace|Gilded Foundry|Herb Garden|Tannery,5,9
"MaA/Flail/Kite/Chain [(RInd, RProw, NPie, NCun), Nimble]|M5",Man-at-Arms,Flail,Kite Shield,Chainmail,,False,25,"Nimble,Immune Blocked",1400,,False,Animal Husbandry|Armory|Blacksmith|Carpentry|Coliseum|Conditioning Field|Furnace|Joinery|Stable|Tannery,5,6
"MaA/2HBastard/Chain [(EInd, EProw, NPie, NCun), Nimble, Parry +1, Recover 8, Riposte]|M5",Man-at-Arms,2HBastard,,Chainmail,,False,25,"Parry +1,Riposte,Immune Blocked,Recover 8,Nimble,Parry",1600,,False,Animal Husbandry|Apothecary|Armory|Blacksmith|Coliseum|Conditioning Field|Forge|Furnace|Grand Tournament|Herb Garden|Tannery,5,12
"MaA/Spears+HuntBow/Tower/Cloth (TY) [(EInd, EProw, NPie, NCun), Florentine, ImmU, Nimble, Parry +1, Riposte]|M5",Man-at-Arms,Spears,Tower Shield,Cloth,Hunting Bow,True,25,"Florentine,Parry +1,Riposte,Immune Blocked,Nimble,Parry,Immune Unwieldy",1600,,False,Blacksmith|Carpentry|Coliseum|Conditioning Field|Fletchery|Forge|Furnace|Grand Tournament|Joinery|Tiltyard,5,12
"MaA/Flail/Tower/Leather [(EInd, RProw, NPie, NCun), Nimble]|M5",Man-at-Arms,Flail,Tower Shield,Leather,,False,25,"Nimble,Immune Blocked",1600,,False,Animal Husbandry|Blacksmith|Carpentry|Coliseum|Conditioning Field|Forge|Furnace|Joinery|Stable|Tannery,5,9
"MaA/Cavalry Spear/Targe/Cloth [(RInd, RProw, NPie, NCun), Nimble, Recover 8]|M5",Man-at-Arms,Cavalry Spear,Targe Shield,Cloth,,False,25,"Recover 8,Nimble,Immune Blocked",1800,,False,Apothecary|Blacksmith|Carpentry|Coliseum|Conditioning Field|Furnace|Herb Garden|Joinery,5,6
"MaA/Arming/Cloth (DW) [(RInd, EProw, NPie, NCun), DW, Florentine, ImmU, Nimble]|M5",Man-at-Arms,Arming Sword,,Cloth,,True,25,"Florentine,Dual Wield,Immune Unwieldy,Nimble,Immune Blocked,Parry",2000,,False,Blacksmith|Carpentry|Coliseum|Conditioning Field|Fletchery|Furnace|Tiltyard,5,9
"MaA/FarmTools/Targe/FullPlate [(EInd, RProw, NPie, NCun), Nimble, Temp, Serr]|M5",Man-at-Arms,Farm Tools,Targe Shield,Full Plate,,False,25,"Nimble,Serrated,Immune Blocked,Planishing",1200,,False,Animal Husbandry|Armory|Blacksmith|Carpentry|Coliseum|Conditioning Field|Furnace|Gilded Foundry|Joinery|Master Workshop|Tannery,5,9
"MaA/Cudgel/Chain [(RInd, EProw, NPie, NCun), Nimble, Parry +1, Recover 8, Riposte]|M5",Man-at-Arms,Cudgel,,Chainmail,,False,25,"Parry +1,Riposte,Immune Blocked,Recover 8,Nimble,Parry",1600,,False,Animal Husbandry|Apothecary|Armory|Blacksmith|Coliseum|Conditioning Field|Furnace|Grand Tournament|Herb Garden|Tannery,5,9
"MaA/FarmTools/Tower/Chain [(EInd, RProw, NPie, NCun), Nimble, Serr]|M5",Man-at-Arms,Farm Tools,Tower Shield,Chainmail,,False,25,"Nimble,Serrated,Immune Blocked",1200,,False,Animal Husbandry|Armory|Blacksmith|Carpentry|Coliseum|Conditioning Field|Forge|Furnace|Joinery|Master Workshop|Tannery,5,9
"MaA/FarmTools/Buckler/Cloth [(RInd, RProw, EPie, NCun), Enduring, Nimble, Rec 6, Recover 7, Recover 8, Shake+1]|M5",Man-at-Arms,Farm Tools,Buckler Shield,Cloth,,False,25,"Recover 6,Recover 7,Enduring,Shake +1,Recover 8,Nimble,Immune Blocked",1700,,False,Alchemy|Apothecary|Carpentry|Coliseum|Conditioning Field|Herb Garden|Hospitaller|Infirmary|Joinery|Stable,5,12
"MaA/Bastard/Tower/Cloth [MiMiStI, (EInd, SProw, NPie, NCun), Nimble, Serr]|M5",Man-at-Arms,Bastard Sword,Tower Shield,Cloth,,False,25,"Serrated,Init +1,Immune Blocked,MaxInit3,Seize: first,Nimble,Parry",1600,,False,Blacksmith|Carpentry|Coliseum|Conditioning Field|Forge|Furnace|Joinery|Master Workshop|Ministry of Military Strategy,5,16
"MaA/FarmTools/Tower/FullPlate [(EInd, RProw, NPie, NCun), Nimble, Temp]|M5",Man-at-Arms,Farm Tools,Tower Shield,Full Plate,,False,25,"Nimble,Immune Blocked,Planishing",900,,False,Animal Husbandry|Armory|Blacksmith|Butchery|Carpentry|Coliseum|Conditioning Field|Forge|Furnace|Gilded Foundry|Joinery|Tannery,5,9
"MaA/BattleAxe+HuntBow/Cloth (TY) [(RInd, EProw, NPie, NCun), Florentine, ImmU, Nimble]|M5",Man-at-Arms,Battle Axe,,Cloth,Hunting Bow,True,25,"Florentine,Immune Unwieldy,Nimble,Immune Blocked,Parry",1800,,False,Blacksmith|Carpentry|Coliseum|Conditioning Field|Fletchery|Furnace|Tiltyard,5,9
"MaA/2HBastard/Cloth [(EInd, RProw, EPie, NCun), Enduring, Nimble, Rec 6, Recover 7, Recover 8, Serr, Shake+1]|M5",Man-at-Arms,2HBastard,,Cloth,,False,25,"Recover 6,Serrated,Shake +1,Nimble,Recover 7,Enduring,Recover 8,Immune Blocked",1700,,False,Alchemy|Apothecary|Blacksmith|Coliseum|Conditioning Field|Forge|Furnace|Herb Garden|Hospitaller|Infirmary|Master Workshop,5,15
"MaA/ShortSword/Tower/Chain [(EInd, RProw, NPie, NCun), Nimble]|M5",Man-at-Arms,Short Sword,Tower Shield,Chainmail,,False,25,"Nimble,Immune Blocked",900,,False,Animal Husbandry|Armory|Blacksmith|Butchery|Carpentry|Coliseum|Conditioning Field|Forge|Furnace|Joinery|Tannery,5,9
"MaA/Spears/Targe/Chain [(EInd, RProw, NPie, NCun), Nimble, Serr]|M5",Man-at-Arms,Spears,Targe Shield,Chainmail,,False,25,"Nimble,Serrated,Immune Blocked",1200,,False,Animal Husbandry|Armory|Blacksmith|Carpentry|Coliseum|Conditioning Field|Furnace|Joinery|Master Workshop|Tannery,5,9
"MaA/Pike/Cloth [MiMiStM, (EInd, SProw, NPie, NCun), Nimble, Serr]|M5",Man-at-Arms,Pike,,Cloth,,False,25,"Drilled,Serrated,Nimble,Parry,Immune Blocked,MaxInit3,Seize: first,Init +1",1800,,False,Blacksmith|Coliseum|Conditioning Field|Furnace|Master Workshop|Ministry of Military Strategy|University|War College,5,16
"MaA/Spears/Targe/FullPlate [(EInd, RProw, NPie, NCun), Nimble, Temp]|M5",Man-at-Arms,Spears,Targe Shield,Full Plate,,False,25,"Nimble,Immune Blocked,Planishing",900,,False,Animal Husbandry|Armory|Blacksmith|Butchery|Carpentry|Coliseum|Conditioning Field|Furnace|Gilded Foundry|Joinery|Tannery,5,9
"MaA/Spears/Tower/Chain [(EInd, EProw, NPie, NCun), Nimble, Parry +1, Riposte, Serr]|M5",Man-at-Arms,Spears,Tower Shield,Chainmail,,False,25,"Serrated,Parry +1,Riposte,Immune Blocked,Nimble,Parry",1200,,False,Animal Husbandry|Armory|Blacksmith|Carpentry|Coliseum|Conditioning Field|Forge|Furnace|Grand Tournament|Joinery|Master Workshop|Tannery,5,12
"MaA/Arming+Longbow/Tower/Cloth (TY) [(EInd, EProw, NPie, NCun), Florentine, ImmU, Nimble]|M5",Man-at-Arms,Arming Sword,Tower Shield,Cloth,Longbow,True,25,"Florentine,Immune Unwieldy,Nimble,Immune Blocked,Parry",1600,,False,Blacksmith|Carpentry|Coliseum|Conditioning Field|Fletchery|Forge|Furnace|Joinery|Tiltyard,5,12
"MaA/Arming/Kite/Leather [(RInd, RProw, NPie, NCun), Nimble]|M5",Man-at-Arms,Arming Sword,Kite Shield,Leather,,False,25,"Nimble,Immune Blocked",900,,False,Animal Husbandry|Armory|Blacksmith|Butchery|Carpentry|Coliseum|Conditioning Field|Furnace|Joinery|Tannery,5,6
"MaA/FarmTools/Targe/Cloth [(RInd, RProw, NPie, NCun), Nimble, Recover 8]|M5",Man-at-Arms,Farm Tools,Targe Shield,Cloth,,False,25,"Recover 8,Nimble,Immune Blocked",1800,,False,Apothecary|Blacksmith|Carpentry|Coliseum|Conditioning Field|Furnace|Herb Garden|Joinery,5,6
"MaA/Cavalry Spear/Buckler/FullPlate [(EInd, RProw, NPie, NCun), Nimble, Temp]|M5",Man-at-Arms,Cavalry Spear,Buckler Shield,Full Plate,,False,25,"Nimble,Immune Blocked,Planishing",900,,False,Animal Husbandry|Armory|Blacksmith|Butchery|Carpentry|Coliseum|Conditioning Field|Furnace|Gilded Foundry|Joinery|Tannery,5,9
"MaA/FarmTools/Targe/Leather [PrI, (RInd, EProw, SPie, NCun), Nimble, Shake+1]|M5",Man-at-Arms,Farm Tools,Targe Shield,Leather,,False,25,"Immune Blocked,Resolute,Shake +1,Nimble,Parry",1600,,False,Animal Husbandry|Blacksmith|Carpentry|Coliseum|Conditioning Field|Furnace|Joinery|Preceptory|Tannery,5,19
"MaA/WarHammer+Javelin/Cloth (TY) [(EInd, EProw, NPie, NCun), Florentine, ImmU, Nimble]|M5",Man-at-Arms,War Hammer,,Cloth,Javelin,True,25,"Florentine,Immune Unwieldy,Nimble,Immune Blocked,Parry",1800,,False,Blacksmith|Carpentry|Coliseum|Conditioning Field|Fletchery|Forge|Furnace|Tiltyard,5,12
"MaA/WarHammer+Javelin/Cloth (TY) [(EInd, EProw, NPie, NCun), Florentine, ImmU, Nimble, Parry +1, Riposte]|M5",Man-at-Arms,War Hammer,,Cloth,Javelin,True,25,"Florentine,Parry +1,Riposte,Immune Blocked,Nimble,Parry,Immune Unwieldy",1800,,False,Blacksmith|Carpentry|Coliseum|Conditioning Field|Fletchery|Forge|Furnace|Grand Tournament|Tiltyard,5,12
"MaA/FarmTools/Chain [(RInd, RProw, NPie, NCun), Nimble, Recover 8]|M5",Man-at-Arms,Farm Tools,,Chainmail,,False,25,"Recover 8,Nimble,Immune Blocked",1600,,False,Animal Husbandry|Apothecary|Armory|Blacksmith|Coliseum|Conditioning Field|Furnace|Herb Garden|Tannery,5,6
"MaA/Bastard/Tower/FullPlate [RoPaM, (EInd, SProw, NPie, NCun), Nimble, Temp, Riposte]|M5",Man-at-Arms,Bastard Sword,Tower Shield,Full Plate,,False,25,"Strike +1,Nimble,Parry,Parry +1,Riposte,Immune Blocked,Crit 8,Planishing,Immune Strain",1400,,False,Animal Husbandry|Armory|Blacksmith|Carpentry|Coliseum|Conditioning Field|Forge|Furnace|Gilded Foundry|Grand Tournament|Joinery|Royal Pavilion|Tannery|Tiltyard,5,16
"MaA/Spears/Tower/Cloth [(EInd, RProw, NPie, NCun), Nimble, Recover 8]|M5",Man-at-Arms,Spears,Tower Shield,Cloth,,False,25,"Recover 8,Nimble,Immune Blocked",1800,,False,Apothecary|Blacksmith|Carpentry|Coliseum|Conditioning Field|Forge|Furnace|Herb Garden|Joinery,5,9
"MaA/Arming/Kite/Cloth [(EInd, RProw, NPie, NCun), Nimble, Serr]|M5",Man-at-Arms,Arming Sword,Kite Shield,Cloth,,False,25,"Nimble,Serrated,Immune Blocked",1200,,False,Armory|Blacksmith|Carpentry|Coliseum|Conditioning Field|Furnace|Joinery|Master Workshop|Tannery,5,9
"MaA/2HBastard+HuntBow/Cloth (TY) [(EInd, EProw, NPie, NCun), Florentine, ImmU, Nimble]|M5",Man-at-Arms,2HBastard,,Cloth,Hunting Bow,True,25,"Florentine,Immune Unwieldy,Nimble,Immune Blocked,Parry",1800,,False,Blacksmith|Carpentry|Coliseum|Conditioning Field|Fletchery|Forge|Furnace|Tiltyard,5,12
"MaA/Arming/Tower/Leather [(EInd, RProw, NPie, NCun), Nimble, Serr]|M5",Man-at-Arms,Arming Sword,Tower Shield,Leather,,False,25,"Nimble,Serrated,Immune Blocked",1400,,False,Animal Husbandry|Blacksmith|Carpentry|Coliseum|Conditioning Field|Forge|Furnace|Joinery|Master Workshop|Tannery,5,9
"MaA/Cudgel/FullPlate [(EInd, RProw, NPie, NCun), Nimble, Temp, Recover 8]|M5",Man-at-Arms,Cudgel,,Full Plate,,False,25,"Recover 8,Nimble,Immune Blocked,Planishing",1600,,False,Animal Husbandry|Apothecary|Armory|Blacksmith|Coliseum|Conditioning Field|Furnace|Gilded Foundry|Herb Garden|Tannery,5,9
"MaA/Arming/Tower/Cloth [(EInd, EProw, NPie, NCun), Nimble, Parry +1, Recover 8, Riposte]|M5",Man-at-Arms,Arming Sword,Tower Shield,Cloth,,False,25,"Parry +1,Riposte,Immune Blocked,Recover 8,Nimble,Parry",1800,,False,Apothecary|Blacksmith|Carpentry|Coliseum|Conditioning Field|Forge|Furnace|Grand Tournament|Herb Garden|Joinery,5,12
"MaA/ShortSword/Targe/FullPlate [(EInd, RProw, NPie, NCun), Nimble, Temp, Serr]|M5",Man-at-Arms,Short Sword,Targe Shield,Full Plate,,False,25,"Nimble,Serrated,Immune Blocked,Planishing",1200,,False,Animal Husbandry|Armory|Blacksmith|Carpentry|Coliseum|Conditioning Field|Furnace|Gilded Foundry|Joinery|Master Workshop|Tannery,5,9
"MaA/FarmTools/Chain [MiMiStI, (RInd, SProw, NPie, NCun), Nimble]|M5",Man-at-Arms,Farm Tools,,Chainmail,,False,25,"Init +1,Immune Blocked,MaxInit3,Seize: first,Nimble,Parry",1100,,False,Animal Husbandry|Armory|Blacksmith|Butchery|Coliseum|Conditioning Field|Furnace|Ministry of Military Strategy|Tannery,5,13
"MaA/Poleaxe/Gothic [ABFM, (SInd, RProw, NPie, NCun), Nimble, Temp, Serr]|M5",Man-at-Arms,Poleaxe,,Gothic Plate,,False,25,"ABF,Serrated,Immune Blocked,Nimble,Planishing",900,,False,ABF|Animal Husbandry|Armory|Blacksmith|Coliseum|Conditioning Field|Forge|Furnace|Gilded Foundry|Master Workshop|Stable|Tannery,5,13
"MaA/Cavalry Spear/Kite/Cloth [(RInd, RProw, NPie, NCun), Nimble]|M5",Man-at-Arms,Cavalry Spear,Kite Shield,Cloth,,False,25,"Nimble,Immune Blocked",900,,False,Animal Husbandry|Armory|Blacksmith|Butchery|Carpentry|Coliseum|Conditioning Field|Furnace|Joinery|Tannery,5,6
"MaA/Cudgel/Leather [MiMiStM, (NInd, SProw, NPie, RCun), Nimble, Poison]|M5",Man-at-Arms,Cudgel,,Leather,,False,25,"Drilled,Poison,Nimble,Parry,Immune Blocked,MaxInit3,Seize: first,Init +1",1700,,False,Academy|Alchemy|Animal Husbandry|Coliseum|Conditioning Field|Ministry of Military Strategy|Tannery|Toxicarium|University|War College,5,13
"MaA/Spears/Tower/FullPlate [(EInd, RProw, NPie, NCun), Nimble, Temp]|M5",Man-at-Arms,Spears,Tower Shield,Full Plate,,False,25,"Nimble,Immune Blocked,Planishing",900,,False,Animal Husbandry|Armory|Blacksmith|Butchery|Carpentry|Coliseum|Conditioning Field|Forge|Furnace|Gilded Foundry|Joinery|Tannery,5,9
"MaA/Morningstar/Tower/FullPlate [PrI, (EInd, EProw, SPie, NCun), Nimble, Temp, Shake+1]|M5",Man-at-Arms,Morningstar,Tower Shield,Full Plate,,False,25,"Immune Blocked,Planishing,Resolute,Shake +1,Nimble,Parry",1400,,False,Animal Husbandry|Armory|Blacksmith|Carpentry|Coliseum|Conditioning Field|Forge|Furnace|Gilded Foundry|Joinery|Preceptory|Tannery,5,22
"MaA/BattleAxe+Javelin/Cloth (TY) [(RInd, EProw, NPie, NCun), Florentine, ImmU, Nimble]|M5",Man-at-Arms,Battle Axe,,Cloth,Javelin,True,25,"Florentine,Immune Unwieldy,Nimble,Immune Blocked,Parry",1800,,False,Blacksmith|Carpentry|Coliseum|Conditioning Field|Fletchery|Furnace|Tiltyard,5,9
"MaA/Flail+Crossbow/Tower/Cloth (TY) [(EInd, EProw, NPie, NCun), Florentine, ImmU, Nimble]|M5",Man-at-Arms,Flail,Tower Shield,Cloth,Crossbow,True,25,"Florentine,Immune Unwieldy,Nimble,Immune Blocked,Parry",1600,,False,Blacksmith|Carpentry|Coliseum|Conditioning Field|Fletchery|Forge|Furnace|Joinery|Tiltyard,5,12
"MaA/Lance/Targe/Chain [(EInd, RProw, NPie, NCun), Nimble]|M5",Man-at-Arms,Lance,Targe Shield,Chainmail,,False,25,"Nimble,Immune Blocked",900,,False,Animal Husbandry|Armory|Blacksmith|Butchery|Carpentry|Coliseum|Conditioning Field|Forge|Furnace|Joinery|Tannery,5,9
"MaA/HuntBow/Leather [(NInd, EProw, NPie, NCun), Florentine, ImmU, Nimble, Parry +1, Riposte]|M5",Man-at-Arms,Farm Tools,,Leather,Hunting Bow,True,25,"Florentine,Parry +1,Riposte,Immune Blocked,Nimble,Parry,Immune Unwieldy",1600,,False,Animal Husbandry|Carpentry|Coliseum|Conditioning Field|Fletchery|Grand Tournament|Tannery|Tiltyard,5,6
"MaA/Poleaxe/Leather [ABFM, (SInd, RProw, NPie, NCun), Nimble, Temp, Serr]|M5",Man-at-Arms,Poleaxe,,Leather,,False,25,"ABF,Serrated,Immune Blocked,Nimble,Planishing",900,,False,ABF|Animal Husbandry|Armory|Blacksmith|Coliseum|Conditioning Field|Forge|Furnace|Gilded Foundry|Master Workshop|Stable|Tannery,5,13
"MaA/FarmTools/Cloth [(EInd, RProw, EPie, NCun), Enduring, Nimble, Rec 6, Recover 7, Recover 8, Serr, Shake+1]|M5",Man-at-Arms,Farm Tools,,Cloth,,False,25,"Recover 6,Serrated,Shake +1,Nimble,Recover 7,Enduring,Recover 8,Immune Blocked",1700,,False,Alchemy|Apothecary|Blacksmith|Coliseum|Conditioning Field|Furnace|Herb Garden|Hospitaller|Infirmary|Master Workshop,5,15
"MaA/Bastard+Crossbow/Tower/Cloth (TY) [(EInd, EProw, NPie, NCun), Florentine, ImmU, Nimble]|M5",Man-at-Arms,Bastard Sword,Tower Shield,Cloth,Crossbow,True,25,"Florentine,Immune Unwieldy,Nimble,Immune Blocked,Parry",1600,,False,Blacksmith|Carpentry|Coliseum|Conditioning Field|Fletchery|Forge|Furnace|Joinery|Tiltyard,5,12
"MaA/Longbow/Cloth [(NInd, EProw, NPie, NCun), Florentine, ImmU, Nimble, Parry +1, Riposte]|M5",Man-at-Arms,Farm Tools,,Cloth,Longbow,True,25,"Florentine,Parry +1,Riposte,Immune Blocked,Nimble,Parry,Immune Unwieldy",1800,,False,Carpentry|Coliseum|Conditioning Field|Fletchery|Furnace|Grand Tournament|Tiltyard,5,6
"MaA/Cudgel+HuntBow/Leather (TY) [RoPaM, (NInd, SProw, NPie, NCun), Florentine, ImmU, Nimble, Riposte]|M5",Man-at-Arms,Cudgel,,Leather,Hunting Bow,True,25,"Strike +1,Florentine,Nimble,Parry,Parry +1,Riposte,Immune Strain,Crit 8,Immune Blocked,Immune Unwieldy",1600,,False,Animal Husbandry|Carpentry|Coliseum|Conditioning Field|Fletchery|Grand Tournament|Royal Pavilion|Tannery|Tiltyard,5,10
"MaA/Spears+HuntBow/Tower/Cloth (TY) [(EInd, EProw, NPie, NCun), Florentine, ImmU, Nimble]|M5",Man-at-Arms,Spears,Tower Shield,Cloth,Hunting Bow,True,25,"Florentine,Immune Unwieldy,Nimble,Immune Blocked,Parry",1600,,False,Blacksmith|Carpentry|Coliseum|Conditioning Field|Fletchery|Forge|Furnace|Joinery|Tiltyard,5,12
"MaA/Spears/Cloth (DW) [(NInd, EProw, NPie, NCun), DW, Florentine, ImmU, Nimble]|M5",Man-at-Arms,Spears,,Cloth,,True,25,"Florentine,Dual Wield,Immune Unwieldy,Nimble,Immune Blocked,Parry",2000,,False,Carpentry|Coliseum|Conditioning Field|Fletchery|Furnace|Tiltyard,5,6
"MaA/Lance/Buckler/Chain [(EInd, RProw, NPie, NCun), Nimble]|M5",Man-at-Arms,Lance,Buckler Shield,Chainmail,,False,25,"Nimble,Immune Blocked",900,,False,Animal Husbandry|Armory|Blacksmith|Butchery|Carpentry|Coliseum|Conditioning Field|Forge|Furnace|Joinery|Tannery,5,9
"MaA/Lance/Kite/Chain [(EInd, RProw, NPie, NCun), Nimble]|M5",Man-at-Arms,Lance,Kite Shield,Chainmail,,False,25,"Nimble,Immune Blocked",900,,False,Animal Husbandry|Armory|Blacksmith|Butchery|Carpentry|Coliseum|Conditioning Field|Forge|Furnace|Joinery|Tannery,5,9
"MaA/Flail/Kite/FullPlate [(EInd, RProw, NPie, NCun), Nimble, Temp]|M5",Man-at-Arms,Flail,Kite Shield,Full Plate,,False,25,"Nimble,Immune Blocked,Planishing",900,,False,Animal Husbandry|Armory|Blacksmith|Butchery|Carpentry|Coliseum|Conditioning Field|Furnace|Gilded Foundry|Joinery|Tannery,5,9
"MaA/Cavalry Spear/Buckler/Chain [(EInd, RProw, NPie, NCun), Nimble, Serr]|M5",Man-at-Arms,Cavalry Spear,Buckler Shield,Chainmail,,False,25,"Nimble,Serrated,Immune Blocked",1200,,False,Animal Husbandry|Armory|Blacksmith|Carpentry|Coliseum|Conditioning Field|Furnace|Joinery|Master Workshop|Tannery,5,9
"MaA/FarmTools/Kite/Cloth [(RInd, RProw, NPie, NCun), Nimble]|M5",Man-at-Arms,Farm Tools,Kite Shield,Cloth,,False,25,"Nimble,Immune Blocked",900,,False,Animal Husbandry|Armory|Blacksmith|Butchery|Carpentry|Coliseum|Conditioning Field|Furnace|Joinery|Tannery,5,6
"MaA/FarmTools/Targe/Chain [(RInd, RProw, NPie, NCun), Nimble]|M5",Man-at-Arms,Farm Tools,Targe Shield,Chainmail,,False,25,"Nimble,Immune Blocked",1400,,False,Animal Husbandry|Armory|Blacksmith|Carpentry|Coliseum|Conditioning Field|Furnace|Joinery|Stable|Tannery,5,6
"MaA/Halberd/Chain [(RInd, EProw, NPie, NCun), Nimble, Parry +1, Recover 8, Riposte]|M5",Man-at-Arms,Halberd,,Chainmail,,False,25,"Parry +1,Riposte,Immune Blocked,Recover 8,Nimble,Parry",1600,,False,Animal Husbandry|Apothecary|Armory|Blacksmith|Coliseum|Conditioning Field|Furnace|Grand Tournament|Herb Garden|Tannery,5,9
"MaA/HuntBow/Leather [(NInd, EProw, NPie, NCun), Florentine, ImmU, Nimble]|M5",Man-at-Arms,Farm Tools,,Leather,Hunting Bow,True,25,"Florentine,Immune Unwieldy,Nimble,Immune Blocked,Parry",1600,,False,Animal Husbandry|Carpentry|Coliseum|Conditioning Field|Fletchery|Tannery|Tiltyard,5,6
"MaA/Daggers/Cloth [MiMiStI, (NInd, SProw, NPie, NCun), Nimble, Recover 8]|M5",Man-at-Arms,Daggers,,Cloth,,False,25,"Init +1,Immune Blocked,Seize: first,MaxInit3,Recover 8,Nimble,Parry",2000,,False,Apothecary|Coliseum|Conditioning Field|Furnace|Herb Garden|Ministry of Military Strategy,5,10
"MaA/FarmTools/Buckler/Leather [(RInd, RProw, NPie, NCun), Nimble, Recover 8]|M5",Man-at-Arms,Farm Tools,Buckler Shield,Leather,,False,25,"Recover 8,Nimble,Immune Blocked",1600,,False,Animal Husbandry|Apothecary|Carpentry|Coliseum|Conditioning Field|Herb Garden|Joinery|Tannery,5,6
"MaA/FarmTools/FullPlate [(EInd, EProw, NPie, NCun), Nimble, Parry +1, Temp, Recover 8, Riposte]|M5",Man-at-Arms,Farm Tools,,Full Plate,,False,25,"Parry +1,Riposte,Immune Blocked,Planishing,Recover 8,Nimble,Parry",1600,,False,Animal Husbandry|Apothecary|Armory|Blacksmith|Coliseum|Conditioning Field|Furnace|Gilded Foundry|Grand Tournament|Herb Garden|Tannery,5,12
"MaA/2HBastard+Javelin/Cloth (TY) [RoPaM, (EInd, SProw, NPie, NCun), Florentine, ImmU, Nimble, Riposte]|M5",Man-at-Arms,2HBastard,,Cloth,Javelin,True,25,"Strike +1,Florentine,Nimble,Parry,Parry +1,Riposte,Immune Strain,Crit 8,Immune Blocked,Immune Unwieldy",1800,,False,Blacksmith|Carpentry|Coliseum|Conditioning Field|Fletchery|Forge|Furnace|Grand Tournament|Royal Pavilion|Tiltyard,5,16
"MaA/FarmTools/Tower/Leather [(EInd, RProw, NPie, NCun), Nimble, Serr]|M5",Man-at-Arms,Farm Tools,Tower Shield,Leather,,False,25,"Nimble,Serrated,Immune Blocked",1400,,False,Animal Husbandry|Blacksmith|Carpentry|Coliseum|Conditioning Field|Forge|Furnace|Joinery|Master Workshop|Tannery,5,9
"MaA/Halberd/Cloth [PrI, (RInd, EProw, SPie, NCun), Nimble, Recover 8, Shake+1]|M5",Man-at-Arms,Halberd,,Cloth,,False,25,"Immune Blocked,Resolute,Shake +1,Recover 8,Nimble,Parry",2000,,False,Apothecary|Blacksmith|Coliseum|Conditioning Field|Furnace|Herb Garden|Preceptory,5,19
"MaA/Pike/Cloth [OuInPoI, (RInd, RProw, NPie, SCun), Nimble, Recover 8]|M5",Man-at-Arms,Pike,,Cloth,,False,25,"confers:Strain,Immune Blocked,Outrider: once,Recover 8,Nimble,confers:Blocked",2000,,False,Apothecary|Blacksmith|Coliseum|Conditioning Field|Furnace|Herb Garden|Outrider Intercept Post,5,16
"MaA/BattleAxe+Longbow/Cloth (TY) [(RInd, EProw, NPie, NCun), Florentine, ImmU, Nimble]|M5",Man-at-Arms,Battle Axe,,Cloth,Longbow,True,25,"Florentine,Immune Unwieldy,Nimble,Immune Blocked,Parry",1800,,False,Blacksmith|Carpentry|Coliseum|Conditioning Field|Fletchery|Furnace|Tiltyard,5,9
"MaA/2HBastard+HuntBow/Cloth (TY) [RoPaM, (EInd, SProw, NPie, NCun), Florentine, ImmU, Nimble, Riposte]|M6",Man-at-Arms,2HBastard,,Cloth,Hunting Bow,True,25,"Strike +1,Florentine,Nimble,Parry,Parry +1,Riposte,Immune Strain,Crit 8,Immune Blocked,Immune Unwieldy",1800,,False,Blacksmith|Carpentry|Coliseum|Conditioning Field|Fletchery|Forge|Furnace|Grand Tournament|Royal Pavilion|Stable|Tiltyard,6,16
"MaA/Lance/Heater/Gothic [ABFM, (SInd, RProw, NPie, NCun), Nimble, Temp, Serr]|M6",Man-at-Arms,Lance,Heater Shield,Gothic Plate,,False,25,"ABF,Serrated,Immune Blocked,Nimble,Planishing",700,,False,ABF|Animal Husbandry|Armory|Blacksmith|Carpentry|Coliseum|Conditioning Field|Forge|Furnace|Gilded Foundry|Joinery|Master Workshop|Stable|Tannery,6,13
"MaA/Spears+HuntBow/Targe/FullPlate (TY) [(EInd, EProw, NPie, NCun), Florentine, ImmU, Nimble, Temp]|M6",Man-at-Arms,Spears,Targe Shield,Full Plate,Hunting Bow,True,25,"Florentine,Immune Blocked,Planishing,Nimble,Parry,Immune Unwieldy",1200,,False,Animal Husbandry|Armory|Blacksmith|Carpentry|Coliseum|Conditioning Field|Fletchery|Furnace|Gilded Foundry|Joinery|Tannery|Tiltyard,6,12
"MaA/ShortSword+Longbow/Tower/Leather (TY) [(EInd, EProw, NPie, NCun), Florentine, ImmU, Nimble]|M6",Man-at-Arms,Short Sword,Tower Shield,Leather,Longbow,True,25,"Florentine,Immune Unwieldy,Nimble,Immune Blocked,Parry",1400,,False,Animal Husbandry|Blacksmith|Carpentry|Coliseum|Conditioning Field|Fletchery|Forge|Furnace|Joinery|Tannery|Tiltyard,6,12
"MaA/Flail+Crossbow/FullPlate (TY) [(EInd, EProw, NPie, NCun), Florentine, ImmU, Nimble, Temp]|M6",Man-at-Arms,Flail,,Full Plate,Crossbow,True,25,"Florentine,Immune Blocked,Planishing,Nimble,Parry,Immune Unwieldy",1400,,False,Animal Husbandry|Armory|Blacksmith|Carpentry|Coliseum|Conditioning Field|Fletchery|Forge|Furnace|Gilded Foundry|Tannery|Tiltyard,6,12
"MaA/HuntBow/Leather [(NInd, EProw, NPie, NCun), Florentine, ImmU, Nimble, Parry +1, Riposte]|M6",Man-at-Arms,Farm Tools,,Leather,Hunting Bow,True,25,"Florentine,Parry +1,Riposte,Immune Blocked,Nimble,Parry,Immune Unwieldy",1100,,False,Animal Husbandry|Butchery|Carpentry|Coliseum|Conditioning Field|Fletchery|Grand Tournament|Tannery|Tiltyard,6,6
"MaA/Longbow/Chain [(RInd, EProw, NPie, NCun), Florentine, ImmU, Nimble]|M6",Man-at-Arms,Farm Tools,,Chainmail,Longbow,True,25,"Florentine,Immune Unwieldy,Nimble,Immune Blocked,Parry",1400,,False,Animal Husbandry|Armory|Blacksmith|Carpentry|Coliseum|Conditioning Field|Fletchery|Furnace|Tannery|Tiltyard,6,9
"MaA/Estoc/Heater/Leather [ABFM, (SInd, RProw, NPie, NCun), Nimble, Temp, Serr]|M6",Man-at-Arms,Estoc,Heater Shield,Leather,,False,25,"ABF,Serrated,Immune Blocked,Nimble,Planishing",700,,False,ABF|Animal Husbandry|Armory|Blacksmith|Carpentry|Coliseum|Conditioning Field|Forge|Furnace|Gilded Foundry|Joinery|Master Workshop|Stable|Tannery,6,13
"MaA/2HBastard+HuntBow/Leather (TY) [(EInd, EProw, NPie, NCun), Florentine, ImmU, Nimble, Parry +1, Riposte]|M6",Man-at-Arms,2HBastard,,Leather,Hunting Bow,True,25,"Florentine,Parry +1,Riposte,Immune Blocked,Nimble,Parry,Immune Unwieldy",1600,,False,Animal Husbandry|Blacksmith|Carpentry|Coliseum|Conditioning Field|Fletchery|Forge|Furnace|Grand Tournament|Tannery|Tiltyard,6,12
"MaA/Lance/Buckler/Gothic [ABFM, (SInd, RProw, NPie, NCun), Nimble, Temp, Serr]|M6",Man-at-Arms,Lance,Buckler Shield,Gothic Plate,,False,25,"ABF,Serrated,Immune Blocked,Nimble,Planishing",700,,False,ABF|Animal Husbandry|Armory|Blacksmith|Carpentry|Coliseum|Conditioning Field|Forge|Furnace|Gilded Foundry|Joinery|Master Workshop|Stable|Tannery,6,13
"MaA/Arming+HuntBow/Tower/Cloth (TY) [RoPaI, (EInd, SProw, NPie, NCun), Florentine, ImmU, Nimble]|M6",Man-at-Arms,Arming Sword,Tower Shield,Cloth,Hunting Bow,True,25,"Florentine,Parry +1,Immune Blocked,Immune Strain,Nimble,Parry,Immune Unwieldy",1600,,False,Blacksmith|Carpentry|Coliseum|Conditioning Field|Fletchery|Forge|Furnace|Joinery|Royal Pavilion|Tiltyard,6,16
"MaA/Bastard/Tower/Leather [RoPaM, (EInd, SProw, NPie, NCun), Nimble, Riposte]|M6",Man-at-Arms,Bastard Sword,Tower Shield,Leather,,False,25,"Strike +1,Nimble,Parry,Parry +1,Riposte,Crit 8,Immune Blocked,Immune Strain",1100,,False,Animal Husbandry|Blacksmith|Butchery|Carpentry|Coliseum|Conditioning Field|Forge|Furnace|Grand Tournament|Joinery|Royal Pavilion|Tannery|Tiltyard,6,16
"MaA/ShortSword/Tower/FullPlate [(EInd, RProw, NPie, NCun), Nimble, Temp, Recover 8]|M6",Man-at-Arms,Short Sword,Tower Shield,Full Plate,,False,25,"Recover 8,Nimble,Immune Blocked,Planishing",1400,,False,Animal Husbandry|Apothecary|Armory|Blacksmith|Carpentry|Coliseum|Conditioning Field|Forge|Furnace|Gilded Foundry|Herb Garden|Joinery|Tannery,6,9
"MaA/Halberd+Javelin/Leather (TY) [(RInd, EProw, NPie, NCun), Florentine, ImmU, Nimble]|M6",Man-at-Arms,Halberd,,Leather,Javelin,True,25,"Florentine,Immune Unwieldy,Nimble,Immune Blocked,Parry",1600,,False,Animal Husbandry|Blacksmith|Carpentry|Coliseum|Conditioning Field|Fletchery|Furnace|Tannery|Tiltyard,6,9
"MaA/Crossbow/Leather [(EInd, EProw, NPie, NCun), Florentine, ImmU, Nimble]|M6",Man-at-Arms,Farm Tools,,Leather,Crossbow,True,25,"Florentine,Immune Unwieldy,Nimble,Immune Blocked,Parry",1600,,False,Animal Husbandry|Blacksmith|Carpentry|Coliseum|Conditioning Field|Fletchery|Forge|Furnace|Tannery|Tiltyard,6,12
"MaA/Spears+Longbow/Kite/Chain (TY) [(RInd, EProw, NPie, NCun), Florentine, ImmU, Nimble]|M6",Man-at-Arms,Spears,Kite Shield,Chainmail,Longbow,True,25,"Florentine,Immune Unwieldy,Nimble,Immune Blocked,Parry",1200,,False,Animal Husbandry|Armory|Blacksmith|Carpentry|Coliseum|Conditioning Field|Fletchery|Furnace|Joinery|Tannery|Tiltyard,6,9
"MaA/Cavalry Spear/Targe/FullPlate [(EInd, RProw, NPie, NCun), Nimble, Temp, Recover 8]|M6",Man-at-Arms,Cavalry Spear,Targe Shield,Full Plate,,False,25,"Recover 8,Nimble,Immune Blocked,Planishing",1400,,False,Animal Husbandry|Apothecary|Armory|Blacksmith|Carpentry|Coliseum|Conditioning Field|Furnace|Gilded Foundry|Herb Garden|Joinery|Tannery,6,9
"MaA/Arming/FullPlate (DW) [(EInd, EProw, NPie, NCun), DW, Florentine, ImmU, Nimble, Temp]|M6",Man-at-Arms,Arming Sword,,Full Plate,,True,25,"Florentine,Immune Blocked,Dual Wield,Planishing,Nimble,Parry,Immune Unwieldy",1600,,False,Animal Husbandry|Armory|Blacksmith|Carpentry|Coliseum|Conditioning Field|Fletchery|Furnace|Gilded Foundry|Tannery|Tiltyard,6,12
"MaA/Cavalry Spear/Kite/Chain [(RInd, RProw, NPie, NCun), Nimble, Recover 8]|M6",Man-at-Arms,Cavalry Spear,Kite Shield,Chainmail,,False,25,"Recover 8,Nimble,Immune Blocked",1400,,False,Animal Husbandry|Apothecary|Armory|Blacksmith|Carpentry|Coliseum|Conditioning Field|Furnace|Herb Garden|Joinery|Tannery,6,6
"MaA/ShortSword+HuntBow/Targe/Chain (TY) [(RInd, EProw, NPie, NCun), Florentine, ImmU, Nimble]|M6",Man-at-Arms,Short Sword,Targe Shield,Chainmail,Hunting Bow,True,25,"Florentine,Immune Unwieldy,Nimble,Immune Blocked,Parry",1200,,False,Animal Husbandry|Armory|Blacksmith|Carpentry|Coliseum|Conditioning Field|Fletchery|Furnace|Joinery|Tannery|Tiltyard,6,9
"MaA/Halberd/Chain [(RInd, RProw, EPie, NCun), Enduring, Nimble, Rec 6, Recover 7, Recover 8, Shake+1]|M6",Man-at-Arms,Halberd,,Chainmail,,False,25,"Recover 6,Recover 7,Enduring,Shake +1,Recover 8,Nimble,Immune Blocked",1000,,False,Alchemy|Animal Husbandry|Apothecary|Armory|Blacksmith|Butchery|Coliseum|Conditioning Field|Furnace|Herb Garden|Hospitaller|Infirmary|Tannery,6,12
"MaA/Bastard+Javelin/Tower/Leather (TY) [(EInd, EProw, NPie, NCun), Florentine, ImmU, Nimble]|M6",Man-at-Arms,Bastard Sword,Tower Shield,Leather,Javelin,True,25,"Florentine,Immune Unwieldy,Nimble,Immune Blocked,Parry",1400,,False,Animal Husbandry|Blacksmith|Carpentry|Coliseum|Conditioning Field|Fletchery|Forge|Furnace|Joinery|Tannery|Tiltyard,6,12
"MaA/Pike/Cloth [(EInd, RProw, EPie, NCun), Enduring, Nimble, Rec 6, Recover 7, Recover 8, Serr, Shake+1]|M6",Man-at-Arms,Pike,,Cloth,,False,25,"Recover 6,Serrated,Shake +1,Nimble,Recover 7,Enduring,Recover 8,Immune Blocked",1700,,False,Alchemy|Apothecary|Blacksmith|Coliseum|Conditioning Field|Furnace|Herb Garden|Hospitaller|Infirmary|Master Workshop|Stable,6,15
"MaA/Arming/Tower/Chain [(EInd, RProw, NPie, NCun), Nimble, Recover 8]|M6",Man-at-Arms,Arming Sword,Tower Shield,Chainmail,,False,25,"Recover 8,Nimble,Immune Blocked",1400,,False,Animal Husbandry|Apothecary|Armory|Blacksmith|Carpentry|Coliseum|Conditioning Field|Forge|Furnace|Herb Garden|Joinery|Tannery,6,9
"MaA/Arming/Tower/Cloth [(EInd, EProw, EPie, NCun), Enduring, Nimble, Parry +1, Rec 6, Recover 7, Recover 8, Riposte, Shake+1]|M6",Man-at-Arms,Arming Sword,Tower Shield,Cloth,,False,25,"Recover 6,Shake +1,Nimble,Parry,Recover 7,Parry +1,Riposte,Enduring,Recover 8,Immune Blocked",1700,,False,Alchemy|Apothecary|Blacksmith|Carpentry|Coliseum|Conditioning Field|Forge|Furnace|Grand Tournament|Herb Garden|Hospitaller|Infirmary|Joinery|Stable,6,18
"MaA/Pike+HuntBow/Cloth (TY) [(RInd, EProw, NPie, NCun), Florentine, ImmU, Nimble]|M6",Man-at-Arms,Pike,,Cloth,Hunting Bow,True,25,"Florentine,Immune Unwieldy,Nimble,Immune Blocked,Parry",1800,,False,Blacksmith|Carpentry|Coliseum|Conditioning Field|Fletchery|Furnace|Stable|Tiltyard,6,9
"MaA/Arming+Longbow/Kite/FullPlate (TY) [(EInd, EProw, NPie, NCun), Florentine, ImmU, Nimble, Temp]|M6",Man-at-Arms,Arming Sword,Kite Shield,Full Plate,Longbow,True,25,"Florentine,Immune Blocked,Planishing,Nimble,Parry,Immune Unwieldy",1200,,False,Animal Husbandry|Armory|Blacksmith|Carpentry|Coliseum|Conditioning Field|Fletchery|Furnace|Gilded Foundry|Joinery|Tannery|Tiltyard,6,12
"MaA/Spears/Targe/Cloth [PrM, (RInd, EProw, SPie, NCun), Nimble, Rec 6, Shake+1]|M6",Man-at-Arms,Spears,Targe Shield,Cloth,,False,25,"Recover 6,Immune Blocked,Resolute,Shake +1,Nimble,Parry",1800,,False,Abbey|Blacksmith|Carpentry|Coliseum|Conditioning Field|Furnace|Hospitaller|Joinery|Monastery|Pilgrimage Site|Preceptory,6,19
"MaA/Halberd+Javelin/FullPlate (TY) [(EInd, EProw, NPie, NCun), Florentine, ImmU, Nimble, Temp]|M6",Man-at-Arms,Halberd,,Full Plate,Javelin,True,25,"Florentine,Immune Blocked,Planishing,Nimble,Parry,Immune Unwieldy",1400,,False,Animal Husbandry|Armory|Blacksmith|Carpentry|Coliseum|Conditioning Field|Fletchery|Furnace|Gilded Foundry|Tannery|Tiltyard,6,12
"MaA/Crossbow/Cloth [(EInd, EProw, NPie, NCun), Florentine, ImmU, Nimble, Serr]|M6",Man-at-Arms,Farm Tools,,Cloth,Crossbow,True,25,"Florentine,Serrated,Immune Blocked,Nimble,Parry,Immune Unwieldy",1600,,False,Blacksmith|Carpentry|Coliseum|Conditioning Field|Fletchery|Forge|Furnace|Master Workshop|Tiltyard,6,12
"MaA/FarmTools/Tower/Cloth [(EInd, RProw, EPie, NCun), Enduring, Nimble, Rec 6, Recover 7, Recover 8, Shake+1]|M6",Man-at-Arms,Farm Tools,Tower Shield,Cloth,,False,25,"Recover 6,Recover 7,Enduring,Shake +1,Recover 8,Nimble,Immune Blocked",1700,,False,Alchemy|Apothecary|Blacksmith|Carpentry|Coliseum|Conditioning Field|Forge|Furnace|Herb Garden|Hospitaller|Infirmary|Joinery|Stable,6,15
"MaA/Spears+Javelin/Tower/Cloth (TY) [(EInd, EProw, NPie, NCun), Florentine, ImmU, Nimble, Serr]|M6",Man-at-Arms,Spears,Tower Shield,Cloth,Javelin,True,25,"Florentine,Serrated,Immune Blocked,Nimble,Parry,Immune Unwieldy",1400,,False,Blacksmith|Carpentry|Coliseum|Conditioning Field|Fletchery|Forge|Furnace|Joinery|Master Workshop|Tiltyard,6,12
"MaA/FarmTools/Tower/Gothic [ABFM, (SInd, RProw, NPie, NCun), Nimble, Temp, Serr]|M6",Man-at-Arms,Farm Tools,Tower Shield,Gothic Plate,,False,25,"ABF,Serrated,Immune Blocked,Nimble,Planishing",700,,False,ABF|Animal Husbandry|Armory|Blacksmith|Carpentry|Coliseum|Conditioning Field|Forge|Furnace|Gilded Foundry|Joinery|Master Workshop|Stable|Tannery,6,13
"MaA/BattleAxe/FullPlate [(EInd, RProw, EPie, NCun), Enduring, Nimble, Temp, Rec 6, Recover 7, Recover 8, Shake+1]|M6",Man-at-Arms,Battle Axe,,Full Plate,,False,25,"Recover 6,Shake +1,Nimble,Recover 7,Immune Blocked,Enduring,Recover 8,Planishing",1000,,False,Alchemy|Animal Husbandry|Apothecary|Armory|Blacksmith|Butchery|Coliseum|Conditioning Field|Furnace|Gilded Foundry|Herb Garden|Hospitaller|Infirmary|Tannery,6,15
"MaA/2HBastard/Cloth [(EInd, RProw, EPie, RCun), Enduring, Nimble, Poison, Rec 6, Recover 7, Recover 8, Shake+1]|M6",Man-at-Arms,2HBastard,,Cloth,,False,25,"Recover 6,Poison,Shake +1,Nimble,Recover 7,Enduring,Recover 8,Immune Blocked",1800,,False,Academy|Alchemy|Apothecary|Blacksmith|Coliseum|Conditioning Field|Forge|Furnace|Herb Garden|Hospitaller|Infirmary|Toxicarium,6,18
"MaA/Morningstar/Heater/FullPlate [ABFM, (SInd, RProw, NPie, NCun), Nimble, Temp, Serr]|M6",Man-at-Arms,Morningstar,Heater Shield,Full Plate,,False,25,"ABF,Serrated,Immune Blocked,Nimble,Planishing",700,,False,ABF|Animal Husbandry|Armory|Blacksmith|Carpentry|Coliseum|Conditioning Field|Forge|Furnace|Gilded Foundry|Joinery|Master Workshop|Stable|Tannery,6,13
"MaA/HuntBow/Chain [(RInd, EProw, NPie, NCun), Florentine, ImmU, Nimble]|M6",Man-at-Arms,Farm Tools,,Chainmail,Hunting Bow,True,25,"Florentine,Immune Unwieldy,Nimble,Immune Blocked,Parry",1400,,False,Animal Husbandry|Armory|Blacksmith|Carpentry|Coliseum|Conditioning Field|Fletchery|Furnace|Tannery|Tiltyard,6,9
"MaA/BattleAxe+Longbow/FullPlate (TY) [(EInd, EProw, NPie, NCun), Florentine, ImmU, Nimble, Temp]|M6",Man-at-Arms,Battle Axe,,Full Plate,Longbow,True,25,"Florentine,Immune Blocked,Planishing,Nimble,Parry,Immune Unwieldy",1400,,False,Animal Husbandry|Armory|Blacksmith|Carpentry|Coliseum|Conditioning Field|Fletchery|Furnace|Gilded Foundry|Tannery|Tiltyard,6,12
"MaA/ShortSword+Javelin/Kite/FullPlate (TY) [(EInd, EProw, NPie, NCun), Florentine, ImmU, Nimble, Parry +1, Temp, Riposte]|M6",Man-at-Arms,Short Sword,Kite Shield,Full Plate,Javelin,True,25,"Florentine,Nimble,Parry,Parry +1,Riposte,Immune Blocked,Planishing,Immune Unwieldy",1200,,False,Animal Husbandry|Armory|Blacksmith|Carpentry|Coliseum|Conditioning Field|Fletchery|Furnace|Gilded Foundry|Grand Tournament|Joinery|Tannery|Tiltyard,6,12
"MaA/ShortSword+Longbow/Targe/Leather (TY) [(RInd, EProw, NPie, NCun), Florentine, ImmU, Nimble]|M6",Man-at-Arms,Short Sword,Targe Shield,Leather,Longbow,True,25,"Florentine,Immune Unwieldy,Nimble,Immune Blocked,Parry",1400,,False,Animal Husbandry|Blacksmith|Carpentry|Coliseum|Conditioning Field|Fletchery|Furnace|Joinery|Tannery|Tiltyard,6,9
"MaA/Lance/Buckler/FullPlate [MiMiStI, (EInd, SProw, NPie, NCun), Nimble, Temp]|M6",Man-at-Arms,Lance,Buckler Shield,Full Plate,,False,25,"Init +1,Immune Blocked,Planishing,MaxInit3,Seize: first,Nimble,Parry",1400,,False,Animal Husbandry|Armory|Blacksmith|Carpentry|Coliseum|Conditioning Field|Forge|Furnace|Gilded Foundry|Joinery|Ministry of Military Strategy|Stable|Tannery,6,16
"MaA/WarHammer/Cloth [OuInPoI, (EInd, RProw, EPie, SCun), Enduring, Nimble, Rec 6, Recover 7, Recover 8, Shake+1]|M6",Man-at-Arms,War Hammer,,Cloth,,False,25,"Recover 6,confers:Strain,Outrider: once,Shake +1,Nimble,confers:Blocked,Recover 7,Enduring,Recover 8,Immune Blocked",1900,,False,Alchemy|Apothecary|Blacksmith|Coliseum|Conditioning Field|Forge|Furnace|Herb Garden|Hospitaller|Infirmary|Outrider Intercept Post|Stable,6,25
"MaA/Arming+Crossbow/Tower/FullPlate (TY) [(EInd, EProw, NPie, NCun), Florentine, ImmU, Nimble, Temp]|M6",Man-at-Arms,Arming Sword,Tower Shield,Full Plate,Crossbow,True,25,"Florentine,Immune Blocked,Planishing,Nimble,Parry,Immune Unwieldy",1200,,False,Animal Husbandry|Armory|Blacksmith|Carpentry|Coliseum|Conditioning Field|Fletchery|Forge|Furnace|Gilded Foundry|Joinery|Tannery|Tiltyard,6,12
"MaA/Flail+HuntBow/Kite/FullPlate (TY) [(EInd, EProw, NPie, NCun), Florentine, ImmU, Nimble, Temp]|M6",Man-at-Arms,Flail,Kite Shield,Full Plate,Hunting Bow,True,25,"Florentine,Immune Blocked,Planishing,Nimble,Parry,Immune Unwieldy",1200,,False,Animal Husbandry|Armory|Blacksmith|Carpentry|Coliseum|Conditioning Field|Fletchery|Furnace|Gilded Foundry|Joinery|Tannery|Tiltyard,6,12
"MaA/WarHammer+Crossbow/Leather (TY) [RoPaM, (EInd, SProw, NPie, NCun), Florentine, ImmU, Nimble, Riposte]|M6",Man-at-Arms,War Hammer,,Leather,Crossbow,True,25,"Strike +1,Florentine,Nimble,Parry,Parry +1,Riposte,Immune Strain,Crit 8,Immune Blocked,Immune Unwieldy",1600,,False,Animal Husbandry|Blacksmith|Carpentry|Coliseum|Conditioning Field|Fletchery|Forge|Furnace|Grand Tournament|Royal Pavilion|Tannery|Tiltyard,6,16
"MaA/Daggers+Longbow/FullPlate (TY) [(EInd, EProw, NPie, NCun), Florentine, ImmU, Nimble, Parry +1, Temp, Riposte]|M6",Man-at-Arms,Daggers,,Full Plate,Longbow,True,25,"Florentine,Nimble,Parry,Parry +1,Riposte,Immune Blocked,Planishing,Immune Unwieldy",1400,,False,Animal Husbandry|Armory|Blacksmith|Carpentry|Coliseum|Conditioning Field|Fletchery|Furnace|Gilded Foundry|Grand Tournament|Tannery|Tiltyard,6,12
"MaA/ShortSword/Tower/Chain [(EInd, RProw, NPie, NCun), Nimble, Recover 8]|M6",Man-at-Arms,Short Sword,Tower Shield,Chainmail,,False,25,"Recover 8,Nimble,Immune Blocked",1400,,False,Animal Husbandry|Apothecary|Armory|Blacksmith|Carpentry|Coliseum|Conditioning Field|Forge|Furnace|Herb Garden|Joinery|Tannery,6,9
"MaA/Bastard+Crossbow/Tower/Cloth (TY) [(EInd, EProw, NPie, NCun), Florentine, ImmU, Nimble, Serr]|M6",Man-at-Arms,Bastard Sword,Tower Shield,Cloth,Crossbow,True,25,"Florentine,Serrated,Immune Blocked,Nimble,Parry,Immune Unwieldy",1400,,False,Blacksmith|Carpentry|Coliseum|Conditioning Field|Fletchery|Forge|Furnace|Joinery|Master Workshop|Tiltyard,6,12
"MaA/2HBastard/Chain [(EInd, EProw, EPie, NCun), Enduring, Nimble, Parry +1, Rec 6, Recover 7, Recover 8, Riposte, Shake+1]|M6",Man-at-Arms,2HBastard,,Chainmail,,False,25,"Recover 6,Shake +1,Nimble,Parry,Recover 7,Parry +1,Riposte,Enduring,Recover 8,Immune Blocked",1500,,False,Alchemy|Animal Husbandry|Apothecary|Armory|Blacksmith|Coliseum|Conditioning Field|Forge|Furnace|Grand Tournament|Herb Garden|Hospitaller|Infirmary|Stable|Tannery,6,18
"MaA/Flail/Tower/Gothic [ABFM, (SInd, RProw, NPie, NCun), Nimble, Temp, Serr]|M6",Man-at-Arms,Flail,Tower Shield,Gothic Plate,,False,25,"ABF,Serrated,Immune Blocked,Nimble,Planishing",700,,False,ABF|Animal Husbandry|Armory|Blacksmith|Carpentry|Coliseum|Conditioning Field|Forge|Furnace|Gilded Foundry|Joinery|Master Workshop|Stable|Tannery,6,13
"MaA/Daggers+HuntBow/Leather (TY) [(NInd, EProw, NPie, NCun), Florentine, ImmU, Nimble, Parry +1, Riposte]|M6",Man-at-Arms,Daggers,,Leather,Hunting Bow,True,25,"Florentine,Parry +1,Riposte,Immune Blocked,Nimble,Parry,Immune Unwieldy",1600,,False,Animal Husbandry|Carpentry|Coliseum|Conditioning Field|Fletchery|Furnace|Grand Tournament|Tannery|Tiltyard,6,6
"MaA/Halberd+Longbow/Leather (TY) [(RInd, EProw, NPie, NCun), Florentine, ImmU, Nimble]|M6",Man-at-Arms,Halberd,,Leather,Longbow,True,25,"Florentine,Immune Unwieldy,Nimble,Immune Blocked,Parry",1600,,False,Animal Husbandry|Blacksmith|Carpentry|Coliseum|Conditioning Field|Fletchery|Furnace|Tannery|Tiltyard,6,9
"MaA/Javelin/Cloth [(EInd, EProw, NPie, NCun), Florentine, ImmU, Nimble, Serr]|M6",Man-at-Arms,Farm Tools,,Cloth,Javelin,True,25,"Florentine,Serrated,Immune Blocked,Nimble,Parry,Immune Unwieldy",1600,,False,Blacksmith|Carpentry|Coliseum|Conditioning Field|Fletchery|Furnace|Master Workshop|Tiltyard,6,12
"MaA/Arming+Crossbow/Tower/Cloth (TY) [(EInd, EProw, NPie, NCun), Florentine, ImmU, Nimble, Parry +1, Riposte]|M6",Man-at-Arms,Arming Sword,Tower Shield,Cloth,Crossbow,True,25,"Florentine,Parry +1,Riposte,Immune Blocked,Nimble,Parry,Immune Unwieldy",1600,,False,Blacksmith|Carpentry|Coliseum|Conditioning Field|Fletchery|Forge|Furnace|Grand Tournament|Joinery|Stable|Tiltyard,6,12
"MaA/Cavalry Spear/Targe/Chain [OuInPoI, (RInd, RProw, NPie, SCun), Nimble]|M6",Man-at-Arms,Cavalry Spear,Targe Shield,Chainmail,,False,25,"confers:Strain,Immune Blocked,Outrider: once,Nimble,confers:Blocked",900,,False,Animal Husbandry|Armory|Blacksmith|Butchery|Carpentry|Coliseum|Conditioning Field|Furnace|Joinery|Outrider Intercept Post|Tannery,6,16
"MaA/Javelin/Leather [(RInd, EProw, NPie, NCun), Florentine, ImmU, Nimble]|M6",Man-at-Arms,Farm Tools,,Leather,Javelin,True,25,"Florentine,Immune Unwieldy,Nimble,Immune Blocked,Parry",1600,,False,Animal Husbandry|Blacksmith|Carpentry|Coliseum|Conditioning Field|Fletchery|Furnace|Tannery|Tiltyard,6,9
"MaA/Cudgel+Crossbow/FullPlate (TY) [(EInd, EProw, NPie, NCun), Florentine, ImmU, Nimble, Temp]|M6",Man-at-Arms,Cudgel,,Full Plate,Crossbow,True,25,"Florentine,Immune Blocked,Planishing,Nimble,Parry,Immune Unwieldy",1400,,False,Animal Husbandry|Armory|Blacksmith|Carpentry|Coliseum|Conditioning Field|Fletchery|Forge|Furnace|Gilded Foundry|Tannery|Tiltyard,6,12
"MaA/BattleAxe+Longbow/Leather (TY) [RoPaM, (RInd, SProw, NPie, NCun), Florentine, ImmU, Nimble, Riposte]|M6",Man-at-Arms,Battle Axe,,Leather,Longbow,True,25,"Strike +1,Florentine,Nimble,Parry,Parry +1,Riposte,Immune Strain,Crit 8,Immune Blocked,Immune Unwieldy",1600,,False,Animal Husbandry|Blacksmith|Carpentry|Coliseum|Conditioning Field|Fletchery|Furnace|Grand Tournament|Royal Pavilion|Tannery|Tiltyard,6,13
"MaA/Cavalry Spear/Kite/Cloth [(RInd, RProw, NPie, NCun), Nimble, Recover 8]|M6",Man-at-Arms,Cavalry Spear,Kite Shield,Cloth,,False,25,"Recover 8,Nimble,Immune Blocked",1400,,False,Apothecary|Armory|Blacksmith|Carpentry|Coliseum|Conditioning Field|Furnace|Herb Garden|Joinery|Tannery,6,6
"MaA/Halberd/Cloth [PrI, (EInd, EProw, SPie, NCun), Enduring, Nimble, Rec 6, Recover 7, Recover 8, Serr, Shake+1]|M6",Man-at-Arms,Halberd,,Cloth,,False,25,"Recover 6,Serrated,Resolute,Shake +1,Nimble,Parry,Recover 7,Enduring,Recover 8,Immune Blocked",1700,,False,Alchemy|Apothecary|Blacksmith|Coliseum|Conditioning Field|Furnace|Herb Garden|Hospitaller|Infirmary|Master Workshop|Preceptory,6,22
"MaA/Cudgel+HuntBow/Leather (TY) [RoPaM, (NInd, SProw, NPie, NCun), Florentine, ImmU, Nimble, Riposte]|M6",Man-at-Arms,Cudgel,,Leather,Hunting Bow,True,25,"Strike +1,Florentine,Nimble,Parry,Parry +1,Riposte,Immune Strain,Crit 8,Immune Blocked,Immune Unwieldy",1100,,False,Animal Husbandry|Butchery|Carpentry|Coliseum|Conditioning Field|Fletchery|Grand Tournament|Royal Pavilion|Tannery|Tiltyard,6,10
"MaA/ShortSword+Crossbow/Leather (TY) [(EInd, EProw, NPie, NCun), Florentine, ImmU, Nimble]|M6",Man-at-Arms,Short Sword,,Leather,Crossbow,True,25,"Florentine,Immune Unwieldy,Nimble,Immune Blocked,Parry",1600,,False,Animal Husbandry|Blacksmith|Carpentry|Coliseum|Conditioning Field|Fletchery|Forge|Furnace|Tannery|Tiltyard,6,12
"MaA/Crossbow/Chain [(EInd, EProw, NPie, NCun), Florentine, ImmU, Nimble]|M6",Man-at-Arms,Farm Tools,,Chainmail,Crossbow,True,25,"Florentine,Immune Unwieldy,Nimble,Immune Blocked,Parry",1400,,False,Animal Husbandry|Armory|Blacksmith|Carpentry|Coliseum|Conditioning Field|Fletchery|Forge|Furnace|Tannery|Tiltyard,6,12
"MaA/Morningstar+Crossbow/Tower/Leather (TY) [(EInd, EProw, NPie, NCun), Florentine, ImmU, Nimble]|M6",Man-at-Arms,Morningstar,Tower Shield,Leather,Crossbow,True,25,"Florentine,Immune Unwieldy,Nimble,Immune Blocked,Parry",1400,,False,Animal Husbandry|Blacksmith|Carpentry|Coliseum|Conditioning Field|Fletchery|Forge|Furnace|Joinery|Tannery|Tiltyard,6,12
"MaA/ShortSword+HuntBow/Tower/Leather (TY) [(EInd, EProw, NPie, NCun), Florentine, ImmU, Nimble]|M6",Man-at-Arms,Short Sword,Tower Shield,Leather,Hunting Bow,True,25,"Florentine,Immune Unwieldy,Nimble,Immune Blocked,Parry",1400,,False,Animal Husbandry|Blacksmith|Carpentry|Coliseum|Conditioning Field|Fletchery|Forge|Furnace|Joinery|Tannery|Tiltyard,6,12
"MaA/Bastard/Heater/Leather [ABFM, (SInd, RProw, NPie, NCun), Nimble, Temp, Serr]|M6",Man-at-Arms,Bastard Sword,Heater Shield,Leather,,False,25,"ABF,Serrated,Immune Blocked,Nimble,Planishing",700,,False,ABF|Animal Husbandry|Armory|Blacksmith|Carpentry|Coliseum|Conditioning Field|Forge|Furnace|Gilded Foundry|Joinery|Master Workshop|Stable|Tannery,6,13
"MaA/Longbow/FullPlate [(EInd, EProw, NPie, NCun), Florentine, ImmU, Nimble, Temp]|M6",Man-at-Arms,Farm Tools,,Full Plate,Longbow,True,25,"Florentine,Immune Blocked,Planishing,Nimble,Parry,Immune Unwieldy",1400,,False,Animal Husbandry|Armory|Blacksmith|Carpentry|Coliseum|Conditioning Field|Fletchery|Furnace|Gilded Foundry|Tannery|Tiltyard,6,12
"MaA/Spears/FullPlate (DW) [(EInd, EProw, NPie, NCun), DW, Florentine, ImmU, Nimble, Temp]|M6",Man-at-Arms,Spears,,Full Plate,,True,25,"Florentine,Immune Blocked,Dual Wield,Planishing,Nimble,Parry,Immune Unwieldy",1600,,False,Animal Husbandry|Armory|Blacksmith|Carpentry|Coliseum|Conditioning Field|Fletchery|Furnace|Gilded Foundry|Tannery|Tiltyard,6,12
"MaA/Bastard+Javelin/Tower/Chain (TY) [(EInd, EProw, NPie, NCun), Florentine, ImmU, Nimble]|M6",Man-at-Arms,Bastard Sword,Tower Shield,Chainmail,Javelin,True,25,"Florentine,Immune Unwieldy,Nimble,Immune Blocked,Parry",1200,,False,Animal Husbandry|Armory|Blacksmith|Carpentry|Coliseum|Conditioning Field|Fletchery|Forge|Furnace|Joinery|Tannery|Tiltyard,6,12
"MaA/Cudgel+Longbow/Cloth (TY) [(NInd, EProw, NPie, NCun), Florentine, ImmU, Nimble, Parry +1, Riposte]|M6",Man-at-Arms,Cudgel,,Cloth,Longbow,True,25,"Florentine,Parry +1,Riposte,Immune Blocked,Nimble,Parry,Immune Unwieldy",1800,,False,Carpentry|Coliseum|Conditioning Field|Fletchery|Furnace|Grand Tournament|Stable|Tiltyard,6,6
"MaA/ShortSword/Targe/Leather [(RInd, RProw, NPie, NCun), Nimble, Recover 8]|M6",Man-at-Arms,Short Sword,Targe Shield,Leather,,False,25,"Recover 8,Nimble,Immune Blocked",1600,,False,Animal Husbandry|Apothecary|Blacksmith|Carpentry|Coliseum|Conditioning Field|Furnace|Herb Garden|Joinery|Tannery,6,6
"MaA/ShortSword+Javelin/Targe/Cloth (TY) [(RInd, EProw, NPie, NCun), Florentine, ImmU, Nimble]|M6",Man-at-Arms,Short Sword,Targe Shield,Cloth,Javelin,True,25,"Florentine,Immune Unwieldy,Nimble,Immune Blocked,Parry",1600,,False,Blacksmith|Carpentry|Coliseum|Conditioning Field|Fletchery|Furnace|Joinery|Stable|Tiltyard,6,9
"MaA/ShortSword+HuntBow/Kite/FullPlate (TY) [(EInd, EProw, NPie, NCun), Florentine, ImmU, Nimble, Temp]|M6",Man-at-Arms,Short Sword,Kite Shield,Full Plate,Hunting Bow,True,25,"Florentine,Immune Blocked,Planishing,Nimble,Parry,Immune Unwieldy",1200,,False,Animal Husbandry|Armory|Blacksmith|Carpentry|Coliseum|Conditioning Field|Fletchery|Furnace|Gilded Foundry|Joinery|Tannery|Tiltyard,6,12
"MaA/Lance/Buckler/FullPlate [(EInd, RProw, NPie, NCun), Nimble, Temp, Recover 8]|M6",Man-at-Arms,Lance,Buckler Shield,Full Plate,,False,25,"Recover 8,Nimble,Immune Blocked,Planishing",1400,,False,Animal Husbandry|Apothecary|Armory|Blacksmith|Carpentry|Coliseum|Conditioning Field|Forge|Furnace|Gilded Foundry|Herb Garden|Joinery|Tannery,6,9
"MaA/2HBastard+Longbow/FullPlate (TY) [(EInd, EProw, NPie, NCun), Florentine, ImmU, Nimble, Temp]|M6",Man-at-Arms,2HBastard,,Full Plate,Longbow,True,25,"Florentine,Immune Blocked,Planishing,Nimble,Parry,Immune Unwieldy",1400,,False,Animal Husbandry|Armory|Blacksmith|Carpentry|Coliseum|Conditioning Field|Fletchery|Forge|Furnace|Gilded Foundry|Tannery|Tiltyard,6,12
"MaA/WarHammer+Longbow/FullPlate (TY) [(EInd, EProw, NPie, NCun), Florentine, ImmU, Nimble, Parry +1, Temp, Riposte]|M6",Man-at-Arms,War Hammer,,Full Plate,Longbow,True,25,"Florentine,Nimble,Parry,Parry +1,Riposte,Immune Blocked,Planishing,Immune Unwieldy",1400,,False,Animal Husbandry|Armory|Blacksmith|Carpentry|Coliseum|Conditioning Field|Fletchery|Forge|Furnace|Gilded Foundry|Grand Tournament|Tannery|Tiltyard,6,12
"MaA/Pitchfork+Javelin/Leather (TY) [(RInd, EProw, NPie, NCun), Florentine, ImmU, Nimble]|M6",Man-at-Arms,Pitchfork,,Leather,Javelin,True,25,"Florentine,Immune Unwieldy,Nimble,Immune Blocked,Parry",1600,,False,Animal Husbandry|Blacksmith|Carpentry|Coliseum|Conditioning Field|Fletchery|Furnace|Tannery|Tiltyard,6,9
"MaA/BattleAxe+HuntBow/Chain (TY) [(RInd, EProw, NPie, NCun), Florentine, ImmU, Nimble]|M6",Man-at-Arms,Battle Axe,,Chainmail,Hunting Bow,True,25,"Florentine,Immune Unwieldy,Nimble,Immune Blocked,Parry",1400,,False,Animal Husbandry|Armory|Blacksmith|Carpentry|Coliseum|Conditioning Field|Fletchery|Furnace|Tannery|Tiltyard,6,9
"MaA/WarHammer+Javelin/Leather (TY) [(EInd, EProw, NPie, NCun), Florentine, ImmU, Nimble]|M6",Man-at-Arms,War Hammer,,Leather,Javelin,True,25,"Florentine,Immune Unwieldy,Nimble,Immune Blocked,Parry",1600,,False,Animal Husbandry|Blacksmith|Carpentry|Coliseum|Conditioning Field|Fletchery|Forge|Furnace|Tannery|Tiltyard,6,12
"MaA/Arming+Javelin/Tower/Cloth (TY) [(EInd, EProw, NPie, NCun), Florentine, ImmU, Nimble]|M6",Man-at-Arms,Arming Sword,Tower Shield,Cloth,Javelin,True,25,"Florentine,Immune Unwieldy,Nimble,Immune Blocked,Parry",1600,,False,Blacksmith|Carpentry|Coliseum|Conditioning Field|Fletchery|Forge|Furnace|Joinery|Stable|Tiltyard,6,12
"MaA/Spears/Targe/FullPlate [(EInd, RProw, NPie, NCun), Nimble, Temp, Recover 8]|M6",Man-at-Arms,Spears,Targe Shield,Full Plate,,False,25,"Recover 8,Nimble,Immune Blocked,Planishing",1400,,False,Animal Husbandry|Apothecary|Armory|Blacksmith|Carpentry|Coliseum|Conditioning Field|Furnace|Gilded Foundry|Herb Garden|Joinery|Tannery,6,9
"MaA/Pitchfork/FullPlate [(EInd, RProw, EPie, NCun), Enduring, Nimble, Temp, Rec 6, Recover 7, Recover 8, Serr, Shake+1]|M6",Man-at-Arms,Pitchfork,,Full Plate,,False,25,"Recover 6,Serrated,Shake +1,Nimble,Recover 7,Immune Blocked,Enduring,Recover 8,Planishing",1300,,False,Alchemy|Animal Husbandry|Apothecary|Armory|Blacksmith|Coliseum|Conditioning Field|Furnace|Gilded Foundry|Herb Garden|Hospitaller|Infirmary|Master Workshop|Tannery,6,15
"MaA/Halberd+Longbow/Cloth (TY) [(RInd, EProw, NPie, NCun), Florentine, ImmU, Nimble]|M6",Man-at-Arms,Halberd,,Cloth,Longbow,True,25,"Florentine,Immune Unwieldy,Nimble,Immune Blocked,Parry",1800,,False,Blacksmith|Carpentry|Coliseum|Conditioning Field|Fletchery|Furnace|Stable|Tiltyard,6,9
"MaA/Longbow/Chain [(RInd, EProw, NPie, NCun), Florentine, ImmU, Nimble, Parry +1, Riposte]|M6",Man-at-Arms,Farm Tools,,Chainmail,Longbow,True,25,"Florentine,Parry +1,Riposte,Immune Blocked,Nimble,Parry,Immune Unwieldy",1400,,False,Animal Husbandry|Armory|Blacksmith|Carpentry|Coliseum|Conditioning Field|Fletchery|Furnace|Grand Tournament|Tannery|Tiltyard,6,9
"MaA/Spears/Targe/Leather [(RInd, RProw, NPie, NCun), Nimble, Recover 8]|M6",Man-at-Arms,Spears,Targe Shield,Leather,,False,25,"Recover 8,Nimble,Immune Blocked",1600,,False,Animal Husbandry|Apothecary|Blacksmith|Carpentry|Coliseum|Conditioning Field|Furnace|Herb Garden|Joinery|Tannery,6,6
"MaA/Pitchfork+Longbow/Chain (TY) [(RInd, EProw, NPie, NCun), Florentine, ImmU, Nimble]|M6",Man-at-Arms,Pitchfork,,Chainmail,Longbow,True,25,"Florentine,Immune Unwieldy,Nimble,Immune Blocked,Parry",1400,,False,Animal Husbandry|Armory|Blacksmith|Carpentry|Coliseum|Conditioning Field|Fletchery|Furnace|Tannery|Tiltyard,6,9
"MaA/FarmTools/Buckler/FullPlate [(EInd, RProw, NPie, NCun), Nimble, Temp, Recover 8]|M6",Man-at-Arms,Farm Tools,Buckler Shield,Full Plate,,False,25,"Recover 8,Nimble,Immune Blocked,Planishing",1400,,False,Animal Husbandry|Apothecary|Armory|Blacksmith|Carpentry|Coliseum|Conditioning Field|Furnace|Gilded Foundry|Herb Garden|Joinery|Tannery,6,9
"MaA/Cudgel+HuntBow/Cloth (TY) [(NInd, EProw, NPie, NCun), Florentine, ImmU, Nimble, Recover 8]|M6",Man-at-Arms,Cudgel,,Cloth,Hunting Bow,True,25,"Florentine,Immune Blocked,Recover 8,Nimble,Parry,Immune Unwieldy",1800,,False,Apothecary|Carpentry|Coliseum|Conditioning Field|Fletchery|Herb Garden|Tiltyard,6,6
"MaA/Arming/Chain (DW) [(RInd, EProw, NPie, NCun), DW, Florentine, ImmU, Nimble]|M6",Man-at-Arms,Arming Sword,,Chainmail,,True,25,"Florentine,Dual Wield,Immune Unwieldy,Nimble,Immune Blocked,Parry",1600,,False,Animal Husbandry|Armory|Blacksmith|Carpentry|Coliseum|Conditioning Field|Fletchery|Furnace|Tannery|Tiltyard,6,9
"MaA/Arming+Javelin/Tower/Cloth (TY) [RoPaM, (EInd, SProw, NPie, NCun), Florentine, ImmU, Nimble, Riposte]|M6",Man-at-Arms,Arming Sword,Tower Shield,Cloth,Javelin,True,25,"Strike +1,Florentine,Nimble,Parry,Parry +1,Riposte,Immune Strain,Crit 8,Immune Blocked,Immune Unwieldy",1600,,False,Blacksmith|Carpentry|Coliseum|Conditioning Field|Fletchery|Forge|Furnace|Grand Tournament|Joinery|Royal Pavilion|Stable|Tiltyard,6,16
"MaA/Lance/Kite/Chain [(EInd, RProw, NPie, NCun), Nimble, Recover 8]|M6",Man-at-Arms,Lance,Kite Shield,Chainmail,,False,25,"Recover 8,Nimble,Immune Blocked",1400,,False,Animal Husbandry|Apothecary|Armory|Blacksmith|Carpentry|Coliseum|Conditioning Field|Forge|Furnace|Herb Garden|Joinery|Tannery,6,9
"MaA/Pike+Longbow/FullPlate (TY) [(EInd, EProw, NPie, NCun), Florentine, ImmU, Nimble, Temp]|M6",Man-at-Arms,Pike,,Full Plate,Longbow,True,25,"Florentine,Immune Blocked,Planishing,Nimble,Parry,Immune Unwieldy",1400,,False,Animal Husbandry|Armory|Blacksmith|Carpentry|Coliseum|Conditioning Field|Fletchery|Furnace|Gilded Foundry|Tannery|Tiltyard,6,12
"MaA/Halberd+HuntBow/Cloth (TY) [RoPaI, (RInd, SProw, NPie, NCun), Florentine, ImmU, Nimble]|M6",Man-at-Arms,Halberd,,Cloth,Hunting Bow,True,25,"Florentine,Parry +1,Immune Blocked,Immune Strain,Nimble,Parry,Immune Unwieldy",1800,,False,Blacksmith|Carpentry|Coliseum|Conditioning Field|Fletchery|Furnace|Royal Pavilion|Tiltyard,6,13
"MaA/Arming+Longbow/Kite/Leather (TY) [(RInd, EProw, NPie, NCun), Florentine, ImmU, Nimble]|M6",Man-at-Arms,Arming Sword,Kite Shield,Leather,Longbow,True,25,"Florentine,Immune Unwieldy,Nimble,Immune Blocked,Parry",1200,,False,Animal Husbandry|Armory|Blacksmith|Carpentry|Coliseum|Conditioning Field|Fletchery|Furnace|Joinery|Tannery|Tiltyard,6,9
"MaA/Flail+HuntBow/Kite/Leather (TY) [(RInd, EProw, NPie, NCun), Florentine, ImmU, Nimble, Parry +1, Riposte]|M6",Man-at-Arms,Flail,Kite Shield,Leather,Hunting Bow,True,25,"Florentine,Parry +1,Riposte,Immune Blocked,Nimble,Parry,Immune Unwieldy",1200,,False,Animal Husbandry|Armory|Blacksmith|Carpentry|Coliseum|Conditioning Field|Fletchery|Furnace|Grand Tournament|Joinery|Tannery|Tiltyard,6,9
"MaA/BattleAxe+HuntBow/Leather (TY) [(RInd, EProw, NPie, NCun), Florentine, ImmU, Nimble]|M6",Man-at-Arms,Battle Axe,,Leather,Hunting Bow,True,25,"Florentine,Immune Unwieldy,Nimble,Immune Blocked,Parry",1600,,False,Animal Husbandry|Blacksmith|Carpentry|Coliseum|Conditioning Field|Fletchery|Furnace|Tannery|Tiltyard,6,9
"MaA/Cudgel/FullPlate [RoPaM, (EInd, SProw, NPie, NCun), Nimble, Temp, Recover 8, Riposte]|M6",Man-at-Arms,Cudgel,,Full Plate,,False,25,"Strike +1,Recover 8,Nimble,Parry,Parry +1,Riposte,Immune Blocked,Crit 8,Planishing,Immune Strain",1600,,False,Animal Husbandry|Apothecary|Armory|Blacksmith|Coliseum|Conditioning Field|Furnace|Gilded Foundry|Grand Tournament|Herb Garden|Royal Pavilion|Tannery|Tiltyard,6,16
"MaA/Flail+Crossbow/Chain (TY) [(EInd, EProw, NPie, NCun), Florentine, ImmU, Nimble]|M6",Man-at-Arms,Flail,,Chainmail,Crossbow,True,25,"Florentine,Immune Unwieldy,Nimble,Immune Blocked,Parry",1400,,False,Animal Husbandry|Armory|Blacksmith|Carpentry|Coliseum|Conditioning Field|Fletchery|Forge|Furnace|Tannery|Tiltyard,6,12
"MaA/ShortSword+Longbow/Kite/Leather (TY) [(RInd, EProw, NPie, NCun), Florentine, ImmU, Nimble, Parry +1, Riposte]|M6",Man-at-Arms,Short Sword,Kite Shield,Leather,Longbow,True,25,"Florentine,Parry +1,Riposte,Immune Blocked,Nimble,Parry,Immune Unwieldy",1200,,False,Animal Husbandry|Armory|Blacksmith|Carpentry|Coliseum|Conditioning Field|Fletchery|Furnace|Grand Tournament|Joinery|Tannery|Tiltyard,6,9
"MaA/Halberd+HuntBow/Chain (TY) [(RInd, EProw, NPie, NCun), Florentine, ImmU, Nimble]|M6",Man-at-Arms,Halberd,,Chainmail,Hunting Bow,True,25,"Florentine,Immune Unwieldy,Nimble,Immune Blocked,Parry",1400,,False,Animal Husbandry|Armory|Blacksmith|Carpentry|Coliseum|Conditioning Field|Fletchery|Furnace|Tannery|Tiltyard,6,9
"MaA/Daggers+HuntBow/Leather (TY) [(EInd, EProw, NPie, NCun), Florentine, ImmU, Nimble, Serr]|M7",Man-at-Arms,Daggers,,Leather,Hunting Bow,True,25,"Florentine,Serrated,Immune Blocked,Nimble,Parry,Immune Unwieldy",1400,,False,Animal Husbandry|Blacksmith|Carpentry|Coliseum|Conditioning Field|Fletchery|Furnace|Master Workshop|Tannery|Tiltyard,7,12
"MaA/Pike+Javelin/Chain (TY) [PrI, (RInd, EProw, SPie, NCun), Florentine, ImmU, Nimble, Shake+1]|M7",Man-at-Arms,Pike,,Chainmail,Javelin,True,25,"Florentine,Immune Blocked,Resolute,Shake +1,Nimble,Parry,Immune Unwieldy",1400,,False,Animal Husbandry|Armory|Blacksmith|Carpentry|Coliseum|Conditioning Field|Fletchery|Furnace|Preceptory|Tannery|Tiltyard,7,19
"MaA/ShortSword+Javelin/Targe/FullPlate (TY) [(EInd, EProw, NPie, NCun), Florentine, ImmU, Nimble, Temp]|M7",Man-at-Arms,Short Sword,Targe Shield,Full Plate,Javelin,True,25,"Florentine,Immune Blocked,Planishing,Nimble,Parry,Immune Unwieldy",1200,,False,Animal Husbandry|Armory|Blacksmith|Carpentry|Coliseum|Conditioning Field|Fletchery|Furnace|Gilded Foundry|Joinery|Stable|Tannery|Tiltyard,7,12
"MaA/ShortSword+HuntBow/Tower/Chain (TY) [OuInPoI, (EInd, EProw, NPie, SCun), Florentine, ImmU, Nimble]|M7",Man-at-Arms,Short Sword,Tower Shield,Chainmail,Hunting Bow,True,25,"Florentine,confers:Strain,Outrider: once,Nimble,confers:Blocked,Parry,Immune Blocked,Immune Unwieldy",1200,,False,Animal Husbandry|Armory|Blacksmith|Carpentry|Coliseum|Conditioning Field|Fletchery|Forge|Furnace|Joinery|Outrider Intercept Post|Tannery|Tiltyard,7,22
"MaA/Spears/Tower/Chain [(EInd, EProw, EPie, NCun), Enduring, Nimble, Parry +1, Rec 6, Recover 7, Recover 8, Riposte, Serr, Shake+1]|M7",Man-at-Arms,Spears,Tower Shield,Chainmail,,False,25,"Recover 6,Serrated,Shake +1,Nimble,Parry,Recover 7,Parry +1,Riposte,Enduring,Recover 8,Immune Blocked",1100,,False,Alchemy|Animal Husbandry|Apothecary|Armory|Blacksmith|Carpentry|Coliseum|Conditioning Field|Forge|Furnace|Grand Tournament|Herb Garden|Hospitaller|Infirmary|Joinery|Master Workshop|Tannery,7,18
"MaA/ShortSword/Chain (DW) [(EInd, EProw, NPie, NCun), DW, Florentine, ImmU, Nimble, Parry +1, Riposte, Serr]|M7",Man-at-Arms,Short Sword,,Chainmail,,True,25,"Florentine,Serrated,Nimble,Parry,Parry +1,Riposte,Dual Wield,Immune Blocked,Immune Unwieldy",1400,,False,Animal Husbandry|Armory|Blacksmith|Carpentry|Coliseum|Conditioning Field|Fletchery|Furnace|Grand Tournament|Master Workshop|Tannery|Tiltyard,7,12
"MaA/2HBastard+Javelin/Leather (TY) [(EInd, EProw, NPie, NCun), Florentine, ImmU, Nimble]|M7",Man-at-Arms,2HBastard,,Leather,Javelin,True,25,"Florentine,Immune Unwieldy,Nimble,Immune Blocked,Parry",1600,,False,Animal Husbandry|Blacksmith|Carpentry|Coliseum|Conditioning Field|Fletchery|Forge|Furnace|Stable|Tannery|Tiltyard,7,12
"MaA/WarHammer/FullPlate [(EInd, RProw, EPie, NCun), Enduring, Nimble, Temp, Rec 6, Recover 7, Recover 8, Serr, Shake+1]|M7",Man-at-Arms,War Hammer,,Full Plate,,False,25,"Recover 6,Serrated,Shake +1,Nimble,Recover 7,Immune Blocked,Enduring,Recover 8,Planishing",800,,False,Alchemy|Animal Husbandry|Apothecary|Armory|Blacksmith|Butchery|Coliseum|Conditioning Field|Forge|Furnace|Gilded Foundry|Herb Garden|Hospitaller|Infirmary|Master Workshop|Tannery,7,15
"MaA/Flail/Tower/FullPlate [(EInd, RProw, EPie, NCun), Enduring, Nimble, Temp, Rec 6, Recover 7, Recover 8, Shake+1]|M7",Man-at-Arms,Flail,Tower Shield,Full Plate,,False,25,"Recover 6,Shake +1,Nimble,Recover 7,Immune Blocked,Enduring,Recover 8,Planishing",1300,,False,Alchemy|Animal Husbandry|Apothecary|Armory|Blacksmith|Carpentry|Coliseum|Conditioning Field|Forge|Furnace|Gilded Foundry|Herb Garden|Hospitaller|Infirmary|Joinery|Stable|Tannery,7,15
"MaA/WarHammer/Cloth [OuInPoI, (EInd, RProw, EPie, SCun), Enduring, Nimble, Rec 6, Recover 7, Recover 8, Shake+1]|M7",Man-at-Arms,War Hammer,,Cloth,,False,25,"Recover 6,confers:Strain,Outrider: once,Shake +1,Nimble,confers:Blocked,Recover 7,Enduring,Recover 8,Immune Blocked",1200,,False,Alchemy|Animal Husbandry|Apothecary|Blacksmith|Butchery|Coliseum|Conditioning Field|Forge|Furnace|Herb Garden|Hospitaller|Infirmary|Outrider Intercept Post|Tannery,7,25
"MaA/Spears+Javelin/Targe/Leather (TY) [(EInd, EProw, NPie, NCun), Florentine, ImmU, Nimble, Serr]|M7",Man-at-Arms,Spears,Targe Shield,Leather,Javelin,True,25,"Florentine,Serrated,Immune Blocked,Nimble,Parry,Immune Unwieldy",1200,,False,Animal Husbandry|Blacksmith|Carpentry|Coliseum|Conditioning Field|Fletchery|Furnace|Joinery|Master Workshop|Tannery|Tiltyard,7,12
"MaA/Arming+HuntBow/Kite/Chain (TY) [(RInd, EProw, NPie, NCun), Florentine, ImmU, Nimble]|M7",Man-at-Arms,Arming Sword,Kite Shield,Chainmail,Hunting Bow,True,25,"Florentine,Immune Unwieldy,Nimble,Immune Blocked,Parry",1200,,False,Animal Husbandry|Armory|Blacksmith|Carpentry|Coliseum|Conditioning Field|Fletchery|Furnace|Joinery|Stable|Tannery|Tiltyard,7,9
"MaA/ShortSword+HuntBow/Tower/Chain (TY) [(EInd, EProw, NPie, NCun), Florentine, ImmU, Nimble]|M7",Man-at-Arms,Short Sword,Tower Shield,Chainmail,Hunting Bow,True,25,"Florentine,Immune Unwieldy,Nimble,Immune Blocked,Parry",700,,False,Animal Husbandry|Armory|Blacksmith|Butchery|Carpentry|Coliseum|Conditioning Field|Fletchery|Forge|Furnace|Joinery|Tannery|Tiltyard,7,12
"MaA/Daggers+Longbow/Leather (TY) [(NInd, EProw, NPie, NCun), Florentine, ImmU, Nimble]|M7",Man-at-Arms,Daggers,,Leather,Longbow,True,25,"Florentine,Immune Unwieldy,Nimble,Immune Blocked,Parry",1600,,False,Animal Husbandry|Carpentry|Coliseum|Conditioning Field|Fletchery|Furnace|Stable|Tannery|Tiltyard,7,6
"MaA/ShortSword+HuntBow/Targe/Leather (TY) [(RInd, EProw, NPie, NCun), Florentine, ImmU, Nimble]|M7",Man-at-Arms,Short Sword,Targe Shield,Leather,Hunting Bow,True,25,"Florentine,Immune Unwieldy,Nimble,Immune Blocked,Parry",900,,False,Animal Husbandry|Blacksmith|Butchery|Carpentry|Coliseum|Conditioning Field|Fletchery|Furnace|Joinery|Tannery|Tiltyard,7,9
"MaA/Cudgel+Crossbow/Cloth (TY) [(EInd, EProw, NPie, NCun), Florentine, ImmU, Nimble, Recover 8]|M7",Man-at-Arms,Cudgel,,Cloth,Crossbow,True,25,"Florentine,Immune Blocked,Recover 8,Nimble,Parry,Immune Unwieldy",1800,,False,Apothecary|Blacksmith|Carpentry|Coliseum|Conditioning Field|Fletchery|Forge|Furnace|Herb Garden|Tiltyard,7,12
"MaA/ShortSword+Crossbow/Tower/FullPlate (TY) [(EInd, EProw, NPie, NCun), Florentine, ImmU, Nimble, Parry +1, Temp, Riposte, Serr]|M7",Man-at-Arms,Short Sword,Tower Shield,Full Plate,Crossbow,True,25,"Florentine,Serrated,Nimble,Parry,Parry +1,Riposte,Immune Blocked,Planishing,Immune Unwieldy",1000,,False,Animal Husbandry|Armory|Blacksmith|Carpentry|Coliseum|Conditioning Field|Fletchery|Forge|Furnace|Gilded Foundry|Grand Tournament|Joinery|Master Workshop|Tannery|Tiltyard,7,12
"MaA/Flail+Javelin/Kite/Cloth (TY) [(EInd, EProw, NPie, NCun), Florentine, ImmU, Nimble, Serr]|M7",Man-at-Arms,Flail,Kite Shield,Cloth,Javelin,True,25,"Florentine,Serrated,Immune Blocked,Nimble,Parry,Immune Unwieldy",1000,,False,Armory|Blacksmith|Carpentry|Coliseum|Conditioning Field|Fletchery|Furnace|Joinery|Master Workshop|Tannery|Tiltyard,7,12
"MaA/Flail+Longbow/Tower/Cloth (TY) [(EInd, EProw, NPie, NCun), Florentine, ImmU, Nimble, Recover 8]|M7",Man-at-Arms,Flail,Tower Shield,Cloth,Longbow,True,25,"Florentine,Immune Blocked,Recover 8,Nimble,Parry,Immune Unwieldy",1600,,False,Apothecary|Blacksmith|Carpentry|Coliseum|Conditioning Field|Fletchery|Forge|Furnace|Herb Garden|Joinery|Tiltyard,7,12
"MaA/Arming/Kite/Leather [(RInd, RProw, EPie, NCun), Enduring, Nimble, Rec 6, Recover 7, Recover 8, Shake+1]|M7",Man-at-Arms,Arming Sword,Kite Shield,Leather,,False,25,"Recover 6,Recover 7,Enduring,Shake +1,Recover 8,Nimble,Immune Blocked",800,,False,Alchemy|Animal Husbandry|Apothecary|Armory|Blacksmith|Butchery|Carpentry|Coliseum|Conditioning Field|Furnace|Herb Garden|Hospitaller|Infirmary|Joinery|Tannery,7,12
"MaA/Daggers/FullPlate [(EInd, RProw, EPie, RCun), Enduring, Nimble, Temp, Poison, Rec 6, Recover 7, Recover 8, Shake+1]|M7",Man-at-Arms,Daggers,,Full Plate,,False,25,"Recover 6,Poison,Shake +1,Nimble,Recover 7,Immune Blocked,Enduring,Recover 8,Planishing",1400,,False,Academy|Alchemy|Animal Husbandry|Apothecary|Armory|Blacksmith|Coliseum|Conditioning Field|Furnace|Gilded Foundry|Herb Garden|Hospitaller|Infirmary|Tannery|Toxicarium,7,18
"MaA/Bastard+Crossbow/Tower/Cloth (TY) [(EInd, EProw, NPie, NCun), Florentine, ImmU, Nimble, Parry +1, Recover 8, Riposte]|M7",Man-at-Arms,Bastard Sword,Tower Shield,Cloth,Crossbow,True,25,"Florentine,Nimble,Parry,Parry +1,Riposte,Recover 8,Immune Blocked,Immune Unwieldy",1600,,False,Apothecary|Blacksmith|Carpentry|Coliseum|Conditioning Field|Fletchery|Forge|Furnace|Grand Tournament|Herb Garden|Joinery|Tiltyard,7,12
"MaA/WarHammer/FullPlate [(EInd, RProw, EPie, NCun), Enduring, Nimble, Temp, Rec 6, Recover 7, Recover 8, Shake+1]|M7",Man-at-Arms,War Hammer,,Full Plate,,False,25,"Recover 6,Shake +1,Nimble,Recover 7,Immune Blocked,Enduring,Recover 8,Planishing",1000,,False,Alchemy|Animal Husbandry|Apothecary|Armory|Blacksmith|Butchery|Coliseum|Conditioning Field|Forge|Furnace|Gilded Foundry|Herb Garden|Hospitaller|Infirmary|Stable|Tannery,7,15
"MaA/Halberd+Longbow/FullPlate (TY) [(EInd, EProw, NPie, NCun), Florentine, ImmU, Nimble, Temp, Serr]|M7",Man-at-Arms,Halberd,,Full Plate,Longbow,True,25,"Florentine,Serrated,Immune Blocked,Planishing,Nimble,Parry,Immune Unwieldy",1200,,False,Animal Husbandry|Armory|Blacksmith|Carpentry|Coliseum|Conditioning Field|Fletchery|Furnace|Gilded Foundry|Master Workshop|Tannery|Tiltyard,7,12
"MaA/Arming+Javelin/Kite/Leather (TY) [(EInd, EProw, NPie, NCun), Florentine, ImmU, Nimble, Serr]|M7",Man-at-Arms,Arming Sword,Kite Shield,Leather,Javelin,True,25,"Florentine,Serrated,Immune Blocked,Nimble,Parry,Immune Unwieldy",1000,,False,Animal Husbandry|Armory|Blacksmith|Carpentry|Coliseum|Conditioning Field|Fletchery|Furnace|Joinery|Master Workshop|Tannery|Tiltyard,7,12
"MaA/Lance/Buckler/Cloth [(EInd, RProw, EPie, NCun), Enduring, Nimble, Rec 6, Recover 7, Recover 8, Serr, Shake+1]|M7",Man-at-Arms,Lance,Buckler Shield,Cloth,,False,25,"Recover 6,Serrated,Shake +1,Nimble,Recover 7,Enduring,Recover 8,Immune Blocked",1500,,False,Alchemy|Apothecary|Blacksmith|Carpentry|Coliseum|Conditioning Field|Forge|Furnace|Herb Garden|Hospitaller|Infirmary|Joinery|Master Workshop|Stable,7,15
"MaA/Cudgel+Javelin/Leather (TY) [(RInd, EProw, NPie, NCun), Florentine, ImmU, Nimble]|M7",Man-at-Arms,Cudgel,,Leather,Javelin,True,25,"Florentine,Immune Unwieldy,Nimble,Immune Blocked,Parry",1100,,False,Animal Husbandry|Blacksmith|Butchery|Carpentry|Coliseum|Conditioning Field|Fletchery|Furnace|Tannery|Tiltyard,7,9
"MaA/Arming+Longbow/Kite/Leather (TY) [(EInd, EProw, NPie, NCun), Florentine, ImmU, Nimble, Serr]|M7",Man-at-Arms,Arming Sword,Kite Shield,Leather,Longbow,True,25,"Florentine,Serrated,Immune Blocked,Nimble,Parry,Immune Unwieldy",1000,,False,Animal Husbandry|Armory|Blacksmith|Carpentry|Coliseum|Conditioning Field|Fletchery|Furnace|Joinery|Master Workshop|Tannery|Tiltyard,7,12
"MaA/Morningstar/Tower/FullPlate [(EInd, RProw, EPie, NCun), Enduring, Nimble, Temp, Rec 6, Recover 7, Recover 8, Serr, Shake+1]|M7",Man-at-Arms,Morningstar,Tower Shield,Full Plate,,False,25,"Recover 6,Serrated,Shake +1,Nimble,Recover 7,Immune Blocked,Enduring,Recover 8,Planishing",1100,,False,Alchemy|Animal Husbandry|Apothecary|Armory|Blacksmith|Carpentry|Coliseum|Conditioning Field|Forge|Furnace|Gilded Foundry|Herb Garden|Hospitaller|Infirmary|Joinery|Master Workshop|Tannery,7,15
"MaA/Spears+Javelin/Targe/Leather (TY) [(RInd, EProw, NPie, NCun), Florentine, ImmU, Nimble]|M7",Man-at-Arms,Spears,Targe Shield,Leather,Javelin,True,25,"Florentine,Immune Unwieldy,Nimble,Immune Blocked,Parry",1400,,False,Animal Husbandry|Blacksmith|Carpentry|Coliseum|Conditioning Field|Fletchery|Furnace|Joinery|Stable|Tannery|Tiltyard,7,9
"MaA/Crossbow/Chain [(EInd, EProw, NPie, NCun), Florentine, ImmU, Nimble, Serr]|M7",Man-at-Arms,Farm Tools,,Chainmail,Crossbow,True,25,"Florentine,Serrated,Immune Blocked,Nimble,Parry,Immune Unwieldy",1200,,False,Animal Husbandry|Armory|Blacksmith|Carpentry|Coliseum|Conditioning Field|Fletchery|Forge|Furnace|Master Workshop|Tannery|Tiltyard,7,12
"MaA/Cavalry Spear/Heater/Cloth [ABFM, (SInd, RProw, NPie, NCun), Nimble, Temp, Serr]|M7",Man-at-Arms,Cavalry Spear,Heater Shield,Cloth,,False,25,"ABF,Serrated,Immune Blocked,Nimble,Planishing",700,,False,ABF|Armory|Blacksmith|Carpentry|Coliseum|Conditioning Field|Furnace|Gilded Foundry|Joinery|Master Workshop|Stable|Tannery,7,13
"MaA/Spears+HuntBow/Tower/Chain (TY) [OuInPoI, (EInd, EProw, NPie, SCun), Florentine, ImmU, Nimble]|M7",Man-at-Arms,Spears,Tower Shield,Chainmail,Hunting Bow,True,25,"Florentine,confers:Strain,Outrider: once,Nimble,confers:Blocked,Parry,Immune Blocked,Immune Unwieldy",1200,,False,Animal Husbandry|Armory|Blacksmith|Carpentry|Coliseum|Conditioning Field|Fletchery|Forge|Furnace|Joinery|Outrider Intercept Post|Tannery|Tiltyard,7,22
"MaA/Pike+Crossbow/Chain (TY) [RoPaI, (EInd, SProw, NPie, NCun), Florentine, ImmU, Nimble]|M7",Man-at-Arms,Pike,,Chainmail,Crossbow,True,25,"Florentine,Parry +1,Immune Blocked,Immune Strain,Nimble,Parry,Immune Unwieldy",1400,,False,Animal Husbandry|Armory|Blacksmith|Carpentry|Coliseum|Conditioning Field|Fletchery|Forge|Furnace|Royal Pavilion|Tannery|Tiltyard,7,16
"MaA/BattleAxe+Longbow/Chain (TY) [(RInd, EProw, NPie, NCun), Florentine, ImmU, Nimble, Parry +1, Riposte]|M7",Man-at-Arms,Battle Axe,,Chainmail,Longbow,True,25,"Florentine,Parry +1,Riposte,Immune Blocked,Nimble,Parry,Immune Unwieldy",1400,,False,Animal Husbandry|Armory|Blacksmith|Carpentry|Coliseum|Conditioning Field|Fletchery|Furnace|Grand Tournament|Stable|Tannery|Tiltyard,7,9
"MaA/Morningstar+HuntBow/Tower/Leather (TY) [(EInd, EProw, NPie, NCun), Florentine, ImmU, Nimble]|M7",Man-at-Arms,Morningstar,Tower Shield,Leather,Hunting Bow,True,25,"Florentine,Immune Unwieldy,Nimble,Immune Blocked,Parry",1400,,False,Animal Husbandry|Blacksmith|Carpentry|Coliseum|Conditioning Field|Fletchery|Forge|Furnace|Joinery|Stable|Tannery|Tiltyard,7,12
"MaA/Pike+Crossbow/FullPlate (TY) [(EInd, EProw, NPie, NCun), Florentine, ImmU, Nimble, Temp]|M7",Man-at-Arms,Pike,,Full Plate,Crossbow,True,25,"Florentine,Immune Blocked,Planishing,Nimble,Parry,Immune Unwieldy",900,,False,Animal Husbandry|Armory|Blacksmith|Butchery|Carpentry|Coliseum|Conditioning Field|Fletchery|Forge|Furnace|Gilded Foundry|Tannery|Tiltyard,7,12
"MaA/Halberd+Crossbow/Chain (TY) [(EInd, EProw, NPie, NCun), Florentine, ImmU, Nimble, Serr]|M7",Man-at-Arms,Halberd,,Chainmail,Crossbow,True,25,"Florentine,Serrated,Immune Blocked,Nimble,Parry,Immune Unwieldy",1200,,False,Animal Husbandry|Armory|Blacksmith|Carpentry|Coliseum|Conditioning Field|Fletchery|Forge|Furnace|Master Workshop|Tannery|Tiltyard,7,12
"MaA/Daggers+Longbow/Cloth (TY) [MiMiStM, (NInd, SProw, NPie, NCun), Florentine, ImmU, Nimble]|M7",Man-at-Arms,Daggers,,Cloth,Longbow,True,25,"Drilled,Florentine,Nimble,Parry,Immune Blocked,MaxInit3,Seize: first,Init +1,Immune Unwieldy",1800,,False,Carpentry|Coliseum|Conditioning Field|Fletchery|Furnace|Ministry of Military Strategy|Tiltyard|University|War College,7,10
"MaA/Arming+Longbow/Tower/Leather (TY) [OuInPoI, (EInd, EProw, NPie, SCun), Florentine, ImmU, Nimble]|M7",Man-at-Arms,Arming Sword,Tower Shield,Leather,Longbow,True,25,"Florentine,confers:Strain,Outrider: once,Nimble,confers:Blocked,Parry,Immune Blocked,Immune Unwieldy",1400,,False,Animal Husbandry|Blacksmith|Carpentry|Coliseum|Conditioning Field|Fletchery|Forge|Furnace|Joinery|Outrider Intercept Post|Tannery|Tiltyard,7,22
"MaA/Longbow/Cloth [(NInd, EProw, NPie, NCun), Florentine, ImmU, Nimble, Parry +1, Recover 8, Riposte]|M7",Man-at-Arms,Farm Tools,,Cloth,Longbow,True,25,"Florentine,Nimble,Parry,Parry +1,Riposte,Recover 8,Immune Blocked,Immune Unwieldy",1800,,False,Apothecary|Carpentry|Coliseum|Conditioning Field|Fletchery|Furnace|Grand Tournament|Herb Garden|Tiltyard,7,6
"MaA/Arming+Crossbow/Cloth (TY) [(EInd, EProw, NPie, NCun), Florentine, ImmU, Nimble, Parry +1, Recover 8, Riposte]|M7",Man-at-Arms,Arming Sword,,Cloth,Crossbow,True,25,"Florentine,Nimble,Parry,Parry +1,Riposte,Recover 8,Immune Blocked,Immune Unwieldy",1800,,False,Apothecary|Blacksmith|Carpentry|Coliseum|Conditioning Field|Fletchery|Forge|Furnace|Grand Tournament|Herb Garden|Tiltyard,7,12
"MaA/Flail/Kite/Chain [(RInd, RProw, EPie, NCun), Enduring, Nimble, Rec 6, Recover 7, Recover 8, Shake+1]|M7",Man-at-Arms,Flail,Kite Shield,Chainmail,,False,25,"Recover 6,Recover 7,Enduring,Shake +1,Recover 8,Nimble,Immune Blocked",1300,,False,Alchemy|Animal Husbandry|Apothecary|Armory|Blacksmith|Carpentry|Coliseum|Conditioning Field|Furnace|Herb Garden|Hospitaller|Infirmary|Joinery|Stable|Tannery,7,12
"MaA/Spears/Tower/Gothic [ABFM, (SInd, RProw, NPie, NCun), Nimble, Temp, Serr]|M7",Man-at-Arms,Spears,Tower Shield,Gothic Plate,,False,25,"ABF,Serrated,Immune Blocked,Nimble,Planishing",200,,False,ABF|Animal Husbandry|Armory|Blacksmith|Butchery|Carpentry|Coliseum|Conditioning Field|Forge|Furnace|Gilded Foundry|Joinery|Master Workshop|Stable|Tannery,7,13
"MaA/Flail+Longbow/Kite/FullPlate (TY) [(EInd, EProw, NPie, NCun), Florentine, ImmU, Nimble, Temp]|M7",Man-at-Arms,Flail,Kite Shield,Full Plate,Longbow,True,25,"Florentine,Immune Blocked,Planishing,Nimble,Parry,Immune Unwieldy",700,,False,Animal Husbandry|Armory|Blacksmith|Butchery|Carpentry|Coliseum|Conditioning Field|Fletchery|Furnace|Gilded Foundry|Joinery|Tannery|Tiltyard,7,12
"MaA/Daggers/Cloth [MiMiStI, (EInd, SProw, EPie, NCun), Enduring, Nimble, Rec 6, Recover 7, Recover 8, Serr, Shake+1]|M7",Man-at-Arms,Daggers,,Cloth,,False,25,"Recover 6,Serrated,Shake +1,Nimble,Parry,Recover 7,Immune Blocked,Enduring,MaxInit3,Recover 8,Seize: first,Init +1",1700,,False,Alchemy|Apothecary|Blacksmith|Coliseum|Conditioning Field|Furnace|Herb Garden|Hospitaller|Infirmary|Master Workshop|Ministry of Military Strategy|Stable,7,22
"MaA/2HBastard+Crossbow/Leather (TY) [(EInd, EProw, NPie, NCun), Florentine, ImmU, Nimble, Serr]|M7",Man-at-Arms,2HBastard,,Leather,Crossbow,True,25,"Florentine,Serrated,Immune Blocked,Nimble,Parry,Immune Unwieldy",1400,,False,Animal Husbandry|Blacksmith|Carpentry|Coliseum|Conditioning Field|Fletchery|Forge|Furnace|Master Workshop|Tannery|Tiltyard,7,12
"MaA/Morningstar+Crossbow/Tower/Leather (TY) [(EInd, EProw, NPie, NCun), Florentine, ImmU, Nimble, Serr]|M7",Man-at-Arms,Morningstar,Tower Shield,Leather,Crossbow,True,25,"Florentine,Serrated,Immune Blocked,Nimble,Parry,Immune Unwieldy",1200,,False,Animal Husbandry|Blacksmith|Carpentry|Coliseum|Conditioning Field|Fletchery|Forge|Furnace|Joinery|Master Workshop|Tannery|Tiltyard,7,12
"MaA/FarmTools/Targe/Leather [PrI, (RInd, EProw, SPie, NCun), Nimble, Recover 8, Shake+1]|M7",Man-at-Arms,Farm Tools,Targe Shield,Leather,,False,25,"Immune Blocked,Resolute,Shake +1,Recover 8,Nimble,Parry",1600,,False,Animal Husbandry|Apothecary|Blacksmith|Carpentry|Coliseum|Conditioning Field|Furnace|Herb Garden|Joinery|Preceptory|Tannery,7,19
"MaA/BattleAxe/Chain [(RInd, RProw, EPie, NCun), Enduring, Nimble, Rec 6, Recover 7, Recover 8, Shake+1]|M7",Man-at-Arms,Battle Axe,,Chainmail,,False,25,"Recover 6,Recover 7,Enduring,Shake +1,Recover 8,Nimble,Immune Blocked",1000,,False,Alchemy|Animal Husbandry|Apothecary|Armory|Blacksmith|Butchery|Coliseum|Conditioning Field|Furnace|Herb Garden|Hospitaller|Infirmary|Stable|Tannery,7,12
"MaA/Spears+HuntBow/Kite/Chain (TY) [(RInd, EProw, NPie, NCun), Florentine, ImmU, Nimble]|M7",Man-at-Arms,Spears,Kite Shield,Chainmail,Hunting Bow,True,25,"Florentine,Immune Unwieldy,Nimble,Immune Blocked,Parry",1200,,False,Animal Husbandry|Armory|Blacksmith|Carpentry|Coliseum|Conditioning Field|Fletchery|Furnace|Joinery|Stable|Tannery|Tiltyard,7,9
"MaA/Estoc/Heater/Leather [ABFM, (SInd, RProw, NPie, NCun), Nimble, Temp, Serr]|M7",Man-at-Arms,Estoc,Heater Shield,Leather,,False,25,"ABF,Serrated,Immune Blocked,Nimble,Planishing",200,,False,ABF|Animal Husbandry|Armory|Blacksmith|Butchery|Carpentry|Coliseum|Conditioning Field|Forge|Furnace|Gilded Foundry|Joinery|Master Workshop|Stable|Tannery,7,13
"MaA/2HBastard/Chain [(EInd, RProw, EPie, NCun), Enduring, Nimble, Rec 6, Recover 7, Recover 8, Shake+1]|M7",Man-at-Arms,2HBastard,,Chainmail,,False,25,"Recover 6,Recover 7,Enduring,Shake +1,Recover 8,Nimble,Immune Blocked",800,,False,Alchemy|Animal Husbandry|Apothecary|Armory|Blacksmith|Butchery|Coliseum|Conditioning Field|Forge|Furnace|Herb Garden|Hospitaller|Infirmary|Smokehouse|Tannery,7,15
"MaA/Flail+Javelin/Kite/FullPlate (TY) [(EInd, EProw, NPie, NCun), Florentine, ImmU, Nimble, Temp]|M7",Man-at-Arms,Flail,Kite Shield,Full Plate,Javelin,True,25,"Florentine,Immune Blocked,Planishing,Nimble,Parry,Immune Unwieldy",700,,False,Animal Husbandry|Armory|Blacksmith|Butchery|Carpentry|Coliseum|Conditioning Field|Fletchery|Furnace|Gilded Foundry|Joinery|Tannery|Tiltyard,7,12
"MaA/FarmTools/Kite/Cloth [(EInd, RProw, EPie, NCun), Enduring, Nimble, Rec 6, Recover 7, Recover 8, Serr, Shake+1]|M7",Man-at-Arms,Farm Tools,Kite Shield,Cloth,,False,25,"Recover 6,Serrated,Shake +1,Nimble,Recover 7,Enduring,Recover 8,Immune Blocked",1100,,False,Alchemy|Apothecary|Armory|Blacksmith|Carpentry|Coliseum|Conditioning Field|Furnace|Herb Garden|Hospitaller|Infirmary|Joinery|Master Workshop|Tannery,7,15
"MaA/Halberd+Longbow/Leather (TY) [(RInd, EProw, NPie, NCun), Florentine, ImmU, Nimble, Parry +1, Riposte]|M7",Man-at-Arms,Halberd,,Leather,Longbow,True,25,"Florentine,Parry +1,Riposte,Immune Blocked,Nimble,Parry,Immune Unwieldy",1600,,False,Animal Husbandry|Blacksmith|Carpentry|Coliseum|Conditioning Field|Fletchery|Furnace|Grand Tournament|Stable|Tannery|Tiltyard,7,9
"MaA/Spears+HuntBow/Kite/Chain (TY) [(RInd, EProw, NPie, NCun), Florentine, ImmU, Nimble, Parry +1, Riposte]|M7",Man-at-Arms,Spears,Kite Shield,Chainmail,Hunting Bow,True,25,"Florentine,Parry +1,Riposte,Immune Blocked,Nimble,Parry,Immune Unwieldy",700,,False,Animal Husbandry|Armory|Blacksmith|Butchery|Carpentry|Coliseum|Conditioning Field|Fletchery|Furnace|Grand Tournament|Joinery|Tannery|Tiltyard,7,9
"MaA/2HBastard+Javelin/Cloth (TY) [RoPaM, (EInd, SProw, NPie, NCun), Florentine, ImmU, Nimble, Recover 8, Riposte]|M7",Man-at-Arms,2HBastard,,Cloth,Javelin,True,25,"Strike +1,Florentine,Recover 8,Nimble,Parry,Parry +1,Riposte,Immune Strain,Crit 8,Immune Blocked,Immune Unwieldy",1800,,False,Apothecary|Blacksmith|Carpentry|Coliseum|Conditioning Field|Fletchery|Forge|Furnace|Grand Tournament|Herb Garden|Royal Pavilion|Tiltyard,7,16
"MaA/Morningstar+Javelin/Tower/Chain (TY) [RoPaM, (EInd, SProw, NPie, NCun), Florentine, ImmU, Nimble, Riposte]|M7",Man-at-Arms,Morningstar,Tower Shield,Chainmail,Javelin,True,25,"Strike +1,Florentine,Nimble,Parry,Parry +1,Riposte,Immune Strain,Crit 8,Immune Blocked,Immune Unwieldy",700,,False,Animal Husbandry|Armory|Blacksmith|Butchery|Carpentry|Coliseum|Conditioning Field|Fletchery|Forge|Furnace|Grand Tournament|Joinery|Royal Pavilion|Tannery|Tiltyard,7,16
"MaA/Daggers+Javelin/Cloth (TY) [RoPaI, (RInd, SProw, NPie, NCun), Florentine, ImmU, Nimble]|M7",Man-at-Arms,Daggers,,Cloth,Javelin,True,25,"Florentine,Parry +1,Immune Blocked,Immune Strain,Nimble,Parry,Immune Unwieldy",1800,,False,Blacksmith|Carpentry|Coliseum|Conditioning Field|Fletchery|Furnace|Royal Pavilion|Stable|Tiltyard,7,13
"MaA/Crossbow/FullPlate [(EInd, EProw, NPie, NCun), Florentine, ImmU, Nimble, Temp]|M7",Man-at-Arms,Farm Tools,,Full Plate,Crossbow,True,25,"Florentine,Immune Blocked,Planishing,Nimble,Parry,Immune Unwieldy",900,,False,Animal Husbandry|Armory|Blacksmith|Butchery|Carpentry|Coliseum|Conditioning Field|Fletchery|Forge|Furnace|Gilded Foundry|Tannery|Tiltyard,7,12
"MaA/Spears/Targe/Gothic [ABFM, (SInd, RProw, NPie, NCun), Nimble, Temp, Serr]|M7",Man-at-Arms,Spears,Targe Shield,Gothic Plate,,False,25,"ABF,Serrated,Immune Blocked,Nimble,Planishing",700,,False,ABF|Animal Husbandry|Armory|Blacksmith|Carpentry|Coliseum|Conditioning Field|Furnace|Gilded Foundry|Joinery|Master Workshop|Stable|Tannery,7,13
"MaA/Halberd+Longbow/Leather (TY) [(RInd, EProw, NPie, NCun), Florentine, ImmU, Nimble]|M7",Man-at-Arms,Halberd,,Leather,Longbow,True,25,"Florentine,Immune Unwieldy,Nimble,Immune Blocked,Parry",1100,,False,Animal Husbandry|Blacksmith|Butchery|Carpentry|Coliseum|Conditioning Field|Fletchery|Furnace|Tannery|Tiltyard,7,9
"MaA/Spears+Crossbow/FullPlate (TY) [(EInd, EProw, NPie, NCun), Florentine, ImmU, Nimble, Temp, Serr]|M7",Man-at-Arms,Spears,,Full Plate,Crossbow,True,25,"Florentine,Serrated,Immune Blocked,Planishing,Nimble,Parry,Immune Unwieldy",1200,,False,Animal Husbandry|Armory|Blacksmith|Carpentry|Coliseum|Conditioning Field|Fletchery|Forge|Furnace|Gilded Foundry|Master Workshop|Tannery|Tiltyard,7,12
"MaA/Cavalry Spear/Buckler/Cloth [(RInd, RProw, EPie, RCun), Enduring, Nimble, Poison, Rec 6, Recover 7, Recover 8, Shake+1]|M7",Man-at-Arms,Cavalry Spear,Buckler Shield,Cloth,,False,25,"Recover 6,Poison,Shake +1,Nimble,Recover 7,Enduring,Recover 8,Immune Blocked",1600,,False,Academy|Alchemy|Apothecary|Blacksmith|Carpentry|Coliseum|Conditioning Field|Furnace|Herb Garden|Hospitaller|Infirmary|Joinery|Toxicarium,7,15
"MaA/Spears+HuntBow/Tower/Cloth (TY) [MiMiStM, (EInd, SProw, NPie, NCun), Florentine, ImmU, Nimble]|M7",Man-at-Arms,Spears,Tower Shield,Cloth,Hunting Bow,True,25,"Drilled,Florentine,Nimble,Parry,Immune Blocked,MaxInit3,Seize: first,Init +1,Immune Unwieldy",1600,,False,Blacksmith|Carpentry|Coliseum|Conditioning Field|Fletchery|Forge|Furnace|Joinery|Ministry of Military Strategy|Tiltyard|University|War College,7,16
"MaA/FarmTools/Chain [(RInd, RProw, EPie, RCun), Enduring, Nimble, Poison, Rec 6, Recover 7, Recover 8, Shake+1]|M7",Man-at-Arms,Farm Tools,,Chainmail,,False,25,"Recover 6,Poison,Shake +1,Nimble,Recover 7,Enduring,Recover 8,Immune Blocked",1400,,False,Academy|Alchemy|Animal Husbandry|Apothecary|Armory|Blacksmith|Coliseum|Conditioning Field|Furnace|Herb Garden|Hospitaller|Infirmary|Tannery|Toxicarium,7,15
"MaA/2HBastard+Crossbow/Chain (TY) [(EInd, EProw, NPie, NCun), Florentine, ImmU, Nimble, Serr]|M7",Man-at-Arms,2HBastard,,Chainmail,Crossbow,True,25,"Florentine,Serrated,Immune Blocked,Nimble,Parry,Immune Unwieldy",1200,,False,Animal Husbandry|Armory|Blacksmith|Carpentry|Coliseum|Conditioning Field|Fletchery|Forge|Furnace|Master Workshop|Tannery|Tiltyard,7,12
"MaA/WarHammer+Javelin/Leather (TY) [RoPaM, (EInd, SProw, NPie, NCun), Florentine, ImmU, Nimble, Riposte]|M7",Man-at-Arms,War Hammer,,Leather,Javelin,True,25,"Strike +1,Florentine,Nimble,Parry,Parry +1,Riposte,Immune Strain,Crit 8,Immune Blocked,Immune Unwieldy",1600,,False,Animal Husbandry|Blacksmith|Carpentry|Coliseum|Conditioning Field|Fletchery|Forge|Furnace|Grand Tournament|Royal Pavilion|Stable|Tannery|Tiltyard,7,16
"MaA/WarHammer+HuntBow/Leather (TY) [(EInd, EProw, NPie, NCun), Florentine, ImmU, Nimble, Parry +1, Riposte]|M7",Man-at-Arms,War Hammer,,Leather,Hunting Bow,True,25,"Florentine,Parry +1,Riposte,Immune Blocked,Nimble,Parry,Immune Unwieldy",1600,,False,Animal Husbandry|Blacksmith|Carpentry|Coliseum|Conditioning Field|Fletchery|Forge|Furnace|Grand Tournament|Stable|Tannery|Tiltyard,7,12
"MaA/Lance/Kite/FullPlate [(EInd, RProw, EPie, NCun), Enduring, Nimble, Temp, Rec 6, Recover 7, Recover 8, Serr, Shake+1]|M7",Man-at-Arms,Lance,Kite Shield,Full Plate,,False,25,"Recover 6,Serrated,Shake +1,Nimble,Recover 7,Immune Blocked,Enduring,Recover 8,Planishing",1100,,False,Alchemy|Animal Husbandry|Apothecary|Armory|Blacksmith|Carpentry|Coliseum|Conditioning Field|Forge|Furnace|Gilded Foundry|Herb Garden|Hospitaller|Infirmary|Joinery|Master Workshop|Tannery,7,15
"MaA/FarmTools/Cloth [(EInd, RProw, EPie, RCun), Enduring, Nimble, Poison, Rec 6, Recover 7, Recover 8, Serr, Shake+1]|M7",Man-at-Arms,Farm Tools,,Cloth,,False,25,"Recover 6,Serrated,Poison,Shake +1,Nimble,Recover 7,Enduring,Recover 8,Immune Blocked",1600,,False,Academy|Alchemy|Apothecary|Blacksmith|Coliseum|Conditioning Field|Furnace|Herb Garden|Hospitaller|Infirmary|Master Workshop|Toxicarium,7,18
"MaA/ShortSword/Heater/Leather [ABFM, (SInd, RProw, NPie, NCun), Nimble, Temp, Serr]|M7",Man-at-Arms,Short Sword,Heater Shield,Leather,,False,25,"ABF,Serrated,Immune Blocked,Nimble,Planishing",700,,False,ABF|Animal Husbandry|Armory|Blacksmith|Carpentry|Coliseum|Conditioning Field|Furnace|Gilded Foundry|Joinery|Master Workshop|Stable|Tannery,7,13
"MaA/Daggers/Gothic [ABFM, (SInd, RProw, NPie, NCun), Nimble, Temp, Serr]|M7",Man-at-Arms,Daggers,,Gothic Plate,,False,25,"ABF,Serrated,Immune Blocked,Nimble,Planishing",400,,False,ABF|Animal Husbandry|Armory|Blacksmith|Butchery|Coliseum|Conditioning Field|Furnace|Gilded Foundry|Master Workshop|Stable|Tannery,7,13
"MaA/ShortSword+Javelin/Kite/FullPlate (TY) [(EInd, EProw, NPie, NCun), Florentine, ImmU, Nimble, Parry +1, Temp, Riposte, Serr]|M7",Man-at-Arms,Short Sword,Kite Shield,Full Plate,Javelin,True,25,"Florentine,Serrated,Nimble,Parry,Parry +1,Riposte,Immune Blocked,Planishing,Immune Unwieldy",1000,,False,Animal Husbandry|Armory|Blacksmith|Carpentry|Coliseum|Conditioning Field|Fletchery|Furnace|Gilded Foundry|Grand Tournament|Joinery|Master Workshop|Tannery|Tiltyard,7,12
"MaA/Morningstar+Longbow/Tower/Chain (TY) [(EInd, EProw, NPie, NCun), Florentine, ImmU, Nimble]|M7",Man-at-Arms,Morningstar,Tower Shield,Chainmail,Longbow,True,25,"Florentine,Immune Unwieldy,Nimble,Immune Blocked,Parry",1200,,False,Animal Husbandry|Armory|Blacksmith|Carpentry|Coliseum|Conditioning Field|Fletchery|Forge|Furnace|Joinery|Stable|Tannery|Tiltyard,7,12
"MaA/Flail/Kite/FullPlate [PrM, (EInd, EProw, SPie, NCun), Nimble, Temp, Rec 6, Shake+1]|M7",Man-at-Arms,Flail,Kite Shield,Full Plate,,False,25,"Recover 6,Immune Blocked,Planishing,Resolute,Shake +1,Nimble,Parry",1400,,False,Abbey|Animal Husbandry|Armory|Blacksmith|Carpentry|Coliseum|Conditioning Field|Furnace|Gilded Foundry|Hospitaller|Joinery|Monastery|Pilgrimage Site|Preceptory|Tannery,7,22
"MaA/Bastard+HuntBow/Tower/Chain (TY) [(EInd, EProw, NPie, NCun), Florentine, ImmU, Nimble]|M7",Man-at-Arms,Bastard Sword,Tower Shield,Chainmail,Hunting Bow,True,25,"Florentine,Immune Unwieldy,Nimble,Immune Blocked,Parry",1200,,False,Animal Husbandry|Armory|Blacksmith|Carpentry|Coliseum|Conditioning Field|Fletchery|Forge|Furnace|Joinery|Stable|Tannery|Tiltyard,7,12
"MaA/FarmTools/Leather [(NInd, RProw, EPie, NCun), Enduring, Nimble, Rec 6, Recover 7, Recover 8, Shake+1]|M7",Man-at-Arms,Farm Tools,,Leather,,False,25,"Recover 6,Recover 7,Enduring,Shake +1,Recover 8,Nimble,Immune Blocked",1000,,False,Alchemy|Animal Husbandry|Apothecary|Butchery|Coliseum|Conditioning Field|Herb Garden|Hospitaller|Infirmary|Smokehouse|Stable|Tannery,7,9
"MaA/Spears+Javelin/Targe/Cloth (TY) [OuInPoI, (RInd, EProw, NPie, SCun), Florentine, ImmU, Nimble]|M7",Man-at-Arms,Spears,Targe Shield,Cloth,Javelin,True,25,"Florentine,confers:Strain,Outrider: once,Nimble,confers:Blocked,Parry,Immune Blocked,Immune Unwieldy",1600,,False,Blacksmith|Carpentry|Coliseum|Conditioning Field|Fletchery|Furnace|Joinery|Outrider Intercept Post|Stable|Tiltyard,7,19
"MaA/Pitchfork+HuntBow/Cloth (TY) [(NInd, EProw, EPie, NCun), Enduring, Florentine, ImmU, Nimble, Rec 6, Recover 7, Recover 8, Shake+1]|M7",Man-at-Arms,Pitchfork,,Cloth,Hunting Bow,True,25,"Florentine,Recover 6,Shake +1,Nimble,Parry,Recover 7,Enduring,Recover 8,Immune Blocked,Immune Unwieldy",1700,,False,Alchemy|Apothecary|Carpentry|Coliseum|Conditioning Field|Fletchery|Herb Garden|Hospitaller|Infirmary|Stable|Tiltyard,7,12
"MaA/Spears+HuntBow/Tower/Leather (TY) [RoPaM, (EInd, SProw, NPie, NCun), Florentine, ImmU, Nimble, Riposte]|M7",Man-at-Arms,Spears,Tower Shield,Leather,Hunting Bow,True,25,"Strike +1,Florentine,Nimble,Parry,Parry +1,Riposte,Immune Strain,Crit 8,Immune Blocked,Immune Unwieldy",900,,False,Animal Husbandry|Blacksmith|Butchery|Carpentry|Coliseum|Conditioning Field|Fletchery|Forge|Furnace|Grand Tournament|Joinery|Royal Pavilion|Tannery|Tiltyard,7,16
"MaA/Arming+Crossbow/Cloth (TY) [(EInd, EProw, NPie, NCun), Florentine, ImmU, Nimble, Recover 8]|M7",Man-at-Arms,Arming Sword,,Cloth,Crossbow,True,25,"Florentine,Immune Blocked,Recover 8,Nimble,Parry,Immune Unwieldy",1800,,False,Apothecary|Blacksmith|Carpentry|Coliseum|Conditioning Field|Fletchery|Forge|Furnace|Herb Garden|Tiltyard,7,12
"MaA/Arming+Crossbow/Tower/Leather (TY) [(EInd, EProw, NPie, NCun), Florentine, ImmU, Nimble, Serr]|M7",Man-at-Arms,Arming Sword,Tower Shield,Leather,Crossbow,True,25,"Florentine,Serrated,Immune Blocked,Nimble,Parry,Immune Unwieldy",1200,,False,Animal Husbandry|Blacksmith|Carpentry|Coliseum|Conditioning Field|Fletchery|Forge|Furnace|Joinery|Master Workshop|Tannery|Tiltyard,7,12
"MaA/Morningstar+Longbow/Tower/Leather (TY) [(EInd, EProw, NPie, NCun), Florentine, ImmU, Nimble, Serr]|M7",Man-at-Arms,Morningstar,Tower Shield,Leather,Longbow,True,25,"Florentine,Serrated,Immune Blocked,Nimble,Parry,Immune Unwieldy",1200,,False,Animal Husbandry|Blacksmith|Carpentry|Coliseum|Conditioning Field|Fletchery|Forge|Furnace|Joinery|Master Workshop|Tannery|Tiltyard,7,12
"MaA/Spears+Javelin/Targe/Cloth (TY) [(RInd, EProw, NPie, NCun), Florentine, ImmU, Nimble, Recover 8]|M7",Man-at-Arms,Spears,Targe Shield,Cloth,Javelin,True,25,"Florentine,Immune Blocked,Recover 8,Nimble,Parry,Immune Unwieldy",1600,,False,Apothecary|Blacksmith|Carpentry|Coliseum|Conditioning Field|Fletchery|Furnace|Herb Garden|Joinery|Tiltyard,7,9
"MaA/Pitchfork+Crossbow/Leather (TY) [(EInd, EProw, NPie, NCun), Florentine, ImmU, Nimble, Serr]|M7",Man-at-Arms,Pitchfork,,Leather,Crossbow,True,25,"Florentine,Serrated,Immune Blocked,Nimble,Parry,Immune Unwieldy",1400,,False,Animal Husbandry|Blacksmith|Carpentry|Coliseum|Conditioning Field|Fletchery|Forge|Furnace|Master Workshop|Tannery|Tiltyard,7,12
"MaA/Spears+Crossbow/Leather (TY) [(EInd, EProw, NPie, NCun), Florentine, ImmU, Nimble]|M7",Man-at-Arms,Spears,,Leather,Crossbow,True,25,"Florentine,Immune Unwieldy,Nimble,Immune Blocked,Parry",1100,,False,Animal Husbandry|Blacksmith|Butchery|Carpentry|Coliseum|Conditioning Field|Fletchery|Forge|Furnace|Tannery|Tiltyard,7,12
"MaA/ShortSword/Targe/Gothic [ABFM, (SInd, EProw, NPie, NCun), Nimble, Parry +1, Temp, Riposte, Serr]|M7",Man-at-Arms,Short Sword,Targe Shield,Gothic Plate,,False,25,"Serrated,Nimble,ABF,Parry,Parry +1,Riposte,Immune Blocked,Planishing",700,,False,ABF|Animal Husbandry|Armory|Blacksmith|Carpentry|Coliseum|Conditioning Field|Furnace|Gilded Foundry|Grand Tournament|Joinery|Master Workshop|Stable|Tannery,7,16
"MaA/Spears+HuntBow/Tower/Cloth (TY) [(EInd, EProw, NPie, NCun), Florentine, ImmU, Nimble, Recover 8]|M7",Man-at-Arms,Spears,Tower Shield,Cloth,Hunting Bow,True,25,"Florentine,Immune Blocked,Recover 8,Nimble,Parry,Immune Unwieldy",1600,,False,Apothecary|Blacksmith|Carpentry|Coliseum|Conditioning Field|Fletchery|Forge|Furnace|Herb Garden|Joinery|Tiltyard,7,12
"MaA/ShortSword+Javelin/Targe/Leather (TY) [(RInd, EProw, NPie, NCun), Florentine, ImmU, Nimble]|M7",Man-at-Arms,Short Sword,Targe Shield,Leather,Javelin,True,25,"Florentine,Immune Unwieldy,Nimble,Immune Blocked,Parry",900,,False,Animal Husbandry|Blacksmith|Butchery|Carpentry|Coliseum|Conditioning Field|Fletchery|Furnace|Joinery|Tannery|Tiltyard,7,9
"MaA/Spears/Kite/Leather [MiMiStM, (EInd, SProw, NPie, NCun), Nimble, Serr]|M7",Man-at-Arms,Spears,Kite Shield,Leather,,False,25,"Drilled,Serrated,Nimble,Parry,Immune Blocked,MaxInit3,Seize: first,Init +1",1200,,False,Animal Husbandry|Armory|Blacksmith|Carpentry|Coliseum|Conditioning Field|Furnace|Joinery|Master Workshop|Ministry of Military Strategy|Tannery|University|War College,7,16
"MaA/Daggers+Javelin/FullPlate (TY) [RoPaM, (EInd, SProw, NPie, NCun), Florentine, ImmU, Nimble, Temp, Riposte, Serr]|M7",Man-at-Arms,Daggers,,Full Plate,Javelin,True,25,"Strike +1,Florentine,Serrated,Nimble,Parry,Parry +1,Riposte,Immune Blocked,Immune Strain,Crit 8,Planishing,Immune Unwieldy",1200,,False,Animal Husbandry|Armory|Blacksmith|Carpentry|Coliseum|Conditioning Field|Fletchery|Furnace|Gilded Foundry|Grand Tournament|Master Workshop|Royal Pavilion|Tannery|Tiltyard,7,16
"MaA/ShortSword+Javelin/Targe/Leather (TY) [(EInd, EProw, NPie, NCun), Florentine, ImmU, Nimble, Serr]|M7",Man-at-Arms,Short Sword,Targe Shield,Leather,Javelin,True,25,"Florentine,Serrated,Immune Blocked,Nimble,Parry,Immune Unwieldy",1200,,False,Animal Husbandry|Blacksmith|Carpentry|Coliseum|Conditioning Field|Fletchery|Furnace|Joinery|Master Workshop|Tannery|Tiltyard,7,12
"MaA/ShortSword/Kite/Leather [MiMiStM, (RInd, SProw, NPie, NCun), Nimble]|M7",Man-at-Arms,Short Sword,Kite Shield,Leather,,False,25,"Drilled,Init +1,Immune Blocked,MaxInit3,Seize: first,Nimble,Parry",1400,,False,Animal Husbandry|Armory|Blacksmith|Carpentry|Coliseum|Conditioning Field|Furnace|Joinery|Ministry of Military Strategy|Stable|Tannery|University|War College,7,13
"MaA/Flail+Longbow/Kite/FullPlate (TY) [(EInd, EProw, NPie, NCun), Florentine, ImmU, Nimble, Temp, Serr]|M7",Man-at-Arms,Flail,Kite Shield,Full Plate,Longbow,True,25,"Florentine,Serrated,Immune Blocked,Planishing,Nimble,Parry,Immune Unwieldy",1000,,False,Animal Husbandry|Armory|Blacksmith|Carpentry|Coliseum|Conditioning Field|Fletchery|Furnace|Gilded Foundry|Joinery|Master Workshop|Tannery|Tiltyard,7,12
"MaA/FarmTools/Tower/Leather [(EInd, RProw, EPie, NCun), Enduring, Nimble, Rec 6, Recover 7, Recover 8, Shake+1]|M7",Man-at-Arms,Farm Tools,Tower Shield,Leather,,False,25,"Recover 6,Recover 7,Enduring,Shake +1,Recover 8,Nimble,Immune Blocked",1000,,False,Alchemy|Animal Husbandry|Apothecary|Blacksmith|Butchery|Carpentry|Coliseum|Conditioning Field|Forge|Furnace|Herb Garden|Hospitaller|Infirmary|Joinery|Tannery,7,15
"MaA/Flail+HuntBow/Kite/FullPlate (TY) [(EInd, EProw, NPie, NCun), Florentine, ImmU, Nimble, Temp]|M7",Man-at-Arms,Flail,Kite Shield,Full Plate,Hunting Bow,True,25,"Florentine,Immune Blocked,Planishing,Nimble,Parry,Immune Unwieldy",700,,False,Animal Husbandry|Armory|Blacksmith|Butchery|Carpentry|Coliseum|Conditioning Field|Fletchery|Furnace|Gilded Foundry|Joinery|Tannery|Tiltyard,7,12
"MaA/Morningstar/Tower/FullPlate [PrI, (EInd, EProw, SPie, NCun), Nimble, Temp, Recover 8, Shake+1]|M7",Man-at-Arms,Morningstar,Tower Shield,Full Plate,,False,25,"Immune Blocked,Planishing,Resolute,Shake +1,Recover 8,Nimble,Parry",1400,,False,Animal Husbandry|Apothecary|Armory|Blacksmith|Carpentry|Coliseum|Conditioning Field|Forge|Furnace|Gilded Foundry|Herb Garden|Joinery|Preceptory|Tannery,7,22
"MaA/Morningstar+Crossbow/FullPlate (TY) [(EInd, EProw, NPie, NCun), Florentine, ImmU, Nimble, Temp]|M7",Man-at-Arms,Morningstar,,Full Plate,Crossbow,True,25,"Florentine,Immune Blocked,Planishing,Nimble,Parry,Immune Unwieldy",1400,,False,Animal Husbandry|Armory|Blacksmith|Carpentry|Coliseum|Conditioning Field|Fletchery|Forge|Furnace|Gilded Foundry|Stable|Tannery|Tiltyard,7,12
"Sgt/FarmTools/Cloth [PrM, (NInd, EProw, SPie, NCun), Rec 6, Shake+1]|M5",Sergeant,Farm Tools,,Cloth,,False,25,"Recover 6,Immune Blocked,Resolute,Shake +1,Parry",1800,,False,Abbey|Academy|Hospitaller|Levy Hall|Monastery|Pilgrimage Site|Preceptory|War College,5,16
"Sgt/FarmTools/Cloth [(NInd, EProw, NPie, NCun), Nimble, Recover 8]|M5",Sergeant,Farm Tools,,Cloth,,False,25,"Recover 8,Nimble,Immune Blocked,Parry",1800,,False,Academy|Apothecary|Conditioning Field|Herb Garden|Levy Hall|War College,5,6
"Sgt/FarmTools/Buckler/Cloth [(RInd, EProw, NPie, NCun), Nimble]|M5",Sergeant,Farm Tools,Buckler Shield,Cloth,,False,25,"Nimble,Immune Blocked,Parry",1600,,False,Academy|Carpentry|Conditioning Field|Joinery|Levy Hall|Stable|War College,5,9
"Sgt/FarmTools/Targe/Cloth [(RInd, EProw, NPie, NCun), Nimble]|M5",Sergeant,Farm Tools,Targe Shield,Cloth,,False,25,"Nimble,Immune Blocked,Parry",1600,,False,Academy|Blacksmith|Carpentry|Conditioning Field|Furnace|Joinery|Levy Hall|War College,5,9
"Sgt/FarmTools/Tower/Cloth [MiMiStM, (EInd, SProw, NPie, NCun)]|M5",Sergeant,Farm Tools,Tower Shield,Cloth,,False,25,"Drilled,Init +1,Immune Blocked,MaxInit3,Seize: first,Parry",1600,,False,Academy|Blacksmith|Carpentry|Forge|Furnace|Joinery|Levy Hall|Ministry of Military Strategy|University|War College,5,16
"Sgt/FarmTools/Tower/Cloth [(EInd, EProw, NPie, NCun), Nimble]|M5",Sergeant,Farm Tools,Tower Shield,Cloth,,False,25,"Nimble,Immune Blocked,Parry",1600,,False,Academy|Blacksmith|Carpentry|Conditioning Field|Forge|Furnace|Joinery|Levy Hall|War College,5,12
"Sgt/FarmTools/Leather [(NInd, EProw, NPie, NCun), Nimble]|M5",Sergeant,Farm Tools,,Leather,,False,25,"Nimble,Immune Blocked,Parry",1600,,False,Academy|Animal Husbandry|Conditioning Field|Levy Hall|Stable|Tannery|War College,5,6
"Sgt/FarmTools/Buckler/Leather [(RInd, EProw, NPie, NCun), Nimble]|M5",Sergeant,Farm Tools,Buckler Shield,Leather,,False,25,"Nimble,Immune Blocked,Parry",1400,,False,Academy|Animal Husbandry|Carpentry|Conditioning Field|Joinery|Levy Hall|Tannery|War College,5,9
"Sgt/FarmTools/Buckler/Leather [(RInd, EProw, NPie, NCun), Nimble, Parry +1, Riposte]|M5",Sergeant,Farm Tools,Buckler Shield,Leather,,False,25,"Parry +1,Riposte,Nimble,Immune Blocked,Parry",1400,,False,Academy|Animal Husbandry|Carpentry|Coliseum|Conditioning Field|Grand Tournament|Joinery|Levy Hall|Tannery|War College,5,9
"Sgt/FarmTools/Chain [RoPaI, (RInd, SProw, NPie, NCun)]|M5",Sergeant,Farm Tools,,Chainmail,,False,25,"Parry,Parry +1,Immune Blocked,Immune Strain",1400,,False,Academy|Animal Husbandry|Armory|Blacksmith|Furnace|Levy Hall|Royal Pavilion|Tannery|War College,5,13
"Sgt/FarmTools/Chain [(RInd, EProw, NPie, NCun), Nimble, Parry +1, Riposte]|M5",Sergeant,Farm Tools,,Chainmail,,False,25,"Parry +1,Riposte,Nimble,Immune Blocked,Parry",1400,,False,Academy|Animal Husbandry|Armory|Blacksmith|Coliseum|Conditioning Field|Furnace|Grand Tournament|Levy Hall|Tannery|War College,5,9
"Sgt/FarmTools/FullPlate [(EInd, EProw, NPie, NCun), Nimble, Temp]|M5",Sergeant,Farm Tools,,Full Plate,,False,25,"Nimble,Immune Blocked,Planishing,Parry",1400,,False,Academy|Animal Husbandry|Armory|Blacksmith|Conditioning Field|Furnace|Gilded Foundry|Levy Hall|Tannery|War College,5,12
"Sgt/FarmTools/FullPlate [(EInd, EProw, NPie, NCun), Nimble, Parry +1, Temp, Riposte]|M5",Sergeant,Farm Tools,,Full Plate,,False,25,"Parry +1,Immune Blocked,Riposte,Planishing,Nimble,Parry",1400,,False,Academy|Animal Husbandry|Armory|Blacksmith|Coliseum|Conditioning Field|Furnace|Gilded Foundry|Grand Tournament|Levy Hall|Tannery|War College,5,12
"Sgt/Cudgel/Cloth [(NInd, EProw, NPie, NCun), Nimble, Recover 8]|M5",Sergeant,Cudgel,,Cloth,,False,25,"Recover 8,Nimble,Immune Blocked,Parry",1800,,False,Academy|Apothecary|Conditioning Field|Herb Garden|Levy Hall|War College,5,6
"Sgt/Cudgel/Cloth [PrI, (NInd, EProw, SPie, NCun), Recover 8, Shake+1]|M5",Sergeant,Cudgel,,Cloth,,False,25,"Immune Blocked,Resolute,Shake +1,Recover 8,Parry",1800,,False,Academy|Apothecary|Herb Garden|Levy Hall|Preceptory|War College,5,16
"Sgt/Cudgel/Leather [(NInd, EProw, NPie, NCun), Nimble]|M5",Sergeant,Cudgel,,Leather,,False,25,"Nimble,Immune Blocked,Parry",1600,,False,Academy|Animal Husbandry|Conditioning Field|Levy Hall|Stable|Tannery|War College,5,6
"Sgt/Cudgel/Leather [(NInd, EProw, NPie, RCun), Nimble, Poison]|M5",Sergeant,Cudgel,,Leather,,False,25,"Parry,Nimble,Immune Blocked,Poison",1500,,False,Academy|Alchemy|Animal Husbandry|Conditioning Field|Levy Hall|Tannery|Toxicarium|War College,5,9
"Sgt/Cudgel/Chain [(RInd, EProw, NPie, NCun), Nimble]|M5",Sergeant,Cudgel,,Chainmail,,False,25,"Nimble,Immune Blocked,Parry",1400,,False,Academy|Animal Husbandry|Armory|Blacksmith|Conditioning Field|Furnace|Levy Hall|Tannery|War College,5,9
"Sgt/Cudgel/FullPlate [(EInd, EProw, NPie, NCun), Nimble, Temp]|M5",Sergeant,Cudgel,,Full Plate,,False,25,"Nimble,Immune Blocked,Planishing,Parry",1400,,False,Academy|Animal Husbandry|Armory|Blacksmith|Conditioning Field|Furnace|Gilded Foundry|Levy Hall|Tannery|War College,5,12
"Sgt/Cudgel/FullPlate [MiMiStM, (EInd, SProw, NPie, NCun), Temp]|M5",Sergeant,Cudgel,,Full Plate,,False,25,"Drilled,Init +1,Immune Blocked,Planishing,MaxInit3,Seize: first,Parry",1400,,False,Academy|Animal Husbandry|Armory|Blacksmith|Furnace|Gilded Foundry|Levy Hall|Ministry of Military Strategy|Tannery|University|War College,5,16
"Sgt/Pitchfork/Cloth [(NInd, EProw, NPie, NCun), Nimble, Recover 8]|M5",Sergeant,Pitchfork,,Cloth,,False,25,"Recover 8,Nimble,Immune Blocked,Parry",1800,,False,Academy|Apothecary|Conditioning Field|Herb Garden|Levy Hall|War College,5,6
"Sgt/Pitchfork/Leather [(NInd, EProw, NPie, NCun), Nimble]|M5",Sergeant,Pitchfork,,Leather,,False,25,"Nimble,Immune Blocked,Parry",1600,,False,Academy|Animal Husbandry|Conditioning Field|Levy Hall|Stable|Tannery|War College,5,6
"Sgt/Pitchfork/Leather [MiMiStM, (NInd, SProw, NPie, NCun)]|M5",Sergeant,Pitchfork,,Leather,,False,25,"Drilled,Init +1,Immune Blocked,MaxInit3,Seize: first,Parry",800,,False,Academy|Animal Husbandry|Butchery|Levy Hall|Ministry of Military Strategy|Tannery|University|War College,5,10
"Sgt/Pitchfork/Chain [(RInd, EProw, NPie, NCun), Nimble]|M5",Sergeant,Pitchfork,,Chainmail,,False,25,"Nimble,Immune Blocked,Parry",1400,,False,Academy|Animal Husbandry|Armory|Blacksmith|Conditioning Field|Furnace|Levy Hall|Tannery|War College,5,9
"Sgt/Pitchfork/FullPlate [(EInd, EProw, NPie, NCun), Nimble, Temp]|M5",Sergeant,Pitchfork,,Full Plate,,False,25,"Nimble,Immune Blocked,Planishing,Parry",1400,,False,Academy|Animal Husbandry|Armory|Blacksmith|Conditioning Field|Furnace|Gilded Foundry|Levy Hall|Tannery|War College,5,12
"Sgt/Daggers/Cloth [(EInd, EProw, NPie, NCun), Nimble, Serr]|M5",Sergeant,Daggers,,Cloth,,False,25,"Nimble,Serrated,Immune Blocked,Parry",1600,,False,Academy|Blacksmith|Conditioning Field|Furnace|Levy Hall|Master Workshop|War College,5,12
"Sgt/Daggers/Cloth [(NInd, EProw, NPie, RCun), Nimble, Poison]|M5",Sergeant,Daggers,,Cloth,,False,25,"Parry,Nimble,Immune Blocked,Poison",1700,,False,Academy|Alchemy|Conditioning Field|Furnace|Levy Hall|Toxicarium|War College,5,9
"Sgt/Daggers/Leather [(NInd, EProw, NPie, NCun), Nimble]|M5",Sergeant,Daggers,,Leather,,False,25,"Nimble,Immune Blocked,Parry",1600,,False,Academy|Animal Husbandry|Conditioning Field|Furnace|Levy Hall|Tannery|War College,5,6
"Sgt/Daggers/Leather [MiMiStM, (NInd, SProw, NPie, NCun)]|M5",Sergeant,Daggers,,Leather,,False,25,"Drilled,Init +1,Immune Blocked,MaxInit3,Seize: first,Parry",1600,,False,Academy|Animal Husbandry|Furnace|Levy Hall|Ministry of Military Strategy|Tannery|University|War College,5,10
"Sgt/Daggers/Chain [(RInd, EProw, NPie, NCun), Nimble]|M5",Sergeant,Daggers,,Chainmail,,False,25,"Nimble,Immune Blocked,Parry",1400,,False,Academy|Animal Husbandry|Armory|Blacksmith|Conditioning Field|Furnace|Levy Hall|Tannery|War College,5,9
"Sgt/Daggers/FullPlate [(EInd, EProw, NPie, NCun), Nimble, Temp]|M5",Sergeant,Daggers,,Full Plate,,False,25,"Nimble,Immune Blocked,Planishing,Parry",1400,,False,Academy|Animal Husbandry|Armory|Blacksmith|Conditioning Field|Furnace|Gilded Foundry|Levy Hall|Tannery|War College,5,12
"Sgt/ShortSword/Targe/Cloth [(RInd, EProw, NPie, NCun), Nimble]|M5",Sergeant,Short Sword,Targe Shield,Cloth,,False,25,"Nimble,Immune Blocked,Parry",1600,,False,Academy|Blacksmith|Carpentry|Conditioning Field|Furnace|Joinery|Levy Hall|War College,5,9
"Sgt/ShortSword/Tower/Cloth [(EInd, EProw, NPie, NCun), Nimble]|M5",Sergeant,Short Sword,Tower Shield,Cloth,,False,25,"Nimble,Immune Blocked,Parry",1600,,False,Academy|Blacksmith|Carpentry|Conditioning Field|Forge|Furnace|Joinery|Levy Hall|War College,5,12
"Sgt/Spears/Targe/Cloth [(RInd, EProw, NPie, NCun), Nimble]|M5",Sergeant,Spears,Targe Shield,Cloth,,False,25,"Nimble,Immune Blocked,Parry",1600,,False,Academy|Blacksmith|Carpentry|Conditioning Field|Furnace|Joinery|Levy Hall|War College,5,9
"Sgt/Spears/Tower/Cloth [PrI, (EInd, EProw, SPie, NCun), Shake+1]|M5",Sergeant,Spears,Tower Shield,Cloth,,False,25,"Resolute,Shake +1,Immune Blocked,Parry",1600,,False,Academy|Blacksmith|Carpentry|Forge|Furnace|Joinery|Levy Hall|Preceptory|War College,5,22
"Sgt/Spears/Tower/Cloth [(EInd, EProw, NPie, NCun), Nimble, Parry +1, Riposte]|M5",Sergeant,Spears,Tower Shield,Cloth,,False,25,"Parry +1,Riposte,Nimble,Immune Blocked,Parry",1600,,False,Academy|Blacksmith|Carpentry|Coliseum|Conditioning Field|Forge|Furnace|Grand Tournament|Joinery|Levy Hall|War College,5,12
"Sgt/Spears/Tower/Cloth [(EInd, EProw, NPie, NCun), Nimble]|M5",Sergeant,Spears,Tower Shield,Cloth,,False,25,"Nimble,Immune Blocked,Parry",1600,,False,Academy|Blacksmith|Carpentry|Conditioning Field|Forge|Furnace|Joinery|Levy Hall|War College,5,12
"Sgt/Arming/Tower/Cloth [(EInd, EProw, NPie, NCun), Nimble]|M5",Sergeant,Arming Sword,Tower Shield,Cloth,,False,25,"Nimble,Immune Blocked,Parry",1600,,False,Academy|Blacksmith|Carpentry|Conditioning Field|Forge|Furnace|Joinery|Levy Hall|War College,5,12
"Sgt/Pike/Cloth [(EInd, EProw, NPie, NCun), Nimble, Serr]|M5",Sergeant,Pike,,Cloth,,False,25,"Nimble,Serrated,Immune Blocked,Parry",1600,,False,Academy|Blacksmith|Conditioning Field|Furnace|Levy Hall|Master Workshop|War College,5,12
"Sgt/Pike/Cloth [PrI, (RInd, EProw, SPie, NCun), Shake+1]|M5",Sergeant,Pike,,Cloth,,False,25,"Resolute,Shake +1,Immune Blocked,Parry",1800,,False,Academy|Blacksmith|Furnace|Levy Hall|Preceptory|Stable|War College,5,19
"Sgt/Pike/Cloth [(RInd, EProw, NPie, NCun), Nimble]|M5",Sergeant,Pike,,Cloth,,False,25,"Nimble,Immune Blocked,Parry",1800,,False,Academy|Blacksmith|Conditioning Field|Furnace|Levy Hall|Stable|War College,5,9
"Sgt/Pike/Leather [(RInd, EProw, NPie, NCun), Nimble]|M5",Sergeant,Pike,,Leather,,False,25,"Nimble,Immune Blocked,Parry",1600,,False,Academy|Animal Husbandry|Blacksmith|Conditioning Field|Furnace|Levy Hall|Tannery|War College,5,9
"Sgt/Pike/Chain [MiMiStM, (RInd, SProw, NPie, NCun)]|M5",Sergeant,Pike,,Chainmail,,False,25,"Drilled,Init +1,Immune Blocked,MaxInit3,Seize: first,Parry",1400,,False,Academy|Animal Husbandry|Armory|Blacksmith|Furnace|Levy Hall|Ministry of Military Strategy|Tannery|University|War College,5,13
"Sgt/Pike/Chain [(RInd, EProw, NPie, NCun), Nimble, Parry +1, Riposte]|M5",Sergeant,Pike,,Chainmail,,False,25,"Parry +1,Riposte,Nimble,Immune Blocked,Parry",1400,,False,Academy|Animal Husbandry|Armory|Blacksmith|Coliseum|Conditioning Field|Furnace|Grand Tournament|Levy Hall|Tannery|War College,5,9
"Sgt/Pike/Chain [RoPaI, (RInd, SProw, NPie, NCun)]|M5",Sergeant,Pike,,Chainmail,,False,25,"Parry,Parry +1,Immune Blocked,Immune Strain",1400,,False,Academy|Animal Husbandry|Armory|Blacksmith|Furnace|Levy Hall|Royal Pavilion|Tannery|War College,5,13
"Sgt/Pike/FullPlate [PrI, (EInd, EProw, SPie, NCun), Temp, Shake+1]|M5",Sergeant,Pike,,Full Plate,,False,25,"Immune Blocked,Planishing,Resolute,Shake +1,Parry",1400,,False,Academy|Animal Husbandry|Armory|Blacksmith|Furnace|Gilded Foundry|Levy Hall|Preceptory|Tannery|War College,5,22
"Sgt/Pike/FullPlate [(EInd, EProw, NPie, NCun), Nimble, Temp]|M5",Sergeant,Pike,,Full Plate,,False,25,"Nimble,Immune Blocked,Planishing,Parry",1400,,False,Academy|Animal Husbandry|Armory|Blacksmith|Conditioning Field|Furnace|Gilded Foundry|Levy Hall|Tannery|War College,5,12
"Sgt/Flail/Tower/Cloth [(EInd, EProw, NPie, NCun), Nimble, Parry +1, Riposte]|M5",Sergeant,Flail,Tower Shield,Cloth,,False,25,"Parry +1,Riposte,Nimble,Immune Blocked,Parry",1600,,False,Academy|Blacksmith|Carpentry|Coliseum|Conditioning Field|Forge|Furnace|Grand Tournament|Joinery|Levy Hall|War College,5,12
"Sgt/Flail/Tower/Cloth [(EInd, EProw, NPie, NCun), Nimble]|M5",Sergeant,Flail,Tower Shield,Cloth,,False,25,"Nimble,Immune Blocked,Parry",1600,,False,Academy|Blacksmith|Carpentry|Conditioning Field|Forge|Furnace|Joinery|Levy Hall|War College,5,12
"Sgt/Flail/Tower/Cloth [PrI, (EInd, EProw, SPie, NCun), Shake+1]|M5",Sergeant,Flail,Tower Shield,Cloth,,False,25,"Resolute,Shake +1,Immune Blocked,Parry",1600,,False,Academy|Blacksmith|Carpentry|Forge|Furnace|Joinery|Levy Hall|Preceptory|War College,5,22
"Sgt/Halberd/Cloth [MiMiStM, (RInd, SProw, NPie, RCun), Poison]|M5",Sergeant,Halberd,,Cloth,,False,25,"Drilled,Init +1,Immune Blocked,Poison,MaxInit3,Seize: first,Parry",1700,,False,Academy|Alchemy|Blacksmith|Furnace|Levy Hall|Ministry of Military Strategy|Toxicarium|University|War College,5,16
"Sgt/Halberd/Cloth [(RInd, EProw, NPie, RCun), Nimble, Poison]|M5",Sergeant,Halberd,,Cloth,,False,25,"Parry,Nimble,Immune Blocked,Poison",1700,,False,Academy|Alchemy|Blacksmith|Conditioning Field|Furnace|Levy Hall|Toxicarium|War College,5,12
"Sgt/Halberd/Leather [(RInd, EProw, NPie, NCun), Nimble]|M5",Sergeant,Halberd,,Leather,,False,25,"Nimble,Immune Blocked,Parry",1600,,False,Academy|Animal Husbandry|Blacksmith|Conditioning Field|Furnace|Levy Hall|Tannery|War College,5,9
"Sgt/Halberd/Chain [(RInd, EProw, NPie, NCun), Nimble]|M5",Sergeant,Halberd,,Chainmail,,False,25,"Nimble,Immune Blocked,Parry",1400,,False,Academy|Animal Husbandry|Armory|Blacksmith|Conditioning Field|Furnace|Levy Hall|Tannery|War College,5,9
"Sgt/Halberd/FullPlate [(EInd, EProw, NPie, NCun), Nimble, Temp]|M5",Sergeant,Halberd,,Full Plate,,False,25,"Nimble,Immune Blocked,Planishing,Parry",1400,,False,Academy|Animal Husbandry|Armory|Blacksmith|Conditioning Field|Furnace|Gilded Foundry|Levy Hall|Tannery|War College,5,12
"Sgt/BattleAxe/Cloth [(RInd, EProw, NPie, RCun), Nimble, Poison]|M5",Sergeant,Battle Axe,,Cloth,,False,25,"Parry,Nimble,Immune Blocked,Poison",1700,,False,Academy|Alchemy|Blacksmith|Conditioning Field|Furnace|Levy Hall|Toxicarium|War College,5,12
"Sgt/BattleAxe/Cloth [(RInd, EProw, NPie, NCun), Nimble]|M5",Sergeant,Battle Axe,,Cloth,,False,25,"Nimble,Immune Blocked,Parry",1800,,False,Academy|Blacksmith|Conditioning Field|Furnace|Levy Hall|Stable|War College,5,9
"Sgt/BattleAxe/Leather [(RInd, EProw, NPie, NCun), Nimble]|M5",Sergeant,Battle Axe,,Leather,,False,25,"Nimble,Immune Blocked,Parry",1600,,False,Academy|Animal Husbandry|Blacksmith|Conditioning Field|Furnace|Levy Hall|Tannery|War College,5,9
"Sgt/BattleAxe/Chain [(RInd, EProw, NPie, NCun), Nimble]|M5",Sergeant,Battle Axe,,Chainmail,,False,25,"Nimble,Immune Blocked,Parry",1400,,False,Academy|Animal Husbandry|Armory|Blacksmith|Conditioning Field|Furnace|Levy Hall|Tannery|War College,5,9
"Sgt/BattleAxe/FullPlate [(EInd, EProw, NPie, NCun), Nimble, Temp]|M5",Sergeant,Battle Axe,,Full Plate,,False,25,"Nimble,Immune Blocked,Planishing,Parry",1400,,False,Academy|Animal Husbandry|Armory|Blacksmith|Conditioning Field|Furnace|Gilded Foundry|Levy Hall|Tannery|War College,5,12
"Sgt/Cavalry Spear/Buckler/Cloth [(RInd, EProw, NPie, NCun), Nimble]|M5",Sergeant,Cavalry Spear,Buckler Shield,Cloth,,False,25,"Nimble,Immune Blocked,Parry",1600,,False,Academy|Blacksmith|Carpentry|Conditioning Field|Furnace|Joinery|Levy Hall|War College,5,9
"Sgt/Cavalry Spear/Targe/Cloth [MiMiStI, (RInd, SProw, NPie, NCun)]|M5",Sergeant,Cavalry Spear,Targe Shield,Cloth,,False,25,"Init +1,Immune Blocked,MaxInit3,Seize: first,Parry",1600,,False,Academy|Blacksmith|Carpentry|Furnace|Joinery|Levy Hall|Ministry of Military Strategy|War College,5,13
"Sgt/Cavalry Spear/Targe/Cloth [MiMiStM, (RInd, SProw, NPie, NCun)]|M5",Sergeant,Cavalry Spear,Targe Shield,Cloth,,False,25,"Drilled,Init +1,Immune Blocked,MaxInit3,Seize: first,Parry",1600,,False,Academy|Blacksmith|Carpentry|Furnace|Joinery|Levy Hall|Ministry of Military Strategy|University|War College,5,13
"Sgt/Cavalry Spear/Targe/Cloth [(RInd, EProw, NPie, NCun), Nimble]|M5",Sergeant,Cavalry Spear,Targe Shield,Cloth,,False,25,"Nimble,Immune Blocked,Parry",1600,,False,Academy|Blacksmith|Carpentry|Conditioning Field|Furnace|Joinery|Levy Hall|War College,5,9
"Sgt/Morningstar/Tower/Cloth [MiMiStM, (EInd, SProw, NPie, NCun)]|M5",Sergeant,Morningstar,Tower Shield,Cloth,,False,25,"Drilled,Init +1,Immune Blocked,MaxInit3,Seize: first,Parry",1600,,False,Academy|Blacksmith|Carpentry|Forge|Furnace|Joinery|Levy Hall|Ministry of Military Strategy|University|War College,5,16
"Sgt/Morningstar/Tower/Cloth [(EInd, EProw, NPie, NCun), Nimble]|M5",Sergeant,Morningstar,Tower Shield,Cloth,,False,25,"Nimble,Immune Blocked,Parry",1600,,False,Academy|Blacksmith|Carpentry|Conditioning Field|Forge|Furnace|Joinery|Levy Hall|War College,5,12
"Sgt/Bastard/Tower/Cloth [(EInd, EProw, NPie, NCun), Nimble]|M5",Sergeant,Bastard Sword,Tower Shield,Cloth,,False,25,"Nimble,Immune Blocked,Parry",1600,,False,Academy|Blacksmith|Carpentry|Conditioning Field|Forge|Furnace|Joinery|Levy Hall|War College,5,12
"Sgt/Bastard/Tower/Cloth [MiMiStI, (EInd, SProw, NPie, NCun)]|M5",Sergeant,Bastard Sword,Tower Shield,Cloth,,False,25,"Init +1,Immune Blocked,MaxInit3,Seize: first,Parry",1600,,False,Academy|Blacksmith|Carpentry|Forge|Furnace|Joinery|Levy Hall|Ministry of Military Strategy|War College,5,16
"Sgt/2HBastard/Cloth [(EInd, EProw, NPie, NCun), Nimble, Parry +1, Riposte, Serr]|M5",Sergeant,2HBastard,,Cloth,,False,25,"Serrated,Parry +1,Riposte,Immune Blocked,Nimble,Parry",1600,,False,Academy|Blacksmith|Coliseum|Conditioning Field|Forge|Furnace|Grand Tournament|Levy Hall|Master Workshop|War College,5,12
"Sgt/2HBastard/Cloth [MiMiStI, (EInd, SProw, NPie, NCun)]|M5",Sergeant,2HBastard,,Cloth,,False,25,"Init +1,Immune Blocked,MaxInit3,Seize: first,Parry",1800,,False,Academy|Blacksmith|Forge|Furnace|Levy Hall|Ministry of Military Strategy|Stable|War College,5,16
"Sgt/2HBastard/Cloth [(EInd, EProw, NPie, NCun), Nimble, Serr]|M5",Sergeant,2HBastard,,Cloth,,False,25,"Nimble,Serrated,Immune Blocked,Parry",1600,,False,Academy|Blacksmith|Conditioning Field|Forge|Furnace|Levy Hall|Master Workshop|War College,5,12
"Sgt/2HBastard/Leather [(EInd, EProw, NPie, NCun), Nimble]|M5",Sergeant,2HBastard,,Leather,,False,25,"Nimble,Immune Blocked,Parry",1600,,False,Academy|Animal Husbandry|Blacksmith|Conditioning Field|Forge|Furnace|Levy Hall|Tannery|War College,5,12
"Sgt/2HBastard/Chain [MiMiStI, (EInd, SProw, NPie, NCun)]|M5",Sergeant,2HBastard,,Chainmail,,False,25,"Init +1,Immune Blocked,MaxInit3,Seize: first,Parry",1400,,False,Academy|Animal Husbandry|Armory|Blacksmith|Forge|Furnace|Levy Hall|Ministry of Military Strategy|Tannery|War College,5,16
"Sgt/2HBastard/Chain [(EInd, EProw, NPie, NCun), Nimble]|M5",Sergeant,2HBastard,,Chainmail,,False,25,"Nimble,Immune Blocked,Parry",1400,,False,Academy|Animal Husbandry|Armory|Blacksmith|Conditioning Field|Forge|Furnace|Levy Hall|Tannery|War College,5,12
"Sgt/2HBastard/FullPlate [(EInd, EProw, NPie, NCun), Nimble, Parry +1, Temp, Riposte]|M5",Sergeant,2HBastard,,Full Plate,,False,25,"Parry +1,Immune Blocked,Riposte,Planishing,Nimble,Parry",1400,,False,Academy|Animal Husbandry|Armory|Blacksmith|Coliseum|Conditioning Field|Forge|Furnace|Gilded Foundry|Grand Tournament|Levy Hall|Tannery|War College,5,12
"Sgt/2HBastard/FullPlate [(EInd, EProw, NPie, NCun), Nimble, Temp]|M5",Sergeant,2HBastard,,Full Plate,,False,25,"Nimble,Immune Blocked,Planishing,Parry",1400,,False,Academy|Animal Husbandry|Armory|Blacksmith|Conditioning Field|Forge|Furnace|Gilded Foundry|Levy Hall|Tannery|War College,5,12
"Sgt/WarHammer/Cloth [(EInd, EProw, NPie, NCun), Nimble, Serr]|M5",Sergeant,War Hammer,,Cloth,,False,25,"Nimble,Serrated,Immune Blocked,Parry",1600,,False,Academy|Blacksmith|Conditioning Field|Forge|Furnace|Levy Hall|Master Workshop|War College,5,12
"Sgt/WarHammer/Cloth [(EInd, EProw, NPie, NCun), Nimble]|M5",Sergeant,War Hammer,,Cloth,,False,25,"Nimble,Immune Blocked,Parry",1800,,False,Academy|Blacksmith|Conditioning Field|Forge|Furnace|Levy Hall|Stable|War College,5,12
"Sgt/WarHammer/Leather [(EInd, EProw, NPie, NCun), Nimble]|M5",Sergeant,War Hammer,,Leather,,False,25,"Nimble,Immune Blocked,Parry",1600,,False,Academy|Animal Husbandry|Blacksmith|Conditioning Field|Forge|Furnace|Levy Hall|Tannery|War College,5,12
"Sgt/WarHammer/Chain [(EInd, EProw, NPie, NCun), Nimble]|M5",Sergeant,War Hammer,,Chainmail,,False,25,"Nimble,Immune Blocked,Parry",1400,,False,Academy|Animal Husbandry|Armory|Blacksmith|Conditioning Field|Forge|Furnace|Levy Hall|Tannery|War College,5,12
"Sgt/WarHammer/FullPlate [(EInd, EProw, NPie, NCun), Nimble, Temp]|M5",Sergeant,War Hammer,,Full Plate,,False,25,"Nimble,Immune Blocked,Planishing,Parry",1400,,False,Academy|Animal Husbandry|Armory|Blacksmith|Conditioning Field|Forge|Furnace|Gilded Foundry|Levy Hall|Tannery|War College,5,12
"Sgt/Lance/Buckler/Cloth [(EInd, EProw, NPie, NCun), Nimble]|M5",Sergeant,Lance,Buckler Shield,Cloth,,False,25,"Nimble,Immune Blocked,Parry",1600,,False,Academy|Blacksmith|Carpentry|Conditioning Field|Forge|Furnace|Joinery|Levy Hall|War College,5,12
"Sgt/Lance/Buckler/Cloth [MiMiStI, (EInd, SProw, NPie, NCun)]|M5",Sergeant,Lance,Buckler Shield,Cloth,,False,25,"Init +1,Immune Blocked,MaxInit3,Seize: first,Parry",1600,,False,Academy|Blacksmith|Carpentry|Forge|Furnace|Joinery|Levy Hall|Ministry of Military Strategy|War College,5,16
"Sgt/Lance/Targe/Cloth [(EInd, EProw, NPie, NCun), Nimble]|M5",Sergeant,Lance,Targe Shield,Cloth,,False,25,"Nimble,Immune Blocked,Parry",1600,,False,Academy|Blacksmith|Carpentry|Conditioning Field|Forge|Furnace|Joinery|Levy Hall|War College,5,12
"Sgt/Pitchfork+HuntBow/Cloth (TY) [(NInd, EProw, NPie, NCun), Florentine, ImmU, Nimble]|M6",Sergeant,Pitchfork,,Cloth,Hunting Bow,True,25,"Florentine,Immune Unwieldy,Nimble,Immune Blocked,Parry",1600,,False,Academy|Carpentry|Coliseum|Conditioning Field|Fletchery|Levy Hall|Tiltyard|War College,6,6
"Sgt/FarmTools/Kite/Leather [(RInd, EProw, NPie, NCun), Nimble, Parry +1, Riposte]|M6",Sergeant,Farm Tools,Kite Shield,Leather,,False,25,"Parry +1,Riposte,Nimble,Immune Blocked,Parry",1200,,False,Academy|Animal Husbandry|Armory|Blacksmith|Carpentry|Coliseum|Conditioning Field|Furnace|Grand Tournament|Joinery|Levy Hall|Tannery|War College,6,9
"Sgt/Cavalry Spear/Buckler/Cloth [(EInd, EProw, NPie, NCun), Nimble, Serr]|M6",Sergeant,Cavalry Spear,Buckler Shield,Cloth,,False,25,"Nimble,Serrated,Immune Blocked,Parry",1400,,False,Academy|Blacksmith|Carpentry|Conditioning Field|Furnace|Joinery|Levy Hall|Master Workshop|War College,6,12
"Sgt/2HBastard/FullPlate [(EInd, EProw, NPie, NCun), Nimble, Parry +1, Temp, Riposte]|M6",Sergeant,2HBastard,,Full Plate,,False,25,"Parry +1,Immune Blocked,Riposte,Planishing,Nimble,Parry",600,,False,Academy|Animal Husbandry|Armory|Blacksmith|Butchery|Coliseum|Conditioning Field|Forge|Furnace|Gilded Foundry|Grand Tournament|Levy Hall|Tannery|War College,6,12
"Sgt/FarmTools/Cloth [PrM, (NInd, EProw, SPie, NCun), Enduring, Rec 6, Recover 7, Recover 8, Shake+1]|M6",Sergeant,Farm Tools,,Cloth,,False,25,"Recover 6,Resolute,Shake +1,Parry,Recover 7,Enduring,Recover 8,Immune Blocked",1700,,False,Abbey|Academy|Alchemy|Apothecary|Herb Garden|Hospitaller|Infirmary|Levy Hall|Monastery|Pilgrimage Site|Preceptory|War College,6,16
"Sgt/Cavalry Spear/Buckler/Leather [(RInd, EProw, NPie, NCun), Nimble]|M6",Sergeant,Cavalry Spear,Buckler Shield,Leather,,False,25,"Nimble,Immune Blocked,Parry",1400,,False,Academy|Animal Husbandry|Blacksmith|Carpentry|Conditioning Field|Furnace|Joinery|Levy Hall|Tannery|War College,6,9
"Sgt/FarmTools/Buckler/Leather [(RInd, EProw, NPie, NCun), Nimble, Parry +1, Riposte]|M6",Sergeant,Farm Tools,Buckler Shield,Leather,,False,25,"Parry +1,Riposte,Nimble,Immune Blocked,Parry",1400,,False,Academy|Animal Husbandry|Carpentry|Coliseum|Conditioning Field|Grand Tournament|Joinery|Levy Hall|Stable|Tannery|War College,6,9
"Sgt/Lance/Kite/Cloth [(EInd, EProw, NPie, NCun), Nimble]|M6",Sergeant,Lance,Kite Shield,Cloth,,False,25,"Nimble,Immune Blocked,Parry",1200,,False,Academy|Armory|Blacksmith|Carpentry|Conditioning Field|Forge|Furnace|Joinery|Levy Hall|Tannery|War College,6,12
"Sgt/Pitchfork/Cloth [(NInd, EProw, EPie, NCun), Enduring, Nimble, Rec 6, Recover 7, Recover 8, Shake+1]|M6",Sergeant,Pitchfork,,Cloth,,False,25,"Recover 6,Shake +1,Nimble,Parry,Recover 7,Enduring,Recover 8,Immune Blocked",1700,,False,Academy|Alchemy|Apothecary|Conditioning Field|Herb Garden|Hospitaller|Infirmary|Levy Hall|Stable|War College,6,12
"Sgt/Cavalry Spear/Targe/Cloth [MiMiStI, (EInd, SProw, NPie, NCun), Serr]|M6",Sergeant,Cavalry Spear,Targe Shield,Cloth,,False,25,"Serrated,Init +1,Immune Blocked,MaxInit3,Seize: first,Parry",1400,,False,Academy|Blacksmith|Carpentry|Furnace|Joinery|Levy Hall|Master Workshop|Ministry of Military Strategy|War College,6,16
"Sgt/Halberd/Cloth [MiMiStM, (RInd, SProw, NPie, NCun), Recover 8]|M6",Sergeant,Halberd,,Cloth,,False,25,"Drilled,Init +1,Immune Blocked,MaxInit3,Recover 8,Seize: first,Parry",1800,,False,Academy|Apothecary|Blacksmith|Furnace|Herb Garden|Levy Hall|Ministry of Military Strategy|University|War College,6,13
"Sgt/Cudgel/FullPlate [(EInd, EProw, NPie, RCun), Nimble, Temp, Poison]|M6",Sergeant,Cudgel,,Full Plate,,False,25,"Poison,Planishing,Nimble,Immune Blocked,Parry",1300,,False,Academy|Alchemy|Animal Husbandry|Armory|Blacksmith|Conditioning Field|Furnace|Gilded Foundry|Levy Hall|Tannery|Toxicarium|War College,6,15
"Sgt/Flail/Kite/Leather [(RInd, EProw, NPie, NCun), Nimble, Parry +1, Riposte]|M6",Sergeant,Flail,Kite Shield,Leather,,False,25,"Parry +1,Riposte,Nimble,Immune Blocked,Parry",1200,,False,Academy|Animal Husbandry|Armory|Blacksmith|Carpentry|Coliseum|Conditioning Field|Furnace|Grand Tournament|Joinery|Levy Hall|Tannery|War College,6,9
"Sgt/2HBastard/Leather [(EInd, EProw, NPie, NCun), Nimble]|M6",Sergeant,2HBastard,,Leather,,False,25,"Nimble,Immune Blocked,Parry",1600,,False,Academy|Animal Husbandry|Blacksmith|Conditioning Field|Forge|Furnace|Levy Hall|Stable|Tannery|War College,6,12
"Sgt/Spears/Kite/Chain [(RInd, EProw, NPie, NCun), Nimble, Parry +1, Riposte]|M6",Sergeant,Spears,Kite Shield,Chainmail,,False,25,"Parry +1,Riposte,Nimble,Immune Blocked,Parry",1200,,False,Academy|Animal Husbandry|Armory|Blacksmith|Carpentry|Coliseum|Conditioning Field|Furnace|Grand Tournament|Joinery|Levy Hall|Tannery|War College,6,9
"Sgt/Spears/Tower/Cloth [(EInd, EProw, NPie, NCun), Nimble, Serr]|M6",Sergeant,Spears,Tower Shield,Cloth,,False,25,"Nimble,Serrated,Immune Blocked,Parry",1400,,False,Academy|Blacksmith|Carpentry|Conditioning Field|Forge|Furnace|Joinery|Levy Hall|Master Workshop|War College,6,12
"Sgt/Arming/Tower/Leather [RoPaI, (EInd, SProw, NPie, NCun)]|M6",Sergeant,Arming Sword,Tower Shield,Leather,,False,25,"Parry,Parry +1,Immune Blocked,Immune Strain",1400,,False,Academy|Animal Husbandry|Blacksmith|Carpentry|Forge|Furnace|Joinery|Levy Hall|Royal Pavilion|Tannery|War College,6,16
"Sgt/Spears/Targe/Chain [OuInPoI, (RInd, EProw, NPie, SCun)]|M6",Sergeant,Spears,Targe Shield,Chainmail,,False,25,"confers:Strain,Immune Blocked,Outrider: once,confers:Blocked,Parry",1200,,False,Academy|Animal Husbandry|Armory|Blacksmith|Carpentry|Furnace|Joinery|Levy Hall|Outrider Intercept Post|Tannery|War College,6,19
"Sgt/ShortSword/Targe/FullPlate [(EInd, EProw, NPie, NCun), Nimble, Temp]|M6",Sergeant,Short Sword,Targe Shield,Full Plate,,False,25,"Nimble,Immune Blocked,Planishing,Parry",1200,,False,Academy|Animal Husbandry|Armory|Blacksmith|Carpentry|Conditioning Field|Furnace|Gilded Foundry|Joinery|Levy Hall|Tannery|War College,6,12
"Sgt/Cavalry Spear/Targe/Cloth [(RInd, EProw, NPie, NCun), Nimble]|M6",Sergeant,Cavalry Spear,Targe Shield,Cloth,,False,25,"Nimble,Immune Blocked,Parry",1600,,False,Academy|Blacksmith|Carpentry|Conditioning Field|Furnace|Joinery|Levy Hall|Stable|War College,6,9
"Sgt/Halberd/Leather [(RInd, EProw, NPie, NCun), Nimble]|M6",Sergeant,Halberd,,Leather,,False,25,"Nimble,Immune Blocked,Parry",1600,,False,Academy|Animal Husbandry|Blacksmith|Conditioning Field|Furnace|Levy Hall|Stable|Tannery|War College,6,9
"Sgt/Lance/Buckler/Cloth [(EInd, EProw, NPie, RCun), Nimble, Poison]|M6",Sergeant,Lance,Buckler Shield,Cloth,,False,25,"Parry,Nimble,Immune Blocked,Poison",1500,,False,Academy|Alchemy|Blacksmith|Carpentry|Conditioning Field|Forge|Furnace|Joinery|Levy Hall|Toxicarium|War College,6,15
"Sgt/Pitchfork/Cloth [(NInd, EProw, EPie, RCun), Enduring, Nimble, Poison, Rec 6, Recover 7, Recover 8, Shake+1]|M6",Sergeant,Pitchfork,,Cloth,,False,25,"Recover 6,Poison,Shake +1,Nimble,Parry,Recover 7,Enduring,Recover 8,Immune Blocked",1600,,False,Academy|Alchemy|Apothecary|Conditioning Field|Herb Garden|Hospitaller|Infirmary|Levy Hall|Toxicarium|War College,6,15
"Sgt/Daggers/Chain [(RInd, EProw, NPie, NCun), Nimble]|M6",Sergeant,Daggers,,Chainmail,,False,25,"Nimble,Immune Blocked,Parry",1400,,False,Academy|Animal Husbandry|Armory|Blacksmith|Conditioning Field|Furnace|Levy Hall|Stable|Tannery|War College,6,9
"Sgt/Flail/Kite/Leather [(RInd, EProw, NPie, NCun), Nimble]|M6",Sergeant,Flail,Kite Shield,Leather,,False,25,"Nimble,Immune Blocked,Parry",1200,,False,Academy|Animal Husbandry|Armory|Blacksmith|Carpentry|Conditioning Field|Furnace|Joinery|Levy Hall|Tannery|War College,6,9
"Sgt/Lance/Kite/Cloth [OuInPoI, (EInd, EProw, NPie, SCun)]|M6",Sergeant,Lance,Kite Shield,Cloth,,False,25,"confers:Strain,Immune Blocked,Outrider: once,confers:Blocked,Parry",1200,,False,Academy|Armory|Blacksmith|Carpentry|Forge|Furnace|Joinery|Levy Hall|Outrider Intercept Post|Tannery|War College,6,22
"Sgt/Flail/Tower/Leather [(EInd, EProw, NPie, NCun), Nimble]|M6",Sergeant,Flail,Tower Shield,Leather,,False,25,"Nimble,Immune Blocked,Parry",1400,,False,Academy|Animal Husbandry|Blacksmith|Carpentry|Conditioning Field|Forge|Furnace|Joinery|Levy Hall|Tannery|War College,6,12
"Sgt/Lance/Buckler/FullPlate [PrI, (EInd, EProw, SPie, NCun), Temp, Shake+1]|M6",Sergeant,Lance,Buckler Shield,Full Plate,,False,25,"Immune Blocked,Planishing,Resolute,Shake +1,Parry",1200,,False,Academy|Animal Husbandry|Armory|Blacksmith|Carpentry|Forge|Furnace|Gilded Foundry|Joinery|Levy Hall|Preceptory|Tannery|War College,6,22
"Sgt/Cavalry Spear/Kite/FullPlate [(EInd, EProw, NPie, NCun), Nimble, Temp]|M6",Sergeant,Cavalry Spear,Kite Shield,Full Plate,,False,25,"Nimble,Immune Blocked,Planishing,Parry",1200,,False,Academy|Animal Husbandry|Armory|Blacksmith|Carpentry|Conditioning Field|Furnace|Gilded Foundry|Joinery|Levy Hall|Tannery|War College,6,12
"Sgt/Flail/Tower/Chain [(EInd, EProw, NPie, NCun), Nimble]|M6",Sergeant,Flail,Tower Shield,Chainmail,,False,25,"Nimble,Immune Blocked,Parry",1200,,False,Academy|Animal Husbandry|Armory|Blacksmith|Carpentry|Conditioning Field|Forge|Furnace|Joinery|Levy Hall|Tannery|War College,6,12
"Sgt/Cavalry Spear/Kite/Chain [(RInd, EProw, NPie, NCun), Nimble]|M6",Sergeant,Cavalry Spear,Kite Shield,Chainmail,,False,25,"Nimble,Immune Blocked,Parry",1200,,False,Academy|Animal Husbandry|Armory|Blacksmith|Carpentry|Conditioning Field|Furnace|Joinery|Levy Hall|Tannery|War College,6,9
"Sgt/Flail/Kite/Cloth [MiMiStI, (RInd, SProw, NPie, NCun)]|M6",Sergeant,Flail,Kite Shield,Cloth,,False,25,"Init +1,Immune Blocked,MaxInit3,Seize: first,Parry",1200,,False,Academy|Armory|Blacksmith|Carpentry|Furnace|Joinery|Levy Hall|Ministry of Military Strategy|Tannery|War College,6,13
"Sgt/FarmTools/Kite/Chain [(RInd, EProw, NPie, NCun), Nimble]|M6",Sergeant,Farm Tools,Kite Shield,Chainmail,,False,25,"Nimble,Immune Blocked,Parry",1200,,False,Academy|Animal Husbandry|Armory|Blacksmith|Carpentry|Conditioning Field|Furnace|Joinery|Levy Hall|Tannery|War College,6,9
"Sgt/Arming/Tower/FullPlate [(EInd, EProw, NPie, NCun), Nimble, Temp]|M6",Sergeant,Arming Sword,Tower Shield,Full Plate,,False,25,"Nimble,Immune Blocked,Planishing,Parry",1200,,False,Academy|Animal Husbandry|Armory|Blacksmith|Carpentry|Conditioning Field|Forge|Furnace|Gilded Foundry|Joinery|Levy Hall|Tannery|War College,6,12
"Sgt/Spears/Targe/Cloth [(RInd, EProw, NPie, RCun), Nimble, Poison]|M6",Sergeant,Spears,Targe Shield,Cloth,,False,25,"Parry,Nimble,Immune Blocked,Poison",1500,,False,Academy|Alchemy|Blacksmith|Carpentry|Conditioning Field|Furnace|Joinery|Levy Hall|Toxicarium|War College,6,12
"Sgt/ShortSword/Tower/Cloth [(EInd, EProw, NPie, RCun), Nimble, Poison]|M6",Sergeant,Short Sword,Tower Shield,Cloth,,False,25,"Parry,Nimble,Immune Blocked,Poison",1500,,False,Academy|Alchemy|Blacksmith|Carpentry|Conditioning Field|Forge|Furnace|Joinery|Levy Hall|Toxicarium|War College,6,15
"Sgt/Bastard/Tower/Chain [(EInd, EProw, NPie, NCun), Nimble]|M6",Sergeant,Bastard Sword,Tower Shield,Chainmail,,False,25,"Nimble,Immune Blocked,Parry",1200,,False,Academy|Animal Husbandry|Armory|Blacksmith|Carpentry|Conditioning Field|Forge|Furnace|Joinery|Levy Hall|Tannery|War College,6,12
"Sgt/2HBastard/Chain [(EInd, EProw, NPie, NCun), Nimble]|M6",Sergeant,2HBastard,,Chainmail,,False,25,"Nimble,Immune Blocked,Parry",600,,False,Academy|Animal Husbandry|Armory|Blacksmith|Butchery|Conditioning Field|Forge|Furnace|Levy Hall|Tannery|War College,6,12
"Sgt/2HBastard/FullPlate [(EInd, EProw, NPie, NCun), Nimble, Temp]|M6",Sergeant,2HBastard,,Full Plate,,False,25,"Nimble,Immune Blocked,Planishing,Parry",600,,False,Academy|Animal Husbandry|Armory|Blacksmith|Butchery|Conditioning Field|Forge|Furnace|Gilded Foundry|Levy Hall|Tannery|War College,6,12
"Sgt/Arming/Kite/Leather [(RInd, EProw, NPie, NCun), Nimble]|M6",Sergeant,Arming Sword,Kite Shield,Leather,,False,25,"Nimble,Immune Blocked,Parry",1200,,False,Academy|Animal Husbandry|Armory|Blacksmith|Carpentry|Conditioning Field|Furnace|Joinery|Levy Hall|Tannery|War College,6,9
"Sgt/Cudgel/Leather [(NInd, EProw, NPie, NCun), Nimble, Recover 8]|M6",Sergeant,Cudgel,,Leather,,False,25,"Recover 8,Nimble,Immune Blocked,Parry",1600,,False,Academy|Animal Husbandry|Apothecary|Conditioning Field|Herb Garden|Levy Hall|Tannery|War College,6,6
"Sgt/ShortSword/Targe/Cloth [(RInd, EProw, NPie, NCun), Nimble]|M6",Sergeant,Short Sword,Targe Shield,Cloth,,False,25,"Nimble,Immune Blocked,Parry",1600,,False,Academy|Blacksmith|Carpentry|Conditioning Field|Furnace|Joinery|Levy Hall|Stable|War College,6,9
"Sgt/Flail/Kite/FullPlate [(EInd, EProw, NPie, NCun), Nimble, Temp]|M6",Sergeant,Flail,Kite Shield,Full Plate,,False,25,"Nimble,Immune Blocked,Planishing,Parry",1200,,False,Academy|Animal Husbandry|Armory|Blacksmith|Carpentry|Conditioning Field|Furnace|Gilded Foundry|Joinery|Levy Hall|Tannery|War College,6,12
"Sgt/FarmTools/Tower/Chain [PrI, (EInd, EProw, SPie, NCun), Shake+1]|M6",Sergeant,Farm Tools,Tower Shield,Chainmail,,False,25,"Resolute,Shake +1,Immune Blocked,Parry",1200,,False,Academy|Animal Husbandry|Armory|Blacksmith|Carpentry|Forge|Furnace|Joinery|Levy Hall|Preceptory|Tannery|War College,6,22
"Sgt/Pike/Cloth [PrI, (RInd, EProw, SPie, NCun), Recover 8, Shake+1]|M6",Sergeant,Pike,,Cloth,,False,25,"Immune Blocked,Resolute,Shake +1,Recover 8,Parry",1800,,False,Academy|Apothecary|Blacksmith|Furnace|Herb Garden|Levy Hall|Preceptory|War College,6,19
"Sgt/Cavalry Spear/Targe/FullPlate [(EInd, EProw, NPie, NCun), Nimble, Temp]|M6",Sergeant,Cavalry Spear,Targe Shield,Full Plate,,False,25,"Nimble,Immune Blocked,Planishing,Parry",1200,,False,Academy|Animal Husbandry|Armory|Blacksmith|Carpentry|Conditioning Field|Furnace|Gilded Foundry|Joinery|Levy Hall|Tannery|War College,6,12
"Sgt/Flail/Kite/Chain [(RInd, EProw, NPie, NCun), Nimble, Parry +1, Riposte]|M6",Sergeant,Flail,Kite Shield,Chainmail,,False,25,"Parry +1,Riposte,Nimble,Immune Blocked,Parry",1200,,False,Academy|Animal Husbandry|Armory|Blacksmith|Carpentry|Coliseum|Conditioning Field|Furnace|Grand Tournament|Joinery|Levy Hall|Tannery|War College,6,9
"Sgt/Spears/Tower/Cloth [(EInd, EProw, NPie, RCun), Nimble, Parry +1, Poison, Riposte]|M6",Sergeant,Spears,Tower Shield,Cloth,,False,25,"Parry +1,Riposte,Poison,Immune Blocked,Nimble,Parry",1500,,False,Academy|Alchemy|Blacksmith|Carpentry|Coliseum|Conditioning Field|Forge|Furnace|Grand Tournament|Joinery|Levy Hall|Toxicarium|War College,6,15
"Sgt/Arming/Tower/FullPlate [(EInd, EProw, NPie, NCun), Nimble, Parry +1, Temp, Riposte]|M6",Sergeant,Arming Sword,Tower Shield,Full Plate,,False,25,"Parry +1,Immune Blocked,Riposte,Planishing,Nimble,Parry",1200,,False,Academy|Animal Husbandry|Armory|Blacksmith|Carpentry|Coliseum|Conditioning Field|Forge|Furnace|Gilded Foundry|Grand Tournament|Joinery|Levy Hall|Tannery|War College,6,12
"Sgt/Halberd/Leather [(EInd, EProw, NPie, NCun), Nimble, Serr]|M6",Sergeant,Halberd,,Leather,,False,25,"Nimble,Serrated,Immune Blocked,Parry",1400,,False,Academy|Animal Husbandry|Blacksmith|Conditioning Field|Furnace|Levy Hall|Master Workshop|Tannery|War College,6,12
"Sgt/FarmTools/Targe/Chain [(RInd, EProw, NPie, NCun), Nimble]|M6",Sergeant,Farm Tools,Targe Shield,Chainmail,,False,25,"Nimble,Immune Blocked,Parry",1200,,False,Academy|Animal Husbandry|Armory|Blacksmith|Carpentry|Conditioning Field|Furnace|Joinery|Levy Hall|Tannery|War College,6,9
"Sgt/Lance/Buckler/FullPlate [(EInd, EProw, NPie, NCun), Nimble, Parry +1, Temp, Riposte]|M6",Sergeant,Lance,Buckler Shield,Full Plate,,False,25,"Parry +1,Immune Blocked,Riposte,Planishing,Nimble,Parry",1200,,False,Academy|Animal Husbandry|Armory|Blacksmith|Carpentry|Coliseum|Conditioning Field|Forge|Furnace|Gilded Foundry|Grand Tournament|Joinery|Levy Hall|Tannery|War College,6,12
"Sgt/Lance/Kite/FullPlate [(EInd, EProw, NPie, NCun), Nimble, Parry +1, Temp, Riposte]|M6",Sergeant,Lance,Kite Shield,Full Plate,,False,25,"Parry +1,Immune Blocked,Riposte,Planishing,Nimble,Parry",1200,,False,Academy|Animal Husbandry|Armory|Blacksmith|Carpentry|Coliseum|Conditioning Field|Forge|Furnace|Gilded Foundry|Grand Tournament|Joinery|Levy Hall|Tannery|War College,6,12
"Sgt/Pitchfork/Leather [MiMiStM, (NInd, SProw, NPie, NCun), Recover 8]|M6",Sergeant,Pitchfork,,Leather,,False,25,"Drilled,Init +1,Immune Blocked,MaxInit3,Recover 8,Seize: first,Parry",1600,,False,Academy|Animal Husbandry|Apothecary|Herb Garden|Levy Hall|Ministry of Military Strategy|Tannery|University|War College,6,10
"Sgt/Halberd/FullPlate [(EInd, EProw, NPie, NCun), Nimble, Temp, Serr]|M6",Sergeant,Halberd,,Full Plate,,False,25,"Serrated,Immune Blocked,Planishing,Nimble,Parry",1200,,False,Academy|Animal Husbandry|Armory|Blacksmith|Conditioning Field|Furnace|Gilded Foundry|Levy Hall|Master Workshop|Tannery|War College,6,12
"Sgt/Lance/Kite/Leather [(EInd, EProw, NPie, NCun), Nimble]|M6",Sergeant,Lance,Kite Shield,Leather,,False,25,"Nimble,Immune Blocked,Parry",1200,,False,Academy|Animal Husbandry|Armory|Blacksmith|Carpentry|Conditioning Field|Forge|Furnace|Joinery|Levy Hall|Tannery|War College,6,12
"Sgt/Bastard/Tower/FullPlate [(EInd, EProw, NPie, NCun), Nimble, Temp]|M6",Sergeant,Bastard Sword,Tower Shield,Full Plate,,False,25,"Nimble,Immune Blocked,Planishing,Parry",1200,,False,Academy|Animal Husbandry|Armory|Blacksmith|Carpentry|Conditioning Field|Forge|Furnace|Gilded Foundry|Joinery|Levy Hall|Tannery|War College,6,12
"Sgt/Cudgel/Chain [(RInd, EProw, NPie, RCun), Nimble, Poison]|M6",Sergeant,Cudgel,,Chainmail,,False,25,"Parry,Nimble,Immune Blocked,Poison",1300,,False,Academy|Alchemy|Animal Husbandry|Armory|Blacksmith|Conditioning Field|Furnace|Levy Hall|Tannery|Toxicarium|War College,6,12
"Sgt/FarmTools/Tower/Chain [(EInd, EProw, NPie, NCun), Nimble]|M6",Sergeant,Farm Tools,Tower Shield,Chainmail,,False,25,"Nimble,Immune Blocked,Parry",1200,,False,Academy|Animal Husbandry|Armory|Blacksmith|Carpentry|Conditioning Field|Forge|Furnace|Joinery|Levy Hall|Tannery|War College,6,12
"Sgt/Cavalry Spear/Buckler/Chain [(RInd, EProw, NPie, NCun), Nimble, Parry +1, Riposte]|M6",Sergeant,Cavalry Spear,Buckler Shield,Chainmail,,False,25,"Parry +1,Riposte,Nimble,Immune Blocked,Parry",1200,,False,Academy|Animal Husbandry|Armory|Blacksmith|Carpentry|Coliseum|Conditioning Field|Furnace|Grand Tournament|Joinery|Levy Hall|Tannery|War College,6,9
"Sgt/Daggers/Leather [MiMiStM, (EInd, SProw, NPie, NCun), Serr]|M6",Sergeant,Daggers,,Leather,,False,25,"Drilled,Serrated,Init +1,Immune Blocked,MaxInit3,Seize: first,Parry",1400,,False,Academy|Animal Husbandry|Blacksmith|Furnace|Levy Hall|Master Workshop|Ministry of Military Strategy|Tannery|University|War College,6,16
"Sgt/ShortSword/Kite/Cloth [RoPaI, (RInd, SProw, NPie, NCun)]|M6",Sergeant,Short Sword,Kite Shield,Cloth,,False,25,"Parry,Parry +1,Immune Blocked,Immune Strain",1200,,False,Academy|Armory|Blacksmith|Carpentry|Furnace|Joinery|Levy Hall|Royal Pavilion|Tannery|War College,6,13
"Sgt/FarmTools/Buckler/Leather [(RInd, EProw, NPie, NCun), Nimble]|M6",Sergeant,Farm Tools,Buckler Shield,Leather,,False,25,"Nimble,Immune Blocked,Parry",1400,,False,Academy|Animal Husbandry|Carpentry|Conditioning Field|Joinery|Levy Hall|Stable|Tannery|War College,6,9
"Sgt/Spears/Kite/Leather [(RInd, EProw, NPie, NCun), Nimble]|M6",Sergeant,Spears,Kite Shield,Leather,,False,25,"Nimble,Immune Blocked,Parry",1200,,False,Academy|Animal Husbandry|Armory|Blacksmith|Carpentry|Conditioning Field|Furnace|Joinery|Levy Hall|Tannery|War College,6,9
"Sgt/Morningstar/Tower/FullPlate [(EInd, EProw, NPie, NCun), Nimble, Parry +1, Temp, Riposte]|M6",Sergeant,Morningstar,Tower Shield,Full Plate,,False,25,"Parry +1,Immune Blocked,Riposte,Planishing,Nimble,Parry",1200,,False,Academy|Animal Husbandry|Armory|Blacksmith|Carpentry|Coliseum|Conditioning Field|Forge|Furnace|Gilded Foundry|Grand Tournament|Joinery|Levy Hall|Tannery|War College,6,12
"Sgt/Spears/Tower/Chain [(EInd, EProw, NPie, NCun), Nimble]|M6",Sergeant,Spears,Tower Shield,Chainmail,,False,25,"Nimble,Immune Blocked,Parry",1200,,False,Academy|Animal Husbandry|Armory|Blacksmith|Carpentry|Conditioning Field|Forge|Furnace|Joinery|Levy Hall|Tannery|War College,6,12
"Sgt/BattleAxe/Chain [(EInd, EProw, NPie, NCun), Nimble, Serr]|M6",Sergeant,Battle Axe,,Chainmail,,False,25,"Nimble,Serrated,Immune Blocked,Parry",1200,,False,Academy|Animal Husbandry|Armory|Blacksmith|Conditioning Field|Furnace|Levy Hall|Master Workshop|Tannery|War College,6,12
"Sgt/Lance/Buckler/Chain [(EInd, EProw, NPie, NCun), Nimble]|M6",Sergeant,Lance,Buckler Shield,Chainmail,,False,25,"Nimble,Immune Blocked,Parry",1200,,False,Academy|Animal Husbandry|Armory|Blacksmith|Carpentry|Conditioning Field|Forge|Furnace|Joinery|Levy Hall|Tannery|War College,6,12
"Sgt/Morningstar/Tower/Cloth [MiMiStM, (EInd, SProw, NPie, RCun), Poison]|M6",Sergeant,Morningstar,Tower Shield,Cloth,,False,25,"Drilled,Init +1,Immune Blocked,Poison,MaxInit3,Seize: first,Parry",1500,,False,Academy|Alchemy|Blacksmith|Carpentry|Forge|Furnace|Joinery|Levy Hall|Ministry of Military Strategy|Toxicarium|University|War College,6,19
"Sgt/Cudgel/Cloth [(NInd, EProw, EPie, NCun), Enduring, Nimble, Rec 6, Recover 7, Recover 8, Shake+1]|M6",Sergeant,Cudgel,,Cloth,,False,25,"Recover 6,Shake +1,Nimble,Parry,Recover 7,Enduring,Recover 8,Immune Blocked",1700,,False,Academy|Alchemy|Apothecary|Conditioning Field|Herb Garden|Hospitaller|Infirmary|Levy Hall|Stable|War College,6,12
"Sgt/Spears/Tower/Cloth [PrI, (EInd, EProw, SPie, NCun), Serr, Shake+1]|M6",Sergeant,Spears,Tower Shield,Cloth,,False,25,"Serrated,Immune Blocked,Resolute,Shake +1,Parry",1400,,False,Academy|Blacksmith|Carpentry|Forge|Furnace|Joinery|Levy Hall|Master Workshop|Preceptory|War College,6,22
"Sgt/Cavalry Spear/Kite/Cloth [PrI, (RInd, EProw, SPie, NCun), Shake+1]|M6",Sergeant,Cavalry Spear,Kite Shield,Cloth,,False,25,"Resolute,Shake +1,Immune Blocked,Parry",1200,,False,Academy|Armory|Blacksmith|Carpentry|Furnace|Joinery|Levy Hall|Preceptory|Tannery|War College,6,19
"Sgt/Daggers/Chain [(RInd, EProw, NPie, RCun), Nimble, Poison]|M6",Sergeant,Daggers,,Chainmail,,False,25,"Parry,Nimble,Immune Blocked,Poison",1300,,False,Academy|Alchemy|Animal Husbandry|Armory|Blacksmith|Conditioning Field|Furnace|Levy Hall|Tannery|Toxicarium|War College,6,12
"Sgt/ShortSword/Kite/Leather [MiMiStM, (RInd, SProw, NPie, NCun)]|M6",Sergeant,Short Sword,Kite Shield,Leather,,False,25,"Drilled,Init +1,Immune Blocked,MaxInit3,Seize: first,Parry",1200,,False,Academy|Animal Husbandry|Armory|Blacksmith|Carpentry|Furnace|Joinery|Levy Hall|Ministry of Military Strategy|Tannery|University|War College,6,13
"Sgt/FarmTools/Buckler/FullPlate [MiMiStM, (EInd, SProw, NPie, NCun), Temp]|M6",Sergeant,Farm Tools,Buckler Shield,Full Plate,,False,25,"Drilled,Init +1,Immune Blocked,Planishing,MaxInit3,Seize: first,Parry",1200,,False,Academy|Animal Husbandry|Armory|Blacksmith|Carpentry|Furnace|Gilded Foundry|Joinery|Levy Hall|Ministry of Military Strategy|Tannery|University|War College,6,16
"Sgt/FarmTools/FullPlate [(EInd, EProw, NPie, NCun), Nimble, Temp]|M6",Sergeant,Farm Tools,,Full Plate,,False,25,"Nimble,Immune Blocked,Planishing,Parry",600,,False,Academy|Animal Husbandry|Armory|Blacksmith|Butchery|Conditioning Field|Furnace|Gilded Foundry|Levy Hall|Tannery|War College,6,12
"Sgt/Cavalry Spear/Buckler/FullPlate [(EInd, EProw, NPie, NCun), Nimble, Temp]|M6",Sergeant,Cavalry Spear,Buckler Shield,Full Plate,,False,25,"Nimble,Immune Blocked,Planishing,Parry",1200,,False,Academy|Animal Husbandry|Armory|Blacksmith|Carpentry|Conditioning Field|Furnace|Gilded Foundry|Joinery|Levy Hall|Tannery|War College,6,12
"Sgt/FarmTools/Tower/FullPlate [(EInd, EProw, NPie, NCun), Nimble, Temp]|M6",Sergeant,Farm Tools,Tower Shield,Full Plate,,False,25,"Nimble,Immune Blocked,Planishing,Parry",1200,,False,Academy|Animal Husbandry|Armory|Blacksmith|Carpentry|Conditioning Field|Forge|Furnace|Gilded Foundry|Joinery|Levy Hall|Tannery|War College,6,12
"Sgt/Morningstar/Tower/Leather [(EInd, EProw, NPie, NCun), Nimble, Parry +1, Riposte]|M6",Sergeant,Morningstar,Tower Shield,Leather,,False,25,"Parry +1,Riposte,Nimble,Immune Blocked,Parry",1400,,False,Academy|Animal Husbandry|Blacksmith|Carpentry|Coliseum|Conditioning Field|Forge|Furnace|Grand Tournament|Joinery|Levy Hall|Tannery|War College,6,12
"Sgt/WarHammer/Cloth [(EInd, EProw, NPie, NCun), Nimble, Recover 8]|M6",Sergeant,War Hammer,,Cloth,,False,25,"Recover 8,Nimble,Immune Blocked,Parry",1800,,False,Academy|Apothecary|Blacksmith|Conditioning Field|Forge|Furnace|Herb Garden|Levy Hall|War College,6,12
"Sgt/Pike/FullPlate [PrI, (EInd, EProw, SPie, NCun), Temp, Shake+1]|M6",Sergeant,Pike,,Full Plate,,False,25,"Immune Blocked,Planishing,Resolute,Shake +1,Parry",600,,False,Academy|Animal Husbandry|Armory|Blacksmith|Butchery|Furnace|Gilded Foundry|Levy Hall|Preceptory|Tannery|War College,6,22
"Sgt/Lance/Buckler/FullPlate [(EInd, EProw, NPie, NCun), Nimble, Temp]|M6",Sergeant,Lance,Buckler Shield,Full Plate,,False,25,"Nimble,Immune Blocked,Planishing,Parry",1200,,False,Academy|Animal Husbandry|Armory|Blacksmith|Carpentry|Conditioning Field|Forge|Furnace|Gilded Foundry|Joinery|Levy Hall|Tannery|War College,6,12
"Sgt/FarmTools/Chain [(RInd, EProw, NPie, NCun), Nimble, Parry +1, Riposte]|M6",Sergeant,Farm Tools,,Chainmail,,False,25,"Parry +1,Riposte,Nimble,Immune Blocked,Parry",600,,False,Academy|Animal Husbandry|Armory|Blacksmith|Butchery|Coliseum|Conditioning Field|Furnace|Grand Tournament|Levy Hall|Tannery|War College,6,9
"Sgt/Cavalry Spear/Buckler/Cloth [(RInd, EProw, NPie, NCun), Nimble]|M6",Sergeant,Cavalry Spear,Buckler Shield,Cloth,,False,25,"Nimble,Immune Blocked,Parry",1600,,False,Academy|Blacksmith|Carpentry|Conditioning Field|Furnace|Joinery|Levy Hall|Stable|War College,6,9
"Sgt/Arming/Kite/Chain [(RInd, EProw, NPie, NCun), Nimble]|M6",Sergeant,Arming Sword,Kite Shield,Chainmail,,False,25,"Nimble,Immune Blocked,Parry",1200,,False,Academy|Animal Husbandry|Armory|Blacksmith|Carpentry|Conditioning Field|Furnace|Joinery|Levy Hall|Tannery|War College,6,9
"Sgt/Spears/Targe/Leather [MiMiStM, (RInd, SProw, NPie, NCun)]|M6",Sergeant,Spears,Targe Shield,Leather,,False,25,"Drilled,Init +1,Immune Blocked,MaxInit3,Seize: first,Parry",1400,,False,Academy|Animal Husbandry|Blacksmith|Carpentry|Furnace|Joinery|Levy Hall|Ministry of Military Strategy|Tannery|University|War College,6,13
"Sgt/Cavalry Spear/Targe/Chain [(RInd, EProw, NPie, NCun), Nimble]|M6",Sergeant,Cavalry Spear,Targe Shield,Chainmail,,False,25,"Nimble,Immune Blocked,Parry",1200,,False,Academy|Animal Husbandry|Armory|Blacksmith|Carpentry|Conditioning Field|Furnace|Joinery|Levy Hall|Tannery|War College,6,9
"Sgt/ShortSword/Tower/Leather [(EInd, EProw, NPie, NCun), Nimble]|M6",Sergeant,Short Sword,Tower Shield,Leather,,False,25,"Nimble,Immune Blocked,Parry",1400,,False,Academy|Animal Husbandry|Blacksmith|Carpentry|Conditioning Field|Forge|Furnace|Joinery|Levy Hall|Tannery|War College,6,12
"Sgt/Halberd/Cloth [(RInd, EProw, NPie, NCun), Nimble, Recover 8]|M6",Sergeant,Halberd,,Cloth,,False,25,"Recover 8,Nimble,Immune Blocked,Parry",1800,,False,Academy|Apothecary|Blacksmith|Conditioning Field|Furnace|Herb Garden|Levy Hall|War College,6,9
"Sgt/Spears/Kite/Leather [RoPaI, (RInd, SProw, NPie, NCun)]|M6",Sergeant,Spears,Kite Shield,Leather,,False,25,"Parry,Parry +1,Immune Blocked,Immune Strain",1200,,False,Academy|Animal Husbandry|Armory|Blacksmith|Carpentry|Furnace|Joinery|Levy Hall|Royal Pavilion|Tannery|War College,6,13
"Sgt/Lance/Buckler/Chain [(EInd, EProw, NPie, NCun), Nimble, Parry +1, Riposte]|M6",Sergeant,Lance,Buckler Shield,Chainmail,,False,25,"Parry +1,Riposte,Nimble,Immune Blocked,Parry",1200,,False,Academy|Animal Husbandry|Armory|Blacksmith|Carpentry|Coliseum|Conditioning Field|Forge|Furnace|Grand Tournament|Joinery|Levy Hall|Tannery|War College,6,12
"Sgt/Daggers/FullPlate [(EInd, EProw, NPie, NCun), Nimble, Temp, Serr]|M6",Sergeant,Daggers,,Full Plate,,False,25,"Serrated,Immune Blocked,Planishing,Nimble,Parry",1200,,False,Academy|Animal Husbandry|Armory|Blacksmith|Conditioning Field|Furnace|Gilded Foundry|Levy Hall|Master Workshop|Tannery|War College,6,12
"Sgt/Cudgel/Cloth [PrI, (NInd, EProw, SPie, RCun), Enduring, Poison, Rec 6, Recover 7, Recover 8, Shake+1]|M6",Sergeant,Cudgel,,Cloth,,False,25,"Recover 6,Poison,Resolute,Shake +1,Parry,Recover 7,Enduring,Recover 8,Immune Blocked",1600,,False,Academy|Alchemy|Apothecary|Herb Garden|Hospitaller|Infirmary|Levy Hall|Preceptory|Toxicarium|War College,6,19
"Sgt/Spears/Targe/Cloth [(RInd, EProw, NPie, NCun), Nimble]|M6",Sergeant,Spears,Targe Shield,Cloth,,False,25,"Nimble,Immune Blocked,Parry",1600,,False,Academy|Blacksmith|Carpentry|Conditioning Field|Furnace|Joinery|Levy Hall|Stable|War College,6,9
"Sgt/Bastard/Tower/Cloth [MiMiStI, (EInd, SProw, NPie, NCun)]|M6",Sergeant,Bastard Sword,Tower Shield,Cloth,,False,25,"Init +1,Immune Blocked,MaxInit3,Seize: first,Parry",1600,,False,Academy|Blacksmith|Carpentry|Forge|Furnace|Joinery|Levy Hall|Ministry of Military Strategy|Stable|War College,6,16
"Sgt/Pike/Chain [RoPaI, (RInd, SProw, NPie, NCun)]|M6",Sergeant,Pike,,Chainmail,,False,25,"Parry,Parry +1,Immune Blocked,Immune Strain",1400,,False,Academy|Animal Husbandry|Armory|Blacksmith|Furnace|Levy Hall|Royal Pavilion|Stable|Tannery|War College,6,13
"Sgt/Cavalry Spear/Kite/Leather [RoPaI, (RInd, SProw, NPie, NCun)]|M6",Sergeant,Cavalry Spear,Kite Shield,Leather,,False,25,"Parry,Parry +1,Immune Blocked,Immune Strain",1200,,False,Academy|Animal Husbandry|Armory|Blacksmith|Carpentry|Furnace|Joinery|Levy Hall|Royal Pavilion|Tannery|War College,6,13
"Sgt/Spears/Tower/Leather [(EInd, EProw, NPie, NCun), Nimble]|M6",Sergeant,Spears,Tower Shield,Leather,,False,25,"Nimble,Immune Blocked,Parry",1400,,False,Academy|Animal Husbandry|Blacksmith|Carpentry|Conditioning Field|Forge|Furnace|Joinery|Levy Hall|Tannery|War College,6,12
"Sgt/ShortSword/Kite/Leather [PrI, (RInd, EProw, SPie, NCun), Shake+1]|M6",Sergeant,Short Sword,Kite Shield,Leather,,False,25,"Resolute,Shake +1,Immune Blocked,Parry",1200,,False,Academy|Animal Husbandry|Armory|Blacksmith|Carpentry|Furnace|Joinery|Levy Hall|Preceptory|Tannery|War College,6,19
"Sgt/Cudgel/FullPlate [MiMiStM, (EInd, SProw, NPie, NCun), Temp]|M6",Sergeant,Cudgel,,Full Plate,,False,25,"Drilled,Init +1,Immune Blocked,Planishing,MaxInit3,Seize: first,Parry",1400,,False,Academy|Animal Husbandry|Armory|Blacksmith|Furnace|Gilded Foundry|Levy Hall|Ministry of Military Strategy|Stable|Tannery|University|War College,6,16
"Sgt/Pitchfork/Chain [(RInd, EProw, NPie, NCun), Nimble, Recover 8]|M7",Sergeant,Pitchfork,,Chainmail,,False,25,"Recover 8,Nimble,Immune Blocked,Parry",1400,,False,Academy|Animal Husbandry|Apothecary|Armory|Blacksmith|Conditioning Field|Furnace|Herb Garden|Levy Hall|Tannery|War College,7,9
"Sgt/Flail/Tower/FullPlate [(EInd, EProw, NPie, NCun), Nimble, Temp, Serr]|M7",Sergeant,Flail,Tower Shield,Full Plate,,False,25,"Serrated,Immune Blocked,Planishing,Nimble,Parry",1000,,False,Academy|Animal Husbandry|Armory|Blacksmith|Carpentry|Conditioning Field|Forge|Furnace|Gilded Foundry|Joinery|Levy Hall|Master Workshop|Tannery|War College,7,12
"Sgt/Lance/Targe/Leather [(EInd, EProw, NPie, NCun), Nimble]|M7",Sergeant,Lance,Targe Shield,Leather,,False,25,"Nimble,Immune Blocked,Parry",1400,,False,Academy|Animal Husbandry|Blacksmith|Carpentry|Conditioning Field|Forge|Furnace|Joinery|Levy Hall|Stable|Tannery|War College,7,12
"Sgt/Pitchfork/Cloth [(NInd, EProw, EPie, RCun), Enduring, Nimble, Poison, Rec 6, Recover 7, Recover 8, Shake+1]|M7",Sergeant,Pitchfork,,Cloth,,False,25,"Recover 6,Poison,Shake +1,Nimble,Parry,Recover 7,Enduring,Recover 8,Immune Blocked",1600,,False,Academy|Alchemy|Apothecary|Conditioning Field|Herb Garden|Hospitaller|Infirmary|Levy Hall|Stable|Toxicarium|War College,7,15
"Sgt/Spears+Crossbow/Cloth (TY) [(EInd, EProw, NPie, NCun), Florentine, ImmU, Nimble]|M7",Sergeant,Spears,,Cloth,Crossbow,True,25,"Florentine,Immune Unwieldy,Nimble,Immune Blocked,Parry",1600,,False,Academy|Blacksmith|Carpentry|Coliseum|Conditioning Field|Fletchery|Forge|Furnace|Levy Hall|Tiltyard|War College,7,12
"Sgt/Cavalry Spear/Targe/Cloth [(RInd, EProw, NPie, NCun), Nimble, Recover 8]|M7",Sergeant,Cavalry Spear,Targe Shield,Cloth,,False,25,"Recover 8,Nimble,Immune Blocked,Parry",1600,,False,Academy|Apothecary|Blacksmith|Carpentry|Conditioning Field|Furnace|Herb Garden|Joinery|Levy Hall|War College,7,9
"Sgt/Cudgel/Chain [(RInd, EProw, NPie, NCun), Nimble, Recover 8]|M7",Sergeant,Cudgel,,Chainmail,,False,25,"Recover 8,Nimble,Immune Blocked,Parry",1400,,False,Academy|Animal Husbandry|Apothecary|Armory|Blacksmith|Conditioning Field|Furnace|Herb Garden|Levy Hall|Tannery|War College,7,9
"Sgt/Halberd+HuntBow/Cloth (TY) [(RInd, EProw, NPie, NCun), Florentine, ImmU, Nimble, Parry +1, Riposte]|M7",Sergeant,Halberd,,Cloth,Hunting Bow,True,25,"Florentine,Parry +1,Riposte,Immune Blocked,Nimble,Parry,Immune Unwieldy",1600,,False,Academy|Blacksmith|Carpentry|Coliseum|Conditioning Field|Fletchery|Furnace|Grand Tournament|Levy Hall|Tiltyard|War College,7,9
"Sgt/ShortSword/Kite/FullPlate [(EInd, EProw, NPie, NCun), Nimble, Temp]|M7",Sergeant,Short Sword,Kite Shield,Full Plate,,False,25,"Nimble,Immune Blocked,Planishing,Parry",1200,,False,Academy|Animal Husbandry|Armory|Blacksmith|Carpentry|Conditioning Field|Furnace|Gilded Foundry|Joinery|Levy Hall|Stable|Tannery|War College,7,12
"Sgt/WarHammer/Leather [(EInd, EProw, NPie, NCun), Nimble, Recover 8]|M7",Sergeant,War Hammer,,Leather,,False,25,"Recover 8,Nimble,Immune Blocked,Parry",1600,,False,Academy|Animal Husbandry|Apothecary|Blacksmith|Conditioning Field|Forge|Furnace|Herb Garden|Levy Hall|Tannery|War College,7,12
"Sgt/2HBastard+Javelin/Cloth (TY) [(EInd, EProw, NPie, NCun), Florentine, ImmU, Nimble]|M7",Sergeant,2HBastard,,Cloth,Javelin,True,25,"Florentine,Immune Unwieldy,Nimble,Immune Blocked,Parry",1600,,False,Academy|Blacksmith|Carpentry|Coliseum|Conditioning Field|Fletchery|Forge|Furnace|Levy Hall|Tiltyard|War College,7,12
"Sgt/Arming+Longbow/Tower/Cloth (TY) [(EInd, EProw, NPie, NCun), Florentine, ImmU, Nimble]|M7",Sergeant,Arming Sword,Tower Shield,Cloth,Longbow,True,25,"Florentine,Immune Unwieldy,Nimble,Immune Blocked,Parry",1400,,False,Academy|Blacksmith|Carpentry|Coliseum|Conditioning Field|Fletchery|Forge|Furnace|Joinery|Levy Hall|Tiltyard|War College,7,12
"Sgt/2HBastard/Cloth [(EInd, EProw, EPie, NCun), Enduring, Nimble, Rec 6, Recover 7, Recover 8, Shake+1]|M7",Sergeant,2HBastard,,Cloth,,False,25,"Recover 6,Shake +1,Nimble,Parry,Recover 7,Enduring,Recover 8,Immune Blocked",1700,,False,Academy|Alchemy|Apothecary|Blacksmith|Conditioning Field|Forge|Furnace|Herb Garden|Hospitaller|Infirmary|Levy Hall|Stable|War College,7,18
"Sgt/Lance/Kite/Leather [(EInd, EProw, NPie, NCun), Nimble, Serr]|M7",Sergeant,Lance,Kite Shield,Leather,,False,25,"Nimble,Serrated,Immune Blocked,Parry",1000,,False,Academy|Animal Husbandry|Armory|Blacksmith|Carpentry|Conditioning Field|Forge|Furnace|Joinery|Levy Hall|Master Workshop|Tannery|War College,7,12
"Sgt/ShortSword+Crossbow/Tower/Cloth (TY) [(EInd, EProw, NPie, NCun), Florentine, ImmU, Nimble]|M7",Sergeant,Short Sword,Tower Shield,Cloth,Crossbow,True,25,"Florentine,Immune Unwieldy,Nimble,Immune Blocked,Parry",1400,,False,Academy|Blacksmith|Carpentry|Coliseum|Conditioning Field|Fletchery|Forge|Furnace|Joinery|Levy Hall|Tiltyard|War College,7,12
"Sgt/FarmTools/Buckler/Cloth [(RInd, EProw, EPie, NCun), Enduring, Nimble, Rec 6, Recover 7, Recover 8, Shake+1]|M7",Sergeant,Farm Tools,Buckler Shield,Cloth,,False,25,"Recover 6,Shake +1,Nimble,Parry,Recover 7,Enduring,Recover 8,Immune Blocked",1500,,False,Academy|Alchemy|Apothecary|Carpentry|Conditioning Field|Herb Garden|Hospitaller|Infirmary|Joinery|Levy Hall|Stable|War College,7,15
"Sgt/Spears+HuntBow/Tower/Cloth (TY) [(EInd, EProw, NPie, NCun), Florentine, ImmU, Nimble]|M7",Sergeant,Spears,Tower Shield,Cloth,Hunting Bow,True,25,"Florentine,Immune Unwieldy,Nimble,Immune Blocked,Parry",1400,,False,Academy|Blacksmith|Carpentry|Coliseum|Conditioning Field|Fletchery|Forge|Furnace|Joinery|Levy Hall|Tiltyard|War College,7,12
"Sgt/Arming+Longbow/Tower/Cloth (TY) [RoPaM, (EInd, SProw, NPie, NCun), Florentine, ImmU, Nimble, Riposte]|M7",Sergeant,Arming Sword,Tower Shield,Cloth,Longbow,True,25,"Strike +1,Florentine,Nimble,Parry,Parry +1,Riposte,Immune Strain,Crit 8,Immune Blocked,Immune Unwieldy",1400,,False,Academy|Blacksmith|Carpentry|Coliseum|Conditioning Field|Fletchery|Forge|Furnace|Grand Tournament|Joinery|Levy Hall|Royal Pavilion|Tiltyard|War College,7,16
"Sgt/ShortSword+Crossbow/Cloth (TY) [(EInd, EProw, NPie, NCun), Florentine, ImmU, Nimble]|M7",Sergeant,Short Sword,,Cloth,Crossbow,True,25,"Florentine,Immune Unwieldy,Nimble,Immune Blocked,Parry",1600,,False,Academy|Blacksmith|Carpentry|Coliseum|Conditioning Field|Fletchery|Forge|Furnace|Levy Hall|Tiltyard|War College,7,12
"Sgt/Halberd+HuntBow/Cloth (TY) [(RInd, EProw, NPie, NCun), Florentine, ImmU, Nimble]|M7",Sergeant,Halberd,,Cloth,Hunting Bow,True,25,"Florentine,Immune Unwieldy,Nimble,Immune Blocked,Parry",1600,,False,Academy|Blacksmith|Carpentry|Coliseum|Conditioning Field|Fletchery|Furnace|Levy Hall|Tiltyard|War College,7,9
"Sgt/Arming+Javelin/Tower/Cloth (TY) [(EInd, EProw, NPie, NCun), Florentine, ImmU, Nimble]|M7",Sergeant,Arming Sword,Tower Shield,Cloth,Javelin,True,25,"Florentine,Immune Unwieldy,Nimble,Immune Blocked,Parry",1400,,False,Academy|Blacksmith|Carpentry|Coliseum|Conditioning Field|Fletchery|Forge|Furnace|Joinery|Levy Hall|Tiltyard|War College,7,12
"Sgt/Arming/Tower/Leather [(EInd, EProw, NPie, RCun), Nimble, Poison]|M7",Sergeant,Arming Sword,Tower Shield,Leather,,False,25,"Parry,Nimble,Immune Blocked,Poison",1300,,False,Academy|Alchemy|Animal Husbandry|Blacksmith|Carpentry|Conditioning Field|Forge|Furnace|Joinery|Levy Hall|Tannery|Toxicarium|War College,7,15
"Sgt/Halberd/Cloth [MiMiStM, (RInd, SProw, EPie, RCun), Enduring, Poison, Rec 6, Recover 7, Recover 8, Shake+1]|M7",Sergeant,Halberd,,Cloth,,False,25,"Drilled,Recover 6,Poison,Shake +1,Parry,Recover 7,Immune Blocked,Enduring,MaxInit3,Recover 8,Seize: first,Init +1",1600,,False,Academy|Alchemy|Apothecary|Blacksmith|Furnace|Herb Garden|Hospitaller|Infirmary|Levy Hall|Ministry of Military Strategy|Toxicarium|University|War College,7,22
"Sgt/Cudgel+HuntBow/Cloth (TY) [OuInPoI, (NInd, EProw, NPie, SCun), Florentine, ImmU, Nimble]|M7",Sergeant,Cudgel,,Cloth,Hunting Bow,True,25,"Florentine,confers:Strain,Outrider: once,Nimble,confers:Blocked,Parry,Immune Blocked,Immune Unwieldy",1600,,False,Academy|Carpentry|Coliseum|Conditioning Field|Fletchery|Levy Hall|Outrider Intercept Post|Tiltyard|War College,7,16
"Sgt/Spears/Kite/Chain [(EInd, EProw, NPie, NCun), Nimble, Parry +1, Riposte, Serr]|M7",Sergeant,Spears,Kite Shield,Chainmail,,False,25,"Serrated,Parry +1,Riposte,Immune Blocked,Nimble,Parry",1000,,False,Academy|Animal Husbandry|Armory|Blacksmith|Carpentry|Coliseum|Conditioning Field|Furnace|Grand Tournament|Joinery|Levy Hall|Master Workshop|Tannery|War College,7,12
"Sgt/Cavalry Spear/Targe/FullPlate [(EInd, EProw, NPie, RCun), Nimble, Temp, Poison]|M7",Sergeant,Cavalry Spear,Targe Shield,Full Plate,,False,25,"Poison,Planishing,Nimble,Immune Blocked,Parry",1100,,False,Academy|Alchemy|Animal Husbandry|Armory|Blacksmith|Carpentry|Conditioning Field|Furnace|Gilded Foundry|Joinery|Levy Hall|Tannery|Toxicarium|War College,7,15
"Sgt/BattleAxe/Cloth [OuInPoM, (RInd, EProw, NPie, SCun), Poison]|M7",Sergeant,Battle Axe,,Cloth,,False,25,"confers:Strain,Poison,Outrider: every,confers:Blocked,Immune Blocked,Parry",1700,,False,Academy|Alchemy|Blacksmith|Caravanery|Cipher Chamber|Furnace|Levy Hall|Outrider Intercept Post|Toxicarium|War College,7,19
"Sgt/Spears/Kite/Chain [(RInd, EProw, NPie, RCun), Nimble, Poison]|M7",Sergeant,Spears,Kite Shield,Chainmail,,False,25,"Parry,Nimble,Immune Blocked,Poison",1100,,False,Academy|Alchemy|Animal Husbandry|Armory|Blacksmith|Carpentry|Conditioning Field|Furnace|Joinery|Levy Hall|Tannery|Toxicarium|War College,7,12
"Sgt/HuntBow/Cloth [(NInd, EProw, NPie, RCun), Florentine, ImmU, Nimble, Poison]|M7",Sergeant,Farm Tools,,Cloth,Hunting Bow,True,25,"Florentine,Immune Blocked,Poison,Nimble,Parry,Immune Unwieldy",1500,,False,Academy|Alchemy|Carpentry|Coliseum|Conditioning Field|Fletchery|Levy Hall|Tiltyard|Toxicarium|War College,7,9
"Sgt/2HBastard/Leather [(EInd, EProw, NPie, NCun), Nimble, Recover 8]|M7",Sergeant,2HBastard,,Leather,,False,25,"Recover 8,Nimble,Immune Blocked,Parry",1600,,False,Academy|Animal Husbandry|Apothecary|Blacksmith|Conditioning Field|Forge|Furnace|Herb Garden|Levy Hall|Tannery|War College,7,12
"Sgt/ShortSword/Tower/Chain [OuInPoI, (EInd, EProw, NPie, SCun), Serr]|M7",Sergeant,Short Sword,Tower Shield,Chainmail,,False,25,"Serrated,confers:Strain,Immune Blocked,Outrider: once,confers:Blocked,Parry",1000,,False,Academy|Animal Husbandry|Armory|Blacksmith|Carpentry|Forge|Furnace|Joinery|Levy Hall|Master Workshop|Outrider Intercept Post|Tannery|War College,7,22
"Sgt/WarHammer+Crossbow/Cloth (TY) [(EInd, EProw, NPie, NCun), Florentine, ImmU, Nimble, Parry +1, Riposte]|M7",Sergeant,War Hammer,,Cloth,Crossbow,True,25,"Florentine,Parry +1,Riposte,Immune Blocked,Nimble,Parry,Immune Unwieldy",1600,,False,Academy|Blacksmith|Carpentry|Coliseum|Conditioning Field|Fletchery|Forge|Furnace|Grand Tournament|Levy Hall|Tiltyard|War College,7,12
"Sgt/Flail/Tower/Cloth [(EInd, EProw, NPie, NCun), Nimble, Recover 8]|M7",Sergeant,Flail,Tower Shield,Cloth,,False,25,"Recover 8,Nimble,Immune Blocked,Parry",1600,,False,Academy|Apothecary|Blacksmith|Carpentry|Conditioning Field|Forge|Furnace|Herb Garden|Joinery|Levy Hall|War College,7,12
"Sgt/Cavalry Spear/Buckler/Leather [RoPaM, (RInd, SProw, NPie, NCun)]|M7",Sergeant,Cavalry Spear,Buckler Shield,Leather,,False,25,"Strike +1,Parry +1,Immune Blocked,Crit 8,Parry,Immune Strain",1400,,False,Academy|Animal Husbandry|Blacksmith|Carpentry|Furnace|Grand Tournament|Joinery|Levy Hall|Royal Pavilion|Tannery|Tiltyard|War College,7,13
"Sgt/FarmTools/Targe/FullPlate [(EInd, EProw, NPie, RCun), Nimble, Parry +1, Temp, Poison, Riposte]|M7",Sergeant,Farm Tools,Targe Shield,Full Plate,,False,25,"Parry +1,Riposte,Poison,Immune Blocked,Planishing,Nimble,Parry",1100,,False,Academy|Alchemy|Animal Husbandry|Armory|Blacksmith|Carpentry|Coliseum|Conditioning Field|Furnace|Gilded Foundry|Grand Tournament|Joinery|Levy Hall|Tannery|Toxicarium|War College,7,15
"Sgt/Spears+Longbow/Targe/Cloth (TY) [RoPaM, (RInd, SProw, NPie, NCun), Florentine, ImmU, Nimble, Riposte]|M7",Sergeant,Spears,Targe Shield,Cloth,Longbow,True,25,"Strike +1,Florentine,Nimble,Parry,Parry +1,Riposte,Immune Strain,Crit 8,Immune Blocked,Immune Unwieldy",1400,,False,Academy|Blacksmith|Carpentry|Coliseum|Conditioning Field|Fletchery|Furnace|Grand Tournament|Joinery|Levy Hall|Royal Pavilion|Tiltyard|War College,7,13
"Sgt/Arming/Kite/Chain [(EInd, EProw, NPie, NCun), Nimble, Serr]|M7",Sergeant,Arming Sword,Kite Shield,Chainmail,,False,25,"Nimble,Serrated,Immune Blocked,Parry",1000,,False,Academy|Animal Husbandry|Armory|Blacksmith|Carpentry|Conditioning Field|Furnace|Joinery|Levy Hall|Master Workshop|Tannery|War College,7,12
"Sgt/Flail/Kite/Leather [(EInd, EProw, NPie, NCun), Nimble, Parry +1, Riposte, Serr]|M7",Sergeant,Flail,Kite Shield,Leather,,False,25,"Serrated,Parry +1,Riposte,Immune Blocked,Nimble,Parry",1000,,False,Academy|Animal Husbandry|Armory|Blacksmith|Carpentry|Coliseum|Conditioning Field|Furnace|Grand Tournament|Joinery|Levy Hall|Master Workshop|Tannery|War College,7,12
"Sgt/Pike+Javelin/Cloth (TY) [(RInd, EProw, NPie, NCun), Florentine, ImmU, Nimble]|M7",Sergeant,Pike,,Cloth,Javelin,True,25,"Florentine,Immune Unwieldy,Nimble,Immune Blocked,Parry",1600,,False,Academy|Blacksmith|Carpentry|Coliseum|Conditioning Field|Fletchery|Furnace|Levy Hall|Tiltyard|War College,7,9
"Sgt/ShortSword/Kite/Chain [(RInd, EProw, NPie, NCun), Nimble]|M7",Sergeant,Short Sword,Kite Shield,Chainmail,,False,25,"Nimble,Immune Blocked,Parry",1200,,False,Academy|Animal Husbandry|Armory|Blacksmith|Carpentry|Conditioning Field|Furnace|Joinery|Levy Hall|Stable|Tannery|War College,7,9
"Sgt/Spears/Kite/Chain [(RInd, EProw, NPie, NCun), Nimble]|M7",Sergeant,Spears,Kite Shield,Chainmail,,False,25,"Nimble,Immune Blocked,Parry",400,,False,Academy|Animal Husbandry|Armory|Blacksmith|Butchery|Carpentry|Conditioning Field|Furnace|Joinery|Levy Hall|Tannery|War College,7,9
"Sgt/Cavalry Spear/Buckler/Chain [(RInd, EProw, NPie, NCun), Nimble]|M7",Sergeant,Cavalry Spear,Buckler Shield,Chainmail,,False,25,"Nimble,Immune Blocked,Parry",400,,False,Academy|Animal Husbandry|Armory|Blacksmith|Butchery|Carpentry|Conditioning Field|Furnace|Joinery|Levy Hall|Tannery|War College,7,9
"Sgt/ShortSword/Kite/Leather [MiMiStM, (RInd, SProw, NPie, NCun)]|M7",Sergeant,Short Sword,Kite Shield,Leather,,False,25,"Drilled,Init +1,Immune Blocked,MaxInit3,Seize: first,Parry",400,,False,Academy|Animal Husbandry|Armory|Blacksmith|Butchery|Carpentry|Furnace|Joinery|Levy Hall|Ministry of Military Strategy|Tannery|University|War College,7,13
"Sgt/ShortSword+Longbow/Tower/Cloth (TY) [(EInd, EProw, NPie, NCun), Florentine, ImmU, Nimble, Parry +1, Riposte]|M7",Sergeant,Short Sword,Tower Shield,Cloth,Longbow,True,25,"Florentine,Parry +1,Riposte,Immune Blocked,Nimble,Parry,Immune Unwieldy",1400,,False,Academy|Blacksmith|Carpentry|Coliseum|Conditioning Field|Fletchery|Forge|Furnace|Grand Tournament|Joinery|Levy Hall|Tiltyard|War College,7,12
"Sgt/Poleaxe/FullPlate [ABFM, (SInd, EProw, NPie, NCun), Nimble, Temp, Serr]|M7",Sergeant,Poleaxe,,Full Plate,,False,25,"ABF,Serrated,Immune Blocked,Planishing,Nimble,Parry",700,,False,ABF|Academy|Animal Husbandry|Armory|Blacksmith|Conditioning Field|Forge|Furnace|Gilded Foundry|Levy Hall|Master Workshop|Stable|Tannery|War College,7,16
"Sgt/Arming/Tower/FullPlate [(EInd, EProw, NPie, NCun), Nimble, Temp]|M7",Sergeant,Arming Sword,Tower Shield,Full Plate,,False,25,"Nimble,Immune Blocked,Planishing,Parry",400,,False,Academy|Animal Husbandry|Armory|Blacksmith|Butchery|Carpentry|Conditioning Field|Forge|Furnace|Gilded Foundry|Joinery|Levy Hall|Tannery|War College,7,12
"Sgt/ShortSword/Tower/Leather [(EInd, EProw, NPie, NCun), Nimble]|M7",Sergeant,Short Sword,Tower Shield,Leather,,False,25,"Nimble,Immune Blocked,Parry",600,,False,Academy|Animal Husbandry|Blacksmith|Butchery|Carpentry|Conditioning Field|Forge|Furnace|Joinery|Levy Hall|Tannery|War College,7,12
"Sgt/Daggers/Leather [(NInd, EProw, NPie, NCun), Nimble, Recover 8]|M7",Sergeant,Daggers,,Leather,,False,25,"Recover 8,Nimble,Immune Blocked,Parry",1600,,False,Academy|Animal Husbandry|Apothecary|Conditioning Field|Furnace|Herb Garden|Levy Hall|Tannery|War College,7,6
"Sgt/FarmTools/Targe/Leather [(RInd, EProw, NPie, RCun), Nimble, Poison]|M7",Sergeant,Farm Tools,Targe Shield,Leather,,False,25,"Parry,Nimble,Immune Blocked,Poison",1300,,False,Academy|Alchemy|Animal Husbandry|Blacksmith|Carpentry|Conditioning Field|Furnace|Joinery|Levy Hall|Tannery|Toxicarium|War College,7,12
"Sgt/FarmTools/Leather [(NInd, EProw, EPie, NCun), Enduring, Nimble, Rec 6, Recover 7, Recover 8, Shake+1]|M7",Sergeant,Farm Tools,,Leather,,False,25,"Recover 6,Shake +1,Nimble,Parry,Recover 7,Enduring,Recover 8,Immune Blocked",1500,,False,Academy|Alchemy|Animal Husbandry|Apothecary|Conditioning Field|Herb Garden|Hospitaller|Infirmary|Levy Hall|Stable|Tannery|War College,7,12
"Sgt/Spears/Tower/Cloth [PrI, (EInd, EProw, SPie, NCun), Recover 8, Shake+1]|M7",Sergeant,Spears,Tower Shield,Cloth,,False,25,"Immune Blocked,Resolute,Shake +1,Recover 8,Parry",1600,,False,Academy|Apothecary|Blacksmith|Carpentry|Forge|Furnace|Herb Garden|Joinery|Levy Hall|Preceptory|War College,7,22
"Sgt/2HBastard/Cloth [(EInd, EProw, EPie, RCun), Enduring, Nimble, Parry +1, Poison, Rec 6, Recover 7, Recover 8, Riposte, Shake+1]|M7",Sergeant,2HBastard,,Cloth,,False,25,"Recover 6,Poison,Shake +1,Nimble,Parry,Recover 7,Parry +1,Riposte,Enduring,Recover 8,Immune Blocked",1600,,False,Academy|Alchemy|Apothecary|Blacksmith|Coliseum|Conditioning Field|Forge|Furnace|Grand Tournament|Herb Garden|Hospitaller|Infirmary|Levy Hall|Toxicarium|War College,7,21
"Sgt/BattleAxe+HuntBow/Cloth (TY) [(RInd, EProw, NPie, NCun), Florentine, ImmU, Nimble, Parry +1, Riposte]|M7",Sergeant,Battle Axe,,Cloth,Hunting Bow,True,25,"Florentine,Parry +1,Riposte,Immune Blocked,Nimble,Parry,Immune Unwieldy",1600,,False,Academy|Blacksmith|Carpentry|Coliseum|Conditioning Field|Fletchery|Furnace|Grand Tournament|Levy Hall|Tiltyard|War College,7,9
"Sgt/Lance/Buckler/Chain [(EInd, EProw, NPie, NCun), Nimble, Parry +1, Riposte]|M7",Sergeant,Lance,Buckler Shield,Chainmail,,False,25,"Parry +1,Riposte,Nimble,Immune Blocked,Parry",1200,,False,Academy|Animal Husbandry|Armory|Blacksmith|Carpentry|Coliseum|Conditioning Field|Forge|Furnace|Grand Tournament|Joinery|Levy Hall|Stable|Tannery|War College,7,12
"Sgt/Lance/Targe/Chain [(EInd, EProw, NPie, NCun), Nimble, Parry +1, Riposte]|M7",Sergeant,Lance,Targe Shield,Chainmail,,False,25,"Parry +1,Riposte,Nimble,Immune Blocked,Parry",400,,False,Academy|Animal Husbandry|Armory|Blacksmith|Butchery|Carpentry|Coliseum|Conditioning Field|Forge|Furnace|Grand Tournament|Joinery|Levy Hall|Tannery|War College,7,12
"Sgt/ShortSword/Targe/Chain [(EInd, EProw, NPie, NCun), Nimble, Serr]|M7",Sergeant,Short Sword,Targe Shield,Chainmail,,False,25,"Nimble,Serrated,Immune Blocked,Parry",1000,,False,Academy|Animal Husbandry|Armory|Blacksmith|Carpentry|Conditioning Field|Furnace|Joinery|Levy Hall|Master Workshop|Tannery|War College,7,12
"Sgt/Longbow/Cloth [(NInd, EProw, NPie, NCun), Florentine, ImmU, Nimble]|M7",Sergeant,Farm Tools,,Cloth,Longbow,True,25,"Florentine,Immune Unwieldy,Nimble,Immune Blocked,Parry",1600,,False,Academy|Carpentry|Coliseum|Conditioning Field|Fletchery|Furnace|Levy Hall|Tiltyard|War College,7,6
"Sgt/Arming/Kite/Chain [(RInd, EProw, NPie, RCun), Nimble, Poison]|M7",Sergeant,Arming Sword,Kite Shield,Chainmail,,False,25,"Parry,Nimble,Immune Blocked,Poison",1100,,False,Academy|Alchemy|Animal Husbandry|Armory|Blacksmith|Carpentry|Conditioning Field|Furnace|Joinery|Levy Hall|Tannery|Toxicarium|War College,7,12
"Sgt/Pike+Javelin/Cloth (TY) [(RInd, EProw, NPie, NCun), Florentine, ImmU, Nimble, Parry +1, Riposte]|M7",Sergeant,Pike,,Cloth,Javelin,True,25,"Florentine,Parry +1,Riposte,Immune Blocked,Nimble,Parry,Immune Unwieldy",1600,,False,Academy|Blacksmith|Carpentry|Coliseum|Conditioning Field|Fletchery|Furnace|Grand Tournament|Levy Hall|Tiltyard|War College,7,9
"Sgt/FarmTools/Tower/FullPlate [(EInd, EProw, NPie, RCun), Nimble, Temp, Poison]|M7",Sergeant,Farm Tools,Tower Shield,Full Plate,,False,25,"Poison,Planishing,Nimble,Immune Blocked,Parry",1100,,False,Academy|Alchemy|Animal Husbandry|Armory|Blacksmith|Carpentry|Conditioning Field|Forge|Furnace|Gilded Foundry|Joinery|Levy Hall|Tannery|Toxicarium|War College,7,15
"Sgt/Arming/Tower/Leather [RoPaI, (EInd, SProw, NPie, NCun), Serr]|M7",Sergeant,Arming Sword,Tower Shield,Leather,,False,25,"Serrated,Parry +1,Immune Strain,Immune Blocked,Parry",1200,,False,Academy|Animal Husbandry|Blacksmith|Carpentry|Forge|Furnace|Joinery|Levy Hall|Master Workshop|Royal Pavilion|Tannery|War College,7,16
"Sgt/ShortSword+Longbow/Tower/Cloth (TY) [(EInd, EProw, NPie, NCun), Florentine, ImmU, Nimble]|M7",Sergeant,Short Sword,Tower Shield,Cloth,Longbow,True,25,"Florentine,Immune Unwieldy,Nimble,Immune Blocked,Parry",1400,,False,Academy|Blacksmith|Carpentry|Coliseum|Conditioning Field|Fletchery|Forge|Furnace|Joinery|Levy Hall|Tiltyard|War College,7,12
"Sgt/FarmTools/Kite/Leather [(RInd, EProw, NPie, NCun), Nimble, Parry +1, Riposte]|M7",Sergeant,Farm Tools,Kite Shield,Leather,,False,25,"Parry +1,Riposte,Nimble,Immune Blocked,Parry",1200,,False,Academy|Animal Husbandry|Armory|Blacksmith|Carpentry|Coliseum|Conditioning Field|Furnace|Grand Tournament|Joinery|Levy Hall|Stable|Tannery|War College,7,9
"Sgt/Daggers+Crossbow/Cloth (TY) [(EInd, EProw, NPie, NCun), Florentine, ImmU, Nimble]|M7",Sergeant,Daggers,,Cloth,Crossbow,True,25,"Florentine,Immune Unwieldy,Nimble,Immune Blocked,Parry",1600,,False,Academy|Blacksmith|Carpentry|Coliseum|Conditioning Field|Fletchery|Forge|Furnace|Levy Hall|Tiltyard|War College,7,12
"Sgt/Morningstar+Crossbow/Tower/Cloth (TY) [(EInd, EProw, NPie, NCun), Florentine, ImmU, Nimble]|M7",Sergeant,Morningstar,Tower Shield,Cloth,Crossbow,True,25,"Florentine,Immune Unwieldy,Nimble,Immune Blocked,Parry",1400,,False,Academy|Blacksmith|Carpentry|Coliseum|Conditioning Field|Fletchery|Forge|Furnace|Joinery|Levy Hall|Tiltyard|War College,7,12
"Sgt/ShortSword/Kite/Cloth [RoPaI, (EInd, SProw, NPie, NCun), Serr]|M7",Sergeant,Short Sword,Kite Shield,Cloth,,False,25,"Serrated,Parry +1,Immune Strain,Immune Blocked,Parry",1000,,False,Academy|Armory|Blacksmith|Carpentry|Furnace|Joinery|Levy Hall|Master Workshop|Royal Pavilion|Tannery|War College,7,16
"Sgt/Bastard/Tower/Chain [RoPaM, (EInd, SProw, NPie, NCun)]|M7",Sergeant,Bastard Sword,Tower Shield,Chainmail,,False,25,"Strike +1,Parry +1,Immune Blocked,Crit 8,Parry,Immune Strain",1200,,False,Academy|Animal Husbandry|Armory|Blacksmith|Carpentry|Forge|Furnace|Grand Tournament|Joinery|Levy Hall|Royal Pavilion|Tannery|Tiltyard|War College,7,16
"Sgt/Flail/Kite/Cloth [MiMiStI, (RInd, SProw, NPie, NCun)]|M7",Sergeant,Flail,Kite Shield,Cloth,,False,25,"Init +1,Immune Blocked,MaxInit3,Seize: first,Parry",1200,,False,Academy|Armory|Blacksmith|Carpentry|Furnace|Joinery|Levy Hall|Ministry of Military Strategy|Stable|Tannery|War College,7,13
"Sgt/Spears/Kite/FullPlate [(EInd, EProw, NPie, NCun), Nimble, Temp]|M7",Sergeant,Spears,Kite Shield,Full Plate,,False,25,"Nimble,Immune Blocked,Planishing,Parry",1200,,False,Academy|Animal Husbandry|Armory|Blacksmith|Carpentry|Conditioning Field|Furnace|Gilded Foundry|Joinery|Levy Hall|Stable|Tannery|War College,7,12
"Sgt/Arming/Kite/FullPlate [RoPaM, (EInd, SProw, NPie, NCun), Temp]|M7",Sergeant,Arming Sword,Kite Shield,Full Plate,,False,25,"Strike +1,Parry +1,Immune Blocked,Planishing,Crit 8,Parry,Immune Strain",1200,,False,Academy|Animal Husbandry|Armory|Blacksmith|Carpentry|Furnace|Gilded Foundry|Grand Tournament|Joinery|Levy Hall|Royal Pavilion|Tannery|Tiltyard|War College,7,16
"Sgt/FarmTools/Targe/FullPlate [OuInPoI, (EInd, EProw, NPie, SCun), Temp]|M7",Sergeant,Farm Tools,Targe Shield,Full Plate,,False,25,"confers:Strain,Immune Blocked,Planishing,Outrider: once,confers:Blocked,Parry",1200,,False,Academy|Animal Husbandry|Armory|Blacksmith|Carpentry|Furnace|Gilded Foundry|Joinery|Levy Hall|Outrider Intercept Post|Stable|Tannery|War College,7,22
"Sgt/Pike+HuntBow/Cloth (TY) [(RInd, EProw, NPie, NCun), Florentine, ImmU, Nimble]|M7",Sergeant,Pike,,Cloth,Hunting Bow,True,25,"Florentine,Immune Unwieldy,Nimble,Immune Blocked,Parry",1600,,False,Academy|Blacksmith|Carpentry|Coliseum|Conditioning Field|Fletchery|Furnace|Levy Hall|Tiltyard|War College,7,9
"Sgt/Cudgel/Leather [(NInd, EProw, EPie, RCun), Enduring, Nimble, Poison, Rec 6, Recover 7, Recover 8, Shake+1]|M7",Sergeant,Cudgel,,Leather,,False,25,"Recover 6,Poison,Shake +1,Nimble,Parry,Recover 7,Enduring,Recover 8,Immune Blocked",1400,,False,Academy|Alchemy|Animal Husbandry|Apothecary|Conditioning Field|Herb Garden|Hospitaller|Infirmary|Levy Hall|Tannery|Toxicarium|War College,7,15
"Sgt/Lance/Buckler/Leather [(EInd, EProw, NPie, NCun), Nimble]|M7",Sergeant,Lance,Buckler Shield,Leather,,False,25,"Nimble,Immune Blocked,Parry",600,,False,Academy|Animal Husbandry|Blacksmith|Butchery|Carpentry|Conditioning Field|Forge|Furnace|Joinery|Levy Hall|Tannery|War College,7,12
"Sgt/Cavalry Spear/Buckler/Cloth [(RInd, EProw, NPie, NCun), Nimble, Recover 8]|M7",Sergeant,Cavalry Spear,Buckler Shield,Cloth,,False,25,"Recover 8,Nimble,Immune Blocked,Parry",1600,,False,Academy|Apothecary|Blacksmith|Carpentry|Conditioning Field|Furnace|Herb Garden|Joinery|Levy Hall|War College,7,9
"Sgt/Spears/Targe/Leather [MiMiStM, (RInd, SProw, NPie, RCun), Poison]|M7",Sergeant,Spears,Targe Shield,Leather,,False,25,"Drilled,Init +1,Immune Blocked,Poison,MaxInit3,Seize: first,Parry",1300,,False,Academy|Alchemy|Animal Husbandry|Blacksmith|Carpentry|Furnace|Joinery|Levy Hall|Ministry of Military Strategy|Tannery|Toxicarium|University|War College,7,16
"Sgt/Lance/Buckler/Chain [(EInd, EProw, NPie, NCun), Nimble]|M7",Sergeant,Lance,Buckler Shield,Chainmail,,False,25,"Nimble,Immune Blocked,Parry",1200,,False,Academy|Animal Husbandry|Armory|Blacksmith|Carpentry|Conditioning Field|Forge|Furnace|Joinery|Levy Hall|Stable|Tannery|War College,7,12
"Sgt/Halberd/FullPlate [(EInd, EProw, NPie, NCun), Nimble, Temp, Recover 8]|M7",Sergeant,Halberd,,Full Plate,,False,25,"Immune Blocked,Planishing,Recover 8,Nimble,Parry",1400,,False,Academy|Animal Husbandry|Apothecary|Armory|Blacksmith|Conditioning Field|Furnace|Gilded Foundry|Herb Garden|Levy Hall|Tannery|War College,7,12
"Sgt/FarmTools/Chain [(RInd, EProw, NPie, NCun), Nimble, Parry +1, Recover 8, Riposte]|M7",Sergeant,Farm Tools,,Chainmail,,False,25,"Parry +1,Riposte,Immune Blocked,Recover 8,Nimble,Parry",1400,,False,Academy|Animal Husbandry|Apothecary|Armory|Blacksmith|Coliseum|Conditioning Field|Furnace|Grand Tournament|Herb Garden|Levy Hall|Tannery|War College,7,9
"Sgt/ShortSword/Kite/Chain [(EInd, EProw, NPie, NCun), Nimble, Serr]|M7",Sergeant,Short Sword,Kite Shield,Chainmail,,False,25,"Nimble,Serrated,Immune Blocked,Parry",1000,,False,Academy|Animal Husbandry|Armory|Blacksmith|Carpentry|Conditioning Field|Furnace|Joinery|Levy Hall|Master Workshop|Tannery|War College,7,12
"Sgt/Halberd/Chain [(RInd, EProw, NPie, NCun), Nimble, Recover 8]|M7",Sergeant,Halberd,,Chainmail,,False,25,"Recover 8,Nimble,Immune Blocked,Parry",1400,,False,Academy|Animal Husbandry|Apothecary|Armory|Blacksmith|Conditioning Field|Furnace|Herb Garden|Levy Hall|Tannery|War College,7,9
"Sgt/FarmTools/Targe/Leather [(EInd, EProw, NPie, NCun), Nimble, Serr]|M7",Sergeant,Farm Tools,Targe Shield,Leather,,False,25,"Nimble,Serrated,Immune Blocked,Parry",1200,,False,Academy|Animal Husbandry|Blacksmith|Carpentry|Conditioning Field|Furnace|Joinery|Levy Hall|Master Workshop|Tannery|War College,7,12
"Sgt/Daggers/Leather [PrM, (NInd, EProw, SPie, NCun), Rec 6, Shake+1]|M7",Sergeant,Daggers,,Leather,,False,25,"Recover 6,Immune Blocked,Resolute,Shake +1,Parry",1600,,False,Abbey|Academy|Animal Husbandry|Furnace|Hospitaller|Levy Hall|Monastery|Pilgrimage Site|Preceptory|Tannery|War College,7,16
"Sgt/Spears/Targe/Chain [OuInPoI, (RInd, EProw, NPie, SCun), Poison]|M7",Sergeant,Spears,Targe Shield,Chainmail,,False,25,"confers:Strain,Poison,Outrider: once,confers:Blocked,Immune Blocked,Parry",1100,,False,Academy|Alchemy|Animal Husbandry|Armory|Blacksmith|Carpentry|Furnace|Joinery|Levy Hall|Outrider Intercept Post|Tannery|Toxicarium|War College,7,19
"Sgt/2HBastard+Crossbow/Cloth (TY) [(EInd, EProw, NPie, NCun), Florentine, ImmU, Nimble]|M7",Sergeant,2HBastard,,Cloth,Crossbow,True,25,"Florentine,Immune Unwieldy,Nimble,Immune Blocked,Parry",1600,,False,Academy|Blacksmith|Carpentry|Coliseum|Conditioning Field|Fletchery|Forge|Furnace|Levy Hall|Tiltyard|War College,7,12
"Sgt/Cudgel/Leather [(NInd, EProw, EPie, NCun), Enduring, Nimble, Rec 6, Recover 7, Recover 8, Shake+1]|M7",Sergeant,Cudgel,,Leather,,False,25,"Recover 6,Shake +1,Nimble,Parry,Recover 7,Enduring,Recover 8,Immune Blocked",1500,,False,Academy|Alchemy|Animal Husbandry|Apothecary|Conditioning Field|Herb Garden|Hospitaller|Infirmary|Levy Hall|Stable|Tannery|War College,7,12
"Sgt/FarmTools/Buckler/Leather [(RInd, EProw, NPie, NCun), Nimble, Parry +1, Recover 8, Riposte]|M7",Sergeant,Farm Tools,Buckler Shield,Leather,,False,25,"Parry +1,Riposte,Immune Blocked,Recover 8,Nimble,Parry",1400,,False,Academy|Animal Husbandry|Apothecary|Carpentry|Coliseum|Conditioning Field|Grand Tournament|Herb Garden|Joinery|Levy Hall|Tannery|War College,7,9
"Sgt/Bastard+Longbow/Tower/Cloth (TY) [(EInd, EProw, NPie, NCun), Florentine, ImmU, Nimble]|M7",Sergeant,Bastard Sword,Tower Shield,Cloth,Longbow,True,25,"Florentine,Immune Unwieldy,Nimble,Immune Blocked,Parry",1400,,False,Academy|Blacksmith|Carpentry|Coliseum|Conditioning Field|Fletchery|Forge|Furnace|Joinery|Levy Hall|Tiltyard|War College,7,12
"Sgt/Lance/Buckler/Cloth [MiMiStI, (EInd, SProw, NPie, NCun), Recover 8]|M7",Sergeant,Lance,Buckler Shield,Cloth,,False,25,"Init +1,Immune Blocked,MaxInit3,Recover 8,Seize: first,Parry",1600,,False,Academy|Apothecary|Blacksmith|Carpentry|Forge|Furnace|Herb Garden|Joinery|Levy Hall|Ministry of Military Strategy|War College,7,16
"Sgt/Cudgel/Cloth [(NInd, EProw, EPie, RCun), Enduring, Nimble, Poison, Rec 6, Recover 7, Recover 8, Shake+1]|M7",Sergeant,Cudgel,,Cloth,,False,25,"Recover 6,Poison,Shake +1,Nimble,Parry,Recover 7,Enduring,Recover 8,Immune Blocked",1600,,False,Academy|Alchemy|Apothecary|Conditioning Field|Herb Garden|Hospitaller|Infirmary|Levy Hall|Stable|Toxicarium|War College,7,15
"Sgt/Pike+Longbow/Cloth (TY) [(RInd, EProw, NPie, NCun), Florentine, ImmU, Nimble, Parry +1, Riposte]|M7",Sergeant,Pike,,Cloth,Longbow,True,25,"Florentine,Parry +1,Riposte,Immune Blocked,Nimble,Parry,Immune Unwieldy",1600,,False,Academy|Blacksmith|Carpentry|Coliseum|Conditioning Field|Fletchery|Furnace|Grand Tournament|Levy Hall|Tiltyard|War College,7,9
"Sgt/WarHammer/Chain [(EInd, EProw, NPie, NCun), Nimble, Recover 8]|M7",Sergeant,War Hammer,,Chainmail,,False,25,"Recover 8,Nimble,Immune Blocked,Parry",1400,,False,Academy|Animal Husbandry|Apothecary|Armory|Blacksmith|Conditioning Field|Forge|Furnace|Herb Garden|Levy Hall|Tannery|War College,7,12
"Sgt/Arming/Kite/Chain [(RInd, EProw, NPie, NCun), Nimble]|M7",Sergeant,Arming Sword,Kite Shield,Chainmail,,False,25,"Nimble,Immune Blocked,Parry",1200,,False,Academy|Animal Husbandry|Armory|Blacksmith|Carpentry|Conditioning Field|Furnace|Joinery|Levy Hall|Stable|Tannery|War College,7,9
"Sgt/FarmTools/Buckler/FullPlate [(EInd, EProw, NPie, NCun), Nimble, Temp]|M7",Sergeant,Farm Tools,Buckler Shield,Full Plate,,False,25,"Nimble,Immune Blocked,Planishing,Parry",400,,False,Academy|Animal Husbandry|Armory|Blacksmith|Butchery|Carpentry|Conditioning Field|Furnace|Gilded Foundry|Joinery|Levy Hall|Tannery|War College,7,12
"Sgt/Daggers+Javelin/Cloth (TY) [(RInd, EProw, NPie, NCun), Florentine, ImmU, Nimble]|M7",Sergeant,Daggers,,Cloth,Javelin,True,25,"Florentine,Immune Unwieldy,Nimble,Immune Blocked,Parry",1600,,False,Academy|Blacksmith|Carpentry|Coliseum|Conditioning Field|Fletchery|Furnace|Levy Hall|Tiltyard|War College,7,9
"Sgt/FarmTools/Kite/Cloth [(RInd, EProw, NPie, RCun), Nimble, Poison]|M7",Sergeant,Farm Tools,Kite Shield,Cloth,,False,25,"Parry,Nimble,Immune Blocked,Poison",1100,,False,Academy|Alchemy|Armory|Blacksmith|Carpentry|Conditioning Field|Furnace|Joinery|Levy Hall|Tannery|Toxicarium|War College,7,12
"Sgt/Morningstar+HuntBow/Tower/Cloth (TY) [(EInd, EProw, NPie, NCun), Florentine, ImmU, Nimble]|M7",Sergeant,Morningstar,Tower Shield,Cloth,Hunting Bow,True,25,"Florentine,Immune Unwieldy,Nimble,Immune Blocked,Parry",1400,,False,Academy|Blacksmith|Carpentry|Coliseum|Conditioning Field|Fletchery|Forge|Furnace|Joinery|Levy Hall|Tiltyard|War College,7,12
"Sgt/Lance/Kite/Cloth [(EInd, EProw, NPie, NCun), Nimble]|M7",Sergeant,Lance,Kite Shield,Cloth,,False,25,"Nimble,Immune Blocked,Parry",1200,,False,Academy|Armory|Blacksmith|Carpentry|Conditioning Field|Forge|Furnace|Joinery|Levy Hall|Stable|Tannery|War College,7,12
"Sgt/Flail+Javelin/Tower/Cloth (TY) [(EInd, EProw, NPie, NCun), Florentine, ImmU, Nimble]|M7",Sergeant,Flail,Tower Shield,Cloth,Javelin,True,25,"Florentine,Immune Unwieldy,Nimble,Immune Blocked,Parry",1400,,False,Academy|Blacksmith|Carpentry|Coliseum|Conditioning Field|Fletchery|Forge|Furnace|Joinery|Levy Hall|Tiltyard|War College,7,12
"Sgt/Flail/Tower/Leather [(EInd, EProw, NPie, NCun), Nimble, Parry +1, Riposte, Serr]|M7",Sergeant,Flail,Tower Shield,Leather,,False,25,"Serrated,Parry +1,Riposte,Immune Blocked,Nimble,Parry",1200,,False,Academy|Animal Husbandry|Blacksmith|Carpentry|Coliseum|Conditioning Field|Forge|Furnace|Grand Tournament|Joinery|Levy Hall|Master Workshop|Tannery|War College,7,12
"Sgt/FarmTools/Cloth [(NInd, EProw, NPie, NCun), Nimble]|M3",Sergeant,Farm Tools,,Cloth,,False,25,"Nimble,Immune Blocked,Parry",1800,,False,Academy|Conditioning Field|Levy Hall|War College,3,6
"Sgt/Cudgel/Cloth [(NInd, EProw, NPie, NCun), Nimble]|M3",Sergeant,Cudgel,,Cloth,,False,25,"Nimble,Immune Blocked,Parry",1800,,False,Academy|Conditioning Field|Levy Hall|War College,3,6
"Sgt/Cudgel/Cloth [PrI, (NInd, EProw, SPie, NCun), Shake+1]|M3",Sergeant,Cudgel,,Cloth,,False,25,"Resolute,Shake +1,Immune Blocked,Parry",1800,,False,Academy|Levy Hall|Preceptory|War College,3,16
"Sgt/Pitchfork/Cloth [(NInd, EProw, NPie, NCun), Nimble]|M3",Sergeant,Pitchfork,,Cloth,,False,25,"Nimble,Immune Blocked,Parry",1800,,False,Academy|Conditioning Field|Levy Hall|War College,3,6
"Sgt/FarmTools/Cloth [(NInd, EProw, NPie, NCun), Nimble]|M4",Sergeant,Farm Tools,,Cloth,,False,25,"Nimble,Immune Blocked,Parry",1800,,False,Academy|Conditioning Field|Levy Hall|Stable|War College,4,6
"Sgt/FarmTools/Cloth [(NInd, EProw, NPie, RCun), Nimble, Poison]|M4",Sergeant,Farm Tools,,Cloth,,False,25,"Parry,Nimble,Immune Blocked,Poison",1700,,False,Academy|Alchemy|Conditioning Field|Levy Hall|Toxicarium|War College,4,9
"Sgt/FarmTools/Buckler/Cloth [(RInd, EProw, NPie, NCun), Nimble]|M4",Sergeant,Farm Tools,Buckler Shield,Cloth,,False,25,"Nimble,Immune Blocked,Parry",1600,,False,Academy|Carpentry|Conditioning Field|Joinery|Levy Hall|War College,4,9
"Sgt/FarmTools/Leather [(NInd, EProw, NPie, NCun), Nimble]|M4",Sergeant,Farm Tools,,Leather,,False,25,"Nimble,Immune Blocked,Parry",1600,,False,Academy|Animal Husbandry|Conditioning Field|Levy Hall|Tannery|War College,4,6
"Sgt/Cudgel/Cloth [(NInd, EProw, NPie, NCun), Nimble]|M4",Sergeant,Cudgel,,Cloth,,False,25,"Nimble,Immune Blocked,Parry",1800,,False,Academy|Conditioning Field|Levy Hall|Stable|War College,4,6
"Sgt/Cudgel/Cloth [PrI, (NInd, EProw, SPie, NCun), Shake+1]|M4",Sergeant,Cudgel,,Cloth,,False,25,"Resolute,Shake +1,Immune Blocked,Parry",1800,,False,Academy|Levy Hall|Preceptory|Stable|War College,4,16
"Sgt/Cudgel/Cloth [(NInd, EProw, NPie, RCun), Nimble, Poison]|M4",Sergeant,Cudgel,,Cloth,,False,25,"Parry,Nimble,Immune Blocked,Poison",1700,,False,Academy|Alchemy|Conditioning Field|Levy Hall|Toxicarium|War College,4,9
"Sgt/Cudgel/Leather [(NInd, EProw, NPie, NCun), Nimble]|M4",Sergeant,Cudgel,,Leather,,False,25,"Nimble,Immune Blocked,Parry",1600,,False,Academy|Animal Husbandry|Conditioning Field|Levy Hall|Tannery|War College,4,6
"Sgt/Pitchfork/Cloth [(NInd, EProw, NPie, NCun), Nimble]|M4",Sergeant,Pitchfork,,Cloth,,False,25,"Nimble,Immune Blocked,Parry",1800,,False,Academy|Conditioning Field|Levy Hall|Stable|War College,4,6
"Sgt/Pitchfork/Leather [(NInd, EProw, NPie, NCun), Nimble]|M4",Sergeant,Pitchfork,,Leather,,False,25,"Nimble,Immune Blocked,Parry",1600,,False,Academy|Animal Husbandry|Conditioning Field|Levy Hall|Tannery|War College,4,6
"Sgt/Pitchfork/Leather [MiMiStM, (NInd, SProw, NPie, NCun)]|M4",Sergeant,Pitchfork,,Leather,,False,25,"Drilled,Init +1,Immune Blocked,MaxInit3,Seize: first,Parry",1600,,False,Academy|Animal Husbandry|Levy Hall|Ministry of Military Strategy|Tannery|University|War College,4,10
"Sgt/Daggers/Cloth [(NInd, EProw, NPie, NCun), Nimble]|M4",Sergeant,Daggers,,Cloth,,False,25,"Nimble,Immune Blocked,Parry",1800,,False,Academy|Conditioning Field|Furnace|Levy Hall|War College,4,6
"Sgt/Pike/Cloth [(RInd, EProw, NPie, NCun), Nimble]|M4",Sergeant,Pike,,Cloth,,False,25,"Nimble,Immune Blocked,Parry",1800,,False,Academy|Blacksmith|Conditioning Field|Furnace|Levy Hall|War College,4,9
"Sgt/Pike/Cloth [PrI, (RInd, EProw, SPie, NCun), Shake+1]|M4",Sergeant,Pike,,Cloth,,False,25,"Resolute,Shake +1,Immune Blocked,Parry",1800,,False,Academy|Blacksmith|Furnace|Levy Hall|Preceptory|War College,4,19
"Sgt/Halberd/Cloth [MiMiStM, (RInd, SProw, NPie, NCun)]|M4",Sergeant,Halberd,,Cloth,,False,25,"Drilled,Init +1,Immune Blocked,MaxInit3,Seize: first,Parry",1800,,False,Academy|Blacksmith|Furnace|Levy Hall|Ministry of Military Strategy|University|War College,4,13
"Sgt/Halberd/Cloth [(RInd, EProw, NPie, NCun), Nimble]|M4",Sergeant,Halberd,,Cloth,,False,25,"Nimble,Immune Blocked,Parry",1800,,False,Academy|Blacksmith|Conditioning Field|Furnace|Levy Hall|War College,4,9
"Sgt/BattleAxe/Cloth [(RInd, EProw, NPie, NCun), Nimble]|M4",Sergeant,Battle Axe,,Cloth,,False,25,"Nimble,Immune Blocked,Parry",1800,,False,Academy|Blacksmith|Conditioning Field|Furnace|Levy Hall|War College,4,9
"Sgt/2HBastard/Cloth [(EInd, EProw, NPie, NCun), Nimble, Parry +1, Riposte]|M4",Sergeant,2HBastard,,Cloth,,False,25,"Parry +1,Riposte,Nimble,Immune Blocked,Parry",1800,,False,Academy|Blacksmith|Coliseum|Conditioning Field|Forge|Furnace|Grand Tournament|Levy Hall|War College,4,12
"Sgt/2HBastard/Cloth [MiMiStI, (EInd, SProw, NPie, NCun)]|M4",Sergeant,2HBastard,,Cloth,,False,25,"Init +1,Immune Blocked,MaxInit3,Seize: first,Parry",1800,,False,Academy|Blacksmith|Forge|Furnace|Levy Hall|Ministry of Military Strategy|War College,4,16
"Sgt/2HBastard/Cloth [(EInd, EProw, NPie, NCun), Nimble]|M4",Sergeant,2HBastard,,Cloth,,False,25,"Nimble,Immune Blocked,Parry",1800,,False,Academy|Blacksmith|Conditioning Field|Forge|Furnace|Levy Hall|War College,4,12
"Sgt/WarHammer/Cloth [(EInd, EProw, NPie, NCun), Nimble]|M4",Sergeant,War Hammer,,Cloth,,False,25,"Nimble,Immune Blocked,Parry",1800,,False,Academy|Blacksmith|Conditioning Field|Forge|Furnace|Levy Hall|War College,4,12
"KT/FarmTools/Cloth [PrM, MiMiStM, (NInd, SProw, SPie, NCun), Rec 6, Shake+1]|M5",Knight Templar,Farm Tools,,Cloth,,False,25,"Drilled,Recover 6,Resolute,Shake +1,Parry,Immune Blocked,MaxInit3,Seize: first,Init +1",2000,,False,Abbey|Hospitaller|Ministry of Military Strategy|Monastery|Pilgrimage Site|Preceptory|University|War College,5,20
"KT/FarmTools/Cloth [RoPaM, PrM, (NInd, SProw, SPie, NCun), Rec 6, Shake+1]|M5",Knight Templar,Farm Tools,,Cloth,,False,25,"Strike +1,Recover 6,Resolute,Shake +1,Parry,Parry +1,Crit 8,Immune Blocked,Immune Strain",2000,,False,Abbey|Grand Tournament|Hospitaller|Monastery|Pilgrimage Site|Preceptory|Royal Pavilion|Tiltyard,5,20
"KT/FarmTools/Cloth [PrM, (NInd, EProw, SPie, NCun), Enduring, Nimble, Rec 6, Recover 7, Recover 8, Shake+1]|M5",Knight Templar,Farm Tools,,Cloth,,False,25,"Recover 6,Resolute,Shake +1,Nimble,Parry,Recover 7,Enduring,Recover 8,Immune Blocked",1900,,False,Abbey|Alchemy|Apothecary|Conditioning Field|Herb Garden|Hospitaller|Infirmary|Monastery|Pilgrimage Site|Preceptory,5,16
"KT/FarmTools/Buckler/Cloth [PrM, (RInd, EProw, SPie, NCun), Nimble, Rec 6, Shake+1]|M5",Knight Templar,Farm Tools,Buckler Shield,Cloth,,False,25,"Recover 6,Immune Blocked,Resolute,Shake +1,Nimble,Parry",1800,,False,Abbey|Carpentry|Conditioning Field|Hospitaller|Joinery|Monastery|Pilgrimage Site|Preceptory,5,19
"KT/FarmTools/Leather [PrM, (NInd, EProw, SPie, NCun), Nimble, Rec 6, Shake+1]|M5",Knight Templar,Farm Tools,,Leather,,False,25,"Recover 6,Immune Blocked,Resolute,Shake +1,Nimble,Parry",1800,,False,Abbey|Animal Husbandry|Conditioning Field|Hospitaller|Monastery|Pilgrimage Site|Preceptory|Tannery,5,16
"KT/FarmTools/Leather [RoPaI, PrM, (NInd, SProw, SPie, NCun), Rec 6, Shake+1]|M5",Knight Templar,Farm Tools,,Leather,,False,25,"Recover 6,Parry +1,Immune Blocked,Resolute,Shake +1,Parry,Immune Strain",1800,,False,Abbey|Animal Husbandry|Hospitaller|Monastery|Pilgrimage Site|Preceptory|Royal Pavilion|Tannery,5,20
"KT/Cudgel/Cloth [PrM, (NInd, EProw, SPie, NCun), Enduring, Nimble, Rec 6, Recover 7, Recover 8, Shake+1]|M5",Knight Templar,Cudgel,,Cloth,,False,25,"Recover 6,Resolute,Shake +1,Nimble,Parry,Recover 7,Enduring,Recover 8,Immune Blocked",1900,,False,Abbey|Alchemy|Apothecary|Conditioning Field|Herb Garden|Hospitaller|Infirmary|Monastery|Pilgrimage Site|Preceptory,5,16
"KT/Cudgel/Cloth [PrM, (NInd, EProw, SPie, NCun), Enduring, Nimble, Parry +1, Rec 6, Recover 7, Recover 8, Riposte, Shake+1]|M5",Knight Templar,Cudgel,,Cloth,,False,25,"Recover 6,Resolute,Shake +1,Nimble,Parry,Recover 7,Parry +1,Riposte,Enduring,Recover 8,Immune Blocked",1900,,False,Abbey|Alchemy|Apothecary|Coliseum|Conditioning Field|Grand Tournament|Herb Garden|Hospitaller|Infirmary|Monastery|Pilgrimage Site|Preceptory,5,16
"KT/Cudgel/Leather [PrM, (NInd, EProw, SPie, NCun), Nimble, Rec 6, Shake+1]|M5",Knight Templar,Cudgel,,Leather,,False,25,"Recover 6,Immune Blocked,Resolute,Shake +1,Nimble,Parry",1800,,False,Abbey|Animal Husbandry|Conditioning Field|Hospitaller|Monastery|Pilgrimage Site|Preceptory|Tannery,5,16
"KT/Cudgel/Leather [PrM, (NInd, EProw, SPie, NCun), Nimble, Parry +1, Rec 6, Riposte, Shake+1]|M5",Knight Templar,Cudgel,,Leather,,False,25,"Recover 6,Resolute,Shake +1,Nimble,Parry,Parry +1,Riposte,Immune Blocked",1800,,False,Abbey|Animal Husbandry|Coliseum|Conditioning Field|Grand Tournament|Hospitaller|Monastery|Pilgrimage Site|Preceptory|Tannery,5,16
"KT/Cudgel/Leather [RoPaI, PrM, (NInd, SProw, SPie, NCun), Rec 6, Shake+1]|M5",Knight Templar,Cudgel,,Leather,,False,25,"Recover 6,Parry +1,Immune Blocked,Resolute,Shake +1,Parry,Immune Strain",1800,,False,Abbey|Animal Husbandry|Hospitaller|Monastery|Pilgrimage Site|Preceptory|Royal Pavilion|Tannery,5,20
"KT/Pitchfork/Cloth [PrM, (NInd, EProw, SPie, NCun), Enduring, Nimble, Rec 6, Recover 7, Recover 8, Shake+1]|M5",Knight Templar,Pitchfork,,Cloth,,False,25,"Recover 6,Resolute,Shake +1,Nimble,Parry,Recover 7,Enduring,Recover 8,Immune Blocked",1900,,False,Abbey|Alchemy|Apothecary|Conditioning Field|Herb Garden|Hospitaller|Infirmary|Monastery|Pilgrimage Site|Preceptory,5,16
"KT/Pitchfork/Cloth [PrM, OuInPoI, (NInd, EProw, SPie, SCun), Enduring, Rec 6, Recover 7, Recover 8, Shake+1]|M5",Knight Templar,Pitchfork,,Cloth,,False,25,"Recover 6,confers:Strain,Resolute,Outrider: once,Shake +1,confers:Blocked,Parry,Recover 7,Enduring,Recover 8,Immune Blocked",1900,,False,Abbey|Alchemy|Apothecary|Herb Garden|Hospitaller|Infirmary|Monastery|Outrider Intercept Post|Pilgrimage Site|Preceptory,5,26
"KT/Pitchfork/Leather [PrM, (NInd, EProw, SPie, NCun), Nimble, Rec 6, Shake+1]|M5",Knight Templar,Pitchfork,,Leather,,False,25,"Recover 6,Immune Blocked,Resolute,Shake +1,Nimble,Parry",1800,,False,Abbey|Animal Husbandry|Conditioning Field|Hospitaller|Monastery|Pilgrimage Site|Preceptory|Tannery,5,16
"KT/Pitchfork/Leather [PrM, MiMiStI, (NInd, SProw, SPie, NCun), Rec 6, Shake+1]|M5",Knight Templar,Pitchfork,,Leather,,False,25,"Recover 6,Resolute,Shake +1,Parry,Immune Blocked,MaxInit3,Seize: first,Init +1",1800,,False,Abbey|Animal Husbandry|Hospitaller|Ministry of Military Strategy|Monastery|Pilgrimage Site|Preceptory|Tannery,5,20
"KT/Daggers/Cloth [PrM, (NInd, EProw, SPie, NCun), Nimble, Rec 6, Shake+1]|M5",Knight Templar,Daggers,,Cloth,,False,25,"Recover 6,Immune Blocked,Resolute,Shake +1,Nimble,Parry",2000,,False,Abbey|Conditioning Field|Furnace|Hospitaller|Monastery|Pilgrimage Site|Preceptory,5,16
"KT/Pike/Cloth [PrM, (RInd, EProw, SPie, NCun), Nimble, Rec 6, Shake+1]|M5",Knight Templar,Pike,,Cloth,,False,25,"Recover 6,Immune Blocked,Resolute,Shake +1,Nimble,Parry",2000,,False,Abbey|Blacksmith|Conditioning Field|Furnace|Hospitaller|Monastery|Pilgrimage Site|Preceptory,5,19
"KT/Pike/Cloth [PrM, MiMiStI, (RInd, SProw, SPie, NCun), Rec 6, Shake+1]|M5",Knight Templar,Pike,,Cloth,,False,25,"Recover 6,Resolute,Shake +1,Parry,Immune Blocked,MaxInit3,Seize: first,Init +1",2000,,False,Abbey|Blacksmith|Furnace|Hospitaller|Ministry of Military Strategy|Monastery|Pilgrimage Site|Preceptory,5,23
"KT/Halberd/Cloth [PrM, OuInPoI, (RInd, EProw, SPie, SCun), Rec 6, Shake+1]|M5",Knight Templar,Halberd,,Cloth,,False,25,"Recover 6,confers:Strain,Resolute,Outrider: once,Shake +1,confers:Blocked,Immune Blocked,Parry",2000,,False,Abbey|Blacksmith|Furnace|Hospitaller|Monastery|Outrider Intercept Post|Pilgrimage Site|Preceptory,5,29
"KT/Halberd/Cloth [PrM, (RInd, EProw, SPie, NCun), Nimble, Parry +1, Rec 6, Riposte, Shake+1]|M5",Knight Templar,Halberd,,Cloth,,False,25,"Recover 6,Resolute,Shake +1,Nimble,Parry,Parry +1,Riposte,Immune Blocked",2000,,False,Abbey|Blacksmith|Coliseum|Conditioning Field|Furnace|Grand Tournament|Hospitaller|Monastery|Pilgrimage Site|Preceptory,5,19
"KT/Halberd/Cloth [RoPaI, PrM, (RInd, SProw, SPie, NCun), Rec 6, Shake+1]|M5",Knight Templar,Halberd,,Cloth,,False,25,"Recover 6,Parry +1,Immune Blocked,Resolute,Shake +1,Parry,Immune Strain",2000,,False,Abbey|Blacksmith|Furnace|Hospitaller|Monastery|Pilgrimage Site|Preceptory|Royal Pavilion,5,23
"KT/BattleAxe/Cloth [PrM, (RInd, EProw, SPie, NCun), Nimble, Parry +1, Rec 6, Riposte, Shake+1]|M5",Knight Templar,Battle Axe,,Cloth,,False,25,"Recover 6,Resolute,Shake +1,Nimble,Parry,Parry +1,Riposte,Immune Blocked",2000,,False,Abbey|Blacksmith|Coliseum|Conditioning Field|Furnace|Grand Tournament|Hospitaller|Monastery|Pilgrimage Site|Preceptory,5,19
"KT/BattleAxe/Cloth [PrM, (RInd, EProw, SPie, NCun), Nimble, Rec 6, Shake+1]|M5",Knight Templar,Battle Axe,,Cloth,,False,25,"Recover 6,Immune Blocked,Resolute,Shake +1,Nimble,Parry",2000,,False,Abbey|Blacksmith|Conditioning Field|Furnace|Hospitaller|Monastery|Pilgrimage Site|Preceptory,5,19
"KT/2HBastard/Cloth [PrM, (EInd, EProw, SPie, NCun), Nimble, Rec 6, Shake+1]|M5",Knight Templar,2HBastard,,Cloth,,False,25,"Recover 6,Immune Blocked,Resolute,Shake +1,Nimble,Parry",2000,,False,Abbey|Blacksmith|Conditioning Field|Forge|Furnace|Hospitaller|Monastery|Pilgrimage Site|Preceptory,5,22
"KT/2HBastard/Cloth [PrM, (EInd, EProw, SPie, NCun), Nimble, Parry +1, Rec 6, Riposte, Shake+1]|M5",Knight Templar,2HBastard,,Cloth,,False,25,"Recover 6,Resolute,Shake +1,Nimble,Parry,Parry +1,Riposte,Immune Blocked",2000,,False,Abbey|Blacksmith|Coliseum|Conditioning Field|Forge|Furnace|Grand Tournament|Hospitaller|Monastery|Pilgrimage Site|Preceptory,5,22
"KT/WarHammer/Cloth [PrM, (EInd, EProw, SPie, NCun), Nimble, Rec 6, Shake+1]|M5",Knight Templar,War Hammer,,Cloth,,False,25,"Recover 6,Immune Blocked,Resolute,Shake +1,Nimble,Parry",2000,,False,Abbey|Blacksmith|Conditioning Field|Forge|Furnace|Hospitaller|Monastery|Pilgrimage Site|Preceptory,5,22
"KT/FarmTools/Cloth [PrM, MiMiStM, (NInd, SProw, SPie, NCun), Enduring, Rec 6, Recover 7, Recover 8, Shake+1]|M6",Knight Templar,Farm Tools,,Cloth,,False,25,"Drilled,Recover 6,Resolute,Shake +1,Parry,Recover 7,Immune Blocked,Enduring,MaxInit3,Recover 8,Seize: first,Init +1",1900,,False,Abbey|Alchemy|Apothecary|Herb Garden|Hospitaller|Infirmary|Ministry of Military Strategy|Monastery|Pilgrimage Site|Preceptory|University|War College,6,20
"KT/FarmTools/Cloth [RoPaM, PrM, (NInd, SProw, SPie, NCun), Enduring, Rec 6, Recover 7, Recover 8, Shake+1]|M6",Knight Templar,Farm Tools,,Cloth,,False,25,"Strike +1,Recover 6,Recover 8,Resolute,Shake +1,Parry,Recover 7,Parry +1,Enduring,Crit 8,Immune Blocked,Immune Strain",1900,,False,Abbey|Alchemy|Apothecary|Grand Tournament|Herb Garden|Hospitaller|Infirmary|Monastery|Pilgrimage Site|Preceptory|Royal Pavilion|Tiltyard,6,20
"KT/FarmTools/Cloth [PrM, (NInd, EProw, SPie, NCun), Nimble, Rec 6, Recover 8, Shake+1]|M6",Knight Templar,Farm Tools,,Cloth,,False,25,"Recover 6,Immune Blocked,Resolute,Shake +1,Recover 8,Nimble,Parry",2000,,False,Abbey|Apothecary|Conditioning Field|Herb Garden|Hospitaller|Monastery|Pilgrimage Site|Preceptory,6,16
"KT/FarmTools/Buckler/Cloth [PrM, (RInd, EProw, SPie, NCun), Enduring, Nimble, Rec 6, Recover 7, Recover 8, Shake+1]|M6",Knight Templar,Farm Tools,Buckler Shield,Cloth,,False,25,"Recover 6,Resolute,Shake +1,Nimble,Parry,Recover 7,Enduring,Recover 8,Immune Blocked",1700,,False,Abbey|Alchemy|Apothecary|Carpentry|Conditioning Field|Herb Garden|Hospitaller|Infirmary|Joinery|Monastery|Pilgrimage Site|Preceptory,6,19
"KT/FarmTools/Targe/Cloth [PrM, (RInd, EProw, SPie, NCun), Nimble, Rec 6, Shake+1]|M6",Knight Templar,Farm Tools,Targe Shield,Cloth,,False,25,"Recover 6,Immune Blocked,Resolute,Shake +1,Nimble,Parry",1800,,False,Abbey|Blacksmith|Carpentry|Conditioning Field|Furnace|Hospitaller|Joinery|Monastery|Pilgrimage Site|Preceptory,6,19
"KT/FarmTools/Tower/Cloth [PrM, (EInd, EProw, SPie, NCun), Nimble, Rec 6, Shake+1]|M6",Knight Templar,Farm Tools,Tower Shield,Cloth,,False,25,"Recover 6,Immune Blocked,Resolute,Shake +1,Nimble,Parry",1800,,False,Abbey|Blacksmith|Carpentry|Conditioning Field|Forge|Furnace|Hospitaller|Joinery|Monastery|Pilgrimage Site|Preceptory,6,22
"KT/FarmTools/Leather [RoPaM, PrM, (NInd, SProw, SPie, NCun), Rec 6, Shake+1]|M6",Knight Templar,Farm Tools,,Leather,,False,25,"Strike +1,Recover 6,Resolute,Shake +1,Parry,Parry +1,Crit 8,Immune Blocked,Immune Strain",1800,,False,Abbey|Animal Husbandry|Grand Tournament|Hospitaller|Monastery|Pilgrimage Site|Preceptory|Royal Pavilion|Tannery|Tiltyard,6,20
"KT/FarmTools/Leather [PrM, (NInd, EProw, SPie, NCun), Enduring, Nimble, Rec 6, Recover 7, Recover 8, Shake+1]|M6",Knight Templar,Farm Tools,,Leather,,False,25,"Recover 6,Resolute,Shake +1,Nimble,Parry,Recover 7,Enduring,Recover 8,Immune Blocked",1700,,False,Abbey|Alchemy|Animal Husbandry|Apothecary|Conditioning Field|Herb Garden|Hospitaller|Infirmary|Monastery|Pilgrimage Site|Preceptory|Tannery,6,16
"KT/FarmTools/Leather [RoPaI, PrM, (NInd, SProw, SPie, NCun), Enduring, Rec 6, Recover 7, Recover 8, Shake+1]|M6",Knight Templar,Farm Tools,,Leather,,False,25,"Recover 6,Resolute,Shake +1,Parry,Recover 7,Parry +1,Enduring,Recover 8,Immune Blocked,Immune Strain",1700,,False,Abbey|Alchemy|Animal Husbandry|Apothecary|Herb Garden|Hospitaller|Infirmary|Monastery|Pilgrimage Site|Preceptory|Royal Pavilion|Tannery,6,20
"KT/FarmTools/Buckler/Leather [PrM, (RInd, EProw, SPie, NCun), Nimble, Rec 6, Shake+1]|M6",Knight Templar,Farm Tools,Buckler Shield,Leather,,False,25,"Recover 6,Immune Blocked,Resolute,Shake +1,Nimble,Parry",1600,,False,Abbey|Animal Husbandry|Carpentry|Conditioning Field|Hospitaller|Joinery|Monastery|Pilgrimage Site|Preceptory|Tannery,6,19
"KT/FarmTools/Chain [PrM, (RInd, EProw, SPie, NCun), Nimble, Parry +1, Rec 6, Riposte, Shake+1]|M6",Knight Templar,Farm Tools,,Chainmail,,False,25,"Recover 6,Resolute,Shake +1,Nimble,Parry,Parry +1,Riposte,Immune Blocked",1600,,False,Abbey|Animal Husbandry|Armory|Blacksmith|Coliseum|Conditioning Field|Furnace|Grand Tournament|Hospitaller|Monastery|Pilgrimage Site|Preceptory|Tannery,6,19
"KT/FarmTools/Chain [PrM, (RInd, EProw, SPie, NCun), Nimble, Rec 6, Shake+1]|M6",Knight Templar,Farm Tools,,Chainmail,,False,25,"Recover 6,Immune Blocked,Resolute,Shake +1,Nimble,Parry",1600,,False,Abbey|Animal Husbandry|Armory|Blacksmith|Conditioning Field|Furnace|Hospitaller|Monastery|Pilgrimage Site|Preceptory|Tannery,6,19
"KT/FarmTools/FullPlate [PrM, (EInd, EProw, SPie, NCun), Nimble, Temp, Rec 6, Shake+1]|M6",Knight Templar,Farm Tools,,Full Plate,,False,25,"Recover 6,Immune Blocked,Planishing,Resolute,Shake +1,Nimble,Parry",1600,,False,Abbey|Animal Husbandry|Armory|Blacksmith|Conditioning Field|Furnace|Gilded Foundry|Hospitaller|Monastery|Pilgrimage Site|Preceptory|Tannery,6,22
"KT/Cudgel/Cloth [PrM, (NInd, EProw, SPie, NCun), Nimble, Rec 6, Recover 8, Shake+1]|M6",Knight Templar,Cudgel,,Cloth,,False,25,"Recover 6,Immune Blocked,Resolute,Shake +1,Recover 8,Nimble,Parry",2000,,False,Abbey|Apothecary|Conditioning Field|Herb Garden|Hospitaller|Monastery|Pilgrimage Site|Preceptory,6,16
"KT/Cudgel/Cloth [PrM, (NInd, EProw, SPie, NCun), Nimble, Parry +1, Rec 6, Recover 8, Riposte, Shake+1]|M6",Knight Templar,Cudgel,,Cloth,,False,25,"Recover 6,Resolute,Shake +1,Nimble,Parry,Parry +1,Riposte,Recover 8,Immune Blocked",2000,,False,Abbey|Apothecary|Coliseum|Conditioning Field|Grand Tournament|Herb Garden|Hospitaller|Monastery|Pilgrimage Site|Preceptory,6,16
"KT/Cudgel/Leather [PrM, (NInd, EProw, SPie, NCun), Enduring, Nimble, Rec 6, Recover 7, Recover 8, Shake+1]|M6",Knight Templar,Cudgel,,Leather,,False,25,"Recover 6,Resolute,Shake +1,Nimble,Parry,Recover 7,Enduring,Recover 8,Immune Blocked",1700,,False,Abbey|Alchemy|Animal Husbandry|Apothecary|Conditioning Field|Herb Garden|Hospitaller|Infirmary|Monastery|Pilgrimage Site|Preceptory|Tannery,6,16
"KT/Cudgel/Leather [PrM, (NInd, EProw, SPie, NCun), Enduring, Nimble, Parry +1, Rec 6, Recover 7, Recover 8, Riposte, Shake+1]|M6",Knight Templar,Cudgel,,Leather,,False,25,"Recover 6,Resolute,Shake +1,Nimble,Parry,Recover 7,Parry +1,Riposte,Enduring,Recover 8,Immune Blocked",1700,,False,Abbey|Alchemy|Animal Husbandry|Apothecary|Coliseum|Conditioning Field|Grand Tournament|Herb Garden|Hospitaller|Infirmary|Monastery|Pilgrimage Site|Preceptory|Tannery,6,16
"KT/Cudgel/Leather [RoPaI, PrM, (NInd, SProw, SPie, NCun), Enduring, Rec 6, Recover 7, Recover 8, Shake+1]|M6",Knight Templar,Cudgel,,Leather,,False,25,"Recover 6,Resolute,Shake +1,Parry,Recover 7,Parry +1,Enduring,Recover 8,Immune Blocked,Immune Strain",1700,,False,Abbey|Alchemy|Animal Husbandry|Apothecary|Herb Garden|Hospitaller|Infirmary|Monastery|Pilgrimage Site|Preceptory|Royal Pavilion|Tannery,6,20
"KT/Cudgel/Chain [PrM, (RInd, EProw, SPie, NCun), Nimble, Rec 6, Shake+1]|M6",Knight Templar,Cudgel,,Chainmail,,False,25,"Recover 6,Immune Blocked,Resolute,Shake +1,Nimble,Parry",1600,,False,Abbey|Animal Husbandry|Armory|Blacksmith|Conditioning Field|Furnace|Hospitaller|Monastery|Pilgrimage Site|Preceptory|Tannery,6,19
"KT/Cudgel/Chain [PrM, MiMiStI, (RInd, SProw, SPie, NCun), Rec 6, Shake+1]|M6",Knight Templar,Cudgel,,Chainmail,,False,25,"Recover 6,Resolute,Shake +1,Parry,Immune Blocked,MaxInit3,Seize: first,Init +1",1600,,False,Abbey|Animal Husbandry|Armory|Blacksmith|Furnace|Hospitaller|Ministry of Military Strategy|Monastery|Pilgrimage Site|Preceptory|Tannery,6,23
"KT/Cudgel/FullPlate [PrM, (EInd, EProw, SPie, NCun), Nimble, Temp, Rec 6, Shake+1]|M6",Knight Templar,Cudgel,,Full Plate,,False,25,"Recover 6,Immune Blocked,Planishing,Resolute,Shake +1,Nimble,Parry",1600,,False,Abbey|Animal Husbandry|Armory|Blacksmith|Conditioning Field|Furnace|Gilded Foundry|Hospitaller|Monastery|Pilgrimage Site|Preceptory|Tannery,6,22
"KT/Pitchfork/Cloth [PrM, (NInd, EProw, SPie, NCun), Nimble, Rec 6, Recover 8, Shake+1]|M6",Knight Templar,Pitchfork,,Cloth,,False,25,"Recover 6,Immune Blocked,Resolute,Shake +1,Recover 8,Nimble,Parry",2000,,False,Abbey|Apothecary|Conditioning Field|Herb Garden|Hospitaller|Monastery|Pilgrimage Site|Preceptory,6,16
"KT/Pitchfork/Cloth [PrM, OuInPoI, (NInd, EProw, SPie, SCun), Rec 6, Recover 8, Shake+1]|M6",Knight Templar,Pitchfork,,Cloth,,False,25,"Recover 6,confers:Strain,Resolute,Outrider: once,Shake +1,confers:Blocked,Parry,Recover 8,Immune Blocked",2000,,False,Abbey|Apothecary|Herb Garden|Hospitaller|Monastery|Outrider Intercept Post|Pilgrimage Site|Preceptory,6,26
"KT/Pitchfork/Leather [PrM, (NInd, EProw, SPie, NCun), Enduring, Nimble, Rec 6, Recover 7, Recover 8, Shake+1]|M6",Knight Templar,Pitchfork,,Leather,,False,25,"Recover 6,Resolute,Shake +1,Nimble,Parry,Recover 7,Enduring,Recover 8,Immune Blocked",1700,,False,Abbey|Alchemy|Animal Husbandry|Apothecary|Conditioning Field|Herb Garden|Hospitaller|Infirmary|Monastery|Pilgrimage Site|Preceptory|Tannery,6,16
"KT/Pitchfork/Leather [PrM, MiMiStI, (NInd, SProw, SPie, NCun), Enduring, Rec 6, Recover 7, Recover 8, Shake+1]|M6",Knight Templar,Pitchfork,,Leather,,False,25,"Recover 6,Resolute,Shake +1,Parry,Recover 7,Immune Blocked,Enduring,MaxInit3,Recover 8,Seize: first,Init +1",1700,,False,Abbey|Alchemy|Animal Husbandry|Apothecary|Herb Garden|Hospitaller|Infirmary|Ministry of Military Strategy|Monastery|Pilgrimage Site|Preceptory|Tannery,6,20
"KT/Pitchfork/Chain [PrM, (RInd, EProw, SPie, NCun), Nimble, Rec 6, Shake+1]|M6",Knight Templar,Pitchfork,,Chainmail,,False,25,"Recover 6,Immune Blocked,Resolute,Shake +1,Nimble,Parry",1600,,False,Abbey|Animal Husbandry|Armory|Blacksmith|Conditioning Field|Furnace|Hospitaller|Monastery|Pilgrimage Site|Preceptory|Tannery,6,19
"KT/Pitchfork/FullPlate [PrM, (EInd, EProw, SPie, NCun), Nimble, Parry +1, Temp, Rec 6, Riposte, Shake+1]|M6",Knight Templar,Pitchfork,,Full Plate,,False,25,"Recover 6,Resolute,Shake +1,Nimble,Parry,Parry +1,Riposte,Immune Blocked,Planishing",1600,,False,Abbey|Animal Husbandry|Armory|Blacksmith|Coliseum|Conditioning Field|Furnace|Gilded Foundry|Grand Tournament|Hospitaller|Monastery|Pilgrimage Site|Preceptory|Tannery,6,22
"KT/Pitchfork/FullPlate [PrM, (EInd, EProw, SPie, NCun), Nimble, Temp, Rec 6, Shake+1]|M6",Knight Templar,Pitchfork,,Full Plate,,False,25,"Recover 6,Immune Blocked,Planishing,Resolute,Shake +1,Nimble,Parry",1600,,False,Abbey|Animal Husbandry|Armory|Blacksmith|Conditioning Field|Furnace|Gilded Foundry|Hospitaller|Monastery|Pilgrimage Site|Preceptory|Tannery,6,22
"KT/Daggers/Cloth [PrM, (NInd, EProw, SPie, NCun), Enduring, Nimble, Rec 6, Recover 7, Recover 8, Shake+1]|M6",Knight Templar,Daggers,,Cloth,,False,25,"Recover 6,Resolute,Shake +1,Nimble,Parry,Recover 7,Enduring,Recover 8,Immune Blocked",1900,,False,Abbey|Alchemy|Apothecary|Conditioning Field|Furnace|Herb Garden|Hospitaller|Infirmary|Monastery|Pilgrimage Site|Preceptory,6,16
"KT/Daggers/Leather [PrM, (NInd, EProw, SPie, NCun), Nimble, Rec 6, Shake+1]|M6",Knight Templar,Daggers,,Leather,,False,25,"Recover 6,Immune Blocked,Resolute,Shake +1,Nimble,Parry",1800,,False,Abbey|Animal Husbandry|Conditioning Field|Furnace|Hospitaller|Monastery|Pilgrimage Site|Preceptory|Tannery,6,16
"KT/Daggers/Leather [RoPaI, PrM, (NInd, SProw, SPie, NCun), Rec 6, Shake+1]|M6",Knight Templar,Daggers,,Leather,,False,25,"Recover 6,Parry +1,Immune Blocked,Resolute,Shake +1,Parry,Immune Strain",1800,,False,Abbey|Animal Husbandry|Furnace|Hospitaller|Monastery|Pilgrimage Site|Preceptory|Royal Pavilion|Tannery,6,20
"KT/Daggers/Chain [RoPaI, PrM, (RInd, SProw, SPie, NCun), Rec 6, Shake+1]|M6",Knight Templar,Daggers,,Chainmail,,False,25,"Recover 6,Parry +1,Immune Blocked,Resolute,Shake +1,Parry,Immune Strain",1600,,False,Abbey|Animal Husbandry|Armory|Blacksmith|Furnace|Hospitaller|Monastery|Pilgrimage Site|Preceptory|Royal Pavilion|Tannery,6,23
"KT/Daggers/Chain [PrM, (RInd, EProw, SPie, NCun), Nimble, Rec 6, Shake+1]|M6",Knight Templar,Daggers,,Chainmail,,False,25,"Recover 6,Immune Blocked,Resolute,Shake +1,Nimble,Parry",1600,,False,Abbey|Animal Husbandry|Armory|Blacksmith|Conditioning Field|Furnace|Hospitaller|Monastery|Pilgrimage Site|Preceptory|Tannery,6,19
"KT/Daggers/FullPlate [PrM, (EInd, EProw, SPie, NCun), Nimble, Temp, Rec 6, Shake+1]|M6",Knight Templar,Daggers,,Full Plate,,False,25,"Recover 6,Immune Blocked,Planishing,Resolute,Shake +1,Nimble,Parry",1600,,False,Abbey|Animal Husbandry|Armory|Blacksmith|Conditioning Field|Furnace|Gilded Foundry|Hospitaller|Monastery|Pilgrimage Site|Preceptory|Tannery,6,22
"KT/ShortSword/Targe/Cloth [PrM, (RInd, EProw, SPie, NCun), Nimble, Rec 6, Shake+1]|M6",Knight Templar,Short Sword,Targe Shield,Cloth,,False,25,"Recover 6,Immune Blocked,Resolute,Shake +1,Nimble,Parry",1800,,False,Abbey|Blacksmith|Carpentry|Conditioning Field|Furnace|Hospitaller|Joinery|Monastery|Pilgrimage Site|Preceptory,6,19
"KT/ShortSword/Tower/Cloth [PrM, (EInd, EProw, SPie, NCun), Nimble, Rec 6, Shake+1]|M6",Knight Templar,Short Sword,Tower Shield,Cloth,,False,25,"Recover 6,Immune Blocked,Resolute,Shake +1,Nimble,Parry",1800,,False,Abbey|Blacksmith|Carpentry|Conditioning Field|Forge|Furnace|Hospitaller|Joinery|Monastery|Pilgrimage Site|Preceptory,6,22
"KT/Spears/Targe/Cloth [PrM, (RInd, EProw, SPie, NCun), Nimble, Parry +1, Rec 6, Riposte, Shake+1]|M6",Knight Templar,Spears,Targe Shield,Cloth,,False,25,"Recover 6,Resolute,Shake +1,Nimble,Parry,Parry +1,Riposte,Immune Blocked",1800,,False,Abbey|Blacksmith|Carpentry|Coliseum|Conditioning Field|Furnace|Grand Tournament|Hospitaller|Joinery|Monastery|Pilgrimage Site|Preceptory,6,19
"KT/Spears/Targe/Cloth [PrM, (RInd, EProw, SPie, NCun), Nimble, Rec 6, Shake+1]|M6",Knight Templar,Spears,Targe Shield,Cloth,,False,25,"Recover 6,Immune Blocked,Resolute,Shake +1,Nimble,Parry",1800,,False,Abbey|Blacksmith|Carpentry|Conditioning Field|Furnace|Hospitaller|Joinery|Monastery|Pilgrimage Site|Preceptory,6,19
"KT/Spears/Tower/Cloth [PrM, (EInd, EProw, SPie, NCun), Nimble, Rec 6, Shake+1]|M6",Knight Templar,Spears,Tower Shield,Cloth,,False,25,"Recover 6,Immune Blocked,Resolute,Shake +1,Nimble,Parry",1800,,False,Abbey|Blacksmith|Carpentry|Conditioning Field|Forge|Furnace|Hospitaller|Joinery|Monastery|Pilgrimage Site|Preceptory,6,22
"KT/Arming/Tower/Cloth [PrM, (EInd, EProw, SPie, NCun), Nimble, Rec 6, Shake+1]|M6",Knight Templar,Arming Sword,Tower Shield,Cloth,,False,25,"Recover 6,Immune Blocked,Resolute,Shake +1,Nimble,Parry",1800,,False,Abbey|Blacksmith|Carpentry|Conditioning Field|Forge|Furnace|Hospitaller|Joinery|Monastery|Pilgrimage Site|Preceptory,6,22
"KT/Arming/Tower/Cloth [PrM, (EInd, EProw, SPie, NCun), Nimble, Parry +1, Rec 6, Riposte, Shake+1]|M6",Knight Templar,Arming Sword,Tower Shield,Cloth,,False,25,"Recover 6,Resolute,Shake +1,Nimble,Parry,Parry +1,Riposte,Immune Blocked",1800,,False,Abbey|Blacksmith|Carpentry|Coliseum|Conditioning Field|Forge|Furnace|Grand Tournament|Hospitaller|Joinery|Monastery|Pilgrimage Site|Preceptory,6,22
"KT/Pike/Cloth [PrM, (RInd, EProw, SPie, NCun), Enduring, Nimble, Rec 6, Recover 7, Recover 8, Shake+1]|M6",Knight Templar,Pike,,Cloth,,False,25,"Recover 6,Resolute,Shake +1,Nimble,Parry,Recover 7,Enduring,Recover 8,Immune Blocked",1900,,False,Abbey|Alchemy|Apothecary|Blacksmith|Conditioning Field|Furnace|Herb Garden|Hospitaller|Infirmary|Monastery|Pilgrimage Site|Preceptory,6,19
"KT/Pike/Cloth [PrM, MiMiStI, (RInd, SProw, SPie, NCun), Enduring, Rec 6, Recover 7, Recover 8, Shake+1]|M6",Knight Templar,Pike,,Cloth,,False,25,"Recover 6,Resolute,Shake +1,Parry,Recover 7,Immune Blocked,Enduring,MaxInit3,Recover 8,Seize: first,Init +1",1900,,False,Abbey|Alchemy|Apothecary|Blacksmith|Furnace|Herb Garden|Hospitaller|Infirmary|Ministry of Military Strategy|Monastery|Pilgrimage Site|Preceptory,6,23
"KT/Pike/Leather [PrM, (RInd, EProw, SPie, NCun), Nimble, Rec 6, Shake+1]|M6",Knight Templar,Pike,,Leather,,False,25,"Recover 6,Immune Blocked,Resolute,Shake +1,Nimble,Parry",1800,,False,Abbey|Animal Husbandry|Blacksmith|Conditioning Field|Furnace|Hospitaller|Monastery|Pilgrimage Site|Preceptory|Tannery,6,19
"KT/Pike/Leather [PrM, (RInd, EProw, SPie, NCun), Nimble, Parry +1, Rec 6, Riposte, Shake+1]|M6",Knight Templar,Pike,,Leather,,False,25,"Recover 6,Resolute,Shake +1,Nimble,Parry,Parry +1,Riposte,Immune Blocked",1800,,False,Abbey|Animal Husbandry|Blacksmith|Coliseum|Conditioning Field|Furnace|Grand Tournament|Hospitaller|Monastery|Pilgrimage Site|Preceptory|Tannery,6,19
"KT/Pike/Chain [PrM, (RInd, EProw, SPie, NCun), Nimble, Rec 6, Shake+1]|M6",Knight Templar,Pike,,Chainmail,,False,25,"Recover 6,Immune Blocked,Resolute,Shake +1,Nimble,Parry",1600,,False,Abbey|Animal Husbandry|Armory|Blacksmith|Conditioning Field|Furnace|Hospitaller|Monastery|Pilgrimage Site|Preceptory|Tannery,6,19
"KT/Pike/FullPlate [PrM, (EInd, EProw, SPie, NCun), Nimble, Temp, Rec 6, Shake+1]|M6",Knight Templar,Pike,,Full Plate,,False,25,"Recover 6,Immune Blocked,Planishing,Resolute,Shake +1,Nimble,Parry",1600,,False,Abbey|Animal Husbandry|Armory|Blacksmith|Conditioning Field|Furnace|Gilded Foundry|Hospitaller|Monastery|Pilgrimage Site|Preceptory|Tannery,6,22
"KT/Flail/Tower/Cloth [PrM, (EInd, EProw, SPie, NCun), Nimble, Rec 6, Shake+1]|M6",Knight Templar,Flail,Tower Shield,Cloth,,False,25,"Recover 6,Immune Blocked,Resolute,Shake +1,Nimble,Parry",1800,,False,Abbey|Blacksmith|Carpentry|Conditioning Field|Forge|Furnace|Hospitaller|Joinery|Monastery|Pilgrimage Site|Preceptory,6,22
"KT/Halberd/Cloth [PrM, OuInPoI, (RInd, EProw, SPie, SCun), Enduring, Rec 6, Recover 7, Recover 8, Shake+1]|M6",Knight Templar,Halberd,,Cloth,,False,25,"Recover 6,confers:Strain,Resolute,Outrider: once,Shake +1,confers:Blocked,Parry,Recover 7,Enduring,Recover 8,Immune Blocked",1900,,False,Abbey|Alchemy|Apothecary|Blacksmith|Furnace|Herb Garden|Hospitaller|Infirmary|Monastery|Outrider Intercept Post|Pilgrimage Site|Preceptory,6,29
"KT/Halberd/Cloth [PrM, (RInd, EProw, SPie, NCun), Enduring, Nimble, Parry +1, Rec 6, Recover 7, Recover 8, Riposte, Shake+1]|M6",Knight Templar,Halberd,,Cloth,,False,25,"Recover 6,Resolute,Shake +1,Nimble,Parry,Recover 7,Parry +1,Riposte,Enduring,Recover 8,Immune Blocked",1900,,False,Abbey|Alchemy|Apothecary|Blacksmith|Coliseum|Conditioning Field|Furnace|Grand Tournament|Herb Garden|Hospitaller|Infirmary|Monastery|Pilgrimage Site|Preceptory,6,19
"KT/Halberd/Cloth [RoPaI, PrM, (RInd, SProw, SPie, NCun), Enduring, Rec 6, Recover 7, Recover 8, Shake+1]|M6",Knight Templar,Halberd,,Cloth,,False,25,"Recover 6,Resolute,Shake +1,Parry,Recover 7,Parry +1,Enduring,Recover 8,Immune Blocked,Immune Strain",1900,,False,Abbey|Alchemy|Apothecary|Blacksmith|Furnace|Herb Garden|Hospitaller|Infirmary|Monastery|Pilgrimage Site|Preceptory|Royal Pavilion,6,23
"KT/Halberd/Leather [PrM, (RInd, EProw, SPie, NCun), Nimble, Rec 6, Shake+1]|M6",Knight Templar,Halberd,,Leather,,False,25,"Recover 6,Immune Blocked,Resolute,Shake +1,Nimble,Parry",1800,,False,Abbey|Animal Husbandry|Blacksmith|Conditioning Field|Furnace|Hospitaller|Monastery|Pilgrimage Site|Preceptory|Tannery,6,19
"KT/Halberd/Chain [PrM, (RInd, EProw, SPie, NCun), Nimble, Rec 6, Shake+1]|M6",Knight Templar,Halberd,,Chainmail,,False,25,"Recover 6,Immune Blocked,Resolute,Shake +1,Nimble,Parry",1600,,False,Abbey|Animal Husbandry|Armory|Blacksmith|Conditioning Field|Furnace|Hospitaller|Monastery|Pilgrimage Site|Preceptory|Tannery,6,19
"KT/Halberd/Chain [PrM, OuInPoI, (RInd, EProw, SPie, SCun), Rec 6, Shake+1]|M6",Knight Templar,Halberd,,Chainmail,,False,25,"Recover 6,confers:Strain,Resolute,Outrider: once,Shake +1,confers:Blocked,Immune Blocked,Parry",1600,,False,Abbey|Animal Husbandry|Armory|Blacksmith|Furnace|Hospitaller|Monastery|Outrider Intercept Post|Pilgrimage Site|Preceptory|Tannery,6,29
"KT/Halberd/FullPlate [PrM, (EInd, EProw, SPie, NCun), Nimble, Temp, Rec 6, Shake+1]|M6",Knight Templar,Halberd,,Full Plate,,False,25,"Recover 6,Immune Blocked,Planishing,Resolute,Shake +1,Nimble,Parry",1600,,False,Abbey|Animal Husbandry|Armory|Blacksmith|Conditioning Field|Furnace|Gilded Foundry|Hospitaller|Monastery|Pilgrimage Site|Preceptory|Tannery,6,22
"KT/BattleAxe/Cloth [PrM, (RInd, EProw, SPie, NCun), Enduring, Nimble, Parry +1, Rec 6, Recover 7, Recover 8, Riposte, Shake+1]|M6",Knight Templar,Battle Axe,,Cloth,,False,25,"Recover 6,Resolute,Shake +1,Nimble,Parry,Recover 7,Parry +1,Riposte,Enduring,Recover 8,Immune Blocked",1900,,False,Abbey|Alchemy|Apothecary|Blacksmith|Coliseum|Conditioning Field|Furnace|Grand Tournament|Herb Garden|Hospitaller|Infirmary|Monastery|Pilgrimage Site|Preceptory,6,19
"KT/BattleAxe/Cloth [PrM, (RInd, EProw, SPie, NCun), Enduring, Nimble, Rec 6, Recover 7, Recover 8, Shake+1]|M6",Knight Templar,Battle Axe,,Cloth,,False,25,"Recover 6,Resolute,Shake +1,Nimble,Parry,Recover 7,Enduring,Recover 8,Immune Blocked",1900,,False,Abbey|Alchemy|Apothecary|Blacksmith|Conditioning Field|Furnace|Herb Garden|Hospitaller|Infirmary|Monastery|Pilgrimage Site|Preceptory,6,19
"KT/BattleAxe/Leather [PrM, (RInd, EProw, SPie, NCun), Nimble, Rec 6, Shake+1]|M6",Knight Templar,Battle Axe,,Leather,,False,25,"Recover 6,Immune Blocked,Resolute,Shake +1,Nimble,Parry",1800,,False,Abbey|Animal Husbandry|Blacksmith|Conditioning Field|Furnace|Hospitaller|Monastery|Pilgrimage Site|Preceptory|Tannery,6,19
"KT/BattleAxe/Chain [PrM, (RInd, EProw, SPie, NCun), Nimble, Rec 6, Shake+1]|M6",Knight Templar,Battle Axe,,Chainmail,,False,25,"Recover 6,Immune Blocked,Resolute,Shake +1,Nimble,Parry",1600,,False,Abbey|Animal Husbandry|Armory|Blacksmith|Conditioning Field|Furnace|Hospitaller|Monastery|Pilgrimage Site|Preceptory|Tannery,6,19
"KT/BattleAxe/FullPlate [PrM, MiMiStI, (EInd, SProw, SPie, NCun), Temp, Rec 6, Shake+1]|M6",Knight Templar,Battle Axe,,Full Plate,,False,25,"Recover 6,Resolute,Shake +1,Parry,Init +1,Immune Blocked,MaxInit3,Seize: first,Planishing",1600,,False,Abbey|Animal Husbandry|Armory|Blacksmith|Furnace|Gilded Foundry|Hospitaller|Ministry of Military Strategy|Monastery|Pilgrimage Site|Preceptory|Tannery,6,26
"KT/BattleAxe/FullPlate [PrM, (EInd, EProw, SPie, NCun), Nimble, Temp, Rec 6, Shake+1]|M6",Knight Templar,Battle Axe,,Full Plate,,False,25,"Recover 6,Immune Blocked,Planishing,Resolute,Shake +1,Nimble,Parry",1600,,False,Abbey|Animal Husbandry|Armory|Blacksmith|Conditioning Field|Furnace|Gilded Foundry|Hospitaller|Monastery|Pilgrimage Site|Preceptory|Tannery,6,22
"KT/Cavalry Spear/Buckler/Cloth [PrM, (RInd, EProw, SPie, NCun), Nimble, Rec 6, Shake+1]|M6",Knight Templar,Cavalry Spear,Buckler Shield,Cloth,,False,25,"Recover 6,Immune Blocked,Resolute,Shake +1,Nimble,Parry",1800,,False,Abbey|Blacksmith|Carpentry|Conditioning Field|Furnace|Hospitaller|Joinery|Monastery|Pilgrimage Site|Preceptory,6,19
"KT/Cavalry Spear/Buckler/Cloth [PrM, (RInd, EProw, SPie, NCun), Nimble, Parry +1, Rec 6, Riposte, Shake+1]|M6",Knight Templar,Cavalry Spear,Buckler Shield,Cloth,,False,25,"Recover 6,Resolute,Shake +1,Nimble,Parry,Parry +1,Riposte,Immune Blocked",1800,,False,Abbey|Blacksmith|Carpentry|Coliseum|Conditioning Field|Furnace|Grand Tournament|Hospitaller|Joinery|Monastery|Pilgrimage Site|Preceptory,6,19
"KT/Cavalry Spear/Targe/Cloth [PrM, (RInd, EProw, SPie, NCun), Nimble, Rec 6, Shake+1]|M6",Knight Templar,Cavalry Spear,Targe Shield,Cloth,,False,25,"Recover 6,Immune Blocked,Resolute,Shake +1,Nimble,Parry",1800,,False,Abbey|Blacksmith|Carpentry|Conditioning Field|Furnace|Hospitaller|Joinery|Monastery|Pilgrimage Site|Preceptory,6,19
"KT/Morningstar/Tower/Cloth [PrM, (EInd, EProw, SPie, NCun), Nimble, Rec 6, Shake+1]|M6",Knight Templar,Morningstar,Tower Shield,Cloth,,False,25,"Recover 6,Immune Blocked,Resolute,Shake +1,Nimble,Parry",1800,,False,Abbey|Blacksmith|Carpentry|Conditioning Field|Forge|Furnace|Hospitaller|Joinery|Monastery|Pilgrimage Site|Preceptory,6,22
"KT/Bastard/Tower/Cloth [PrM, (EInd, EProw, SPie, NCun), Nimble, Rec 6, Shake+1]|M6",Knight Templar,Bastard Sword,Tower Shield,Cloth,,False,25,"Recover 6,Immune Blocked,Resolute,Shake +1,Nimble,Parry",1800,,False,Abbey|Blacksmith|Carpentry|Conditioning Field|Forge|Furnace|Hospitaller|Joinery|Monastery|Pilgrimage Site|Preceptory,6,22
"KT/2HBastard/Cloth [PrM, (EInd, EProw, SPie, NCun), Enduring, Nimble, Rec 6, Recover 7, Recover 8, Shake+1]|M6",Knight Templar,2HBastard,,Cloth,,False,25,"Recover 6,Resolute,Shake +1,Nimble,Parry,Recover 7,Enduring,Recover 8,Immune Blocked",1900,,False,Abbey|Alchemy|Apothecary|Blacksmith|Conditioning Field|Forge|Furnace|Herb Garden|Hospitaller|Infirmary|Monastery|Pilgrimage Site|Preceptory,6,22
"KT/2HBastard/Cloth [PrM, MiMiStM, (EInd, SProw, SPie, NCun), Rec 6, Shake+1]|M6",Knight Templar,2HBastard,,Cloth,,False,25,"Drilled,Recover 6,Resolute,Shake +1,Parry,Immune Blocked,MaxInit3,Seize: first,Init +1",2000,,False,Abbey|Blacksmith|Forge|Furnace|Hospitaller|Ministry of Military Strategy|Monastery|Pilgrimage Site|Preceptory|University|War College,6,26
"KT/2HBastard/Cloth [PrM, (EInd, EProw, SPie, NCun), Enduring, Nimble, Parry +1, Rec 6, Recover 7, Recover 8, Riposte, Shake+1]|M6",Knight Templar,2HBastard,,Cloth,,False,25,"Recover 6,Resolute,Shake +1,Nimble,Parry,Recover 7,Parry +1,Riposte,Enduring,Recover 8,Immune Blocked",1900,,False,Abbey|Alchemy|Apothecary|Blacksmith|Coliseum|Conditioning Field|Forge|Furnace|Grand Tournament|Herb Garden|Hospitaller|Infirmary|Monastery|Pilgrimage Site|Preceptory,6,22
"KT/2HBastard/Leather [PrM, (EInd, EProw, SPie, NCun), Nimble, Rec 6, Shake+1]|M6",Knight Templar,2HBastard,,Leather,,False,25,"Recover 6,Immune Blocked,Resolute,Shake +1,Nimble,Parry",1800,,False,Abbey|Animal Husbandry|Blacksmith|Conditioning Field|Forge|Furnace|Hospitaller|Monastery|Pilgrimage Site|Preceptory|Tannery,6,22
"KT/2HBastard/Chain [PrM, (EInd, EProw, SPie, NCun), Nimble, Parry +1, Rec 6, Riposte, Shake+1]|M6",Knight Templar,2HBastard,,Chainmail,,False,25,"Recover 6,Resolute,Shake +1,Nimble,Parry,Parry +1,Riposte,Immune Blocked",1600,,False,Abbey|Animal Husbandry|Armory|Blacksmith|Coliseum|Conditioning Field|Forge|Furnace|Grand Tournament|Hospitaller|Monastery|Pilgrimage Site|Preceptory|Tannery,6,22
"KT/2HBastard/FullPlate [PrM, (EInd, EProw, SPie, NCun), Nimble, Temp, Rec 6, Shake+1]|M6",Knight Templar,2HBastard,,Full Plate,,False,25,"Recover 6,Immune Blocked,Planishing,Resolute,Shake +1,Nimble,Parry",1600,,False,Abbey|Animal Husbandry|Armory|Blacksmith|Conditioning Field|Forge|Furnace|Gilded Foundry|Hospitaller|Monastery|Pilgrimage Site|Preceptory|Tannery,6,22
"KT/WarHammer/Cloth [PrM, (EInd, EProw, SPie, NCun), Enduring, Nimble, Rec 6, Recover 7, Recover 8, Shake+1]|M6",Knight Templar,War Hammer,,Cloth,,False,25,"Recover 6,Resolute,Shake +1,Nimble,Parry,Recover 7,Enduring,Recover 8,Immune Blocked",1900,,False,Abbey|Alchemy|Apothecary|Blacksmith|Conditioning Field|Forge|Furnace|Herb Garden|Hospitaller|Infirmary|Monastery|Pilgrimage Site|Preceptory,6,22
"KT/WarHammer/Leather [PrM, (EInd, EProw, SPie, NCun), Nimble, Rec 6, Shake+1]|M6",Knight Templar,War Hammer,,Leather,,False,25,"Recover 6,Immune Blocked,Resolute,Shake +1,Nimble,Parry",1800,,False,Abbey|Animal Husbandry|Blacksmith|Conditioning Field|Forge|Furnace|Hospitaller|Monastery|Pilgrimage Site|Preceptory|Tannery,6,22
"KT/WarHammer/Chain [PrM, (EInd, EProw, SPie, NCun), Nimble, Rec 6, Shake+1]|M6",Knight Templar,War Hammer,,Chainmail,,False,25,"Recover 6,Immune Blocked,Resolute,Shake +1,Nimble,Parry",1600,,False,Abbey|Animal Husbandry|Armory|Blacksmith|Conditioning Field|Forge|Furnace|Hospitaller|Monastery|Pilgrimage Site|Preceptory|Tannery,6,22
"KT/WarHammer/FullPlate [PrM, (EInd, EProw, SPie, NCun), Nimble, Parry +1, Temp, Rec 6, Riposte, Shake+1]|M6",Knight Templar,War Hammer,,Full Plate,,False,25,"Recover 6,Resolute,Shake +1,Nimble,Parry,Parry +1,Riposte,Immune Blocked,Planishing",1600,,False,Abbey|Animal Husbandry|Armory|Blacksmith|Coliseum|Conditioning Field|Forge|Furnace|Gilded Foundry|Grand Tournament|Hospitaller|Monastery|Pilgrimage Site|Preceptory|Tannery,6,22
"KT/WarHammer/FullPlate [PrM, (EInd, EProw, SPie, NCun), Nimble, Temp, Rec 6, Shake+1]|M6",Knight Templar,War Hammer,,Full Plate,,False,25,"Recover 6,Immune Blocked,Planishing,Resolute,Shake +1,Nimble,Parry",1600,,False,Abbey|Animal Husbandry|Armory|Blacksmith|Conditioning Field|Forge|Furnace|Gilded Foundry|Hospitaller|Monastery|Pilgrimage Site|Preceptory|Tannery,6,22
"KT/Lance/Buckler/Cloth [PrM, OuInPoI, (EInd, EProw, SPie, SCun), Rec 6, Shake+1]|M6",Knight Templar,Lance,Buckler Shield,Cloth,,False,25,"Recover 6,confers:Strain,Resolute,Outrider: once,Shake +1,confers:Blocked,Immune Blocked,Parry",1800,,False,Abbey|Blacksmith|Carpentry|Forge|Furnace|Hospitaller|Joinery|Monastery|Outrider Intercept Post|Pilgrimage Site|Preceptory,6,32
"KT/Lance/Buckler/Cloth [PrM, (EInd, EProw, SPie, NCun), Nimble, Rec 6, Shake+1]|M6",Knight Templar,Lance,Buckler Shield,Cloth,,False,25,"Recover 6,Immune Blocked,Resolute,Shake +1,Nimble,Parry",1800,,False,Abbey|Blacksmith|Carpentry|Conditioning Field|Forge|Furnace|Hospitaller|Joinery|Monastery|Pilgrimage Site|Preceptory,6,22
"KT/Lance/Targe/Cloth [PrM, (EInd, EProw, SPie, NCun), Nimble, Rec 6, Shake+1]|M6",Knight Templar,Lance,Targe Shield,Cloth,,False,25,"Recover 6,Immune Blocked,Resolute,Shake +1,Nimble,Parry",1800,,False,Abbey|Blacksmith|Carpentry|Conditioning Field|Forge|Furnace|Hospitaller|Joinery|Monastery|Pilgrimage Site|Preceptory,6,22
"KT/Halberd/Leather [PrM, (RInd, EProw, SPie, NCun), Enduring, Nimble, Rec 6, Recover 7, Recover 8, Shake+1]|M7",Knight Templar,Halberd,,Leather,,False,25,"Recover 6,Resolute,Shake +1,Nimble,Parry,Recover 7,Enduring,Recover 8,Immune Blocked",1700,,False,Abbey|Alchemy|Animal Husbandry|Apothecary|Blacksmith|Conditioning Field|Furnace|Herb Garden|Hospitaller|Infirmary|Monastery|Pilgrimage Site|Preceptory|Tannery,7,19
"KT/Spears/Targe/Chain [PrM, (RInd, EProw, SPie, NCun), Nimble, Rec 6, Shake+1]|M7",Knight Templar,Spears,Targe Shield,Chainmail,,False,25,"Recover 6,Immune Blocked,Resolute,Shake +1,Nimble,Parry",1400,,False,Abbey|Animal Husbandry|Armory|Blacksmith|Carpentry|Conditioning Field|Furnace|Hospitaller|Joinery|Monastery|Pilgrimage Site|Preceptory|Tannery,7,19
"KT/FarmTools/Buckler/Leather [PrM, (RInd, EProw, SPie, NCun), Enduring, Nimble, Rec 6, Recover 7, Recover 8, Shake+1]|M7",Knight Templar,Farm Tools,Buckler Shield,Leather,,False,25,"Recover 6,Resolute,Shake +1,Nimble,Parry,Recover 7,Enduring,Recover 8,Immune Blocked",1500,,False,Abbey|Alchemy|Animal Husbandry|Apothecary|Carpentry|Conditioning Field|Herb Garden|Hospitaller|Infirmary|Joinery|Monastery|Pilgrimage Site|Preceptory|Tannery,7,19
"KT/Pike/Cloth [PrM, (RInd, EProw, SPie, NCun), Nimble, Rec 6, Recover 8, Shake+1]|M7",Knight Templar,Pike,,Cloth,,False,25,"Recover 6,Immune Blocked,Resolute,Shake +1,Recover 8,Nimble,Parry",2000,,False,Abbey|Apothecary|Blacksmith|Conditioning Field|Furnace|Herb Garden|Hospitaller|Monastery|Pilgrimage Site|Preceptory,7,19
"KT/Arming/Tower/Chain [PrM, (EInd, EProw, SPie, NCun), Nimble, Parry +1, Rec 6, Riposte, Shake+1]|M7",Knight Templar,Arming Sword,Tower Shield,Chainmail,,False,25,"Recover 6,Resolute,Shake +1,Nimble,Parry,Parry +1,Riposte,Immune Blocked",1400,,False,Abbey|Animal Husbandry|Armory|Blacksmith|Carpentry|Coliseum|Conditioning Field|Forge|Furnace|Grand Tournament|Hospitaller|Joinery|Monastery|Pilgrimage Site|Preceptory|Tannery,7,22
"KT/Spears/Tower/Leather [PrM, (EInd, EProw, SPie, NCun), Nimble, Rec 6, Shake+1]|M7",Knight Templar,Spears,Tower Shield,Leather,,False,25,"Recover 6,Immune Blocked,Resolute,Shake +1,Nimble,Parry",1600,,False,Abbey|Animal Husbandry|Blacksmith|Carpentry|Conditioning Field|Forge|Furnace|Hospitaller|Joinery|Monastery|Pilgrimage Site|Preceptory|Tannery,7,22
"KT/Cavalry Spear/Kite/Leather [RoPaI, PrM, (RInd, SProw, SPie, NCun), Rec 6, Shake+1]|M7",Knight Templar,Cavalry Spear,Kite Shield,Leather,,False,25,"Recover 6,Parry +1,Immune Blocked,Resolute,Shake +1,Parry,Immune Strain",1400,,False,Abbey|Animal Husbandry|Armory|Blacksmith|Carpentry|Furnace|Hospitaller|Joinery|Monastery|Pilgrimage Site|Preceptory|Royal Pavilion|Tannery,7,23
"KT/FarmTools/Targe/FullPlate [PrM, (EInd, EProw, SPie, NCun), Nimble, Temp, Rec 6, Shake+1]|M7",Knight Templar,Farm Tools,Targe Shield,Full Plate,,False,25,"Recover 6,Immune Blocked,Planishing,Resolute,Shake +1,Nimble,Parry",1400,,False,Abbey|Animal Husbandry|Armory|Blacksmith|Carpentry|Conditioning Field|Furnace|Gilded Foundry|Hospitaller|Joinery|Monastery|Pilgrimage Site|Preceptory|Tannery,7,22
"KT/Pike/Cloth [PrM, MiMiStI, (RInd, SProw, SPie, NCun), Rec 6, Recover 8, Shake+1]|M7",Knight Templar,Pike,,Cloth,,False,25,"Recover 6,Resolute,Shake +1,Parry,Immune Blocked,MaxInit3,Recover 8,Seize: first,Init +1",2000,,False,Abbey|Apothecary|Blacksmith|Furnace|Herb Garden|Hospitaller|Ministry of Military Strategy|Monastery|Pilgrimage Site|Preceptory,7,23
"KT/Spears/Kite/FullPlate [RoPaI, PrM, (EInd, SProw, SPie, NCun), Temp, Rec 6, Shake+1]|M7",Knight Templar,Spears,Kite Shield,Full Plate,,False,25,"Recover 6,Resolute,Shake +1,Parry,Parry +1,Immune Blocked,Planishing,Immune Strain",1400,,False,Abbey|Animal Husbandry|Armory|Blacksmith|Carpentry|Furnace|Gilded Foundry|Hospitaller|Joinery|Monastery|Pilgrimage Site|Preceptory|Royal Pavilion|Tannery,7,26
"KT/Bastard/Tower/Chain [PrM, (EInd, EProw, SPie, NCun), Nimble, Rec 6, Shake+1]|M7",Knight Templar,Bastard Sword,Tower Shield,Chainmail,,False,25,"Recover 6,Immune Blocked,Resolute,Shake +1,Nimble,Parry",1400,,False,Abbey|Animal Husbandry|Armory|Blacksmith|Carpentry|Conditioning Field|Forge|Furnace|Hospitaller|Joinery|Monastery|Pilgrimage Site|Preceptory|Tannery,7,22
"KT/Lance/Targe/FullPlate [PrM, (EInd, EProw, SPie, NCun), Nimble, Parry +1, Temp, Rec 6, Riposte, Shake+1]|M7",Knight Templar,Lance,Targe Shield,Full Plate,,False,25,"Recover 6,Resolute,Shake +1,Nimble,Parry,Parry +1,Riposte,Immune Blocked,Planishing",1400,,False,Abbey|Animal Husbandry|Armory|Blacksmith|Carpentry|Coliseum|Conditioning Field|Forge|Furnace|Gilded Foundry|Grand Tournament|Hospitaller|Joinery|Monastery|Pilgrimage Site|Preceptory|Tannery,7,22
"KT/FarmTools/Leather [PrM, (NInd, EProw, SPie, NCun), Nimble, Rec 6, Recover 8, Shake+1]|M7",Knight Templar,Farm Tools,,Leather,,False,25,"Recover 6,Immune Blocked,Resolute,Shake +1,Recover 8,Nimble,Parry",1800,,False,Abbey|Animal Husbandry|Apothecary|Conditioning Field|Herb Garden|Hospitaller|Monastery|Pilgrimage Site|Preceptory|Tannery,7,16
"KT/Pitchfork/Chain [PrM, (RInd, EProw, SPie, NCun), Enduring, Nimble, Rec 6, Recover 7, Recover 8, Shake+1]|M7",Knight Templar,Pitchfork,,Chainmail,,False,25,"Recover 6,Resolute,Shake +1,Nimble,Parry,Recover 7,Enduring,Recover 8,Immune Blocked",1500,,False,Abbey|Alchemy|Animal Husbandry|Apothecary|Armory|Blacksmith|Conditioning Field|Furnace|Herb Garden|Hospitaller|Infirmary|Monastery|Pilgrimage Site|Preceptory|Tannery,7,19
"KT/FarmTools/Buckler/Chain [PrM, (RInd, EProw, SPie, NCun), Nimble, Parry +1, Rec 6, Riposte, Shake+1]|M7",Knight Templar,Farm Tools,Buckler Shield,Chainmail,,False,25,"Recover 6,Resolute,Shake +1,Nimble,Parry,Parry +1,Riposte,Immune Blocked",1400,,False,Abbey|Animal Husbandry|Armory|Blacksmith|Carpentry|Coliseum|Conditioning Field|Furnace|Grand Tournament|Hospitaller|Joinery|Monastery|Pilgrimage Site|Preceptory|Tannery,7,19
"KT/Morningstar/Tower/Leather [PrM, (EInd, EProw, SPie, NCun), Nimble, Rec 6, Shake+1]|M7",Knight Templar,Morningstar,Tower Shield,Leather,,False,25,"Recover 6,Immune Blocked,Resolute,Shake +1,Nimble,Parry",1600,,False,Abbey|Animal Husbandry|Blacksmith|Carpentry|Conditioning Field|Forge|Furnace|Hospitaller|Joinery|Monastery|Pilgrimage Site|Preceptory|Tannery,7,22
"KT/BattleAxe/Cloth [PrM, (RInd, EProw, SPie, NCun), Nimble, Rec 6, Recover 8, Shake+1]|M7",Knight Templar,Battle Axe,,Cloth,,False,25,"Recover 6,Immune Blocked,Resolute,Shake +1,Recover 8,Nimble,Parry",2000,,False,Abbey|Apothecary|Blacksmith|Conditioning Field|Furnace|Herb Garden|Hospitaller|Monastery|Pilgrimage Site|Preceptory,7,19
"KT/Pitchfork/FullPlate [PrM, (EInd, EProw, SPie, NCun), Enduring, Nimble, Parry +1, Temp, Rec 6, Recover 7, Recover 8, Riposte, Shake+1]|M7",Knight Templar,Pitchfork,,Full Plate,,False,25,"Recover 6,Resolute,Shake +1,Nimble,Parry,Recover 7,Parry +1,Riposte,Immune Blocked,Enduring,Recover 8,Planishing",1500,,False,Abbey|Alchemy|Animal Husbandry|Apothecary|Armory|Blacksmith|Coliseum|Conditioning Field|Furnace|Gilded Foundry|Grand Tournament|Herb Garden|Hospitaller|Infirmary|Monastery|Pilgrimage Site|Preceptory|Tannery,7,22
"KT/FarmTools/Tower/Cloth [PrM, (EInd, EProw, SPie, NCun), Enduring, Nimble, Rec 6, Recover 7, Recover 8, Shake+1]|M7",Knight Templar,Farm Tools,Tower Shield,Cloth,,False,25,"Recover 6,Resolute,Shake +1,Nimble,Parry,Recover 7,Enduring,Recover 8,Immune Blocked",1700,,False,Abbey|Alchemy|Apothecary|Blacksmith|Carpentry|Conditioning Field|Forge|Furnace|Herb Garden|Hospitaller|Infirmary|Joinery|Monastery|Pilgrimage Site|Preceptory,7,22
"KT/ShortSword/Targe/Cloth [PrM, (RInd, EProw, SPie, NCun), Enduring, Nimble, Rec 6, Recover 7, Recover 8, Shake+1]|M7",Knight Templar,Short Sword,Targe Shield,Cloth,,False,25,"Recover 6,Resolute,Shake +1,Nimble,Parry,Recover 7,Enduring,Recover 8,Immune Blocked",1700,,False,Abbey|Alchemy|Apothecary|Blacksmith|Carpentry|Conditioning Field|Furnace|Herb Garden|Hospitaller|Infirmary|Joinery|Monastery|Pilgrimage Site|Preceptory,7,19
"KT/Cavalry Spear/Kite/Cloth [PrM, (RInd, EProw, SPie, NCun), Nimble, Rec 6, Shake+1]|M7",Knight Templar,Cavalry Spear,Kite Shield,Cloth,,False,25,"Recover 6,Immune Blocked,Resolute,Shake +1,Nimble,Parry",1400,,False,Abbey|Armory|Blacksmith|Carpentry|Conditioning Field|Furnace|Hospitaller|Joinery|Monastery|Pilgrimage Site|Preceptory|Tannery,7,19
"KT/BattleAxe/FullPlate [PrM, MiMiStI, (EInd, SProw, SPie, NCun), Enduring, Temp, Rec 6, Recover 7, Recover 8, Shake+1]|M7",Knight Templar,Battle Axe,,Full Plate,,False,25,"Recover 6,Resolute,Shake +1,Parry,Recover 7,Init +1,Immune Blocked,Enduring,MaxInit3,Recover 8,Seize: first,Planishing",1500,,False,Abbey|Alchemy|Animal Husbandry|Apothecary|Armory|Blacksmith|Furnace|Gilded Foundry|Herb Garden|Hospitaller|Infirmary|Ministry of Military Strategy|Monastery|Pilgrimage Site|Preceptory|Tannery,7,26
"KT/FarmTools/Kite/Chain [PrM, (RInd, EProw, SPie, NCun), Nimble, Rec 6, Shake+1]|M7",Knight Templar,Farm Tools,Kite Shield,Chainmail,,False,25,"Recover 6,Immune Blocked,Resolute,Shake +1,Nimble,Parry",1400,,False,Abbey|Animal Husbandry|Armory|Blacksmith|Carpentry|Conditioning Field|Furnace|Hospitaller|Joinery|Monastery|Pilgrimage Site|Preceptory|Tannery,7,19
"KT/Lance/Buckler/FullPlate [PrM, (EInd, EProw, SPie, NCun), Nimble, Temp, Rec 6, Shake+1]|M7",Knight Templar,Lance,Buckler Shield,Full Plate,,False,25,"Recover 6,Immune Blocked,Planishing,Resolute,Shake +1,Nimble,Parry",1400,,False,Abbey|Animal Husbandry|Armory|Blacksmith|Carpentry|Conditioning Field|Forge|Furnace|Gilded Foundry|Hospitaller|Joinery|Monastery|Pilgrimage Site|Preceptory|Tannery,7,22
"KT/Morningstar/Tower/FullPlate [PrM, (EInd, EProw, SPie, NCun), Nimble, Temp, Rec 6, Shake+1]|M7",Knight Templar,Morningstar,Tower Shield,Full Plate,,False,25,"Recover 6,Immune Blocked,Planishing,Resolute,Shake +1,Nimble,Parry",1400,,False,Abbey|Animal Husbandry|Armory|Blacksmith|Carpentry|Conditioning Field|Forge|Furnace|Gilded Foundry|Hospitaller|Joinery|Monastery|Pilgrimage Site|Preceptory|Tannery,7,22
"KT/2HBastard/Chain [PrM, (EInd, EProw, SPie, NCun), Enduring, Nimble, Parry +1, Rec 6, Recover 7, Recover 8, Riposte, Shake+1]|M7",Knight Templar,2HBastard,,Chainmail,,False,25,"Recover 6,Resolute,Shake +1,Nimble,Parry,Recover 7,Parry +1,Riposte,Enduring,Recover 8,Immune Blocked",1500,,False,Abbey|Alchemy|Animal Husbandry|Apothecary|Armory|Blacksmith|Coliseum|Conditioning Field|Forge|Furnace|Grand Tournament|Herb Garden|Hospitaller|Infirmary|Monastery|Pilgrimage Site|Preceptory|Tannery,7,22
"KT/Arming/Kite/Cloth [PrM, (RInd, EProw, SPie, NCun), Nimble, Rec 6, Shake+1]|M7",Knight Templar,Arming Sword,Kite Shield,Cloth,,False,25,"Recover 6,Immune Blocked,Resolute,Shake +1,Nimble,Parry",1400,,False,Abbey|Armory|Blacksmith|Carpentry|Conditioning Field|Furnace|Hospitaller|Joinery|Monastery|Pilgrimage Site|Preceptory|Tannery,7,19
"KT/FarmTools/Tower/Chain [PrM, (EInd, EProw, SPie, NCun), Nimble, Rec 6, Shake+1]|M7",Knight Templar,Farm Tools,Tower Shield,Chainmail,,False,25,"Recover 6,Immune Blocked,Resolute,Shake +1,Nimble,Parry",1400,,False,Abbey|Animal Husbandry|Armory|Blacksmith|Carpentry|Conditioning Field|Forge|Furnace|Hospitaller|Joinery|Monastery|Pilgrimage Site|Preceptory|Tannery,7,22
"KT/Bastard/Tower/FullPlate [PrM, (EInd, EProw, SPie, NCun), Nimble, Temp, Rec 6, Shake+1]|M7",Knight Templar,Bastard Sword,Tower Shield,Full Plate,,False,25,"Recover 6,Immune Blocked,Planishing,Resolute,Shake +1,Nimble,Parry",1400,,False,Abbey|Animal Husbandry|Armory|Blacksmith|Carpentry|Conditioning Field|Forge|Furnace|Gilded Foundry|Hospitaller|Joinery|Monastery|Pilgrimage Site|Preceptory|Tannery,7,22
"KT/Lance/Targe/Leather [PrM, (EInd, EProw, SPie, NCun), Nimble, Rec 6, Shake+1]|M7",Knight Templar,Lance,Targe Shield,Leather,,False,25,"Recover 6,Immune Blocked,Resolute,Shake +1,Nimble,Parry",1600,,False,Abbey|Animal Husbandry|Blacksmith|Carpentry|Conditioning Field|Forge|Furnace|Hospitaller|Joinery|Monastery|Pilgrimage Site|Preceptory|Tannery,7,22
"KT/Lance/Kite/Chain [PrM, (EInd, EProw, SPie, NCun), Nimble, Rec 6, Shake+1]|M7",Knight Templar,Lance,Kite Shield,Chainmail,,False,25,"Recover 6,Immune Blocked,Resolute,Shake +1,Nimble,Parry",1400,,False,Abbey|Animal Husbandry|Armory|Blacksmith|Carpentry|Conditioning Field|Forge|Furnace|Hospitaller|Joinery|Monastery|Pilgrimage Site|Preceptory|Tannery,7,22
"KT/ShortSword/Kite/FullPlate [PrM, (EInd, EProw, SPie, NCun), Nimble, Temp, Rec 6, Shake+1]|M7",Knight Templar,Short Sword,Kite Shield,Full Plate,,False,25,"Recover 6,Immune Blocked,Planishing,Resolute,Shake +1,Nimble,Parry",1400,,False,Abbey|Animal Husbandry|Armory|Blacksmith|Carpentry|Conditioning Field|Furnace|Gilded Foundry|Hospitaller|Joinery|Monastery|Pilgrimage Site|Preceptory|Tannery,7,22
"KT/Flail/Tower/FullPlate [PrM, (EInd, EProw, SPie, NCun), Nimble, Temp, Rec 6, Shake+1]|M7",Knight Templar,Flail,Tower Shield,Full Plate,,False,25,"Recover 6,Immune Blocked,Planishing,Resolute,Shake +1,Nimble,Parry",1400,,False,Abbey|Animal Husbandry|Armory|Blacksmith|Carpentry|Conditioning Field|Forge|Furnace|Gilded Foundry|Hospitaller|Joinery|Monastery|Pilgrimage Site|Preceptory|Tannery,7,22
"KT/BattleAxe/Cloth [PrM, (RInd, EProw, SPie, NCun), Nimble, Parry +1, Rec 6, Recover 8, Riposte, Shake+1]|M7",Knight Templar,Battle Axe,,Cloth,,False,25,"Recover 6,Resolute,Shake +1,Nimble,Parry,Parry +1,Riposte,Recover 8,Immune Blocked",2000,,False,Abbey|Apothecary|Blacksmith|Coliseum|Conditioning Field|Furnace|Grand Tournament|Herb Garden|Hospitaller|Monastery|Pilgrimage Site|Preceptory,7,19
"KT/ShortSword/Targe/FullPlate [PrM, (EInd, EProw, SPie, NCun), Nimble, Temp, Rec 6, Shake+1]|M7",Knight Templar,Short Sword,Targe Shield,Full Plate,,False,25,"Recover 6,Immune Blocked,Planishing,Resolute,Shake +1,Nimble,Parry",1400,,False,Abbey|Animal Husbandry|Armory|Blacksmith|Carpentry|Conditioning Field|Furnace|Gilded Foundry|Hospitaller|Joinery|Monastery|Pilgrimage Site|Preceptory|Tannery,7,22
"KT/Spears/Targe/Cloth [PrM, MiMiStM, (RInd, SProw, SPie, NCun), Rec 6, Shake+1]|M7",Knight Templar,Spears,Targe Shield,Cloth,,False,25,"Drilled,Recover 6,Resolute,Shake +1,Parry,Immune Blocked,MaxInit3,Seize: first,Init +1",1800,,False,Abbey|Blacksmith|Carpentry|Furnace|Hospitaller|Joinery|Ministry of Military Strategy|Monastery|Pilgrimage Site|Preceptory|University|War College,7,23
"KT/ShortSword/Kite/Leather [PrM, (RInd, EProw, SPie, NCun), Nimble, Rec 6, Shake+1]|M7",Knight Templar,Short Sword,Kite Shield,Leather,,False,25,"Recover 6,Immune Blocked,Resolute,Shake +1,Nimble,Parry",1400,,False,Abbey|Animal Husbandry|Armory|Blacksmith|Carpentry|Conditioning Field|Furnace|Hospitaller|Joinery|Monastery|Pilgrimage Site|Preceptory|Tannery,7,19
"KT/Cavalry Spear/Buckler/Leather [PrM, (RInd, EProw, SPie, NCun), Nimble, Rec 6, Shake+1]|M7",Knight Templar,Cavalry Spear,Buckler Shield,Leather,,False,25,"Recover 6,Immune Blocked,Resolute,Shake +1,Nimble,Parry",1600,,False,Abbey|Animal Husbandry|Blacksmith|Carpentry|Conditioning Field|Furnace|Hospitaller|Joinery|Monastery|Pilgrimage Site|Preceptory|Tannery,7,19
"KT/WarHammer/Leather [PrM, (EInd, EProw, SPie, NCun), Enduring, Nimble, Rec 6, Recover 7, Recover 8, Shake+1]|M7",Knight Templar,War Hammer,,Leather,,False,25,"Recover 6,Resolute,Shake +1,Nimble,Parry,Recover 7,Enduring,Recover 8,Immune Blocked",1700,,False,Abbey|Alchemy|Animal Husbandry|Apothecary|Blacksmith|Conditioning Field|Forge|Furnace|Herb Garden|Hospitaller|Infirmary|Monastery|Pilgrimage Site|Preceptory|Tannery,7,22
"KT/Lance/Buckler/Cloth [PrM, OuInPoI, (EInd, EProw, SPie, SCun), Enduring, Rec 6, Recover 7, Recover 8, Shake+1]|M7",Knight Templar,Lance,Buckler Shield,Cloth,,False,25,"Recover 6,confers:Strain,Resolute,Outrider: once,Shake +1,confers:Blocked,Parry,Recover 7,Enduring,Recover 8,Immune Blocked",1700,,False,Abbey|Alchemy|Apothecary|Blacksmith|Carpentry|Forge|Furnace|Herb Garden|Hospitaller|Infirmary|Joinery|Monastery|Outrider Intercept Post|Pilgrimage Site|Preceptory,7,32
"KT/Cudgel/Chain [PrM, MiMiStI, (RInd, SProw, SPie, NCun), Enduring, Rec 6, Recover 7, Recover 8, Shake+1]|M7",Knight Templar,Cudgel,,Chainmail,,False,25,"Recover 6,Resolute,Shake +1,Parry,Recover 7,Immune Blocked,Enduring,MaxInit3,Recover 8,Seize: first,Init +1",1500,,False,Abbey|Alchemy|Animal Husbandry|Apothecary|Armory|Blacksmith|Furnace|Herb Garden|Hospitaller|Infirmary|Ministry of Military Strategy|Monastery|Pilgrimage Site|Preceptory|Tannery,7,23
"KT/Morningstar/Tower/Chain [PrM, (EInd, EProw, SPie, NCun), Nimble, Rec 6, Shake+1]|M7",Knight Templar,Morningstar,Tower Shield,Chainmail,,False,25,"Recover 6,Immune Blocked,Resolute,Shake +1,Nimble,Parry",1400,,False,Abbey|Animal Husbandry|Armory|Blacksmith|Carpentry|Conditioning Field|Forge|Furnace|Hospitaller|Joinery|Monastery|Pilgrimage Site|Preceptory|Tannery,7,22
"KT/Flail/Kite/FullPlate [PrM, (EInd, EProw, SPie, NCun), Nimble, Temp, Rec 6, Shake+1]|M7",Knight Templar,Flail,Kite Shield,Full Plate,,False,25,"Recover 6,Immune Blocked,Planishing,Resolute,Shake +1,Nimble,Parry",1400,,False,Abbey|Animal Husbandry|Armory|Blacksmith|Carpentry|Conditioning Field|Furnace|Gilded Foundry|Hospitaller|Joinery|Monastery|Pilgrimage Site|Preceptory|Tannery,7,22
"KT/BattleAxe/FullPlate [PrM, (EInd, EProw, SPie, NCun), Enduring, Nimble, Temp, Rec 6, Recover 7, Recover 8, Shake+1]|M7",Knight Templar,Battle Axe,,Full Plate,,False,25,"Recover 6,Resolute,Shake +1,Nimble,Parry,Recover 7,Immune Blocked,Enduring,Recover 8,Planishing",1500,,False,Abbey|Alchemy|Animal Husbandry|Apothecary|Armory|Blacksmith|Conditioning Field|Furnace|Gilded Foundry|Herb Garden|Hospitaller|Infirmary|Monastery|Pilgrimage Site|Preceptory|Tannery,7,22
"KT/ShortSword/Tower/Chain [PrM, (EInd, EProw, SPie, NCun), Nimble, Rec 6, Shake+1]|M7",Knight Templar,Short Sword,Tower Shield,Chainmail,,False,25,"Recover 6,Immune Blocked,Resolute,Shake +1,Nimble,Parry",1400,,False,Abbey|Animal Husbandry|Armory|Blacksmith|Carpentry|Conditioning Field|Forge|Furnace|Hospitaller|Joinery|Monastery|Pilgrimage Site|Preceptory|Tannery,7,22
"KT/Spears/Kite/Leather [PrM, (RInd, EProw, SPie, NCun), Nimble, Parry +1, Rec 6, Riposte, Shake+1]|M7",Knight Templar,Spears,Kite Shield,Leather,,False,25,"Recover 6,Resolute,Shake +1,Nimble,Parry,Parry +1,Riposte,Immune Blocked",1400,,False,Abbey|Animal Husbandry|Armory|Blacksmith|Carpentry|Coliseum|Conditioning Field|Furnace|Grand Tournament|Hospitaller|Joinery|Monastery|Pilgrimage Site|Preceptory|Tannery,7,19
"KT/Halberd/FullPlate [PrM, (EInd, EProw, SPie, NCun), Enduring, Nimble, Temp, Rec 6, Recover 7, Recover 8, Shake+1]|M7",Knight Templar,Halberd,,Full Plate,,False,25,"Recover 6,Resolute,Shake +1,Nimble,Parry,Recover 7,Immune Blocked,Enduring,Recover 8,Planishing",1500,,False,Abbey|Alchemy|Animal Husbandry|Apothecary|Armory|Blacksmith|Conditioning Field|Furnace|Gilded Foundry|Herb Garden|Hospitaller|Infirmary|Monastery|Pilgrimage Site|Preceptory|Tannery,7,22
"KT/Spears/Targe/FullPlate [PrM, (EInd, EProw, SPie, NCun), Nimble, Temp, Rec 6, Shake+1]|M7",Knight Templar,Spears,Targe Shield,Full Plate,,False,25,"Recover 6,Immune Blocked,Planishing,Resolute,Shake +1,Nimble,Parry",1400,,False,Abbey|Animal Husbandry|Armory|Blacksmith|Carpentry|Conditioning Field|Furnace|Gilded Foundry|Hospitaller|Joinery|Monastery|Pilgrimage Site|Preceptory|Tannery,7,22
"KT/Lance/Buckler/Chain [PrM, (EInd, EProw, SPie, NCun), Nimble, Rec 6, Shake+1]|M7",Knight Templar,Lance,Buckler Shield,Chainmail,,False,25,"Recover 6,Immune Blocked,Resolute,Shake +1,Nimble,Parry",1400,,False,Abbey|Animal Husbandry|Armory|Blacksmith|Carpentry|Conditioning Field|Forge|Furnace|Hospitaller|Joinery|Monastery|Pilgrimage Site|Preceptory|Tannery,7,22
"KT/Cavalry Spear/Kite/FullPlate [PrM, (EInd, EProw, SPie, NCun), Nimble, Temp, Rec 6, Shake+1]|M7",Knight Templar,Cavalry Spear,Kite Shield,Full Plate,,False,25,"Recover 6,Immune Blocked,Planishing,Resolute,Shake +1,Nimble,Parry",1400,,False,Abbey|Animal Husbandry|Armory|Blacksmith|Carpentry|Conditioning Field|Furnace|Gilded Foundry|Hospitaller|Joinery|Monastery|Pilgrimage Site|Preceptory|Tannery,7,22
"KT/ShortSword/Targe/Leather [PrM, (RInd, EProw, SPie, NCun), Nimble, Rec 6, Shake+1]|M7",Knight Templar,Short Sword,Targe Shield,Leather,,False,25,"Recover 6,Immune Blocked,Resolute,Shake +1,Nimble,Parry",1600,,False,Abbey|Animal Husbandry|Blacksmith|Carpentry|Conditioning Field|Furnace|Hospitaller|Joinery|Monastery|Pilgrimage Site|Preceptory|Tannery,7,19
"KT/2HBastard/FullPlate [PrM, (EInd, EProw, SPie, NCun), Enduring, Nimble, Temp, Rec 6, Recover 7, Recover 8, Shake+1]|M7",Knight Templar,2HBastard,,Full Plate,,False,25,"Recover 6,Resolute,Shake +1,Nimble,Parry,Recover 7,Immune Blocked,Enduring,Recover 8,Planishing",1500,,False,Abbey|Alchemy|Animal Husbandry|Apothecary|Armory|Blacksmith|Conditioning Field|Forge|Furnace|Gilded Foundry|Herb Garden|Hospitaller|Infirmary|Monastery|Pilgrimage Site|Preceptory|Tannery,7,22
"KT/Pitchfork/Leather [PrM, MiMiStI, (NInd, SProw, SPie, NCun), Rec 6, Recover 8, Shake+1]|M7",Knight Templar,Pitchfork,,Leather,,False,25,"Recover 6,Resolute,Shake +1,Parry,Immune Blocked,MaxInit3,Recover 8,Seize: first,Init +1",1800,,False,Abbey|Animal Husbandry|Apothecary|Herb Garden|Hospitaller|Ministry of Military Strategy|Monastery|Pilgrimage Site|Preceptory|Tannery,7,20
"KT/Flail/Kite/FullPlate [RoPaI, PrM, (EInd, SProw, SPie, NCun), Temp, Rec 6, Shake+1]|M7",Knight Templar,Flail,Kite Shield,Full Plate,,False,25,"Recover 6,Resolute,Shake +1,Parry,Parry +1,Immune Blocked,Planishing,Immune Strain",1400,,False,Abbey|Animal Husbandry|Armory|Blacksmith|Carpentry|Furnace|Gilded Foundry|Hospitaller|Joinery|Monastery|Pilgrimage Site|Preceptory|Royal Pavilion|Tannery,7,26
"KT/FarmTools/FullPlate [PrM, (EInd, EProw, SPie, NCun), Enduring, Nimble, Temp, Rec 6, Recover 7, Recover 8, Shake+1]|M7",Knight Templar,Farm Tools,,Full Plate,,False,25,"Recover 6,Resolute,Shake +1,Nimble,Parry,Recover 7,Immune Blocked,Enduring,Recover 8,Planishing",1500,,False,Abbey|Alchemy|Animal Husbandry|Apothecary|Armory|Blacksmith|Conditioning Field|Furnace|Gilded Foundry|Herb Garden|Hospitaller|Infirmary|Monastery|Pilgrimage Site|Preceptory|Tannery,7,22
"KT/Lance/Targe/Cloth [PrM, (EInd, EProw, SPie, NCun), Enduring, Nimble, Rec 6, Recover 7, Recover 8, Shake+1]|M7",Knight Templar,Lance,Targe Shield,Cloth,,False,25,"Recover 6,Resolute,Shake +1,Nimble,Parry,Recover 7,Enduring,Recover 8,Immune Blocked",1700,,False,Abbey|Alchemy|Apothecary|Blacksmith|Carpentry|Conditioning Field|Forge|Furnace|Herb Garden|Hospitaller|Infirmary|Joinery|Monastery|Pilgrimage Site|Preceptory,7,22
"KT/Cavalry Spear/Buckler/Cloth [PrM, (RInd, EProw, SPie, NCun), Enduring, Nimble, Parry +1, Rec 6, Recover 7, Recover 8, Riposte, Shake+1]|M7",Knight Templar,Cavalry Spear,Buckler Shield,Cloth,,False,25,"Recover 6,Resolute,Shake +1,Nimble,Parry,Recover 7,Parry +1,Riposte,Enduring,Recover 8,Immune Blocked",1700,,False,Abbey|Alchemy|Apothecary|Blacksmith|Carpentry|Coliseum|Conditioning Field|Furnace|Grand Tournament|Herb Garden|Hospitaller|Infirmary|Joinery|Monastery|Pilgrimage Site|Preceptory,7,19
"KT/FarmTools/Buckler/FullPlate [PrM, (EInd, EProw, SPie, NCun), Nimble, Temp, Rec 6, Shake+1]|M7",Knight Templar,Farm Tools,Buckler Shield,Full Plate,,False,25,"Recover 6,Immune Blocked,Planishing,Resolute,Shake +1,Nimble,Parry",1400,,False,Abbey|Animal Husbandry|Armory|Blacksmith|Carpentry|Conditioning Field|Furnace|Gilded Foundry|Hospitaller|Joinery|Monastery|Pilgrimage Site|Preceptory|Tannery,7,22
"KT/2HBastard/Cloth [PrM, MiMiStM, (EInd, SProw, SPie, NCun), Enduring, Rec 6, Recover 7, Recover 8, Shake+1]|M7",Knight Templar,2HBastard,,Cloth,,False,25,"Drilled,Recover 6,Resolute,Shake +1,Parry,Recover 7,Immune Blocked,Enduring,MaxInit3,Recover 8,Seize: first,Init +1",1900,,False,Abbey|Alchemy|Apothecary|Blacksmith|Forge|Furnace|Herb Garden|Hospitaller|Infirmary|Ministry of Military Strategy|Monastery|Pilgrimage Site|Preceptory|University|War College,7,26
"KT/Flail/Kite/Cloth [PrM, (RInd, EProw, SPie, NCun), Nimble, Rec 6, Shake+1]|M7",Knight Templar,Flail,Kite Shield,Cloth,,False,25,"Recover 6,Immune Blocked,Resolute,Shake +1,Nimble,Parry",1400,,False,Abbey|Armory|Blacksmith|Carpentry|Conditioning Field|Furnace|Hospitaller|Joinery|Monastery|Pilgrimage Site|Preceptory|Tannery,7,19
"KT/Lance/Targe/Leather [PrM, MiMiStI, (EInd, SProw, SPie, NCun), Rec 6, Shake+1]|M7",Knight Templar,Lance,Targe Shield,Leather,,False,25,"Recover 6,Resolute,Shake +1,Parry,Immune Blocked,MaxInit3,Seize: first,Init +1",1600,,False,Abbey|Animal Husbandry|Blacksmith|Carpentry|Forge|Furnace|Hospitaller|Joinery|Ministry of Military Strategy|Monastery|Pilgrimage Site|Preceptory|Tannery,7,26
"KT/Arming/Tower/Cloth [PrM, (EInd, EProw, SPie, NCun), Enduring, Nimble, Rec 6, Recover 7, Recover 8, Shake+1]|M7",Knight Templar,Arming Sword,Tower Shield,Cloth,,False,25,"Recover 6,Resolute,Shake +1,Nimble,Parry,Recover 7,Enduring,Recover 8,Immune Blocked",1700,,False,Abbey|Alchemy|Apothecary|Blacksmith|Carpentry|Conditioning Field|Forge|Furnace|Herb Garden|Hospitaller|Infirmary|Joinery|Monastery|Pilgrimage Site|Preceptory,7,22
"KT/Cavalry Spear/Kite/Chain [PrM, (RInd, EProw, SPie, NCun), Nimble, Rec 6, Shake+1]|M7",Knight Templar,Cavalry Spear,Kite Shield,Chainmail,,False,25,"Recover 6,Immune Blocked,Resolute,Shake +1,Nimble,Parry",1400,,False,Abbey|Animal Husbandry|Armory|Blacksmith|Carpentry|Conditioning Field|Furnace|Hospitaller|Joinery|Monastery|Pilgrimage Site|Preceptory|Tannery,7,19
"KT/HuntBow/Cloth [PrM, (NInd, EProw, SPie, NCun), Florentine, ImmU, Nimble, Rec 6, Shake+1]|M7",Knight Templar,Farm Tools,,Cloth,Hunting Bow,True,25,"Florentine,Recover 6,Resolute,Shake +1,Nimble,Parry,Immune Blocked,Immune Unwieldy",1800,,False,Abbey|Carpentry|Coliseum|Conditioning Field|Fletchery|Hospitaller|Monastery|Pilgrimage Site|Preceptory|Tiltyard,7,16
"KT/Arming/Tower/FullPlate [PrM, (EInd, EProw, SPie, NCun), Nimble, Parry +1, Temp, Rec 6, Riposte, Shake+1]|M7",Knight Templar,Arming Sword,Tower Shield,Full Plate,,False,25,"Recover 6,Resolute,Shake +1,Nimble,Parry,Parry +1,Riposte,Immune Blocked,Planishing",1400,,False,Abbey|Animal Husbandry|Armory|Blacksmith|Carpentry|Coliseum|Conditioning Field|Forge|Furnace|Gilded Foundry|Grand Tournament|Hospitaller|Joinery|Monastery|Pilgrimage Site|Preceptory|Tannery,7,22
"KT/ShortSword/Kite/Chain [PrM, (RInd, EProw, SPie, NCun), Nimble, Rec 6, Shake+1]|M7",Knight Templar,Short Sword,Kite Shield,Chainmail,,False,25,"Recover 6,Immune Blocked,Resolute,Shake +1,Nimble,Parry",1400,,False,Abbey|Animal Husbandry|Armory|Blacksmith|Carpentry|Conditioning Field|Furnace|Hospitaller|Joinery|Monastery|Pilgrimage Site|Preceptory|Tannery,7,19
"KT/WarHammer/Chain [PrM, (EInd, EProw, SPie, NCun), Enduring, Nimble, Rec 6, Recover 7, Recover 8, Shake+1]|M7",Knight Templar,War Hammer,,Chainmail,,False,25,"Recover 6,Resolute,Shake +1,Nimble,Parry,Recover 7,Enduring,Recover 8,Immune Blocked",1500,,False,Abbey|Alchemy|Animal Husbandry|Apothecary|Armory|Blacksmith|Conditioning Field|Forge|Furnace|Herb Garden|Hospitaller|Infirmary|Monastery|Pilgrimage Site|Preceptory|Tannery,7,22
"KT/FarmTools/Chain [PrM, (RInd, EProw, SPie, NCun), Enduring, Nimble, Parry +1, Rec 6, Recover 7, Recover 8, Riposte, Shake+1]|M7",Knight Templar,Farm Tools,,Chainmail,,False,25,"Recover 6,Resolute,Shake +1,Nimble,Parry,Recover 7,Parry +1,Riposte,Enduring,Recover 8,Immune Blocked",1500,,False,Abbey|Alchemy|Animal Husbandry|Apothecary|Armory|Blacksmith|Coliseum|Conditioning Field|Furnace|Grand Tournament|Herb Garden|Hospitaller|Infirmary|Monastery|Pilgrimage Site|Preceptory|Tannery,7,19
"KT/Lance/Targe/FullPlate [PrM, (EInd, EProw, SPie, NCun), Nimble, Temp, Rec 6, Shake+1]|M7",Knight Templar,Lance,Targe Shield,Full Plate,,False,25,"Recover 6,Immune Blocked,Planishing,Resolute,Shake +1,Nimble,Parry",1400,,False,Abbey|Animal Husbandry|Armory|Blacksmith|Carpentry|Conditioning Field|Forge|Furnace|Gilded Foundry|Hospitaller|Joinery|Monastery|Pilgrimage Site|Preceptory|Tannery,7,22
"KT/ShortSword/Kite/Chain [PrM, OuInPoI, (RInd, EProw, SPie, SCun), Rec 6, Shake+1]|M7",Knight Templar,Short Sword,Kite Shield,Chainmail,,False,25,"Recover 6,confers:Strain,Resolute,Outrider: once,Shake +1,confers:Blocked,Immune Blocked,Parry",1400,,False,Abbey|Animal Husbandry|Armory|Blacksmith|Carpentry|Furnace|Hospitaller|Joinery|Monastery|Outrider Intercept Post|Pilgrimage Site|Preceptory|Tannery,7,29
"KT/Cavalry Spear/Buckler/Chain [PrM, (RInd, EProw, SPie, NCun), Nimble, Rec 6, Shake+1]|M7",Knight Templar,Cavalry Spear,Buckler Shield,Chainmail,,False,25,"Recover 6,Immune Blocked,Resolute,Shake +1,Nimble,Parry",1400,,False,Abbey|Animal Husbandry|Armory|Blacksmith|Carpentry|Conditioning Field|Furnace|Hospitaller|Joinery|Monastery|Pilgrimage Site|Preceptory|Tannery,7,19
"KT/Cudgel/Chain [PrM, (RInd, EProw, SPie, NCun), Enduring, Nimble, Rec 6, Recover 7, Recover 8, Shake+1]|M7",Knight Templar,Cudgel,,Chainmail,,False,25,"Recover 6,Resolute,Shake +1,Nimble,Parry,Recover 7,Enduring,Recover 8,Immune Blocked",1500,,False,Abbey|Alchemy|Animal Husbandry|Apothecary|Armory|Blacksmith|Conditioning Field|Furnace|Herb Garden|Hospitaller|Infirmary|Monastery|Pilgrimage Site|Preceptory|Tannery,7,19
"KT/FarmTools/Leather [RoPaM, PrM, (NInd, SProw, SPie, NCun), Enduring, Rec 6, Recover 7, Recover 8, Shake+1]|M7",Knight Templar,Farm Tools,,Leather,,False,25,"Strike +1,Recover 6,Recover 8,Resolute,Shake +1,Parry,Recover 7,Parry +1,Enduring,Crit 8,Immune Blocked,Immune Strain",1700,,False,Abbey|Alchemy|Animal Husbandry|Apothecary|Grand Tournament|Herb Garden|Hospitaller|Infirmary|Monastery|Pilgrimage Site|Preceptory|Royal Pavilion|Tannery|Tiltyard,7,20
"KT/FarmTools/Kite/FullPlate [PrM, (EInd, EProw, SPie, NCun), Nimble, Temp, Rec 6, Shake+1]|M7",Knight Templar,Farm Tools,Kite Shield,Full Plate,,False,25,"Recover 6,Immune Blocked,Planishing,Resolute,Shake +1,Nimble,Parry",1400,,False,Abbey|Animal Husbandry|Armory|Blacksmith|Carpentry|Conditioning Field|Furnace|Gilded Foundry|Hospitaller|Joinery|Monastery|Pilgrimage Site|Preceptory|Tannery,7,22
"KT/Flail/Tower/Chain [PrM, (EInd, EProw, SPie, NCun), Nimble, Rec 6, Shake+1]|M7",Knight Templar,Flail,Tower Shield,Chainmail,,False,25,"Recover 6,Immune Blocked,Resolute,Shake +1,Nimble,Parry",1400,,False,Abbey|Animal Husbandry|Armory|Blacksmith|Carpentry|Conditioning Field|Forge|Furnace|Hospitaller|Joinery|Monastery|Pilgrimage Site|Preceptory|Tannery,7,22
"KT/Cavalry Spear/Targe/Cloth [PrM, (RInd, EProw, SPie, NCun), Enduring, Nimble, Rec 6, Recover 7, Recover 8, Shake+1]|M7",Knight Templar,Cavalry Spear,Targe Shield,Cloth,,False,25,"Recover 6,Resolute,Shake +1,Nimble,Parry,Recover 7,Enduring,Recover 8,Immune Blocked",1700,,False,Abbey|Alchemy|Apothecary|Blacksmith|Carpentry|Conditioning Field|Furnace|Herb Garden|Hospitaller|Infirmary|Joinery|Monastery|Pilgrimage Site|Preceptory,7,19
"KT/Cavalry Spear/Buckler/Chain [PrM, MiMiStI, (RInd, SProw, SPie, NCun), Rec 6, Shake+1]|M7",Knight Templar,Cavalry Spear,Buckler Shield,Chainmail,,False,25,"Recover 6,Resolute,Shake +1,Parry,Immune Blocked,MaxInit3,Seize: first,Init +1",1400,,False,Abbey|Animal Husbandry|Armory|Blacksmith|Carpentry|Furnace|Hospitaller|Joinery|Ministry of Military Strategy|Monastery|Pilgrimage Site|Preceptory|Tannery,7,23
"KT/Lance/Kite/FullPlate [PrM, (EInd, EProw, SPie, NCun), Nimble, Parry +1, Temp, Rec 6, Riposte, Shake+1]|M7",Knight Templar,Lance,Kite Shield,Full Plate,,False,25,"Recover 6,Resolute,Shake +1,Nimble,Parry,Parry +1,Riposte,Immune Blocked,Planishing",1400,,False,Abbey|Animal Husbandry|Armory|Blacksmith|Carpentry|Coliseum|Conditioning Field|Forge|Furnace|Gilded Foundry|Grand Tournament|Hospitaller|Joinery|Monastery|Pilgrimage Site|Preceptory|Tannery,7,22
"KT/BattleAxe/Leather [PrM, (RInd, EProw, SPie, NCun), Enduring, Nimble, Rec 6, Recover 7, Recover 8, Shake+1]|M7",Knight Templar,Battle Axe,,Leather,,False,25,"Recover 6,Resolute,Shake +1,Nimble,Parry,Recover 7,Enduring,Recover 8,Immune Blocked",1700,,False,Abbey|Alchemy|Animal Husbandry|Apothecary|Blacksmith|Conditioning Field|Furnace|Herb Garden|Hospitaller|Infirmary|Monastery|Pilgrimage Site|Preceptory|Tannery,7,19
"KT/Flail/Tower/Leather [PrM, (EInd, EProw, SPie, NCun), Nimble, Rec 6, Shake+1]|M7",Knight Templar,Flail,Tower Shield,Leather,,False,25,"Recover 6,Immune Blocked,Resolute,Shake +1,Nimble,Parry",1600,,False,Abbey|Animal Husbandry|Blacksmith|Carpentry|Conditioning Field|Forge|Furnace|Hospitaller|Joinery|Monastery|Pilgrimage Site|Preceptory|Tannery,7,22
"KT/Pitchfork+HuntBow/Cloth (TY) [PrM, (NInd, EProw, SPie, NCun), Florentine, ImmU, Nimble, Rec 6, Shake+1]|M7",Knight Templar,Pitchfork,,Cloth,Hunting Bow,True,25,"Florentine,Recover 6,Resolute,Shake +1,Nimble,Parry,Immune Blocked,Immune Unwieldy",1800,,False,Abbey|Carpentry|Coliseum|Conditioning Field|Fletchery|Hospitaller|Monastery|Pilgrimage Site|Preceptory|Tiltyard,7,16
"KT/FarmTools/Cloth [PrM, MiMiStM, (NInd, SProw, SPie, NCun), Rec 6, Recover 8, Shake+1]|M7",Knight Templar,Farm Tools,,Cloth,,False,25,"Drilled,Recover 6,Resolute,Shake +1,Parry,Immune Blocked,MaxInit3,Recover 8,Seize: first,Init +1",2000,,False,Abbey|Apothecary|Herb Garden|Hospitaller|Ministry of Military Strategy|Monastery|Pilgrimage Site|Preceptory|University|War College,7,20
"KT/Cavalry Spear/Targe/Leather [RoPaI, PrM, (RInd, SProw, SPie, NCun), Rec 6, Shake+1]|M7",Knight Templar,Cavalry Spear,Targe Shield,Leather,,False,25,"Recover 6,Parry +1,Immune Blocked,Resolute,Shake +1,Parry,Immune Strain",1600,,False,Abbey|Animal Husbandry|Blacksmith|Carpentry|Furnace|Hospitaller|Joinery|Monastery|Pilgrimage Site|Preceptory|Royal Pavilion|Tannery,7,23
"KT/WarHammer/Cloth [PrM, (EInd, EProw, SPie, NCun), Nimble, Rec 6, Recover 8, Shake+1]|M7",Knight Templar,War Hammer,,Cloth,,False,25,"Recover 6,Immune Blocked,Resolute,Shake +1,Recover 8,Nimble,Parry",2000,,False,Abbey|Apothecary|Blacksmith|Conditioning Field|Forge|Furnace|Herb Garden|Hospitaller|Monastery|Pilgrimage Site|Preceptory,7,22
"KT/Cudgel/FullPlate [PrM, (EInd, EProw, SPie, NCun), Enduring, Nimble, Temp, Rec 6, Recover 7, Recover 8, Shake+1]|M7",Knight Templar,Cudgel,,Full Plate,,False,25,"Recover 6,Resolute,Shake +1,Nimble,Parry,Recover 7,Immune Blocked,Enduring,Recover 8,Planishing",1500,,False,Abbey|Alchemy|Animal Husbandry|Apothecary|Armory|Blacksmith|Conditioning Field|Furnace|Gilded Foundry|Herb Garden|Hospitaller|Infirmary|Monastery|Pilgrimage Site|Preceptory|Tannery,7,22
"KT/WarHammer/FullPlate [PrM, (EInd, EProw, SPie, NCun), Enduring, Nimble, Parry +1, Temp, Rec 6, Recover 7, Recover 8, Riposte, Shake+1]|M7",Knight Templar,War Hammer,,Full Plate,,False,25,"Recover 6,Resolute,Shake +1,Nimble,Parry,Recover 7,Parry +1,Riposte,Immune Blocked,Enduring,Recover 8,Planishing",1500,,False,Abbey|Alchemy|Animal Husbandry|Apothecary|Armory|Blacksmith|Coliseum|Conditioning Field|Forge|Furnace|Gilded Foundry|Grand Tournament|Herb Garden|Hospitaller|Infirmary|Monastery|Pilgrimage Site|Preceptory|Tannery,7,22
"KT/WarHammer/Leather [RoPaM, PrM, (EInd, SProw, SPie, NCun), Rec 6, Shake+1]|M7",Knight Templar,War Hammer,,Leather,,False,25,"Strike +1,Recover 6,Resolute,Shake +1,Parry,Parry +1,Crit 8,Immune Blocked,Immune Strain",1800,,False,Abbey|Animal Husbandry|Blacksmith|Forge|Furnace|Grand Tournament|Hospitaller|Monastery|Pilgrimage Site|Preceptory|Royal Pavilion|Tannery|Tiltyard,7,26
"KT/Pitchfork+HuntBow/Cloth (TY) [RoPaM, PrM, (NInd, SProw, SPie, NCun), Florentine, ImmU, Nimble, Rec 6, Riposte, Shake+1]|M7",Knight Templar,Pitchfork,,Cloth,Hunting Bow,True,25,"Strike +1,Recover 6,Florentine,Resolute,Shake +1,Nimble,Parry,Parry +1,Riposte,Immune Strain,Crit 8,Immune Blocked,Immune Unwieldy",1800,,False,Abbey|Carpentry|Coliseum|Conditioning Field|Fletchery|Grand Tournament|Hospitaller|Monastery|Pilgrimage Site|Preceptory|Royal Pavilion|Tiltyard,7,20
"KT/Cavalry Spear/Targe/FullPlate [PrM, (EInd, EProw, SPie, NCun), Nimble, Temp, Rec 6, Shake+1]|M7",Knight Templar,Cavalry Spear,Targe Shield,Full Plate,,False,25,"Recover 6,Immune Blocked,Planishing,Resolute,Shake +1,Nimble,Parry",1400,,False,Abbey|Animal Husbandry|Armory|Blacksmith|Carpentry|Conditioning Field|Furnace|Gilded Foundry|Hospitaller|Joinery|Monastery|Pilgrimage Site|Preceptory|Tannery,7,22
"KT/FarmTools/Targe/Leather [RoPaI, PrM, (RInd, SProw, SPie, NCun), Rec 6, Shake+1]|M7",Knight Templar,Farm Tools,Targe Shield,Leather,,False,25,"Recover 6,Parry +1,Immune Blocked,Resolute,Shake +1,Parry,Immune Strain",1600,,False,Abbey|Animal Husbandry|Blacksmith|Carpentry|Furnace|Hospitaller|Joinery|Monastery|Pilgrimage Site|Preceptory|Royal Pavilion|Tannery,7,23
"KT/Arming/Kite/Cloth [PrM, (RInd, EProw, SPie, NCun), Nimble, Parry +1, Rec 6, Riposte, Shake+1]|M7",Knight Templar,Arming Sword,Kite Shield,Cloth,,False,25,"Recover 6,Resolute,Shake +1,Nimble,Parry,Parry +1,Riposte,Immune Blocked",1400,,False,Abbey|Armory|Blacksmith|Carpentry|Coliseum|Conditioning Field|Furnace|Grand Tournament|Hospitaller|Joinery|Monastery|Pilgrimage Site|Preceptory|Tannery,7,19
"KT/Spears/Tower/Chain [PrM, (EInd, EProw, SPie, NCun), Nimble, Rec 6, Shake+1]|M7",Knight Templar,Spears,Tower Shield,Chainmail,,False,25,"Recover 6,Immune Blocked,Resolute,Shake +1,Nimble,Parry",1400,,False,Abbey|Animal Husbandry|Armory|Blacksmith|Carpentry|Conditioning Field|Forge|Furnace|Hospitaller|Joinery|Monastery|Pilgrimage Site|Preceptory|Tannery,7,22
"KT/Arming/Tower/FullPlate [PrM, OuInPoI, (EInd, EProw, SPie, SCun), Temp, Rec 6, Shake+1]|M7",Knight Templar,Arming Sword,Tower Shield,Full Plate,,False,25,"Recover 6,confers:Strain,Resolute,Outrider: once,Shake +1,confers:Blocked,Parry,Immune Blocked,Planishing",1400,,False,Abbey|Animal Husbandry|Armory|Blacksmith|Carpentry|Forge|Furnace|Gilded Foundry|Hospitaller|Joinery|Monastery|Outrider Intercept Post|Pilgrimage Site|Preceptory|Tannery,7,32
"KT/Spears/Tower/FullPlate [PrM, (EInd, EProw, SPie, NCun), Nimble, Temp, Rec 6, Shake+1]|M7",Knight Templar,Spears,Tower Shield,Full Plate,,False,25,"Recover 6,Immune Blocked,Planishing,Resolute,Shake +1,Nimble,Parry",1400,,False,Abbey|Animal Husbandry|Armory|Blacksmith|Carpentry|Conditioning Field|Forge|Furnace|Gilded Foundry|Hospitaller|Joinery|Monastery|Pilgrimage Site|Preceptory|Tannery,7,22
"KT/Cavalry Spear/Buckler/FullPlate [PrM, (EInd, EProw, SPie, NCun), Nimble, Temp, Rec 6, Shake+1]|M7",Knight Templar,Cavalry Spear,Buckler Shield,Full Plate,,False,25,"Recover 6,Immune Blocked,Planishing,Resolute,Shake +1,Nimble,Parry",1400,,False,Abbey|Animal Husbandry|Armory|Blacksmith|Carpentry|Conditioning Field|Furnace|Gilded Foundry|Hospitaller|Joinery|Monastery|Pilgrimage Site|Preceptory|Tannery,7,22
"KT/Pitchfork/FullPlate [PrM, (EInd, EProw, SPie, NCun), Enduring, Nimble, Temp, Rec 6, Recover 7, Recover 8, Shake+1]|M7",Knight Templar,Pitchfork,,Full Plate,,False,25,"Recover 6,Resolute,Shake +1,Nimble,Parry,Recover 7,Immune Blocked,Enduring,Recover 8,Planishing",1500,,False,Abbey|Alchemy|Animal Husbandry|Apothecary|Armory|Blacksmith|Conditioning Field|Furnace|Gilded Foundry|Herb Garden|Hospitaller|Infirmary|Monastery|Pilgrimage Site|Preceptory|Tannery,7,22
"KT/BattleAxe/FullPlate [PrM, MiMiStM, (EInd, SProw, SPie, NCun), Temp, Rec 6, Shake+1]|M7",Knight Templar,Battle Axe,,Full Plate,,False,25,"Drilled,Recover 6,Resolute,Shake +1,Parry,Init +1,Immune Blocked,MaxInit3,Seize: first,Planishing",1600,,False,Abbey|Animal Husbandry|Armory|Blacksmith|Furnace|Gilded Foundry|Hospitaller|Ministry of Military Strategy|Monastery|Pilgrimage Site|Preceptory|Tannery|University|War College,7,26
"KT/Halberd/Cloth [PrM, (RInd, EProw, SPie, NCun), Nimble, Parry +1, Rec 6, Recover 8, Riposte, Shake+1]|M7",Knight Templar,Halberd,,Cloth,,False,25,"Recover 6,Resolute,Shake +1,Nimble,Parry,Parry +1,Riposte,Recover 8,Immune Blocked",2000,,False,Abbey|Apothecary|Blacksmith|Coliseum|Conditioning Field|Furnace|Grand Tournament|Herb Garden|Hospitaller|Monastery|Pilgrimage Site|Preceptory,7,19
"KT/FarmTools/Targe/Cloth [PrM, (RInd, EProw, SPie, NCun), Enduring, Nimble, Rec 6, Recover 7, Recover 8, Shake+1]|M7",Knight Templar,Farm Tools,Targe Shield,Cloth,,False,25,"Recover 6,Resolute,Shake +1,Nimble,Parry,Recover 7,Enduring,Recover 8,Immune Blocked",1700,,False,Abbey|Alchemy|Apothecary|Blacksmith|Carpentry|Conditioning Field|Furnace|Herb Garden|Hospitaller|Infirmary|Joinery|Monastery|Pilgrimage Site|Preceptory,7,19
"KT/FarmTools/Kite/Cloth [PrM, (RInd, EProw, SPie, NCun), Nimble, Parry +1, Rec 6, Riposte, Shake+1]|M7",Knight Templar,Farm Tools,Kite Shield,Cloth,,False,25,"Recover 6,Resolute,Shake +1,Nimble,Parry,Parry +1,Riposte,Immune Blocked",1400,,False,Abbey|Armory|Blacksmith|Carpentry|Coliseum|Conditioning Field|Furnace|Grand Tournament|Hospitaller|Joinery|Monastery|Pilgrimage Site|Preceptory|Tannery,7,19
"KT/FarmTools/Cloth [PrM, (NInd, EProw, SPie, NCun), Nimble, Rec 6, Shake+1]|M4",Knight Templar,Farm Tools,,Cloth,,False,25,"Recover 6,Immune Blocked,Resolute,Shake +1,Nimble,Parry",2000,,False,Abbey|Conditioning Field|Hospitaller|Monastery|Pilgrimage Site|Preceptory,4,16
"KT/Cudgel/Cloth [PrM, (NInd, EProw, SPie, NCun), Nimble, Rec 6, Shake+1]|M4",Knight Templar,Cudgel,,Cloth,,False,25,"Recover 6,Immune Blocked,Resolute,Shake +1,Nimble,Parry",2000,,False,Abbey|Conditioning Field|Hospitaller|Monastery|Pilgrimage Site|Preceptory,4,16
"KT/Cudgel/Cloth [PrM, (NInd, EProw, SPie, NCun), Nimble, Parry +1, Rec 6, Riposte, Shake+1]|M4",Knight Templar,Cudgel,,Cloth,,False,25,"Recover 6,Resolute,Shake +1,Nimble,Parry,Parry +1,Riposte,Immune Blocked",2000,,False,Abbey|Coliseum|Conditioning Field|Grand Tournament|Hospitaller|Monastery|Pilgrimage Site|Preceptory,4,16
"KT/Pitchfork/Cloth [PrM, (NInd, EProw, SPie, NCun), Nimble, Rec 6, Shake+1]|M4",Knight Templar,Pitchfork,,Cloth,,False,25,"Recover 6,Immune Blocked,Resolute,Shake +1,Nimble,Parry",2000,,False,Abbey|Conditioning Field|Hospitaller|Monastery|Pilgrimage Site|Preceptory,4,16
"KT/Pitchfork/Cloth [PrM, OuInPoI, (NInd, EProw, SPie, SCun), Rec 6, Shake+1]|M4",Knight Templar,Pitchfork,,Cloth,,False,25,"Recover 6,confers:Strain,Resolute,Outrider: once,Shake +1,confers:Blocked,Immune Blocked,Parry",2000,,False,Abbey|Hospitaller|Monastery|Outrider Intercept Post|Pilgrimage Site|Preceptory,4,26
