name,retinue,weapon,shield,armor,ranged,tiltyard,size,tags,playstyle,wins,losses,mut_wipe,indecisive,n_battles,win_rate,loss_rate,decisive_rate,decisive_win_rate,avg_self_survivors,avg_opp_survivors,kill_efficiency,upkeep_per_retinue,army_upkeep,wins_per_1000_upkeep,military_pursuit_count,domain_count,pursuits
Lev/Cudgel/Cloth [Outr:once],Levy,Cudgel,,Cloth,,False,50,Outrider: once,Random,7,76339,16176,1528,94050,0.0001,0.8117,0.9838,0.0001,0.81,33.58,-32.77,1000,50000,0.14,5,13,Caravanery|Carpentry|Cipher Chamber|Joinery|Outrider Intercept Post
Lev/FarmTools/Wooden/Cloth [Outr:once],Levy,Farm Tools,Wooden Shield,Cloth,,False,50,Outrider: once,Random,1,76145,16371,1533,94050,0.0000,0.8096,0.9837,0.0000,0.82,36.47,-35.66,800,40000,0.03,5,13,Caravanery|Carpentry|Cipher Chamber|Joinery|Outrider Intercept Post
Lev/HuntBow/Cloth [Outr:once],Levy,,,Cloth,Hunting Bow,False,50,Outrider: once,Random,17,76317,16168,1548,94050,0.0002,0.8115,0.9835,0.0002,0.83,33.09,-32.26,800,40000,0.42,5,10,Caravanery|Carpentry|Cipher Chamber|Fletchery|Outrider Intercept Post
Lev/Cudgel/Cloth [Outr:every],Levy,Cudgel,,Cloth,,False,50,Outrider: every,Random,55,71572,15521,6902,94050,0.0006,0.7610,0.9266,0.0008,2.35,32.30,-29.95,1000,50000,1.10,5,10,Caravanery|Cipher Chamber|Outrider Intercept Post|Outrider Mastery
Lev/FarmTools/Cloth [Outr:every],Levy,Farm Tools,,Cloth,,False,50,Outrider: every,Random,13,71702,15651,6684,94050,0.0001,0.7624,0.9289,0.0002,2.23,34.89,-32.66,1000,50000,0.26,5,10,Caravanery|Cipher Chamber|Outrider Intercept Post|Outrider Mastery
Lev/FarmTools/Wooden/Cloth [Outr:every],Levy,Farm Tools,Wooden Shield,Cloth,,False,50,Outrider: every,Random,2,71358,15649,7041,94050,0.0000,0.7587,0.9251,0.0000,2.37,36.05,-33.68,800,40000,0.05,7,13,Caravanery|Carpentry|Cipher Chamber|Joinery|Outrider Intercept Post|Outrider Mastery
Lev/HuntBow/Cloth [Outr:every],Levy,,,Cloth,Hunting Bow,False,50,Outrider: every,Random,123,71559,15565,6803,94050,0.0013,0.7609,0.9277,0.0017,2.33,31.92,-29.59,800,40000,3.08,7,10,Caravanery|Carpentry|Cipher Chamber|Fletchery|Outrider Intercept Post|Outrider Mastery
Lev/HuntBow/Cloth [Rend],Levy,,,Cloth,Hunting Bow,False,50,Rend,Random,14,89025,29502,909,119450,0.0001,0.7453,0.9924,0.0002,0.28,29.66,-29.38,400,20000,0.70,5,9,Carpentry|Fletchery|Joinery|Levy Hall|MWRend
"Lev/Cudgel/Cloth [Outr:once, Rend]",Levy,Cudgel,,Cloth,,False,50,"Outrider: once,Rend",Random,9,76323,16193,1525,94050,0.0001,0.8115,0.9838,0.0001,0.81,33.09,-32.28,600,30000,0.30,5,19,Caravanery|Cipher Chamber|Levy Hall|MWRend|Outrider Intercept Post
"Lev/FarmTools/Cloth [Outr:once, Rend]",Levy,Farm Tools,,Cloth,,False,50,"Outrider: once,Rend",Random,2,76291,16185,1572,94050,0.0000,0.8112,0.9833,0.0000,0.84,35.29,-34.45,600,30000,0.07,5,19,Caravanery|Cipher Chamber|Levy Hall|MWRend|Outrider Intercept Post
"Lev/FarmTools/Wooden/Cloth [Outr:once, Rend]",Levy,Farm Tools,Wooden Shield,Cloth,,False,50,"Outrider: once,Rend",Random,0,76209,16276,1565,94050,0.0000,0.8103,0.9834,0.0000,0.83,36.26,-35.43,600,30000,0.00,6,16,Caravanery|Carpentry|Cipher Chamber|Joinery|MWRend|Outrider Intercept Post
"Lev/HuntBow/Cloth [Outr:once, Rend]",Levy,,,Cloth,Hunting Bow,False,50,"Outrider: once,Rend",Random,19,76203,16232,1596,94050,0.0002,0.8102,0.9830,0.0002,0.85,32.58,-31.73,600,30000,0.63,6,16,Caravanery|Carpentry|Cipher Chamber|Fletchery|MWRend|Outrider Intercept Post
"Lev/Cudgel/Cloth [Outr:every, Rend]",Levy,Cudgel,,Cloth,,False,50,"Outrider: every,Rend",Random,39,71541,15568,6902,94050,0.0004,0.7607,0.9266,0.0005,2.36,31.68,-29.32,800,40000,0.97,6,16,Caravanery|Cipher Chamber|MWRend|Outrider Intercept Post|Outrider Mastery
"Lev/FarmTools/Cloth [Outr:every, Rend]",Levy,Farm Tools,,Cloth,,False,50,"Outrider: every,Rend",Random,11,71496,15629,6914,94050,0.0001,0.7602,0.9265,0.0002,2.33,34.52,-32.19,800,40000,0.28,6,16,Caravanery|Cipher Chamber|MWRend|Outrider Intercept Post|Outrider Mastery
"Lev/FarmTools/Wooden/Cloth [Outr:every, Rend]",Levy,Farm Tools,Wooden Shield,Cloth,,False,50,"Outrider: every,Rend",Random,6,71317,15651,7076,94050,0.0001,0.7583,0.9248,0.0001,2.42,35.73,-33.32,600,30000,0.20,8,16,Caravanery|Carpentry|Cipher Chamber|Joinery|MWRend|Outrider Intercept Post|Outrider Mastery
"Lev/HuntBow/Cloth [Outr:every, Rend]",Levy,,,Cloth,Hunting Bow,False,50,"Outrider: every,Rend",Random,119,71358,15569,7004,94050,0.0013,0.7587,0.9255,0.0017,2.38,31.33,-28.94,600,30000,3.97,8,16,Caravanery|Carpentry|Cipher Chamber|Fletchery|MWRend|Outrider Intercept Post|Outrider Mastery
Lev/Cudgel/Leather,Levy,Cudgel,,Leather,,False,50,,Random,8,88645,29952,845,119450,0.0001,0.7421,0.9929,0.0001,0.27,30.52,-30.25,600,30000,0.27,5,6,Animal Husbandry|Carpentry|Joinery|Levy Hall|Tannery
Lev/FarmTools/Kite/Leather,Levy,Farm Tools,Kite Shield,Leather,,False,50,,Random,3,88152,30425,870,119450,0.0000,0.7380,0.9927,0.0000,0.28,31.62,-31.34,400,20000,0.15,5,6,Animal Husbandry|Carpentry|Joinery|Levy Hall|Tannery
Lev/HuntBow/Leather,Levy,,,Leather,Hunting Bow,False,50,,Random,24,88640,29929,857,119450,0.0002,0.7421,0.9928,0.0003,0.27,29.89,-29.62,400,20000,1.20,5,3,Animal Husbandry|Carpentry|Fletchery|Levy Hall|Tannery
Lev/Cudgel/Leather [Outr:once],Levy,Cudgel,,Leather,,False,50,Outrider: once,Random,9,76194,16296,1551,94050,0.0001,0.8101,0.9835,0.0001,0.83,33.45,-32.63,800,40000,0.23,5,10,Animal Husbandry|Caravanery|Cipher Chamber|Outrider Intercept Post|Tannery
Lev/FarmTools/Leather [Outr:once],Levy,Farm Tools,,Leather,,False,50,Outrider: once,Random,1,76174,16292,1583,94050,0.0000,0.8099,0.9832,0.0000,0.84,35.50,-34.65,800,40000,0.03,5,10,Animal Husbandry|Caravanery|Cipher Chamber|Outrider Intercept Post|Tannery
Lev/FarmTools/Kite/Leather [Outr:once],Levy,Farm Tools,Kite Shield,Leather,,False,50,Outrider: once,Random,1,75911,16572,1566,94050,0.0000,0.8071,0.9833,0.0000,0.83,35.10,-34.27,600,30000,0.03,7,13,Animal Husbandry|Caravanery|Carpentry|Cipher Chamber|Joinery|Outrider Intercept Post|Tannery
Lev/HuntBow/Leather [Outr:once],Levy,,,Leather,Hunting Bow,False,50,Outrider: once,Random,14,76106,16379,1551,94050,0.0001,0.8092,0.9835,0.0002,0.83,32.95,-32.13,600,30000,0.47,7,10,Animal Husbandry|Caravanery|Carpentry|Cipher Chamber|Fletchery|Outrider Intercept Post|Tannery
Lev/Cudgel/Leather [Outr:every],Levy,Cudgel,,Leather,,False,50,Outrider: every,Random,43,71562,15657,6788,94050,0.0005,0.7609,0.9278,0.0006,2.30,32.18,-29.88,800,40000,1.07,7,10,Animal Husbandry|Caravanery|Cipher Chamber|Outrider Intercept Post|Outrider Mastery|Tannery
Lev/FarmTools/Leather [Outr:every],Levy,Farm Tools,,Leather,,False,50,Outrider: every,Random,18,71424,15700,6908,94050,0.0002,0.7594,0.9265,0.0003,2.35,34.82,-32.47,800,40000,0.45,7,10,Animal Husbandry|Caravanery|Cipher Chamber|Outrider Intercept Post|Outrider Mastery|Tannery
Lev/FarmTools/Kite/Leather [Outr:every],Levy,Farm Tools,Kite Shield,Leather,,False,50,Outrider: every,Random,10,71157,15861,7022,94050,0.0001,0.7566,0.9253,0.0001,2.38,34.47,-32.10,600,30000,0.33,9,13,Animal Husbandry|Caravanery|Carpentry|Cipher Chamber|Joinery|Outrider Intercept Post|Outrider Mastery|Tannery
Lev/HuntBow/Leather [Outr:every],Levy,,,Leather,Hunting Bow,False,50,Outrider: every,Random,139,71292,15636,6983,94050,0.0015,0.7580,0.9258,0.0019,2.37,31.83,-29.45,600,30000,4.63,9,10,Animal Husbandry|Caravanery|Carpentry|Cipher Chamber|Fletchery|Outrider Intercept Post|Outrider Mastery|Tannery
Lev/Cudgel/Leather [Rend],Levy,Cudgel,,Leather,,False,50,Rend,Random,5,88622,29966,857,119450,0.0000,0.7419,0.9928,0.0001,0.27,30.12,-29.85,600,30000,0.17,5,6,Animal Husbandry|Carpentry|Joinery|MWRend|Tannery
Lev/FarmTools/Kite/Leather [Rend],Levy,Farm Tools,Kite Shield,Leather,,False,50,Rend,Random,0,88174,30419,857,119450,0.0000,0.7382,0.9928,0.0000,0.27,31.35,-31.08,400,20000,0.00,5,6,Animal Husbandry|Carpentry|Joinery|MWRend|Tannery
Lev/HuntBow/Leather [Rend],Levy,,,Leather,Hunting Bow,False,50,Rend,Random,15,88548,30003,884,119450,0.0001,0.7413,0.9926,0.0002,0.28,29.45,-29.17,400,20000,0.75,5,6,Animal Husbandry|Carpentry|Fletchery|MWRend|Tannery
"Lev/Cudgel/Leather [Outr:once, Rend]",Levy,Cudgel,,Leather,,False,50,"Outrider: once,Rend",Random,6,76135,16363,1546,94050,0.0001,0.8095,0.9836,0.0001,0.82,32.94,-32.12,600,30000,0.20,6,16,Animal Husbandry|Caravanery|Cipher Chamber|MWRend|Outrider Intercept Post|Tannery
"Lev/FarmTools/Leather [Outr:once, Rend]",Levy,Farm Tools,,Leather,,False,50,"Outrider: once,Rend",Random,2,76172,16343,1533,94050,0.0000,0.8099,0.9837,0.0000,0.82,35.14,-34.33,600,30000,0.07,6,16,Animal Husbandry|Caravanery|Cipher Chamber|MWRend|Outrider Intercept Post|Tannery
"Lev/FarmTools/Kite/Leather [Outr:once, Rend]",Levy,Farm Tools,Kite Shield,Leather,,False,50,"Outrider: once,Rend",Random,5,75894,16620,1531,94050,0.0001,0.8070,0.9837,0.0001,0.81,34.71,-33.90,400,20000,0.25,8,16,Animal Husbandry|Caravanery|Carpentry|Cipher Chamber|Joinery|MWRend|Outrider Intercept Post|Tannery
"Lev/HuntBow/Leather [Outr:once, Rend]",Levy,,,Leather,Hunting Bow,False,50,"Outrider: once,Rend",Random,15,76078,16295,1662,94050,0.0002,0.8089,0.9823,0.0002,0.89,32.48,-31.60,400,20000,0.75,8,16,Animal Husbandry|Caravanery|Carpentry|Cipher Chamber|Fletchery|MWRend|Outrider Intercept Post|Tannery
"Lev/Cudgel/Leather [Outr:every, Rend]",Levy,Cudgel,,Leather,,False,50,"Outrider: every,Rend",Random,51,71360,15632,7007,94050,0.0005,0.7587,0.9255,0.0007,2.38,31.58,-29.19,600,30000,1.70,8,16,Animal Husbandry|Caravanery|Cipher Chamber|MWRend|Outrider Intercept Post|Outrider Mastery|Tannery
"Lev/FarmTools/Leather [Outr:every, Rend]",Levy,Farm Tools,,Leather,,False,50,"Outrider: every,Rend",Random,20,71434,15700,6896,94050,0.0002,0.7595,0.9267,0.0003,2.33,34.40,-32.08,600,30000,0.67,8,16,Animal Husbandry|Caravanery|Cipher Chamber|MWRend|Outrider Intercept Post|Outrider Mastery|Tannery
"Lev/FarmTools/Kite/Leather [Outr:every, Rend]",Levy,Farm Tools,Kite Shield,Leather,,False,50,"Outrider: every,Rend",Random,16,71270,15937,6827,94050,0.0002,0.7578,0.9274,0.0002,2.34,34.00,-31.66,400,20000,0.80,10,16,Animal Husbandry|Caravanery|Carpentry|Cipher Chamber|Joinery|MWRend|Outrider Intercept Post|Outrider Mastery|Tannery
"Lev/HuntBow/Leather [Outr:every, Rend]",Levy,,,Leather,Hunting Bow,False,50,"Outrider: every,Rend",Random,126,71358,15634,6932,94050,0.0013,0.7587,0.9263,0.0018,2.37,31.23,-28.87,400,20000,6.30,10,16,Animal Husbandry|Caravanery|Carpentry|Cipher Chamber|Fletchery|MWRend|Outrider Intercept Post|Outrider Mastery|Tannery
Lev/FarmTools/Leather,Levy,Farm Tools,,Leather,,False,50,,Random,1,88659,29916,874,119450,0.0000,0.7422,0.9927,0.0000,0.27,32.10,-31.83,200,10000,0.10,5,3,Animal Husbandry|Butchery|Levy Hall|Smokehouse|Tannery
Lev/FarmTools/Leather [Rend],Levy,Farm Tools,,Leather,,False,50,Rend,Random,0,88575,30028,847,119450,0.0000,0.7415,0.9929,0.0000,0.26,31.80,-31.54,200,10000,0.00,5,6,Animal Husbandry|Butchery|MWRend|Smokehouse|Tannery
Lev/Cudgel/Cloth [Poison],Levy,Cudgel,,Cloth,,False,50,Poison,Random,7,89106,29510,827,119450,0.0001,0.7460,0.9931,0.0001,0.26,29.55,-29.29,800,40000,0.17,5,9,Carpentry|Joinery|Levy Hall|Toxicarium
Lev/FarmTools/Wooden/Cloth [Poison],Levy,Farm Tools,Wooden Shield,Cloth,,False,50,Poison,Random,4,88631,29912,903,119450,0.0000,0.7420,0.9924,0.0000,0.28,31.65,-31.37,600,30000,0.13,5,9,Carpentry|Joinery|Levy Hall|Toxicarium
Lev/HuntBow/Cloth [Poison],Levy,,,Cloth,Hunting Bow,False,50,Poison,Random,37,89045,29499,869,119450,0.0003,0.7455,0.9927,0.0004,0.27,28.10,-27.83,600,30000,1.23,5,6,Carpentry|Fletchery|Levy Hall|Toxicarium
"Lev/Cudgel/Cloth [Poison, Outr:once]",Levy,Cudgel,,Cloth,,False,50,"Outrider: once,Poison",Random,15,76396,16128,1511,94050,0.0002,0.8123,0.9839,0.0002,0.81,32.09,-31.29,1000,50000,0.30,5,10,Caravanery|Cipher Chamber|Outrider Intercept Post|Toxicarium
"Lev/FarmTools/Cloth [Poison, Outr:once]",Levy,Farm Tools,,Cloth,,False,50,"Outrider: once,Poison",Random,21,76200,16236,1593,94050,0.0002,0.8102,0.9831,0.0003,0.85,33.37,-32.52,1000,50000,0.42,5,10,Caravanery|Cipher Chamber|Outrider Intercept Post|Toxicarium
"Lev/FarmTools/Wooden/Cloth [Poison, Outr:once]",Levy,Farm Tools,Wooden Shield,Cloth,,False,50,"Outrider: once,Poison",Random,0,76171,16290,1589,94050,0.0000,0.8099,0.9831,0.0000,0.84,34.87,-34.03,800,40000,0.00,7,13,Caravanery|Carpentry|Cipher Chamber|Joinery|Outrider Intercept Post|Toxicarium
"Lev/HuntBow/Cloth [Poison, Outr:once]",Levy,,,Cloth,Hunting Bow,False,50,"Outrider: once,Poison",Random,53,76234,16189,1574,94050,0.0006,0.8106,0.9833,0.0007,0.84,30.73,-29.89,800,40000,1.32,7,10,Caravanery|Carpentry|Cipher Chamber|Fletchery|Outrider Intercept Post|Toxicarium
"Lev/Cudgel/Cloth [Poison, Outr:every]",Levy,Cudgel,,Cloth,,False,50,"Outrider: every,Poison",Random,58,71501,15596,6895,94050,0.0006,0.7602,0.9267,0.0008,2.32,30.35,-28.02,1000,50000,1.16,7,10,Caravanery|Cipher Chamber|Outrider Intercept Post|Outrider Mastery|Toxicarium
"Lev/FarmTools/Cloth [Poison, Outr:every]",Levy,Farm Tools,,Cloth,,False,50,"Outrider: every,Poison",Random,112,71580,15484,6874,94050,0.0012,0.7611,0.9269,0.0016,2.36,32.30,-29.94,1000,50000,2.24,7,10,Caravanery|Cipher Chamber|Outrider Intercept Post|Outrider Mastery|Toxicarium
"Lev/FarmTools/Wooden/Cloth [Poison, Outr:every]",Levy,Farm Tools,Wooden Shield,Cloth,,False,50,"Outrider: every,Poison",Random,23,71438,15662,6927,94050,0.0002,0.7596,0.9263,0.0003,2.30,33.91,-31.61,800,40000,0.57,9,13,Caravanery|Carpentry|Cipher Chamber|Joinery|Outrider Intercept Post|Outrider Mastery|Toxicarium
"Lev/HuntBow/Cloth [Poison, Outr:every]",Levy,,,Cloth,Hunting Bow,False,50,"Outrider: every,Poison",Random,266,71528,15270,6986,94050,0.0028,0.7605,0.9257,0.0037,2.40,29.13,-26.73,800,40000,6.65,9,10,Caravanery|Carpentry|Cipher Chamber|Fletchery|Outrider Intercept Post|Outrider Mastery|Toxicarium
"Lev/Cudgel/Cloth [Poison, Rend]",Levy,Cudgel,,Cloth,,False,50,"Poison,Rend",Random,8,89161,29390,891,119450,0.0001,0.7464,0.9925,0.0001,0.27,29.14,-28.86,800,40000,0.20,5,9,Carpentry|Joinery|MWRend|Toxicarium
"Lev/FarmTools/Wooden/Cloth [Poison, Rend]",Levy,Farm Tools,Wooden Shield,Cloth,,False,50,"Poison,Rend",Random,3,88579,29975,893,119450,0.0000,0.7416,0.9925,0.0000,0.29,31.31,-31.02,600,30000,0.10,5,9,Carpentry|Joinery|MWRend|Toxicarium
"Lev/HuntBow/Cloth [Poison, Rend]",Levy,,,Cloth,Hunting Bow,False,50,"Poison,Rend",Random,44,89138,29442,826,119450,0.0004,0.7462,0.9931,0.0005,0.26,27.56,-27.30,600,30000,1.47,5,9,Carpentry|Fletchery|MWRend|Toxicarium
"Lev/Cudgel/Cloth [Poison, Outr:once, Rend]",Levy,Cudgel,,Cloth,,False,50,"Outrider: once,Poison,Rend",Random,11,76271,16216,1552,94050,0.0001,0.8110,0.9835,0.0001,0.83,31.52,-30.69,800,40000,0.28,6,16,Caravanery|Cipher Chamber|MWRend|Outrider Intercept Post|Toxicarium
"Lev/FarmTools/Cloth [Poison, Outr:once, Rend]",Levy,Farm Tools,,Cloth,,False,50,"Outrider: once,Poison,Rend",Random,15,76252,16201,1582,94050,0.0002,0.8108,0.9832,0.0002,0.84,32.92,-32.08,800,40000,0.38,6,16,Caravanery|Cipher Chamber|MWRend|Outrider Intercept Post|Toxicarium
"Lev/FarmTools/Wooden/Cloth [Poison, Outr:once, Rend]",Levy,Farm Tools,Wooden Shield,Cloth,,False,50,"Outrider: once,Poison,Rend",Random,2,76179,16327,1542,94050,0.0000,0.8100,0.9836,0.0000,0.82,34.45,-33.63,600,30000,0.07,8,16,Caravanery|Carpentry|Cipher Chamber|Joinery|MWRend|Outrider Intercept Post|Toxicarium
"Lev/HuntBow/Cloth [Poison, Outr:once, Rend]",Levy,,,Cloth,Hunting Bow,False,50,"Outrider: once,Poison,Rend",Random,45,76265,16180,1560,94050,0.0005,0.8109,0.9834,0.0006,0.84,30.05,-29.21,600,30000,1.50,8,16,Caravanery|Carpentry|Cipher Chamber|Fletchery|MWRend|Outrider Intercept Post|Toxicarium
"Lev/Cudgel/Cloth [Poison, Outr:every, Rend]",Levy,Cudgel,,Cloth,,False,50,"Outrider: every,Poison,Rend",Random,83,71604,15502,6861,94050,0.0009,0.7613,0.9270,0.0012,2.30,29.57,-27.27,800,40000,2.08,8,16,Caravanery|Cipher Chamber|MWRend|Outrider Intercept Post|Outrider Mastery|Toxicarium
"Lev/FarmTools/Cloth [Poison, Outr:every, Rend]",Levy,Farm Tools,,Cloth,,False,50,"Outrider: every,Poison,Rend",Random,106,71439,15455,7050,94050,0.0011,0.7596,0.9250,0.0015,2.37,31.72,-29.35,800,40000,2.65,8,16,Caravanery|Cipher Chamber|MWRend|Outrider Intercept Post|Outrider Mastery|Toxicarium
"Lev/FarmTools/Wooden/Cloth [Poison, Outr:every, Rend]",Levy,Farm Tools,Wooden Shield,Cloth,,False,50,"Outrider: every,Poison,Rend",Random,27,71404,15729,6890,94050,0.0003,0.7592,0.9267,0.0004,2.34,33.44,-31.10,600,30000,0.90,10,16,Caravanery|Carpentry|Cipher Chamber|Joinery|MWRend|Outrider Intercept Post|Outrider Mastery|Toxicarium
"Lev/HuntBow/Cloth [Poison, Outr:every, Rend]",Levy,,,Cloth,Hunting Bow,False,50,"Outrider: every,Poison,Rend",Random,256,71502,15322,6970,94050,0.0027,0.7603,0.9259,0.0036,2.39,28.31,-25.92,600,30000,8.53,10,16,Caravanery|Carpentry|Cipher Chamber|Fletchery|MWRend|Outrider Intercept Post|Outrider Mastery|Toxicarium
Lev/Cudgel/Leather [Poison],Levy,Cudgel,,Leather,,False,50,Poison,Random,15,88636,29930,869,119450,0.0001,0.7420,0.9927,0.0002,0.27,29.33,-29.06,600,30000,0.50,5,6,Animal Husbandry|Levy Hall|Tannery|Toxicarium
Lev/FarmTools/Leather [Poison],Levy,Farm Tools,,Leather,,False,50,Poison,Random,19,88569,30002,860,119450,0.0002,0.7415,0.9928,0.0002,0.28,30.24,-29.97,600,30000,0.63,5,6,Animal Husbandry|Levy Hall|Tannery|Toxicarium
Lev/FarmTools/Kite/Leather [Poison],Levy,Farm Tools,Kite Shield,Leather,,False,50,Poison,Random,14,88137,30486,813,119450,0.0001,0.7379,0.9932,0.0002,0.26,29.66,-29.40,600,30000,0.47,6,6,Animal Husbandry|Carpentry|Joinery|Tannery|Toxicarium
Lev/HuntBow/Leather [Poison],Levy,,,Leather,Hunting Bow,False,50,Poison,Random,44,88556,29975,875,119450,0.0004,0.7414,0.9927,0.0005,0.28,27.90,-27.62,600,30000,1.47,6,3,Animal Husbandry|Carpentry|Fletchery|Tannery|Toxicarium
"Lev/Cudgel/Leather [Poison, Outr:once]",Levy,Cudgel,,Leather,,False,50,"Outrider: once,Poison",Random,9,76143,16323,1575,94050,0.0001,0.8096,0.9833,0.0001,0.84,31.94,-31.11,800,40000,0.23,7,10,Animal Husbandry|Caravanery|Cipher Chamber|Outrider Intercept Post|Tannery|Toxicarium
"Lev/FarmTools/Leather [Poison, Outr:once]",Levy,Farm Tools,,Leather,,False,50,"Outrider: once,Poison",Random,21,76129,16330,1570,94050,0.0002,0.8095,0.9833,0.0003,0.84,33.26,-32.43,800,40000,0.53,7,10,Animal Husbandry|Caravanery|Cipher Chamber|Outrider Intercept Post|Tannery|Toxicarium
"Lev/FarmTools/Kite/Leather [Poison, Outr:once]",Levy,Farm Tools,Kite Shield,Leather,,False,50,"Outrider: once,Poison",Random,20,75965,16504,1561,94050,0.0002,0.8077,0.9834,0.0003,0.83,32.81,-31.97,600,30000,0.67,9,13,Animal Husbandry|Caravanery|Carpentry|Cipher Chamber|Joinery|Outrider Intercept Post|Tannery|Toxicarium
"Lev/HuntBow/Leather [Poison, Outr:once]",Levy,,,Leather,Hunting Bow,False,50,"Outrider: once,Poison",Random,33,76094,16326,1597,94050,0.0004,0.8091,0.9830,0.0004,0.85,30.60,-29.75,600,30000,1.10,9,10,Animal Husbandry|Caravanery|Carpentry|Cipher Chamber|Fletchery|Outrider Intercept Post|Tannery|Toxicarium
"Lev/Cudgel/Leather [Poison, Outr:every]",Levy,Cudgel,,Leather,,False,50,"Outrider: every,Poison",Random,74,71256,15646,7074,94050,0.0008,0.7576,0.9248,0.0010,2.40,30.24,-27.84,800,40000,1.85,9,10,Animal Husbandry|Caravanery|Cipher Chamber|Outrider Intercept Post|Outrider Mastery|Tannery|Toxicarium
"Lev/FarmTools/Leather [Poison, Outr:every]",Levy,Farm Tools,,Leather,,False,50,"Outrider: every,Poison",Random,113,71322,15606,7009,94050,0.0012,0.7583,0.9255,0.0016,2.39,32.20,-29.80,800,40000,2.83,9,10,Animal Husbandry|Caravanery|Cipher Chamber|Outrider Intercept Post|Outrider Mastery|Tannery|Toxicarium
"Lev/Cudgel/Leather [Poison, Rend]",Levy,Cudgel,,Leather,,False,50,"Poison,Rend",Random,11,88561,29945,933,119450,0.0001,0.7414,0.9922,0.0001,0.29,28.88,-28.59,600,30000,0.37,5,9,Animal Husbandry|MWRend|Tannery|Toxicarium
"Lev/FarmTools/Leather [Poison, Rend]",Levy,Farm Tools,,Leather,,False,50,"Poison,Rend",Random,20,88577,29950,903,119450,0.0002,0.7415,0.9924,0.0002,0.29,29.86,-29.57,600,30000,0.67,5,9,Animal Husbandry|MWRend|Tannery|Toxicarium
"Lev/FarmTools/Kite/Leather [Poison, Rend]",Levy,Farm Tools,Kite Shield,Leather,,False,50,"Poison,Rend",Random,20,88078,30481,871,119450,0.0002,0.7374,0.9927,0.0002,0.28,29.27,-28.98,400,20000,1.00,7,9,Animal Husbandry|Carpentry|Joinery|MWRend|Tannery|Toxicarium
"Lev/HuntBow/Leather [Poison, Rend]",Levy,,,Leather,Hunting Bow,False,50,"Poison,Rend",Random,48,88550,29943,909,119450,0.0004,0.7413,0.9924,0.0005,0.29,27.36,-27.07,400,20000,2.40,7,9,Animal Husbandry|Carpentry|Fletchery|MWRend|Tannery|Toxicarium
"Lev/Cudgel/Leather [Poison, Outr:once, Rend]",Levy,Cudgel,,Leather,,False,50,"Outrider: once,Poison,Rend",Random,22,76170,16313,1545,94050,0.0002,0.8099,0.9836,0.0003,0.82,31.36,-30.53,600,30000,0.73,8,16,Animal Husbandry|Caravanery|Cipher Chamber|MWRend|Outrider Intercept Post|Tannery|Toxicarium
"Lev/FarmTools/Leather [Poison, Outr:once, Rend]",Levy,Farm Tools,,Leather,,False,50,"Outrider: once,Poison,Rend",Random,17,76100,16314,1619,94050,0.0002,0.8091,0.9828,0.0002,0.86,32.78,-31.92,600,30000,0.57,8,16,Animal Husbandry|Caravanery|Cipher Chamber|MWRend|Outrider Intercept Post|Tannery|Toxicarium
"Lev/FarmTools/Kite/Leather [Poison, Outr:once, Rend]",Levy,Farm Tools,Kite Shield,Leather,,False,50,"Outrider: once,Poison,Rend",Random,20,75959,16528,1543,94050,0.0002,0.8076,0.9836,0.0003,0.82,32.27,-31.44,400,20000,1.00,10,16,Animal Husbandry|Caravanery|Carpentry|Cipher Chamber|Joinery|MWRend|Outrider Intercept Post|Tannery|Toxicarium
"Lev/HuntBow/Leather [Poison, Outr:once, Rend]",Levy,,,Leather,Hunting Bow,False,50,"Outrider: once,Poison,Rend",Random,39,76135,16327,1549,94050,0.0004,0.8095,0.9835,0.0005,0.83,29.90,-29.07,400,20000,1.95,10,16,Animal Husbandry|Caravanery|Carpentry|Cipher Chamber|Fletchery|MWRend|Outrider Intercept Post|Tannery|Toxicarium
"Lev/Cudgel/Leather [Poison, Outr:every, Rend]",Levy,Cudgel,,Leather,,False,50,"Outrider: every,Poison,Rend",Random,69,71349,15567,7065,94050,0.0007,0.7586,0.9249,0.0010,2.38,29.51,-27.12,600,30000,2.30,10,16,Animal Husbandry|Caravanery|Cipher Chamber|MWRend|Outrider Intercept Post|Outrider Mastery|Tannery|Toxicarium
"Lev/FarmTools/Leather [Poison, Outr:every, Rend]",Levy,Farm Tools,,Leather,,False,50,"Outrider: every,Poison,Rend",Random,114,71363,15661,6912,94050,0.0012,0.7588,0.9265,0.0016,2.33,31.57,-29.24,600,30000,3.80,10,16,Animal Husbandry|Caravanery|Cipher Chamber|MWRend|Outrider Intercept Post|Outrider Mastery|Tannery|Toxicarium
"Lev/Cudgel/Cloth [ApoHeal, Regen 5, Reroll]",Levy,Cudgel,,Cloth,,False,50,"Apothecary Heal,Regenerate 5,Regenerate Reroll",Random,13,85921,32619,897,119450,0.0001,0.7193,0.9925,0.0002,0.31,27.13,-26.82,800,40000,0.33,5,12,Apothecary|Carpentry|Hospitaller|Infirmary|Joinery|Levy Hall
"Lev/FarmTools/Wooden/Cloth [ApoHeal, Regen 5, Reroll]",Levy,Farm Tools,Wooden Shield,Cloth,,False,50,"Apothecary Heal,Regenerate 5,Regenerate Reroll",Random,0,85904,32668,878,119450,0.0000,0.7192,0.9926,0.0000,0.31,30.28,-29.97,600,30000,0.00,5,12,Apothecary|Carpentry|Hospitaller|Infirmary|Joinery|Levy Hall
"Lev/HuntBow/Cloth [ApoHeal, Regen 5, Reroll]",Levy,,,Cloth,Hunting Bow,False,50,"Apothecary Heal,Regenerate 5,Regenerate Reroll",Random,27,85920,32616,887,119450,0.0002,0.7193,0.9926,0.0003,0.31,27.05,-26.74,600,30000,0.90,5,9,Apothecary|Carpentry|Fletchery|Hospitaller|Infirmary|Levy Hall
"Lev/Cudgel/Cloth [ApoHeal, Outr:once, Regen 5, Reroll]",Levy,Cudgel,,Cloth,,False,50,"Apothecary Heal,Outrider: once,Regenerate 5,Regenerate Reroll",Random,8,74910,17531,1601,94050,0.0001,0.7965,0.9830,0.0001,0.85,30.35,-29.50,1000,50000,0.16,5,16,Apothecary|Caravanery|Cipher Chamber|Hospitaller|Infirmary|Outrider Intercept Post
"Lev/FarmTools/Cloth [ApoHeal, Outr:once, Regen 5, Reroll]",Levy,Farm Tools,,Cloth,,False,50,"Apothecary Heal,Outrider: once,Regenerate 5,Regenerate Reroll",Random,7,74872,17556,1615,94050,0.0001,0.7961,0.9828,0.0001,0.86,33.06,-32.20,1000,50000,0.14,5,16,Apothecary|Caravanery|Cipher Chamber|Hospitaller|Infirmary|Outrider Intercept Post
"Lev/FarmTools/Wooden/Cloth [ApoHeal, Outr:once, Regen 5, Reroll]",Levy,Farm Tools,Wooden Shield,Cloth,,False,50,"Apothecary Heal,Outrider: once,Regenerate 5,Regenerate Reroll",Random,1,74963,17550,1536,94050,0.0000,0.7971,0.9837,0.0000,0.82,34.14,-33.33,800,40000,0.03,7,19,Apothecary|Caravanery|Carpentry|Cipher Chamber|Hospitaller|Infirmary|Joinery|Outrider Intercept Post
"Lev/HuntBow/Cloth [ApoHeal, Outr:once, Regen 5, Reroll]",Levy,,,Cloth,Hunting Bow,False,50,"Apothecary Heal,Outrider: once,Regenerate 5,Regenerate Reroll",Random,22,74907,17523,1598,94050,0.0002,0.7965,0.9830,0.0003,0.85,30.46,-29.60,800,40000,0.55,7,16,Apothecary|Caravanery|Carpentry|Cipher Chamber|Fletchery|Hospitaller|Infirmary|Outrider Intercept Post
"Lev/Cudgel/Cloth [Outr:every, ApoHeal, Regen 5, Reroll]",Levy,Cudgel,,Cloth,,False,50,"Apothecary Heal,Outrider: every,Regenerate 5,Regenerate Reroll",Random,51,70025,16355,7619,94050,0.0005,0.7446,0.9190,0.0007,3.05,29.39,-26.35,1000,50000,1.02,7,16,Apothecary|Caravanery|Cipher Chamber|Hospitaller|Infirmary|Outrider Intercept Post|Outrider Mastery
"Lev/FarmTools/Cloth [Outr:every, ApoHeal, Regen 5, Reroll]",Levy,Farm Tools,,Cloth,,False,50,"Apothecary Heal,Outrider: every,Regenerate 5,Regenerate Reroll",Random,20,69986,16375,7669,94050,0.0002,0.7441,0.9185,0.0003,3.06,32.70,-29.64,1000,50000,0.40,7,16,Apothecary|Caravanery|Cipher Chamber|Hospitaller|Infirmary|Outrider Intercept Post|Outrider Mastery
"Lev/FarmTools/Wooden/Cloth [Outr:every, ApoHeal, Regen 5, Reroll]",Levy,Farm Tools,Wooden Shield,Cloth,,False,50,"Apothecary Heal,Outrider: every,Regenerate 5,Regenerate Reroll",Random,7,70002,16393,7648,94050,0.0001,0.7443,0.9187,0.0001,3.04,34.05,-31.01,800,40000,0.17,9,19,Apothecary|Caravanery|Carpentry|Cipher Chamber|Hospitaller|Infirmary|Joinery|Outrider Intercept Post|Outrider Mastery
"Lev/HuntBow/Cloth [Outr:every, ApoHeal, Regen 5, Reroll]",Levy,,,Cloth,Hunting Bow,False,50,"Apothecary Heal,Outrider: every,Regenerate 5,Regenerate Reroll",Random,154,70128,16183,7585,94050,0.0016,0.7456,0.9194,0.0022,3.05,29.59,-26.54,800,40000,3.85,9,16,Apothecary|Caravanery|Carpentry|Cipher Chamber|Fletchery|Hospitaller|Infirmary|Outrider Intercept Post|Outrider Mastery
"Lev/Cudgel/Cloth [ApoHeal, Regen 5, Reroll, Rend]",Levy,Cudgel,,Cloth,,False,50,"Apothecary Heal,Regenerate 5,Regenerate Reroll,Rend",Random,14,85909,32621,906,119450,0.0001,0.7192,0.9924,0.0002,0.32,26.68,-26.36,800,40000,0.35,5,12,Apothecary|Carpentry|Hospitaller|Infirmary|Joinery|MWRend
"Lev/FarmTools/Wooden/Cloth [ApoHeal, Regen 5, Reroll, Rend]",Levy,Farm Tools,Wooden Shield,Cloth,,False,50,"Apothecary Heal,Regenerate 5,Regenerate Reroll,Rend",Random,1,85927,32659,863,119450,0.0000,0.7194,0.9928,0.0000,0.30,30.02,-29.72,600,30000,0.03,5,12,Apothecary|Carpentry|Hospitaller|Infirmary|Joinery|MWRend
"Lev/HuntBow/Cloth [ApoHeal, Regen 5, Reroll, Rend]",Levy,,,Cloth,Hunting Bow,False,50,"Apothecary Heal,Regenerate 5,Regenerate Reroll,Rend",Random,29,85894,32561,966,119450,0.0002,0.7191,0.9919,0.0003,0.34,26.62,-26.29,600,30000,0.97,5,12,Apothecary|Carpentry|Fletchery|Hospitaller|Infirmary|MWRend
"Lev/Cudgel/Cloth [Outr:once, ApoHeal, Rend, Regen 5, Reroll]",Levy,Cudgel,,Cloth,,False,50,"Apothecary Heal,Outrider: once,Regenerate 5,Regenerate Reroll,Rend",Random,12,74930,17543,1565,94050,0.0001,0.7967,0.9834,0.0002,0.83,29.77,-28.94,800,40000,0.30,6,22,Apothecary|Caravanery|Cipher Chamber|Hospitaller|Infirmary|MWRend|Outrider Intercept Post
"Lev/FarmTools/Cloth [Outr:once, ApoHeal, Rend, Regen 5, Reroll]",Levy,Farm Tools,,Cloth,,False,50,"Apothecary Heal,Outrider: once,Regenerate 5,Regenerate Reroll,Rend",Random,2,74979,17530,1539,94050,0.0000,0.7972,0.9836,0.0000,0.82,32.66,-31.85,800,40000,0.05,6,22,Apothecary|Caravanery|Cipher Chamber|Hospitaller|Infirmary|MWRend|Outrider Intercept Post
"Lev/FarmTools/Wooden/Cloth [Outr:once, ApoHeal, Rend, Regen 5, Reroll]",Levy,Farm Tools,Wooden Shield,Cloth,,False,50,"Apothecary Heal,Outrider: once,Regenerate 5,Regenerate Reroll,Rend",Random,0,74897,17554,1599,94050,0.0000,0.7964,0.9830,0.0000,0.85,33.81,-32.96,600,30000,0.00,8,22,Apothecary|Caravanery|Carpentry|Cipher Chamber|Hospitaller|Infirmary|Joinery|MWRend|Outrider Intercept Post
"Lev/HuntBow/Cloth [Outr:once, ApoHeal, Rend, Regen 5, Reroll]",Levy,,,Cloth,Hunting Bow,False,50,"Apothecary Heal,Outrider: once,Regenerate 5,Regenerate Reroll,Rend",Random,35,74944,17494,1577,94050,0.0004,0.7969,0.9832,0.0005,0.85,29.89,-29.04,600,30000,1.17,8,22,Apothecary|Caravanery|Carpentry|Cipher Chamber|Fletchery|Hospitaller|Infirmary|MWRend|Outrider Intercept Post
"Lev/Cudgel/Cloth [Outr:every, ApoHeal, Rend, Regen 5, Reroll]",Levy,Cudgel,,Cloth,,False,50,"Apothecary Heal,Outrider: every,Regenerate 5,Regenerate Reroll,Rend",Random,68,70201,16361,7420,94050,0.0007,0.7464,0.9211,0.0010,2.97,28.64,-25.67,800,40000,1.70,8,22,Apothecary|Caravanery|Cipher Chamber|Hospitaller|Infirmary|MWRend|Outrider Intercept Post|Outrider Mastery
"Lev/FarmTools/Cloth [Outr:every, ApoHeal, Rend, Regen 5, Reroll]",Levy,Farm Tools,,Cloth,,False,50,"Apothecary Heal,Outrider: every,Regenerate 5,Regenerate Reroll,Rend",Random,16,70073,16421,7540,94050,0.0002,0.7451,0.9198,0.0002,3.00,32.20,-29.20,800,40000,0.40,8,22,Apothecary|Caravanery|Cipher Chamber|Hospitaller|Infirmary|MWRend|Outrider Intercept Post|Outrider Mastery
"Lev/FarmTools/Wooden/Cloth [Outr:every, ApoHeal, Rend, Regen 5, Reroll]",Levy,Farm Tools,Wooden Shield,Cloth,,False,50,"Apothecary Heal,Outrider: every,Regenerate 5,Regenerate Reroll,Rend",Random,5,70060,16410,7575,94050,0.0001,0.7449,0.9195,0.0001,3.00,33.64,-30.64,600,30000,0.17,10,22,Apothecary|Caravanery|Carpentry|Cipher Chamber|Hospitaller|Infirmary|Joinery|MWRend|Outrider Intercept Post|Outrider Mastery
"Lev/HuntBow/Cloth [Outr:every, ApoHeal, Rend, Regen 5, Reroll]",Levy,,,Cloth,Hunting Bow,False,50,"Apothecary Heal,Outrider: every,Regenerate 5,Regenerate Reroll,Rend",Random,135,70071,16275,7569,94050,0.0014,0.7450,0.9195,0.0019,3.05,28.92,-25.87,600,30000,4.50,10,22,Apothecary|Caravanery|Carpentry|Cipher Chamber|Fletchery|Hospitaller|Infirmary|MWRend|Outrider Intercept Post|Outrider Mastery
"Lev/Cudgel/Leather [ApoHeal, Regen 5, Reroll]",Levy,Cudgel,,Leather,,False,50,"Apothecary Heal,Regenerate 5,Regenerate Reroll",Random,12,85916,32642,880,119450,0.0001,0.7193,0.9926,0.0001,0.31,27.09,-26.78,600,30000,0.40,5,9,Animal Husbandry|Apothecary|Hospitaller|Infirmary|Levy Hall|Tannery
"Lev/FarmTools/Leather [ApoHeal, Regen 5, Reroll]",Levy,Farm Tools,,Leather,,False,50,"Apothecary Heal,Regenerate 5,Regenerate Reroll",Random,7,85926,32644,873,119450,0.0001,0.7193,0.9927,0.0001,0.31,29.31,-29.00,600,30000,0.23,5,9,Animal Husbandry|Apothecary|Hospitaller|Infirmary|Levy Hall|Tannery
"Lev/FarmTools/Kite/Leather [ApoHeal, Regen 5, Reroll]",Levy,Farm Tools,Kite Shield,Leather,,False,50,"Apothecary Heal,Regenerate 5,Regenerate Reroll",Random,7,85910,32611,922,119450,0.0001,0.7192,0.9923,0.0001,0.33,29.23,-28.90,600,30000,0.23,6,9,Animal Husbandry|Apothecary|Carpentry|Hospitaller|Infirmary|Joinery|Tannery
"Lev/HuntBow/Leather [ApoHeal, Regen 5, Reroll]",Levy,,,Leather,Hunting Bow,False,50,"Apothecary Heal,Regenerate 5,Regenerate Reroll",Random,34,85930,32645,841,119450,0.0003,0.7194,0.9930,0.0004,0.30,27.03,-26.73,600,30000,1.13,6,6,Animal Husbandry|Apothecary|Carpentry|Fletchery|Hospitaller|Infirmary|Tannery
"Lev/Cudgel/Leather [ApoHeal, Outr:once, Regen 5, Reroll]",Levy,Cudgel,,Leather,,False,50,"Apothecary Heal,Outrider: once,Regenerate 5,Regenerate Reroll",Random,13,74965,17514,1558,94050,0.0001,0.7971,0.9834,0.0002,0.83,30.33,-29.50,800,40000,0.33,7,16,Animal Husbandry|Apothecary|Caravanery|Cipher Chamber|Hospitaller|Infirmary|Outrider Intercept Post|Tannery
"Lev/FarmTools/Leather [ApoHeal, Outr:once, Regen 5, Reroll]",Levy,Farm Tools,,Leather,,False,50,"Apothecary Heal,Outrider: once,Regenerate 5,Regenerate Reroll",Random,4,74865,17532,1649,94050,0.0000,0.7960,0.9825,0.0001,0.88,33.05,-32.17,800,40000,0.10,7,16,Animal Husbandry|Apothecary|Caravanery|Cipher Chamber|Hospitaller|Infirmary|Outrider Intercept Post|Tannery
"Lev/FarmTools/Kite/Leather [ApoHeal, Outr:once, Regen 5, Reroll]",Levy,Farm Tools,Kite Shield,Leather,,False,50,"Apothecary Heal,Outrider: once,Regenerate 5,Regenerate Reroll",Random,3,74946,17530,1571,94050,0.0000,0.7969,0.9833,0.0000,0.84,32.93,-32.09,600,30000,0.10,9,19,Animal Husbandry|Apothecary|Caravanery|Carpentry|Cipher Chamber|Hospitaller|Infirmary|Joinery|Outrider Intercept Post|Tannery
"Lev/HuntBow/Leather [ApoHeal, Outr:once, Regen 5, Reroll]",Levy,,,Leather,Hunting Bow,False,50,"Apothecary Heal,Outrider: once,Regenerate 5,Regenerate Reroll",Random,24,74941,17535,1550,94050,0.0003,0.7968,0.9835,0.0003,0.83,30.41,-29.58,600,30000,0.80,9,16,Animal Husbandry|Apothecary|Caravanery|Carpentry|Cipher Chamber|Fletchery|Hospitaller|Infirmary|Outrider Intercept Post|Tannery
"Lev/Cudgel/Leather [Outr:every, ApoHeal, Regen 5, Reroll]",Levy,Cudgel,,Leather,,False,50,"Apothecary Heal,Outrider: every,Regenerate 5,Regenerate Reroll",Random,64,70089,16369,7528,94050,0.0007,0.7452,0.9200,0.0009,3.03,29.33,-26.30,800,40000,1.60,9,16,Animal Husbandry|Apothecary|Caravanery|Cipher Chamber|Hospitaller|Infirmary|Outrider Intercept Post|Outrider Mastery|Tannery
"Lev/FarmTools/Leather [Outr:every, ApoHeal, Regen 5, Reroll]",Levy,Farm Tools,,Leather,,False,50,"Apothecary Heal,Outrider: every,Regenerate 5,Regenerate Reroll",Random,19,70058,16432,7541,94050,0.0002,0.7449,0.9198,0.0003,3.00,32.65,-29.65,800,40000,0.47,9,16,Animal Husbandry|Apothecary|Caravanery|Cipher Chamber|Hospitaller|Infirmary|Outrider Intercept Post|Outrider Mastery|Tannery
"Lev/Cudgel/Leather [ApoHeal, Regen 5, Reroll, Rend]",Levy,Cudgel,,Leather,,False,50,"Apothecary Heal,Regenerate 5,Regenerate Reroll,Rend",Random,11,85914,32634,891,119450,0.0001,0.7192,0.9925,0.0001,0.32,26.64,-26.32,600,30000,0.37,5,12,Animal Husbandry|Apothecary|Hospitaller|Infirmary|MWRend|Tannery
"Lev/FarmTools/Leather [ApoHeal, Regen 5, Reroll, Rend]",Levy,Farm Tools,,Leather,,False,50,"Apothecary Heal,Regenerate 5,Regenerate Reroll,Rend",Random,2,85901,32643,904,119450,0.0000,0.7191,0.9924,0.0000,0.32,29.00,-28.68,600,30000,0.07,5,12,Animal Husbandry|Apothecary|Hospitaller|Infirmary|MWRend|Tannery
"Lev/FarmTools/Kite/Leather [ApoHeal, Regen 5, Reroll, Rend]",Levy,Farm Tools,Kite Shield,Leather,,False,50,"Apothecary Heal,Regenerate 5,Regenerate Reroll,Rend",Random,2,85920,32613,915,119450,0.0000,0.7193,0.9923,0.0000,0.32,28.89,-28.57,400,20000,0.10,7,12,Animal Husbandry|Apothecary|Carpentry|Hospitaller|Infirmary|Joinery|MWRend|Tannery
"Lev/HuntBow/Leather [ApoHeal, Regen 5, Reroll, Rend]",Levy,,,Leather,Hunting Bow,False,50,"Apothecary Heal,Regenerate 5,Regenerate Reroll,Rend",Random,24,85911,32598,917,119450,0.0002,0.7192,0.9923,0.0003,0.33,26.59,-26.27,400,20000,1.20,7,12,Animal Husbandry|Apothecary|Carpentry|Fletchery|Hospitaller|Infirmary|MWRend|Tannery
"Lev/Cudgel/Leather [Outr:once, ApoHeal, Rend, Regen 5, Reroll]",Levy,Cudgel,,Leather,,False,50,"Apothecary Heal,Outrider: once,Regenerate 5,Regenerate Reroll,Rend",Random,10,74959,17574,1507,94050,0.0001,0.7970,0.9840,0.0001,0.80,29.74,-28.94,600,30000,0.33,8,22,Animal Husbandry|Apothecary|Caravanery|Cipher Chamber|Hospitaller|Infirmary|MWRend|Outrider Intercept Post|Tannery
"Lev/FarmTools/Leather [Outr:once, ApoHeal, Rend, Regen 5, Reroll]",Levy,Farm Tools,,Leather,,False,50,"Apothecary Heal,Outrider: once,Regenerate 5,Regenerate Reroll,Rend",Random,2,75026,17559,1463,94050,0.0000,0.7977,0.9844,0.0000,0.78,32.62,-31.84,600,30000,0.07,8,22,Animal Husbandry|Apothecary|Caravanery|Cipher Chamber|Hospitaller|Infirmary|MWRend|Outrider Intercept Post|Tannery
"Lev/FarmTools/Kite/Leather [Outr:once, ApoHeal, Rend, Regen 5, Reroll]",Levy,Farm Tools,Kite Shield,Leather,,False,50,"Apothecary Heal,Outrider: once,Regenerate 5,Regenerate Reroll,Rend",Random,3,74879,17578,1590,94050,0.0000,0.7962,0.9831,0.0000,0.85,32.53,-31.68,400,20000,0.15,10,22,Animal Husbandry|Apothecary|Caravanery|Carpentry|Cipher Chamber|Hospitaller|Infirmary|Joinery|MWRend|Outrider Intercept Post|Tannery
"Lev/HuntBow/Leather [Outr:once, ApoHeal, Rend, Regen 5, Reroll]",Levy,,,Leather,Hunting Bow,False,50,"Apothecary Heal,Outrider: once,Regenerate 5,Regenerate Reroll,Rend",Random,29,74909,17523,1589,94050,0.0003,0.7965,0.9831,0.0004,0.85,29.87,-29.02,400,20000,1.45,10,22,Animal Husbandry|Apothecary|Caravanery|Carpentry|Cipher Chamber|Fletchery|Hospitaller|Infirmary|MWRend|Outrider Intercept Post|Tannery
"Lev/Cudgel/Leather [Outr:every, ApoHeal, Rend, Regen 5, Reroll]",Levy,Cudgel,,Leather,,False,50,"Apothecary Heal,Outrider: every,Regenerate 5,Regenerate Reroll,Rend",Random,66,70018,16387,7579,94050,0.0007,0.7445,0.9194,0.0009,3.04,28.64,-25.60,600,30000,2.20,10,22,Animal Husbandry|Apothecary|Caravanery|Cipher Chamber|Hospitaller|Infirmary|MWRend|Outrider Intercept Post|Outrider Mastery|Tannery
"Lev/FarmTools/Leather [Outr:every, ApoHeal, Rend, Regen 5, Reroll]",Levy,Farm Tools,,Leather,,False,50,"Apothecary Heal,Outrider: every,Regenerate 5,Regenerate Reroll,Rend",Random,23,69980,16367,7680,94050,0.0002,0.7441,0.9183,0.0003,3.09,32.21,-29.13,600,30000,0.77,10,22,Animal Husbandry|Apothecary|Caravanery|Cipher Chamber|Hospitaller|Infirmary|MWRend|Outrider Intercept Post|Outrider Mastery|Tannery
"Lev/Cudgel/Cloth [ApoHeal, Poison, Regen 5, Reroll]",Levy,Cudgel,,Cloth,,False,50,"Apothecary Heal,Poison,Regenerate 5,Regenerate Reroll",Random,23,85908,32629,890,119450,0.0002,0.7192,0.9925,0.0003,0.31,25.63,-25.32,800,40000,0.57,5,12,Apothecary|Hospitaller|Infirmary|Levy Hall|Toxicarium
"Lev/FarmTools/Cloth [ApoHeal, Poison, Regen 5, Reroll]",Levy,Farm Tools,,Cloth,,False,50,"Apothecary Heal,Poison,Regenerate 5,Regenerate Reroll",Random,31,85933,32581,905,119450,0.0003,0.7194,0.9924,0.0004,0.32,27.12,-26.80,800,40000,0.78,5,12,Apothecary|Hospitaller|Infirmary|Levy Hall|Toxicarium
"Lev/FarmTools/Wooden/Cloth [ApoHeal, Poison, Regen 5, Reroll]",Levy,Farm Tools,Wooden Shield,Cloth,,False,50,"Apothecary Heal,Poison,Regenerate 5,Regenerate Reroll",Random,5,85876,32605,964,119450,0.0000,0.7189,0.9919,0.0001,0.34,28.62,-28.28,800,40000,0.12,6,12,Apothecary|Carpentry|Hospitaller|Infirmary|Joinery|Toxicarium
"Lev/HuntBow/Cloth [ApoHeal, Poison, Regen 5, Reroll]",Levy,,,Cloth,Hunting Bow,False,50,"Apothecary Heal,Poison,Regenerate 5,Regenerate Reroll",Random,56,85890,32597,907,119450,0.0005,0.7190,0.9924,0.0007,0.33,24.83,-24.50,800,40000,1.40,6,9,Apothecary|Carpentry|Fletchery|Hospitaller|Infirmary|Toxicarium
"Lev/Cudgel/Cloth [Poison, Outr:once, ApoHeal, Regen 5, Reroll]",Levy,Cudgel,,Cloth,,False,50,"Apothecary Heal,Outrider: once,Poison,Regenerate 5,Regenerate Reroll",Random,18,74936,17543,1553,94050,0.0002,0.7968,0.9835,0.0002,0.83,28.56,-27.73,1000,50000,0.36,7,16,Apothecary|Caravanery|Cipher Chamber|Hospitaller|Infirmary|Outrider Intercept Post|Toxicarium
"Lev/FarmTools/Cloth [Poison, Outr:once, ApoHeal, Regen 5, Reroll]",Levy,Farm Tools,,Cloth,,False,50,"Apothecary Heal,Outrider: once,Poison,Regenerate 5,Regenerate Reroll",Random,22,74958,17540,1530,94050,0.0002,0.7970,0.9837,0.0003,0.82,30.45,-29.63,1000,50000,0.44,7,16,Apothecary|Caravanery|Cipher Chamber|Hospitaller|Infirmary|Outrider Intercept Post|Toxicarium
"Lev/FarmTools/Wooden/Cloth [Poison, Outr:once, ApoHeal, Regen 5, Reroll]",Levy,Farm Tools,Wooden Shield,Cloth,,False,50,"Apothecary Heal,Outrider: once,Poison,Regenerate 5,Regenerate Reroll",Random,3,74921,17562,1564,94050,0.0000,0.7966,0.9834,0.0000,0.83,32.13,-31.30,800,40000,0.07,9,19,Apothecary|Caravanery|Carpentry|Cipher Chamber|Hospitaller|Infirmary|Joinery|Outrider Intercept Post|Toxicarium
"Lev/HuntBow/Cloth [Poison, Outr:once, ApoHeal, Regen 5, Reroll]",Levy,,,Cloth,Hunting Bow,False,50,"Apothecary Heal,Outrider: once,Poison,Regenerate 5,Regenerate Reroll",Random,55,74936,17499,1560,94050,0.0006,0.7968,0.9834,0.0007,0.84,27.82,-26.98,800,40000,1.38,9,16,Apothecary|Caravanery|Carpentry|Cipher Chamber|Fletchery|Hospitaller|Infirmary|Outrider Intercept Post|Toxicarium
"Lev/Cudgel/Cloth [Poison, Outr:every, ApoHeal, Regen 5, Reroll]",Levy,Cudgel,,Cloth,,False,50,"Apothecary Heal,Outrider: every,Poison,Regenerate 5,Regenerate Reroll",Random,92,70032,16365,7561,94050,0.0010,0.7446,0.9196,0.0013,3.02,27.05,-24.03,1000,50000,1.84,9,16,Apothecary|Caravanery|Cipher Chamber|Hospitaller|Infirmary|Outrider Intercept Post|Outrider Mastery|Toxicarium
"Lev/FarmTools/Cloth [Poison, Outr:every, ApoHeal, Regen 5, Reroll]",Levy,Farm Tools,,Cloth,,False,50,"Apothecary Heal,Outrider: every,Poison,Regenerate 5,Regenerate Reroll",Random,156,70090,16273,7531,94050,0.0017,0.7452,0.9199,0.0022,3.04,29.61,-26.58,1000,50000,3.12,9,16,Apothecary|Caravanery|Cipher Chamber|Hospitaller|Infirmary|Outrider Intercept Post|Outrider Mastery|Toxicarium
"Lev/Cudgel/Cloth [Poison, ApoHeal, Rend, Regen 5, Reroll]",Levy,Cudgel,,Cloth,,False,50,"Apothecary Heal,Poison,Regenerate 5,Regenerate Reroll,Rend",Random,18,85908,32646,878,119450,0.0002,0.7192,0.9926,0.0002,0.31,25.11,-24.80,800,40000,0.45,5,15,Apothecary|Hospitaller|Infirmary|MWRend|Toxicarium
"Lev/FarmTools/Cloth [Poison, ApoHeal, Rend, Regen 5, Reroll]",Levy,Farm Tools,,Cloth,,False,50,"Apothecary Heal,Poison,Regenerate 5,Regenerate Reroll,Rend",Random,19,85927,32690,814,119450,0.0002,0.7194,0.9932,0.0002,0.29,26.67,-26.38,800,40000,0.47,5,15,Apothecary|Hospitaller|Infirmary|MWRend|Toxicarium
"Lev/FarmTools/Wooden/Cloth [Poison, ApoHeal, Rend, Regen 5, Reroll]",Levy,Farm Tools,Wooden Shield,Cloth,,False,50,"Apothecary Heal,Poison,Regenerate 5,Regenerate Reroll,Rend",Random,5,85918,32653,874,119450,0.0000,0.7193,0.9927,0.0001,0.31,28.23,-27.92,600,30000,0.17,7,15,Apothecary|Carpentry|Hospitaller|Infirmary|Joinery|MWRend|Toxicarium
"Lev/HuntBow/Cloth [Poison, ApoHeal, Rend, Regen 5, Reroll]",Levy,,,Cloth,Hunting Bow,False,50,"Apothecary Heal,Poison,Regenerate 5,Regenerate Reroll,Rend",Random,63,85894,32582,911,119450,0.0005,0.7191,0.9924,0.0007,0.33,24.26,-23.93,600,30000,2.10,7,15,Apothecary|Carpentry|Fletchery|Hospitaller|Infirmary|MWRend|Toxicarium
"Lev/Cudgel/Cloth [Poison, Outr:once, ApoHeal, Rend, Regen 5, Reroll]",Levy,Cudgel,,Cloth,,False,50,"Apothecary Heal,Outrider: once,Poison,Regenerate 5,Regenerate Reroll,Rend",Random,19,74941,17529,1561,94050,0.0002,0.7968,0.9834,0.0003,0.83,27.86,-27.02,800,40000,0.47,8,22,Apothecary|Caravanery|Cipher Chamber|Hospitaller|Infirmary|MWRend|Outrider Intercept Post|Toxicarium
"Lev/FarmTools/Cloth [Poison, Outr:once, ApoHeal, Rend, Regen 5, Reroll]",Levy,Farm Tools,,Cloth,,False,50,"Apothecary Heal,Outrider: once,Poison,Regenerate 5,Regenerate Reroll,Rend",Random,26,74906,17513,1605,94050,0.0003,0.7964,0.9829,0.0003,0.86,29.93,-29.07,800,40000,0.65,8,22,Apothecary|Caravanery|Cipher Chamber|Hospitaller|Infirmary|MWRend|Outrider Intercept Post|Toxicarium
"Lev/FarmTools/Wooden/Cloth [Poison, Outr:once, ApoHeal, Rend, Regen 5, Reroll]",Levy,Farm Tools,Wooden Shield,Cloth,,False,50,"Apothecary Heal,Outrider: once,Poison,Regenerate 5,Regenerate Reroll,Rend",Random,3,74924,17540,1583,94050,0.0000,0.7966,0.9832,0.0000,0.84,31.66,-30.82,600,30000,0.10,10,22,Apothecary|Caravanery|Carpentry|Cipher Chamber|Hospitaller|Infirmary|Joinery|MWRend|Outrider Intercept Post|Toxicarium
"Lev/HuntBow/Cloth [Poison, Outr:once, ApoHeal, Rend, Regen 5, Reroll]",Levy,,,Cloth,Hunting Bow,False,50,"Apothecary Heal,Outrider: once,Poison,Regenerate 5,Regenerate Reroll,Rend",Random,52,74947,17504,1547,94050,0.0006,0.7969,0.9836,0.0007,0.83,27.04,-26.21,600,30000,1.73,10,22,Apothecary|Caravanery|Carpentry|Cipher Chamber|Fletchery|Hospitaller|Infirmary|MWRend|Outrider Intercept Post|Toxicarium
"Lev/Cudgel/Cloth [Poison, Outr:every, ApoHeal, Rend, Regen 5, Reroll]",Levy,Cudgel,,Cloth,,False,50,"Apothecary Heal,Outrider: every,Poison,Regenerate 5,Regenerate Reroll,Rend",Random,112,70169,16407,7362,94050,0.0012,0.7461,0.9217,0.0016,2.95,26.16,-23.20,800,40000,2.80,10,22,Apothecary|Caravanery|Cipher Chamber|Hospitaller|Infirmary|MWRend|Outrider Intercept Post|Outrider Mastery|Toxicarium
"Lev/FarmTools/Cloth [Poison, Outr:every, ApoHeal, Rend, Regen 5, Reroll]",Levy,Farm Tools,,Cloth,,False,50,"Apothecary Heal,Outrider: every,Poison,Regenerate 5,Regenerate Reroll,Rend",Random,140,70127,16291,7492,94050,0.0015,0.7456,0.9203,0.0020,3.02,28.93,-25.91,800,40000,3.50,10,22,Apothecary|Caravanery|Cipher Chamber|Hospitaller|Infirmary|MWRend|Outrider Intercept Post|Outrider Mastery|Toxicarium
"Lev/Cudgel/Leather [ApoHeal, Poison, Regen 5, Reroll]",Levy,Cudgel,,Leather,,False,50,"Apothecary Heal,Poison,Regenerate 5,Regenerate Reroll",Random,14,85902,32642,892,119450,0.0001,0.7191,0.9925,0.0002,0.31,25.58,-25.27,800,40000,0.35,6,9,Animal Husbandry|Apothecary|Hospitaller|Infirmary|Tannery|Toxicarium
"Lev/FarmTools/Leather [ApoHeal, Poison, Regen 5, Reroll]",Levy,Farm Tools,,Leather,,False,50,"Apothecary Heal,Poison,Regenerate 5,Regenerate Reroll",Random,22,85912,32626,890,119450,0.0002,0.7192,0.9925,0.0003,0.31,27.09,-26.77,800,40000,0.55,6,9,Animal Husbandry|Apothecary|Hospitaller|Infirmary|Tannery|Toxicarium
"Lev/FarmTools/Kite/Leather [ApoHeal, Poison, Regen 5, Reroll]",Levy,Farm Tools,Kite Shield,Leather,,False,50,"Apothecary Heal,Poison,Regenerate 5,Regenerate Reroll",Random,21,85847,32625,957,119450,0.0002,0.7187,0.9920,0.0002,0.34,26.98,-26.64,600,30000,0.70,8,12,Animal Husbandry|Apothecary|Carpentry|Hospitaller|Infirmary|Joinery|Tannery|Toxicarium
"Lev/HuntBow/Leather [ApoHeal, Poison, Regen 5, Reroll]",Levy,,,Leather,Hunting Bow,False,50,"Apothecary Heal,Poison,Regenerate 5,Regenerate Reroll",Random,46,85899,32612,893,119450,0.0004,0.7191,0.9925,0.0005,0.33,24.78,-24.46,600,30000,1.53,8,9,Animal Husbandry|Apothecary|Carpentry|Fletchery|Hospitaller|Infirmary|Tannery|Toxicarium
"Lev/Cudgel/Leather [Poison, Outr:once, ApoHeal, Regen 5, Reroll]",Levy,Cudgel,,Leather,,False,50,"Apothecary Heal,Outrider: once,Poison,Regenerate 5,Regenerate Reroll",Random,23,74919,17529,1579,94050,0.0002,0.7966,0.9832,0.0003,0.84,28.51,-27.67,800,40000,0.57,9,16,Animal Husbandry|Apothecary|Caravanery|Cipher Chamber|Hospitaller|Infirmary|Outrider Intercept Post|Tannery|Toxicarium
"Lev/FarmTools/Leather [Poison, Outr:once, ApoHeal, Regen 5, Reroll]",Levy,Farm Tools,,Leather,,False,50,"Apothecary Heal,Outrider: once,Poison,Regenerate 5,Regenerate Reroll",Random,26,74940,17543,1541,94050,0.0003,0.7968,0.9836,0.0003,0.83,30.44,-29.62,800,40000,0.65,9,16,Animal Husbandry|Apothecary|Caravanery|Cipher Chamber|Hospitaller|Infirmary|Outrider Intercept Post|Tannery|Toxicarium
"Lev/Cudgel/Leather [Poison, ApoHeal, Rend, Regen 5, Reroll]",Levy,Cudgel,,Leather,,False,50,"Apothecary Heal,Poison,Regenerate 5,Regenerate Reroll,Rend",Random,18,85923,32648,861,119450,0.0002,0.7193,0.9928,0.0002,0.30,25.03,-24.73,600,30000,0.60,7,15,Animal Husbandry|Apothecary|Hospitaller|Infirmary|MWRend|Tannery|Toxicarium
"Lev/FarmTools/Leather [Poison, ApoHeal, Rend, Regen 5, Reroll]",Levy,Farm Tools,,Leather,,False,50,"Apothecary Heal,Poison,Regenerate 5,Regenerate Reroll,Rend",Random,29,85930,32618,873,119450,0.0002,0.7194,0.9927,0.0003,0.31,26.63,-26.33,600,30000,0.97,7,15,Animal Husbandry|Apothecary|Hospitaller|Infirmary|MWRend|Tannery|Toxicarium
"Lev/FarmTools/Kite/Leather [Poison, ApoHeal, Rend, Regen 5, Reroll]",Levy,Farm Tools,Kite Shield,Leather,,False,50,"Apothecary Heal,Poison,Regenerate 5,Regenerate Reroll,Rend",Random,35,85918,32600,897,119450,0.0003,0.7193,0.9925,0.0004,0.33,26.51,-26.19,400,20000,1.75,9,15,Animal Husbandry|Apothecary|Carpentry|Hospitaller|Infirmary|Joinery|MWRend|Tannery|Toxicarium
"Lev/HuntBow/Leather [Poison, ApoHeal, Rend, Regen 5, Reroll]",Levy,,,Leather,Hunting Bow,False,50,"Apothecary Heal,Poison,Regenerate 5,Regenerate Reroll,Rend",Random,59,85898,32576,917,119450,0.0005,0.7191,0.9923,0.0007,0.33,24.22,-23.89,400,20000,2.95,9,15,Animal Husbandry|Apothecary|Carpentry|Fletchery|Hospitaller|Infirmary|MWRend|Tannery|Toxicarium
"Lev/Cudgel/Leather [Poison, Outr:once, ApoHeal, Rend, Regen 5, Reroll]",Levy,Cudgel,,Leather,,False,50,"Apothecary Heal,Outrider: once,Poison,Regenerate 5,Regenerate Reroll,Rend",Random,22,74933,17529,1566,94050,0.0002,0.7967,0.9833,0.0003,0.84,27.81,-26.97,600,30000,0.73,10,22,Animal Husbandry|Apothecary|Caravanery|Cipher Chamber|Hospitaller|Infirmary|MWRend|Outrider Intercept Post|Tannery|Toxicarium
"Lev/FarmTools/Leather [Poison, Outr:once, ApoHeal, Rend, Regen 5, Reroll]",Levy,Farm Tools,,Leather,,False,50,"Apothecary Heal,Outrider: once,Poison,Regenerate 5,Regenerate Reroll,Rend",Random,23,74936,17544,1547,94050,0.0002,0.7968,0.9836,0.0003,0.83,29.90,-29.08,600,30000,0.77,10,22,Animal Husbandry|Apothecary|Caravanery|Cipher Chamber|Hospitaller|Infirmary|MWRend|Outrider Intercept Post|Tannery|Toxicarium
Lev/HuntBow/Cloth [Unshakable],Levy,,,Cloth,Hunting Bow,False,50,Unshakable,Random,26,55651,20751,722,77150,0.0003,0.7213,0.9906,0.0005,0.38,27.40,-27.02,600,30000,0.87,5,19,Carpentry|Fletchery|Joinery|Levy Hall|Preceptory
"Lev/Cudgel/Cloth [Outr:once, Unshakable]",Levy,Cudgel,,Cloth,,False,50,"Outrider: once,Unshakable",Random,11,45128,8683,978,54800,0.0002,0.8235,0.9822,0.0002,0.90,31.93,-31.04,800,40000,0.28,5,26,Caravanery|Cipher Chamber|Levy Hall|Outrider Intercept Post|Preceptory
"Lev/FarmTools/Cloth [Outr:once, Unshakable]",Levy,Farm Tools,,Cloth,,False,50,"Outrider: once,Unshakable",Random,8,45139,8682,971,54800,0.0001,0.8237,0.9823,0.0002,0.89,34.13,-33.24,800,40000,0.20,5,26,Caravanery|Cipher Chamber|Levy Hall|Outrider Intercept Post|Preceptory
"Lev/HuntBow/Cloth [Outr:once, Unshakable]",Levy,,,Cloth,Hunting Bow,False,50,"Outrider: once,Unshakable",Random,24,45159,8666,951,54800,0.0004,0.8241,0.9826,0.0005,0.88,31.42,-30.54,800,40000,0.60,6,26,Caravanery|Carpentry|Cipher Chamber|Fletchery|Outrider Intercept Post|Preceptory
"Lev/Cudgel/Cloth [Outr:every, Unshakable]",Levy,Cudgel,,Cloth,,False,50,"Outrider: every,Unshakable",Random,56,42395,8080,4269,54800,0.0010,0.7736,0.9221,0.0013,2.68,30.64,-27.96,1000,50000,1.12,6,26,Caravanery|Cipher Chamber|Outrider Intercept Post|Outrider Mastery|Preceptory
"Lev/FarmTools/Cloth [Outr:every, Unshakable]",Levy,Farm Tools,,Cloth,,False,50,"Outrider: every,Unshakable",Random,22,42390,8162,4226,54800,0.0004,0.7735,0.9229,0.0005,2.61,33.47,-30.85,1000,50000,0.44,6,26,Caravanery|Cipher Chamber|Outrider Intercept Post|Outrider Mastery|Preceptory
"Lev/HuntBow/Cloth [Outr:every, Unshakable]",Levy,,,Cloth,Hunting Bow,False,50,"Outrider: every,Unshakable",Random,153,42512,8024,4111,54800,0.0028,0.7758,0.9250,0.0036,2.65,30.22,-27.58,800,40000,3.83,8,26,Caravanery|Carpentry|Cipher Chamber|Fletchery|Outrider Intercept Post|Outrider Mastery|Preceptory
"Lev/Cudgel/Cloth [Unshakable, Rend]",Levy,Cudgel,,Cloth,,False,50,"Rend,Unshakable",Random,7,55631,20778,734,77150,0.0001,0.7211,0.9905,0.0001,0.37,27.67,-27.29,600,30000,0.23,5,22,Carpentry|Joinery|Levy Hall|MWRend|Preceptory
"Lev/FarmTools/Wooden/Cloth [Unshakable, Rend]",Levy,Farm Tools,Wooden Shield,Cloth,,False,50,"Rend,Unshakable",Random,0,55626,20759,765,77150,0.0000,0.7210,0.9901,0.0000,0.39,30.30,-29.91,400,20000,0.00,5,22,Carpentry|Joinery|Levy Hall|MWRend|Preceptory
"Lev/HuntBow/Cloth [Unshakable, Rend]",Levy,,,Cloth,Hunting Bow,False,50,"Rend,Unshakable",Random,23,55639,20773,715,77150,0.0003,0.7212,0.9907,0.0004,0.37,26.97,-26.60,400,20000,1.15,5,22,Carpentry|Fletchery|Levy Hall|MWRend|Preceptory
Lev/Cudgel/Leather [Unshakable],Levy,Cudgel,,Leather,,False,50,Unshakable,Random,9,55605,20785,751,77150,0.0001,0.7207,0.9903,0.0002,0.40,27.91,-27.51,800,40000,0.23,5,19,Animal Husbandry|Carpentry|Joinery|Preceptory|Tannery
Lev/FarmTools/Kite/Leather [Unshakable],Levy,Farm Tools,Kite Shield,Leather,,False,50,Unshakable,Random,6,55569,20854,721,77150,0.0001,0.7203,0.9907,0.0001,0.38,29.15,-28.77,600,30000,0.20,5,19,Animal Husbandry|Carpentry|Joinery|Preceptory|Tannery
Lev/HuntBow/Leather [Unshakable],Levy,,,Leather,Hunting Bow,False,50,Unshakable,Random,18,55633,20789,710,77150,0.0002,0.7211,0.9908,0.0003,0.37,27.28,-26.90,600,30000,0.60,5,16,Animal Husbandry|Carpentry|Fletchery|Preceptory|Tannery
"Lev/Cudgel/Leather [Outr:once, Unshakable]",Levy,Cudgel,,Leather,,False,50,"Outrider: once,Unshakable",Random,10,45160,8685,945,54800,0.0002,0.8241,0.9828,0.0002,0.87,31.79,-30.92,800,40000,0.25,6,26,Animal Husbandry|Caravanery|Cipher Chamber|Outrider Intercept Post|Preceptory|Tannery
"Lev/FarmTools/Leather [Outr:once, Unshakable]",Levy,Farm Tools,,Leather,,False,50,"Outrider: once,Unshakable",Random,7,45235,8713,845,54800,0.0001,0.8255,0.9846,0.0002,0.77,33.99,-33.21,800,40000,0.17,6,26,Animal Husbandry|Caravanery|Cipher Chamber|Outrider Intercept Post|Preceptory|Tannery
"Lev/HuntBow/Leather [Outr:once, Unshakable]",Levy,,,Leather,Hunting Bow,False,50,"Outrider: once,Unshakable",Random,13,45201,8699,887,54800,0.0002,0.8248,0.9838,0.0003,0.82,31.30,-30.49,600,30000,0.43,8,26,Animal Husbandry|Caravanery|Carpentry|Cipher Chamber|Fletchery|Outrider Intercept Post|Preceptory|Tannery
"Lev/Cudgel/Leather [Outr:every, Unshakable]",Levy,Cudgel,,Leather,,False,50,"Outrider: every,Unshakable",Random,48,42431,8119,4202,54800,0.0009,0.7743,0.9233,0.0011,2.63,30.49,-27.85,800,40000,1.20,8,26,Animal Husbandry|Caravanery|Cipher Chamber|Outrider Intercept Post|Outrider Mastery|Preceptory|Tannery
"Lev/FarmTools/Leather [Outr:every, Unshakable]",Levy,Farm Tools,,Leather,,False,50,"Outrider: every,Unshakable",Random,18,42482,8148,4152,54800,0.0003,0.7752,0.9242,0.0004,2.63,33.36,-30.72,800,40000,0.45,8,26,Animal Husbandry|Caravanery|Cipher Chamber|Outrider Intercept Post|Outrider Mastery|Preceptory|Tannery
"Lev/HuntBow/Leather [Outr:every, Unshakable]",Levy,,,Leather,Hunting Bow,False,50,"Outrider: every,Unshakable",Random,149,42321,7948,4382,54800,0.0027,0.7723,0.9200,0.0035,2.80,30.21,-27.41,600,30000,4.97,10,26,Animal Husbandry|Caravanery|Carpentry|Cipher Chamber|Fletchery|Outrider Intercept Post|Outrider Mastery|Preceptory|Tannery
"Lev/Cudgel/Leather [Unshakable, Rend]",Levy,Cudgel,,Leather,,False,50,"Rend,Unshakable",Random,10,55640,20770,730,77150,0.0001,0.7212,0.9905,0.0002,0.38,27.52,-27.13,400,20000,0.50,5,22,Animal Husbandry|Levy Hall|MWRend|Preceptory|Tannery
"Lev/FarmTools/Leather [Unshakable, Rend]",Levy,Farm Tools,,Leather,,False,50,"Rend,Unshakable",Random,2,55640,20760,748,77150,0.0000,0.7212,0.9903,0.0000,0.38,29.33,-28.95,400,20000,0.10,5,22,Animal Husbandry|Levy Hall|MWRend|Preceptory|Tannery
"Lev/FarmTools/Kite/Leather [Unshakable, Rend]",Levy,Farm Tools,Kite Shield,Leather,,False,50,"Rend,Unshakable",Random,3,55575,20786,786,77150,0.0000,0.7203,0.9898,0.0001,0.42,28.91,-28.49,400,20000,0.15,6,22,Animal Husbandry|Carpentry|Joinery|MWRend|Preceptory|Tannery
"Lev/HuntBow/Leather [Unshakable, Rend]",Levy,,,Leather,Hunting Bow,False,50,"Rend,Unshakable",Random,28,55626,20787,709,77150,0.0004,0.7210,0.9908,0.0005,0.38,26.85,-26.47,400,20000,1.40,6,22,Animal Husbandry|Carpentry|Fletchery|MWRend|Preceptory|Tannery
Lev/FarmTools/Leather [Unshakable],Levy,Farm Tools,,Leather,,False,50,Unshakable,Random,2,55636,20765,747,77150,0.0000,0.7211,0.9903,0.0000,0.39,29.62,-29.22,200,10000,0.20,5,16,Animal Husbandry|Butchery|Preceptory|Smokehouse|Tannery
"Lev/Cudgel/Cloth [Poison, Unshakable]",Levy,Cudgel,,Cloth,,False,50,"Poison,Unshakable",Random,10,55683,20692,765,77150,0.0001,0.7217,0.9901,0.0002,0.40,26.82,-26.43,1000,50000,0.20,5,22,Carpentry|Joinery|Preceptory|Toxicarium
"Lev/FarmTools/Wooden/Cloth [Poison, Unshakable]",Levy,Farm Tools,Wooden Shield,Cloth,,False,50,"Poison,Unshakable",Random,8,55596,20749,797,77150,0.0001,0.7206,0.9897,0.0001,0.41,29.08,-28.67,800,40000,0.20,5,22,Carpentry|Joinery|Preceptory|Toxicarium
"Lev/HuntBow/Cloth [Poison, Unshakable]",Levy,,,Cloth,Hunting Bow,False,50,"Poison,Unshakable",Random,40,55647,20719,744,77150,0.0005,0.7213,0.9904,0.0007,0.39,25.33,-24.93,800,40000,1.00,5,19,Carpentry|Fletchery|Preceptory|Toxicarium
"Lev/Cudgel/Cloth [Poison, Outr:once, Unshakable]",Levy,Cudgel,,Cloth,,False,50,"Outrider: once,Poison,Unshakable",Random,14,45204,8694,888,54800,0.0003,0.8249,0.9838,0.0003,0.82,30.26,-29.44,1000,50000,0.28,6,26,Caravanery|Cipher Chamber|Outrider Intercept Post|Preceptory|Toxicarium
"Lev/FarmTools/Cloth [Poison, Outr:once, Unshakable]",Levy,Farm Tools,,Cloth,,False,50,"Outrider: once,Poison,Unshakable",Random,33,45157,8660,950,54800,0.0006,0.8240,0.9827,0.0007,0.89,31.80,-30.91,1000,50000,0.66,6,26,Caravanery|Cipher Chamber|Outrider Intercept Post|Preceptory|Toxicarium
"Lev/HuntBow/Cloth [Poison, Outr:once, Unshakable]",Levy,,,Cloth,Hunting Bow,False,50,"Outrider: once,Poison,Unshakable",Random,37,45171,8666,926,54800,0.0007,0.8243,0.9831,0.0008,0.87,28.87,-28.00,800,40000,0.93,8,26,Caravanery|Carpentry|Cipher Chamber|Fletchery|Outrider Intercept Post|Preceptory|Toxicarium
"Lev/Cudgel/Cloth [Poison, Outr:every, Unshakable]",Levy,Cudgel,,Cloth,,False,50,"Outrider: every,Poison,Unshakable",Random,70,42392,8119,4219,54800,0.0013,0.7736,0.9230,0.0016,2.66,28.48,-25.81,1000,50000,1.40,8,26,Caravanery|Cipher Chamber|Outrider Intercept Post|Outrider Mastery|Preceptory|Toxicarium
"Lev/FarmTools/Cloth [Poison, Outr:every, Unshakable]",Levy,Farm Tools,,Cloth,,False,50,"Outrider: every,Poison,Unshakable",Random,142,42405,8039,4214,54800,0.0026,0.7738,0.9231,0.0033,2.69,30.58,-27.89,1000,50000,2.84,8,26,Caravanery|Cipher Chamber|Outrider Intercept Post|Outrider Mastery|Preceptory|Toxicarium
"Lev/HuntBow/Cloth [Poison, Outr:every, Unshakable]",Levy,,,Cloth,Hunting Bow,False,50,"Outrider: every,Poison,Unshakable",Random,302,42366,7907,4225,54800,0.0055,0.7731,0.9229,0.0071,2.78,27.15,-24.37,800,40000,7.55,10,26,Caravanery|Carpentry|Cipher Chamber|Fletchery|Outrider Intercept Post|Outrider Mastery|Preceptory|Toxicarium
"Lev/Cudgel/Cloth [Poison, Unshakable, Rend]",Levy,Cudgel,,Cloth,,False,50,"Poison,Rend,Unshakable",Random,16,55666,20767,701,77150,0.0002,0.7215,0.9909,0.0003,0.36,26.35,-25.99,600,30000,0.53,5,25,Levy Hall|MWRend|Preceptory|Toxicarium
"Lev/FarmTools/Cloth [Poison, Unshakable, Rend]",Levy,Farm Tools,,Cloth,,False,50,"Poison,Rend,Unshakable",Random,21,55657,20748,724,77150,0.0003,0.7214,0.9906,0.0004,0.37,27.42,-27.05,600,30000,0.70,5,25,Levy Hall|MWRend|Preceptory|Toxicarium
"Lev/FarmTools/Wooden/Cloth [Poison, Unshakable, Rend]",Levy,Farm Tools,Wooden Shield,Cloth,,False,50,"Poison,Rend,Unshakable",Random,2,55610,20764,774,77150,0.0000,0.7208,0.9900,0.0000,0.40,28.79,-28.39,600,30000,0.07,6,25,Carpentry|Joinery|MWRend|Preceptory|Toxicarium
"Lev/HuntBow/Cloth [Poison, Unshakable, Rend]",Levy,,,Cloth,Hunting Bow,False,50,"Poison,Rend,Unshakable",Random,56,55653,20723,718,77150,0.0007,0.7214,0.9907,0.0010,0.39,24.77,-24.38,600,30000,1.87,6,25,Carpentry|Fletchery|MWRend|Preceptory|Toxicarium
"Lev/Cudgel/Leather [Poison, Unshakable]",Levy,Cudgel,,Leather,,False,50,"Poison,Unshakable",Random,4,55597,20816,733,77150,0.0001,0.7206,0.9905,0.0001,0.39,26.64,-26.25,800,40000,0.10,5,19,Animal Husbandry|Preceptory|Tannery|Toxicarium
"Lev/FarmTools/Leather [Poison, Unshakable]",Levy,Farm Tools,,Leather,,False,50,"Poison,Unshakable",Random,22,55589,20767,772,77150,0.0003,0.7205,0.9900,0.0004,0.41,27.67,-27.26,800,40000,0.55,5,19,Animal Husbandry|Preceptory|Tannery|Toxicarium
"Lev/FarmTools/Kite/Leather [Poison, Unshakable]",Levy,Farm Tools,Kite Shield,Leather,,False,50,"Poison,Unshakable",Random,23,55597,20806,724,77150,0.0003,0.7206,0.9906,0.0004,0.39,27.11,-26.72,600,30000,0.77,7,22,Animal Husbandry|Carpentry|Joinery|Preceptory|Tannery|Toxicarium
"Lev/HuntBow/Leather [Poison, Unshakable]",Levy,,,Leather,Hunting Bow,False,50,"Poison,Unshakable",Random,59,55611,20715,765,77150,0.0008,0.7208,0.9901,0.0011,0.42,25.20,-24.78,600,30000,1.97,7,19,Animal Husbandry|Carpentry|Fletchery|Preceptory|Tannery|Toxicarium
"Lev/Cudgel/Leather [Poison, Outr:once, Unshakable]",Levy,Cudgel,,Leather,,False,50,"Outrider: once,Poison,Unshakable",Random,18,45184,8657,941,54800,0.0003,0.8245,0.9828,0.0004,0.87,30.18,-29.31,800,40000,0.45,8,26,Animal Husbandry|Caravanery|Cipher Chamber|Outrider Intercept Post|Preceptory|Tannery|Toxicarium
"Lev/FarmTools/Leather [Poison, Outr:once, Unshakable]",Levy,Farm Tools,,Leather,,False,50,"Outrider: once,Poison,Unshakable",Random,32,45276,8642,850,54800,0.0006,0.8262,0.9845,0.0007,0.79,31.65,-30.86,800,40000,0.80,8,26,Animal Husbandry|Caravanery|Cipher Chamber|Outrider Intercept Post|Preceptory|Tannery|Toxicarium
"Lev/HuntBow/Leather [Poison, Outr:once, Unshakable]",Levy,,,Leather,Hunting Bow,False,50,"Outrider: once,Poison,Unshakable",Random,47,45190,8664,899,54800,0.0009,0.8246,0.9836,0.0010,0.85,28.75,-27.90,600,30000,1.57,10,26,Animal Husbandry|Caravanery|Carpentry|Cipher Chamber|Fletchery|Outrider Intercept Post|Preceptory|Tannery|Toxicarium
"Lev/Cudgel/Leather [Poison, Outr:every, Unshakable]",Levy,Cudgel,,Leather,,False,50,"Outrider: every,Poison,Unshakable",Random,87,42485,8087,4141,54800,0.0016,0.7753,0.9244,0.0020,2.64,28.37,-25.73,800,40000,2.17,10,26,Animal Husbandry|Caravanery|Cipher Chamber|Outrider Intercept Post|Outrider Mastery|Preceptory|Tannery|Toxicarium
"Lev/FarmTools/Leather [Poison, Outr:every, Unshakable]",Levy,Farm Tools,,Leather,,False,50,"Outrider: every,Poison,Unshakable",Random,125,42348,8009,4318,54800,0.0023,0.7728,0.9212,0.0029,2.77,30.52,-27.76,800,40000,3.12,10,26,Animal Husbandry|Caravanery|Cipher Chamber|Outrider Intercept Post|Outrider Mastery|Preceptory|Tannery|Toxicarium
"Lev/Cudgel/Leather [Poison, Unshakable, Rend]",Levy,Cudgel,,Leather,,False,50,"Poison,Rend,Unshakable",Random,17,55596,20775,762,77150,0.0002,0.7206,0.9901,0.0003,0.40,26.19,-25.79,600,30000,0.57,6,25,Animal Husbandry|MWRend|Preceptory|Tannery|Toxicarium
"Lev/FarmTools/Leather [Poison, Unshakable, Rend]",Levy,Farm Tools,,Leather,,False,50,"Poison,Rend,Unshakable",Random,23,55678,20689,760,77150,0.0003,0.7217,0.9901,0.0004,0.40,27.30,-26.90,600,30000,0.77,6,25,Animal Husbandry|MWRend|Preceptory|Tannery|Toxicarium
"Lev/FarmTools/Kite/Leather [Poison, Unshakable, Rend]",Levy,Farm Tools,Kite Shield,Leather,,False,50,"Poison,Rend,Unshakable",Random,15,55569,20833,733,77150,0.0002,0.7203,0.9905,0.0003,0.39,26.72,-26.33,400,20000,0.75,8,25,Animal Husbandry|Carpentry|Joinery|MWRend|Preceptory|Tannery|Toxicarium
"Lev/HuntBow/Leather [Poison, Unshakable, Rend]",Levy,,,Leather,Hunting Bow,False,50,"Poison,Rend,Unshakable",Random,44,55605,20773,728,77150,0.0006,0.7207,0.9906,0.0008,0.39,24.65,-24.26,400,20000,2.20,8,25,Animal Husbandry|Carpentry|Fletchery|MWRend|Preceptory|Tannery|Toxicarium
"Lev/Cudgel/Cloth [ApoHeal, Regen 5, Reroll, Unshakable]",Levy,Cudgel,,Cloth,,False,50,"Apothecary Heal,Regenerate 5,Regenerate Reroll,Unshakable",Random,13,55365,20970,802,77150,0.0002,0.7176,0.9896,0.0002,0.48,25.16,-24.68,1000,50000,0.26,5,19,Apothecary|Carpentry|Hospitaller|Infirmary|Joinery|Preceptory
"Lev/FarmTools/Wooden/Cloth [ApoHeal, Regen 5, Reroll, Unshakable]",Levy,Farm Tools,Wooden Shield,Cloth,,False,50,"Apothecary Heal,Regenerate 5,Regenerate Reroll,Unshakable",Random,1,55372,21014,763,77150,0.0000,0.7177,0.9901,0.0000,0.44,28.54,-28.10,800,40000,0.03,5,19,Apothecary|Carpentry|Hospitaller|Infirmary|Joinery|Preceptory
"Lev/HuntBow/Cloth [ApoHeal, Regen 5, Reroll, Unshakable]",Levy,,,Cloth,Hunting Bow,False,50,"Apothecary Heal,Regenerate 5,Regenerate Reroll,Unshakable",Random,33,55369,20939,809,77150,0.0004,0.7177,0.9895,0.0006,0.49,25.30,-24.82,800,40000,0.82,5,16,Apothecary|Carpentry|Fletchery|Hospitaller|Infirmary|Preceptory
"Lev/Cudgel/Cloth [Outr:once, ApoHeal, Unshakable, Regen 5, Reroll]",Levy,Cudgel,,Cloth,,False,50,"Apothecary Heal,Outrider: once,Regenerate 5,Regenerate Reroll,Unshakable",Random,11,45110,8731,948,54800,0.0002,0.8232,0.9827,0.0002,0.87,29.07,-28.19,1000,50000,0.22,6,26,Apothecary|Caravanery|Cipher Chamber|Hospitaller|Infirmary|Outrider Intercept Post|Preceptory
"Lev/FarmTools/Cloth [Outr:once, ApoHeal, Unshakable, Regen 5, Reroll]",Levy,Farm Tools,,Cloth,,False,50,"Apothecary Heal,Outrider: once,Regenerate 5,Regenerate Reroll,Unshakable",Random,7,45141,8741,911,54800,0.0001,0.8237,0.9834,0.0002,0.84,32.14,-31.31,1000,50000,0.14,6,26,Apothecary|Caravanery|Cipher Chamber|Hospitaller|Infirmary|Outrider Intercept Post|Preceptory
"Lev/HuntBow/Cloth [Outr:once, ApoHeal, Unshakable, Regen 5, Reroll]",Levy,,,Cloth,Hunting Bow,False,50,"Apothecary Heal,Outrider: once,Regenerate 5,Regenerate Reroll,Unshakable",Random,25,45128,8724,923,54800,0.0005,0.8235,0.9832,0.0006,0.86,29.41,-28.55,800,40000,0.62,8,26,Apothecary|Caravanery|Carpentry|Cipher Chamber|Fletchery|Hospitaller|Infirmary|Outrider Intercept Post|Preceptory
"Lev/Cudgel/Cloth [Outr:every, ApoHeal, Unshakable, Regen 5, Reroll]",Levy,Cudgel,,Cloth,,False,50,"Apothecary Heal,Outrider: every,Regenerate 5,Regenerate Reroll,Unshakable",Random,51,42262,8131,4356,54800,0.0009,0.7712,0.9205,0.0012,3.31,28.16,-24.84,1000,50000,1.02,8,26,Apothecary|Caravanery|Cipher Chamber|Hospitaller|Infirmary|Outrider Intercept Post|Outrider Mastery|Preceptory
"Lev/FarmTools/Cloth [Outr:every, ApoHeal, Unshakable, Regen 5, Reroll]",Levy,Farm Tools,,Cloth,,False,50,"Apothecary Heal,Outrider: every,Regenerate 5,Regenerate Reroll,Unshakable",Random,21,42201,8165,4413,54800,0.0004,0.7701,0.9195,0.0005,3.33,31.78,-28.45,1000,50000,0.42,8,26,Apothecary|Caravanery|Cipher Chamber|Hospitaller|Infirmary|Outrider Intercept Post|Outrider Mastery|Preceptory
"Lev/HuntBow/Cloth [Outr:every, ApoHeal, Unshakable, Regen 5, Reroll]",Levy,,,Cloth,Hunting Bow,False,50,"Apothecary Heal,Outrider: every,Regenerate 5,Regenerate Reroll,Unshakable",Random,131,42251,8015,4403,54800,0.0024,0.7710,0.9197,0.0031,3.42,28.64,-25.22,800,40000,3.27,10,26,Apothecary|Caravanery|Carpentry|Cipher Chamber|Fletchery|Hospitaller|Infirmary|Outrider Intercept Post|Outrider Mastery|Preceptory
"Lev/Cudgel/Cloth [ApoHeal, Unshakable, Rend, Regen 5, Reroll]",Levy,Cudgel,,Cloth,,False,50,"Apothecary Heal,Regenerate 5,Regenerate Reroll,Rend,Unshakable",Random,8,55366,20995,781,77150,0.0001,0.7176,0.9899,0.0001,0.46,24.69,-24.23,600,30000,0.27,5,22,Apothecary|Hospitaller|Infirmary|Levy Hall|MWRend|Preceptory
"Lev/FarmTools/Cloth [ApoHeal, Unshakable, Rend, Regen 5, Reroll]",Levy,Farm Tools,,Cloth,,False,50,"Apothecary Heal,Regenerate 5,Regenerate Reroll,Rend,Unshakable",Random,6,55367,21046,731,77150,0.0001,0.7177,0.9905,0.0001,0.43,27.28,-26.85,600,30000,0.20,5,22,Apothecary|Hospitaller|Infirmary|Levy Hall|MWRend|Preceptory
"Lev/FarmTools/Wooden/Cloth [ApoHeal, Unshakable, Rend, Regen 5, Reroll]",Levy,Farm Tools,Wooden Shield,Cloth,,False,50,"Apothecary Heal,Regenerate 5,Regenerate Reroll,Rend,Unshakable",Random,1,55350,21019,780,77150,0.0000,0.7174,0.9899,0.0000,0.45,28.31,-27.85,600,30000,0.03,6,22,Apothecary|Carpentry|Hospitaller|Infirmary|Joinery|MWRend|Preceptory
"Lev/HuntBow/Cloth [ApoHeal, Unshakable, Rend, Regen 5, Reroll]",Levy,,,Cloth,Hunting Bow,False,50,"Apothecary Heal,Regenerate 5,Regenerate Reroll,Rend,Unshakable",Random,26,55315,21030,779,77150,0.0003,0.7170,0.9899,0.0005,0.46,24.83,-24.37,600,30000,0.87,6,22,Apothecary|Carpentry|Fletchery|Hospitaller|Infirmary|MWRend|Preceptory
"Lev/Cudgel/Leather [ApoHeal, Regen 5, Reroll, Unshakable]",Levy,Cudgel,,Leather,,False,50,"Apothecary Heal,Regenerate 5,Regenerate Reroll,Unshakable",Random,10,55353,21019,768,77150,0.0001,0.7175,0.9900,0.0002,0.45,25.12,-24.67,800,40000,0.25,5,16,Animal Husbandry|Apothecary|Hospitaller|Infirmary|Preceptory|Tannery
"Lev/FarmTools/Leather [ApoHeal, Regen 5, Reroll, Unshakable]",Levy,Farm Tools,,Leather,,False,50,"Apothecary Heal,Regenerate 5,Regenerate Reroll,Unshakable",Random,4,55336,21008,802,77150,0.0001,0.7173,0.9896,0.0001,0.47,27.58,-27.11,800,40000,0.10,5,16,Animal Husbandry|Apothecary|Hospitaller|Infirmary|Preceptory|Tannery
"Lev/FarmTools/Kite/Leather [ApoHeal, Regen 5, Reroll, Unshakable]",Levy,Farm Tools,Kite Shield,Leather,,False,50,"Apothecary Heal,Regenerate 5,Regenerate Reroll,Unshakable",Random,0,55369,21010,771,77150,0.0000,0.7177,0.9900,0.0000,0.45,27.52,-27.08,600,30000,0.00,7,19,Animal Husbandry|Apothecary|Carpentry|Hospitaller|Infirmary|Joinery|Preceptory|Tannery
"Lev/HuntBow/Leather [ApoHeal, Regen 5, Reroll, Unshakable]",Levy,,,Leather,Hunting Bow,False,50,"Apothecary Heal,Regenerate 5,Regenerate Reroll,Unshakable",Random,41,55375,20970,764,77150,0.0005,0.7178,0.9901,0.0007,0.46,25.27,-24.80,600,30000,1.37,7,16,Animal Husbandry|Apothecary|Carpentry|Fletchery|Hospitaller|Infirmary|Preceptory|Tannery
"Lev/Cudgel/Leather [Outr:once, ApoHeal, Unshakable, Regen 5, Reroll]",Levy,Cudgel,,Leather,,False,50,"Apothecary Heal,Outrider: once,Regenerate 5,Regenerate Reroll,Unshakable",Random,14,45135,8752,899,54800,0.0003,0.8236,0.9836,0.0003,0.83,29.07,-28.24,800,40000,0.35,8,26,Animal Husbandry|Apothecary|Caravanery|Cipher Chamber|Hospitaller|Infirmary|Outrider Intercept Post|Preceptory|Tannery
"Lev/FarmTools/Leather [Outr:once, ApoHeal, Unshakable, Regen 5, Reroll]",Levy,Farm Tools,,Leather,,False,50,"Apothecary Heal,Outrider: once,Regenerate 5,Regenerate Reroll,Unshakable",Random,7,45134,8753,906,54800,0.0001,0.8236,0.9835,0.0002,0.83,32.10,-31.27,800,40000,0.17,8,26,Animal Husbandry|Apothecary|Caravanery|Cipher Chamber|Hospitaller|Infirmary|Outrider Intercept Post|Preceptory|Tannery
"Lev/HuntBow/Leather [Outr:once, ApoHeal, Unshakable, Regen 5, Reroll]",Levy,,,Leather,Hunting Bow,False,50,"Apothecary Heal,Outrider: once,Regenerate 5,Regenerate Reroll,Unshakable",Random,19,45086,8722,973,54800,0.0003,0.8227,0.9822,0.0004,0.90,29.43,-28.53,600,30000,0.63,10,26,Animal Husbandry|Apothecary|Caravanery|Carpentry|Cipher Chamber|Fletchery|Hospitaller|Infirmary|Outrider Intercept Post|Preceptory|Tannery
"Lev/Cudgel/Leather [Outr:every, ApoHeal, Unshakable, Regen 5, Reroll]",Levy,Cudgel,,Leather,,False,50,"Apothecary Heal,Outrider: every,Regenerate 5,Regenerate Reroll,Unshakable",Random,65,42197,8142,4396,54800,0.0012,0.7700,0.9198,0.0015,3.36,28.13,-24.78,800,40000,1.62,10,26,Animal Husbandry|Apothecary|Caravanery|Cipher Chamber|Hospitaller|Infirmary|Outrider Intercept Post|Outrider Mastery|Preceptory|Tannery
"Lev/FarmTools/Leather [Outr:every, ApoHeal, Unshakable, Regen 5, Reroll]",Levy,Farm Tools,,Leather,,False,50,"Apothecary Heal,Outrider: every,Regenerate 5,Regenerate Reroll,Unshakable",Random,20,42197,8149,4434,54800,0.0004,0.7700,0.9191,0.0005,3.35,31.81,-28.46,800,40000,0.50,10,26,Animal Husbandry|Apothecary|Caravanery|Cipher Chamber|Hospitaller|Infirmary|Outrider Intercept Post|Outrider Mastery|Preceptory|Tannery
"Lev/Cudgel/Leather [ApoHeal, Unshakable, Rend, Regen 5, Reroll]",Levy,Cudgel,,Leather,,False,50,"Apothecary Heal,Regenerate 5,Regenerate Reroll,Rend,Unshakable",Random,4,55375,21044,727,77150,0.0001,0.7178,0.9906,0.0001,0.43,24.62,-24.20,600,30000,0.13,6,22,Animal Husbandry|Apothecary|Hospitaller|Infirmary|MWRend|Preceptory|Tannery
"Lev/FarmTools/Leather [ApoHeal, Unshakable, Rend, Regen 5, Reroll]",Levy,Farm Tools,,Leather,,False,50,"Apothecary Heal,Regenerate 5,Regenerate Reroll,Rend,Unshakable",Random,4,55355,20998,793,77150,0.0001,0.7175,0.9897,0.0001,0.46,27.30,-26.84,600,30000,0.13,6,22,Animal Husbandry|Apothecary|Hospitaller|Infirmary|MWRend|Preceptory|Tannery
"Lev/FarmTools/Kite/Leather [ApoHeal, Unshakable, Rend, Regen 5, Reroll]",Levy,Farm Tools,Kite Shield,Leather,,False,50,"Apothecary Heal,Regenerate 5,Regenerate Reroll,Rend,Unshakable",Random,9,55351,21033,757,77150,0.0001,0.7174,0.9902,0.0002,0.45,27.21,-26.77,400,20000,0.45,8,22,Animal Husbandry|Apothecary|Carpentry|Hospitaller|Infirmary|Joinery|MWRend|Preceptory|Tannery
"Lev/HuntBow/Leather [ApoHeal, Unshakable, Rend, Regen 5, Reroll]",Levy,,,Leather,Hunting Bow,False,50,"Apothecary Heal,Regenerate 5,Regenerate Reroll,Rend,Unshakable",Random,30,55320,21023,777,77150,0.0004,0.7170,0.9899,0.0005,0.46,24.81,-24.35,400,20000,1.50,8,22,Animal Husbandry|Apothecary|Carpentry|Fletchery|Hospitaller|Infirmary|MWRend|Preceptory|Tannery
"Lev/Cudgel/Cloth [Poison, ApoHeal, Unshakable, Regen 5, Reroll]",Levy,Cudgel,,Cloth,,False,50,"Apothecary Heal,Poison,Regenerate 5,Regenerate Reroll,Unshakable",Random,23,55343,20993,791,77150,0.0003,0.7173,0.9897,0.0004,0.47,23.54,-23.07,1000,50000,0.46,5,19,Apothecary|Hospitaller|Infirmary|Preceptory|Toxicarium
"Lev/FarmTools/Cloth [Poison, ApoHeal, Unshakable, Regen 5, Reroll]",Levy,Farm Tools,,Cloth,,False,50,"Apothecary Heal,Poison,Regenerate 5,Regenerate Reroll,Unshakable",Random,31,55375,21013,731,77150,0.0004,0.7178,0.9905,0.0006,0.44,25.30,-24.87,1000,50000,0.62,5,19,Apothecary|Hospitaller|Infirmary|Preceptory|Toxicarium
"Lev/FarmTools/Wooden/Cloth [Poison, ApoHeal, Unshakable, Regen 5, Reroll]",Levy,Farm Tools,Wooden Shield,Cloth,,False,50,"Apothecary Heal,Poison,Regenerate 5,Regenerate Reroll,Unshakable",Random,5,55358,21025,762,77150,0.0001,0.7175,0.9901,0.0001,0.45,26.76,-26.31,800,40000,0.12,7,22,Apothecary|Carpentry|Hospitaller|Infirmary|Joinery|Preceptory|Toxicarium
"Lev/HuntBow/Cloth [Poison, ApoHeal, Unshakable, Regen 5, Reroll]",Levy,,,Cloth,Hunting Bow,False,50,"Apothecary Heal,Poison,Regenerate 5,Regenerate Reroll,Unshakable",Random,63,55368,20941,778,77150,0.0008,0.7177,0.9899,0.0011,0.48,22.99,-22.51,800,40000,1.57,7,19,Apothecary|Carpentry|Fletchery|Hospitaller|Infirmary|Preceptory|Toxicarium
"Lev/Cudgel/Cloth [Poison, Outr:once, ApoHeal, Unshakable, Regen 5, Reroll]",Levy,Cudgel,,Cloth,,False,50,"Apothecary Heal,Outrider: once,Poison,Regenerate 5,Regenerate Reroll,Unshakable",Random,27,45150,8734,889,54800,0.0005,0.8239,0.9838,0.0006,0.83,27.16,-26.33,1000,50000,0.54,8,26,Apothecary|Caravanery|Cipher Chamber|Hospitaller|Infirmary|Outrider Intercept Post|Preceptory|Toxicarium
"Lev/FarmTools/Cloth [Poison, Outr:once, ApoHeal, Unshakable, Regen 5, Reroll]",Levy,Farm Tools,,Cloth,,False,50,"Apothecary Heal,Outrider: once,Poison,Regenerate 5,Regenerate Reroll,Unshakable",Random,23,45158,8747,872,54800,0.0004,0.8241,0.9841,0.0005,0.81,29.34,-28.53,1000,50000,0.46,8,26,Apothecary|Caravanery|Cipher Chamber|Hospitaller|Infirmary|Outrider Intercept Post|Preceptory|Toxicarium
"Lev/HuntBow/Cloth [Poison, Outr:once, ApoHeal, Unshakable, Regen 5, Reroll]",Levy,,,Cloth,Hunting Bow,False,50,"Apothecary Heal,Outrider: once,Poison,Regenerate 5,Regenerate Reroll,Unshakable",Random,42,45158,8690,910,54800,0.0008,0.8241,0.9834,0.0009,0.86,26.65,-25.79,800,40000,1.05,10,26,Apothecary|Caravanery|Carpentry|Cipher Chamber|Fletchery|Hospitaller|Infirmary|Outrider Intercept Post|Preceptory|Toxicarium
"Lev/Cudgel/Cloth [Poison, Outr:every, ApoHeal, Unshakable, Regen 5, Reroll]",Levy,Cudgel,,Cloth,,False,50,"Apothecary Heal,Outrider: every,Poison,Regenerate 5,Regenerate Reroll,Unshakable",Random,104,42195,8063,4438,54800,0.0019,0.7700,0.9190,0.0025,3.41,25.80,-22.39,1000,50000,2.08,10,26,Apothecary|Caravanery|Cipher Chamber|Hospitaller|Infirmary|Outrider Intercept Post|Outrider Mastery|Preceptory|Toxicarium
"Lev/FarmTools/Cloth [Poison, Outr:every, ApoHeal, Unshakable, Regen 5, Reroll]",Levy,Farm Tools,,Cloth,,False,50,"Apothecary Heal,Outrider: every,Poison,Regenerate 5,Regenerate Reroll,Unshakable",Random,145,42215,7988,4452,54800,0.0026,0.7703,0.9188,0.0034,3.45,28.57,-25.12,1000,50000,2.90,10,26,Apothecary|Caravanery|Cipher Chamber|Hospitaller|Infirmary|Outrider Intercept Post|Outrider Mastery|Preceptory|Toxicarium
"Lev/Cudgel/Cloth [Poison, ApoHeal, Unshakable, Rend, Regen 5, Reroll]",Levy,Cudgel,,Cloth,,False,50,"Apothecary Heal,Poison,Regenerate 5,Regenerate Reroll,Rend,Unshakable",Random,17,55362,21017,754,77150,0.0002,0.7176,0.9902,0.0003,0.44,22.95,-22.50,800,40000,0.42,6,25,Apothecary|Hospitaller|Infirmary|MWRend|Preceptory|Toxicarium
"Lev/FarmTools/Cloth [Poison, ApoHeal, Unshakable, Rend, Regen 5, Reroll]",Levy,Farm Tools,,Cloth,,False,50,"Apothecary Heal,Poison,Regenerate 5,Regenerate Reroll,Rend,Unshakable",Random,33,55369,20941,807,77150,0.0004,0.7177,0.9895,0.0006,0.48,24.87,-24.39,800,40000,0.82,6,25,Apothecary|Hospitaller|Infirmary|MWRend|Preceptory|Toxicarium
"Lev/FarmTools/Wooden/Cloth [Poison, ApoHeal, Unshakable, Rend, Regen 5, Reroll]",Levy,Farm Tools,Wooden Shield,Cloth,,False,50,"Apothecary Heal,Poison,Regenerate 5,Regenerate Reroll,Rend,Unshakable",Random,4,55365,21021,760,77150,0.0001,0.7176,0.9901,0.0001,0.44,26.38,-25.93,600,30000,0.13,8,25,Apothecary|Carpentry|Hospitaller|Infirmary|Joinery|MWRend|Preceptory|Toxicarium
"Lev/HuntBow/Cloth [Poison, ApoHeal, Unshakable, Rend, Regen 5, Reroll]",Levy,,,Cloth,Hunting Bow,False,50,"Apothecary Heal,Poison,Regenerate 5,Regenerate Reroll,Rend,Unshakable",Random,58,55350,20941,801,77150,0.0008,0.7174,0.9896,0.0010,0.49,22.39,-21.90,600,30000,1.93,8,25,Apothecary|Carpentry|Fletchery|Hospitaller|Infirmary|MWRend|Preceptory|Toxicarium
"Lev/Cudgel/Leather [Poison, ApoHeal, Unshakable, Regen 5, Reroll]",Levy,Cudgel,,Leather,,False,50,"Apothecary Heal,Poison,Regenerate 5,Regenerate Reroll,Unshakable",Random,14,55365,21029,742,77150,0.0002,0.7176,0.9904,0.0003,0.44,23.51,-23.07,800,40000,0.35,7,19,Animal Husbandry|Apothecary|Hospitaller|Infirmary|Preceptory|Tannery|Toxicarium
"Lev/FarmTools/Leather [Poison, ApoHeal, Unshakable, Regen 5, Reroll]",Levy,Farm Tools,,Leather,,False,50,"Apothecary Heal,Poison,Regenerate 5,Regenerate Reroll,Unshakable",Random,16,55375,21003,756,77150,0.0002,0.7178,0.9902,0.0003,0.45,25.27,-24.82,800,40000,0.40,7,19,Animal Husbandry|Apothecary|Hospitaller|Infirmary|Preceptory|Tannery|Toxicarium
"Lev/FarmTools/Kite/Leather [Poison, ApoHeal, Unshakable, Regen 5, Reroll]",Levy,Farm Tools,Kite Shield,Leather,,False,50,"Apothecary Heal,Poison,Regenerate 5,Regenerate Reroll,Unshakable",Random,20,55374,21047,709,77150,0.0003,0.7177,0.9908,0.0004,0.43,25.16,-24.73,600,30000,0.67,9,22,Animal Husbandry|Apothecary|Carpentry|Hospitaller|Infirmary|Joinery|Preceptory|Tannery|Toxicarium
"Lev/HuntBow/Leather [Poison, ApoHeal, Unshakable, Regen 5, Reroll]",Levy,,,Leather,Hunting Bow,False,50,"Apothecary Heal,Poison,Regenerate 5,Regenerate Reroll,Unshakable",Random,50,55375,20994,731,77150,0.0006,0.7178,0.9905,0.0009,0.45,22.94,-22.49,600,30000,1.67,9,19,Animal Husbandry|Apothecary|Carpentry|Fletchery|Hospitaller|Infirmary|Preceptory|Tannery|Toxicarium
"Lev/Cudgel/Leather [Poison, Outr:once, ApoHeal, Unshakable, Regen 5, Reroll]",Levy,Cudgel,,Leather,,False,50,"Apothecary Heal,Outrider: once,Poison,Regenerate 5,Regenerate Reroll,Unshakable",Random,13,45122,8750,915,54800,0.0002,0.8234,0.9833,0.0003,0.84,27.09,-26.25,800,40000,0.33,10,26,Animal Husbandry|Apothecary|Caravanery|Cipher Chamber|Hospitaller|Infirmary|Outrider Intercept Post|Preceptory|Tannery|Toxicarium
"Lev/FarmTools/Leather [Poison, Outr:once, ApoHeal, Unshakable, Regen 5, Reroll]",Levy,Farm Tools,,Leather,,False,50,"Apothecary Heal,Outrider: once,Poison,Regenerate 5,Regenerate Reroll,Unshakable",Random,26,45112,8692,970,54800,0.0005,0.8232,0.9823,0.0006,0.90,29.41,-28.51,800,40000,0.65,10,26,Animal Husbandry|Apothecary|Caravanery|Cipher Chamber|Hospitaller|Infirmary|Outrider Intercept Post|Preceptory|Tannery|Toxicarium
"Lev/Cudgel/Leather [Poison, ApoHeal, Unshakable, Rend, Regen 5, Reroll]",Levy,Cudgel,,Leather,,False,50,"Apothecary Heal,Poison,Regenerate 5,Regenerate Reroll,Rend,Unshakable",Random,19,55359,21023,749,77150,0.0002,0.7176,0.9903,0.0003,0.44,22.95,-22.51,600,30000,0.63,8,25,Animal Husbandry|Apothecary|Hospitaller|Infirmary|MWRend|Preceptory|Tannery|Toxicarium
"Lev/FarmTools/Leather [Poison, ApoHeal, Unshakable, Rend, Regen 5, Reroll]",Levy,Farm Tools,,Leather,,False,50,"Apothecary Heal,Poison,Regenerate 5,Regenerate Reroll,Rend,Unshakable",Random,23,55358,21034,735,77150,0.0003,0.7175,0.9905,0.0004,0.44,24.81,-24.38,600,30000,0.77,8,25,Animal Husbandry|Apothecary|Hospitaller|Infirmary|MWRend|Preceptory|Tannery|Toxicarium
"Lev/FarmTools/Kite/Leather [Poison, ApoHeal, Unshakable, Rend, Regen 5, Reroll]",Levy,Farm Tools,Kite Shield,Leather,,False,50,"Apothecary Heal,Poison,Regenerate 5,Regenerate Reroll,Rend,Unshakable",Random,27,55371,20997,755,77150,0.0003,0.7177,0.9902,0.0005,0.45,24.72,-24.27,400,20000,1.35,10,25,Animal Husbandry|Apothecary|Carpentry|Hospitaller|Infirmary|Joinery|MWRend|Preceptory|Tannery|Toxicarium
"Lev/HuntBow/Leather [Poison, ApoHeal, Unshakable, Rend, Regen 5, Reroll]",Levy,,,Leather,Hunting Bow,False,50,"Apothecary Heal,Poison,Regenerate 5,Regenerate Reroll,Rend,Unshakable",Random,58,55359,20954,779,77150,0.0008,0.7176,0.9899,0.0010,0.48,22.41,-21.93,400,20000,2.90,10,25,Animal Husbandry|Apothecary|Carpentry|Fletchery|Hospitaller|Infirmary|MWRend|Preceptory|Tannery|Toxicarium
Lev/HuntBow/Cloth,Levy,,,Cloth,Hunting Bow,False,50,,Random,13,89028,29526,883,119450,0.0001,0.7453,0.9926,0.0001,0.28,30.08,-29.80,600,30000,0.43,5,6,Carpentry|Fletchery|Furnace|Joinery|Levy Hall
Lev/Longbow/Cloth,Levy,,,Cloth,Longbow,False,50,,Random,3124,87522,27939,865,119450,0.0262,0.7327,0.9928,0.0345,0.60,17.88,-17.28,600,30000,104.13,5,6,Carpentry|Fletchery|Furnace|Joinery|Levy Hall
Lev/Daggers/Cloth [Outr:once],Levy,Daggers,,Cloth,,False,50,Outrider: once,Random,10,76298,16157,1585,94050,0.0001,0.8112,0.9831,0.0001,0.84,30.35,-29.51,800,40000,0.25,5,13,Caravanery|Cipher Chamber|Furnace|Levy Hall|Outrider Intercept Post
Lev/Longbow/Cloth [Outr:once],Levy,,,Cloth,Longbow,False,50,Outrider: once,Random,2418,74550,15513,1569,94050,0.0257,0.7927,0.9833,0.0314,1.19,19.21,-18.02,800,40000,60.45,6,10,Caravanery|Carpentry|Cipher Chamber|Fletchery|Furnace|Outrider Intercept Post
Lev/Daggers/Cloth [Outr:every],Levy,Daggers,,Cloth,,False,50,Outrider: every,Random,51,71628,15571,6800,94050,0.0005,0.7616,0.9277,0.0007,2.29,29.35,-27.06,1000,50000,1.02,6,10,Caravanery|Cipher Chamber|Furnace|Outrider Intercept Post|Outrider Mastery
Lev/Longbow/Cloth [Outr:every],Levy,,,Cloth,Longbow,False,50,Outrider: every,Random,7607,64157,15194,7092,94050,0.0809,0.6822,0.9246,0.1060,3.53,16.60,-13.07,800,40000,190.18,8,10,Caravanery|Carpentry|Cipher Chamber|Fletchery|Furnace|Outrider Intercept Post|Outrider Mastery
Lev/Daggers/Cloth [Rend],Levy,Daggers,,Cloth,,False,50,Rend,Random,9,89124,29471,846,119450,0.0001,0.7461,0.9929,0.0001,0.26,27.00,-26.74,600,30000,0.30,5,9,Carpentry|Furnace|Joinery|Levy Hall|MWRend
Lev/Longbow/Cloth [Rend],Levy,,,Cloth,Longbow,False,50,Rend,Random,3010,87511,28030,899,119450,0.0252,0.7326,0.9925,0.0333,0.60,16.72,-16.13,400,20000,150.50,5,9,Carpentry|Fletchery|Furnace|Levy Hall|MWRend
"Lev/Daggers/Cloth [Outr:once, Rend]",Levy,Daggers,,Cloth,,False,50,"Outrider: once,Rend",Random,5,76350,16149,1546,94050,0.0001,0.8118,0.9836,0.0001,0.82,29.67,-28.85,800,40000,0.12,5,16,Caravanery|Cipher Chamber|Furnace|MWRend|Outrider Intercept Post
"Lev/Longbow/Cloth [Outr:once, Rend]",Levy,,,Cloth,Longbow,False,50,"Outrider: once,Rend",Random,2416,74487,15560,1587,94050,0.0257,0.7920,0.9831,0.0314,1.20,17.79,-16.60,600,30000,80.53,7,16,Caravanery|Carpentry|Cipher Chamber|Fletchery|Furnace|MWRend|Outrider Intercept Post
"Lev/Daggers/Cloth [Outr:every, Rend]",Levy,Daggers,,Cloth,,False,50,"Outrider: every,Rend",Random,52,71766,15540,6692,94050,0.0006,0.7631,0.9288,0.0007,2.29,28.60,-26.32,800,40000,1.30,7,16,Caravanery|Cipher Chamber|Furnace|MWRend|Outrider Intercept Post|Outrider Mastery
"Lev/Longbow/Cloth [Outr:every, Rend]",Levy,,,Cloth,Longbow,False,50,"Outrider: every,Rend",Random,7711,64404,15100,6835,94050,0.0820,0.6848,0.9273,0.1069,3.49,14.93,-11.44,600,30000,257.03,9,16,Caravanery|Carpentry|Cipher Chamber|Fletchery|Furnace|MWRend|Outrider Intercept Post|Outrider Mastery
Lev/Daggers/Leather,Levy,Daggers,,Leather,,False,50,,Random,7,88653,29945,845,119450,0.0001,0.7422,0.9929,0.0001,0.26,27.37,-27.11,800,40000,0.17,5,3,Animal Husbandry|Carpentry|Furnace|Joinery|Tannery
Lev/ShortSword/Kite/Leather,Levy,Short Sword,Kite Shield,Leather,,False,50,,Random,20,88082,30490,858,119450,0.0002,0.7374,0.9928,0.0002,0.28,29.76,-29.48,600,30000,0.67,5,3,Animal Husbandry|Carpentry|Furnace|Joinery|Tannery
Lev/Spears/Kite/Leather,Levy,Spears,Kite Shield,Leather,,False,50,,Random,28,88101,30438,883,119450,0.0002,0.7376,0.9926,0.0003,0.29,26.03,-25.74,600,30000,0.93,5,3,Animal Husbandry|Carpentry|Furnace|Joinery|Tannery
Lev/Longbow/Leather,Levy,,,Leather,Longbow,False,50,,Random,3243,86989,28374,844,119450,0.0271,0.7282,0.9929,0.0359,0.63,17.68,-17.06,600,30000,108.10,5,0,Animal Husbandry|Carpentry|Fletchery|Furnace|Tannery
"MaA/Daggers+Longbow/Leather (TY) [ImmU, Cond+1]",Man-at-Arms,Daggers,,Leather,Longbow,True,50,"Cond Field,Immune Unwieldy",Random,40840,60426,17344,840,119450,0.3419,0.5059,0.9930,0.4033,6.60,13.62,-7.02,1600,80000,510.50,7,6,Animal Husbandry|Carpentry|Coliseum|Fletchery|Furnace|Tannery|Tiltyard
"MaA/ShortSword+Longbow/Kite/Leather (TY) [ImmU, Cond+1]",Man-at-Arms,Short Sword,Kite Shield,Leather,Longbow,True,50,"Cond Field,Immune Unwieldy",Random,41423,57031,20080,916,119450,0.3468,0.4774,0.9923,0.4207,7.34,13.61,-6.27,1400,70000,591.76,8,9,Animal Husbandry|Carpentry|Coliseum|Fletchery|Furnace|Joinery|Tannery|Tiltyard
"MaA/Spears+Longbow/Kite/Leather (TY) [ImmU, Cond+1]",Man-at-Arms,Spears,Kite Shield,Leather,Longbow,True,50,"Cond Field,Immune Unwieldy",Random,46295,52231,20036,888,119450,0.3876,0.4373,0.9926,0.4699,8.16,10.87,-2.71,1400,70000,661.36,8,9,Animal Husbandry|Carpentry|Coliseum|Fletchery|Furnace|Joinery|Tannery|Tiltyard
"MaA/Daggers+Longbow/Leather (TY) [Drilled, Nimble, Cond+1, ImmU, Immune Strain]",Man-at-Arms,Daggers,,Leather,Longbow,True,50,"Cond Field,Drilled,Immune Strain,Immune Unwieldy,Nimble",Random,55220,52624,5616,840,114300,0.4831,0.4604,0.9927,0.5120,10.10,12.86,-2.76,1600,80000,690.25,9,10,Animal Husbandry|Carpentry|Coliseum|Fletchery|Furnace|Royal Pavilion|Tannery|Tiltyard
"MaA/ShortSword+Longbow/Kite/Leather (TY) [Drilled, Nimble, Cond+1, ImmU, Immune Strain]",Man-at-Arms,Short Sword,Kite Shield,Leather,Longbow,True,50,"Cond Field,Drilled,Immune Strain,Immune Unwieldy,Nimble",Random,57565,48693,7109,933,114300,0.5036,0.4260,0.9918,0.5417,10.94,12.63,-1.68,1400,70000,822.36,10,13,Animal Husbandry|Carpentry|Coliseum|Fletchery|Furnace|Joinery|Royal Pavilion|Tannery|Tiltyard
"MaA/Spears+Longbow/Kite/Leather (TY) [Drilled, Nimble, Cond+1, ImmU, Immune Strain]",Man-at-Arms,Spears,Kite Shield,Leather,Longbow,True,50,"Cond Field,Drilled,Immune Strain,Immune Unwieldy,Nimble",Random,62493,44665,6212,930,114300,0.5467,0.3908,0.9919,0.5832,11.97,10.20,1.77,1400,70000,892.76,10,13,Animal Husbandry|Carpentry|Coliseum|Fletchery|Furnace|Joinery|Royal Pavilion|Tannery|Tiltyard
Lev/Daggers/Leather [Outr:once],Levy,Daggers,,Leather,,False,50,Outrider: once,Random,10,76122,16335,1583,94050,0.0001,0.8094,0.9832,0.0001,0.84,30.22,-29.38,800,40000,0.25,6,10,Animal Husbandry|Caravanery|Cipher Chamber|Furnace|Outrider Intercept Post|Tannery
Lev/ShortSword/Kite/Leather [Outr:once],Levy,Short Sword,Kite Shield,Leather,,False,50,Outrider: once,Random,22,75933,16578,1517,94050,0.0002,0.8074,0.9839,0.0003,0.81,32.87,-32.06,600,30000,0.73,8,13,Animal Husbandry|Caravanery|Carpentry|Cipher Chamber|Furnace|Joinery|Outrider Intercept Post|Tannery
Lev/Spears/Kite/Leather [Outr:once],Levy,Spears,Kite Shield,Leather,,False,50,Outrider: once,Random,34,75925,16545,1546,94050,0.0004,0.8073,0.9836,0.0004,0.83,28.67,-27.85,600,30000,1.13,8,13,Animal Husbandry|Caravanery|Carpentry|Cipher Chamber|Furnace|Joinery|Outrider Intercept Post|Tannery
Lev/Longbow/Leather [Outr:once],Levy,,,Leather,Longbow,False,50,Outrider: once,Random,2494,74421,15540,1595,94050,0.0265,0.7913,0.9830,0.0324,1.23,19.10,-17.87,600,30000,83.13,8,10,Animal Husbandry|Caravanery|Carpentry|Cipher Chamber|Fletchery|Furnace|Outrider Intercept Post|Tannery
"MaA/Daggers+Longbow/Leather (TY) [ImmU, Outr:once, Cond+1]",Man-at-Arms,Daggers,,Leather,Longbow,True,50,"Cond Field,Immune Unwieldy,Outrider: once",Random,26220,50446,15885,1499,94050,0.2788,0.5364,0.9841,0.3420,6.07,14.41,-8.34,1600,80000,327.75,10,16,Animal Husbandry|Caravanery|Carpentry|Cipher Chamber|Coliseum|Fletchery|Furnace|Outrider Intercept Post|Tannery|Tiltyard
Lev/Daggers/Leather [Outr:every],Levy,Daggers,,Leather,,False,50,Outrider: every,Random,58,71347,15680,6965,94050,0.0006,0.7586,0.9259,0.0008,2.35,29.25,-26.90,800,40000,1.45,8,10,Animal Husbandry|Caravanery|Cipher Chamber|Furnace|Outrider Intercept Post|Outrider Mastery|Tannery
Lev/ShortSword/Kite/Leather [Outr:every],Levy,Short Sword,Kite Shield,Leather,,False,50,Outrider: every,Random,99,71281,15888,6782,94050,0.0011,0.7579,0.9279,0.0014,2.33,31.77,-29.44,600,30000,3.30,10,13,Animal Husbandry|Caravanery|Carpentry|Cipher Chamber|Furnace|Joinery|Outrider Intercept Post|Outrider Mastery|Tannery
Lev/Spears/Kite/Leather [Outr:every],Levy,Spears,Kite Shield,Leather,,False,50,Outrider: every,Random,149,71116,15771,7014,94050,0.0016,0.7562,0.9254,0.0021,2.38,27.29,-24.91,600,30000,4.97,10,13,Animal Husbandry|Caravanery|Carpentry|Cipher Chamber|Furnace|Joinery|Outrider Intercept Post|Outrider Mastery|Tannery
Lev/Longbow/Leather [Outr:every],Levy,,,Leather,Longbow,False,50,Outrider: every,Random,7742,64085,15314,6909,94050,0.0823,0.6814,0.9265,0.1078,3.56,16.45,-12.89,600,30000,258.07,10,10,Animal Husbandry|Caravanery|Carpentry|Cipher Chamber|Fletchery|Furnace|Outrider Intercept Post|Outrider Mastery|Tannery
Lev/Daggers/Leather [Rend],Levy,Daggers,,Leather,,False,50,Rend,Random,9,88581,29967,893,119450,0.0001,0.7416,0.9925,0.0001,0.28,26.78,-26.49,400,20000,0.45,5,9,Animal Husbandry|Furnace|Levy Hall|MWRend|Tannery
Lev/ShortSword/Kite/Leather [Rend],Levy,Short Sword,Kite Shield,Leather,,False,50,Rend,Random,30,88099,30501,820,119450,0.0003,0.7375,0.9931,0.0003,0.27,29.35,-29.08,400,20000,1.50,6,6,Animal Husbandry|Carpentry|Furnace|Joinery|MWRend|Tannery
Lev/Spears/Kite/Leather [Rend],Levy,Spears,Kite Shield,Leather,,False,50,Rend,Random,35,88056,30497,862,119450,0.0003,0.7372,0.9928,0.0004,0.28,25.40,-25.12,400,20000,1.75,6,6,Animal Husbandry|Carpentry|Furnace|Joinery|MWRend|Tannery
Lev/Longbow/Leather [Rend],Levy,,,Leather,Longbow,False,50,Rend,Random,3261,87082,28274,833,119450,0.0273,0.7290,0.9930,0.0361,0.62,16.53,-15.91,400,20000,163.05,6,6,Animal Husbandry|Carpentry|Fletchery|Furnace|MWRend|Tannery
"MaA/Daggers+Longbow/Leather (TY) [ImmU, Rend, Cond+1]",Man-at-Arms,Daggers,,Leather,Longbow,True,50,"Cond Field,Immune Unwieldy,Rend",Random,40800,60503,17270,877,119450,0.3416,0.5065,0.9927,0.4028,6.68,12.93,-6.25,1400,70000,582.86,8,12,Animal Husbandry|Carpentry|Coliseum|Fletchery|Furnace|MWRend|Tannery|Tiltyard
"MaA/ShortSword+Longbow/Kite/Leather (TY) [ImmU, Rend, Cond+1]",Man-at-Arms,Short Sword,Kite Shield,Leather,Longbow,True,50,"Cond Field,Immune Unwieldy,Rend",Random,41394,56986,20187,883,119450,0.3465,0.4771,0.9926,0.4208,7.40,12.97,-5.57,1200,60000,689.90,9,12,Animal Husbandry|Carpentry|Coliseum|Fletchery|Furnace|Joinery|MWRend|Tannery|Tiltyard
"MaA/Spears+Longbow/Kite/Leather (TY) [ImmU, Rend, Cond+1]",Man-at-Arms,Spears,Kite Shield,Leather,Longbow,True,50,"Cond Field,Immune Unwieldy,Rend",Random,46495,51887,20180,888,119450,0.3892,0.4344,0.9926,0.4726,8.25,10.08,-1.84,1200,60000,774.92,9,12,Animal Husbandry|Carpentry|Coliseum|Fletchery|Furnace|Joinery|MWRend|Tannery|Tiltyard
"MaA/Daggers+Longbow/Leather (TY) [Drilled, Nimble, Cond+1, Rend, ImmU, Immune Strain]",Man-at-Arms,Daggers,,Leather,Longbow,True,50,"Cond Field,Drilled,Immune Strain,Immune Unwieldy,Nimble,Rend",Random,55263,52740,5421,876,114300,0.4835,0.4614,0.9923,0.5117,10.21,12.18,-1.97,1400,70000,789.47,10,16,Animal Husbandry|Carpentry|Coliseum|Fletchery|Furnace|MWRend|Royal Pavilion|Tannery|Tiltyard
"Lev/Daggers/Leather [Outr:once, Rend]",Levy,Daggers,,Leather,,False,50,"Outrider: once,Rend",Random,8,76110,16386,1546,94050,0.0001,0.8093,0.9836,0.0001,0.82,29.55,-28.73,600,30000,0.27,7,16,Animal Husbandry|Caravanery|Cipher Chamber|Furnace|MWRend|Outrider Intercept Post|Tannery
"Lev/ShortSword/Kite/Leather [Outr:once, Rend]",Levy,Short Sword,Kite Shield,Leather,,False,50,"Outrider: once,Rend",Random,14,75947,16538,1551,94050,0.0001,0.8075,0.9835,0.0002,0.83,32.40,-31.58,400,20000,0.70,9,16,Animal Husbandry|Caravanery|Carpentry|Cipher Chamber|Furnace|Joinery|MWRend|Outrider Intercept Post|Tannery
"Lev/Spears/Kite/Leather [Outr:once, Rend]",Levy,Spears,Kite Shield,Leather,,False,50,"Outrider: once,Rend",Random,23,75835,16546,1646,94050,0.0002,0.8063,0.9825,0.0003,0.88,27.94,-27.06,400,20000,1.15,9,16,Animal Husbandry|Caravanery|Carpentry|Cipher Chamber|Furnace|Joinery|MWRend|Outrider Intercept Post|Tannery
"Lev/Longbow/Leather [Outr:once, Rend]",Levy,,,Leather,Longbow,False,50,"Outrider: once,Rend",Random,2466,74387,15607,1590,94050,0.0262,0.7909,0.9831,0.0321,1.22,17.65,-16.44,400,20000,123.30,9,16,Animal Husbandry|Caravanery|Carpentry|Cipher Chamber|Fletchery|Furnace|MWRend|Outrider Intercept Post|Tannery
"Lev/Daggers/Leather [Outr:every, Rend]",Levy,Daggers,,Leather,,False,50,"Outrider: every,Rend",Random,40,71416,15655,6939,94050,0.0004,0.7593,0.9262,0.0006,2.33,28.51,-26.18,600,30000,1.33,9,16,Animal Husbandry|Caravanery|Cipher Chamber|Furnace|MWRend|Outrider Intercept Post|Outrider Mastery|Tannery
Lev/Daggers/Cloth [Poison],Levy,Daggers,,Cloth,,False,50,Poison,Random,34,89075,29438,903,119450,0.0003,0.7457,0.9924,0.0004,0.28,26.69,-26.40,1000,50000,0.68,5,6,Carpentry|Furnace|Joinery|Toxicarium
Lev/Longbow/Cloth [Poison],Levy,,,Cloth,Longbow,False,50,Poison,Random,3287,86999,28282,882,119450,0.0275,0.7283,0.9926,0.0364,0.63,17.11,-16.48,800,40000,82.17,5,3,Carpentry|Fletchery|Furnace|Toxicarium
"Lev/Daggers/Cloth [Poison, Outr:once]",Levy,Daggers,,Cloth,,False,50,"Outrider: once,Poison",Random,20,76275,16178,1577,94050,0.0002,0.8110,0.9832,0.0003,0.84,29.24,-28.40,1000,50000,0.40,6,10,Caravanery|Cipher Chamber|Furnace|Outrider Intercept Post|Toxicarium
"Lev/Longbow/Cloth [Poison, Outr:once]",Levy,,,Cloth,Longbow,False,50,"Outrider: once,Poison",Random,2754,73924,15777,1595,94050,0.0293,0.7860,0.9830,0.0359,1.26,18.29,-17.03,800,40000,68.85,8,10,Caravanery|Carpentry|Cipher Chamber|Fletchery|Furnace|Outrider Intercept Post|Toxicarium
"Lev/Daggers/Cloth [Poison, Outr:every]",Levy,Daggers,,Cloth,,False,50,"Outrider: every,Poison",Random,163,71467,15454,6966,94050,0.0017,0.7599,0.9259,0.0023,2.36,27.91,-25.55,1000,50000,3.26,8,10,Caravanery|Cipher Chamber|Furnace|Outrider Intercept Post|Outrider Mastery|Toxicarium
"Lev/Longbow/Cloth [Poison, Outr:every]",Levy,,,Cloth,Longbow,False,50,"Outrider: every,Poison",Random,8955,61763,16272,7060,94050,0.0952,0.6567,0.9249,0.1266,3.75,15.52,-11.77,800,40000,223.88,10,10,Caravanery|Carpentry|Cipher Chamber|Fletchery|Furnace|Outrider Intercept Post|Outrider Mastery|Toxicarium
"Lev/Daggers/Cloth [Poison, Rend]",Levy,Daggers,,Cloth,,False,50,"Poison,Rend",Random,23,89112,29443,872,119450,0.0002,0.7460,0.9927,0.0003,0.28,26.09,-25.82,600,30000,0.77,5,12,Furnace|Levy Hall|MWRend|Toxicarium
"Lev/Longbow/Cloth [Poison, Rend]",Levy,,,Cloth,Longbow,False,50,"Poison,Rend",Random,3290,86918,28298,944,119450,0.0275,0.7277,0.9921,0.0365,0.64,15.93,-15.29,600,30000,109.67,6,9,Carpentry|Fletchery|Furnace|MWRend|Toxicarium
"Lev/Daggers/Cloth [Poison, Outr:once, Rend]",Levy,Daggers,,Cloth,,False,50,"Outrider: once,Poison,Rend",Random,38,76259,16181,1572,94050,0.0004,0.8108,0.9833,0.0005,0.84,28.49,-27.65,800,40000,0.95,7,16,Caravanery|Cipher Chamber|Furnace|MWRend|Outrider Intercept Post|Toxicarium
"Lev/Longbow/Cloth [Poison, Outr:once, Rend]",Levy,,,Cloth,Longbow,False,50,"Outrider: once,Poison,Rend",Random,2668,73864,15894,1624,94050,0.0284,0.7854,0.9827,0.0349,1.26,16.84,-15.58,600,30000,88.93,9,16,Caravanery|Carpentry|Cipher Chamber|Fletchery|Furnace|MWRend|Outrider Intercept Post|Toxicarium
"Lev/Daggers/Cloth [Poison, Outr:every, Rend]",Levy,Daggers,,Cloth,,False,50,"Outrider: every,Poison,Rend",Random,159,71445,15438,7008,94050,0.0017,0.7596,0.9255,0.0022,2.41,27.08,-24.68,800,40000,3.98,9,16,Caravanery|Cipher Chamber|Furnace|MWRend|Outrider Intercept Post|Outrider Mastery|Toxicarium
Lev/Daggers/Leather [Poison],Levy,Daggers,,Leather,,False,50,Poison,Random,18,88546,29943,943,119450,0.0002,0.7413,0.9921,0.0002,0.30,26.47,-26.17,800,40000,0.45,5,3,Animal Husbandry|Furnace|Tannery|Toxicarium
Lev/ShortSword/Kite/Leather [Poison],Levy,Short Sword,Kite Shield,Leather,,False,50,Poison,Random,50,88066,30476,858,119450,0.0004,0.7373,0.9928,0.0006,0.28,27.79,-27.51,600,30000,1.67,7,6,Animal Husbandry|Carpentry|Furnace|Joinery|Tannery|Toxicarium
Lev/Spears/Kite/Leather [Poison],Levy,Spears,Kite Shield,Leather,,False,50,Poison,Random,51,88009,30505,885,119450,0.0004,0.7368,0.9926,0.0006,0.29,25.13,-24.84,600,30000,1.70,7,6,Animal Husbandry|Carpentry|Furnace|Joinery|Tannery|Toxicarium
Lev/Longbow/Leather [Poison],Levy,,,Leather,Longbow,False,50,Poison,Random,3413,86574,28611,852,119450,0.0286,0.7248,0.9929,0.0379,0.65,16.91,-16.26,600,30000,113.77,7,3,Animal Husbandry|Carpentry|Fletchery|Furnace|Tannery|Toxicarium
"MaA/Daggers+Longbow/Leather (TY) [ImmU, Poison, Cond+1]",Man-at-Arms,Daggers,,Leather,Longbow,True,50,"Cond Field,Immune Unwieldy,Poison",Random,44526,56977,17077,870,119450,0.3728,0.4770,0.9927,0.4387,7.32,12.07,-4.75,1600,80000,556.58,9,9,Animal Husbandry|Carpentry|Coliseum|Fletchery|Furnace|Tannery|Tiltyard|Toxicarium
"MaA/ShortSword+Longbow/Kite/Leather (TY) [ImmU, Poison, Cond+1]",Man-at-Arms,Short Sword,Kite Shield,Leather,Longbow,True,50,"Cond Field,Immune Unwieldy,Poison",Random,46500,52971,19058,921,119450,0.3893,0.4435,0.9923,0.4675,8.26,11.57,-3.31,1400,70000,664.29,10,12,Animal Husbandry|Carpentry|Coliseum|Fletchery|Furnace|Joinery|Tannery|Tiltyard|Toxicarium
"MaA/Spears+Longbow/Kite/Leather (TY) [ImmU, Poison, Cond+1]",Man-at-Arms,Spears,Kite Shield,Leather,Longbow,True,50,"Cond Field,Immune Unwieldy,Poison",Random,52407,47444,18674,925,119450,0.4387,0.3972,0.9923,0.5249,9.26,9.42,-0.16,1400,70000,748.67,10,12,Animal Husbandry|Carpentry|Coliseum|Fletchery|Furnace|Joinery|Tannery|Tiltyard|Toxicarium
"Lev/Daggers/Leather [Poison, Outr:once]",Levy,Daggers,,Leather,,False,50,"Outrider: once,Poison",Random,31,76117,16379,1523,94050,0.0003,0.8093,0.9838,0.0004,0.81,29.08,-28.26,800,40000,0.78,8,10,Animal Husbandry|Caravanery|Cipher Chamber|Furnace|Outrider Intercept Post|Tannery|Toxicarium
"Lev/ShortSword/Kite/Leather [Poison, Outr:once]",Levy,Short Sword,Kite Shield,Leather,,False,50,"Outrider: once,Poison",Random,38,75846,16569,1597,94050,0.0004,0.8064,0.9830,0.0005,0.86,30.58,-29.73,600,30000,1.27,10,13,Animal Husbandry|Caravanery|Carpentry|Cipher Chamber|Furnace|Joinery|Outrider Intercept Post|Tannery|Toxicarium
"Lev/Spears/Kite/Leather [Poison, Outr:once]",Levy,Spears,Kite Shield,Leather,,False,50,"Outrider: once,Poison",Random,45,75951,16540,1514,94050,0.0005,0.8076,0.9839,0.0006,0.81,27.53,-26.72,600,30000,1.50,10,13,Animal Husbandry|Caravanery|Carpentry|Cipher Chamber|Furnace|Joinery|Outrider Intercept Post|Tannery|Toxicarium
"Lev/Longbow/Leather [Poison, Outr:once]",Levy,,,Leather,Longbow,False,50,"Outrider: once,Poison",Random,2682,73669,16097,1602,94050,0.0285,0.7833,0.9830,0.0351,1.27,18.17,-16.90,600,30000,89.40,10,10,Animal Husbandry|Caravanery|Carpentry|Cipher Chamber|Fletchery|Furnace|Outrider Intercept Post|Tannery|Toxicarium
"Lev/Daggers/Leather [Poison, Outr:every]",Levy,Daggers,,Leather,,False,50,"Outrider: every,Poison",Random,168,71234,15524,7124,94050,0.0018,0.7574,0.9243,0.0024,2.40,27.83,-25.43,800,40000,4.20,10,10,Animal Husbandry|Caravanery|Cipher Chamber|Furnace|Outrider Intercept Post|Outrider Mastery|Tannery|Toxicarium
"Lev/Daggers/Leather [Poison, Rend]",Levy,Daggers,,Leather,,False,50,"Poison,Rend",Random,38,88552,29968,892,119450,0.0003,0.7413,0.9925,0.0004,0.28,25.86,-25.58,600,30000,1.27,6,9,Animal Husbandry|Furnace|MWRend|Tannery|Toxicarium
"Lev/ShortSword/Kite/Leather [Poison, Rend]",Levy,Short Sword,Kite Shield,Leather,,False,50,"Poison,Rend",Random,34,88057,30434,925,119450,0.0003,0.7372,0.9923,0.0004,0.30,27.32,-27.02,400,20000,1.70,8,9,Animal Husbandry|Carpentry|Furnace|Joinery|MWRend|Tannery|Toxicarium
"Lev/Spears/Kite/Leather [Poison, Rend]",Levy,Spears,Kite Shield,Leather,,False,50,"Poison,Rend",Random,45,88026,30520,859,119450,0.0004,0.7369,0.9928,0.0005,0.28,24.46,-24.18,400,20000,2.25,8,9,Animal Husbandry|Carpentry|Furnace|Joinery|MWRend|Tannery|Toxicarium
"Lev/Longbow/Leather [Poison, Rend]",Levy,,,Leather,Longbow,False,50,"Poison,Rend",Random,3417,86605,28567,861,119450,0.0286,0.7250,0.9928,0.0380,0.65,15.73,-15.08,400,20000,170.85,8,9,Animal Husbandry|Carpentry|Fletchery|Furnace|MWRend|Tannery|Toxicarium
"MaA/Daggers+Longbow/Leather (TY) [ImmU, Poison, Rend, Cond+1]",Man-at-Arms,Daggers,,Leather,Longbow,True,50,"Cond Field,Immune Unwieldy,Poison,Rend",Random,44534,56857,17129,930,119450,0.3728,0.4760,0.9922,0.4392,7.42,11.29,-3.87,1400,70000,636.20,10,15,Animal Husbandry|Carpentry|Coliseum|Fletchery|Furnace|MWRend|Tannery|Tiltyard|Toxicarium
"Lev/Daggers/Leather [Poison, Outr:once, Rend]",Levy,Daggers,,Leather,,False,50,"Outrider: once,Poison,Rend",Random,22,76037,16383,1608,94050,0.0002,0.8085,0.9829,0.0003,0.86,28.34,-27.48,600,30000,0.73,9,16,Animal Husbandry|Caravanery|Cipher Chamber|Furnace|MWRend|Outrider Intercept Post|Tannery|Toxicarium
"Lev/Daggers/Cloth [ApoHeal, Regen 5, Reroll]",Levy,Daggers,,Cloth,,False,50,"Apothecary Heal,Regenerate 5,Regenerate Reroll",Random,10,85904,32592,944,119450,0.0001,0.7192,0.9921,0.0001,0.33,23.83,-23.50,1000,50000,0.20,5,9,Apothecary|Carpentry|Furnace|Hospitaller|Infirmary|Joinery
"Lev/Longbow/Cloth [ApoHeal, Regen 5, Reroll]",Levy,,,Cloth,Longbow,False,50,"Apothecary Heal,Regenerate 5,Regenerate Reroll",Random,4442,82408,31723,877,119450,0.0372,0.6899,0.9927,0.0511,1.12,13.80,-12.68,800,40000,111.05,5,6,Apothecary|Carpentry|Fletchery|Furnace|Hospitaller|Infirmary
"Lev/Daggers/Cloth [ApoHeal, Outr:once, Regen 5, Reroll]",Levy,Daggers,,Cloth,,False,50,"Apothecary Heal,Outrider: once,Regenerate 5,Regenerate Reroll",Random,8,74886,17530,1626,94050,0.0001,0.7962,0.9827,0.0001,0.87,26.94,-26.07,1000,50000,0.16,6,16,Apothecary|Caravanery|Cipher Chamber|Furnace|Hospitaller|Infirmary|Outrider Intercept Post
"Lev/Longbow/Cloth [ApoHeal, Outr:once, Regen 5, Reroll]",Levy,,,Cloth,Longbow,False,50,"Apothecary Heal,Outrider: once,Regenerate 5,Regenerate Reroll",Random,3375,70304,18791,1580,94050,0.0359,0.7475,0.9832,0.0458,1.63,15.41,-13.78,800,40000,84.38,8,16,Apothecary|Caravanery|Carpentry|Cipher Chamber|Fletchery|Furnace|Hospitaller|Infirmary|Outrider Intercept Post
"Lev/Daggers/Cloth [Outr:every, ApoHeal, Regen 5, Reroll]",Levy,Daggers,,Cloth,,False,50,"Apothecary Heal,Outrider: every,Regenerate 5,Regenerate Reroll",Random,60,69972,16304,7714,94050,0.0006,0.7440,0.9180,0.0009,3.11,26.28,-23.17,1000,50000,1.20,8,16,Apothecary|Caravanery|Cipher Chamber|Furnace|Hospitaller|Infirmary|Outrider Intercept Post|Outrider Mastery
"Lev/Longbow/Cloth [Outr:every, ApoHeal, Regen 5, Reroll]",Levy,,,Cloth,Longbow,False,50,"Apothecary Heal,Outrider: every,Regenerate 5,Regenerate Reroll",Random,10774,55021,20884,7371,94050,0.1146,0.5850,0.9216,0.1638,5.55,13.24,-7.68,800,40000,269.35,10,16,Apothecary|Caravanery|Carpentry|Cipher Chamber|Fletchery|Furnace|Hospitaller|Infirmary|Outrider Intercept Post|Outrider Mastery
"Lev/Daggers/Cloth [ApoHeal, Regen 5, Reroll, Rend]",Levy,Daggers,,Cloth,,False,50,"Apothecary Heal,Regenerate 5,Regenerate Reroll,Rend",Random,15,85897,32628,910,119450,0.0001,0.7191,0.9924,0.0002,0.32,23.18,-22.86,600,30000,0.50,5,15,Apothecary|Furnace|Hospitaller|Infirmary|Levy Hall|MWRend
"Lev/Longbow/Cloth [ApoHeal, Regen 5, Reroll, Rend]",Levy,,,Cloth,Longbow,False,50,"Apothecary Heal,Regenerate 5,Regenerate Reroll,Rend",Random,4432,82426,31735,857,119450,0.0371,0.6900,0.9928,0.0510,1.10,12.54,-11.44,600,30000,147.73,6,12,Apothecary|Carpentry|Fletchery|Furnace|Hospitaller|Infirmary|MWRend
"Lev/Daggers/Cloth [Outr:once, ApoHeal, Rend, Regen 5, Reroll]",Levy,Daggers,,Cloth,,False,50,"Apothecary Heal,Outrider: once,Regenerate 5,Regenerate Reroll,Rend",Random,10,74891,17546,1603,94050,0.0001,0.7963,0.9830,0.0001,0.85,26.17,-25.32,800,40000,0.25,7,22,Apothecary|Caravanery|Cipher Chamber|Furnace|Hospitaller|Infirmary|MWRend|Outrider Intercept Post
"Lev/Longbow/Cloth [Outr:once, ApoHeal, Rend, Regen 5, Reroll]",Levy,,,Cloth,Longbow,False,50,"Apothecary Heal,Outrider: once,Regenerate 5,Regenerate Reroll,Rend",Random,3408,70273,18780,1589,94050,0.0362,0.7472,0.9831,0.0463,1.65,13.88,-12.23,600,30000,113.60,9,22,Apothecary|Caravanery|Carpentry|Cipher Chamber|Fletchery|Furnace|Hospitaller|Infirmary|MWRend|Outrider Intercept Post
"Lev/Daggers/Cloth [Outr:every, ApoHeal, Rend, Regen 5, Reroll]",Levy,Daggers,,Cloth,,False,50,"Apothecary Heal,Outrider: every,Regenerate 5,Regenerate Reroll,Rend",Random,51,70155,16322,7522,94050,0.0005,0.7459,0.9200,0.0007,3.00,25.38,-22.38,800,40000,1.27,9,22,Apothecary|Caravanery|Cipher Chamber|Furnace|Hospitaller|Infirmary|MWRend|Outrider Intercept Post|Outrider Mastery
"Lev/Daggers/Leather [ApoHeal, Regen 5, Reroll]",Levy,Daggers,,Leather,,False,50,"Apothecary Heal,Regenerate 5,Regenerate Reroll",Random,13,85923,32659,855,119450,0.0001,0.7193,0.9928,0.0002,0.31,23.77,-23.46,800,40000,0.33,5,6,Animal Husbandry|Apothecary|Furnace|Hospitaller|Infirmary|Tannery
"Lev/ShortSword/Kite/Leather [ApoHeal, Regen 5, Reroll]",Levy,Short Sword,Kite Shield,Leather,,False,50,"Apothecary Heal,Regenerate 5,Regenerate Reroll",Random,26,85896,32633,895,119450,0.0002,0.7191,0.9925,0.0003,0.32,27.11,-26.78,600,30000,0.87,7,9,Animal Husbandry|Apothecary|Carpentry|Furnace|Hospitaller|Infirmary|Joinery|Tannery
"Lev/Spears/Kite/Leather [ApoHeal, Regen 5, Reroll]",Levy,Spears,Kite Shield,Leather,,False,50,"Apothecary Heal,Regenerate 5,Regenerate Reroll",Random,43,85889,32600,918,119450,0.0004,0.7190,0.9923,0.0005,0.34,22.75,-22.41,600,30000,1.43,7,9,Animal Husbandry|Apothecary|Carpentry|Furnace|Hospitaller|Infirmary|Joinery|Tannery
"Lev/Longbow/Leather [ApoHeal, Regen 5, Reroll]",Levy,,,Leather,Longbow,False,50,"Apothecary Heal,Regenerate 5,Regenerate Reroll",Random,4357,82413,31847,833,119450,0.0365,0.6899,0.9930,0.0502,1.10,13.75,-12.65,600,30000,145.23,7,6,Animal Husbandry|Apothecary|Carpentry|Fletchery|Furnace|Hospitaller|Infirmary|Tannery
"MaA/Daggers+Longbow/Leather (TY) [Cond+1, ApoHeal, ImmU, Regen 5, Reroll]",Man-at-Arms,Daggers,,Leather,Longbow,True,50,"Apothecary Heal,Cond Field,Immune Unwieldy,Regenerate 5,Regenerate Reroll",Random,65156,8784,44670,840,119450,0.5455,0.0735,0.9930,0.8812,13.30,1.48,11.82,1600,80000,814.45,9,12,Animal Husbandry|Apothecary|Carpentry|Coliseum|Fletchery|Furnace|Hospitaller|Infirmary|Tannery|Tiltyard
"MaA/ShortSword+Longbow/Kite/Leather (TY) [Cond+1, ApoHeal, ImmU, Regen 5, Reroll]",Man-at-Arms,Short Sword,Kite Shield,Leather,Longbow,True,50,"Apothecary Heal,Cond Field,Immune Unwieldy,Regenerate 5,Regenerate Reroll",Random,65191,8545,44796,918,119450,0.5458,0.0715,0.9923,0.8841,13.73,1.72,12.01,1400,70000,931.30,10,15,Animal Husbandry|Apothecary|Carpentry|Coliseum|Fletchery|Furnace|Hospitaller|Infirmary|Joinery|Tannery|Tiltyard
"MaA/Spears+Longbow/Kite/Leather (TY) [Cond+1, ApoHeal, ImmU, Regen 5, Reroll]",Man-at-Arms,Spears,Kite Shield,Leather,Longbow,True,50,"Apothecary Heal,Cond Field,Immune Unwieldy,Regenerate 5,Regenerate Reroll",Random,72547,6722,39274,907,119450,0.6073,0.0563,0.9924,0.9152,15.76,1.14,14.62,1400,70000,1036.39,10,15,Animal Husbandry|Apothecary|Carpentry|Coliseum|Fletchery|Furnace|Hospitaller|Infirmary|Joinery|Tannery|Tiltyard
"Lev/Daggers/Leather [ApoHeal, Outr:once, Regen 5, Reroll]",Levy,Daggers,,Leather,,False,50,"Apothecary Heal,Outrider: once,Regenerate 5,Regenerate Reroll",Random,15,74917,17524,1594,94050,0.0002,0.7966,0.9831,0.0002,0.85,26.93,-26.08,800,40000,0.38,8,16,Animal Husbandry|Apothecary|Caravanery|Cipher Chamber|Furnace|Hospitaller|Infirmary|Outrider Intercept Post|Tannery
"Lev/ShortSword/Kite/Leather [ApoHeal, Outr:once, Regen 5, Reroll]",Levy,Short Sword,Kite Shield,Leather,,False,50,"Apothecary Heal,Outrider: once,Regenerate 5,Regenerate Reroll",Random,28,74946,17551,1525,94050,0.0003,0.7969,0.9838,0.0004,0.82,30.49,-29.67,600,30000,0.93,10,19,Animal Husbandry|Apothecary|Caravanery|Carpentry|Cipher Chamber|Furnace|Hospitaller|Infirmary|Joinery|Outrider Intercept Post|Tannery
"Lev/Spears/Kite/Leather [ApoHeal, Outr:once, Regen 5, Reroll]",Levy,Spears,Kite Shield,Leather,,False,50,"Apothecary Heal,Outrider: once,Regenerate 5,Regenerate Reroll",Random,31,74971,17529,1519,94050,0.0003,0.7971,0.9838,0.0004,0.81,25.56,-24.75,600,30000,1.03,10,19,Animal Husbandry|Apothecary|Caravanery|Carpentry|Cipher Chamber|Furnace|Hospitaller|Infirmary|Joinery|Outrider Intercept Post|Tannery
"Lev/Longbow/Leather [ApoHeal, Outr:once, Regen 5, Reroll]",Levy,,,Leather,Longbow,False,50,"Apothecary Heal,Outrider: once,Regenerate 5,Regenerate Reroll",Random,3447,70253,18743,1607,94050,0.0367,0.7470,0.9829,0.0468,1.67,15.42,-13.75,600,30000,114.90,10,16,Animal Husbandry|Apothecary|Caravanery|Carpentry|Cipher Chamber|Fletchery|Furnace|Hospitaller|Infirmary|Outrider Intercept Post|Tannery
"Lev/Daggers/Leather [Outr:every, ApoHeal, Regen 5, Reroll]",Levy,Daggers,,Leather,,False,50,"Apothecary Heal,Outrider: every,Regenerate 5,Regenerate Reroll",Random,66,70074,16367,7543,94050,0.0007,0.7451,0.9198,0.0009,3.03,26.23,-23.20,800,40000,1.65,10,16,Animal Husbandry|Apothecary|Caravanery|Cipher Chamber|Furnace|Hospitaller|Infirmary|Outrider Intercept Post|Outrider Mastery|Tannery
"Lev/Daggers/Leather [ApoHeal, Regen 5, Reroll, Rend]",Levy,Daggers,,Leather,,False,50,"Apothecary Heal,Regenerate 5,Regenerate Reroll,Rend",Random,10,85895,32676,869,119450,0.0001,0.7191,0.9927,0.0001,0.31,23.17,-22.86,600,30000,0.33,6,12,Animal Husbandry|Apothecary|Furnace|Hospitaller|Infirmary|MWRend|Tannery
"Lev/ShortSword/Kite/Leather [ApoHeal, Regen 5, Reroll, Rend]",Levy,Short Sword,Kite Shield,Leather,,False,50,"Apothecary Heal,Regenerate 5,Regenerate Reroll,Rend",Random,25,85902,32644,879,119450,0.0002,0.7191,0.9926,0.0003,0.32,26.65,-26.33,400,20000,1.25,8,12,Animal Husbandry|Apothecary|Carpentry|Furnace|Hospitaller|Infirmary|Joinery|MWRend|Tannery
"Lev/Spears/Kite/Leather [ApoHeal, Regen 5, Reroll, Rend]",Levy,Spears,Kite Shield,Leather,,False,50,"Apothecary Heal,Regenerate 5,Regenerate Reroll,Rend",Random,37,85918,32625,870,119450,0.0003,0.7193,0.9927,0.0004,0.31,22.03,-21.72,400,20000,1.85,8,12,Animal Husbandry|Apothecary|Carpentry|Furnace|Hospitaller|Infirmary|Joinery|MWRend|Tannery
"Lev/Longbow/Leather [ApoHeal, Regen 5, Reroll, Rend]",Levy,,,Leather,Longbow,False,50,"Apothecary Heal,Regenerate 5,Regenerate Reroll,Rend",Random,4419,82445,31697,889,119450,0.0370,0.6902,0.9926,0.0509,1.14,12.54,-11.39,400,20000,220.95,8,12,Animal Husbandry|Apothecary|Carpentry|Fletchery|Furnace|Hospitaller|Infirmary|MWRend|Tannery
"MaA/Daggers+Longbow/Leather (TY) [Cond+1, ApoHeal, Rend, ImmU, Regen 5, Reroll]",Man-at-Arms,Daggers,,Leather,Longbow,True,50,"Apothecary Heal,Cond Field,Immune Unwieldy,Regenerate 5,Regenerate Reroll,Rend",Random,65043,8648,44823,936,119450,0.5445,0.0724,0.9922,0.8826,13.37,1.40,11.97,1400,70000,929.19,10,18,Animal Husbandry|Apothecary|Carpentry|Coliseum|Fletchery|Furnace|Hospitaller|Infirmary|MWRend|Tannery|Tiltyard
"Lev/Daggers/Leather [Outr:once, ApoHeal, Rend, Regen 5, Reroll]",Levy,Daggers,,Leather,,False,50,"Apothecary Heal,Outrider: once,Regenerate 5,Regenerate Reroll,Rend",Random,16,74930,17523,1581,94050,0.0002,0.7967,0.9832,0.0002,0.84,26.15,-25.30,600,30000,0.53,9,22,Animal Husbandry|Apothecary|Caravanery|Cipher Chamber|Furnace|Hospitaller|Infirmary|MWRend|Outrider Intercept Post|Tannery
"Lev/Daggers/Cloth [ApoHeal, Poison, Regen 5, Reroll]",Levy,Daggers,,Cloth,,False,50,"Apothecary Heal,Poison,Regenerate 5,Regenerate Reroll",Random,35,85893,32624,898,119450,0.0003,0.7191,0.9925,0.0004,0.32,22.90,-22.58,1000,50000,0.70,5,9,Apothecary|Furnace|Hospitaller|Infirmary|Toxicarium
"Lev/Longbow/Cloth [ApoHeal, Poison, Regen 5, Reroll]",Levy,,,Cloth,Longbow,False,50,"Apothecary Heal,Poison,Regenerate 5,Regenerate Reroll",Random,4652,81360,32585,853,119450,0.0389,0.6811,0.9929,0.0541,1.15,13.05,-11.90,800,40000,116.30,7,9,Apothecary|Carpentry|Fletchery|Furnace|Hospitaller|Infirmary|Toxicarium
"Lev/Daggers/Cloth [Poison, Outr:once, ApoHeal, Regen 5, Reroll]",Levy,Daggers,,Cloth,,False,50,"Apothecary Heal,Outrider: once,Poison,Regenerate 5,Regenerate Reroll",Random,33,74944,17545,1528,94050,0.0004,0.7969,0.9838,0.0004,0.82,25.79,-24.97,1000,50000,0.66,8,16,Apothecary|Caravanery|Cipher Chamber|Furnace|Hospitaller|Infirmary|Outrider Intercept Post|Toxicarium
"Lev/Longbow/Cloth [Poison, Outr:once, ApoHeal, Regen 5, Reroll]",Levy,,,Cloth,Longbow,False,50,"Apothecary Heal,Outrider: once,Poison,Regenerate 5,Regenerate Reroll",Random,3747,68946,19742,1615,94050,0.0398,0.7331,0.9828,0.0515,1.74,14.58,-12.83,800,40000,93.67,10,16,Apothecary|Caravanery|Carpentry|Cipher Chamber|Fletchery|Furnace|Hospitaller|Infirmary|Outrider Intercept Post|Toxicarium
"Lev/Daggers/Cloth [Poison, Outr:every, ApoHeal, Regen 5, Reroll]",Levy,Daggers,,Cloth,,False,50,"Apothecary Heal,Outrider: every,Poison,Regenerate 5,Regenerate Reroll",Random,213,70165,16211,7461,94050,0.0023,0.7460,0.9207,0.0030,3.02,24.70,-21.68,1000,50000,4.26,10,16,Apothecary|Caravanery|Cipher Chamber|Furnace|Hospitaller|Infirmary|Outrider Intercept Post|Outrider Mastery|Toxicarium
"Lev/Daggers/Cloth [Poison, ApoHeal, Rend, Regen 5, Reroll]",Levy,Daggers,,Cloth,,False,50,"Apothecary Heal,Poison,Regenerate 5,Regenerate Reroll,Rend",Random,50,85902,32583,915,119450,0.0004,0.7191,0.9923,0.0006,0.33,22.25,-21.92,800,40000,1.25,6,15,Apothecary|Furnace|Hospitaller|Infirmary|MWRend|Toxicarium
"Lev/Longbow/Cloth [Poison, ApoHeal, Rend, Regen 5, Reroll]",Levy,,,Cloth,Longbow,False,50,"Apothecary Heal,Poison,Regenerate 5,Regenerate Reroll,Rend",Random,4568,81470,32534,878,119450,0.0382,0.6820,0.9926,0.0531,1.14,11.80,-10.66,600,30000,152.27,8,15,Apothecary|Carpentry|Fletchery|Furnace|Hospitaller|Infirmary|MWRend|Toxicarium
"Lev/Daggers/Cloth [Poison, Outr:once, ApoHeal, Rend, Regen 5, Reroll]",Levy,Daggers,,Cloth,,False,50,"Apothecary Heal,Outrider: once,Poison,Regenerate 5,Regenerate Reroll,Rend",Random,45,74935,17503,1567,94050,0.0005,0.7968,0.9833,0.0006,0.84,24.94,-24.10,800,40000,1.12,9,22,Apothecary|Caravanery|Cipher Chamber|Furnace|Hospitaller|Infirmary|MWRend|Outrider Intercept Post|Toxicarium
"Lev/Daggers/Leather [ApoHeal, Poison, Regen 5, Reroll]",Levy,Daggers,,Leather,,False,50,"Apothecary Heal,Poison,Regenerate 5,Regenerate Reroll",Random,41,85926,32606,877,119450,0.0003,0.7193,0.9927,0.0005,0.32,22.85,-22.53,800,40000,1.02,7,9,Animal Husbandry|Apothecary|Furnace|Hospitaller|Infirmary|Tannery|Toxicarium
"Lev/ShortSword/Kite/Leather [ApoHeal, Poison, Regen 5, Reroll]",Levy,Short Sword,Kite Shield,Leather,,False,50,"Apothecary Heal,Poison,Regenerate 5,Regenerate Reroll",Random,72,85902,32582,894,119450,0.0006,0.7191,0.9925,0.0008,0.34,24.89,-24.55,600,30000,2.40,9,12,Animal Husbandry|Apothecary|Carpentry|Furnace|Hospitaller|Infirmary|Joinery|Tannery|Toxicarium
"Lev/Spears/Kite/Leather [ApoHeal, Poison, Regen 5, Reroll]",Levy,Spears,Kite Shield,Leather,,False,50,"Apothecary Heal,Poison,Regenerate 5,Regenerate Reroll",Random,60,85904,32598,888,119450,0.0005,0.7192,0.9926,0.0007,0.33,21.83,-21.51,600,30000,2.00,9,12,Animal Husbandry|Apothecary|Carpentry|Furnace|Hospitaller|Infirmary|Joinery|Tannery|Toxicarium
"Lev/Longbow/Leather [ApoHeal, Poison, Regen 5, Reroll]",Levy,,,Leather,Longbow,False,50,"Apothecary Heal,Poison,Regenerate 5,Regenerate Reroll",Random,4644,81428,32467,911,119450,0.0389,0.6817,0.9924,0.0540,1.18,13.04,-11.86,600,30000,154.80,9,9,Animal Husbandry|Apothecary|Carpentry|Fletchery|Furnace|Hospitaller|Infirmary|Tannery|Toxicarium
"Lev/Daggers/Leather [Poison, Outr:once, ApoHeal, Regen 5, Reroll]",Levy,Daggers,,Leather,,False,50,"Apothecary Heal,Outrider: once,Poison,Regenerate 5,Regenerate Reroll",Random,44,74973,17509,1524,94050,0.0005,0.7972,0.9838,0.0006,0.82,25.74,-24.92,800,40000,1.10,10,16,Animal Husbandry|Apothecary|Caravanery|Cipher Chamber|Furnace|Hospitaller|Infirmary|Outrider Intercept Post|Tannery|Toxicarium
"Lev/Daggers/Leather [Poison, ApoHeal, Rend, Regen 5, Reroll]",Levy,Daggers,,Leather,,False,50,"Apothecary Heal,Poison,Regenerate 5,Regenerate Reroll,Rend",Random,34,85911,32614,891,119450,0.0003,0.7192,0.9925,0.0004,0.32,22.19,-21.87,600,30000,1.13,8,15,Animal Husbandry|Apothecary|Furnace|Hospitaller|Infirmary|MWRend|Tannery|Toxicarium
"Lev/ShortSword/Kite/Leather [Poison, ApoHeal, Rend, Regen 5, Reroll]",Levy,Short Sword,Kite Shield,Leather,,False,50,"Apothecary Heal,Poison,Regenerate 5,Regenerate Reroll,Rend",Random,57,85905,32596,892,119450,0.0005,0.7192,0.9925,0.0007,0.32,24.29,-23.96,400,20000,2.85,10,15,Animal Husbandry|Apothecary|Carpentry|Furnace|Hospitaller|Infirmary|Joinery|MWRend|Tannery|Toxicarium
"Lev/Spears/Kite/Leather [Poison, ApoHeal, Rend, Regen 5, Reroll]",Levy,Spears,Kite Shield,Leather,,False,50,"Apothecary Heal,Poison,Regenerate 5,Regenerate Reroll,Rend",Random,63,85886,32548,953,119450,0.0005,0.7190,0.9920,0.0007,0.35,21.09,-20.74,400,20000,3.15,10,15,Animal Husbandry|Apothecary|Carpentry|Furnace|Hospitaller|Infirmary|Joinery|MWRend|Tannery|Toxicarium
"Lev/Longbow/Leather [Poison, ApoHeal, Rend, Regen 5, Reroll]",Levy,,,Leather,Longbow,False,50,"Apothecary Heal,Poison,Regenerate 5,Regenerate Reroll,Rend",Random,4755,81374,32453,868,119450,0.0398,0.6812,0.9927,0.0552,1.19,11.76,-10.57,400,20000,237.75,10,15,Animal Husbandry|Apothecary|Carpentry|Fletchery|Furnace|Hospitaller|Infirmary|MWRend|Tannery|Toxicarium
Lev/Daggers/Cloth [Unshakable],Levy,Daggers,,Cloth,,False,50,Unshakable,Random,13,55649,20739,749,77150,0.0002,0.7213,0.9903,0.0002,0.39,24.60,-24.22,800,40000,0.33,5,19,Carpentry|Furnace|Joinery|Levy Hall|Preceptory
Lev/Longbow/Cloth [Unshakable],Levy,,,Cloth,Longbow,False,50,Unshakable,Random,3703,53768,18922,757,77150,0.0480,0.6969,0.9902,0.0644,1.78,14.78,-13.01,600,30000,123.43,5,16,Carpentry|Fletchery|Furnace|Levy Hall|Preceptory
"Lev/Daggers/Cloth [Outr:once, Unshakable]",Levy,Daggers,,Cloth,,False,50,"Outrider: once,Unshakable",Random,9,45157,8671,963,54800,0.0002,0.8240,0.9824,0.0002,0.88,28.24,-27.35,1000,50000,0.18,5,26,Caravanery|Cipher Chamber|Furnace|Outrider Intercept Post|Preceptory
"Lev/Longbow/Cloth [Outr:once, Unshakable]",Levy,,,Cloth,Longbow,False,50,"Outrider: once,Unshakable",Random,2438,42851,8604,907,54800,0.0445,0.7820,0.9834,0.0538,2.18,16.66,-14.48,800,40000,60.95,7,26,Caravanery|Carpentry|Cipher Chamber|Fletchery|Furnace|Outrider Intercept Post|Preceptory
"Lev/Daggers/Cloth [Outr:every, Unshakable]",Levy,Daggers,,Cloth,,False,50,"Outrider: every,Unshakable",Random,54,42459,8142,4145,54800,0.0010,0.7748,0.9244,0.0013,2.59,27.11,-24.52,1000,50000,1.08,7,26,Caravanery|Cipher Chamber|Furnace|Outrider Intercept Post|Outrider Mastery|Preceptory
"Lev/Longbow/Cloth [Outr:every, Unshakable]",Levy,,,Cloth,Longbow,False,50,"Outrider: every,Unshakable",Random,6185,34309,10056,4250,54800,0.1129,0.6261,0.9224,0.1527,6.14,14.11,-7.97,800,40000,154.62,9,26,Caravanery|Carpentry|Cipher Chamber|Fletchery|Furnace|Outrider Intercept Post|Outrider Mastery|Preceptory
"Lev/Daggers/Cloth [Unshakable, Rend]",Levy,Daggers,,Cloth,,False,50,"Rend,Unshakable",Random,10,55642,20748,750,77150,0.0001,0.7212,0.9903,0.0002,0.39,24.05,-23.67,800,40000,0.25,5,22,Carpentry|Furnace|Joinery|MWRend|Preceptory
"Lev/Longbow/Cloth [Unshakable, Rend]",Levy,,,Cloth,Longbow,False,50,"Rend,Unshakable",Random,3718,53874,18816,742,77150,0.0482,0.6983,0.9904,0.0646,1.77,13.64,-11.87,600,30000,123.93,5,22,Carpentry|Fletchery|Furnace|MWRend|Preceptory
Lev/Daggers/Leather [Unshakable],Levy,Daggers,,Leather,,False,50,Unshakable,Random,13,55615,20775,747,77150,0.0002,0.7209,0.9903,0.0002,0.39,24.46,-24.07,600,30000,0.43,5,16,Animal Husbandry|Furnace|Levy Hall|Preceptory|Tannery
Lev/ShortSword/Kite/Leather [Unshakable],Levy,Short Sword,Kite Shield,Leather,,False,50,Unshakable,Random,24,55561,20772,793,77150,0.0003,0.7202,0.9897,0.0004,0.42,27.24,-26.82,600,30000,0.80,6,19,Animal Husbandry|Carpentry|Furnace|Joinery|Preceptory|Tannery
Lev/Spears/Kite/Leather [Unshakable],Levy,Spears,Kite Shield,Leather,,False,50,Unshakable,Random,27,55571,20821,731,77150,0.0003,0.7203,0.9905,0.0005,0.39,23.10,-22.71,600,30000,0.90,6,19,Animal Husbandry|Carpentry|Furnace|Joinery|Preceptory|Tannery
Lev/Longbow/Leather [Unshakable],Levy,,,Leather,Longbow,False,50,Unshakable,Random,3722,53724,19007,697,77150,0.0482,0.6964,0.9910,0.0648,1.81,14.62,-12.80,600,30000,124.07,6,16,Animal Husbandry|Carpentry|Fletchery|Furnace|Preceptory|Tannery
"MaA/Daggers+Longbow/Leather (TY) [ImmU, Unshakable, Cond+1]",Man-at-Arms,Daggers,,Leather,Longbow,True,50,"Cond Field,Immune Unwieldy,Unshakable",Random,27242,36806,12335,767,77150,0.3531,0.4771,0.9901,0.4253,9.02,12.47,-3.45,1600,80000,340.52,8,16,Animal Husbandry|Carpentry|Coliseum|Fletchery|Furnace|Preceptory|Tannery|Tiltyard
"MaA/ShortSword+Longbow/Kite/Leather (TY) [ImmU, Unshakable, Cond+1]",Man-at-Arms,Short Sword,Kite Shield,Leather,Longbow,True,50,"Cond Field,Immune Unwieldy,Unshakable",Random,28001,34170,14249,730,77150,0.3629,0.4429,0.9905,0.4504,9.72,12.16,-2.44,1400,70000,400.01,9,19,Animal Husbandry|Carpentry|Coliseum|Fletchery|Furnace|Joinery|Preceptory|Tannery|Tiltyard
"MaA/Spears+Longbow/Kite/Leather (TY) [ImmU, Unshakable, Cond+1]",Man-at-Arms,Spears,Kite Shield,Leather,Longbow,True,50,"Cond Field,Immune Unwieldy,Unshakable",Random,31355,31208,13884,703,77150,0.4064,0.4045,0.9909,0.5012,10.86,9.71,1.15,1400,70000,447.93,9,19,Animal Husbandry|Carpentry|Coliseum|Fletchery|Furnace|Joinery|Preceptory|Tannery|Tiltyard
"MaA/Daggers+Longbow/Leather (TY) [Drilled, Nimble, Cond+1, Unshakable, ImmU, Immune Strain]",Man-at-Arms,Daggers,,Leather,Longbow,True,50,"Cond Field,Drilled,Immune Strain,Immune Unwieldy,Nimble,Unshakable",Random,36745,33227,2524,804,73300,0.5013,0.4533,0.9890,0.5251,11.76,12.22,-0.47,1600,80000,459.31,10,20,Animal Husbandry|Carpentry|Coliseum|Fletchery|Furnace|Preceptory|Royal Pavilion|Tannery|Tiltyard
"Lev/Daggers/Leather [Outr:once, Unshakable]",Levy,Daggers,,Leather,,False,50,"Outrider: once,Unshakable",Random,13,45216,8687,884,54800,0.0002,0.8251,0.9839,0.0003,0.81,28.07,-27.25,800,40000,0.33,7,26,Animal Husbandry|Caravanery|Cipher Chamber|Furnace|Outrider Intercept Post|Preceptory|Tannery
"Lev/Longbow/Leather [Outr:once, Unshakable]",Levy,,,Leather,Longbow,False,50,"Outrider: once,Unshakable",Random,2404,42893,8648,855,54800,0.0439,0.7827,0.9844,0.0531,2.14,16.50,-14.36,600,30000,80.13,9,26,Animal Husbandry|Caravanery|Carpentry|Cipher Chamber|Fletchery|Furnace|Outrider Intercept Post|Preceptory|Tannery
"Lev/Daggers/Leather [Outr:every, Unshakable]",Levy,Daggers,,Leather,,False,50,"Outrider: every,Unshakable",Random,68,42345,8110,4277,54800,0.0012,0.7727,0.9220,0.0016,2.67,27.07,-24.41,800,40000,1.70,9,26,Animal Husbandry|Caravanery|Cipher Chamber|Furnace|Outrider Intercept Post|Outrider Mastery|Preceptory|Tannery
"Lev/Daggers/Leather [Unshakable, Rend]",Levy,Daggers,,Leather,,False,50,"Rend,Unshakable",Random,12,55623,20734,781,77150,0.0002,0.7210,0.9899,0.0002,0.40,23.94,-23.54,600,30000,0.40,5,22,Animal Husbandry|Furnace|MWRend|Preceptory|Tannery
"Lev/ShortSword/Kite/Leather [Unshakable, Rend]",Levy,Short Sword,Kite Shield,Leather,,False,50,"Rend,Unshakable",Random,24,55587,20836,703,77150,0.0003,0.7205,0.9909,0.0004,0.38,26.79,-26.41,400,20000,1.20,7,22,Animal Husbandry|Carpentry|Furnace|Joinery|MWRend|Preceptory|Tannery
"Lev/Spears/Kite/Leather [Unshakable, Rend]",Levy,Spears,Kite Shield,Leather,,False,50,"Rend,Unshakable",Random,26,55571,20795,758,77150,0.0003,0.7203,0.9902,0.0005,0.42,22.48,-22.07,400,20000,1.30,7,22,Animal Husbandry|Carpentry|Furnace|Joinery|MWRend|Preceptory|Tannery
"Lev/Longbow/Leather [Unshakable, Rend]",Levy,,,Leather,Longbow,False,50,"Rend,Unshakable",Random,3671,53729,19017,733,77150,0.0476,0.6964,0.9905,0.0640,1.80,13.46,-11.66,400,20000,183.55,7,22,Animal Husbandry|Carpentry|Fletchery|Furnace|MWRend|Preceptory|Tannery
"MaA/Daggers+Longbow/Leather (TY) [ImmU, Rend, Unshakable, Cond+1]",Man-at-Arms,Daggers,,Leather,Longbow,True,50,"Cond Field,Immune Unwieldy,Rend,Unshakable",Random,27316,36706,12391,737,77150,0.3541,0.4758,0.9904,0.4267,9.12,11.75,-2.63,1400,70000,390.23,9,22,Animal Husbandry|Carpentry|Coliseum|Fletchery|Furnace|MWRend|Preceptory|Tannery|Tiltyard
"MaA/ShortSword+Longbow/Kite/Leather (TY) [ImmU, Rend, Unshakable, Cond+1]",Man-at-Arms,Short Sword,Kite Shield,Leather,Longbow,True,50,"Cond Field,Immune Unwieldy,Rend,Unshakable",Random,27941,34221,14227,761,77150,0.3622,0.4436,0.9901,0.4495,9.83,11.64,-1.81,1200,60000,465.68,10,22,Animal Husbandry|Carpentry|Coliseum|Fletchery|Furnace|Joinery|MWRend|Preceptory|Tannery|Tiltyard
"MaA/Spears+Longbow/Kite/Leather (TY) [ImmU, Rend, Unshakable, Cond+1]",Man-at-Arms,Spears,Kite Shield,Leather,Longbow,True,50,"Cond Field,Immune Unwieldy,Rend,Unshakable",Random,31409,31161,13811,769,77150,0.4071,0.4039,0.9900,0.5020,11.01,9.03,1.98,1200,60000,523.48,10,22,Animal Husbandry|Carpentry|Coliseum|Fletchery|Furnace|Joinery|MWRend|Preceptory|Tannery|Tiltyard
"Lev/Daggers/Cloth [Poison, Unshakable]",Levy,Daggers,,Cloth,,False,50,"Poison,Unshakable",Random,34,55622,20725,769,77150,0.0004,0.7210,0.9900,0.0006,0.41,23.75,-23.35,800,40000,0.85,5,19,Furnace|Levy Hall|Preceptory|Toxicarium
"Lev/Longbow/Cloth [Poison, Unshakable]",Levy,,,Cloth,Longbow,False,50,"Poison,Unshakable",Random,3861,53151,19379,759,77150,0.0500,0.6889,0.9902,0.0677,1.83,14.10,-12.27,800,40000,96.53,6,19,Carpentry|Fletchery|Furnace|Preceptory|Toxicarium
"Lev/Daggers/Cloth [Poison, Outr:once, Unshakable]",Levy,Daggers,,Cloth,,False,50,"Outrider: once,Poison,Unshakable",Random,41,45150,8650,959,54800,0.0007,0.8239,0.9825,0.0009,0.90,27.11,-26.21,1000,50000,0.82,7,26,Caravanery|Cipher Chamber|Furnace|Outrider Intercept Post|Preceptory|Toxicarium
"Lev/Longbow/Cloth [Poison, Outr:once, Unshakable]",Levy,,,Cloth,Longbow,False,50,"Outrider: once,Poison,Unshakable",Random,2646,42150,9111,893,54800,0.0483,0.7692,0.9837,0.0591,2.28,15.71,-13.42,800,40000,66.15,9,26,Caravanery|Carpentry|Cipher Chamber|Fletchery|Furnace|Outrider Intercept Post|Preceptory|Toxicarium
"Lev/Daggers/Cloth [Poison, Outr:every, Unshakable]",Levy,Daggers,,Cloth,,False,50,"Outrider: every,Poison,Unshakable",Random,210,42559,7951,4080,54800,0.0038,0.7766,0.9255,0.0049,2.67,25.57,-22.90,1000,50000,4.20,9,26,Caravanery|Cipher Chamber|Furnace|Outrider Intercept Post|Outrider Mastery|Preceptory|Toxicarium
"Lev/Daggers/Cloth [Poison, Unshakable, Rend]",Levy,Daggers,,Cloth,,False,50,"Poison,Rend,Unshakable",Random,31,55640,20701,778,77150,0.0004,0.7212,0.9899,0.0006,0.40,23.16,-22.75,800,40000,0.78,5,25,Furnace|MWRend|Preceptory|Toxicarium
"Lev/Longbow/Cloth [Poison, Unshakable, Rend]",Levy,,,Cloth,Longbow,False,50,"Poison,Rend,Unshakable",Random,3940,53188,19312,710,77150,0.0511,0.6894,0.9908,0.0690,1.84,12.85,-11.01,600,30000,131.33,7,25,Carpentry|Fletchery|Furnace|MWRend|Preceptory|Toxicarium
"Lev/Daggers/Leather [Poison, Unshakable]",Levy,Daggers,,Leather,,False,50,"Poison,Unshakable",Random,29,55569,20771,781,77150,0.0004,0.7203,0.9899,0.0005,0.42,23.62,-23.20,800,40000,0.72,6,19,Animal Husbandry|Furnace|Preceptory|Tannery|Toxicarium
"Lev/ShortSword/Kite/Leather [Poison, Unshakable]",Levy,Short Sword,Kite Shield,Leather,,False,50,"Poison,Unshakable",Random,59,55558,20741,792,77150,0.0008,0.7201,0.9897,0.0011,0.44,25.19,-24.76,600,30000,1.97,8,22,Animal Husbandry|Carpentry|Furnace|Joinery|Preceptory|Tannery|Toxicarium
"Lev/Spears/Kite/Leather [Poison, Unshakable]",Levy,Spears,Kite Shield,Leather,,False,50,"Poison,Unshakable",Random,61,55553,20791,745,77150,0.0008,0.7201,0.9903,0.0011,0.41,22.24,-21.83,600,30000,2.03,8,22,Animal Husbandry|Carpentry|Furnace|Joinery|Preceptory|Tannery|Toxicarium
"Lev/Longbow/Leather [Poison, Unshakable]",Levy,,,Leather,Longbow,False,50,"Poison,Unshakable",Random,3933,53089,19382,746,77150,0.0510,0.6881,0.9903,0.0690,1.91,13.91,-12.00,600,30000,131.10,8,19,Animal Husbandry|Carpentry|Fletchery|Furnace|Preceptory|Tannery|Toxicarium
"MaA/Daggers+Longbow/Leather (TY) [ImmU, Poison, Unshakable, Cond+1]",Man-at-Arms,Daggers,,Leather,Longbow,True,50,"Cond Field,Immune Unwieldy,Poison,Unshakable",Random,29906,34650,11844,750,77150,0.3876,0.4491,0.9903,0.4633,9.87,11.03,-1.16,1600,80000,373.82,10,19,Animal Husbandry|Carpentry|Coliseum|Fletchery|Furnace|Preceptory|Tannery|Tiltyard|Toxicarium
"Lev/Daggers/Leather [Poison, Outr:once, Unshakable]",Levy,Daggers,,Leather,,False,50,"Outrider: once,Poison,Unshakable",Random,29,45176,8659,936,54800,0.0005,0.8244,0.9829,0.0006,0.87,26.99,-26.12,800,40000,0.72,9,26,Animal Husbandry|Caravanery|Cipher Chamber|Furnace|Outrider Intercept Post|Preceptory|Tannery|Toxicarium
"Lev/Daggers/Leather [Poison, Unshakable, Rend]",Levy,Daggers,,Leather,,False,50,"Poison,Rend,Unshakable",Random,47,55609,20735,759,77150,0.0006,0.7208,0.9902,0.0008,0.41,23.01,-22.60,600,30000,1.57,7,25,Animal Husbandry|Furnace|MWRend|Preceptory|Tannery|Toxicarium
"Lev/ShortSword/Kite/Leather [Poison, Unshakable, Rend]",Levy,Short Sword,Kite Shield,Leather,,False,50,"Poison,Rend,Unshakable",Random,43,55540,20815,752,77150,0.0006,0.7199,0.9903,0.0008,0.41,24.64,-24.23,400,20000,2.15,9,25,Animal Husbandry|Carpentry|Furnace|Joinery|MWRend|Preceptory|Tannery|Toxicarium
"Lev/Spears/Kite/Leather [Poison, Unshakable, Rend]",Levy,Spears,Kite Shield,Leather,,False,50,"Poison,Rend,Unshakable",Random,62,55572,20767,749,77150,0.0008,0.7203,0.9903,0.0011,0.42,21.53,-21.11,400,20000,3.10,9,25,Animal Husbandry|Carpentry|Furnace|Joinery|MWRend|Preceptory|Tannery|Toxicarium
"Lev/Longbow/Leather [Poison, Unshakable, Rend]",Levy,,,Leather,Longbow,False,50,"Poison,Rend,Unshakable",Random,3853,53081,19469,747,77150,0.0499,0.6880,0.9903,0.0677,1.89,12.71,-10.83,400,20000,192.65,9,25,Animal Husbandry|Carpentry|Fletchery|Furnace|MWRend|Preceptory|Tannery|Toxicarium
"Lev/Daggers/Cloth [ApoHeal, Regen 5, Reroll, Unshakable]",Levy,Daggers,,Cloth,,False,50,"Apothecary Heal,Regenerate 5,Regenerate Reroll,Unshakable",Random,15,55382,21019,734,77150,0.0002,0.7178,0.9905,0.0003,0.44,21.76,-21.32,800,40000,0.38,5,16,Apothecary|Furnace|Hospitaller|Infirmary|Levy Hall|Preceptory
"Lev/Longbow/Cloth [ApoHeal, Regen 5, Reroll, Unshakable]",Levy,,,Cloth,Longbow,False,50,"Apothecary Heal,Regenerate 5,Regenerate Reroll,Unshakable",Random,3974,52566,19856,754,77150,0.0515,0.6813,0.9902,0.0703,2.45,12.13,-9.68,800,40000,99.35,6,16,Apothecary|Carpentry|Fletchery|Furnace|Hospitaller|Infirmary|Preceptory
"Lev/Daggers/Cloth [Outr:once, ApoHeal, Unshakable, Regen 5, Reroll]",Levy,Daggers,,Cloth,,False,50,"Apothecary Heal,Outrider: once,Regenerate 5,Regenerate Reroll,Unshakable",Random,18,45117,8729,936,54800,0.0003,0.8233,0.9829,0.0004,0.87,25.50,-24.63,1000,50000,0.36,7,26,Apothecary|Caravanery|Cipher Chamber|Furnace|Hospitaller|Infirmary|Outrider Intercept Post|Preceptory
"Lev/Longbow/Cloth [Outr:once, ApoHeal, Unshakable, Regen 5, Reroll]",Levy,,,Cloth,Longbow,False,50,"Apothecary Heal,Outrider: once,Regenerate 5,Regenerate Reroll,Unshakable",Random,2625,41844,9409,922,54800,0.0479,0.7636,0.9832,0.0590,2.74,14.22,-11.48,800,40000,65.62,9,26,Apothecary|Caravanery|Carpentry|Cipher Chamber|Fletchery|Furnace|Hospitaller|Infirmary|Outrider Intercept Post|Preceptory
"Lev/Daggers/Cloth [Outr:every, ApoHeal, Unshakable, Regen 5, Reroll]",Levy,Daggers,,Cloth,,False,50,"Apothecary Heal,Outrider: every,Regenerate 5,Regenerate Reroll,Unshakable",Random,67,42070,8115,4548,54800,0.0012,0.7677,0.9170,0.0016,3.46,24.93,-21.47,1000,50000,1.34,9,26,Apothecary|Caravanery|Cipher Chamber|Furnace|Hospitaller|Infirmary|Outrider Intercept Post|Outrider Mastery|Preceptory
"Lev/Daggers/Cloth [ApoHeal, Unshakable, Rend, Regen 5, Reroll]",Levy,Daggers,,Cloth,,False,50,"Apothecary Heal,Regenerate 5,Regenerate Reroll,Rend,Unshakable",Random,15,55393,21008,734,77150,0.0002,0.7180,0.9905,0.0003,0.43,21.10,-20.68,800,40000,0.38,5,22,Apothecary|Furnace|Hospitaller|Infirmary|MWRend|Preceptory
"Lev/Longbow/Cloth [ApoHeal, Unshakable, Rend, Regen 5, Reroll]",Levy,,,Cloth,Longbow,False,50,"Apothecary Heal,Regenerate 5,Regenerate Reroll,Rend,Unshakable",Random,4019,52579,19844,708,77150,0.0521,0.6815,0.9908,0.0710,2.45,10.88,-8.42,600,30000,133.97,7,22,Apothecary|Carpentry|Fletchery|Furnace|Hospitaller|Infirmary|MWRend|Preceptory
"Lev/Daggers/Leather [ApoHeal, Regen 5, Reroll, Unshakable]",Levy,Daggers,,Leather,,False,50,"Apothecary Heal,Regenerate 5,Regenerate Reroll,Unshakable",Random,15,55379,21003,753,77150,0.0002,0.7178,0.9902,0.0003,0.44,21.72,-21.28,800,40000,0.38,6,16,Animal Husbandry|Apothecary|Furnace|Hospitaller|Infirmary|Preceptory|Tannery
"Lev/ShortSword/Kite/Leather [ApoHeal, Regen 5, Reroll, Unshakable]",Levy,Short Sword,Kite Shield,Leather,,False,50,"Apothecary Heal,Regenerate 5,Regenerate Reroll,Unshakable",Random,27,55331,21028,764,77150,0.0003,0.7172,0.9901,0.0005,0.46,25.31,-24.85,600,30000,0.90,8,19,Animal Husbandry|Apothecary|Carpentry|Furnace|Hospitaller|Infirmary|Joinery|Preceptory|Tannery
"Lev/Spears/Kite/Leather [ApoHeal, Regen 5, Reroll, Unshakable]",Levy,Spears,Kite Shield,Leather,,False,50,"Apothecary Heal,Regenerate 5,Regenerate Reroll,Unshakable",Random,42,55351,20980,777,77150,0.0005,0.7174,0.9899,0.0008,0.48,20.79,-20.31,600,30000,1.40,8,19,Animal Husbandry|Apothecary|Carpentry|Furnace|Hospitaller|Infirmary|Joinery|Preceptory|Tannery
"Lev/Longbow/Leather [ApoHeal, Regen 5, Reroll, Unshakable]",Levy,,,Leather,Longbow,False,50,"Apothecary Heal,Regenerate 5,Regenerate Reroll,Unshakable",Random,3935,52487,19899,829,77150,0.0510,0.6803,0.9893,0.0697,2.49,12.15,-9.65,600,30000,131.17,8,16,Animal Husbandry|Apothecary|Carpentry|Fletchery|Furnace|Hospitaller|Infirmary|Preceptory|Tannery
"MaA/Daggers+Longbow/Leather (TY) [Cond+1, ApoHeal, Unshakable, ImmU, Regen 5, Reroll]",Man-at-Arms,Daggers,,Leather,Longbow,True,50,"Apothecary Heal,Cond Field,Immune Unwieldy,Regenerate 5,Regenerate Reroll,Unshakable",Random,44097,3598,28664,791,77150,0.5716,0.0466,0.9897,0.9246,18.12,0.89,17.23,1600,80000,551.21,10,16,Animal Husbandry|Apothecary|Carpentry|Coliseum|Fletchery|Furnace|Hospitaller|Infirmary|Preceptory|Tannery|Tiltyard
"Lev/Daggers/Leather [Outr:once, ApoHeal, Unshakable, Regen 5, Reroll]",Levy,Daggers,,Leather,,False,50,"Apothecary Heal,Outrider: once,Regenerate 5,Regenerate Reroll,Unshakable",Random,13,45136,8759,892,54800,0.0002,0.8236,0.9837,0.0003,0.82,25.43,-24.60,800,40000,0.33,9,26,Animal Husbandry|Apothecary|Caravanery|Cipher Chamber|Furnace|Hospitaller|Infirmary|Outrider Intercept Post|Preceptory|Tannery
"Lev/Daggers/Leather [ApoHeal, Unshakable, Rend, Regen 5, Reroll]",Levy,Daggers,,Leather,,False,50,"Apothecary Heal,Regenerate 5,Regenerate Reroll,Rend,Unshakable",Random,13,55358,21037,742,77150,0.0002,0.7175,0.9904,0.0002,0.43,21.12,-20.69,600,30000,0.43,7,22,Animal Husbandry|Apothecary|Furnace|Hospitaller|Infirmary|MWRend|Preceptory|Tannery
"Lev/ShortSword/Kite/Leather [ApoHeal, Unshakable, Rend, Regen 5, Reroll]",Levy,Short Sword,Kite Shield,Leather,,False,50,"Apothecary Heal,Regenerate 5,Regenerate Reroll,Rend,Unshakable",Random,28,55368,20944,810,77150,0.0004,0.7177,0.9895,0.0005,0.49,24.89,-24.41,400,20000,1.40,9,22,Animal Husbandry|Apothecary|Carpentry|Furnace|Hospitaller|Infirmary|Joinery|MWRend|Preceptory|Tannery
"Lev/Spears/Kite/Leather [ApoHeal, Unshakable, Rend, Regen 5, Reroll]",Levy,Spears,Kite Shield,Leather,,False,50,"Apothecary Heal,Regenerate 5,Regenerate Reroll,Rend,Unshakable",Random,33,55360,20964,793,77150,0.0004,0.7176,0.9897,0.0006,0.48,20.06,-19.58,400,20000,1.65,9,22,Animal Husbandry|Apothecary|Carpentry|Furnace|Hospitaller|Infirmary|Joinery|MWRend|Preceptory|Tannery
"Lev/Longbow/Leather [ApoHeal, Unshakable, Rend, Regen 5, Reroll]",Levy,,,Leather,Longbow,False,50,"Apothecary Heal,Regenerate 5,Regenerate Reroll,Rend,Unshakable",Random,4029,52516,19877,728,77150,0.0522,0.6807,0.9906,0.0713,2.49,10.87,-8.38,400,20000,201.45,9,22,Animal Husbandry|Apothecary|Carpentry|Fletchery|Furnace|Hospitaller|Infirmary|MWRend|Preceptory|Tannery
"Lev/Daggers/Cloth [Poison, ApoHeal, Unshakable, Regen 5, Reroll]",Levy,Daggers,,Cloth,,False,50,"Apothecary Heal,Poison,Regenerate 5,Regenerate Reroll,Unshakable",Random,40,55369,21013,728,77150,0.0005,0.7177,0.9906,0.0007,0.44,20.79,-20.35,1000,50000,0.80,6,19,Apothecary|Furnace|Hospitaller|Infirmary|Preceptory|Toxicarium
"Lev/Longbow/Cloth [Poison, ApoHeal, Unshakable, Regen 5, Reroll]",Levy,,,Cloth,Longbow,False,50,"Apothecary Heal,Poison,Regenerate 5,Regenerate Reroll,Unshakable",Random,4226,51727,20451,746,77150,0.0548,0.6705,0.9903,0.0755,2.58,11.42,-8.83,800,40000,105.65,8,19,Apothecary|Carpentry|Fletchery|Furnace|Hospitaller|Infirmary|Preceptory|Toxicarium
"Lev/Daggers/Cloth [Poison, Outr:once, ApoHeal, Unshakable, Regen 5, Reroll]",Levy,Daggers,,Cloth,,False,50,"Apothecary Heal,Outrider: once,Poison,Regenerate 5,Regenerate Reroll,Unshakable",Random,32,45108,8726,934,54800,0.0006,0.8231,0.9830,0.0007,0.87,24.30,-23.42,1000,50000,0.64,9,26,Apothecary|Caravanery|Cipher Chamber|Furnace|Hospitaller|Infirmary|Outrider Intercept Post|Preceptory|Toxicarium
"Lev/Daggers/Cloth [Poison, ApoHeal, Unshakable, Rend, Regen 5, Reroll]",Levy,Daggers,,Cloth,,False,50,"Apothecary Heal,Poison,Regenerate 5,Regenerate Reroll,Rend,Unshakable",Random,41,55381,21009,719,77150,0.0005,0.7178,0.9907,0.0007,0.44,20.16,-19.73,800,40000,1.02,7,25,Apothecary|Furnace|Hospitaller|Infirmary|MWRend|Preceptory|Toxicarium
"Lev/Longbow/Cloth [Poison, ApoHeal, Unshakable, Rend, Regen 5, Reroll]",Levy,,,Cloth,Longbow,False,50,"Apothecary Heal,Poison,Regenerate 5,Regenerate Reroll,Rend,Unshakable",Random,4152,51742,20486,770,77150,0.0538,0.6707,0.9900,0.0743,2.56,10.19,-7.64,600,30000,138.40,9,25,Apothecary|Carpentry|Fletchery|Furnace|Hospitaller|Infirmary|MWRend|Preceptory|Toxicarium
"Lev/Daggers/Leather [Poison, ApoHeal, Unshakable, Regen 5, Reroll]",Levy,Daggers,,Leather,,False,50,"Apothecary Heal,Poison,Regenerate 5,Regenerate Reroll,Unshakable",Random,38,55373,21000,739,77150,0.0005,0.7177,0.9904,0.0007,0.45,20.82,-20.37,800,40000,0.95,8,19,Animal Husbandry|Apothecary|Furnace|Hospitaller|Infirmary|Preceptory|Tannery|Toxicarium
"Lev/ShortSword/Kite/Leather [Poison, ApoHeal, Unshakable, Regen 5, Reroll]",Levy,Short Sword,Kite Shield,Leather,,False,50,"Apothecary Heal,Poison,Regenerate 5,Regenerate Reroll,Unshakable",Random,61,55340,21001,748,77150,0.0008,0.7173,0.9903,0.0011,0.47,23.02,-22.55,600,30000,2.03,10,22,Animal Husbandry|Apothecary|Carpentry|Furnace|Hospitaller|Infirmary|Joinery|Preceptory|Tannery|Toxicarium
"Lev/Spears/Kite/Leather [Poison, ApoHeal, Unshakable, Regen 5, Reroll]",Levy,Spears,Kite Shield,Leather,,False,50,"Apothecary Heal,Poison,Regenerate 5,Regenerate Reroll,Unshakable",Random,72,55357,20974,747,77150,0.0009,0.7175,0.9903,0.0013,0.48,19.85,-19.37,600,30000,2.40,10,22,Animal Husbandry|Apothecary|Carpentry|Furnace|Hospitaller|Infirmary|Joinery|Preceptory|Tannery|Toxicarium
"Lev/Longbow/Leather [Poison, ApoHeal, Unshakable, Regen 5, Reroll]",Levy,,,Leather,Longbow,False,50,"Apothecary Heal,Poison,Regenerate 5,Regenerate Reroll,Unshakable",Random,4085,51754,20570,741,77150,0.0529,0.6708,0.9904,0.0732,2.53,11.44,-8.91,600,30000,136.17,10,19,Animal Husbandry|Apothecary|Carpentry|Fletchery|Furnace|Hospitaller|Infirmary|Preceptory|Tannery|Toxicarium
"Lev/Daggers/Leather [Poison, ApoHeal, Unshakable, Rend, Regen 5, Reroll]",Levy,Daggers,,Leather,,False,50,"Apothecary Heal,Poison,Regenerate 5,Regenerate Reroll,Rend,Unshakable",Random,32,55337,20984,797,77150,0.0004,0.7173,0.9897,0.0006,0.48,20.16,-19.68,600,30000,1.07,9,25,Animal Husbandry|Apothecary|Furnace|Hospitaller|Infirmary|MWRend|Preceptory|Tannery|Toxicarium
MaA/Daggers/Leather [Cond+1],Man-at-Arms,Daggers,,Leather,,False,50,Cond Field,Random,38128,64460,15979,883,119450,0.3192,0.5396,0.9926,0.3717,5.96,16.88,-10.92,1600,80000,476.60,5,3,Animal Husbandry|Coliseum|Furnace|Levy Hall|Tannery
MaA/ShortSword/Kite/Leather [Cond+1],Man-at-Arms,Short Sword,Kite Shield,Leather,,False,50,Cond Field,Random,38771,60597,19179,903,119450,0.3246,0.5073,0.9924,0.3902,6.73,17.04,-10.31,1600,80000,484.64,6,6,Animal Husbandry|Carpentry|Coliseum|Furnace|Joinery|Tannery
MaA/Spears/Kite/Leather [Cond+1],Man-at-Arms,Spears,Kite Shield,Leather,,False,50,Cond Field,Random,40701,58260,19637,852,119450,0.3407,0.4877,0.9929,0.4113,7.07,13.66,-6.59,1600,80000,508.76,6,6,Animal Husbandry|Carpentry|Coliseum|Furnace|Joinery|Tannery
MaA/Longbow/Leather [Cond+1],Man-at-Arms,,,Leather,Longbow,False,50,Cond Field,Random,77324,31390,9929,807,119450,0.6473,0.2628,0.9932,0.7113,15.22,6.14,9.08,1600,80000,966.55,6,3,Animal Husbandry|Carpentry|Coliseum|Fletchery|Furnace|Tannery
"MaA/Daggers/Leather [Outr:once, Cond+1]",Man-at-Arms,Daggers,,Leather,,False,50,"Cond Field,Outrider: once",Random,22940,54862,14644,1604,94050,0.2439,0.5833,0.9829,0.2949,5.40,18.54,-13.13,1800,90000,254.89,7,13,Animal Husbandry|Caravanery|Cipher Chamber|Coliseum|Furnace|Outrider Intercept Post|Tannery
"MaA/ShortSword/Kite/Leather [Outr:once, Cond+1]",Man-at-Arms,Short Sword,Kite Shield,Leather,,False,50,"Cond Field,Outrider: once",Random,23622,51613,17248,1567,94050,0.2512,0.5488,0.9833,0.3140,5.87,18.76,-12.89,1600,80000,295.27,9,16,Animal Husbandry|Caravanery|Carpentry|Cipher Chamber|Coliseum|Furnace|Joinery|Outrider Intercept Post|Tannery
"MaA/Spears/Kite/Leather [Outr:once, Cond+1]",Man-at-Arms,Spears,Kite Shield,Leather,,False,50,"Cond Field,Outrider: once",Random,25571,49316,17631,1532,94050,0.2719,0.5244,0.9837,0.3415,6.24,14.95,-8.71,1600,80000,319.64,9,16,Animal Husbandry|Caravanery|Carpentry|Cipher Chamber|Coliseum|Furnace|Joinery|Outrider Intercept Post|Tannery
"MaA/Longbow/Leather [Outr:once, Cond+1]",Man-at-Arms,,,Leather,Longbow,False,50,"Cond Field,Outrider: once",Random,58920,24787,8832,1511,94050,0.6265,0.2636,0.9839,0.7039,15.98,6.85,9.13,1600,80000,736.50,9,13,Animal Husbandry|Caravanery|Carpentry|Cipher Chamber|Coliseum|Fletchery|Furnace|Outrider Intercept Post|Tannery
"MaA/Daggers/Leather [Outr:every, Cond+1]",Man-at-Arms,Daggers,,Leather,,False,50,"Cond Field,Outrider: every",Random,24892,44690,16274,8194,94050,0.2647,0.4752,0.9129,0.3577,8.01,16.94,-8.92,1800,90000,276.58,9,13,Animal Husbandry|Caravanery|Cipher Chamber|Coliseum|Furnace|Outrider Intercept Post|Outrider Mastery|Tannery
"MaA/Daggers/Leather [Rend, Cond+1]",Man-at-Arms,Daggers,,Leather,,False,50,"Cond Field,Rend",Random,38163,64342,16092,853,119450,0.3195,0.5387,0.9929,0.3723,6.00,16.29,-10.29,1600,80000,477.04,5,9,Animal Husbandry|Coliseum|Furnace|MWRend|Tannery
"MaA/ShortSword/Kite/Leather [Rend, Cond+1]",Man-at-Arms,Short Sword,Kite Shield,Leather,,False,50,"Cond Field,Rend",Random,38854,60487,19253,856,119450,0.3253,0.5064,0.9928,0.3911,6.78,16.56,-9.78,1400,70000,555.06,7,9,Animal Husbandry|Carpentry|Coliseum|Furnace|Joinery|MWRend|Tannery
"MaA/Spears/Kite/Leather [Rend, Cond+1]",Man-at-Arms,Spears,Kite Shield,Leather,,False,50,"Cond Field,Rend",Random,40614,58152,19743,941,119450,0.3400,0.4868,0.9921,0.4112,7.14,13.07,-5.93,1400,70000,580.20,7,9,Animal Husbandry|Carpentry|Coliseum|Furnace|Joinery|MWRend|Tannery
"MaA/Longbow/Leather [Rend, Cond+1]",Man-at-Arms,,,Leather,Longbow,False,50,"Cond Field,Rend",Random,78849,29163,10572,866,119450,0.6601,0.2441,0.9928,0.7300,15.67,4.80,10.86,1400,70000,1126.41,7,9,Animal Husbandry|Carpentry|Coliseum|Fletchery|Furnace|MWRend|Tannery
"MaA/Daggers/Leather [Outr:once, Rend, Cond+1]",Man-at-Arms,Daggers,,Leather,,False,50,"Cond Field,Outrider: once,Rend",Random,23106,54963,14428,1553,94050,0.2457,0.5844,0.9835,0.2960,5.44,17.93,-12.49,1600,80000,288.82,8,19,Animal Husbandry|Caravanery|Cipher Chamber|Coliseum|Furnace|MWRend|Outrider Intercept Post|Tannery
"MaA/ShortSword/Kite/Leather [Outr:once, Rend, Cond+1]",Man-at-Arms,Short Sword,Kite Shield,Leather,,False,50,"Cond Field,Outrider: once,Rend",Random,23640,51453,17355,1602,94050,0.2514,0.5471,0.9830,0.3148,5.93,18.19,-12.26,1400,70000,337.71,10,19,Animal Husbandry|Caravanery|Carpentry|Cipher Chamber|Coliseum|Furnace|Joinery|MWRend|Outrider Intercept Post|Tannery
"MaA/Spears/Kite/Leather [Outr:once, Rend, Cond+1]",Man-at-Arms,Spears,Kite Shield,Leather,,False,50,"Cond Field,Outrider: once,Rend",Random,25741,49098,17607,1604,94050,0.2737,0.5220,0.9829,0.3440,6.35,14.21,-7.86,1400,70000,367.73,10,19,Animal Husbandry|Caravanery|Carpentry|Cipher Chamber|Coliseum|Furnace|Joinery|MWRend|Outrider Intercept Post|Tannery
"MaA/Longbow/Leather [Outr:once, Rend, Cond+1]",Man-at-Arms,,,Leather,Longbow,False,50,"Cond Field,Outrider: once,Rend",Random,60575,22387,9504,1584,94050,0.6441,0.2380,0.9832,0.7302,16.50,5.23,11.27,1400,70000,865.36,10,19,Animal Husbandry|Caravanery|Carpentry|Cipher Chamber|Coliseum|Fletchery|Furnace|MWRend|Outrider Intercept Post|Tannery
"MaA/Daggers/Leather [Rend, Outr:every, Cond+1]",Man-at-Arms,Daggers,,Leather,,False,50,"Cond Field,Outrider: every,Rend",Random,24922,44947,15998,8183,94050,0.2650,0.4779,0.9130,0.3567,8.08,16.36,-8.28,1600,80000,311.52,10,19,Animal Husbandry|Caravanery|Cipher Chamber|Coliseum|Furnace|MWRend|Outrider Intercept Post|Outrider Mastery|Tannery
"MaA/Daggers/Leather [Poison, Cond+1]",Man-at-Arms,Daggers,,Leather,,False,50,"Cond Field,Poison",Random,39803,62557,16190,900,119450,0.3332,0.5237,0.9925,0.3889,6.37,15.17,-8.80,1800,90000,442.26,6,6,Animal Husbandry|Coliseum|Furnace|Tannery|Toxicarium
"MaA/ShortSword/Kite/Leather [Poison, Cond+1]",Man-at-Arms,Short Sword,Kite Shield,Leather,,False,50,"Cond Field,Poison",Random,41734,57892,18917,907,119450,0.3494,0.4847,0.9924,0.4189,7.29,14.53,-7.24,1600,80000,521.67,8,9,Animal Husbandry|Carpentry|Coliseum|Furnace|Joinery|Tannery|Toxicarium
"MaA/Spears/Kite/Leather [Poison, Cond+1]",Man-at-Arms,Spears,Kite Shield,Leather,,False,50,"Cond Field,Poison",Random,44812,54852,18926,860,119450,0.3752,0.4592,0.9928,0.4496,7.78,11.97,-4.20,1600,80000,560.15,8,9,Animal Husbandry|Carpentry|Coliseum|Furnace|Joinery|Tannery|Toxicarium
"MaA/Longbow/Leather [Poison, Cond+1]",Man-at-Arms,,,Leather,Longbow,False,50,"Cond Field,Poison",Random,81377,28174,9029,870,119450,0.6813,0.2359,0.9927,0.7428,16.53,5.54,10.99,1600,80000,1017.21,8,6,Animal Husbandry|Carpentry|Coliseum|Fletchery|Furnace|Tannery|Toxicarium
"MaA/Daggers/Leather [Poison, Outr:once, Cond+1]",Man-at-Arms,Daggers,,Leather,,False,50,"Cond Field,Outrider: once,Poison",Random,24884,53005,14622,1539,94050,0.2646,0.5636,0.9836,0.3195,5.80,16.51,-10.71,1800,90000,276.49,9,13,Animal Husbandry|Caravanery|Cipher Chamber|Coliseum|Furnace|Outrider Intercept Post|Tannery|Toxicarium
"MaA/Daggers/Leather [Poison, Rend, Cond+1]",Man-at-Arms,Daggers,,Leather,,False,50,"Cond Field,Poison,Rend",Random,39801,62461,16325,863,119450,0.3332,0.5229,0.9928,0.3892,6.44,14.50,-8.06,1600,80000,497.51,7,12,Animal Husbandry|Coliseum|Furnace|MWRend|Tannery|Toxicarium
"MaA/ShortSword/Kite/Leather [Poison, Cond+1, Rend]",Man-at-Arms,Short Sword,Kite Shield,Leather,,False,50,"Cond Field,Poison,Rend",Random,41858,57785,18970,837,119450,0.3504,0.4838,0.9930,0.4201,7.34,13.89,-6.55,1400,70000,597.97,9,12,Animal Husbandry|Carpentry|Coliseum|Furnace|Joinery|MWRend|Tannery|Toxicarium
"MaA/Spears/Kite/Leather [Poison, Cond+1, Rend]",Man-at-Arms,Spears,Kite Shield,Leather,,False,50,"Cond Field,Poison,Rend",Random,44871,54664,19056,859,119450,0.3756,0.4576,0.9928,0.4508,7.82,11.26,-3.44,1400,70000,641.01,9,12,Animal Husbandry|Carpentry|Coliseum|Furnace|Joinery|MWRend|Tannery|Toxicarium
"MaA/Longbow/Leather [Poison, Cond+1, Rend]",Man-at-Arms,,,Leather,Longbow,False,50,"Cond Field,Poison,Rend",Random,83594,25580,9460,816,119450,0.6998,0.2141,0.9932,0.7657,17.03,4.10,12.93,1400,70000,1194.20,9,12,Animal Husbandry|Carpentry|Coliseum|Fletchery|Furnace|MWRend|Tannery|Toxicarium
"MaA/Daggers/Leather [Poison, Outr:once, Rend, Cond+1]",Man-at-Arms,Daggers,,Leather,,False,50,"Cond Field,Outrider: once,Poison,Rend",Random,24801,53113,14555,1581,94050,0.2637,0.5647,0.9832,0.3183,5.86,15.78,-9.92,1600,80000,310.01,10,19,Animal Husbandry|Caravanery|Cipher Chamber|Coliseum|Furnace|MWRend|Outrider Intercept Post|Tannery|Toxicarium
"MaA/Daggers/Leather [ApoHeal, Regen 5, Reroll, Cond+1]",Man-at-Arms,Daggers,,Leather,,False,50,"Apothecary Heal,Cond Field,Regenerate 5,Regenerate Reroll",Random,59298,10623,48602,927,119450,0.4964,0.0889,0.9922,0.8481,11.82,2.01,9.80,1800,90000,658.87,6,9,Animal Husbandry|Apothecary|Coliseum|Furnace|Hospitaller|Infirmary|Tannery
"MaA/ShortSword/Kite/Leather [ApoHeal, Regen 5, Reroll, Cond+1]",Man-at-Arms,Short Sword,Kite Shield,Leather,,False,50,"Apothecary Heal,Cond Field,Regenerate 5,Regenerate Reroll",Random,60456,10031,48037,926,119450,0.5061,0.0840,0.9922,0.8577,12.44,2.30,10.14,1600,80000,755.70,8,12,Animal Husbandry|Apothecary|Carpentry|Coliseum|Furnace|Hospitaller|Infirmary|Joinery|Tannery
"MaA/Spears/Kite/Leather [ApoHeal, Regen 5, Reroll, Cond+1]",Man-at-Arms,Spears,Kite Shield,Leather,,False,50,"Apothecary Heal,Cond Field,Regenerate 5,Regenerate Reroll",Random,65487,8374,44701,888,119450,0.5482,0.0701,0.9926,0.8866,13.57,1.45,12.12,1600,80000,818.59,8,12,Animal Husbandry|Apothecary|Carpentry|Coliseum|Furnace|Hospitaller|Infirmary|Joinery|Tannery
"MaA/Longbow/Leather [ApoHeal, Regen 5, Reroll, Cond+1]",Man-at-Arms,,,Leather,Longbow,False,50,"Apothecary Heal,Cond Field,Regenerate 5,Regenerate Reroll",Random,97698,2199,18688,865,119450,0.8179,0.0184,0.9928,0.9780,26.26,0.54,25.72,1600,80000,1221.22,8,9,Animal Husbandry|Apothecary|Carpentry|Coliseum|Fletchery|Furnace|Hospitaller|Infirmary|Tannery
"MaA/Daggers/Leather [Outr:once, Cond+1, ApoHeal, Regen 5, Reroll]",Man-at-Arms,Daggers,,Leather,,False,50,"Apothecary Heal,Cond Field,Outrider: once,Regenerate 5,Regenerate Reroll",Random,40937,9588,41947,1578,94050,0.4353,0.1019,0.9832,0.8102,10.07,2.74,7.33,1800,90000,454.86,9,19,Animal Husbandry|Apothecary|Caravanery|Cipher Chamber|Coliseum|Furnace|Hospitaller|Infirmary|Outrider Intercept Post|Tannery
"MaA/Daggers/Leather [Cond+1, ApoHeal, Rend, Regen 5, Reroll]",Man-at-Arms,Daggers,,Leather,,False,50,"Apothecary Heal,Cond Field,Regenerate 5,Regenerate Reroll,Rend",Random,59339,10710,48461,940,119450,0.4968,0.0897,0.9921,0.8471,11.87,1.97,9.90,1600,80000,741.74,7,15,Animal Husbandry|Apothecary|Coliseum|Furnace|Hospitaller|Infirmary|MWRend|Tannery
"MaA/ShortSword/Kite/Leather [Cond+1, ApoHeal, Rend, Regen 5, Reroll]",Man-at-Arms,Short Sword,Kite Shield,Leather,,False,50,"Apothecary Heal,Cond Field,Regenerate 5,Regenerate Reroll,Rend",Random,60441,10003,48137,869,119450,0.5060,0.0837,0.9927,0.8580,12.43,2.21,10.22,1400,70000,863.44,9,15,Animal Husbandry|Apothecary|Carpentry|Coliseum|Furnace|Hospitaller|Infirmary|Joinery|MWRend|Tannery
"MaA/Spears/Kite/Leather [Cond+1, ApoHeal, Rend, Regen 5, Reroll]",Man-at-Arms,Spears,Kite Shield,Leather,,False,50,"Apothecary Heal,Cond Field,Regenerate 5,Regenerate Reroll,Rend",Random,65739,8281,44551,879,119450,0.5503,0.0693,0.9926,0.8881,13.66,1.36,12.30,1400,70000,939.13,9,15,Animal Husbandry|Apothecary|Carpentry|Coliseum|Furnace|Hospitaller|Infirmary|Joinery|MWRend|Tannery
"MaA/Longbow/Leather [Cond+1, ApoHeal, Rend, Regen 5, Reroll]",Man-at-Arms,,,Leather,Longbow,False,50,"Apothecary Heal,Cond Field,Regenerate 5,Regenerate Reroll,Rend",Random,101915,1456,15222,857,119450,0.8532,0.0122,0.9928,0.9859,27.40,0.41,26.98,1400,70000,1455.93,9,15,Animal Husbandry|Apothecary|Carpentry|Coliseum|Fletchery|Furnace|Hospitaller|Infirmary|MWRend|Tannery
"MaA/Daggers/Leather [Outr:once, Cond+1, ApoHeal, Rend, Regen 5, Reroll]",Man-at-Arms,Daggers,,Leather,,False,50,"Apothecary Heal,Cond Field,Outrider: once,Regenerate 5,Regenerate Reroll,Rend",Random,40847,9713,41900,1590,94050,0.4343,0.1033,0.9831,0.8079,10.11,2.72,7.39,1600,80000,510.59,10,25,Animal Husbandry|Apothecary|Caravanery|Cipher Chamber|Coliseum|Furnace|Hospitaller|Infirmary|MWRend|Outrider Intercept Post|Tannery
"MaA/Daggers/Leather [Poison, Cond+1, ApoHeal, Regen 5, Reroll]",Man-at-Arms,Daggers,,Leather,,False,50,"Apothecary Heal,Cond Field,Poison,Regenerate 5,Regenerate Reroll",Random,64521,9196,44809,924,119450,0.5402,0.0770,0.9923,0.8753,13.03,1.61,11.43,1800,90000,716.90,8,12,Animal Husbandry|Apothecary|Coliseum|Furnace|Hospitaller|Infirmary|Tannery|Toxicarium
"MaA/ShortSword/Kite/Leather [Poison, Cond+1, ApoHeal, Regen 5, Reroll]",Man-at-Arms,Short Sword,Kite Shield,Leather,,False,50,"Apothecary Heal,Cond Field,Poison,Regenerate 5,Regenerate Reroll",Random,68002,8325,42169,954,119450,0.5693,0.0697,0.9920,0.8909,14.20,1.71,12.48,1600,80000,850.02,10,15,Animal Husbandry|Apothecary|Carpentry|Coliseum|Furnace|Hospitaller|Infirmary|Joinery|Tannery|Toxicarium
"MaA/Spears/Kite/Leather [Poison, Cond+1, ApoHeal, Regen 5, Reroll]",Man-at-Arms,Spears,Kite Shield,Leather,,False,50,"Apothecary Heal,Cond Field,Poison,Regenerate 5,Regenerate Reroll",Random,73046,6760,38764,880,119450,0.6115,0.0566,0.9926,0.9153,15.53,1.15,14.38,1600,80000,913.08,10,15,Animal Husbandry|Apothecary|Carpentry|Coliseum|Furnace|Hospitaller|Infirmary|Joinery|Tannery|Toxicarium
"MaA/Longbow/Leather [Poison, Cond+1, ApoHeal, Regen 5, Reroll]",Man-at-Arms,,,Leather,Longbow,False,50,"Apothecary Heal,Cond Field,Poison,Regenerate 5,Regenerate Reroll",Random,99942,1820,16866,822,119450,0.8367,0.0152,0.9931,0.9821,27.59,0.47,27.13,1600,80000,1249.28,10,12,Animal Husbandry|Apothecary|Carpentry|Coliseum|Fletchery|Furnace|Hospitaller|Infirmary|Tannery|Toxicarium
"MaA/Daggers/Leather [Poison, Cond+1, ApoHeal, Rend, Regen 5, Reroll]",Man-at-Arms,Daggers,,Leather,,False,50,"Apothecary Heal,Cond Field,Poison,Regenerate 5,Regenerate Reroll,Rend",Random,64672,9178,44722,878,119450,0.5414,0.0768,0.9926,0.8757,13.10,1.50,11.60,1600,80000,808.40,9,18,Animal Husbandry|Apothecary|Coliseum|Furnace|Hospitaller|Infirmary|MWRend|Tannery|Toxicarium
"MaA/Daggers/Leather [Unshakable, Cond+1]",Man-at-Arms,Daggers,,Leather,,False,50,"Cond Field,Unshakable",Random,25191,39498,11718,743,77150,0.3265,0.5120,0.9904,0.3894,8.20,15.56,-7.36,1800,90000,279.90,5,16,Animal Husbandry|Coliseum|Furnace|Preceptory|Tannery
"MaA/ShortSword/Kite/Leather [Unshakable, Cond+1]",Man-at-Arms,Short Sword,Kite Shield,Leather,,False,50,"Cond Field,Unshakable",Random,25828,36579,13986,757,77150,0.3348,0.4741,0.9902,0.4139,8.97,15.44,-6.47,1600,80000,322.85,7,19,Animal Husbandry|Carpentry|Coliseum|Furnace|Joinery|Preceptory|Tannery
"MaA/Spears/Kite/Leather [Unshakable, Cond+1]",Man-at-Arms,Spears,Kite Shield,Leather,,False,50,"Cond Field,Unshakable",Random,27324,35059,14073,694,77150,0.3542,0.4544,0.9910,0.4380,9.46,12.31,-2.85,1600,80000,341.55,7,19,Animal Husbandry|Carpentry|Coliseum|Furnace|Joinery|Preceptory|Tannery
"MaA/Longbow/Leather [Unshakable, Cond+1]",Man-at-Arms,,,Leather,Longbow,False,50,"Cond Field,Unshakable",Random,51112,18719,6604,715,77150,0.6625,0.2426,0.9907,0.7319,17.58,5.58,12.00,1600,80000,638.90,7,16,Animal Husbandry|Carpentry|Coliseum|Fletchery|Furnace|Preceptory|Tannery
"MaA/Daggers/Leather [Outr:once, Unshakable, Cond+1]",Man-at-Arms,Daggers,,Leather,,False,50,"Cond Field,Outrider: once,Unshakable",Random,12672,31185,10062,881,54800,0.2312,0.5691,0.9839,0.2889,6.68,17.42,-10.74,1800,90000,140.80,8,26,Animal Husbandry|Caravanery|Cipher Chamber|Coliseum|Furnace|Outrider Intercept Post|Preceptory|Tannery
"MaA/Longbow/Leather [Outr:once, Unshakable, Cond+1]",Man-at-Arms,,,Leather,Longbow,False,50,"Cond Field,Outrider: once,Unshakable",Random,34270,14019,5601,910,54800,0.6254,0.2558,0.9834,0.7097,17.62,6.47,11.15,1600,80000,428.38,10,26,Animal Husbandry|Caravanery|Carpentry|Cipher Chamber|Coliseum|Fletchery|Furnace|Outrider Intercept Post|Preceptory|Tannery
"MaA/Daggers/Leather [Outr:every, Unshakable, Cond+1]",Man-at-Arms,Daggers,,Leather,,False,50,"Cond Field,Outrider: every,Unshakable",Random,14051,24974,10999,4776,54800,0.2564,0.4557,0.9128,0.3601,9.63,15.84,-6.21,1800,90000,156.12,10,26,Animal Husbandry|Caravanery|Cipher Chamber|Coliseum|Furnace|Outrider Intercept Post|Outrider Mastery|Preceptory|Tannery
"MaA/Daggers/Leather [Rend, Unshakable, Cond+1]",Man-at-Arms,Daggers,,Leather,,False,50,"Cond Field,Rend,Unshakable",Random,25156,39533,11724,737,77150,0.3261,0.5124,0.9904,0.3889,8.26,15.13,-6.88,1600,80000,314.45,6,22,Animal Husbandry|Coliseum|Furnace|MWRend|Preceptory|Tannery
"MaA/ShortSword/Kite/Leather [Cond+1, Unshakable, Rend]",Man-at-Arms,Short Sword,Kite Shield,Leather,,False,50,"Cond Field,Rend,Unshakable",Random,25741,36803,13886,720,77150,0.3336,0.4770,0.9907,0.4116,9.01,15.13,-6.12,1400,70000,367.73,8,22,Animal Husbandry|Carpentry|Coliseum|Furnace|Joinery|MWRend|Preceptory|Tannery
"MaA/Spears/Kite/Leather [Cond+1, Unshakable, Rend]",Man-at-Arms,Spears,Kite Shield,Leather,,False,50,"Cond Field,Rend,Unshakable",Random,27380,35229,13821,720,77150,0.3549,0.4566,0.9907,0.4373,9.58,11.87,-2.29,1400,70000,391.14,8,22,Animal Husbandry|Carpentry|Coliseum|Furnace|Joinery|MWRend|Preceptory|Tannery
"MaA/Longbow/Leather [Cond+1, Unshakable, Rend]",Man-at-Arms,,,Leather,Longbow,False,50,"Cond Field,Rend,Unshakable",Random,52420,17454,6562,714,77150,0.6795,0.2262,0.9907,0.7502,18.13,4.36,13.77,1400,70000,748.86,8,22,Animal Husbandry|Carpentry|Coliseum|Fletchery|Furnace|MWRend|Preceptory|Tannery
"MaA/Daggers/Leather [Poison, Unshakable, Cond+1]",Man-at-Arms,Daggers,,Leather,,False,50,"Cond Field,Poison,Unshakable",Random,26514,38220,11674,742,77150,0.3437,0.4954,0.9904,0.4096,8.72,13.96,-5.24,1800,90000,294.60,7,19,Animal Husbandry|Coliseum|Furnace|Preceptory|Tannery|Toxicarium
"MaA/ShortSword/Kite/Leather [Poison, Unshakable, Cond+1]",Man-at-Arms,Short Sword,Kite Shield,Leather,,False,50,"Cond Field,Poison,Unshakable",Random,28004,34979,13422,745,77150,0.3630,0.4534,0.9903,0.4446,9.64,13.17,-3.53,1600,80000,350.05,9,22,Animal Husbandry|Carpentry|Coliseum|Furnace|Joinery|Preceptory|Tannery|Toxicarium
"MaA/Spears/Kite/Leather [Poison, Unshakable, Cond+1]",Man-at-Arms,Spears,Kite Shield,Leather,,False,50,"Cond Field,Poison,Unshakable",Random,30283,32957,13161,749,77150,0.3925,0.4272,0.9903,0.4789,10.42,10.84,-0.42,1600,80000,378.54,9,22,Animal Husbandry|Carpentry|Coliseum|Furnace|Joinery|Preceptory|Tannery|Toxicarium
"MaA/Longbow/Leather [Poison, Unshakable, Cond+1]",Man-at-Arms,,,Leather,Longbow,False,50,"Cond Field,Poison,Unshakable",Random,53880,16728,5861,681,77150,0.6984,0.2168,0.9912,0.7631,18.78,5.00,13.78,1600,80000,673.50,9,19,Animal Husbandry|Carpentry|Coliseum|Fletchery|Furnace|Preceptory|Tannery|Toxicarium
"MaA/Daggers/Leather [Poison, Outr:once, Unshakable, Cond+1]",Man-at-Arms,Daggers,,Leather,,False,50,"Cond Field,Outrider: once,Poison,Unshakable",Random,13854,30071,9927,948,54800,0.2528,0.5487,0.9827,0.3154,7.26,15.54,-8.28,1800,90000,153.93,10,26,Animal Husbandry|Caravanery|Cipher Chamber|Coliseum|Furnace|Outrider Intercept Post|Preceptory|Tannery|Toxicarium
"MaA/Daggers/Leather [Poison, Cond+1, Unshakable, Rend]",Man-at-Arms,Daggers,,Leather,,False,50,"Cond Field,Poison,Rend,Unshakable",Random,26543,38091,11805,711,77150,0.3440,0.4937,0.9908,0.4107,8.74,13.37,-4.63,1600,80000,331.79,8,25,Animal Husbandry|Coliseum|Furnace|MWRend|Preceptory|Tannery|Toxicarium
"MaA/ShortSword/Kite/Leather [Poison, Rend, Unshakable, Cond+1]",Man-at-Arms,Short Sword,Kite Shield,Leather,,False,50,"Cond Field,Poison,Rend,Unshakable",Random,28122,34870,13374,784,77150,0.3645,0.4520,0.9898,0.4464,9.77,12.67,-2.91,1400,70000,401.74,10,25,Animal Husbandry|Carpentry|Coliseum|Furnace|Joinery|MWRend|Preceptory|Tannery|Toxicarium
"MaA/Spears/Kite/Leather [Poison, Rend, Unshakable, Cond+1]",Man-at-Arms,Spears,Kite Shield,Leather,,False,50,"Cond Field,Poison,Rend,Unshakable",Random,30247,32793,13367,743,77150,0.3921,0.4251,0.9904,0.4798,10.46,10.19,0.27,1400,70000,432.10,10,25,Animal Husbandry|Carpentry|Coliseum|Furnace|Joinery|MWRend|Preceptory|Tannery|Toxicarium
"MaA/Longbow/Leather [Poison, Rend, Unshakable, Cond+1]",Man-at-Arms,,,Leather,Longbow,False,50,"Cond Field,Poison,Rend,Unshakable",Random,55454,15135,5858,703,77150,0.7188,0.1962,0.9909,0.7856,19.43,3.74,15.68,1400,70000,792.20,10,25,Animal Husbandry|Carpentry|Coliseum|Fletchery|Furnace|MWRend|Preceptory|Tannery|Toxicarium
"MaA/Daggers/Leather [Cond+1, ApoHeal, Unshakable, Regen 5, Reroll]",Man-at-Arms,Daggers,,Leather,,False,50,"Apothecary Heal,Cond Field,Regenerate 5,Regenerate Reroll,Unshakable",Random,40197,4636,31509,808,77150,0.5210,0.0601,0.9895,0.8966,16.08,1.20,14.88,1800,90000,446.63,7,16,Animal Husbandry|Apothecary|Coliseum|Furnace|Hospitaller|Infirmary|Preceptory|Tannery
"MaA/ShortSword/Kite/Leather [Cond+1, ApoHeal, Unshakable, Regen 5, Reroll]",Man-at-Arms,Short Sword,Kite Shield,Leather,,False,50,"Apothecary Heal,Cond Field,Regenerate 5,Regenerate Reroll,Unshakable",Random,40588,4428,31383,751,77150,0.5261,0.0574,0.9903,0.9016,16.63,1.37,15.26,1600,80000,507.35,9,19,Animal Husbandry|Apothecary|Carpentry|Coliseum|Furnace|Hospitaller|Infirmary|Joinery|Preceptory|Tannery
"MaA/Spears/Kite/Leather [Cond+1, ApoHeal, Unshakable, Regen 5, Reroll]",Man-at-Arms,Spears,Kite Shield,Leather,,False,50,"Apothecary Heal,Cond Field,Regenerate 5,Regenerate Reroll,Unshakable",Random,44285,3457,28666,742,77150,0.5740,0.0448,0.9904,0.9276,18.47,0.84,17.63,1600,80000,553.56,9,19,Animal Husbandry|Apothecary|Carpentry|Coliseum|Furnace|Hospitaller|Infirmary|Joinery|Preceptory|Tannery
"MaA/Longbow/Leather [Cond+1, ApoHeal, Unshakable, Regen 5, Reroll]",Man-at-Arms,,,Leather,Longbow,False,50,"Apothecary Heal,Cond Field,Regenerate 5,Regenerate Reroll,Unshakable",Random,64384,447,11610,709,77150,0.8345,0.0058,0.9908,0.9931,30.35,0.41,29.94,1600,80000,804.80,9,16,Animal Husbandry|Apothecary|Carpentry|Coliseum|Fletchery|Furnace|Hospitaller|Infirmary|Preceptory|Tannery
"MaA/Daggers/Leather [Outr:once, Cond+1, ApoHeal, Unshakable, Regen 5, Reroll]",Man-at-Arms,Daggers,,Leather,,False,50,"Apothecary Heal,Cond Field,Outrider: once,Regenerate 5,Regenerate Reroll,Unshakable",Random,24403,4099,25401,897,54800,0.4453,0.0748,0.9836,0.8562,13.20,1.74,11.46,1800,90000,271.14,10,26,Animal Husbandry|Apothecary|Caravanery|Cipher Chamber|Coliseum|Furnace|Hospitaller|Infirmary|Outrider Intercept Post|Preceptory|Tannery
"MaA/Daggers/Leather [Cond+1, ApoHeal, Unshakable, Rend, Regen 5, Reroll]",Man-at-Arms,Daggers,,Leather,,False,50,"Apothecary Heal,Cond Field,Regenerate 5,Regenerate Reroll,Rend,Unshakable",Random,40210,4652,31474,814,77150,0.5212,0.0603,0.9894,0.8963,16.11,1.18,14.93,1600,80000,502.62,8,22,Animal Husbandry|Apothecary|Coliseum|Furnace|Hospitaller|Infirmary|MWRend|Preceptory|Tannery
"MaA/ShortSword/Kite/Leather [Cond+1, ApoHeal, Unshakable, Rend, Regen 5, Reroll]",Man-at-Arms,Short Sword,Kite Shield,Leather,,False,50,"Apothecary Heal,Cond Field,Regenerate 5,Regenerate Reroll,Rend,Unshakable",Random,40567,4455,31381,747,77150,0.5258,0.0577,0.9903,0.9010,16.69,1.34,15.35,1400,70000,579.53,10,22,Animal Husbandry|Apothecary|Carpentry|Coliseum|Furnace|Hospitaller|Infirmary|Joinery|MWRend|Preceptory|Tannery
"MaA/Spears/Kite/Leather [Cond+1, ApoHeal, Unshakable, Rend, Regen 5, Reroll]",Man-at-Arms,Spears,Kite Shield,Leather,,False,50,"Apothecary Heal,Cond Field,Regenerate 5,Regenerate Reroll,Rend,Unshakable",Random,44271,3521,28603,755,77150,0.5738,0.0456,0.9902,0.9263,18.55,0.83,17.72,1400,70000,632.44,10,22,Animal Husbandry|Apothecary|Carpentry|Coliseum|Furnace|Hospitaller|Infirmary|Joinery|MWRend|Preceptory|Tannery
"MaA/Longbow/Leather [Cond+1, ApoHeal, Unshakable, Rend, Regen 5, Reroll]",Man-at-Arms,,,Leather,Longbow,False,50,"Apothecary Heal,Cond Field,Regenerate 5,Regenerate Reroll,Rend,Unshakable",Random,67347,255,8864,684,77150,0.8729,0.0033,0.9911,0.9962,31.85,0.37,31.48,1400,70000,962.10,10,22,Animal Husbandry|Apothecary|Carpentry|Coliseum|Fletchery|Furnace|Hospitaller|Infirmary|MWRend|Preceptory|Tannery
"MaA/Daggers/Leather [Poison, Cond+1, ApoHeal, Unshakable, Regen 5, Reroll]",Man-at-Arms,Daggers,,Leather,,False,50,"Apothecary Heal,Cond Field,Poison,Regenerate 5,Regenerate Reroll,Unshakable",Random,43736,3918,28714,782,77150,0.5669,0.0508,0.9899,0.9178,17.75,0.96,16.78,1800,90000,485.96,9,19,Animal Husbandry|Apothecary|Coliseum|Furnace|Hospitaller|Infirmary|Preceptory|Tannery|Toxicarium
"MaA/Daggers/Leather [Poison, Cond+1, ApoHeal, Unshakable, Rend, Regen 5, Reroll]",Man-at-Arms,Daggers,,Leather,,False,50,"Apothecary Heal,Cond Field,Poison,Regenerate 5,Regenerate Reroll,Rend,Unshakable",Random,43853,3849,28683,765,77150,0.5684,0.0499,0.9901,0.9193,17.87,0.91,16.96,1600,80000,548.16,10,25,Animal Husbandry|Apothecary|Coliseum|Furnace|Hospitaller|Infirmary|MWRend|Preceptory|Tannery|Toxicarium
Lev/Pike/Cloth [Outr:once],Levy,Pike,,Cloth,,False,50,Outrider: once,Random,53,76200,16192,1605,94050,0.0006,0.8102,0.9829,0.0007,0.86,27.91,-27.05,800,40000,1.32,5,16,Blacksmith|Caravanery|Cipher Chamber|Levy Hall|Outrider Intercept Post
Lev/Halberd/Cloth [Outr:once],Levy,Halberd,,Cloth,,False,50,Outrider: once,Random,59,76184,16179,1628,94050,0.0006,0.8100,0.9827,0.0008,0.87,29.39,-28.52,800,40000,1.48,5,16,Blacksmith|Caravanery|Cipher Chamber|Levy Hall|Outrider Intercept Post
Lev/BattleAxe/Cloth [Outr:once],Levy,Battle Axe,,Cloth,,False,50,Outrider: once,Random,15,76315,16233,1487,94050,0.0002,0.8114,0.9842,0.0002,0.79,28.53,-27.74,800,40000,0.38,5,16,Blacksmith|Caravanery|Cipher Chamber|Levy Hall|Outrider Intercept Post
Lev/Pike/Cloth [Outr:every],Levy,Pike,,Cloth,,False,50,Outrider: every,Random,316,71382,15384,6968,94050,0.0034,0.7590,0.9259,0.0044,2.41,26.02,-23.61,1000,50000,6.32,6,13,Blacksmith|Caravanery|Cipher Chamber|Outrider Intercept Post|Outrider Mastery
Lev/Halberd/Cloth [Outr:every],Levy,Halberd,,Cloth,,False,50,Outrider: every,Random,420,71423,15268,6939,94050,0.0045,0.7594,0.9262,0.0058,2.41,27.28,-24.88,1000,50000,8.40,6,13,Blacksmith|Caravanery|Cipher Chamber|Outrider Intercept Post|Outrider Mastery
Lev/BattleAxe/Cloth [Outr:every],Levy,Battle Axe,,Cloth,,False,50,Outrider: every,Random,104,71350,15614,6982,94050,0.0011,0.7586,0.9258,0.0015,2.38,26.07,-23.69,1000,50000,2.08,6,13,Blacksmith|Caravanery|Cipher Chamber|Outrider Intercept Post|Outrider Mastery
Lev/Pike/Cloth [Rend],Levy,Pike,,Cloth,,False,50,Rend,Random,42,89068,29510,830,119450,0.0004,0.7457,0.9931,0.0005,0.26,24.97,-24.72,600,30000,1.40,5,9,Blacksmith|Carpentry|Joinery|Levy Hall|MWRend
Lev/Halberd/Cloth [Rend],Levy,Halberd,,Cloth,,False,50,Rend,Random,68,89107,29396,879,119450,0.0006,0.7460,0.9926,0.0008,0.28,26.56,-26.28,600,30000,2.27,5,9,Blacksmith|Carpentry|Joinery|Levy Hall|MWRend
Lev/BattleAxe/Cloth [Rend],Levy,Battle Axe,,Cloth,,False,50,Rend,Random,13,89059,29498,880,119450,0.0001,0.7456,0.9926,0.0001,0.27,26.04,-25.77,600,30000,0.43,5,9,Blacksmith|Carpentry|Joinery|Levy Hall|MWRend
"Lev/Pike/Cloth [Outr:once, Rend]",Levy,Pike,,Cloth,,False,50,"Outrider: once,Rend",Random,44,76291,16173,1542,94050,0.0005,0.8112,0.9836,0.0006,0.83,27.09,-26.27,800,40000,1.10,5,16,Blacksmith|Caravanery|Cipher Chamber|MWRend|Outrider Intercept Post
"Lev/Halberd/Cloth [Outr:once, Rend]",Levy,Halberd,,Cloth,,False,50,"Outrider: once,Rend",Random,59,76212,16200,1579,94050,0.0006,0.8103,0.9832,0.0008,0.85,28.60,-27.75,800,40000,1.48,5,16,Blacksmith|Caravanery|Cipher Chamber|MWRend|Outrider Intercept Post
"Lev/BattleAxe/Cloth [Outr:once, Rend]",Levy,Battle Axe,,Cloth,,False,50,"Outrider: once,Rend",Random,20,76262,16128,1640,94050,0.0002,0.8109,0.9826,0.0003,0.87,27.77,-26.89,800,40000,0.50,5,16,Blacksmith|Caravanery|Cipher Chamber|MWRend|Outrider Intercept Post
"Lev/Pike/Cloth [Outr:every, Rend]",Levy,Pike,,Cloth,,False,50,"Outrider: every,Rend",Random,310,71578,15274,6888,94050,0.0033,0.7611,0.9268,0.0043,2.37,25.06,-22.69,800,40000,7.75,7,16,Blacksmith|Caravanery|Cipher Chamber|MWRend|Outrider Intercept Post|Outrider Mastery
"Lev/Halberd/Cloth [Outr:every, Rend]",Levy,Halberd,,Cloth,,False,50,"Outrider: every,Rend",Random,414,71360,15241,7035,94050,0.0044,0.7587,0.9252,0.0058,2.44,26.39,-23.95,800,40000,10.35,7,16,Blacksmith|Caravanery|Cipher Chamber|MWRend|Outrider Intercept Post|Outrider Mastery
"Lev/BattleAxe/Cloth [Outr:every, Rend]",Levy,Battle Axe,,Cloth,,False,50,"Outrider: every,Rend",Random,91,71419,15648,6892,94050,0.0010,0.7594,0.9267,0.0013,2.36,25.07,-22.71,800,40000,2.27,7,16,Blacksmith|Caravanery|Cipher Chamber|MWRend|Outrider Intercept Post|Outrider Mastery
Lev/Arming/Scutum/Chain,Levy,Arming Sword,Scutum Shield,Chainmail,,False,50,,Random,1118,86024,31406,902,119450,0.0094,0.7202,0.9924,0.0128,0.49,25.18,-24.69,400,20000,55.90,5,3,Animal Husbandry|Armory|Blacksmith|Carpentry|Joinery|Tannery
Lev/Pike/Chain,Levy,Pike,,Chainmail,,False,50,,Random,51,88013,30557,829,119450,0.0004,0.7368,0.9931,0.0006,0.27,25.04,-24.77,600,30000,1.70,5,3,Animal Husbandry|Armory|Blacksmith|Carpentry|Joinery|Tannery
Lev/Flail/Scutum/Chain,Levy,Flail,Scutum Shield,Chainmail,,False,50,,Random,2622,85667,30259,902,119450,0.0220,0.7172,0.9924,0.0297,0.74,22.35,-21.61,400,20000,131.10,5,3,Animal Husbandry|Armory|Blacksmith|Carpentry|Joinery|Tannery
Lev/Halberd/Chain,Levy,Halberd,,Chainmail,,False,50,,Random,68,88089,30437,856,119450,0.0006,0.7375,0.9928,0.0008,0.28,26.48,-26.20,600,30000,2.27,5,3,Animal Husbandry|Armory|Blacksmith|Carpentry|Joinery|Tannery
Lev/BattleAxe/Chain,Levy,Battle Axe,,Chainmail,,False,50,,Random,11,88125,30477,837,119450,0.0001,0.7378,0.9930,0.0001,0.26,25.94,-25.68,600,30000,0.37,5,3,Animal Husbandry|Armory|Blacksmith|Carpentry|Joinery|Tannery
Lev/HuntBow/Chain,Levy,,,Chainmail,Hunting Bow,False,50,,Random,21,88100,30478,851,119450,0.0002,0.7375,0.9929,0.0002,0.27,29.51,-29.24,400,20000,1.05,5,3,Animal Husbandry|Armory|Blacksmith|Carpentry|Fletchery|Tannery
Lev/Longbow/Chain,Levy,,,Chainmail,Longbow,False,50,,Random,3439,86598,28554,859,119450,0.0288,0.7250,0.9928,0.0382,0.69,17.30,-16.61,400,20000,171.95,5,3,Animal Husbandry|Armory|Blacksmith|Carpentry|Fletchery|Tannery
"MaA/Pike+Longbow/Chain (TY) [ImmU, Cond+1]",Man-at-Arms,Pike,,Chainmail,Longbow,True,50,"Cond Field,Immune Unwieldy",Random,51932,48098,18542,878,119450,0.4348,0.4027,0.9926,0.5192,9.20,9.69,-0.49,1400,70000,741.89,7,9,Animal Husbandry|Armory|Blacksmith|Carpentry|Coliseum|Fletchery|Tannery|Tiltyard
"MaA/Pike+Javelin/Chain (TY) [ImmU, Cond+1]",Man-at-Arms,Pike,,Chainmail,Javelin,True,50,"Cond Field,Immune Unwieldy",Random,46458,52753,19388,851,119450,0.3889,0.4416,0.9929,0.4683,8.06,11.11,-3.05,1400,70000,663.69,7,9,Animal Husbandry|Armory|Blacksmith|Carpentry|Coliseum|Fletchery|Tannery|Tiltyard
"MaA/Halberd+Longbow/Chain (TY) [ImmU, Cond+1]",Man-at-Arms,Halberd,,Chainmail,Longbow,True,50,"Cond Field,Immune Unwieldy",Random,51026,49964,17571,889,119450,0.4272,0.4183,0.9926,0.5053,9.01,10.72,-1.70,1400,70000,728.94,7,9,Animal Husbandry|Armory|Blacksmith|Carpentry|Coliseum|Fletchery|Tannery|Tiltyard
"MaA/Halberd+Javelin/Chain (TY) [ImmU, Cond+1]",Man-at-Arms,Halberd,,Chainmail,Javelin,True,50,"Cond Field,Immune Unwieldy",Random,46595,54004,17959,892,119450,0.3901,0.4521,0.9925,0.4632,8.01,12.19,-4.18,1400,70000,665.64,7,9,Animal Husbandry|Armory|Blacksmith|Carpentry|Coliseum|Fletchery|Tannery|Tiltyard
"MaA/BattleAxe+Longbow/Chain (TY) [ImmU, Cond+1]",Man-at-Arms,Battle Axe,,Chainmail,Longbow,True,50,"Cond Field,Immune Unwieldy",Random,45657,53310,19529,954,119450,0.3822,0.4463,0.9920,0.4613,7.79,11.65,-3.86,1400,70000,652.24,7,9,Animal Husbandry|Armory|Blacksmith|Carpentry|Coliseum|Fletchery|Tannery|Tiltyard
"MaA/BattleAxe+Javelin/Chain (TY) [ImmU, Cond+1]",Man-at-Arms,Battle Axe,,Chainmail,Javelin,True,50,"Cond Field,Immune Unwieldy",Random,42358,56569,19650,873,119450,0.3546,0.4736,0.9927,0.4282,7.11,13.14,-6.02,1400,70000,605.11,7,9,Animal Husbandry|Armory|Blacksmith|Carpentry|Coliseum|Fletchery|Tannery|Tiltyard
"MaA/Arming+Longbow/Scutum/Chain (TY) [ImmU, Cond+1]",Man-at-Arms,Arming Sword,Scutum Shield,Chainmail,Longbow,True,50,"Cond Field,Immune Unwieldy",Random,61481,23159,33958,852,119450,0.5147,0.1939,0.9929,0.7264,12.88,5.03,7.85,1200,60000,1024.68,8,9,Animal Husbandry|Armory|Blacksmith|Carpentry|Coliseum|Fletchery|Joinery|Tannery|Tiltyard
"MaA/Arming+Javelin/Scutum/Chain (TY) [ImmU, Cond+1]",Man-at-Arms,Arming Sword,Scutum Shield,Chainmail,Javelin,True,50,"Cond Field,Immune Unwieldy",Random,57543,25198,35851,858,119450,0.4817,0.2110,0.9928,0.6955,11.99,5.72,6.26,1200,60000,959.05,8,9,Animal Husbandry|Armory|Blacksmith|Carpentry|Coliseum|Fletchery|Joinery|Tannery|Tiltyard
"MaA/Flail+Longbow/Scutum/Chain (TY) [ImmU, Cond+1]",Man-at-Arms,Flail,Scutum Shield,Chainmail,Longbow,True,50,"Cond Field,Immune Unwieldy",Random,69789,19566,29244,851,119450,0.5843,0.1638,0.9929,0.7810,14.98,4.03,10.94,1200,60000,1163.15,8,9,Animal Husbandry|Armory|Blacksmith|Carpentry|Coliseum|Fletchery|Joinery|Tannery|Tiltyard
"MaA/Flail+Javelin/Scutum/Chain (TY) [ImmU, Cond+1]",Man-at-Arms,Flail,Scutum Shield,Chainmail,Javelin,True,50,"Cond Field,Immune Unwieldy",Random,65641,22055,30895,859,119450,0.5495,0.1846,0.9928,0.7485,13.72,4.68,9.04,1200,60000,1094.02,8,9,Animal Husbandry|Armory|Blacksmith|Carpentry|Coliseum|Fletchery|Joinery|Tannery|Tiltyard
"MaA/Pike+Longbow/Chain (TY) [Drilled, Nimble, Cond+1, ImmU, Immune Strain]",Man-at-Arms,Pike,,Chainmail,Longbow,True,50,"Cond Field,Drilled,Immune Strain,Immune Unwieldy,Nimble",Random,66348,41231,5834,887,114300,0.5805,0.3607,0.9922,0.6167,12.97,9.09,3.87,1400,70000,947.83,9,13,Animal Husbandry|Armory|Blacksmith|Carpentry|Coliseum|Fletchery|Royal Pavilion|Tannery|Tiltyard
"MaA/Pike+Javelin/Chain (TY) [Drilled, Nimble, Cond+1, ImmU, Immune Strain]",Man-at-Arms,Pike,,Chainmail,Javelin,True,50,"Cond Field,Drilled,Immune Strain,Immune Unwieldy,Nimble",Random,62294,45199,5944,863,114300,0.5450,0.3954,0.9924,0.5795,11.85,10.36,1.50,1400,70000,889.91,9,13,Animal Husbandry|Armory|Blacksmith|Carpentry|Coliseum|Fletchery|Royal Pavilion|Tannery|Tiltyard
"MaA/Halberd+Longbow/Chain (TY) [Drilled, Nimble, Cond+1, ImmU, Immune Strain]",Man-at-Arms,Halberd,,Chainmail,Longbow,True,50,"Cond Field,Drilled,Immune Strain,Immune Unwieldy,Nimble",Random,64239,43293,5902,866,114300,0.5620,0.3788,0.9924,0.5974,12.57,10.14,2.43,1400,70000,917.70,9,13,Animal Husbandry|Armory|Blacksmith|Carpentry|Coliseum|Fletchery|Royal Pavilion|Tannery|Tiltyard
"MaA/Halberd+Javelin/Chain (TY) [Drilled, Nimble, Cond+1, ImmU, Immune Strain]",Man-at-Arms,Halberd,,Chainmail,Javelin,True,50,"Cond Field,Drilled,Immune Strain,Immune Unwieldy,Nimble",Random,60696,46436,6273,895,114300,0.5310,0.4063,0.9922,0.5666,11.62,11.36,0.25,1400,70000,867.09,9,13,Animal Husbandry|Armory|Blacksmith|Carpentry|Coliseum|Fletchery|Royal Pavilion|Tannery|Tiltyard
"MaA/BattleAxe+Longbow/Chain (TY) [Drilled, Nimble, Cond+1, ImmU, Immune Strain]",Man-at-Arms,Battle Axe,,Chainmail,Longbow,True,50,"Cond Field,Drilled,Immune Strain,Immune Unwieldy,Nimble",Random,61237,45515,6699,849,114300,0.5358,0.3982,0.9926,0.5736,11.55,10.87,0.68,1400,70000,874.81,9,13,Animal Husbandry|Armory|Blacksmith|Carpentry|Coliseum|Fletchery|Royal Pavilion|Tannery|Tiltyard
"MaA/BattleAxe+Javelin/Chain (TY) [Drilled, Nimble, Cond+1, ImmU, Immune Strain]",Man-at-Arms,Battle Axe,,Chainmail,Javelin,True,50,"Cond Field,Drilled,Immune Strain,Immune Unwieldy,Nimble",Random,58224,48331,6871,874,114300,0.5094,0.4228,0.9924,0.5464,10.83,12.20,-1.37,1400,70000,831.77,9,13,Animal Husbandry|Armory|Blacksmith|Carpentry|Coliseum|Fletchery|Royal Pavilion|Tannery|Tiltyard
"MaA/Arming+Longbow/Scutum/Chain (TY) [Drilled, Nimble, Cond+1, ImmU, Immune Strain]",Man-at-Arms,Arming Sword,Scutum Shield,Chainmail,Longbow,True,50,"Cond Field,Drilled,Immune Strain,Immune Unwieldy,Nimble",Random,91903,16719,4820,858,114300,0.8041,0.1463,0.9925,0.8461,18.72,4.20,14.52,1200,60000,1531.72,10,13,Animal Husbandry|Armory|Blacksmith|Carpentry|Coliseum|Fletchery|Joinery|Royal Pavilion|Tannery|Tiltyard
"MaA/Arming+Javelin/Scutum/Chain (TY) [Drilled, Nimble, Cond+1, ImmU, Immune Strain]",Man-at-Arms,Arming Sword,Scutum Shield,Chainmail,Javelin,True,50,"Cond Field,Drilled,Immune Strain,Immune Unwieldy,Nimble",Random,89667,18486,5238,909,114300,0.7845,0.1617,0.9920,0.8291,17.90,4.81,13.09,1200,60000,1494.45,10,13,Animal Husbandry|Armory|Blacksmith|Carpentry|Coliseum|Fletchery|Joinery|Royal Pavilion|Tannery|Tiltyard
"MaA/Flail+Longbow/Scutum/Chain (TY) [Drilled, Nimble, Cond+1, ImmU, Immune Strain]",Man-at-Arms,Flail,Scutum Shield,Chainmail,Longbow,True,50,"Cond Field,Drilled,Immune Strain,Immune Unwieldy,Nimble",Random,94781,14713,3936,870,114300,0.8292,0.1287,0.9924,0.8656,20.41,3.53,16.88,1200,60000,1579.68,10,13,Animal Husbandry|Armory|Blacksmith|Carpentry|Coliseum|Fletchery|Joinery|Royal Pavilion|Tannery|Tiltyard
"MaA/Flail+Javelin/Scutum/Chain (TY) [Drilled, Nimble, Cond+1, ImmU, Immune Strain]",Man-at-Arms,Flail,Scutum Shield,Chainmail,Javelin,True,50,"Cond Field,Drilled,Immune Strain,Immune Unwieldy,Nimble",Random,92708,16384,4341,867,114300,0.8111,0.1433,0.9924,0.8498,19.37,4.00,15.37,1200,60000,1545.13,10,13,Animal Husbandry|Armory|Blacksmith|Carpentry|Coliseum|Fletchery|Joinery|Royal Pavilion|Tannery|Tiltyard
Lev/Pike/Chain [Outr:once],Levy,Pike,,Chainmail,,False,50,Outrider: once,Random,54,75906,16535,1555,94050,0.0006,0.8071,0.9835,0.0007,0.84,27.46,-26.62,600,30000,1.80,6,13,Animal Husbandry|Armory|Blacksmith|Caravanery|Cipher Chamber|Outrider Intercept Post|Tannery
Lev/Halberd/Chain [Outr:once],Levy,Halberd,,Chainmail,,False,50,Outrider: once,Random,87,75792,16567,1604,94050,0.0009,0.8059,0.9829,0.0011,0.87,28.84,-27.98,600,30000,2.90,6,13,Animal Husbandry|Armory|Blacksmith|Caravanery|Cipher Chamber|Outrider Intercept Post|Tannery
Lev/BattleAxe/Chain [Outr:once],Levy,Battle Axe,,Chainmail,,False,50,Outrider: once,Random,20,75874,16598,1558,94050,0.0002,0.8067,0.9834,0.0003,0.83,27.91,-27.07,600,30000,0.67,6,13,Animal Husbandry|Armory|Blacksmith|Caravanery|Cipher Chamber|Outrider Intercept Post|Tannery
Lev/Arming/Scutum/Chain [Outr:once],Levy,Arming Sword,Scutum Shield,Chainmail,,False,50,Outrider: once,Random,697,74898,16805,1650,94050,0.0074,0.7964,0.9825,0.0092,1.03,28.24,-27.21,400,20000,34.85,8,13,Animal Husbandry|Armory|Blacksmith|Caravanery|Carpentry|Cipher Chamber|Joinery|Outrider Intercept Post|Tannery
Lev/Flail/Scutum/Chain [Outr:once],Levy,Flail,Scutum Shield,Chainmail,,False,50,Outrider: once,Random,1579,74473,16424,1574,94050,0.0168,0.7918,0.9833,0.0208,1.17,24.92,-23.74,400,20000,78.95,8,13,Animal Husbandry|Armory|Blacksmith|Caravanery|Carpentry|Cipher Chamber|Joinery|Outrider Intercept Post|Tannery
Lev/HuntBow/Chain [Outr:once],Levy,,,Chainmail,Hunting Bow,False,50,Outrider: once,Random,14,75864,16605,1567,94050,0.0001,0.8066,0.9833,0.0002,0.84,32.64,-31.80,400,20000,0.70,8,13,Animal Husbandry|Armory|Blacksmith|Caravanery|Carpentry|Cipher Chamber|Fletchery|Outrider Intercept Post|Tannery
Lev/Longbow/Chain [Outr:once],Levy,,,Chainmail,Longbow,False,50,Outrider: once,Random,2555,74047,15836,1612,94050,0.0272,0.7873,0.9829,0.0334,1.27,18.72,-17.45,400,20000,127.75,8,13,Animal Husbandry|Armory|Blacksmith|Caravanery|Carpentry|Cipher Chamber|Fletchery|Outrider Intercept Post|Tannery
"MaA/Pike+Longbow/Chain (TY) [ImmU, Outr:once, Cond+1]",Man-at-Arms,Pike,,Chainmail,Longbow,True,50,"Cond Field,Immune Unwieldy,Outrider: once",Random,37122,38685,16712,1531,94050,0.3947,0.4113,0.9837,0.4897,8.80,10.28,-1.48,1400,70000,530.31,10,19,Animal Husbandry|Armory|Blacksmith|Caravanery|Carpentry|Cipher Chamber|Coliseum|Fletchery|Outrider Intercept Post|Tannery|Tiltyard
"MaA/Pike+Javelin/Chain (TY) [ImmU, Outr:once, Cond+1]",Man-at-Arms,Pike,,Chainmail,Javelin,True,50,"Cond Field,Immune Unwieldy,Outrider: once",Random,31850,43211,17450,1539,94050,0.3386,0.4594,0.9836,0.4243,7.51,11.82,-4.32,1400,70000,455.00,10,19,Animal Husbandry|Armory|Blacksmith|Caravanery|Carpentry|Cipher Chamber|Coliseum|Fletchery|Outrider Intercept Post|Tannery|Tiltyard
"MaA/Halberd+Longbow/Chain (TY) [ImmU, Outr:once, Cond+1]",Man-at-Arms,Halberd,,Chainmail,Longbow,True,50,"Cond Field,Immune Unwieldy,Outrider: once",Random,36138,40787,15518,1607,94050,0.3842,0.4337,0.9829,0.4698,8.67,11.51,-2.84,1400,70000,516.26,10,19,Animal Husbandry|Armory|Blacksmith|Caravanery|Carpentry|Cipher Chamber|Coliseum|Fletchery|Outrider Intercept Post|Tannery|Tiltyard
"MaA/Halberd+Javelin/Chain (TY) [ImmU, Outr:once, Cond+1]",Man-at-Arms,Halberd,,Chainmail,Javelin,True,50,"Cond Field,Immune Unwieldy,Outrider: once",Random,31641,44671,16204,1534,94050,0.3364,0.4750,0.9837,0.4146,7.46,13.02,-5.55,1400,70000,452.01,10,19,Animal Husbandry|Armory|Blacksmith|Caravanery|Carpentry|Cipher Chamber|Coliseum|Fletchery|Outrider Intercept Post|Tannery|Tiltyard
"MaA/BattleAxe+Longbow/Chain (TY) [ImmU, Outr:once, Cond+1]",Man-at-Arms,Battle Axe,,Chainmail,Longbow,True,50,"Cond Field,Immune Unwieldy,Outrider: once",Random,31295,43746,17476,1533,94050,0.3327,0.4651,0.9837,0.4170,7.35,12.23,-4.88,1400,70000,447.07,10,19,Animal Husbandry|Armory|Blacksmith|Caravanery|Carpentry|Cipher Chamber|Coliseum|Fletchery|Outrider Intercept Post|Tannery|Tiltyard
"MaA/BattleAxe+Javelin/Chain (TY) [ImmU, Outr:once, Cond+1]",Man-at-Arms,Battle Axe,,Chainmail,Javelin,True,50,"Cond Field,Immune Unwieldy,Outrider: once",Random,27767,47097,17585,1601,94050,0.2952,0.5008,0.9830,0.3709,6.60,13.96,-7.37,1400,70000,396.67,10,19,Animal Husbandry|Armory|Blacksmith|Caravanery|Carpentry|Cipher Chamber|Coliseum|Fletchery|Outrider Intercept Post|Tannery|Tiltyard
Lev/Pike/Chain [Outr:every],Levy,Pike,,Chainmail,,False,50,Outrider: every,Random,354,71222,15597,6877,94050,0.0038,0.7573,0.9269,0.0049,2.40,25.63,-23.23,600,30000,11.80,8,13,Animal Husbandry|Armory|Blacksmith|Caravanery|Cipher Chamber|Outrider Intercept Post|Outrider Mastery|Tannery
Lev/Halberd/Chain [Outr:every],Levy,Halberd,,Chainmail,,False,50,Outrider: every,Random,467,71087,15509,6987,94050,0.0050,0.7558,0.9257,0.0065,2.47,26.86,-24.38,600,30000,15.57,8,13,Animal Husbandry|Armory|Blacksmith|Caravanery|Cipher Chamber|Outrider Intercept Post|Outrider Mastery|Tannery
Lev/BattleAxe/Chain [Outr:every],Levy,Battle Axe,,Chainmail,,False,50,Outrider: every,Random,102,71017,15959,6972,94050,0.0011,0.7551,0.9259,0.0014,2.37,25.62,-23.25,600,30000,3.40,8,13,Animal Husbandry|Armory|Blacksmith|Caravanery|Cipher Chamber|Outrider Intercept Post|Outrider Mastery|Tannery
Lev/Arming/Scutum/Chain [Outr:every],Levy,Arming Sword,Scutum Shield,Chainmail,,False,50,Outrider: every,Random,1719,70152,14815,7364,94050,0.0183,0.7459,0.9217,0.0239,3.16,27.04,-23.88,400,20000,85.95,10,13,Animal Husbandry|Armory|Blacksmith|Caravanery|Carpentry|Cipher Chamber|Joinery|Outrider Intercept Post|Outrider Mastery|Tannery
Lev/Flail/Scutum/Chain [Outr:every],Levy,Flail,Scutum Shield,Chainmail,,False,50,Outrider: every,Random,3786,68555,14351,7358,94050,0.0403,0.7289,0.9218,0.0523,3.59,23.15,-19.56,400,20000,189.30,10,13,Animal Husbandry|Armory|Blacksmith|Caravanery|Carpentry|Cipher Chamber|Joinery|Outrider Intercept Post|Outrider Mastery|Tannery
Lev/HuntBow/Chain [Outr:every],Levy,,,Chainmail,Hunting Bow,False,50,Outrider: every,Random,130,71135,15765,7020,94050,0.0014,0.7564,0.9254,0.0018,2.40,31.62,-29.22,400,20000,6.50,10,13,Animal Husbandry|Armory|Blacksmith|Caravanery|Carpentry|Cipher Chamber|Fletchery|Outrider Intercept Post|Outrider Mastery|Tannery
Lev/Longbow/Chain [Outr:every],Levy,,,Chainmail,Longbow,False,50,Outrider: every,Random,8088,63294,15576,7092,94050,0.0860,0.6730,0.9246,0.1133,3.74,16.17,-12.43,400,20000,404.40,10,13,Animal Husbandry|Armory|Blacksmith|Caravanery|Carpentry|Cipher Chamber|Fletchery|Outrider Intercept Post|Outrider Mastery|Tannery
Lev/Pike/Chain [Rend],Levy,Pike,,Chainmail,,False,50,Rend,Random,47,88106,30465,832,119450,0.0004,0.7376,0.9930,0.0005,0.26,24.37,-24.11,200,10000,4.70,5,9,Animal Husbandry|Armory|Blacksmith|Levy Hall|MWRend|Tannery
Lev/Halberd/Chain [Rend],Levy,Halberd,,Chainmail,,False,50,Rend,Random,60,88027,30496,867,119450,0.0005,0.7369,0.9927,0.0007,0.28,25.88,-25.60,200,10000,6.00,5,9,Animal Husbandry|Armory|Blacksmith|Levy Hall|MWRend|Tannery
Lev/BattleAxe/Chain [Rend],Levy,Battle Axe,,Chainmail,,False,50,Rend,Random,16,88120,30455,859,119450,0.0001,0.7377,0.9928,0.0002,0.28,25.35,-25.07,200,10000,1.60,5,9,Animal Husbandry|Armory|Blacksmith|Levy Hall|MWRend|Tannery
Lev/Arming/Scutum/Chain [Rend],Levy,Arming Sword,Scutum Shield,Chainmail,,False,50,Rend,Random,1174,86012,31377,887,119450,0.0098,0.7201,0.9926,0.0135,0.50,24.58,-24.08,200,10000,117.40,6,6,Animal Husbandry|Armory|Blacksmith|Carpentry|Joinery|MWRend|Tannery
Lev/Flail/Scutum/Chain [Rend],Levy,Flail,Scutum Shield,Chainmail,,False,50,Rend,Random,2701,85655,30148,946,119450,0.0226,0.7171,0.9921,0.0306,0.76,21.59,-20.83,200,10000,270.10,6,6,Animal Husbandry|Armory|Blacksmith|Carpentry|Joinery|MWRend|Tannery
Lev/HuntBow/Chain [Rend],Levy,,,Chainmail,Hunting Bow,False,50,Rend,Random,21,88073,30462,894,119450,0.0002,0.7373,0.9925,0.0002,0.28,29.09,-28.81,200,10000,2.10,6,6,Animal Husbandry|Armory|Blacksmith|Carpentry|Fletchery|MWRend|Tannery
Lev/Longbow/Chain [Rend],Levy,,,Chainmail,Longbow,False,50,Rend,Random,3507,86567,28558,818,119450,0.0294,0.7247,0.9932,0.0389,0.70,16.12,-15.42,200,10000,350.70,6,6,Animal Husbandry|Armory|Blacksmith|Carpentry|Fletchery|MWRend|Tannery
"MaA/Pike+Longbow/Chain (TY) [ImmU, Rend, Cond+1]",Man-at-Arms,Pike,,Chainmail,Longbow,True,50,"Cond Field,Immune Unwieldy,Rend",Random,51951,47728,18939,832,119450,0.4349,0.3996,0.9930,0.5212,9.25,8.81,0.44,1200,60000,865.85,8,12,Animal Husbandry|Armory|Blacksmith|Carpentry|Coliseum|Fletchery|MWRend|Tannery|Tiltyard
"MaA/Pike+Javelin/Chain (TY) [ImmU, Rend, Cond+1]",Man-at-Arms,Pike,,Chainmail,Javelin,True,50,"Cond Field,Immune Unwieldy,Rend",Random,46746,52717,19154,833,119450,0.3913,0.4413,0.9930,0.4700,8.12,10.39,-2.26,1200,60000,779.10,8,12,Animal Husbandry|Armory|Blacksmith|Carpentry|Coliseum|Fletchery|MWRend|Tannery|Tiltyard
"MaA/Halberd+Longbow/Chain (TY) [ImmU, Rend, Cond+1]",Man-at-Arms,Halberd,,Chainmail,Longbow,True,50,"Cond Field,Immune Unwieldy,Rend",Random,51078,49695,17801,876,119450,0.4276,0.4160,0.9927,0.5069,9.08,9.93,-0.85,1200,60000,851.30,8,12,Animal Husbandry|Armory|Blacksmith|Carpentry|Coliseum|Fletchery|MWRend|Tannery|Tiltyard
"MaA/Halberd+Javelin/Chain (TY) [ImmU, Rend, Cond+1]",Man-at-Arms,Halberd,,Chainmail,Javelin,True,50,"Cond Field,Immune Unwieldy,Rend",Random,46315,54095,18111,929,119450,0.3877,0.4529,0.9922,0.4613,8.08,11.53,-3.45,1200,60000,771.92,8,12,Animal Husbandry|Armory|Blacksmith|Carpentry|Coliseum|Fletchery|MWRend|Tannery|Tiltyard
"MaA/BattleAxe+Longbow/Chain (TY) [ImmU, Rend, Cond+1]",Man-at-Arms,Battle Axe,,Chainmail,Longbow,True,50,"Cond Field,Immune Unwieldy,Rend",Random,45705,53375,19516,854,119450,0.3826,0.4468,0.9929,0.4613,7.82,10.95,-3.13,1200,60000,761.75,8,12,Animal Husbandry|Armory|Blacksmith|Carpentry|Coliseum|Fletchery|MWRend|Tannery|Tiltyard
"MaA/BattleAxe+Javelin/Chain (TY) [ImmU, Rend, Cond+1]",Man-at-Arms,Battle Axe,,Chainmail,Javelin,True,50,"Cond Field,Immune Unwieldy,Rend",Random,42463,56725,19371,891,119450,0.3555,0.4749,0.9925,0.4281,7.15,12.55,-5.40,1200,60000,707.72,8,12,Animal Husbandry|Armory|Blacksmith|Carpentry|Coliseum|Fletchery|MWRend|Tannery|Tiltyard
"MaA/Arming+Longbow/Scutum/Chain (TY) [ImmU, Rend, Cond+1]",Man-at-Arms,Arming Sword,Scutum Shield,Chainmail,Longbow,True,50,"Cond Field,Immune Unwieldy,Rend",Random,61787,22785,34070,808,119450,0.5173,0.1907,0.9932,0.7306,12.95,4.65,8.30,1000,50000,1235.74,9,12,Animal Husbandry|Armory|Blacksmith|Carpentry|Coliseum|Fletchery|Joinery|MWRend|Tannery|Tiltyard
"MaA/Arming+Javelin/Scutum/Chain (TY) [ImmU, Rend, Cond+1]",Man-at-Arms,Arming Sword,Scutum Shield,Chainmail,Javelin,True,50,"Cond Field,Immune Unwieldy,Rend",Random,57605,25206,35755,884,119450,0.4823,0.2110,0.9926,0.6956,12.03,5.48,6.55,1000,50000,1152.10,9,12,Animal Husbandry|Armory|Blacksmith|Carpentry|Coliseum|Fletchery|Joinery|MWRend|Tannery|Tiltyard
"MaA/Flail+Longbow/Scutum/Chain (TY) [ImmU, Rend, Cond+1]",Man-at-Arms,Flail,Scutum Shield,Chainmail,Longbow,True,50,"Cond Field,Immune Unwieldy,Rend",Random,70441,19096,29108,805,119450,0.5897,0.1599,0.9933,0.7867,15.09,3.62,11.47,1000,50000,1408.82,9,12,Animal Husbandry|Armory|Blacksmith|Carpentry|Coliseum|Fletchery|Joinery|MWRend|Tannery|Tiltyard
"MaA/Flail+Javelin/Scutum/Chain (TY) [ImmU, Rend, Cond+1]",Man-at-Arms,Flail,Scutum Shield,Chainmail,Javelin,True,50,"Cond Field,Immune Unwieldy,Rend",Random,66263,21704,30662,821,119450,0.5547,0.1817,0.9931,0.7533,13.84,4.31,9.53,1000,50000,1325.26,9,12,Animal Husbandry|Armory|Blacksmith|Carpentry|Coliseum|Fletchery|Joinery|MWRend|Tannery|Tiltyard
"MaA/Pike+Longbow/Chain (TY) [Drilled, Nimble, Cond+1, Rend, ImmU, Immune Strain]",Man-at-Arms,Pike,,Chainmail,Longbow,True,50,"Cond Field,Drilled,Immune Strain,Immune Unwieldy,Nimble,Rend",Random,67029,41004,5373,894,114300,0.5864,0.3587,0.9922,0.6204,13.17,8.34,4.83,1200,60000,1117.15,10,16,Animal Husbandry|Armory|Blacksmith|Carpentry|Coliseum|Fletchery|MWRend|Royal Pavilion|Tannery|Tiltyard
"MaA/Pike+Javelin/Chain (TY) [Drilled, Nimble, Cond+1, Rend, ImmU, Immune Strain]",Man-at-Arms,Pike,,Chainmail,Javelin,True,50,"Cond Field,Drilled,Immune Strain,Immune Unwieldy,Nimble,Rend",Random,62576,45079,5785,860,114300,0.5475,0.3944,0.9925,0.5813,12.01,9.66,2.36,1200,60000,1042.93,10,16,Animal Husbandry|Armory|Blacksmith|Carpentry|Coliseum|Fletchery|MWRend|Royal Pavilion|Tannery|Tiltyard
"MaA/Halberd+Longbow/Chain (TY) [Drilled, Nimble, Cond+1, Rend, ImmU, Immune Strain]",Man-at-Arms,Halberd,,Chainmail,Longbow,True,50,"Cond Field,Drilled,Immune Strain,Immune Unwieldy,Nimble,Rend",Random,65032,42934,5472,862,114300,0.5690,0.3756,0.9925,0.6023,12.72,9.37,3.35,1200,60000,1083.87,10,16,Animal Husbandry|Armory|Blacksmith|Carpentry|Coliseum|Fletchery|MWRend|Royal Pavilion|Tannery|Tiltyard
"MaA/Halberd+Javelin/Chain (TY) [Drilled, Nimble, Cond+1, Rend, ImmU, Immune Strain]",Man-at-Arms,Halberd,,Chainmail,Javelin,True,50,"Cond Field,Drilled,Immune Strain,Immune Unwieldy,Nimble,Rend",Random,61064,46369,6010,857,114300,0.5342,0.4057,0.9925,0.5684,11.74,10.68,1.06,1200,60000,1017.73,10,16,Animal Husbandry|Armory|Blacksmith|Carpentry|Coliseum|Fletchery|MWRend|Royal Pavilion|Tannery|Tiltyard
"MaA/BattleAxe+Longbow/Chain (TY) [Drilled, Nimble, Cond+1, Rend, ImmU, Immune Strain]",Man-at-Arms,Battle Axe,,Chainmail,Longbow,True,50,"Cond Field,Drilled,Immune Strain,Immune Unwieldy,Nimble,Rend",Random,61660,45490,6259,891,114300,0.5395,0.3980,0.9922,0.5755,11.66,10.22,1.44,1200,60000,1027.67,10,16,Animal Husbandry|Armory|Blacksmith|Carpentry|Coliseum|Fletchery|MWRend|Royal Pavilion|Tannery|Tiltyard
"MaA/BattleAxe+Javelin/Chain (TY) [Drilled, Nimble, Cond+1, Rend, ImmU, Immune Strain]",Man-at-Arms,Battle Axe,,Chainmail,Javelin,True,50,"Cond Field,Drilled,Immune Strain,Immune Unwieldy,Nimble,Rend",Random,58593,48344,6439,924,114300,0.5126,0.4230,0.9919,0.5479,10.96,11.65,-0.69,1200,60000,976.55,10,16,Animal Husbandry|Armory|Blacksmith|Carpentry|Coliseum|Fletchery|MWRend|Royal Pavilion|Tannery|Tiltyard
"Lev/Pike/Chain [Outr:once, Rend]",Levy,Pike,,Chainmail,,False,50,"Outrider: once,Rend",Random,58,75858,16535,1599,94050,0.0006,0.8066,0.9830,0.0008,0.86,26.60,-25.74,400,20000,2.90,7,16,Animal Husbandry|Armory|Blacksmith|Caravanery|Cipher Chamber|MWRend|Outrider Intercept Post|Tannery
"Lev/Halberd/Chain [Outr:once, Rend]",Levy,Halberd,,Chainmail,,False,50,"Outrider: once,Rend",Random,83,75832,16548,1587,94050,0.0009,0.8063,0.9831,0.0011,0.86,28.08,-27.22,400,20000,4.15,7,16,Animal Husbandry|Armory|Blacksmith|Caravanery|Cipher Chamber|MWRend|Outrider Intercept Post|Tannery
"Lev/BattleAxe/Chain [Outr:once, Rend]",Levy,Battle Axe,,Chainmail,,False,50,"Outrider: once,Rend",Random,17,75919,16584,1530,94050,0.0002,0.8072,0.9837,0.0002,0.82,27.13,-26.32,400,20000,0.85,7,16,Animal Husbandry|Armory|Blacksmith|Caravanery|Cipher Chamber|MWRend|Outrider Intercept Post|Tannery
"Lev/Arming/Scutum/Chain [Outr:once, Rend]",Levy,Arming Sword,Scutum Shield,Chainmail,,False,50,"Outrider: once,Rend",Random,651,74868,16867,1664,94050,0.0069,0.7960,0.9823,0.0086,1.03,27.50,-26.47,200,10000,65.10,9,16,Animal Husbandry|Armory|Blacksmith|Caravanery|Carpentry|Cipher Chamber|Joinery|MWRend|Outrider Intercept Post|Tannery
"Lev/Flail/Scutum/Chain [Outr:once, Rend]",Levy,Flail,Scutum Shield,Chainmail,,False,50,"Outrider: once,Rend",Random,1585,74414,16438,1613,94050,0.0169,0.7912,0.9828,0.0209,1.20,23.91,-22.70,200,10000,158.50,9,16,Animal Husbandry|Armory|Blacksmith|Caravanery|Carpentry|Cipher Chamber|Joinery|MWRend|Outrider Intercept Post|Tannery
"Lev/HuntBow/Chain [Outr:once, Rend]",Levy,,,Chainmail,Hunting Bow,False,50,"Outrider: once,Rend",Random,22,75945,16588,1495,94050,0.0002,0.8075,0.9841,0.0003,0.80,32.11,-31.31,200,10000,2.20,9,16,Animal Husbandry|Armory|Blacksmith|Caravanery|Carpentry|Cipher Chamber|Fletchery|MWRend|Outrider Intercept Post|Tannery
"Lev/Longbow/Chain [Outr:once, Rend]",Levy,,,Chainmail,Longbow,False,50,"Outrider: once,Rend",Random,2562,74113,15855,1520,94050,0.0272,0.7880,0.9838,0.0334,1.22,17.29,-16.06,200,10000,256.20,9,16,Animal Husbandry|Armory|Blacksmith|Caravanery|Carpentry|Cipher Chamber|Fletchery|MWRend|Outrider Intercept Post|Tannery
"Lev/Pike/Chain [Outr:every, Rend]",Levy,Pike,,Chainmail,,False,50,"Outrider: every,Rend",Random,318,71098,15579,7055,94050,0.0034,0.7560,0.9250,0.0045,2.46,24.67,-22.21,400,20000,15.90,9,16,Animal Husbandry|Armory|Blacksmith|Caravanery|Cipher Chamber|MWRend|Outrider Intercept Post|Outrider Mastery|Tannery
"Lev/Halberd/Chain [Outr:every, Rend]",Levy,Halberd,,Chainmail,,False,50,"Outrider: every,Rend",Random,434,70954,15565,7097,94050,0.0046,0.7544,0.9245,0.0061,2.46,25.90,-23.44,400,20000,21.70,9,16,Animal Husbandry|Armory|Blacksmith|Caravanery|Cipher Chamber|MWRend|Outrider Intercept Post|Outrider Mastery|Tannery
"Lev/BattleAxe/Chain [Outr:every, Rend]",Levy,Battle Axe,,Chainmail,,False,50,"Outrider: every,Rend",Random,111,71026,15890,7023,94050,0.0012,0.7552,0.9253,0.0016,2.42,24.65,-22.23,400,20000,5.55,9,16,Animal Husbandry|Armory|Blacksmith|Caravanery|Cipher Chamber|MWRend|Outrider Intercept Post|Outrider Mastery|Tannery
Lev/Pike/Cloth [Poison],Levy,Pike,,Cloth,,False,50,Poison,Random,71,89060,29475,844,119450,0.0006,0.7456,0.9929,0.0008,0.27,24.85,-24.58,1000,50000,1.42,5,6,Blacksmith|Carpentry|Joinery|Toxicarium
Lev/Halberd/Cloth [Poison],Levy,Halberd,,Cloth,,False,50,Poison,Random,58,88940,29517,935,119450,0.0005,0.7446,0.9922,0.0007,0.30,26.04,-25.74,1000,50000,1.16,5,6,Blacksmith|Carpentry|Joinery|Toxicarium
Lev/BattleAxe/Cloth [Poison],Levy,Battle Axe,,Cloth,,False,50,Poison,Random,5,89051,29529,865,119450,0.0000,0.7455,0.9928,0.0001,0.27,26.28,-26.01,1000,50000,0.10,5,6,Blacksmith|Carpentry|Joinery|Toxicarium
"Lev/Pike/Cloth [Poison, Outr:once]",Levy,Pike,,Cloth,,False,50,"Outrider: once,Poison",Random,78,76237,16201,1534,94050,0.0008,0.8106,0.9837,0.0010,0.83,26.81,-25.98,1000,50000,1.56,6,13,Blacksmith|Caravanery|Cipher Chamber|Outrider Intercept Post|Toxicarium
"Lev/Halberd/Cloth [Poison, Outr:once]",Levy,Halberd,,Cloth,,False,50,"Outrider: once,Poison",Random,76,76215,16114,1645,94050,0.0008,0.8104,0.9825,0.0010,0.89,28.05,-27.16,1000,50000,1.52,6,13,Blacksmith|Caravanery|Cipher Chamber|Outrider Intercept Post|Toxicarium
"Lev/BattleAxe/Cloth [Poison, Outr:once]",Levy,Battle Axe,,Cloth,,False,50,"Outrider: once,Poison",Random,15,76151,16308,1576,94050,0.0002,0.8097,0.9832,0.0002,0.84,27.98,-27.14,1000,50000,0.30,6,13,Blacksmith|Caravanery|Cipher Chamber|Outrider Intercept Post|Toxicarium
"Lev/Pike/Cloth [Poison, Outr:every]",Levy,Pike,,Cloth,,False,50,"Outrider: every,Poison",Random,448,71361,15312,6929,94050,0.0048,0.7588,0.9263,0.0062,2.39,24.53,-22.14,1000,50000,8.96,8,13,Blacksmith|Caravanery|Cipher Chamber|Outrider Intercept Post|Outrider Mastery|Toxicarium
"Lev/Halberd/Cloth [Poison, Outr:every]",Levy,Halberd,,Cloth,,False,50,"Outrider: every,Poison",Random,435,71473,15249,6893,94050,0.0046,0.7599,0.9267,0.0060,2.41,25.63,-23.22,1000,50000,8.70,8,13,Blacksmith|Caravanery|Cipher Chamber|Outrider Intercept Post|Outrider Mastery|Toxicarium
"Lev/BattleAxe/Cloth [Poison, Outr:every]",Levy,Battle Axe,,Cloth,,False,50,"Outrider: every,Poison",Random,87,71396,15620,6947,94050,0.0009,0.7591,0.9261,0.0012,2.38,25.42,-23.05,1000,50000,1.74,8,13,Blacksmith|Caravanery|Cipher Chamber|Outrider Intercept Post|Outrider Mastery|Toxicarium
"Lev/Pike/Cloth [Poison, Rend]",Levy,Pike,,Cloth,,False,50,"Poison,Rend",Random,50,88936,29582,882,119450,0.0004,0.7445,0.9926,0.0006,0.28,24.10,-23.82,600,30000,1.67,5,12,Blacksmith|Levy Hall|MWRend|Toxicarium
"Lev/Halberd/Cloth [Poison, Rend]",Levy,Halberd,,Cloth,,False,50,"Poison,Rend",Random,62,89086,29483,819,119450,0.0005,0.7458,0.9931,0.0007,0.26,25.35,-25.09,600,30000,2.07,5,12,Blacksmith|Levy Hall|MWRend|Toxicarium
"Lev/BattleAxe/Cloth [Poison, Rend]",Levy,Battle Axe,,Cloth,,False,50,"Poison,Rend",Random,11,89041,29519,879,119450,0.0001,0.7454,0.9926,0.0001,0.27,25.68,-25.41,600,30000,0.37,5,12,Blacksmith|Levy Hall|MWRend|Toxicarium
"Lev/Pike/Cloth [Poison, Outr:once, Rend]",Levy,Pike,,Cloth,,False,50,"Outrider: once,Poison,Rend",Random,72,76203,16169,1606,94050,0.0008,0.8102,0.9829,0.0009,0.86,25.97,-25.11,800,40000,1.80,7,16,Blacksmith|Caravanery|Cipher Chamber|MWRend|Outrider Intercept Post|Toxicarium
"Lev/Halberd/Cloth [Poison, Outr:once, Rend]",Levy,Halberd,,Cloth,,False,50,"Outrider: once,Poison,Rend",Random,64,76331,16108,1547,94050,0.0007,0.8116,0.9836,0.0008,0.83,27.21,-26.38,800,40000,1.60,7,16,Blacksmith|Caravanery|Cipher Chamber|MWRend|Outrider Intercept Post|Toxicarium
"Lev/BattleAxe/Cloth [Poison, Outr:once, Rend]",Levy,Battle Axe,,Cloth,,False,50,"Outrider: once,Poison,Rend",Random,15,76277,16246,1512,94050,0.0002,0.8110,0.9839,0.0002,0.81,27.17,-26.36,800,40000,0.38,7,16,Blacksmith|Caravanery|Cipher Chamber|MWRend|Outrider Intercept Post|Toxicarium
"Lev/Pike/Cloth [Poison, Outr:every, Rend]",Levy,Pike,,Cloth,,False,50,"Outrider: every,Poison,Rend",Random,469,71373,15207,7001,94050,0.0050,0.7589,0.9256,0.0065,2.43,23.50,-21.07,800,40000,11.72,9,16,Blacksmith|Caravanery|Cipher Chamber|MWRend|Outrider Intercept Post|Outrider Mastery|Toxicarium
"Lev/Halberd/Cloth [Poison, Outr:every, Rend]",Levy,Halberd,,Cloth,,False,50,"Outrider: every,Poison,Rend",Random,488,71486,15196,6880,94050,0.0052,0.7601,0.9268,0.0068,2.39,24.56,-22.17,800,40000,12.20,9,16,Blacksmith|Caravanery|Cipher Chamber|MWRend|Outrider Intercept Post|Outrider Mastery|Toxicarium
"Lev/BattleAxe/Cloth [Poison, Outr:every, Rend]",Levy,Battle Axe,,Cloth,,False,50,"Outrider: every,Poison,Rend",Random,111,71441,15492,7006,94050,0.0012,0.7596,0.9255,0.0016,2.39,24.46,-22.07,800,40000,2.77,9,16,Blacksmith|Caravanery|Cipher Chamber|MWRend|Outrider Intercept Post|Outrider Mastery|Toxicarium
Lev/Pike/Chain [Poison],Levy,Pike,,Chainmail,,False,50,Poison,Random,48,88004,30508,890,119450,0.0004,0.7367,0.9925,0.0005,0.29,24.27,-23.98,600,30000,1.60,5,6,Animal Husbandry|Armory|Blacksmith|Tannery|Toxicarium
Lev/Halberd/Chain [Poison],Levy,Halberd,,Chainmail,,False,50,Poison,Random,69,88025,30452,904,119450,0.0006,0.7369,0.9924,0.0008,0.30,25.39,-25.09,600,30000,2.30,5,6,Animal Husbandry|Armory|Blacksmith|Tannery|Toxicarium
Lev/BattleAxe/Chain [Poison],Levy,Battle Axe,,Chainmail,,False,50,Poison,Random,19,88108,30476,847,119450,0.0002,0.7376,0.9929,0.0002,0.27,25.59,-25.32,600,30000,0.63,5,6,Animal Husbandry|Armory|Blacksmith|Tannery|Toxicarium
Lev/Arming/Scutum/Chain [Poison],Levy,Arming Sword,Scutum Shield,Chainmail,,False,50,Poison,Random,2207,85897,30456,890,119450,0.0185,0.7191,0.9925,0.0250,0.66,22.06,-21.40,400,20000,110.35,7,6,Animal Husbandry|Armory|Blacksmith|Carpentry|Joinery|Tannery|Toxicarium
Lev/Flail/Scutum/Chain [Poison],Levy,Flail,Scutum Shield,Chainmail,,False,50,Poison,Random,4048,84502,30011,889,119450,0.0339,0.7074,0.9926,0.0457,0.92,19.61,-18.69,400,20000,202.40,7,6,Animal Husbandry|Armory|Blacksmith|Carpentry|Joinery|Tannery|Toxicarium
Lev/HuntBow/Chain [Poison],Levy,,,Chainmail,Hunting Bow,False,50,Poison,Random,40,88041,30477,892,119450,0.0003,0.7371,0.9925,0.0005,0.29,27.54,-27.25,400,20000,2.00,7,6,Animal Husbandry|Armory|Blacksmith|Carpentry|Fletchery|Tannery|Toxicarium
Lev/Longbow/Chain [Poison],Levy,,,Chainmail,Longbow,False,50,Poison,Random,3578,86148,28861,863,119450,0.0300,0.7212,0.9928,0.0399,0.71,16.57,-15.86,400,20000,178.90,7,6,Animal Husbandry|Armory|Blacksmith|Carpentry|Fletchery|Tannery|Toxicarium
"MaA/Pike+Longbow/Chain (TY) [ImmU, Poison, Cond+1]",Man-at-Arms,Pike,,Chainmail,Longbow,True,50,"Cond Field,Immune Unwieldy,Poison",Random,58711,43072,16826,841,119450,0.4915,0.3606,0.9930,0.5768,10.41,8.39,2.02,1400,70000,838.73,9,12,Animal Husbandry|Armory|Blacksmith|Carpentry|Coliseum|Fletchery|Tannery|Tiltyard|Toxicarium
"MaA/Pike+Javelin/Chain (TY) [ImmU, Poison, Cond+1]",Man-at-Arms,Pike,,Chainmail,Javelin,True,50,"Cond Field,Immune Unwieldy,Poison",Random,51972,48233,18373,872,119450,0.4351,0.4038,0.9927,0.5187,8.96,9.64,-0.68,1400,70000,742.46,9,12,Animal Husbandry|Armory|Blacksmith|Carpentry|Coliseum|Fletchery|Tannery|Tiltyard|Toxicarium
"MaA/Halberd+Longbow/Chain (TY) [ImmU, Poison, Cond+1]",Man-at-Arms,Halberd,,Chainmail,Longbow,True,50,"Cond Field,Immune Unwieldy,Poison",Random,55738,46718,16124,870,119450,0.4666,0.3911,0.9927,0.5440,9.83,9.52,0.30,1400,70000,796.26,9,12,Animal Husbandry|Armory|Blacksmith|Carpentry|Coliseum|Fletchery|Tannery|Tiltyard|Toxicarium
"MaA/Halberd+Javelin/Chain (TY) [ImmU, Poison, Cond+1]",Man-at-Arms,Halberd,,Chainmail,Javelin,True,50,"Cond Field,Immune Unwieldy,Poison",Random,49833,51394,17332,891,119450,0.4172,0.4303,0.9925,0.4923,8.58,10.91,-2.34,1400,70000,711.90,9,12,Animal Husbandry|Armory|Blacksmith|Carpentry|Coliseum|Fletchery|Tannery|Tiltyard|Toxicarium
"MaA/BattleAxe+Longbow/Chain (TY) [ImmU, Poison, Cond+1]",Man-at-Arms,Battle Axe,,Chainmail,Longbow,True,50,"Cond Field,Immune Unwieldy,Poison",Random,47216,52195,19146,893,119450,0.3953,0.4370,0.9925,0.4750,8.06,11.14,-3.08,1400,70000,674.51,9,12,Animal Husbandry|Armory|Blacksmith|Carpentry|Coliseum|Fletchery|Tannery|Tiltyard|Toxicarium
"MaA/BattleAxe+Javelin/Chain (TY) [ImmU, Poison, Cond+1]",Man-at-Arms,Battle Axe,,Chainmail,Javelin,True,50,"Cond Field,Immune Unwieldy,Poison",Random,43673,55550,19345,882,119450,0.3656,0.4650,0.9926,0.4401,7.30,12.57,-5.27,1400,70000,623.90,9,12,Animal Husbandry|Armory|Blacksmith|Carpentry|Coliseum|Fletchery|Tannery|Tiltyard|Toxicarium
"MaA/Arming+Longbow/Scutum/Chain (TY) [ImmU, Poison, Cond+1]",Man-at-Arms,Arming Sword,Scutum Shield,Chainmail,Longbow,True,50,"Cond Field,Immune Unwieldy,Poison",Random,70248,19210,29090,902,119450,0.5881,0.1608,0.9924,0.7853,15.07,3.88,11.19,1200,60000,1170.80,10,12,Animal Husbandry|Armory|Blacksmith|Carpentry|Coliseum|Fletchery|Joinery|Tannery|Tiltyard|Toxicarium
"MaA/Arming+Javelin/Scutum/Chain (TY) [ImmU, Poison, Cond+1]",Man-at-Arms,Arming Sword,Scutum Shield,Chainmail,Javelin,True,50,"Cond Field,Immune Unwieldy,Poison",Random,66241,21713,30618,878,119450,0.5546,0.1818,0.9926,0.7531,13.83,4.51,9.32,1200,60000,1104.02,10,12,Animal Husbandry|Armory|Blacksmith|Carpentry|Coliseum|Fletchery|Joinery|Tannery|Tiltyard|Toxicarium
"MaA/Flail+Longbow/Scutum/Chain (TY) [ImmU, Poison, Cond+1]",Man-at-Arms,Flail,Scutum Shield,Chainmail,Longbow,True,50,"Cond Field,Immune Unwieldy,Poison",Random,79373,15718,23497,862,119450,0.6645,0.1316,0.9928,0.8347,17.43,3.13,14.29,1200,60000,1322.88,10,12,Animal Husbandry|Armory|Blacksmith|Carpentry|Coliseum|Fletchery|Joinery|Tannery|Tiltyard|Toxicarium
"MaA/Flail+Javelin/Scutum/Chain (TY) [ImmU, Poison, Cond+1]",Man-at-Arms,Flail,Scutum Shield,Chainmail,Javelin,True,50,"Cond Field,Immune Unwieldy,Poison",Random,75331,18083,25166,870,119450,0.6306,0.1514,0.9927,0.8064,15.98,3.65,12.33,1200,60000,1255.52,10,12,Animal Husbandry|Armory|Blacksmith|Carpentry|Coliseum|Fletchery|Joinery|Tannery|Tiltyard|Toxicarium
"Lev/Pike/Chain [Poison, Outr:once]",Levy,Pike,,Chainmail,,False,50,"Outrider: once,Poison",Random,81,75963,16527,1479,94050,0.0009,0.8077,0.9843,0.0011,0.80,26.38,-25.58,600,30000,2.70,8,13,Animal Husbandry|Armory|Blacksmith|Caravanery|Cipher Chamber|Outrider Intercept Post|Tannery|Toxicarium
"Lev/Halberd/Chain [Poison, Outr:once]",Levy,Halberd,,Chainmail,,False,50,"Outrider: once,Poison",Random,73,75866,16493,1618,94050,0.0008,0.8067,0.9828,0.0010,0.87,27.50,-26.63,600,30000,2.43,8,13,Animal Husbandry|Armory|Blacksmith|Caravanery|Cipher Chamber|Outrider Intercept Post|Tannery|Toxicarium
"Lev/BattleAxe/Chain [Poison, Outr:once]",Levy,Battle Axe,,Chainmail,,False,50,"Outrider: once,Poison",Random,17,75895,16563,1575,94050,0.0002,0.8070,0.9833,0.0002,0.84,27.41,-26.57,600,30000,0.57,8,13,Animal Husbandry|Armory|Blacksmith|Caravanery|Cipher Chamber|Outrider Intercept Post|Tannery|Toxicarium
"Lev/Arming/Scutum/Chain [Poison, Outr:once]",Levy,Arming Sword,Scutum Shield,Chainmail,,False,50,"Outrider: once,Poison",Random,1318,74741,16412,1579,94050,0.0140,0.7947,0.9832,0.0173,1.13,24.58,-23.45,400,20000,65.90,10,13,Animal Husbandry|Armory|Blacksmith|Caravanery|Carpentry|Cipher Chamber|Joinery|Outrider Intercept Post|Tannery|Toxicarium
"Lev/Flail/Scutum/Chain [Poison, Outr:once]",Levy,Flail,Scutum Shield,Chainmail,,False,50,"Outrider: once,Poison",Random,2991,72924,16560,1575,94050,0.0318,0.7754,0.9833,0.0394,1.42,21.63,-20.21,400,20000,149.55,10,13,Animal Husbandry|Armory|Blacksmith|Caravanery|Carpentry|Cipher Chamber|Joinery|Outrider Intercept Post|Tannery|Toxicarium
"Lev/HuntBow/Chain [Poison, Outr:once]",Levy,,,Chainmail,Hunting Bow,False,50,"Outrider: once,Poison",Random,35,75826,16612,1577,94050,0.0004,0.8062,0.9832,0.0005,0.84,30.27,-29.42,400,20000,1.75,10,13,Animal Husbandry|Armory|Blacksmith|Caravanery|Carpentry|Cipher Chamber|Fletchery|Outrider Intercept Post|Tannery|Toxicarium
"Lev/Longbow/Chain [Poison, Outr:once]",Levy,,,Chainmail,Longbow,False,50,"Outrider: once,Poison",Random,2876,73484,16118,1572,94050,0.0306,0.7813,0.9833,0.0377,1.30,17.86,-16.56,400,20000,143.80,10,13,Animal Husbandry|Armory|Blacksmith|Caravanery|Carpentry|Cipher Chamber|Fletchery|Outrider Intercept Post|Tannery|Toxicarium
"Lev/Pike/Chain [Poison, Outr:every]",Levy,Pike,,Chainmail,,False,50,"Outrider: every,Poison",Random,481,71110,15453,7006,94050,0.0051,0.7561,0.9255,0.0067,2.47,24.21,-21.74,600,30000,16.03,10,13,Animal Husbandry|Armory|Blacksmith|Caravanery|Cipher Chamber|Outrider Intercept Post|Outrider Mastery|Tannery|Toxicarium
"Lev/Halberd/Chain [Poison, Outr:every]",Levy,Halberd,,Chainmail,,False,50,"Outrider: every,Poison",Random,485,71147,15506,6912,94050,0.0052,0.7565,0.9265,0.0068,2.46,25.14,-22.68,600,30000,16.17,10,13,Animal Husbandry|Armory|Blacksmith|Caravanery|Cipher Chamber|Outrider Intercept Post|Outrider Mastery|Tannery|Toxicarium
"Lev/BattleAxe/Chain [Poison, Outr:every]",Levy,Battle Axe,,Chainmail,,False,50,"Outrider: every,Poison",Random,97,71034,15948,6971,94050,0.0010,0.7553,0.9259,0.0014,2.43,24.95,-22.52,600,30000,3.23,10,13,Animal Husbandry|Armory|Blacksmith|Caravanery|Cipher Chamber|Outrider Intercept Post|Outrider Mastery|Tannery|Toxicarium
"Lev/Pike/Chain [Poison, Rend]",Levy,Pike,,Chainmail,,False,50,"Poison,Rend",Random,67,88012,30502,869,119450,0.0006,0.7368,0.9927,0.0008,0.29,23.53,-23.24,400,20000,3.35,6,9,Animal Husbandry|Armory|Blacksmith|MWRend|Tannery|Toxicarium
"Lev/Halberd/Chain [Poison, Rend]",Levy,Halberd,,Chainmail,,False,50,"Poison,Rend",Random,67,87953,30519,911,119450,0.0006,0.7363,0.9924,0.0008,0.30,24.70,-24.40,400,20000,3.35,6,9,Animal Husbandry|Armory|Blacksmith|MWRend|Tannery|Toxicarium
"Lev/BattleAxe/Chain [Poison, Rend]",Levy,Battle Axe,,Chainmail,,False,50,"Poison,Rend",Random,16,88067,30467,900,119450,0.0001,0.7373,0.9925,0.0002,0.29,24.95,-24.66,400,20000,0.80,6,9,Animal Husbandry|Armory|Blacksmith|MWRend|Tannery|Toxicarium
"Lev/Arming/Scutum/Chain [Poison, Rend]",Levy,Arming Sword,Scutum Shield,Chainmail,,False,50,"Poison,Rend",Random,2269,85890,30405,886,119450,0.0190,0.7190,0.9926,0.0257,0.67,21.27,-20.60,200,10000,226.90,8,9,Animal Husbandry|Armory|Blacksmith|Carpentry|Joinery|MWRend|Tannery|Toxicarium
"Lev/Flail/Scutum/Chain [Poison, Rend]",Levy,Flail,Scutum Shield,Chainmail,,False,50,"Poison,Rend",Random,4020,84579,29950,901,119450,0.0337,0.7081,0.9925,0.0454,0.94,18.67,-17.73,200,10000,402.00,8,9,Animal Husbandry|Armory|Blacksmith|Carpentry|Joinery|MWRend|Tannery|Toxicarium
"Lev/HuntBow/Chain [Poison, Rend]",Levy,,,Chainmail,Hunting Bow,False,50,"Poison,Rend",Random,36,88032,30512,870,119450,0.0003,0.7370,0.9927,0.0004,0.27,26.97,-26.70,200,10000,3.60,8,9,Animal Husbandry|Armory|Blacksmith|Carpentry|Fletchery|MWRend|Tannery|Toxicarium
"Lev/Longbow/Chain [Poison, Rend]",Levy,,,Chainmail,Longbow,False,50,"Poison,Rend",Random,3592,86099,28893,866,119450,0.0301,0.7208,0.9928,0.0400,0.70,15.33,-14.63,200,10000,359.20,8,9,Animal Husbandry|Armory|Blacksmith|Carpentry|Fletchery|MWRend|Tannery|Toxicarium
"MaA/Pike+Longbow/Chain (TY) [ImmU, Poison, Rend, Cond+1]",Man-at-Arms,Pike,,Chainmail,Longbow,True,50,"Cond Field,Immune Unwieldy,Poison,Rend",Random,58799,42555,17198,898,119450,0.4922,0.3563,0.9925,0.5801,10.57,7.46,3.11,1200,60000,979.98,10,15,Animal Husbandry|Armory|Blacksmith|Carpentry|Coliseum|Fletchery|MWRend|Tannery|Tiltyard|Toxicarium
"MaA/Pike+Javelin/Chain (TY) [ImmU, Poison, Rend, Cond+1]",Man-at-Arms,Pike,,Chainmail,Javelin,True,50,"Cond Field,Immune Unwieldy,Poison,Rend",Random,52253,47891,18436,870,119450,0.4374,0.4009,0.9927,0.5218,9.05,8.81,0.24,1200,60000,870.88,10,15,Animal Husbandry|Armory|Blacksmith|Carpentry|Coliseum|Fletchery|MWRend|Tannery|Tiltyard|Toxicarium
"MaA/Halberd+Longbow/Chain (TY) [ImmU, Poison, Rend, Cond+1]",Man-at-Arms,Halberd,,Chainmail,Longbow,True,50,"Cond Field,Immune Unwieldy,Poison,Rend",Random,55928,46222,16448,852,119450,0.4682,0.3870,0.9929,0.5475,9.93,8.63,1.30,1200,60000,932.13,10,15,Animal Husbandry|Armory|Blacksmith|Carpentry|Coliseum|Fletchery|MWRend|Tannery|Tiltyard|Toxicarium
"MaA/Halberd+Javelin/Chain (TY) [ImmU, Poison, Rend, Cond+1]",Man-at-Arms,Halberd,,Chainmail,Javelin,True,50,"Cond Field,Immune Unwieldy,Poison,Rend",Random,49957,51090,17480,923,119450,0.4182,0.4277,0.9923,0.4944,8.65,10.11,-1.45,1200,60000,832.62,10,15,Animal Husbandry|Armory|Blacksmith|Carpentry|Coliseum|Fletchery|MWRend|Tannery|Tiltyard|Toxicarium
"MaA/BattleAxe+Longbow/Chain (TY) [ImmU, Poison, Rend, Cond+1]",Man-at-Arms,Battle Axe,,Chainmail,Longbow,True,50,"Cond Field,Immune Unwieldy,Poison,Rend",Random,47045,52169,19340,896,119450,0.3938,0.4367,0.9925,0.4742,8.13,10.41,-2.28,1200,60000,784.08,10,15,Animal Husbandry|Armory|Blacksmith|Carpentry|Coliseum|Fletchery|MWRend|Tannery|Tiltyard|Toxicarium
"MaA/BattleAxe+Javelin/Chain (TY) [ImmU, Poison, Rend, Cond+1]",Man-at-Arms,Battle Axe,,Chainmail,Javelin,True,50,"Cond Field,Immune Unwieldy,Poison,Rend",Random,43607,55739,19207,897,119450,0.3651,0.4666,0.9925,0.4389,7.36,12.00,-4.64,1200,60000,726.78,10,15,Animal Husbandry|Armory|Blacksmith|Carpentry|Coliseum|Fletchery|MWRend|Tannery|Tiltyard|Toxicarium
"Lev/Pike/Chain [Poison, Outr:once, Rend]",Levy,Pike,,Chainmail,,False,50,"Outrider: once,Poison,Rend",Random,73,75779,16587,1611,94050,0.0008,0.8057,0.9829,0.0010,0.87,25.48,-24.61,400,20000,3.65,9,16,Animal Husbandry|Armory|Blacksmith|Caravanery|Cipher Chamber|MWRend|Outrider Intercept Post|Tannery|Toxicarium
"Lev/Halberd/Chain [Poison, Outr:once, Rend]",Levy,Halberd,,Chainmail,,False,50,"Outrider: once,Poison,Rend",Random,63,75861,16549,1577,94050,0.0007,0.8066,0.9832,0.0008,0.85,26.63,-25.78,400,20000,3.15,9,16,Animal Husbandry|Armory|Blacksmith|Caravanery|Cipher Chamber|MWRend|Outrider Intercept Post|Tannery|Toxicarium
"Lev/BattleAxe/Chain [Poison, Outr:once, Rend]",Levy,Battle Axe,,Chainmail,,False,50,"Outrider: once,Poison,Rend",Random,14,75914,16537,1585,94050,0.0001,0.8072,0.9831,0.0002,0.84,26.61,-25.76,400,20000,0.70,9,16,Animal Husbandry|Armory|Blacksmith|Caravanery|Cipher Chamber|MWRend|Outrider Intercept Post|Tannery|Toxicarium
"Lev/Pike/Cloth [ApoHeal, Regen 5, Reroll]",Levy,Pike,,Cloth,,False,50,"Apothecary Heal,Regenerate 5,Regenerate Reroll",Random,84,85889,32516,961,119450,0.0007,0.7190,0.9920,0.0010,0.35,21.93,-21.57,1000,50000,1.68,5,9,Apothecary|Blacksmith|Carpentry|Hospitaller|Infirmary|Joinery
"Lev/Halberd/Cloth [ApoHeal, Regen 5, Reroll]",Levy,Halberd,,Cloth,,False,50,"Apothecary Heal,Regenerate 5,Regenerate Reroll",Random,74,85907,32615,854,119450,0.0006,0.7192,0.9929,0.0009,0.31,23.14,-22.83,1000,50000,1.48,5,9,Apothecary|Blacksmith|Carpentry|Hospitaller|Infirmary|Joinery
"Lev/BattleAxe/Cloth [ApoHeal, Regen 5, Reroll]",Levy,Battle Axe,,Cloth,,False,50,"Apothecary Heal,Regenerate 5,Regenerate Reroll",Random,27,85912,32626,885,119450,0.0002,0.7192,0.9926,0.0003,0.31,22.12,-21.80,1000,50000,0.54,5,9,Apothecary|Blacksmith|Carpentry|Hospitaller|Infirmary|Joinery
"Lev/Pike/Cloth [ApoHeal, Outr:once, Regen 5, Reroll]",Levy,Pike,,Cloth,,False,50,"Apothecary Heal,Outrider: once,Regenerate 5,Regenerate Reroll",Random,74,74933,17469,1574,94050,0.0008,0.7967,0.9833,0.0010,0.85,24.48,-23.63,1000,50000,1.48,6,19,Apothecary|Blacksmith|Caravanery|Cipher Chamber|Hospitaller|Infirmary|Outrider Intercept Post
"Lev/Halberd/Cloth [ApoHeal, Outr:once, Regen 5, Reroll]",Levy,Halberd,,Cloth,,False,50,"Apothecary Heal,Outrider: once,Regenerate 5,Regenerate Reroll",Random,96,74949,17468,1537,94050,0.0010,0.7969,0.9837,0.0013,0.84,25.77,-24.93,1000,50000,1.92,6,19,Apothecary|Blacksmith|Caravanery|Cipher Chamber|Hospitaller|Infirmary|Outrider Intercept Post
"Lev/BattleAxe/Cloth [ApoHeal, Outr:once, Regen 5, Reroll]",Levy,Battle Axe,,Cloth,,False,50,"Apothecary Heal,Outrider: once,Regenerate 5,Regenerate Reroll",Random,29,74932,17519,1570,94050,0.0003,0.7967,0.9833,0.0004,0.84,24.33,-23.49,1000,50000,0.58,6,19,Apothecary|Blacksmith|Caravanery|Cipher Chamber|Hospitaller|Infirmary|Outrider Intercept Post
"Lev/Pike/Cloth [Outr:every, ApoHeal, Regen 5, Reroll]",Levy,Pike,,Cloth,,False,50,"Apothecary Heal,Outrider: every,Regenerate 5,Regenerate Reroll",Random,389,70003,16018,7640,94050,0.0041,0.7443,0.9188,0.0055,3.13,22.81,-19.68,1000,50000,7.78,8,19,Apothecary|Blacksmith|Caravanery|Cipher Chamber|Hospitaller|Infirmary|Outrider Intercept Post|Outrider Mastery
"Lev/Halberd/Cloth [Outr:every, ApoHeal, Regen 5, Reroll]",Levy,Halberd,,Cloth,,False,50,"Apothecary Heal,Outrider: every,Regenerate 5,Regenerate Reroll",Random,511,70009,16013,7517,94050,0.0054,0.7444,0.9201,0.0072,3.11,23.81,-20.70,1000,50000,10.22,8,19,Apothecary|Blacksmith|Caravanery|Cipher Chamber|Hospitaller|Infirmary|Outrider Intercept Post|Outrider Mastery
"Lev/BattleAxe/Cloth [Outr:every, ApoHeal, Regen 5, Reroll]",Levy,Battle Axe,,Cloth,,False,50,"Apothecary Heal,Outrider: every,Regenerate 5,Regenerate Reroll",Random,109,70013,16325,7603,94050,0.0012,0.7444,0.9192,0.0016,3.05,22.15,-19.10,1000,50000,2.18,8,19,Apothecary|Blacksmith|Caravanery|Cipher Chamber|Hospitaller|Infirmary|Outrider Intercept Post|Outrider Mastery
"Lev/Pike/Cloth [ApoHeal, Regen 5, Reroll, Rend]",Levy,Pike,,Cloth,,False,50,"Apothecary Heal,Regenerate 5,Regenerate Reroll,Rend",Random,65,85906,32586,893,119450,0.0005,0.7192,0.9925,0.0008,0.32,21.15,-20.83,600,30000,2.17,5,15,Apothecary|Blacksmith|Hospitaller|Infirmary|Levy Hall|MWRend
"Lev/Halberd/Cloth [ApoHeal, Regen 5, Reroll, Rend]",Levy,Halberd,,Cloth,,False,50,"Apothecary Heal,Regenerate 5,Regenerate Reroll,Rend",Random,98,85895,32542,915,119450,0.0008,0.7191,0.9923,0.0011,0.34,22.46,-22.13,600,30000,3.27,5,15,Apothecary|Blacksmith|Hospitaller|Infirmary|Levy Hall|MWRend
"Lev/BattleAxe/Cloth [ApoHeal, Regen 5, Reroll, Rend]",Levy,Battle Axe,,Cloth,,False,50,"Apothecary Heal,Regenerate 5,Regenerate Reroll,Rend",Random,22,85912,32612,904,119450,0.0002,0.7192,0.9924,0.0003,0.32,21.45,-21.13,600,30000,0.73,5,15,Apothecary|Blacksmith|Hospitaller|Infirmary|Levy Hall|MWRend
"Lev/Pike/Cloth [Outr:once, ApoHeal, Rend, Regen 5, Reroll]",Levy,Pike,,Cloth,,False,50,"Apothecary Heal,Outrider: once,Regenerate 5,Regenerate Reroll,Rend",Random,67,74931,17475,1577,94050,0.0007,0.7967,0.9832,0.0009,0.85,23.57,-22.72,800,40000,1.68,7,22,Apothecary|Blacksmith|Caravanery|Cipher Chamber|Hospitaller|Infirmary|MWRend|Outrider Intercept Post
"Lev/Halberd/Cloth [Outr:once, ApoHeal, Rend, Regen 5, Reroll]",Levy,Halberd,,Cloth,,False,50,"Apothecary Heal,Outrider: once,Regenerate 5,Regenerate Reroll,Rend",Random,98,74931,17467,1554,94050,0.0010,0.7967,0.9835,0.0013,0.85,24.89,-24.04,800,40000,2.45,7,22,Apothecary|Blacksmith|Caravanery|Cipher Chamber|Hospitaller|Infirmary|MWRend|Outrider Intercept Post
"Lev/BattleAxe/Cloth [Outr:once, ApoHeal, Rend, Regen 5, Reroll]",Levy,Battle Axe,,Cloth,,False,50,"Apothecary Heal,Outrider: once,Regenerate 5,Regenerate Reroll,Rend",Random,27,74999,17515,1509,94050,0.0003,0.7974,0.9840,0.0004,0.81,23.41,-22.60,800,40000,0.68,7,22,Apothecary|Blacksmith|Caravanery|Cipher Chamber|Hospitaller|Infirmary|MWRend|Outrider Intercept Post
"Lev/Pike/Cloth [Outr:every, ApoHeal, Rend, Regen 5, Reroll]",Levy,Pike,,Cloth,,False,50,"Apothecary Heal,Outrider: every,Regenerate 5,Regenerate Reroll,Rend",Random,392,70071,16084,7503,94050,0.0042,0.7450,0.9202,0.0056,3.08,21.69,-18.61,800,40000,9.80,9,22,Apothecary|Blacksmith|Caravanery|Cipher Chamber|Hospitaller|Infirmary|MWRend|Outrider Intercept Post|Outrider Mastery
"Lev/Halberd/Cloth [Outr:every, ApoHeal, Rend, Regen 5, Reroll]",Levy,Halberd,,Cloth,,False,50,"Apothecary Heal,Outrider: every,Regenerate 5,Regenerate Reroll,Rend",Random,548,69950,15968,7584,94050,0.0058,0.7438,0.9194,0.0078,3.16,22.79,-19.63,800,40000,13.70,9,22,Apothecary|Blacksmith|Caravanery|Cipher Chamber|Hospitaller|Infirmary|MWRend|Outrider Intercept Post|Outrider Mastery
"Lev/BattleAxe/Cloth [Outr:every, ApoHeal, Rend, Regen 5, Reroll]",Levy,Battle Axe,,Cloth,,False,50,"Apothecary Heal,Outrider: every,Regenerate 5,Regenerate Reroll,Rend",Random,123,70002,16314,7611,94050,0.0013,0.7443,0.9191,0.0018,3.04,21.04,-18.00,800,40000,3.08,9,22,Apothecary|Blacksmith|Caravanery|Cipher Chamber|Hospitaller|Infirmary|MWRend|Outrider Intercept Post|Outrider Mastery
"Lev/Pike/Chain [ApoHeal, Regen 5, Reroll]",Levy,Pike,,Chainmail,,False,50,"Apothecary Heal,Regenerate 5,Regenerate Reroll",Random,68,85887,32587,908,119450,0.0006,0.7190,0.9924,0.0008,0.33,21.81,-21.48,600,30000,2.27,5,9,Animal Husbandry|Apothecary|Armory|Blacksmith|Hospitaller|Infirmary|Tannery
"Lev/Halberd/Chain [ApoHeal, Regen 5, Reroll]",Levy,Halberd,,Chainmail,,False,50,"Apothecary Heal,Regenerate 5,Regenerate Reroll",Random,94,85896,32582,878,119450,0.0008,0.7191,0.9926,0.0011,0.33,23.00,-22.67,600,30000,3.13,5,9,Animal Husbandry|Apothecary|Armory|Blacksmith|Hospitaller|Infirmary|Tannery
"Lev/BattleAxe/Chain [ApoHeal, Regen 5, Reroll]",Levy,Battle Axe,,Chainmail,,False,50,"Apothecary Heal,Regenerate 5,Regenerate Reroll",Random,18,85892,32651,889,119450,0.0002,0.7191,0.9926,0.0002,0.32,21.93,-21.61,600,30000,0.60,5,9,Animal Husbandry|Apothecary|Armory|Blacksmith|Hospitaller|Infirmary|Tannery
"Lev/Arming/Scutum/Chain [ApoHeal, Regen 5, Reroll]",Levy,Arming Sword,Scutum Shield,Chainmail,,False,50,"Apothecary Heal,Regenerate 5,Regenerate Reroll",Random,1280,85894,31410,866,119450,0.0107,0.7191,0.9928,0.0147,0.60,23.35,-22.75,400,20000,64.00,7,9,Animal Husbandry|Apothecary|Armory|Blacksmith|Carpentry|Hospitaller|Infirmary|Joinery|Tannery
"Lev/Flail/Scutum/Chain [ApoHeal, Regen 5, Reroll]",Levy,Flail,Scutum Shield,Chainmail,,False,50,"Apothecary Heal,Regenerate 5,Regenerate Reroll",Random,2939,84652,30975,884,119450,0.0246,0.7087,0.9926,0.0336,0.96,19.99,-19.03,400,20000,146.95,7,9,Animal Husbandry|Apothecary|Armory|Blacksmith|Carpentry|Hospitaller|Infirmary|Joinery|Tannery
"Lev/HuntBow/Chain [ApoHeal, Regen 5, Reroll]",Levy,,,Chainmail,Hunting Bow,False,50,"Apothecary Heal,Regenerate 5,Regenerate Reroll",Random,23,85906,32629,892,119450,0.0002,0.7192,0.9925,0.0003,0.33,27.00,-26.67,400,20000,1.15,7,9,Animal Husbandry|Apothecary|Armory|Blacksmith|Carpentry|Fletchery|Hospitaller|Infirmary|Tannery
"Lev/Longbow/Chain [ApoHeal, Regen 5, Reroll]",Levy,,,Chainmail,Longbow,False,50,"Apothecary Heal,Regenerate 5,Regenerate Reroll",Random,4494,82321,31736,899,119450,0.0376,0.6892,0.9925,0.0518,1.18,13.71,-12.54,400,20000,224.70,7,9,Animal Husbandry|Apothecary|Armory|Blacksmith|Carpentry|Fletchery|Hospitaller|Infirmary|Tannery
"MaA/Pike+Longbow/Chain (TY) [Cond+1, ApoHeal, ImmU, Regen 5, Reroll]",Man-at-Arms,Pike,,Chainmail,Longbow,True,50,"Apothecary Heal,Cond Field,Immune Unwieldy,Regenerate 5,Regenerate Reroll",Random,78902,5354,34311,883,119450,0.6605,0.0448,0.9926,0.9365,17.74,0.92,16.82,1400,70000,1127.17,9,15,Animal Husbandry|Apothecary|Armory|Blacksmith|Carpentry|Coliseum|Fletchery|Hospitaller|Infirmary|Tannery|Tiltyard
"MaA/Pike+Javelin/Chain (TY) [Cond+1, ApoHeal, ImmU, Regen 5, Reroll]",Man-at-Arms,Pike,,Chainmail,Javelin,True,50,"Apothecary Heal,Cond Field,Immune Unwieldy,Regenerate 5,Regenerate Reroll",Random,74476,6331,37688,955,119450,0.6235,0.0530,0.9920,0.9217,16.08,1.08,15.00,1400,70000,1063.94,9,15,Animal Husbandry|Apothecary|Armory|Blacksmith|Carpentry|Coliseum|Fletchery|Hospitaller|Infirmary|Tannery|Tiltyard
"MaA/Halberd+Longbow/Chain (TY) [Cond+1, ApoHeal, ImmU, Regen 5, Reroll]",Man-at-Arms,Halberd,,Chainmail,Longbow,True,50,"Apothecary Heal,Cond Field,Immune Unwieldy,Regenerate 5,Regenerate Reroll",Random,79615,5662,33302,871,119450,0.6665,0.0474,0.9927,0.9336,17.95,1.05,16.90,1400,70000,1137.36,9,15,Animal Husbandry|Apothecary|Armory|Blacksmith|Carpentry|Coliseum|Fletchery|Hospitaller|Infirmary|Tannery|Tiltyard
"MaA/Halberd+Javelin/Chain (TY) [Cond+1, ApoHeal, ImmU, Regen 5, Reroll]",Man-at-Arms,Halberd,,Chainmail,Javelin,True,50,"Apothecary Heal,Cond Field,Immune Unwieldy,Regenerate 5,Regenerate Reroll",Random,76452,6419,35676,903,119450,0.6400,0.0537,0.9924,0.9225,16.47,1.19,15.28,1400,70000,1092.17,9,15,Animal Husbandry|Apothecary|Armory|Blacksmith|Carpentry|Coliseum|Fletchery|Hospitaller|Infirmary|Tannery|Tiltyard
"MaA/BattleAxe+Longbow/Chain (TY) [Cond+1, ApoHeal, ImmU, Regen 5, Reroll]",Man-at-Arms,Battle Axe,,Chainmail,Longbow,True,50,"Apothecary Heal,Cond Field,Immune Unwieldy,Regenerate 5,Regenerate Reroll",Random,73501,6588,38434,927,119450,0.6153,0.0552,0.9922,0.9177,15.66,1.12,14.54,1400,70000,1050.01,9,15,Animal Husbandry|Apothecary|Armory|Blacksmith|Carpentry|Coliseum|Fletchery|Hospitaller|Infirmary|Tannery|Tiltyard
"MaA/BattleAxe+Javelin/Chain (TY) [Cond+1, ApoHeal, ImmU, Regen 5, Reroll]",Man-at-Arms,Battle Axe,,Chainmail,Javelin,True,50,"Apothecary Heal,Cond Field,Immune Unwieldy,Regenerate 5,Regenerate Reroll",Random,69221,7744,41569,916,119450,0.5795,0.0648,0.9923,0.8994,14.34,1.30,13.04,1400,70000,988.87,9,15,Animal Husbandry|Apothecary|Armory|Blacksmith|Carpentry|Coliseum|Fletchery|Hospitaller|Infirmary|Tannery|Tiltyard
"MaA/Arming+Longbow/Scutum/Chain (TY) [Cond+1, ApoHeal, ImmU, Regen 5, Reroll]",Man-at-Arms,Arming Sword,Scutum Shield,Chainmail,Longbow,True,50,"Apothecary Heal,Cond Field,Immune Unwieldy,Regenerate 5,Regenerate Reroll",Random,76891,5236,36409,914,119450,0.6437,0.0438,0.9923,0.9362,19.76,1.10,18.66,1200,60000,1281.52,10,15,Animal Husbandry|Apothecary|Armory|Blacksmith|Carpentry|Coliseum|Fletchery|Hospitaller|Infirmary|Joinery|Tannery|Tiltyard
"MaA/Arming+Javelin/Scutum/Chain (TY) [Cond+1, ApoHeal, ImmU, Regen 5, Reroll]",Man-at-Arms,Arming Sword,Scutum Shield,Chainmail,Javelin,True,50,"Apothecary Heal,Cond Field,Immune Unwieldy,Regenerate 5,Regenerate Reroll",Random,73953,5655,38943,899,119450,0.6191,0.0473,0.9925,0.9290,18.52,1.21,17.31,1200,60000,1232.55,10,15,Animal Husbandry|Apothecary|Armory|Blacksmith|Carpentry|Coliseum|Fletchery|Hospitaller|Infirmary|Joinery|Tannery|Tiltyard
"MaA/Flail+Longbow/Scutum/Chain (TY) [Cond+1, ApoHeal, ImmU, Regen 5, Reroll]",Man-at-Arms,Flail,Scutum Shield,Chainmail,Longbow,True,50,"Apothecary Heal,Cond Field,Immune Unwieldy,Regenerate 5,Regenerate Reroll",Random,83301,4126,31176,847,119450,0.6974,0.0345,0.9929,0.9528,22.58,0.79,21.80,1200,60000,1388.35,10,15,Animal Husbandry|Apothecary|Armory|Blacksmith|Carpentry|Coliseum|Fletchery|Hospitaller|Infirmary|Joinery|Tannery|Tiltyard
"MaA/Flail+Javelin/Scutum/Chain (TY) [Cond+1, ApoHeal, ImmU, Regen 5, Reroll]",Man-at-Arms,Flail,Scutum Shield,Chainmail,Javelin,True,50,"Apothecary Heal,Cond Field,Immune Unwieldy,Regenerate 5,Regenerate Reroll",Random,81239,4543,32845,823,119450,0.6801,0.0380,0.9931,0.9470,21.30,0.86,20.43,1200,60000,1353.98,10,15,Animal Husbandry|Apothecary|Armory|Blacksmith|Carpentry|Coliseum|Fletchery|Hospitaller|Infirmary|Joinery|Tannery|Tiltyard
"Lev/Pike/Chain [ApoHeal, Outr:once, Regen 5, Reroll]",Levy,Pike,,Chainmail,,False,50,"Apothecary Heal,Outrider: once,Regenerate 5,Regenerate Reroll",Random,56,74918,17485,1591,94050,0.0006,0.7966,0.9831,0.0007,0.86,24.46,-23.60,600,30000,1.87,8,19,Animal Husbandry|Apothecary|Armory|Blacksmith|Caravanery|Cipher Chamber|Hospitaller|Infirmary|Outrider Intercept Post|Tannery
"Lev/Halberd/Chain [ApoHeal, Outr:once, Regen 5, Reroll]",Levy,Halberd,,Chainmail,,False,50,"Apothecary Heal,Outrider: once,Regenerate 5,Regenerate Reroll",Random,99,74962,17436,1553,94050,0.0011,0.7970,0.9835,0.0013,0.85,25.67,-24.82,600,30000,3.30,8,19,Animal Husbandry|Apothecary|Armory|Blacksmith|Caravanery|Cipher Chamber|Hospitaller|Infirmary|Outrider Intercept Post|Tannery
"Lev/BattleAxe/Chain [ApoHeal, Outr:once, Regen 5, Reroll]",Levy,Battle Axe,,Chainmail,,False,50,"Apothecary Heal,Outrider: once,Regenerate 5,Regenerate Reroll",Random,26,74919,17516,1589,94050,0.0003,0.7966,0.9831,0.0003,0.85,24.13,-23.28,600,30000,0.87,8,19,Animal Husbandry|Apothecary|Armory|Blacksmith|Caravanery|Cipher Chamber|Hospitaller|Infirmary|Outrider Intercept Post|Tannery
"Lev/Arming/Scutum/Chain [ApoHeal, Outr:once, Regen 5, Reroll]",Levy,Arming Sword,Scutum Shield,Chainmail,,False,50,"Apothecary Heal,Outrider: once,Regenerate 5,Regenerate Reroll",Random,685,74934,16893,1538,94050,0.0073,0.7967,0.9836,0.0091,1.01,26.53,-25.52,400,20000,34.25,10,19,Animal Husbandry|Apothecary|Armory|Blacksmith|Caravanery|Carpentry|Cipher Chamber|Hospitaller|Infirmary|Joinery|Outrider Intercept Post|Tannery
"Lev/Flail/Scutum/Chain [ApoHeal, Outr:once, Regen 5, Reroll]",Levy,Flail,Scutum Shield,Chainmail,,False,50,"Apothecary Heal,Outrider: once,Regenerate 5,Regenerate Reroll",Random,1824,73444,17205,1577,94050,0.0194,0.7809,0.9832,0.0242,1.35,22.62,-21.27,400,20000,91.20,10,19,Animal Husbandry|Apothecary|Armory|Blacksmith|Caravanery|Carpentry|Cipher Chamber|Hospitaller|Infirmary|Joinery|Outrider Intercept Post|Tannery
"Lev/HuntBow/Chain [ApoHeal, Outr:once, Regen 5, Reroll]",Levy,,,Chainmail,Hunting Bow,False,50,"Apothecary Heal,Outrider: once,Regenerate 5,Regenerate Reroll",Random,22,74937,17508,1583,94050,0.0002,0.7968,0.9832,0.0003,0.85,30.41,-29.56,400,20000,1.10,10,19,Animal Husbandry|Apothecary|Armory|Blacksmith|Caravanery|Carpentry|Cipher Chamber|Fletchery|Hospitaller|Infirmary|Outrider Intercept Post|Tannery
"Lev/Longbow/Chain [ApoHeal, Outr:once, Regen 5, Reroll]",Levy,,,Chainmail,Longbow,False,50,"Apothecary Heal,Outrider: once,Regenerate 5,Regenerate Reroll",Random,3459,70162,18864,1565,94050,0.0368,0.7460,0.9834,0.0470,1.68,15.33,-13.65,400,20000,172.95,10,19,Animal Husbandry|Apothecary|Armory|Blacksmith|Caravanery|Carpentry|Cipher Chamber|Fletchery|Hospitaller|Infirmary|Outrider Intercept Post|Tannery
"Lev/Pike/Chain [Outr:every, ApoHeal, Regen 5, Reroll]",Levy,Pike,,Chainmail,,False,50,"Apothecary Heal,Outrider: every,Regenerate 5,Regenerate Reroll",Random,394,69987,16055,7614,94050,0.0042,0.7441,0.9190,0.0056,3.16,22.79,-19.63,600,30000,13.13,10,19,Animal Husbandry|Apothecary|Armory|Blacksmith|Caravanery|Cipher Chamber|Hospitaller|Infirmary|Outrider Intercept Post|Outrider Mastery|Tannery
"Lev/Halberd/Chain [Outr:every, ApoHeal, Regen 5, Reroll]",Levy,Halberd,,Chainmail,,False,50,"Apothecary Heal,Outrider: every,Regenerate 5,Regenerate Reroll",Random,537,69934,15994,7585,94050,0.0057,0.7436,0.9194,0.0076,3.19,23.76,-20.57,600,30000,17.90,10,19,Animal Husbandry|Apothecary|Armory|Blacksmith|Caravanery|Cipher Chamber|Hospitaller|Infirmary|Outrider Intercept Post|Outrider Mastery|Tannery
"Lev/BattleAxe/Chain [Outr:every, ApoHeal, Regen 5, Reroll]",Levy,Battle Axe,,Chainmail,,False,50,"Apothecary Heal,Outrider: every,Regenerate 5,Regenerate Reroll",Random,118,70036,16258,7638,94050,0.0013,0.7447,0.9188,0.0017,3.10,22.08,-18.97,600,30000,3.93,10,19,Animal Husbandry|Apothecary|Armory|Blacksmith|Caravanery|Cipher Chamber|Hospitaller|Infirmary|Outrider Intercept Post|Outrider Mastery|Tannery
"Lev/Pike/Chain [ApoHeal, Regen 5, Reroll, Rend]",Levy,Pike,,Chainmail,,False,50,"Apothecary Heal,Regenerate 5,Regenerate Reroll,Rend",Random,68,85893,32618,871,119450,0.0006,0.7191,0.9927,0.0008,0.32,21.06,-20.73,400,20000,3.40,6,12,Animal Husbandry|Apothecary|Armory|Blacksmith|Hospitaller|Infirmary|MWRend|Tannery
"Lev/Halberd/Chain [ApoHeal, Regen 5, Reroll, Rend]",Levy,Halberd,,Chainmail,,False,50,"Apothecary Heal,Regenerate 5,Regenerate Reroll,Rend",Random,89,85932,32523,906,119450,0.0007,0.7194,0.9924,0.0010,0.34,22.33,-21.99,400,20000,4.45,6,12,Animal Husbandry|Apothecary|Armory|Blacksmith|Hospitaller|Infirmary|MWRend|Tannery
"Lev/BattleAxe/Chain [ApoHeal, Regen 5, Reroll, Rend]",Levy,Battle Axe,,Chainmail,,False,50,"Apothecary Heal,Regenerate 5,Regenerate Reroll,Rend",Random,21,85901,32633,895,119450,0.0002,0.7191,0.9925,0.0002,0.32,21.21,-20.88,400,20000,1.05,6,12,Animal Husbandry|Apothecary|Armory|Blacksmith|Hospitaller|Infirmary|MWRend|Tannery
"Lev/Arming/Scutum/Chain [ApoHeal, Regen 5, Reroll, Rend]",Levy,Arming Sword,Scutum Shield,Chainmail,,False,50,"Apothecary Heal,Regenerate 5,Regenerate Reroll,Rend",Random,1330,85877,31333,910,119450,0.0111,0.7189,0.9924,0.0153,0.62,22.71,-22.08,200,10000,133.00,8,12,Animal Husbandry|Apothecary|Armory|Blacksmith|Carpentry|Hospitaller|Infirmary|Joinery|MWRend|Tannery
"Lev/Flail/Scutum/Chain [ApoHeal, Regen 5, Reroll, Rend]",Levy,Flail,Scutum Shield,Chainmail,,False,50,"Apothecary Heal,Regenerate 5,Regenerate Reroll,Rend",Random,2996,84657,30905,892,119450,0.0251,0.7087,0.9925,0.0342,0.98,19.08,-18.09,200,10000,299.60,8,12,Animal Husbandry|Apothecary|Armory|Blacksmith|Carpentry|Hospitaller|Infirmary|Joinery|MWRend|Tannery
"Lev/HuntBow/Chain [ApoHeal, Regen 5, Reroll, Rend]",Levy,,,Chainmail,Hunting Bow,False,50,"Apothecary Heal,Regenerate 5,Regenerate Reroll,Rend",Random,27,85891,32636,896,119450,0.0002,0.7191,0.9925,0.0003,0.32,26.54,-26.22,200,10000,2.70,8,12,Animal Husbandry|Apothecary|Armory|Blacksmith|Carpentry|Fletchery|Hospitaller|Infirmary|MWRend|Tannery
"Lev/Longbow/Chain [ApoHeal, Regen 5, Reroll, Rend]",Levy,,,Chainmail,Longbow,False,50,"Apothecary Heal,Regenerate 5,Regenerate Reroll,Rend",Random,4388,82402,31794,866,119450,0.0367,0.6898,0.9928,0.0506,1.15,12.45,-11.30,200,10000,438.80,8,12,Animal Husbandry|Apothecary|Armory|Blacksmith|Carpentry|Fletchery|Hospitaller|Infirmary|MWRend|Tannery
"MaA/Pike+Longbow/Chain (TY) [Cond+1, ApoHeal, Rend, ImmU, Regen 5, Reroll]",Man-at-Arms,Pike,,Chainmail,Longbow,True,50,"Apothecary Heal,Cond Field,Immune Unwieldy,Regenerate 5,Regenerate Reroll,Rend",Random,78907,5346,34304,893,119450,0.6606,0.0448,0.9925,0.9365,17.86,0.85,17.01,1200,60000,1315.12,10,18,Animal Husbandry|Apothecary|Armory|Blacksmith|Carpentry|Coliseum|Fletchery|Hospitaller|Infirmary|MWRend|Tannery|Tiltyard
"MaA/Pike+Javelin/Chain (TY) [Cond+1, ApoHeal, Rend, ImmU, Regen 5, Reroll]",Man-at-Arms,Pike,,Chainmail,Javelin,True,50,"Apothecary Heal,Cond Field,Immune Unwieldy,Regenerate 5,Regenerate Reroll,Rend",Random,74592,6269,37675,914,119450,0.6245,0.0525,0.9923,0.9225,16.15,0.98,15.17,1200,60000,1243.20,10,18,Animal Husbandry|Apothecary|Armory|Blacksmith|Carpentry|Coliseum|Fletchery|Hospitaller|Infirmary|MWRend|Tannery|Tiltyard
"MaA/Halberd+Longbow/Chain (TY) [Cond+1, ApoHeal, Rend, ImmU, Regen 5, Reroll]",Man-at-Arms,Halberd,,Chainmail,Longbow,True,50,"Apothecary Heal,Cond Field,Immune Unwieldy,Regenerate 5,Regenerate Reroll,Rend",Random,80231,5493,32840,886,119450,0.6717,0.0460,0.9926,0.9359,18.18,0.96,17.22,1200,60000,1337.18,10,18,Animal Husbandry|Apothecary|Armory|Blacksmith|Carpentry|Coliseum|Fletchery|Hospitaller|Infirmary|MWRend|Tannery|Tiltyard
"MaA/Halberd+Javelin/Chain (TY) [Cond+1, ApoHeal, Rend, ImmU, Regen 5, Reroll]",Man-at-Arms,Halberd,,Chainmail,Javelin,True,50,"Apothecary Heal,Cond Field,Immune Unwieldy,Regenerate 5,Regenerate Reroll,Rend",Random,76486,6352,35701,911,119450,0.6403,0.0532,0.9924,0.9233,16.54,1.12,15.42,1200,60000,1274.77,10,18,Animal Husbandry|Apothecary|Armory|Blacksmith|Carpentry|Coliseum|Fletchery|Hospitaller|Infirmary|MWRend|Tannery|Tiltyard
"MaA/BattleAxe+Longbow/Chain (TY) [Cond+1, ApoHeal, Rend, ImmU, Regen 5, Reroll]",Man-at-Arms,Battle Axe,,Chainmail,Longbow,True,50,"Apothecary Heal,Cond Field,Immune Unwieldy,Regenerate 5,Regenerate Reroll,Rend",Random,73931,6448,38180,891,119450,0.6189,0.0540,0.9925,0.9198,15.77,1.02,14.75,1200,60000,1232.18,10,18,Animal Husbandry|Apothecary|Armory|Blacksmith|Carpentry|Coliseum|Fletchery|Hospitaller|Infirmary|MWRend|Tannery|Tiltyard
"MaA/BattleAxe+Javelin/Chain (TY) [Cond+1, ApoHeal, Rend, ImmU, Regen 5, Reroll]",Man-at-Arms,Battle Axe,,Chainmail,Javelin,True,50,"Apothecary Heal,Cond Field,Immune Unwieldy,Regenerate 5,Regenerate Reroll,Rend",Random,69172,7603,41757,918,119450,0.5791,0.0637,0.9923,0.9010,14.39,1.22,13.17,1200,60000,1152.87,10,18,Animal Husbandry|Apothecary|Armory|Blacksmith|Carpentry|Coliseum|Fletchery|Hospitaller|Infirmary|MWRend|Tannery|Tiltyard
"Lev/Pike/Chain [Outr:once, ApoHeal, Rend, Regen 5, Reroll]",Levy,Pike,,Chainmail,,False,50,"Apothecary Heal,Outrider: once,Regenerate 5,Regenerate Reroll,Rend",Random,74,74950,17472,1554,94050,0.0008,0.7969,0.9835,0.0010,0.84,23.47,-22.62,400,20000,3.70,9,22,Animal Husbandry|Apothecary|Armory|Blacksmith|Caravanery|Cipher Chamber|Hospitaller|Infirmary|MWRend|Outrider Intercept Post|Tannery
"Lev/Halberd/Chain [Outr:once, ApoHeal, Rend, Regen 5, Reroll]",Levy,Halberd,,Chainmail,,False,50,"Apothecary Heal,Outrider: once,Regenerate 5,Regenerate Reroll,Rend",Random,81,74942,17486,1541,94050,0.0009,0.7968,0.9836,0.0011,0.84,24.78,-23.94,400,20000,4.05,9,22,Animal Husbandry|Apothecary|Armory|Blacksmith|Caravanery|Cipher Chamber|Hospitaller|Infirmary|MWRend|Outrider Intercept Post|Tannery
"Lev/BattleAxe/Chain [Outr:once, ApoHeal, Rend, Regen 5, Reroll]",Levy,Battle Axe,,Chainmail,,False,50,"Apothecary Heal,Outrider: once,Regenerate 5,Regenerate Reroll,Rend",Random,24,74909,17521,1596,94050,0.0003,0.7965,0.9830,0.0003,0.85,23.17,-22.31,400,20000,1.20,9,22,Animal Husbandry|Apothecary|Armory|Blacksmith|Caravanery|Cipher Chamber|Hospitaller|Infirmary|MWRend|Outrider Intercept Post|Tannery
"Lev/Pike/Cloth [ApoHeal, Poison, Regen 5, Reroll]",Levy,Pike,,Cloth,,False,50,"Apothecary Heal,Poison,Regenerate 5,Regenerate Reroll",Random,89,85910,32599,852,119450,0.0007,0.7192,0.9929,0.0010,0.32,21.06,-20.74,1000,50000,1.78,5,12,Apothecary|Blacksmith|Hospitaller|Infirmary|Toxicarium
"Lev/Halberd/Cloth [ApoHeal, Poison, Regen 5, Reroll]",Levy,Halberd,,Cloth,,False,50,"Apothecary Heal,Poison,Regenerate 5,Regenerate Reroll",Random,97,85904,32527,922,119450,0.0008,0.7192,0.9923,0.0011,0.34,21.88,-21.54,1000,50000,1.94,5,12,Apothecary|Blacksmith|Hospitaller|Infirmary|Toxicarium
"Lev/BattleAxe/Cloth [ApoHeal, Poison, Regen 5, Reroll]",Levy,Battle Axe,,Cloth,,False,50,"Apothecary Heal,Poison,Regenerate 5,Regenerate Reroll",Random,16,85931,32635,868,119450,0.0001,0.7194,0.9927,0.0002,0.31,21.67,-21.36,1000,50000,0.32,5,12,Apothecary|Blacksmith|Hospitaller|Infirmary|Toxicarium
"Lev/Pike/Cloth [Poison, Outr:once, ApoHeal, Regen 5, Reroll]",Levy,Pike,,Cloth,,False,50,"Apothecary Heal,Outrider: once,Poison,Regenerate 5,Regenerate Reroll",Random,77,74903,17496,1574,94050,0.0008,0.7964,0.9833,0.0010,0.85,23.43,-22.57,1000,50000,1.54,8,19,Apothecary|Blacksmith|Caravanery|Cipher Chamber|Hospitaller|Infirmary|Outrider Intercept Post|Toxicarium
"Lev/Halberd/Cloth [Poison, Outr:once, ApoHeal, Regen 5, Reroll]",Levy,Halberd,,Cloth,,False,50,"Apothecary Heal,Outrider: once,Poison,Regenerate 5,Regenerate Reroll",Random,120,74951,17438,1541,94050,0.0013,0.7969,0.9836,0.0016,0.85,24.23,-23.38,1000,50000,2.40,8,19,Apothecary|Blacksmith|Caravanery|Cipher Chamber|Hospitaller|Infirmary|Outrider Intercept Post|Toxicarium
"Lev/BattleAxe/Cloth [Poison, Outr:once, ApoHeal, Regen 5, Reroll]",Levy,Battle Axe,,Cloth,,False,50,"Apothecary Heal,Outrider: once,Poison,Regenerate 5,Regenerate Reroll",Random,21,74920,17549,1560,94050,0.0002,0.7966,0.9834,0.0003,0.83,23.73,-22.90,1000,50000,0.42,8,19,Apothecary|Blacksmith|Caravanery|Cipher Chamber|Hospitaller|Infirmary|Outrider Intercept Post|Toxicarium
"Lev/Pike/Cloth [Poison, Outr:every, ApoHeal, Regen 5, Reroll]",Levy,Pike,,Cloth,,False,50,"Apothecary Heal,Outrider: every,Poison,Regenerate 5,Regenerate Reroll",Random,540,70068,16087,7355,94050,0.0057,0.7450,0.9218,0.0076,3.07,21.32,-18.25,1000,50000,10.80,10,19,Apothecary|Blacksmith|Caravanery|Cipher Chamber|Hospitaller|Infirmary|Outrider Intercept Post|Outrider Mastery|Toxicarium
"Lev/Halberd/Cloth [Poison, Outr:every, ApoHeal, Regen 5, Reroll]",Levy,Halberd,,Cloth,,False,50,"Apothecary Heal,Outrider: every,Poison,Regenerate 5,Regenerate Reroll",Random,597,69962,15969,7522,94050,0.0063,0.7439,0.9200,0.0085,3.16,21.96,-18.80,1000,50000,11.94,10,19,Apothecary|Blacksmith|Caravanery|Cipher Chamber|Hospitaller|Infirmary|Outrider Intercept Post|Outrider Mastery|Toxicarium
"Lev/BattleAxe/Cloth [Poison, Outr:every, ApoHeal, Regen 5, Reroll]",Levy,Battle Axe,,Cloth,,False,50,"Apothecary Heal,Outrider: every,Poison,Regenerate 5,Regenerate Reroll",Random,132,70037,16313,7568,94050,0.0014,0.7447,0.9195,0.0019,3.05,21.49,-18.44,1000,50000,2.64,10,19,Apothecary|Blacksmith|Caravanery|Cipher Chamber|Hospitaller|Infirmary|Outrider Intercept Post|Outrider Mastery|Toxicarium
"Lev/Pike/Cloth [Poison, ApoHeal, Rend, Regen 5, Reroll]",Levy,Pike,,Cloth,,False,50,"Apothecary Heal,Poison,Regenerate 5,Regenerate Reroll,Rend",Random,88,85938,32574,850,119450,0.0007,0.7194,0.9929,0.0010,0.31,20.25,-19.94,800,40000,2.20,6,15,Apothecary|Blacksmith|Hospitaller|Infirmary|MWRend|Toxicarium
"Lev/Halberd/Cloth [Poison, ApoHeal, Rend, Regen 5, Reroll]",Levy,Halberd,,Cloth,,False,50,"Apothecary Heal,Poison,Regenerate 5,Regenerate Reroll,Rend",Random,93,85927,32557,873,119450,0.0008,0.7194,0.9927,0.0011,0.33,21.11,-20.78,800,40000,2.33,6,15,Apothecary|Blacksmith|Hospitaller|Infirmary|MWRend|Toxicarium
"Lev/BattleAxe/Cloth [Poison, ApoHeal, Rend, Regen 5, Reroll]",Levy,Battle Axe,,Cloth,,False,50,"Apothecary Heal,Poison,Regenerate 5,Regenerate Reroll,Rend",Random,18,85913,32677,842,119450,0.0002,0.7192,0.9930,0.0002,0.29,20.95,-20.66,800,40000,0.45,6,15,Apothecary|Blacksmith|Hospitaller|Infirmary|MWRend|Toxicarium
"Lev/Pike/Cloth [Poison, Outr:once, ApoHeal, Rend, Regen 5, Reroll]",Levy,Pike,,Cloth,,False,50,"Apothecary Heal,Outrider: once,Poison,Regenerate 5,Regenerate Reroll,Rend",Random,79,75000,17475,1496,94050,0.0008,0.7974,0.9841,0.0011,0.81,22.42,-21.61,800,40000,1.98,9,22,Apothecary|Blacksmith|Caravanery|Cipher Chamber|Hospitaller|Infirmary|MWRend|Outrider Intercept Post|Toxicarium
"Lev/Halberd/Cloth [Poison, Outr:once, ApoHeal, Rend, Regen 5, Reroll]",Levy,Halberd,,Cloth,,False,50,"Apothecary Heal,Outrider: once,Poison,Regenerate 5,Regenerate Reroll,Rend",Random,108,74870,17463,1609,94050,0.0011,0.7961,0.9829,0.0014,0.88,23.26,-22.38,800,40000,2.70,9,22,Apothecary|Blacksmith|Caravanery|Cipher Chamber|Hospitaller|Infirmary|MWRend|Outrider Intercept Post|Toxicarium
"Lev/BattleAxe/Cloth [Poison, Outr:once, ApoHeal, Rend, Regen 5, Reroll]",Levy,Battle Axe,,Cloth,,False,50,"Apothecary Heal,Outrider: once,Poison,Regenerate 5,Regenerate Reroll,Rend",Random,35,74920,17508,1587,94050,0.0004,0.7966,0.9831,0.0005,0.85,22.80,-21.95,800,40000,0.88,9,22,Apothecary|Blacksmith|Caravanery|Cipher Chamber|Hospitaller|Infirmary|MWRend|Outrider Intercept Post|Toxicarium
"Lev/Pike/Chain [ApoHeal, Poison, Regen 5, Reroll]",Levy,Pike,,Chainmail,,False,50,"Apothecary Heal,Poison,Regenerate 5,Regenerate Reroll",Random,75,85898,32588,889,119450,0.0006,0.7191,0.9926,0.0009,0.33,20.96,-20.63,600,30000,2.50,7,12,Animal Husbandry|Apothecary|Armory|Blacksmith|Hospitaller|Infirmary|Tannery|Toxicarium
"Lev/Halberd/Chain [ApoHeal, Poison, Regen 5, Reroll]",Levy,Halberd,,Chainmail,,False,50,"Apothecary Heal,Poison,Regenerate 5,Regenerate Reroll",Random,99,85920,32564,867,119450,0.0008,0.7193,0.9927,0.0012,0.32,21.74,-21.42,600,30000,3.30,7,12,Animal Husbandry|Apothecary|Armory|Blacksmith|Hospitaller|Infirmary|Tannery|Toxicarium
"Lev/BattleAxe/Chain [ApoHeal, Poison, Regen 5, Reroll]",Levy,Battle Axe,,Chainmail,,False,50,"Apothecary Heal,Poison,Regenerate 5,Regenerate Reroll",Random,18,85925,32630,877,119450,0.0002,0.7193,0.9927,0.0002,0.31,21.48,-21.17,600,30000,0.60,7,12,Animal Husbandry|Apothecary|Armory|Blacksmith|Hospitaller|Infirmary|Tannery|Toxicarium
"Lev/Arming/Scutum/Chain [ApoHeal, Poison, Regen 5, Reroll]",Levy,Arming Sword,Scutum Shield,Chainmail,,False,50,"Apothecary Heal,Poison,Regenerate 5,Regenerate Reroll",Random,2425,85563,30562,900,119450,0.0203,0.7163,0.9925,0.0276,0.87,19.92,-19.06,400,20000,121.25,9,12,Animal Husbandry|Apothecary|Armory|Blacksmith|Carpentry|Hospitaller|Infirmary|Joinery|Tannery|Toxicarium
"Lev/Flail/Scutum/Chain [ApoHeal, Poison, Regen 5, Reroll]",Levy,Flail,Scutum Shield,Chainmail,,False,50,"Apothecary Heal,Poison,Regenerate 5,Regenerate Reroll",Random,4885,81241,32404,920,119450,0.0409,0.6801,0.9923,0.0567,1.34,16.95,-15.61,400,20000,244.25,9,12,Animal Husbandry|Apothecary|Armory|Blacksmith|Carpentry|Hospitaller|Infirmary|Joinery|Tannery|Toxicarium
"Lev/HuntBow/Chain [ApoHeal, Poison, Regen 5, Reroll]",Levy,,,Chainmail,Hunting Bow,False,50,"Apothecary Heal,Poison,Regenerate 5,Regenerate Reroll",Random,55,85928,32591,876,119450,0.0005,0.7194,0.9927,0.0006,0.32,24.73,-24.41,400,20000,2.75,9,12,Animal Husbandry|Apothecary|Armory|Blacksmith|Carpentry|Fletchery|Hospitaller|Infirmary|Tannery|Toxicarium
"Lev/Longbow/Chain [ApoHeal, Poison, Regen 5, Reroll]",Levy,,,Chainmail,Longbow,False,50,"Apothecary Heal,Poison,Regenerate 5,Regenerate Reroll",Random,4692,81213,32667,878,119450,0.0393,0.6799,0.9926,0.0546,1.21,12.99,-11.78,400,20000,234.60,9,12,Animal Husbandry|Apothecary|Armory|Blacksmith|Carpentry|Fletchery|Hospitaller|Infirmary|Tannery|Toxicarium
"Lev/Pike/Chain [Poison, Outr:once, ApoHeal, Regen 5, Reroll]",Levy,Pike,,Chainmail,,False,50,"Apothecary Heal,Outrider: once,Poison,Regenerate 5,Regenerate Reroll",Random,73,74897,17482,1598,94050,0.0008,0.7964,0.9830,0.0010,0.87,23.36,-22.49,600,30000,2.43,10,19,Animal Husbandry|Apothecary|Armory|Blacksmith|Caravanery|Cipher Chamber|Hospitaller|Infirmary|Outrider Intercept Post|Tannery|Toxicarium
"Lev/Halberd/Chain [Poison, Outr:once, ApoHeal, Regen 5, Reroll]",Levy,Halberd,,Chainmail,,False,50,"Apothecary Heal,Outrider: once,Poison,Regenerate 5,Regenerate Reroll",Random,97,74940,17442,1571,94050,0.0010,0.7968,0.9833,0.0013,0.86,24.11,-23.25,600,30000,3.23,10,19,Animal Husbandry|Apothecary|Armory|Blacksmith|Caravanery|Cipher Chamber|Hospitaller|Infirmary|Outrider Intercept Post|Tannery|Toxicarium
"Lev/BattleAxe/Chain [Poison, Outr:once, ApoHeal, Regen 5, Reroll]",Levy,Battle Axe,,Chainmail,,False,50,"Apothecary Heal,Outrider: once,Poison,Regenerate 5,Regenerate Reroll",Random,23,74928,17538,1561,94050,0.0002,0.7967,0.9834,0.0003,0.83,23.52,-22.69,600,30000,0.77,10,19,Animal Husbandry|Apothecary|Armory|Blacksmith|Caravanery|Cipher Chamber|Hospitaller|Infirmary|Outrider Intercept Post|Tannery|Toxicarium
"Lev/Pike/Chain [Poison, ApoHeal, Rend, Regen 5, Reroll]",Levy,Pike,,Chainmail,,False,50,"Apothecary Heal,Poison,Regenerate 5,Regenerate Reroll,Rend",Random,104,85877,32503,966,119450,0.0009,0.7189,0.9919,0.0012,0.37,20.22,-19.85,400,20000,5.20,8,15,Animal Husbandry|Apothecary|Armory|Blacksmith|Hospitaller|Infirmary|MWRend|Tannery|Toxicarium
"Lev/Halberd/Chain [Poison, ApoHeal, Rend, Regen 5, Reroll]",Levy,Halberd,,Chainmail,,False,50,"Apothecary Heal,Poison,Regenerate 5,Regenerate Reroll,Rend",Random,95,85902,32556,897,119450,0.0008,0.7191,0.9925,0.0011,0.33,20.99,-20.65,400,20000,4.75,8,15,Animal Husbandry|Apothecary|Armory|Blacksmith|Hospitaller|Infirmary|MWRend|Tannery|Toxicarium
"Lev/BattleAxe/Chain [Poison, ApoHeal, Rend, Regen 5, Reroll]",Levy,Battle Axe,,Chainmail,,False,50,"Apothecary Heal,Poison,Regenerate 5,Regenerate Reroll,Rend",Random,22,85899,32624,905,119450,0.0002,0.7191,0.9924,0.0003,0.33,20.72,-20.39,400,20000,1.10,8,15,Animal Husbandry|Apothecary|Armory|Blacksmith|Hospitaller|Infirmary|MWRend|Tannery|Toxicarium
"Lev/Arming/Scutum/Chain [Poison, ApoHeal, Rend, Regen 5, Reroll]",Levy,Arming Sword,Scutum Shield,Chainmail,,False,50,"Apothecary Heal,Poison,Regenerate 5,Regenerate Reroll,Rend",Random,2448,85568,30566,868,119450,0.0205,0.7163,0.9927,0.0278,0.85,19.00,-18.15,200,10000,244.80,10,15,Animal Husbandry|Apothecary|Armory|Blacksmith|Carpentry|Hospitaller|Infirmary|Joinery|MWRend|Tannery|Toxicarium
"Lev/Flail/Scutum/Chain [Poison, ApoHeal, Rend, Regen 5, Reroll]",Levy,Flail,Scutum Shield,Chainmail,,False,50,"Apothecary Heal,Poison,Regenerate 5,Regenerate Reroll,Rend",Random,5012,81343,32205,890,119450,0.0420,0.6810,0.9925,0.0580,1.35,15.87,-14.52,200,10000,501.20,10,15,Animal Husbandry|Apothecary|Armory|Blacksmith|Carpentry|Hospitaller|Infirmary|Joinery|MWRend|Tannery|Toxicarium
"Lev/HuntBow/Chain [Poison, ApoHeal, Rend, Regen 5, Reroll]",Levy,,,Chainmail,Hunting Bow,False,50,"Apothecary Heal,Poison,Regenerate 5,Regenerate Reroll,Rend",Random,50,85898,32585,917,119450,0.0004,0.7191,0.9923,0.0006,0.34,24.15,-23.82,200,10000,5.00,10,15,Animal Husbandry|Apothecary|Armory|Blacksmith|Carpentry|Fletchery|Hospitaller|Infirmary|MWRend|Tannery|Toxicarium
"Lev/Longbow/Chain [Poison, ApoHeal, Rend, Regen 5, Reroll]",Levy,,,Chainmail,Longbow,False,50,"Apothecary Heal,Poison,Regenerate 5,Regenerate Reroll,Rend",Random,4624,81285,32685,856,119450,0.0387,0.6805,0.9928,0.0538,1.19,11.67,-10.48,200,10000,462.40,10,15,Animal Husbandry|Apothecary|Armory|Blacksmith|Carpentry|Fletchery|Hospitaller|Infirmary|MWRend|Tannery|Toxicarium
Lev/Pike/Cloth [Unshakable],Levy,Pike,,Cloth,,False,50,Unshakable,Random,62,55629,20707,752,77150,0.0008,0.7210,0.9903,0.0011,0.40,22.67,-22.27,800,40000,1.55,5,19,Blacksmith|Carpentry|Joinery|Levy Hall|Preceptory
Lev/Halberd/Cloth [Unshakable],Levy,Halberd,,Cloth,,False,50,Unshakable,Random,56,55576,20718,800,77150,0.0007,0.7204,0.9896,0.0010,0.43,24.35,-23.92,800,40000,1.40,5,19,Blacksmith|Carpentry|Joinery|Levy Hall|Preceptory
Lev/BattleAxe/Cloth [Unshakable],Levy,Battle Axe,,Cloth,,False,50,Unshakable,Random,22,55648,20723,757,77150,0.0003,0.7213,0.9902,0.0004,0.39,23.79,-23.39,800,40000,0.55,5,19,Blacksmith|Carpentry|Joinery|Levy Hall|Preceptory
"Lev/Pike/Cloth [Unshakable, Rend]",Levy,Pike,,Cloth,,False,50,"Rend,Unshakable",Random,60,55627,20728,735,77150,0.0008,0.7210,0.9905,0.0011,0.39,21.97,-21.58,800,40000,1.50,5,22,Blacksmith|Carpentry|Joinery|MWRend|Preceptory
"Lev/Halberd/Cloth [Unshakable, Rend]",Levy,Halberd,,Cloth,,False,50,"Rend,Unshakable",Random,67,55660,20719,704,77150,0.0009,0.7215,0.9909,0.0012,0.38,23.77,-23.39,800,40000,1.68,5,22,Blacksmith|Carpentry|Joinery|MWRend|Preceptory
"Lev/BattleAxe/Cloth [Unshakable, Rend]",Levy,Battle Axe,,Cloth,,False,50,"Rend,Unshakable",Random,21,55612,20754,763,77150,0.0003,0.7208,0.9901,0.0004,0.39,23.16,-22.77,800,40000,0.53,5,22,Blacksmith|Carpentry|Joinery|MWRend|Preceptory
Lev/Pike/Chain [Unshakable],Levy,Pike,,Chainmail,,False,50,Unshakable,Random,52,55598,20764,736,77150,0.0007,0.7206,0.9905,0.0009,0.41,22.11,-21.71,400,20000,2.60,5,19,Animal Husbandry|Armory|Blacksmith|Levy Hall|Preceptory|Tannery
Lev/Halberd/Chain [Unshakable],Levy,Halberd,,Chainmail,,False,50,Unshakable,Random,86,55578,20726,760,77150,0.0011,0.7204,0.9901,0.0015,0.43,23.76,-23.33,400,20000,4.30,5,19,Animal Husbandry|Armory|Blacksmith|Levy Hall|Preceptory|Tannery
Lev/BattleAxe/Chain [Unshakable],Levy,Battle Axe,,Chainmail,,False,50,Unshakable,Random,14,55576,20817,743,77150,0.0002,0.7204,0.9904,0.0003,0.39,23.11,-22.72,400,20000,0.70,5,19,Animal Husbandry|Armory|Blacksmith|Levy Hall|Preceptory|Tannery
Lev/Arming/Scutum/Chain [Unshakable],Levy,Arming Sword,Scutum Shield,Chainmail,,False,50,Unshakable,Random,1249,55361,19771,769,77150,0.0162,0.7176,0.9900,0.0221,1.05,22.70,-21.65,400,20000,62.45,6,19,Animal Husbandry|Armory|Blacksmith|Carpentry|Joinery|Preceptory|Tannery
Lev/Flail/Scutum/Chain [Unshakable],Levy,Flail,Scutum Shield,Chainmail,,False,50,Unshakable,Random,2532,54729,19142,747,77150,0.0328,0.7094,0.9903,0.0442,1.67,19.59,-17.92,400,20000,126.60,6,19,Animal Husbandry|Armory|Blacksmith|Carpentry|Joinery|Preceptory|Tannery
Lev/HuntBow/Chain [Unshakable],Levy,,,Chainmail,Hunting Bow,False,50,Unshakable,Random,21,55567,20809,753,77150,0.0003,0.7202,0.9902,0.0004,0.40,27.00,-26.60,400,20000,1.05,6,19,Animal Husbandry|Armory|Blacksmith|Carpentry|Fletchery|Preceptory|Tannery
Lev/Longbow/Chain [Unshakable],Levy,,,Chainmail,Longbow,False,50,Unshakable,Random,3858,53598,18980,714,77150,0.0500,0.6947,0.9907,0.0671,1.95,14.23,-12.28,400,20000,192.90,6,19,Animal Husbandry|Armory|Blacksmith|Carpentry|Fletchery|Preceptory|Tannery
"MaA/Pike+Longbow/Chain (TY) [ImmU, Unshakable, Cond+1]",Man-at-Arms,Pike,,Chainmail,Longbow,True,50,"Cond Field,Immune Unwieldy,Unshakable",Random,34842,28757,12735,816,77150,0.4516,0.3727,0.9894,0.5478,12.04,8.69,3.34,1400,70000,497.74,8,19,Animal Husbandry|Armory|Blacksmith|Carpentry|Coliseum|Fletchery|Preceptory|Tannery|Tiltyard
"MaA/Pike+Javelin/Chain (TY) [ImmU, Unshakable, Cond+1]",Man-at-Arms,Pike,,Chainmail,Javelin,True,50,"Cond Field,Immune Unwieldy,Unshakable",Random,31443,31740,13226,741,77150,0.4076,0.4114,0.9904,0.4976,10.78,10.04,0.74,1400,70000,449.19,8,19,Animal Husbandry|Armory|Blacksmith|Carpentry|Coliseum|Fletchery|Preceptory|Tannery|Tiltyard
"MaA/Halberd+Longbow/Chain (TY) [ImmU, Unshakable, Cond+1]",Man-at-Arms,Halberd,,Chainmail,Longbow,True,50,"Cond Field,Immune Unwieldy,Unshakable",Random,34118,30186,12114,732,77150,0.4422,0.3913,0.9905,0.5306,11.55,9.70,1.85,1400,70000,487.40,8,19,Animal Husbandry|Armory|Blacksmith|Carpentry|Coliseum|Fletchery|Preceptory|Tannery|Tiltyard
"MaA/Halberd+Javelin/Chain (TY) [ImmU, Unshakable, Cond+1]",Man-at-Arms,Halberd,,Chainmail,Javelin,True,50,"Cond Field,Immune Unwieldy,Unshakable",Random,31050,32843,12504,753,77150,0.4025,0.4257,0.9902,0.4860,10.52,11.14,-0.61,1400,70000,443.57,8,19,Animal Husbandry|Armory|Blacksmith|Carpentry|Coliseum|Fletchery|Preceptory|Tannery|Tiltyard
"MaA/BattleAxe+Longbow/Chain (TY) [ImmU, Unshakable, Cond+1]",Man-at-Arms,Battle Axe,,Chainmail,Longbow,True,50,"Cond Field,Immune Unwieldy,Unshakable",Random,30765,32064,13565,756,77150,0.3988,0.4156,0.9902,0.4897,10.46,10.48,-0.02,1400,70000,439.50,8,19,Animal Husbandry|Armory|Blacksmith|Carpentry|Coliseum|Fletchery|Preceptory|Tannery|Tiltyard
"MaA/BattleAxe+Javelin/Chain (TY) [ImmU, Unshakable, Cond+1]",Man-at-Arms,Battle Axe,,Chainmail,Javelin,True,50,"Cond Field,Immune Unwieldy,Unshakable",Random,28497,34049,13882,722,77150,0.3694,0.4413,0.9906,0.4556,9.66,11.87,-2.21,1400,70000,407.10,8,19,Animal Husbandry|Armory|Blacksmith|Carpentry|Coliseum|Fletchery|Preceptory|Tannery|Tiltyard
"MaA/Arming+Longbow/Scutum/Chain (TY) [ImmU, Unshakable, Cond+1]",Man-at-Arms,Arming Sword,Scutum Shield,Chainmail,Longbow,True,50,"Cond Field,Immune Unwieldy,Unshakable",Random,41824,12468,22126,732,77150,0.5421,0.1616,0.9905,0.7704,16.33,4.05,12.27,1200,60000,697.07,9,19,Animal Husbandry|Armory|Blacksmith|Carpentry|Coliseum|Fletchery|Joinery|Preceptory|Tannery|Tiltyard
"MaA/Arming+Javelin/Scutum/Chain (TY) [ImmU, Unshakable, Cond+1]",Man-at-Arms,Arming Sword,Scutum Shield,Chainmail,Javelin,True,50,"Cond Field,Immune Unwieldy,Unshakable",Random,39370,13858,23233,689,77150,0.5103,0.1796,0.9911,0.7396,15.33,4.67,10.65,1200,60000,656.17,9,19,Animal Husbandry|Armory|Blacksmith|Carpentry|Coliseum|Fletchery|Joinery|Preceptory|Tannery|Tiltyard
"MaA/Flail+Longbow/Scutum/Chain (TY) [ImmU, Unshakable, Cond+1]",Man-at-Arms,Flail,Scutum Shield,Chainmail,Longbow,True,50,"Cond Field,Immune Unwieldy,Unshakable",Random,47059,10494,18881,716,77150,0.6100,0.1360,0.9907,0.8177,18.26,3.24,15.02,1200,60000,784.32,9,19,Animal Husbandry|Armory|Blacksmith|Carpentry|Coliseum|Fletchery|Joinery|Preceptory|Tannery|Tiltyard
"MaA/Flail+Javelin/Scutum/Chain (TY) [ImmU, Unshakable, Cond+1]",Man-at-Arms,Flail,Scutum Shield,Chainmail,Javelin,True,50,"Cond Field,Immune Unwieldy,Unshakable",Random,44355,12030,20030,735,77150,0.5749,0.1559,0.9905,0.7866,17.07,3.84,13.22,1200,60000,739.25,9,19,Animal Husbandry|Armory|Blacksmith|Carpentry|Coliseum|Fletchery|Joinery|Preceptory|Tannery|Tiltyard
"MaA/Pike+Longbow/Chain (TY) [Drilled, Nimble, Cond+1, Unshakable, ImmU, Immune Strain]",Man-at-Arms,Pike,,Chainmail,Longbow,True,50,"Cond Field,Drilled,Immune Strain,Immune Unwieldy,Nimble,Unshakable",Random,43973,25950,2632,745,73300,0.5999,0.3540,0.9898,0.6289,14.63,8.56,6.07,1400,70000,628.19,10,23,Animal Husbandry|Armory|Blacksmith|Carpentry|Coliseum|Fletchery|Preceptory|Royal Pavilion|Tannery|Tiltyard
"MaA/Pike+Javelin/Chain (TY) [Drilled, Nimble, Cond+1, Unshakable, ImmU, Immune Strain]",Man-at-Arms,Pike,,Chainmail,Javelin,True,50,"Cond Field,Drilled,Immune Strain,Immune Unwieldy,Nimble,Unshakable",Random,41321,28576,2708,695,73300,0.5637,0.3898,0.9905,0.5912,13.55,9.79,3.76,1400,70000,590.30,10,23,Animal Husbandry|Armory|Blacksmith|Carpentry|Coliseum|Fletchery|Preceptory|Royal Pavilion|Tannery|Tiltyard
"MaA/Halberd+Longbow/Chain (TY) [Drilled, Nimble, Cond+1, Unshakable, ImmU, Immune Strain]",Man-at-Arms,Halberd,,Chainmail,Longbow,True,50,"Cond Field,Drilled,Immune Strain,Immune Unwieldy,Nimble,Unshakable",Random,42466,27397,2732,705,73300,0.5793,0.3738,0.9904,0.6078,14.03,9.54,4.49,1400,70000,606.66,10,23,Animal Husbandry|Armory|Blacksmith|Carpentry|Coliseum|Fletchery|Preceptory|Royal Pavilion|Tannery|Tiltyard
"MaA/Halberd+Javelin/Chain (TY) [Drilled, Nimble, Cond+1, Unshakable, ImmU, Immune Strain]",Man-at-Arms,Halberd,,Chainmail,Javelin,True,50,"Cond Field,Drilled,Immune Strain,Immune Unwieldy,Nimble,Unshakable",Random,40246,29461,2860,733,73300,0.5491,0.4019,0.9900,0.5774,13.16,10.80,2.36,1400,70000,574.94,10,23,Animal Husbandry|Armory|Blacksmith|Carpentry|Coliseum|Fletchery|Preceptory|Royal Pavilion|Tannery|Tiltyard
"MaA/BattleAxe+Longbow/Chain (TY) [Drilled, Nimble, Cond+1, Unshakable, ImmU, Immune Strain]",Man-at-Arms,Battle Axe,,Chainmail,Longbow,True,50,"Cond Field,Drilled,Immune Strain,Immune Unwieldy,Nimble,Unshakable",Random,40673,28995,2847,785,73300,0.5549,0.3956,0.9893,0.5838,13.15,10.38,2.77,1400,70000,581.04,10,23,Animal Husbandry|Armory|Blacksmith|Carpentry|Coliseum|Fletchery|Preceptory|Royal Pavilion|Tannery|Tiltyard
"MaA/BattleAxe+Javelin/Chain (TY) [Drilled, Nimble, Cond+1, Unshakable, ImmU, Immune Strain]",Man-at-Arms,Battle Axe,,Chainmail,Javelin,True,50,"Cond Field,Drilled,Immune Strain,Immune Unwieldy,Nimble,Unshakable",Random,38891,30678,3004,727,73300,0.5306,0.4185,0.9901,0.5590,12.41,11.61,0.80,1400,70000,555.59,10,23,Animal Husbandry|Armory|Blacksmith|Carpentry|Coliseum|Fletchery|Preceptory|Royal Pavilion|Tannery|Tiltyard
"Lev/Pike/Chain [Unshakable, Rend]",Levy,Pike,,Chainmail,,False,50,"Rend,Unshakable",Random,61,55593,20753,743,77150,0.0008,0.7206,0.9904,0.0011,0.42,21.49,-21.07,400,20000,3.05,5,22,Animal Husbandry|Armory|Blacksmith|MWRend|Preceptory|Tannery
"Lev/Halberd/Chain [Unshakable, Rend]",Levy,Halberd,,Chainmail,,False,50,"Rend,Unshakable",Random,94,55560,20683,813,77150,0.0012,0.7202,0.9895,0.0017,0.47,23.20,-22.74,400,20000,4.70,5,22,Animal Husbandry|Armory|Blacksmith|MWRend|Preceptory|Tannery
"Lev/BattleAxe/Chain [Unshakable, Rend]",Levy,Battle Axe,,Chainmail,,False,50,"Rend,Unshakable",Random,18,55553,20786,793,77150,0.0002,0.7201,0.9897,0.0003,0.44,22.48,-22.04,400,20000,0.90,5,22,Animal Husbandry|Armory|Blacksmith|MWRend|Preceptory|Tannery
"Lev/Arming/Scutum/Chain [Unshakable, Rend]",Levy,Arming Sword,Scutum Shield,Chainmail,,False,50,"Rend,Unshakable",Random,1216,55375,19812,747,77150,0.0158,0.7178,0.9903,0.0215,1.02,22.07,-21.05,200,10000,121.60,7,22,Animal Husbandry|Armory|Blacksmith|Carpentry|Joinery|MWRend|Preceptory|Tannery
"Lev/Flail/Scutum/Chain [Unshakable, Rend]",Levy,Flail,Scutum Shield,Chainmail,,False,50,"Rend,Unshakable",Random,2491,54706,19159,794,77150,0.0323,0.7091,0.9897,0.0436,1.68,18.77,-17.09,200,10000,249.10,7,22,Animal Husbandry|Armory|Blacksmith|Carpentry|Joinery|MWRend|Preceptory|Tannery
"Lev/HuntBow/Chain [Unshakable, Rend]",Levy,,,Chainmail,Hunting Bow,False,50,"Rend,Unshakable",Random,25,55582,20825,718,77150,0.0003,0.7204,0.9907,0.0004,0.39,26.56,-26.17,200,10000,2.50,7,22,Animal Husbandry|Armory|Blacksmith|Carpentry|Fletchery|MWRend|Preceptory|Tannery
"Lev/Longbow/Chain [Unshakable, Rend]",Levy,,,Chainmail,Longbow,False,50,"Rend,Unshakable",Random,3769,53624,19038,719,77150,0.0489,0.6951,0.9907,0.0657,1.93,13.04,-11.12,200,10000,376.90,7,22,Animal Husbandry|Armory|Blacksmith|Carpentry|Fletchery|MWRend|Preceptory|Tannery
"MaA/Pike+Longbow/Chain (TY) [ImmU, Rend, Unshakable, Cond+1]",Man-at-Arms,Pike,,Chainmail,Longbow,True,50,"Cond Field,Immune Unwieldy,Rend,Unshakable",Random,35104,28541,12755,750,77150,0.4550,0.3699,0.9903,0.5516,12.18,7.92,4.27,1200,60000,585.07,9,22,Animal Husbandry|Armory|Blacksmith|Carpentry|Coliseum|Fletchery|MWRend|Preceptory|Tannery|Tiltyard
"MaA/Pike+Javelin/Chain (TY) [ImmU, Rend, Unshakable, Cond+1]",Man-at-Arms,Pike,,Chainmail,Javelin,True,50,"Cond Field,Immune Unwieldy,Rend,Unshakable",Random,31448,31742,13228,732,77150,0.4076,0.4114,0.9905,0.4977,10.90,9.40,1.50,1200,60000,524.13,9,22,Animal Husbandry|Armory|Blacksmith|Carpentry|Coliseum|Fletchery|MWRend|Preceptory|Tannery|Tiltyard
"MaA/Halberd+Longbow/Chain (TY) [ImmU, Rend, Unshakable, Cond+1]",Man-at-Arms,Halberd,,Chainmail,Longbow,True,50,"Cond Field,Immune Unwieldy,Rend,Unshakable",Random,34170,30072,12106,802,77150,0.4429,0.3898,0.9896,0.5319,11.73,9.08,2.64,1200,60000,569.50,9,22,Animal Husbandry|Armory|Blacksmith|Carpentry|Coliseum|Fletchery|MWRend|Preceptory|Tannery|Tiltyard
"MaA/Halberd+Javelin/Chain (TY) [ImmU, Rend, Unshakable, Cond+1]",Man-at-Arms,Halberd,,Chainmail,Javelin,True,50,"Cond Field,Immune Unwieldy,Rend,Unshakable",Random,31182,32511,12709,748,77150,0.4042,0.4214,0.9903,0.4896,10.62,10.44,0.18,1200,60000,519.70,9,22,Animal Husbandry|Armory|Blacksmith|Carpentry|Coliseum|Fletchery|MWRend|Preceptory|Tannery|Tiltyard
"MaA/BattleAxe+Longbow/Chain (TY) [ImmU, Rend, Unshakable, Cond+1]",Man-at-Arms,Battle Axe,,Chainmail,Longbow,True,50,"Cond Field,Immune Unwieldy,Rend,Unshakable",Random,30705,32003,13676,766,77150,0.3980,0.4148,0.9901,0.4897,10.53,9.90,0.64,1200,60000,511.75,9,22,Animal Husbandry|Armory|Blacksmith|Carpentry|Coliseum|Fletchery|MWRend|Preceptory|Tannery|Tiltyard
"MaA/BattleAxe+Javelin/Chain (TY) [ImmU, Rend, Unshakable, Cond+1]",Man-at-Arms,Battle Axe,,Chainmail,Javelin,True,50,"Cond Field,Immune Unwieldy,Rend,Unshakable",Random,28458,34110,13835,747,77150,0.3689,0.4421,0.9903,0.4548,9.70,11.42,-1.72,1200,60000,474.30,9,22,Animal Husbandry|Armory|Blacksmith|Carpentry|Coliseum|Fletchery|MWRend|Preceptory|Tannery|Tiltyard
"MaA/Arming+Longbow/Scutum/Chain (TY) [ImmU, Rend, Unshakable, Cond+1]",Man-at-Arms,Arming Sword,Scutum Shield,Chainmail,Longbow,True,50,"Cond Field,Immune Unwieldy,Rend,Unshakable",Random,42006,12449,22000,695,77150,0.5445,0.1614,0.9910,0.7714,16.38,3.81,12.57,1000,50000,840.12,10,22,Animal Husbandry|Armory|Blacksmith|Carpentry|Coliseum|Fletchery|Joinery|MWRend|Preceptory|Tannery|Tiltyard
"MaA/Arming+Javelin/Scutum/Chain (TY) [ImmU, Rend, Unshakable, Cond+1]",Man-at-Arms,Arming Sword,Scutum Shield,Chainmail,Javelin,True,50,"Cond Field,Immune Unwieldy,Rend,Unshakable",Random,39289,14041,23080,740,77150,0.5093,0.1820,0.9904,0.7367,15.38,4.60,10.78,1000,50000,785.78,10,22,Animal Husbandry|Armory|Blacksmith|Carpentry|Coliseum|Fletchery|Joinery|MWRend|Preceptory|Tannery|Tiltyard
"MaA/Flail+Longbow/Scutum/Chain (TY) [ImmU, Rend, Unshakable, Cond+1]",Man-at-Arms,Flail,Scutum Shield,Chainmail,Longbow,True,50,"Cond Field,Immune Unwieldy,Rend,Unshakable",Random,47709,10403,18314,724,77150,0.6184,0.1348,0.9906,0.8210,18.52,3.04,15.48,1000,50000,954.18,10,22,Animal Husbandry|Armory|Blacksmith|Carpentry|Coliseum|Fletchery|Joinery|MWRend|Preceptory|Tannery|Tiltyard
"MaA/Flail+Javelin/Scutum/Chain (TY) [ImmU, Rend, Unshakable, Cond+1]",Man-at-Arms,Flail,Scutum Shield,Chainmail,Javelin,True,50,"Cond Field,Immune Unwieldy,Rend,Unshakable",Random,44902,11805,19677,766,77150,0.5820,0.1530,0.9901,0.7918,17.29,3.61,13.68,1000,50000,898.04,10,22,Animal Husbandry|Armory|Blacksmith|Carpentry|Coliseum|Fletchery|Joinery|MWRend|Preceptory|Tannery|Tiltyard
"Lev/Pike/Cloth [Poison, Unshakable]",Levy,Pike,,Cloth,,False,50,"Poison,Unshakable",Random,76,55617,20707,750,77150,0.0010,0.7209,0.9903,0.0014,0.40,21.86,-21.46,800,40000,1.90,5,22,Blacksmith|Levy Hall|Preceptory|Toxicarium
"Lev/Halberd/Cloth [Poison, Unshakable]",Levy,Halberd,,Cloth,,False,50,"Poison,Unshakable",Random,79,55610,20685,776,77150,0.0010,0.7208,0.9899,0.0014,0.42,23.21,-22.79,800,40000,1.98,5,22,Blacksmith|Levy Hall|Preceptory|Toxicarium
"Lev/BattleAxe/Cloth [Poison, Unshakable]",Levy,Battle Axe,,Cloth,,False,50,"Poison,Unshakable",Random,20,55635,20751,744,77150,0.0003,0.7211,0.9904,0.0004,0.39,23.37,-22.98,800,40000,0.50,5,22,Blacksmith|Levy Hall|Preceptory|Toxicarium
"Lev/Pike/Cloth [Poison, Unshakable, Rend]",Levy,Pike,,Cloth,,False,50,"Poison,Rend,Unshakable",Random,63,55628,20713,746,77150,0.0008,0.7210,0.9903,0.0011,0.40,21.14,-20.74,800,40000,1.57,5,25,Blacksmith|MWRend|Preceptory|Toxicarium
"Lev/Halberd/Cloth [Poison, Unshakable, Rend]",Levy,Halberd,,Cloth,,False,50,"Poison,Rend,Unshakable",Random,76,55637,20665,772,77150,0.0010,0.7212,0.9900,0.0014,0.42,22.59,-22.16,800,40000,1.90,5,25,Blacksmith|MWRend|Preceptory|Toxicarium
"Lev/BattleAxe/Cloth [Poison, Unshakable, Rend]",Levy,Battle Axe,,Cloth,,False,50,"Poison,Rend,Unshakable",Random,10,55654,20774,712,77150,0.0001,0.7214,0.9908,0.0002,0.36,22.71,-22.35,800,40000,0.25,5,25,Blacksmith|MWRend|Preceptory|Toxicarium
"Lev/Pike/Chain [Poison, Unshakable]",Levy,Pike,,Chainmail,,False,50,"Poison,Unshakable",Random,65,55538,20722,825,77150,0.0008,0.7199,0.9893,0.0012,0.46,21.41,-20.95,600,30000,2.17,6,22,Animal Husbandry|Armory|Blacksmith|Preceptory|Tannery|Toxicarium
"Lev/Halberd/Chain [Poison, Unshakable]",Levy,Halberd,,Chainmail,,False,50,"Poison,Unshakable",Random,74,55579,20768,729,77150,0.0010,0.7204,0.9906,0.0013,0.41,22.57,-22.16,600,30000,2.47,6,22,Animal Husbandry|Armory|Blacksmith|Preceptory|Tannery|Toxicarium
"Lev/BattleAxe/Chain [Poison, Unshakable]",Levy,Battle Axe,,Chainmail,,False,50,"Poison,Unshakable",Random,19,55563,20795,773,77150,0.0002,0.7202,0.9900,0.0003,0.41,22.61,-22.20,600,30000,0.63,6,22,Animal Husbandry|Armory|Blacksmith|Preceptory|Tannery|Toxicarium
"Lev/Arming/Scutum/Chain [Poison, Unshakable]",Levy,Arming Sword,Scutum Shield,Chainmail,,False,50,"Poison,Unshakable",Random,2304,55151,18985,710,77150,0.0299,0.7149,0.9908,0.0401,1.55,19.41,-17.87,400,20000,115.20,8,22,Animal Husbandry|Armory|Blacksmith|Carpentry|Joinery|Preceptory|Tannery|Toxicarium
"Lev/Flail/Scutum/Chain [Poison, Unshakable]",Levy,Flail,Scutum Shield,Chainmail,,False,50,"Poison,Unshakable",Random,3751,53078,19583,738,77150,0.0486,0.6880,0.9904,0.0660,2.21,16.74,-14.53,400,20000,187.55,8,22,Animal Husbandry|Armory|Blacksmith|Carpentry|Joinery|Preceptory|Tannery|Toxicarium
"Lev/HuntBow/Chain [Poison, Unshakable]",Levy,,,Chainmail,Hunting Bow,False,50,"Poison,Unshakable",Random,59,55572,20793,726,77150,0.0008,0.7203,0.9906,0.0011,0.41,24.83,-24.42,400,20000,2.95,8,22,Animal Husbandry|Armory|Blacksmith|Carpentry|Fletchery|Preceptory|Tannery|Toxicarium
"Lev/Longbow/Chain [Poison, Unshakable]",Levy,,,Chainmail,Longbow,False,50,"Poison,Unshakable",Random,3873,53004,19540,733,77150,0.0502,0.6870,0.9905,0.0681,1.98,13.50,-11.52,400,20000,193.65,8,22,Animal Husbandry|Armory|Blacksmith|Carpentry|Fletchery|Preceptory|Tannery|Toxicarium
"MaA/Pike+Longbow/Chain (TY) [ImmU, Poison, Unshakable, Cond+1]",Man-at-Arms,Pike,,Chainmail,Longbow,True,50,"Cond Field,Immune Unwieldy,Poison,Unshakable",Random,39376,25635,11407,732,77150,0.5104,0.3323,0.9905,0.6057,13.43,7.50,5.93,1400,70000,562.51,10,22,Animal Husbandry|Armory|Blacksmith|Carpentry|Coliseum|Fletchery|Preceptory|Tannery|Tiltyard|Toxicarium
"MaA/Pike+Javelin/Chain (TY) [ImmU, Poison, Unshakable, Cond+1]",Man-at-Arms,Pike,,Chainmail,Javelin,True,50,"Cond Field,Immune Unwieldy,Poison,Unshakable",Random,35239,28895,12237,779,77150,0.4568,0.3745,0.9899,0.5495,11.90,8.71,3.19,1400,70000,503.41,10,22,Animal Husbandry|Armory|Blacksmith|Carpentry|Coliseum|Fletchery|Preceptory|Tannery|Tiltyard|Toxicarium
"MaA/Halberd+Longbow/Chain (TY) [ImmU, Poison, Unshakable, Cond+1]",Man-at-Arms,Halberd,,Chainmail,Longbow,True,50,"Cond Field,Immune Unwieldy,Poison,Unshakable",Random,37363,27950,11113,724,77150,0.4843,0.3623,0.9906,0.5721,12.52,8.52,4.00,1400,70000,533.76,10,22,Animal Husbandry|Armory|Blacksmith|Carpentry|Coliseum|Fletchery|Preceptory|Tannery|Tiltyard|Toxicarium
"MaA/Halberd+Javelin/Chain (TY) [ImmU, Poison, Unshakable, Cond+1]",Man-at-Arms,Halberd,,Chainmail,Javelin,True,50,"Cond Field,Immune Unwieldy,Poison,Unshakable",Random,33529,30931,11919,771,77150,0.4346,0.4009,0.9900,0.5202,11.30,9.89,1.41,1400,70000,478.99,10,22,Animal Husbandry|Armory|Blacksmith|Carpentry|Coliseum|Fletchery|Preceptory|Tannery|Tiltyard|Toxicarium
"MaA/BattleAxe+Longbow/Chain (TY) [ImmU, Poison, Unshakable, Cond+1]",Man-at-Arms,Battle Axe,,Chainmail,Longbow,True,50,"Cond Field,Immune Unwieldy,Poison,Unshakable",Random,31856,31185,13328,781,77150,0.4129,0.4042,0.9899,0.5053,10.86,10.01,0.85,1400,70000,455.09,10,22,Animal Husbandry|Armory|Blacksmith|Carpentry|Coliseum|Fletchery|Preceptory|Tannery|Tiltyard|Toxicarium
"MaA/BattleAxe+Javelin/Chain (TY) [ImmU, Poison, Unshakable, Cond+1]",Man-at-Arms,Battle Axe,,Chainmail,Javelin,True,50,"Cond Field,Immune Unwieldy,Poison,Unshakable",Random,29379,33487,13519,765,77150,0.3808,0.4341,0.9901,0.4673,9.95,11.46,-1.51,1400,70000,419.70,10,22,Animal Husbandry|Armory|Blacksmith|Carpentry|Coliseum|Fletchery|Preceptory|Tannery|Tiltyard|Toxicarium
"Lev/Pike/Chain [Poison, Unshakable, Rend]",Levy,Pike,,Chainmail,,False,50,"Poison,Rend,Unshakable",Random,88,55595,20734,733,77150,0.0011,0.7206,0.9905,0.0016,0.41,20.59,-20.18,400,20000,4.40,7,25,Animal Husbandry|Armory|Blacksmith|MWRend|Preceptory|Tannery|Toxicarium
"Lev/Halberd/Chain [Poison, Unshakable, Rend]",Levy,Halberd,,Chainmail,,False,50,"Poison,Rend,Unshakable",Random,79,55590,20717,764,77150,0.0010,0.7205,0.9901,0.0014,0.43,21.92,-21.49,400,20000,3.95,7,25,Animal Husbandry|Armory|Blacksmith|MWRend|Preceptory|Tannery|Toxicarium
"Lev/BattleAxe/Chain [Poison, Unshakable, Rend]",Levy,Battle Axe,,Chainmail,,False,50,"Poison,Rend,Unshakable",Random,20,55574,20789,767,77150,0.0003,0.7203,0.9901,0.0004,0.42,22.01,-21.60,400,20000,1.00,7,25,Animal Husbandry|Armory|Blacksmith|MWRend|Preceptory|Tannery|Toxicarium
"Lev/Arming/Scutum/Chain [Poison, Unshakable, Rend]",Levy,Arming Sword,Scutum Shield,Chainmail,,False,50,"Poison,Rend,Unshakable",Random,2279,55166,18905,800,77150,0.0295,0.7150,0.9896,0.0397,1.58,18.65,-17.06,200,10000,227.90,9,25,Animal Husbandry|Armory|Blacksmith|Carpentry|Joinery|MWRend|Preceptory|Tannery|Toxicarium
"Lev/Flail/Scutum/Chain [Poison, Unshakable, Rend]",Levy,Flail,Scutum Shield,Chainmail,,False,50,"Poison,Rend,Unshakable",Random,3823,52918,19686,723,77150,0.0496,0.6859,0.9906,0.0674,2.22,15.75,-13.53,200,10000,382.30,9,25,Animal Husbandry|Armory|Blacksmith|Carpentry|Joinery|MWRend|Preceptory|Tannery|Toxicarium
"Lev/HuntBow/Chain [Poison, Unshakable, Rend]",Levy,,,Chainmail,Hunting Bow,False,50,"Poison,Rend,Unshakable",Random,45,55557,20766,782,77150,0.0006,0.7201,0.9899,0.0008,0.43,24.33,-23.91,200,10000,4.50,9,25,Animal Husbandry|Armory|Blacksmith|Carpentry|Fletchery|MWRend|Preceptory|Tannery|Toxicarium
"Lev/Longbow/Chain [Poison, Unshakable, Rend]",Levy,,,Chainmail,Longbow,False,50,"Poison,Rend,Unshakable",Random,3929,52947,19457,817,77150,0.0509,0.6863,0.9894,0.0691,2.04,12.31,-10.27,200,10000,392.90,9,25,Animal Husbandry|Armory|Blacksmith|Carpentry|Fletchery|MWRend|Preceptory|Tannery|Toxicarium
"Lev/Pike/Cloth [ApoHeal, Regen 5, Reroll, Unshakable]",Levy,Pike,,Cloth,,False,50,"Apothecary Heal,Regenerate 5,Regenerate Reroll,Unshakable",Random,61,55371,20971,747,77150,0.0008,0.7177,0.9903,0.0011,0.46,19.89,-19.43,800,40000,1.52,5,19,Apothecary|Blacksmith|Hospitaller|Infirmary|Levy Hall|Preceptory
"Lev/Halberd/Cloth [ApoHeal, Regen 5, Reroll, Unshakable]",Levy,Halberd,,Cloth,,False,50,"Apothecary Heal,Regenerate 5,Regenerate Reroll,Unshakable",Random,73,55357,20928,792,77150,0.0009,0.7175,0.9897,0.0013,0.49,21.12,-20.63,800,40000,1.82,5,19,Apothecary|Blacksmith|Hospitaller|Infirmary|Levy Hall|Preceptory
"Lev/BattleAxe/Cloth [ApoHeal, Regen 5, Reroll, Unshakable]",Levy,Battle Axe,,Cloth,,False,50,"Apothecary Heal,Regenerate 5,Regenerate Reroll,Unshakable",Random,24,55384,21043,699,77150,0.0003,0.7179,0.9909,0.0004,0.42,19.80,-19.39,800,40000,0.60,5,19,Apothecary|Blacksmith|Hospitaller|Infirmary|Levy Hall|Preceptory
"Lev/Pike/Cloth [ApoHeal, Unshakable, Rend, Regen 5, Reroll]",Levy,Pike,,Cloth,,False,50,"Apothecary Heal,Regenerate 5,Regenerate Reroll,Rend,Unshakable",Random,76,55355,20962,757,77150,0.0010,0.7175,0.9902,0.0014,0.47,19.15,-18.68,800,40000,1.90,5,22,Apothecary|Blacksmith|Hospitaller|Infirmary|MWRend|Preceptory
"Lev/Halberd/Cloth [ApoHeal, Unshakable, Rend, Regen 5, Reroll]",Levy,Halberd,,Cloth,,False,50,"Apothecary Heal,Regenerate 5,Regenerate Reroll,Rend,Unshakable",Random,95,55367,20928,760,77150,0.0012,0.7177,0.9901,0.0017,0.48,20.42,-19.93,800,40000,2.38,5,22,Apothecary|Blacksmith|Hospitaller|Infirmary|MWRend|Preceptory
"Lev/BattleAxe/Cloth [ApoHeal, Unshakable, Rend, Regen 5, Reroll]",Levy,Battle Axe,,Cloth,,False,50,"Apothecary Heal,Regenerate 5,Regenerate Reroll,Rend,Unshakable",Random,20,55350,20993,787,77150,0.0003,0.7174,0.9898,0.0004,0.46,19.08,-18.61,800,40000,0.50,5,22,Apothecary|Blacksmith|Hospitaller|Infirmary|MWRend|Preceptory
"Lev/Pike/Chain [ApoHeal, Regen 5, Reroll, Unshakable]",Levy,Pike,,Chainmail,,False,50,"Apothecary Heal,Regenerate 5,Regenerate Reroll,Unshakable",Random,66,55355,20961,768,77150,0.0009,0.7175,0.9900,0.0012,0.49,19.86,-19.37,600,30000,2.20,6,19,Animal Husbandry|Apothecary|Armory|Blacksmith|Hospitaller|Infirmary|Preceptory|Tannery
"Lev/Halberd/Chain [ApoHeal, Regen 5, Reroll, Unshakable]",Levy,Halberd,,Chainmail,,False,50,"Apothecary Heal,Regenerate 5,Regenerate Reroll,Unshakable",Random,83,55372,20948,747,77150,0.0011,0.7177,0.9903,0.0015,0.48,21.06,-20.58,600,30000,2.77,6,19,Animal Husbandry|Apothecary|Armory|Blacksmith|Hospitaller|Infirmary|Preceptory|Tannery
"Lev/BattleAxe/Chain [ApoHeal, Regen 5, Reroll, Unshakable]",Levy,Battle Axe,,Chainmail,,False,50,"Apothecary Heal,Regenerate 5,Regenerate Reroll,Unshakable",Random,29,55329,20982,810,77150,0.0004,0.7172,0.9895,0.0005,0.49,19.65,-19.17,600,30000,0.97,6,19,Animal Husbandry|Apothecary|Armory|Blacksmith|Hospitaller|Infirmary|Preceptory|Tannery
"Lev/Arming/Scutum/Chain [ApoHeal, Regen 5, Reroll, Unshakable]",Levy,Arming Sword,Scutum Shield,Chainmail,,False,50,"Apothecary Heal,Regenerate 5,Regenerate Reroll,Unshakable",Random,1259,55342,19801,748,77150,0.0163,0.7173,0.9903,0.0222,1.16,21.63,-20.47,400,20000,62.95,8,19,Animal Husbandry|Apothecary|Armory|Blacksmith|Carpentry|Hospitaller|Infirmary|Joinery|Preceptory|Tannery
"Lev/Flail/Scutum/Chain [ApoHeal, Regen 5, Reroll, Unshakable]",Levy,Flail,Scutum Shield,Chainmail,,False,50,"Apothecary Heal,Regenerate 5,Regenerate Reroll,Unshakable",Random,2666,54275,19436,773,77150,0.0346,0.7035,0.9900,0.0468,1.97,18.10,-16.12,400,20000,133.30,8,19,Animal Husbandry|Apothecary|Armory|Blacksmith|Carpentry|Hospitaller|Infirmary|Joinery|Preceptory|Tannery
"Lev/HuntBow/Chain [ApoHeal, Regen 5, Reroll, Unshakable]",Levy,,,Chainmail,Hunting Bow,False,50,"Apothecary Heal,Regenerate 5,Regenerate Reroll,Unshakable",Random,24,55397,21046,683,77150,0.0003,0.7180,0.9911,0.0004,0.41,25.19,-24.78,400,20000,1.20,8,19,Animal Husbandry|Apothecary|Armory|Blacksmith|Carpentry|Fletchery|Hospitaller|Infirmary|Preceptory|Tannery
"Lev/Longbow/Chain [ApoHeal, Regen 5, Reroll, Unshakable]",Levy,,,Chainmail,Longbow,False,50,"Apothecary Heal,Regenerate 5,Regenerate Reroll,Unshakable",Random,3938,52500,19934,778,77150,0.0510,0.6805,0.9899,0.0698,2.52,12.11,-9.59,400,20000,196.90,8,19,Animal Husbandry|Apothecary|Armory|Blacksmith|Carpentry|Fletchery|Hospitaller|Infirmary|Preceptory|Tannery
"MaA/Pike+Longbow/Chain (TY) [Cond+1, ApoHeal, Unshakable, ImmU, Regen 5, Reroll]",Man-at-Arms,Pike,,Chainmail,Longbow,True,50,"Apothecary Heal,Cond Field,Immune Unwieldy,Regenerate 5,Regenerate Reroll,Unshakable",Random,52735,2039,21628,748,77150,0.6835,0.0264,0.9903,0.9628,23.14,0.58,22.56,1400,70000,753.36,10,19,Animal Husbandry|Apothecary|Armory|Blacksmith|Carpentry|Coliseum|Fletchery|Hospitaller|Infirmary|Preceptory|Tannery|Tiltyard
"MaA/Pike+Javelin/Chain (TY) [Cond+1, ApoHeal, Unshakable, ImmU, Regen 5, Reroll]",Man-at-Arms,Pike,,Chainmail,Javelin,True,50,"Apothecary Heal,Cond Field,Immune Unwieldy,Regenerate 5,Regenerate Reroll,Unshakable",Random,49983,2444,23940,783,77150,0.6479,0.0317,0.9899,0.9534,21.42,0.64,20.78,1400,70000,714.04,10,19,Animal Husbandry|Apothecary|Armory|Blacksmith|Carpentry|Coliseum|Fletchery|Hospitaller|Infirmary|Preceptory|Tannery|Tiltyard
"MaA/Halberd+Longbow/Chain (TY) [Cond+1, ApoHeal, Unshakable, ImmU, Regen 5, Reroll]",Man-at-Arms,Halberd,,Chainmail,Longbow,True,50,"Apothecary Heal,Cond Field,Immune Unwieldy,Regenerate 5,Regenerate Reroll,Unshakable",Random,53187,2146,21095,722,77150,0.6894,0.0278,0.9906,0.9612,22.97,0.63,22.34,1400,70000,759.81,10,19,Animal Husbandry|Apothecary|Armory|Blacksmith|Carpentry|Coliseum|Fletchery|Hospitaller|Infirmary|Preceptory|Tannery|Tiltyard
"MaA/Halberd+Javelin/Chain (TY) [Cond+1, ApoHeal, Unshakable, ImmU, Regen 5, Reroll]",Man-at-Arms,Halberd,,Chainmail,Javelin,True,50,"Apothecary Heal,Cond Field,Immune Unwieldy,Regenerate 5,Regenerate Reroll,Unshakable",Random,51039,2556,22795,760,77150,0.6616,0.0331,0.9901,0.9523,21.62,0.71,20.91,1400,70000,729.13,10,19,Animal Husbandry|Apothecary|Armory|Blacksmith|Carpentry|Coliseum|Fletchery|Hospitaller|Infirmary|Preceptory|Tannery|Tiltyard
"MaA/BattleAxe+Longbow/Chain (TY) [Cond+1, ApoHeal, Unshakable, ImmU, Regen 5, Reroll]",Man-at-Arms,Battle Axe,,Chainmail,Longbow,True,50,"Apothecary Heal,Cond Field,Immune Unwieldy,Regenerate 5,Regenerate Reroll,Unshakable",Random,49508,2521,24344,777,77150,0.6417,0.0327,0.9899,0.9515,20.99,0.68,20.30,1400,70000,707.26,10,19,Animal Husbandry|Apothecary|Armory|Blacksmith|Carpentry|Coliseum|Fletchery|Hospitaller|Infirmary|Preceptory|Tannery|Tiltyard
"MaA/BattleAxe+Javelin/Chain (TY) [Cond+1, ApoHeal, Unshakable, ImmU, Regen 5, Reroll]",Man-at-Arms,Battle Axe,,Chainmail,Javelin,True,50,"Apothecary Heal,Cond Field,Immune Unwieldy,Regenerate 5,Regenerate Reroll,Unshakable",Random,46760,3075,26544,771,77150,0.6061,0.0399,0.9900,0.9383,19.49,0.78,18.71,1400,70000,668.00,10,19,Animal Husbandry|Apothecary|Armory|Blacksmith|Carpentry|Coliseum|Fletchery|Hospitaller|Infirmary|Preceptory|Tannery|Tiltyard
"Lev/Pike/Chain [ApoHeal, Unshakable, Rend, Regen 5, Reroll]",Levy,Pike,,Chainmail,,False,50,"Apothecary Heal,Regenerate 5,Regenerate Reroll,Rend,Unshakable",Random,70,55353,20952,775,77150,0.0009,0.7175,0.9900,0.0013,0.49,19.13,-18.64,400,20000,3.50,7,22,Animal Husbandry|Apothecary|Armory|Blacksmith|Hospitaller|Infirmary|MWRend|Preceptory|Tannery
"Lev/Halberd/Chain [ApoHeal, Unshakable, Rend, Regen 5, Reroll]",Levy,Halberd,,Chainmail,,False,50,"Apothecary Heal,Regenerate 5,Regenerate Reroll,Rend,Unshakable",Random,80,55367,20971,732,77150,0.0010,0.7177,0.9905,0.0014,0.47,20.37,-19.90,400,20000,4.00,7,22,Animal Husbandry|Apothecary|Armory|Blacksmith|Hospitaller|Infirmary|MWRend|Preceptory|Tannery
"Lev/BattleAxe/Chain [ApoHeal, Unshakable, Rend, Regen 5, Reroll]",Levy,Battle Axe,,Chainmail,,False,50,"Apothecary Heal,Regenerate 5,Regenerate Reroll,Rend,Unshakable",Random,38,55345,21010,757,77150,0.0005,0.7174,0.9902,0.0007,0.46,18.90,-18.44,400,20000,1.90,7,22,Animal Husbandry|Apothecary|Armory|Blacksmith|Hospitaller|Infirmary|MWRend|Preceptory|Tannery
"Lev/Arming/Scutum/Chain [ApoHeal, Unshakable, Rend, Regen 5, Reroll]",Levy,Arming Sword,Scutum Shield,Chainmail,,False,50,"Apothecary Heal,Regenerate 5,Regenerate Reroll,Rend,Unshakable",Random,1279,55356,19735,780,77150,0.0166,0.7175,0.9899,0.0226,1.19,21.00,-19.81,200,10000,127.90,9,22,Animal Husbandry|Apothecary|Armory|Blacksmith|Carpentry|Hospitaller|Infirmary|Joinery|MWRend|Preceptory|Tannery
"Lev/Flail/Scutum/Chain [ApoHeal, Unshakable, Rend, Regen 5, Reroll]",Levy,Flail,Scutum Shield,Chainmail,,False,50,"Apothecary Heal,Regenerate 5,Regenerate Reroll,Rend,Unshakable",Random,2646,54354,19338,812,77150,0.0343,0.7045,0.9895,0.0464,1.98,17.28,-15.30,200,10000,264.60,9,22,Animal Husbandry|Apothecary|Armory|Blacksmith|Carpentry|Hospitaller|Infirmary|Joinery|MWRend|Preceptory|Tannery
"Lev/HuntBow/Chain [ApoHeal, Unshakable, Rend, Regen 5, Reroll]",Levy,,,Chainmail,Hunting Bow,False,50,"Apothecary Heal,Regenerate 5,Regenerate Reroll,Rend,Unshakable",Random,29,55358,20978,785,77150,0.0004,0.7175,0.9898,0.0005,0.48,24.84,-24.36,200,10000,2.90,9,22,Animal Husbandry|Apothecary|Armory|Blacksmith|Carpentry|Fletchery|Hospitaller|Infirmary|MWRend|Preceptory|Tannery
"Lev/Longbow/Chain [ApoHeal, Unshakable, Rend, Regen 5, Reroll]",Levy,,,Chainmail,Longbow,False,50,"Apothecary Heal,Regenerate 5,Regenerate Reroll,Rend,Unshakable",Random,3948,52482,19966,754,77150,0.0512,0.6803,0.9902,0.0700,2.50,10.85,-8.35,200,10000,394.80,9,22,Animal Husbandry|Apothecary|Armory|Blacksmith|Carpentry|Fletchery|Hospitaller|Infirmary|MWRend|Preceptory|Tannery
"Lev/Pike/Cloth [Poison, ApoHeal, Unshakable, Regen 5, Reroll]",Levy,Pike,,Cloth,,False,50,"Apothecary Heal,Poison,Regenerate 5,Regenerate Reroll,Unshakable",Random,92,55354,20947,757,77150,0.0012,0.7175,0.9902,0.0017,0.48,19.06,-18.58,1000,50000,1.84,6,22,Apothecary|Blacksmith|Hospitaller|Infirmary|Preceptory|Toxicarium
"Lev/Halberd/Cloth [Poison, ApoHeal, Unshakable, Regen 5, Reroll]",Levy,Halberd,,Cloth,,False,50,"Apothecary Heal,Poison,Regenerate 5,Regenerate Reroll,Unshakable",Random,91,55361,20941,757,77150,0.0012,0.7176,0.9902,0.0016,0.48,19.80,-19.32,1000,50000,1.82,6,22,Apothecary|Blacksmith|Hospitaller|Infirmary|Preceptory|Toxicarium
"Lev/BattleAxe/Cloth [Poison, ApoHeal, Unshakable, Regen 5, Reroll]",Levy,Battle Axe,,Cloth,,False,50,"Apothecary Heal,Poison,Regenerate 5,Regenerate Reroll,Unshakable",Random,10,55359,21030,751,77150,0.0001,0.7176,0.9903,0.0002,0.44,19.35,-18.91,1000,50000,0.20,6,22,Apothecary|Blacksmith|Hospitaller|Infirmary|Preceptory|Toxicarium
"Lev/Pike/Cloth [Poison, ApoHeal, Unshakable, Rend, Regen 5, Reroll]",Levy,Pike,,Cloth,,False,50,"Apothecary Heal,Poison,Regenerate 5,Regenerate Reroll,Rend,Unshakable",Random,98,55355,20931,766,77150,0.0013,0.7175,0.9901,0.0018,0.48,18.31,-17.82,800,40000,2.45,7,25,Apothecary|Blacksmith|Hospitaller|Infirmary|MWRend|Preceptory|Toxicarium
"Lev/Halberd/Cloth [Poison, ApoHeal, Unshakable, Rend, Regen 5, Reroll]",Levy,Halberd,,Cloth,,False,50,"Apothecary Heal,Poison,Regenerate 5,Regenerate Reroll,Rend,Unshakable",Random,79,55357,20932,782,77150,0.0010,0.7175,0.9899,0.0014,0.49,19.07,-18.58,800,40000,1.98,7,25,Apothecary|Blacksmith|Hospitaller|Infirmary|MWRend|Preceptory|Toxicarium
"Lev/BattleAxe/Cloth [Poison, ApoHeal, Unshakable, Rend, Regen 5, Reroll]",Levy,Battle Axe,,Cloth,,False,50,"Apothecary Heal,Poison,Regenerate 5,Regenerate Reroll,Rend,Unshakable",Random,17,55363,21001,769,77150,0.0002,0.7176,0.9900,0.0003,0.45,18.62,-18.17,800,40000,0.42,7,25,Apothecary|Blacksmith|Hospitaller|Infirmary|MWRend|Preceptory|Toxicarium
"Lev/Pike/Chain [Poison, ApoHeal, Unshakable, Regen 5, Reroll]",Levy,Pike,,Chainmail,,False,50,"Apothecary Heal,Poison,Regenerate 5,Regenerate Reroll,Unshakable",Random,108,55355,20924,763,77150,0.0014,0.7175,0.9901,0.0019,0.50,19.03,-18.53,600,30000,3.60,8,22,Animal Husbandry|Apothecary|Armory|Blacksmith|Hospitaller|Infirmary|Preceptory|Tannery|Toxicarium
"Lev/Halberd/Chain [Poison, ApoHeal, Unshakable, Regen 5, Reroll]",Levy,Halberd,,Chainmail,,False,50,"Apothecary Heal,Poison,Regenerate 5,Regenerate Reroll,Unshakable",Random,92,55334,20897,827,77150,0.0012,0.7172,0.9893,0.0017,0.53,19.77,-19.24,600,30000,3.07,8,22,Animal Husbandry|Apothecary|Armory|Blacksmith|Hospitaller|Infirmary|Preceptory|Tannery|Toxicarium
"Lev/BattleAxe/Chain [Poison, ApoHeal, Unshakable, Regen 5, Reroll]",Levy,Battle Axe,,Chainmail,,False,50,"Apothecary Heal,Poison,Regenerate 5,Regenerate Reroll,Unshakable",Random,22,55367,21000,761,77150,0.0003,0.7177,0.9901,0.0004,0.45,19.18,-18.73,600,30000,0.73,8,22,Animal Husbandry|Apothecary|Armory|Blacksmith|Hospitaller|Infirmary|Preceptory|Tannery|Toxicarium
"Lev/Arming/Scutum/Chain [Poison, ApoHeal, Unshakable, Regen 5, Reroll]",Levy,Arming Sword,Scutum Shield,Chainmail,,False,50,"Apothecary Heal,Poison,Regenerate 5,Regenerate Reroll,Unshakable",Random,2377,55070,18977,726,77150,0.0308,0.7138,0.9906,0.0414,1.79,18.19,-16.40,400,20000,118.85,10,22,Animal Husbandry|Apothecary|Armory|Blacksmith|Carpentry|Hospitaller|Infirmary|Joinery|Preceptory|Tannery|Toxicarium
"Lev/Flail/Scutum/Chain [Poison, ApoHeal, Unshakable, Regen 5, Reroll]",Levy,Flail,Scutum Shield,Chainmail,,False,50,"Apothecary Heal,Poison,Regenerate 5,Regenerate Reroll,Unshakable",Random,4232,51609,20540,769,77150,0.0549,0.6689,0.9900,0.0758,2.78,15.17,-12.40,400,20000,211.60,10,22,Animal Husbandry|Apothecary|Armory|Blacksmith|Carpentry|Hospitaller|Infirmary|Joinery|Preceptory|Tannery|Toxicarium
"Lev/HuntBow/Chain [Poison, ApoHeal, Unshakable, Regen 5, Reroll]",Levy,,,Chainmail,Hunting Bow,False,50,"Apothecary Heal,Poison,Regenerate 5,Regenerate Reroll,Unshakable",Random,66,55345,20970,769,77150,0.0009,0.7174,0.9900,0.0012,0.48,22.92,-22.44,400,20000,3.30,10,22,Animal Husbandry|Apothecary|Armory|Blacksmith|Carpentry|Fletchery|Hospitaller|Infirmary|Preceptory|Tannery|Toxicarium
"Lev/Longbow/Chain [Poison, ApoHeal, Unshakable, Regen 5, Reroll]",Levy,,,Chainmail,Longbow,False,50,"Apothecary Heal,Poison,Regenerate 5,Regenerate Reroll,Unshakable",Random,4157,51753,20558,682,77150,0.0539,0.6708,0.9912,0.0744,2.57,11.39,-8.82,400,20000,207.85,10,22,Animal Husbandry|Apothecary|Armory|Blacksmith|Carpentry|Fletchery|Hospitaller|Infirmary|Preceptory|Tannery|Toxicarium
"Lev/Pike/Chain [Poison, ApoHeal, Unshakable, Rend, Regen 5, Reroll]",Levy,Pike,,Chainmail,,False,50,"Apothecary Heal,Poison,Regenerate 5,Regenerate Reroll,Rend,Unshakable",Random,81,55333,20978,758,77150,0.0010,0.7172,0.9902,0.0015,0.49,18.25,-17.76,400,20000,4.05,9,25,Animal Husbandry|Apothecary|Armory|Blacksmith|Hospitaller|Infirmary|MWRend|Preceptory|Tannery|Toxicarium
"Lev/Halberd/Chain [Poison, ApoHeal, Unshakable, Rend, Regen 5, Reroll]",Levy,Halberd,,Chainmail,,False,50,"Apothecary Heal,Poison,Regenerate 5,Regenerate Reroll,Rend,Unshakable",Random,84,55363,20958,745,77150,0.0011,0.7176,0.9903,0.0015,0.48,18.99,-18.51,400,20000,4.20,9,25,Animal Husbandry|Apothecary|Armory|Blacksmith|Hospitaller|Infirmary|MWRend|Preceptory|Tannery|Toxicarium
"Lev/BattleAxe/Chain [Poison, ApoHeal, Unshakable, Rend, Regen 5, Reroll]",Levy,Battle Axe,,Chainmail,,False,50,"Apothecary Heal,Poison,Regenerate 5,Regenerate Reroll,Rend,Unshakable",Random,30,55369,20973,778,77150,0.0004,0.7177,0.9899,0.0005,0.47,18.42,-17.95,400,20000,1.50,9,25,Animal Husbandry|Apothecary|Armory|Blacksmith|Hospitaller|Infirmary|MWRend|Preceptory|Tannery|Toxicarium
MaA/Pike/Chain [Cond+1],Man-at-Arms,Pike,,Chainmail,,False,50,Cond Field,Random,45357,53890,19377,826,119450,0.3797,0.4512,0.9931,0.4570,7.87,11.71,-3.84,1400,70000,647.96,5,6,Animal Husbandry|Armory|Blacksmith|Coliseum|Levy Hall|Tannery
MaA/Halberd/Chain [Cond+1],Man-at-Arms,Halberd,,Chainmail,,False,50,Cond Field,Random,45642,55101,17778,929,119450,0.3821,0.4613,0.9922,0.4531,7.88,13.02,-5.13,1400,70000,652.03,5,6,Animal Husbandry|Armory|Blacksmith|Coliseum|Levy Hall|Tannery
MaA/BattleAxe/Chain [Cond+1],Man-at-Arms,Battle Axe,,Chainmail,,False,50,Cond Field,Random,41851,57317,19370,912,119450,0.3504,0.4798,0.9924,0.4220,7.03,13.83,-6.80,1400,70000,597.87,5,6,Animal Husbandry|Armory|Blacksmith|Coliseum|Levy Hall|Tannery
MaA/Arming/Scutum/Chain [Cond+1],Man-at-Arms,Arming Sword,Scutum Shield,Chainmail,,False,50,Cond Field,Random,56368,25939,36279,864,119450,0.4719,0.2172,0.9928,0.6849,11.86,6.30,5.56,1400,70000,805.26,6,6,Animal Husbandry|Armory|Blacksmith|Carpentry|Coliseum|Joinery|Tannery
MaA/Flail/Scutum/Chain [Cond+1],Man-at-Arms,Flail,Scutum Shield,Chainmail,,False,50,Cond Field,Random,64921,22550,31143,836,119450,0.5435,0.1888,0.9930,0.7422,13.72,4.96,8.75,1400,70000,927.44,6,6,Animal Husbandry|Armory|Blacksmith|Carpentry|Coliseum|Joinery|Tannery
MaA/Longbow/Chain [Cond+1],Man-at-Arms,,,Chainmail,Longbow,False,50,Cond Field,Random,79740,27408,11457,845,119450,0.6676,0.2295,0.9929,0.7442,16.27,5.34,10.93,1400,70000,1139.14,6,6,Animal Husbandry|Armory|Blacksmith|Carpentry|Coliseum|Fletchery|Tannery
"MaA/Pike/Chain [Outr:once, Cond+1]",Man-at-Arms,Pike,,Chainmail,,False,50,"Cond Field,Outrider: once",Random,30546,44816,17171,1517,94050,0.3248,0.4765,0.9839,0.4053,7.25,12.74,-5.50,1600,80000,381.82,7,16,Animal Husbandry|Armory|Blacksmith|Caravanery|Cipher Chamber|Coliseum|Outrider Intercept Post|Tannery
"MaA/Halberd/Chain [Outr:once, Cond+1]",Man-at-Arms,Halberd,,Chainmail,,False,50,"Cond Field,Outrider: once",Random,31167,45385,15947,1551,94050,0.3314,0.4826,0.9835,0.4071,7.40,13.89,-6.49,1600,80000,389.59,7,16,Animal Husbandry|Armory|Blacksmith|Caravanery|Cipher Chamber|Coliseum|Outrider Intercept Post|Tannery
"MaA/BattleAxe/Chain [Outr:once, Cond+1]",Man-at-Arms,Battle Axe,,Chainmail,,False,50,"Cond Field,Outrider: once",Random,27698,47465,17305,1582,94050,0.2945,0.5047,0.9832,0.3685,6.59,14.52,-7.92,1600,80000,346.23,7,16,Animal Husbandry|Armory|Blacksmith|Caravanery|Cipher Chamber|Coliseum|Outrider Intercept Post|Tannery
"MaA/Arming/Scutum/Chain [Outr:once, Cond+1]",Man-at-Arms,Arming Sword,Scutum Shield,Chainmail,,False,50,"Cond Field,Outrider: once",Random,39597,21088,31863,1502,94050,0.4210,0.2242,0.9840,0.6525,10.28,6.99,3.29,1400,70000,565.67,9,16,Animal Husbandry|Armory|Blacksmith|Caravanery|Carpentry|Cipher Chamber|Coliseum|Joinery|Outrider Intercept Post|Tannery
"MaA/Flail/Scutum/Chain [Outr:once, Cond+1]",Man-at-Arms,Flail,Scutum Shield,Chainmail,,False,50,"Cond Field,Outrider: once",Random,46822,18163,27423,1642,94050,0.4978,0.1931,0.9825,0.7205,12.50,5.68,6.83,1400,70000,668.89,9,16,Animal Husbandry|Armory|Blacksmith|Caravanery|Carpentry|Cipher Chamber|Coliseum|Joinery|Outrider Intercept Post|Tannery
"MaA/Longbow/Chain [Outr:once, Cond+1]",Man-at-Arms,,,Chainmail,Longbow,False,50,"Cond Field,Outrider: once",Random,60557,21882,10101,1510,94050,0.6439,0.2327,0.9839,0.7346,16.73,6.12,10.62,1400,70000,865.10,9,16,Animal Husbandry|Armory|Blacksmith|Caravanery|Carpentry|Cipher Chamber|Coliseum|Fletchery|Outrider Intercept Post|Tannery
"MaA/Pike/Chain [Outr:every, Cond+1]",Man-at-Arms,Pike,,Chainmail,,False,50,"Cond Field,Outrider: every",Random,36797,32863,16215,8175,94050,0.3912,0.3494,0.9131,0.5282,11.02,11.22,-0.20,1600,80000,459.96,9,16,Animal Husbandry|Armory|Blacksmith|Caravanery|Cipher Chamber|Coliseum|Outrider Intercept Post|Outrider Mastery|Tannery
"MaA/Halberd/Chain [Outr:every, Cond+1]",Man-at-Arms,Halberd,,Chainmail,,False,50,"Cond Field,Outrider: every",Random,37765,33207,15027,8051,94050,0.4015,0.3531,0.9144,0.5321,11.51,11.99,-0.48,1600,80000,472.06,9,16,Animal Husbandry|Armory|Blacksmith|Caravanery|Cipher Chamber|Coliseum|Outrider Intercept Post|Outrider Mastery|Tannery
"MaA/BattleAxe/Chain [Outr:every, Cond+1]",Man-at-Arms,Battle Axe,,Chainmail,,False,50,"Cond Field,Outrider: every",Random,36878,34289,14762,8121,94050,0.3921,0.3646,0.9137,0.5182,11.39,12.30,-0.91,1600,80000,460.98,9,16,Animal Husbandry|Armory|Blacksmith|Caravanery|Cipher Chamber|Coliseum|Outrider Intercept Post|Outrider Mastery|Tannery
"MaA/Pike/Chain [Rend, Cond+1]",Man-at-Arms,Pike,,Chainmail,,False,50,"Cond Field,Rend",Random,45265,54022,19293,870,119450,0.3789,0.4523,0.9927,0.4559,7.94,11.08,-3.14,1400,70000,646.64,5,9,Animal Husbandry|Armory|Blacksmith|Coliseum|MWRend|Tannery
"MaA/Halberd/Chain [Rend, Cond+1]",Man-at-Arms,Halberd,,Chainmail,,False,50,"Cond Field,Rend",Random,45730,54859,17957,904,119450,0.3828,0.4593,0.9924,0.4546,7.96,12.33,-4.37,1400,70000,653.29,5,9,Animal Husbandry|Armory|Blacksmith|Coliseum|MWRend|Tannery
"MaA/BattleAxe/Chain [Rend, Cond+1]",Man-at-Arms,Battle Axe,,Chainmail,,False,50,"Cond Field,Rend",Random,41896,57287,19356,911,119450,0.3507,0.4796,0.9924,0.4224,7.08,13.28,-6.20,1400,70000,598.51,5,9,Animal Husbandry|Armory|Blacksmith|Coliseum|MWRend|Tannery
"MaA/Arming/Scutum/Chain [Rend, Cond+1]",Man-at-Arms,Arming Sword,Scutum Shield,Chainmail,,False,50,"Cond Field,Rend",Random,56355,25669,36552,874,119450,0.4718,0.2149,0.9927,0.6871,11.91,6.01,5.90,1200,60000,939.25,7,9,Animal Husbandry|Armory|Blacksmith|Carpentry|Coliseum|Joinery|MWRend|Tannery
"MaA/Flail/Scutum/Chain [Rend, Cond+1]",Man-at-Arms,Flail,Scutum Shield,Chainmail,,False,50,"Cond Field,Rend",Random,65354,22503,30766,827,119450,0.5471,0.1884,0.9931,0.7439,13.85,4.68,9.18,1200,60000,1089.23,7,9,Animal Husbandry|Armory|Blacksmith|Carpentry|Coliseum|Joinery|MWRend|Tannery
"MaA/Longbow/Chain [Rend, Cond+1]",Man-at-Arms,,,Chainmail,Longbow,False,50,"Cond Field,Rend",Random,81802,24912,11983,753,119450,0.6848,0.2086,0.9937,0.7666,16.74,4.03,12.71,1200,60000,1363.37,7,9,Animal Husbandry|Armory|Blacksmith|Carpentry|Coliseum|Fletchery|MWRend|Tannery
"MaA/Pike/Chain [Outr:once, Rend, Cond+1]",Man-at-Arms,Pike,,Chainmail,,False,50,"Cond Field,Outrider: once,Rend",Random,30215,45010,17233,1592,94050,0.3213,0.4786,0.9831,0.4017,7.28,11.99,-4.71,1400,70000,431.64,8,19,Animal Husbandry|Armory|Blacksmith|Caravanery|Cipher Chamber|Coliseum|MWRend|Outrider Intercept Post|Tannery
"MaA/Halberd/Chain [Outr:once, Rend, Cond+1]",Man-at-Arms,Halberd,,Chainmail,,False,50,"Cond Field,Outrider: once,Rend",Random,31038,45448,16046,1518,94050,0.3300,0.4832,0.9839,0.4058,7.40,13.06,-5.67,1400,70000,443.40,8,19,Animal Husbandry|Armory|Blacksmith|Caravanery|Cipher Chamber|Coliseum|MWRend|Outrider Intercept Post|Tannery
"MaA/BattleAxe/Chain [Outr:once, Rend, Cond+1]",Man-at-Arms,Battle Axe,,Chainmail,,False,50,"Cond Field,Outrider: once,Rend",Random,27606,47404,17440,1600,94050,0.2935,0.5040,0.9830,0.3680,6.63,13.79,-7.16,1400,70000,394.37,8,19,Animal Husbandry|Armory|Blacksmith|Caravanery|Cipher Chamber|Coliseum|MWRend|Outrider Intercept Post|Tannery
"MaA/Arming/Scutum/Chain [Outr:once, Rend, Cond+1]",Man-at-Arms,Arming Sword,Scutum Shield,Chainmail,,False,50,"Cond Field,Outrider: once,Rend",Random,39366,21231,31925,1528,94050,0.4186,0.2257,0.9838,0.6496,10.30,6.76,3.54,1200,60000,656.10,10,19,Animal Husbandry|Armory|Blacksmith|Caravanery|Carpentry|Cipher Chamber|Coliseum|Joinery|MWRend|Outrider Intercept Post|Tannery
"MaA/Flail/Scutum/Chain [Outr:once, Rend, Cond+1]",Man-at-Arms,Flail,Scutum Shield,Chainmail,,False,50,"Cond Field,Outrider: once,Rend",Random,47404,17839,27237,1570,94050,0.5040,0.1897,0.9833,0.7266,12.62,5.23,7.39,1200,60000,790.07,10,19,Animal Husbandry|Armory|Blacksmith|Caravanery|Carpentry|Cipher Chamber|Coliseum|Joinery|MWRend|Outrider Intercept Post|Tannery
"MaA/Longbow/Chain [Outr:once, Rend, Cond+1]",Man-at-Arms,,,Chainmail,Longbow,False,50,"Cond Field,Outrider: once,Rend",Random,62642,19315,10596,1497,94050,0.6660,0.2054,0.9841,0.7643,17.28,4.52,12.76,1200,60000,1044.03,10,19,Animal Husbandry|Armory|Blacksmith|Caravanery|Carpentry|Cipher Chamber|Coliseum|Fletchery|MWRend|Outrider Intercept Post|Tannery
"MaA/Pike/Chain [Rend, Outr:every, Cond+1]",Man-at-Arms,Pike,,Chainmail,,False,50,"Cond Field,Outrider: every,Rend",Random,37027,32438,16513,8072,94050,0.3937,0.3449,0.9142,0.5330,11.17,10.35,0.83,1400,70000,528.96,10,19,Animal Husbandry|Armory|Blacksmith|Caravanery|Cipher Chamber|Coliseum|MWRend|Outrider Intercept Post|Outrider Mastery|Tannery
"MaA/Halberd/Chain [Rend, Outr:every, Cond+1]",Man-at-Arms,Halberd,,Chainmail,,False,50,"Cond Field,Outrider: every,Rend",Random,38002,32974,15105,7969,94050,0.4041,0.3506,0.9153,0.5354,11.62,11.09,0.52,1400,70000,542.89,10,19,Animal Husbandry|Armory|Blacksmith|Caravanery|Cipher Chamber|Coliseum|MWRend|Outrider Intercept Post|Outrider Mastery|Tannery
"MaA/BattleAxe/Chain [Rend, Outr:every, Cond+1]",Man-at-Arms,Battle Axe,,Chainmail,,False,50,"Cond Field,Outrider: every,Rend",Random,36980,34004,14853,8213,94050,0.3932,0.3616,0.9127,0.5210,11.51,11.48,0.04,1400,70000,528.29,10,19,Animal Husbandry|Armory|Blacksmith|Caravanery|Cipher Chamber|Coliseum|MWRend|Outrider Intercept Post|Outrider Mastery|Tannery
"MaA/Pike/Chain [Poison, Cond+1]",Man-at-Arms,Pike,,Chainmail,,False,50,"Cond Field,Poison",Random,50871,49673,18068,838,119450,0.4259,0.4158,0.9930,0.5060,8.78,10.24,-1.46,1600,80000,635.89,6,9,Animal Husbandry|Armory|Blacksmith|Coliseum|Tannery|Toxicarium
"MaA/Halberd/Chain [Poison, Cond+1]",Man-at-Arms,Halberd,,Chainmail,,False,50,"Cond Field,Poison",Random,48951,52558,17087,854,119450,0.4098,0.4400,0.9929,0.4822,8.41,11.59,-3.18,1600,80000,611.89,6,9,Animal Husbandry|Armory|Blacksmith|Coliseum|Tannery|Toxicarium
"MaA/BattleAxe/Chain [Poison, Cond+1]",Man-at-Arms,Battle Axe,,Chainmail,,False,50,"Cond Field,Poison",Random,42670,56616,19247,917,119450,0.3572,0.4740,0.9923,0.4298,7.20,13.48,-6.28,1600,80000,533.38,6,9,Animal Husbandry|Armory|Blacksmith|Coliseum|Tannery|Toxicarium
"MaA/Arming/Scutum/Chain [Poison, Cond+1]",Man-at-Arms,Arming Sword,Scutum Shield,Chainmail,,False,50,"Cond Field,Poison",Random,65844,21985,30817,804,119450,0.5512,0.1841,0.9933,0.7497,13.92,4.77,9.15,1400,70000,940.63,8,9,Animal Husbandry|Armory|Blacksmith|Carpentry|Coliseum|Joinery|Tannery|Toxicarium
"MaA/Flail/Scutum/Chain [Poison, Cond+1]",Man-at-Arms,Flail,Scutum Shield,Chainmail,,False,50,"Cond Field,Poison",Random,74509,18676,25435,830,119450,0.6238,0.1563,0.9931,0.7996,16.10,3.85,12.25,1400,70000,1064.41,8,9,Animal Husbandry|Armory|Blacksmith|Carpentry|Coliseum|Joinery|Tannery|Toxicarium
"MaA/Longbow/Chain [Poison, Cond+1]",Man-at-Arms,,,Chainmail,Longbow,False,50,"Cond Field,Poison",Random,83917,24332,10373,828,119450,0.7025,0.2037,0.9931,0.7752,17.55,4.80,12.75,1400,70000,1198.81,8,9,Animal Husbandry|Armory|Blacksmith|Carpentry|Coliseum|Fletchery|Tannery|Toxicarium
"MaA/Pike/Chain [Poison, Outr:once, Cond+1]",Man-at-Arms,Pike,,Chainmail,,False,50,"Cond Field,Outrider: once,Poison",Random,36137,40421,15899,1593,94050,0.3842,0.4298,0.9831,0.4720,8.51,11.05,-2.54,1600,80000,451.71,9,16,Animal Husbandry|Armory|Blacksmith|Caravanery|Cipher Chamber|Coliseum|Outrider Intercept Post|Tannery|Toxicarium
"MaA/Halberd/Chain [Poison, Outr:once, Cond+1]",Man-at-Arms,Halberd,,Chainmail,,False,50,"Cond Field,Outrider: once,Poison",Random,34707,42726,15102,1515,94050,0.3690,0.4543,0.9839,0.4482,8.09,12.21,-4.12,1600,80000,433.84,9,16,Animal Husbandry|Armory|Blacksmith|Caravanery|Cipher Chamber|Coliseum|Outrider Intercept Post|Tannery|Toxicarium
"MaA/BattleAxe/Chain [Poison, Outr:once, Cond+1]",Man-at-Arms,Battle Axe,,Chainmail,,False,50,"Cond Field,Outrider: once,Poison",Random,28596,46759,17101,1594,94050,0.3041,0.4972,0.9831,0.3795,6.82,14.09,-7.27,1600,80000,357.45,9,16,Animal Husbandry|Armory|Blacksmith|Caravanery|Cipher Chamber|Coliseum|Outrider Intercept Post|Tannery|Toxicarium
"MaA/Pike/Chain [Poison, Rend, Cond+1]",Man-at-Arms,Pike,,Chainmail,,False,50,"Cond Field,Poison,Rend",Random,51035,49244,18263,908,119450,0.4272,0.4123,0.9924,0.5089,8.88,9.44,-0.56,1400,70000,729.07,7,12,Animal Husbandry|Armory|Blacksmith|Coliseum|MWRend|Tannery|Toxicarium
"MaA/Halberd/Chain [Poison, Rend, Cond+1]",Man-at-Arms,Halberd,,Chainmail,,False,50,"Cond Field,Poison,Rend",Random,49113,52125,17370,842,119450,0.4112,0.4364,0.9930,0.4851,8.50,10.81,-2.31,1400,70000,701.61,7,12,Animal Husbandry|Armory|Blacksmith|Coliseum|MWRend|Tannery|Toxicarium
"MaA/BattleAxe/Chain [Poison, Rend, Cond+1]",Man-at-Arms,Battle Axe,,Chainmail,,False,50,"Cond Field,Poison,Rend",Random,42671,56511,19382,886,119450,0.3572,0.4731,0.9926,0.4302,7.22,12.82,-5.60,1400,70000,609.59,7,12,Animal Husbandry|Armory|Blacksmith|Coliseum|MWRend|Tannery|Toxicarium
"MaA/Arming/Scutum/Chain [Poison, Rend, Cond+1]",Man-at-Arms,Arming Sword,Scutum Shield,Chainmail,,False,50,"Cond Field,Poison,Rend",Random,66135,21743,30722,850,119450,0.5537,0.1820,0.9929,0.7526,14.02,4.43,9.60,1200,60000,1102.25,9,12,Animal Husbandry|Armory|Blacksmith|Carpentry|Coliseum|Joinery|MWRend|Tannery|Toxicarium
"MaA/Flail/Scutum/Chain [Poison, Rend, Cond+1]",Man-at-Arms,Flail,Scutum Shield,Chainmail,,False,50,"Cond Field,Poison,Rend",Random,76097,18163,24358,832,119450,0.6371,0.1521,0.9930,0.8073,16.38,3.44,12.94,1200,60000,1268.28,9,12,Animal Husbandry|Armory|Blacksmith|Carpentry|Coliseum|Joinery|MWRend|Tannery|Toxicarium
"MaA/Longbow/Chain [Poison, Rend, Cond+1]",Man-at-Arms,,,Chainmail,Longbow,False,50,"Cond Field,Poison,Rend",Random,86237,21791,10663,759,119450,0.7220,0.1824,0.9936,0.7983,18.07,3.45,14.61,1200,60000,1437.28,9,12,Animal Husbandry|Armory|Blacksmith|Carpentry|Coliseum|Fletchery|MWRend|Tannery|Toxicarium
"MaA/Pike/Chain [Poison, Outr:once, Rend, Cond+1]",Man-at-Arms,Pike,,Chainmail,,False,50,"Cond Field,Outrider: once,Poison,Rend",Random,36326,40015,16123,1586,94050,0.3862,0.4255,0.9831,0.4758,8.57,10.01,-1.44,1400,70000,518.94,10,19,Animal Husbandry|Armory|Blacksmith|Caravanery|Cipher Chamber|Coliseum|MWRend|Outrider Intercept Post|Tannery|Toxicarium
"MaA/Halberd/Chain [Poison, Outr:once, Rend, Cond+1]",Man-at-Arms,Halberd,,Chainmail,,False,50,"Cond Field,Outrider: once,Poison,Rend",Random,34639,42534,15316,1561,94050,0.3683,0.4522,0.9834,0.4488,8.17,11.34,-3.17,1400,70000,494.84,10,19,Animal Husbandry|Armory|Blacksmith|Caravanery|Cipher Chamber|Coliseum|MWRend|Outrider Intercept Post|Tannery|Toxicarium
"MaA/BattleAxe/Chain [Poison, Outr:once, Rend, Cond+1]",Man-at-Arms,Battle Axe,,Chainmail,,False,50,"Cond Field,Outrider: once,Poison,Rend",Random,28653,46472,17324,1601,94050,0.3047,0.4941,0.9830,0.3814,6.85,13.29,-6.44,1400,70000,409.33,10,19,Animal Husbandry|Armory|Blacksmith|Caravanery|Cipher Chamber|Coliseum|MWRend|Outrider Intercept Post|Tannery|Toxicarium
"MaA/Pike/Chain [ApoHeal, Regen 5, Reroll, Cond+1]",Man-at-Arms,Pike,,Chainmail,,False,50,"Apothecary Heal,Cond Field,Regenerate 5,Regenerate Reroll",Random,73088,6761,38666,935,119450,0.6119,0.0566,0.9922,0.9153,15.62,1.17,14.45,1600,80000,913.60,6,12,Animal Husbandry|Apothecary|Armory|Blacksmith|Coliseum|Hospitaller|Infirmary|Tannery
"MaA/Halberd/Chain [ApoHeal, Regen 5, Reroll, Cond+1]",Man-at-Arms,Halberd,,Chainmail,,False,50,"Apothecary Heal,Cond Field,Regenerate 5,Regenerate Reroll",Random,75630,6614,36269,937,119450,0.6332,0.0554,0.9922,0.9196,16.30,1.29,15.01,1600,80000,945.38,6,12,Animal Husbandry|Apothecary|Armory|Blacksmith|Coliseum|Hospitaller|Infirmary|Tannery
"MaA/BattleAxe/Chain [ApoHeal, Regen 5, Reroll, Cond+1]",Man-at-Arms,Battle Axe,,Chainmail,,False,50,"Apothecary Heal,Cond Field,Regenerate 5,Regenerate Reroll",Random,68607,7853,42039,951,119450,0.5744,0.0657,0.9920,0.8973,14.15,1.37,12.78,1600,80000,857.59,6,12,Animal Husbandry|Apothecary|Armory|Blacksmith|Coliseum|Hospitaller|Infirmary|Tannery
"MaA/Arming/Scutum/Chain [ApoHeal, Regen 5, Reroll, Cond+1]",Man-at-Arms,Arming Sword,Scutum Shield,Chainmail,,False,50,"Apothecary Heal,Cond Field,Regenerate 5,Regenerate Reroll",Random,72945,5798,39801,906,119450,0.6107,0.0485,0.9924,0.9264,18.21,1.34,16.87,1400,70000,1042.07,8,12,Animal Husbandry|Apothecary|Armory|Blacksmith|Carpentry|Coliseum|Hospitaller|Infirmary|Joinery|Tannery
"MaA/Flail/Scutum/Chain [ApoHeal, Regen 5, Reroll, Cond+1]",Man-at-Arms,Flail,Scutum Shield,Chainmail,,False,50,"Apothecary Heal,Cond Field,Regenerate 5,Regenerate Reroll",Random,80713,4706,33210,821,119450,0.6757,0.0394,0.9931,0.9449,21.25,0.93,20.33,1400,70000,1153.04,8,12,Animal Husbandry|Apothecary|Armory|Blacksmith|Carpentry|Coliseum|Hospitaller|Infirmary|Joinery|Tannery
"MaA/Longbow/Chain [ApoHeal, Regen 5, Reroll, Cond+1]",Man-at-Arms,,,Chainmail,Longbow,False,50,"Apothecary Heal,Cond Field,Regenerate 5,Regenerate Reroll",Random,98166,1932,18499,853,119450,0.8218,0.0162,0.9929,0.9807,26.91,0.49,26.42,1400,70000,1402.37,8,12,Animal Husbandry|Apothecary|Armory|Blacksmith|Carpentry|Coliseum|Fletchery|Hospitaller|Infirmary|Tannery
"MaA/Pike/Chain [Outr:once, Cond+1, ApoHeal, Regen 5, Reroll]",Man-at-Arms,Pike,,Chainmail,,False,50,"Apothecary Heal,Cond Field,Outrider: once,Regenerate 5,Regenerate Reroll",Random,53198,5995,33311,1546,94050,0.5656,0.0637,0.9836,0.8987,14.21,1.77,12.44,1600,80000,664.98,9,22,Animal Husbandry|Apothecary|Armory|Blacksmith|Caravanery|Cipher Chamber|Coliseum|Hospitaller|Infirmary|Outrider Intercept Post|Tannery
"MaA/Halberd/Chain [Outr:once, Cond+1, ApoHeal, Regen 5, Reroll]",Man-at-Arms,Halberd,,Chainmail,,False,50,"Apothecary Heal,Cond Field,Outrider: once,Regenerate 5,Regenerate Reroll",Random,55526,5849,31132,1543,94050,0.5904,0.0622,0.9836,0.9047,15.07,1.91,13.16,1600,80000,694.08,9,22,Animal Husbandry|Apothecary|Armory|Blacksmith|Caravanery|Cipher Chamber|Coliseum|Hospitaller|Infirmary|Outrider Intercept Post|Tannery
"MaA/BattleAxe/Chain [Outr:once, Cond+1, ApoHeal, Regen 5, Reroll]",Man-at-Arms,Battle Axe,,Chainmail,,False,50,"Apothecary Heal,Cond Field,Outrider: once,Regenerate 5,Regenerate Reroll",Random,50554,6740,35242,1514,94050,0.5375,0.0717,0.9839,0.8824,13.05,1.90,11.16,1600,80000,631.92,9,22,Animal Husbandry|Apothecary|Armory|Blacksmith|Caravanery|Cipher Chamber|Coliseum|Hospitaller|Infirmary|Outrider Intercept Post|Tannery
"MaA/Pike/Chain [Cond+1, ApoHeal, Rend, Regen 5, Reroll]",Man-at-Arms,Pike,,Chainmail,,False,50,"Apothecary Heal,Cond Field,Regenerate 5,Regenerate Reroll,Rend",Random,73091,6705,38774,880,119450,0.6119,0.0561,0.9926,0.9160,15.68,1.07,14.61,1400,70000,1044.16,7,15,Animal Husbandry|Apothecary|Armory|Blacksmith|Coliseum|Hospitaller|Infirmary|MWRend|Tannery
"MaA/Halberd/Chain [Cond+1, ApoHeal, Rend, Regen 5, Reroll]",Man-at-Arms,Halberd,,Chainmail,,False,50,"Apothecary Heal,Cond Field,Regenerate 5,Regenerate Reroll,Rend",Random,75832,6587,36146,885,119450,0.6348,0.0551,0.9926,0.9201,16.36,1.20,15.16,1400,70000,1083.31,7,15,Animal Husbandry|Apothecary|Armory|Blacksmith|Coliseum|Hospitaller|Infirmary|MWRend|Tannery
"MaA/BattleAxe/Chain [Cond+1, ApoHeal, Rend, Regen 5, Reroll]",Man-at-Arms,Battle Axe,,Chainmail,,False,50,"Apothecary Heal,Cond Field,Regenerate 5,Regenerate Reroll,Rend",Random,68510,7817,42207,916,119450,0.5735,0.0654,0.9923,0.8976,14.18,1.27,12.91,1400,70000,978.71,7,15,Animal Husbandry|Apothecary|Armory|Blacksmith|Coliseum|Hospitaller|Infirmary|MWRend|Tannery
"MaA/Arming/Scutum/Chain [Cond+1, ApoHeal, Rend, Regen 5, Reroll]",Man-at-Arms,Arming Sword,Scutum Shield,Chainmail,,False,50,"Apothecary Heal,Cond Field,Regenerate 5,Regenerate Reroll,Rend",Random,72957,5746,39847,900,119450,0.6108,0.0481,0.9925,0.9270,18.26,1.30,16.96,1200,60000,1215.95,9,15,Animal Husbandry|Apothecary|Armory|Blacksmith|Carpentry|Coliseum|Hospitaller|Infirmary|Joinery|MWRend|Tannery
"MaA/Flail/Scutum/Chain [Cond+1, ApoHeal, Rend, Regen 5, Reroll]",Man-at-Arms,Flail,Scutum Shield,Chainmail,,False,50,"Apothecary Heal,Cond Field,Regenerate 5,Regenerate Reroll,Rend",Random,81701,4602,32324,823,119450,0.6840,0.0385,0.9931,0.9467,21.54,0.89,20.65,1200,60000,1361.68,9,15,Animal Husbandry|Apothecary|Armory|Blacksmith|Carpentry|Coliseum|Hospitaller|Infirmary|Joinery|MWRend|Tannery
"MaA/Longbow/Chain [Cond+1, ApoHeal, Rend, Regen 5, Reroll]",Man-at-Arms,,,Chainmail,Longbow,False,50,"Apothecary Heal,Cond Field,Regenerate 5,Regenerate Reroll,Rend",Random,102232,1358,15024,836,119450,0.8559,0.0114,0.9930,0.9869,27.97,0.39,27.58,1200,60000,1703.87,9,15,Animal Husbandry|Apothecary|Armory|Blacksmith|Carpentry|Coliseum|Fletchery|Hospitaller|Infirmary|MWRend|Tannery
"MaA/Pike/Chain [Outr:once, Cond+1, ApoHeal, Rend, Regen 5, Reroll]",Man-at-Arms,Pike,,Chainmail,,False,50,"Apothecary Heal,Cond Field,Outrider: once,Regenerate 5,Regenerate Reroll,Rend",Random,53387,5778,33258,1627,94050,0.5676,0.0614,0.9827,0.9023,14.35,1.71,12.64,1400,70000,762.67,10,25,Animal Husbandry|Apothecary|Armory|Blacksmith|Caravanery|Cipher Chamber|Coliseum|Hospitaller|Infirmary|MWRend|Outrider Intercept Post|Tannery
"MaA/Halberd/Chain [Outr:once, Cond+1, ApoHeal, Rend, Regen 5, Reroll]",Man-at-Arms,Halberd,,Chainmail,,False,50,"Apothecary Heal,Cond Field,Outrider: once,Regenerate 5,Regenerate Reroll,Rend",Random,55728,5790,30966,1566,94050,0.5925,0.0616,0.9833,0.9059,15.18,1.84,13.34,1400,70000,796.11,10,25,Animal Husbandry|Apothecary|Armory|Blacksmith|Caravanery|Cipher Chamber|Coliseum|Hospitaller|Infirmary|MWRend|Outrider Intercept Post|Tannery
"MaA/BattleAxe/Chain [Outr:once, Cond+1, ApoHeal, Rend, Regen 5, Reroll]",Man-at-Arms,Battle Axe,,Chainmail,,False,50,"Apothecary Heal,Cond Field,Outrider: once,Regenerate 5,Regenerate Reroll,Rend",Random,50653,6645,35137,1615,94050,0.5386,0.0707,0.9828,0.8840,13.17,1.88,11.29,1400,70000,723.61,10,25,Animal Husbandry|Apothecary|Armory|Blacksmith|Caravanery|Cipher Chamber|Coliseum|Hospitaller|Infirmary|MWRend|Outrider Intercept Post|Tannery
"MaA/Pike/Chain [Poison, Cond+1, ApoHeal, Regen 5, Reroll]",Man-at-Arms,Pike,,Chainmail,,False,50,"Apothecary Heal,Cond Field,Poison,Regenerate 5,Regenerate Reroll",Random,80008,5263,33329,850,119450,0.6698,0.0441,0.9929,0.9383,17.67,0.91,16.76,1600,80000,1000.10,8,15,Animal Husbandry|Apothecary|Armory|Blacksmith|Coliseum|Hospitaller|Infirmary|Tannery|Toxicarium
"MaA/Halberd/Chain [Poison, Cond+1, ApoHeal, Regen 5, Reroll]",Man-at-Arms,Halberd,,Chainmail,,False,50,"Apothecary Heal,Cond Field,Poison,Regenerate 5,Regenerate Reroll",Random,81532,5199,31824,895,119450,0.6826,0.0435,0.9925,0.9401,17.81,1.00,16.81,1600,80000,1019.15,8,15,Animal Husbandry|Apothecary|Armory|Blacksmith|Coliseum|Hospitaller|Infirmary|Tannery|Toxicarium
"MaA/BattleAxe/Chain [Poison, Cond+1, ApoHeal, Regen 5, Reroll]",Man-at-Arms,Battle Axe,,Chainmail,,False,50,"Apothecary Heal,Cond Field,Poison,Regenerate 5,Regenerate Reroll",Random,69974,7475,41044,957,119450,0.5858,0.0626,0.9920,0.9035,14.44,1.27,13.17,1600,80000,874.67,8,15,Animal Husbandry|Apothecary|Armory|Blacksmith|Coliseum|Hospitaller|Infirmary|Tannery|Toxicarium
"MaA/Arming/Scutum/Chain [Poison, Cond+1, ApoHeal, Regen 5, Reroll]",Man-at-Arms,Arming Sword,Scutum Shield,Chainmail,,False,50,"Apothecary Heal,Cond Field,Poison,Regenerate 5,Regenerate Reroll",Random,80872,4614,33136,828,119450,0.6770,0.0386,0.9931,0.9460,21.43,0.88,20.54,1400,70000,1155.31,10,15,Animal Husbandry|Apothecary|Armory|Blacksmith|Carpentry|Coliseum|Hospitaller|Infirmary|Joinery|Tannery|Toxicarium
"MaA/Flail/Scutum/Chain [Poison, Cond+1, ApoHeal, Regen 5, Reroll]",Man-at-Arms,Flail,Scutum Shield,Chainmail,,False,50,"Apothecary Heal,Cond Field,Poison,Regenerate 5,Regenerate Reroll",Random,89454,3027,26121,848,119450,0.7489,0.0253,0.9929,0.9673,24.73,0.64,24.09,1400,70000,1277.91,10,15,Animal Husbandry|Apothecary|Armory|Blacksmith|Carpentry|Coliseum|Hospitaller|Infirmary|Joinery|Tannery|Toxicarium
"MaA/Longbow/Chain [Poison, Cond+1, ApoHeal, Regen 5, Reroll]",Man-at-Arms,,,Chainmail,Longbow,False,50,"Apothecary Heal,Cond Field,Poison,Regenerate 5,Regenerate Reroll",Random,100138,1628,16909,775,119450,0.8383,0.0136,0.9935,0.9840,28.17,0.43,27.73,1400,70000,1430.54,10,15,Animal Husbandry|Apothecary|Armory|Blacksmith|Carpentry|Coliseum|Fletchery|Hospitaller|Infirmary|Tannery|Toxicarium
"MaA/Pike/Chain [Poison, Cond+1, ApoHeal, Rend, Regen 5, Reroll]",Man-at-Arms,Pike,,Chainmail,,False,50,"Apothecary Heal,Cond Field,Poison,Regenerate 5,Regenerate Reroll,Rend",Random,80237,5108,33237,868,119450,0.6717,0.0428,0.9927,0.9401,17.78,0.83,16.96,1400,70000,1146.24,9,18,Animal Husbandry|Apothecary|Armory|Blacksmith|Coliseum|Hospitaller|Infirmary|MWRend|Tannery|Toxicarium
"MaA/Halberd/Chain [Poison, Cond+1, ApoHeal, Rend, Regen 5, Reroll]",Man-at-Arms,Halberd,,Chainmail,,False,50,"Apothecary Heal,Cond Field,Poison,Regenerate 5,Regenerate Reroll,Rend",Random,81998,5107,31436,909,119450,0.6865,0.0428,0.9924,0.9414,17.94,0.91,17.03,1400,70000,1171.40,9,18,Animal Husbandry|Apothecary|Armory|Blacksmith|Coliseum|Hospitaller|Infirmary|MWRend|Tannery|Toxicarium
"MaA/BattleAxe/Chain [Poison, Cond+1, ApoHeal, Rend, Regen 5, Reroll]",Man-at-Arms,Battle Axe,,Chainmail,,False,50,"Apothecary Heal,Cond Field,Poison,Regenerate 5,Regenerate Reroll,Rend",Random,69971,7424,41139,916,119450,0.5858,0.0622,0.9923,0.9041,14.48,1.20,13.27,1400,70000,999.59,9,18,Animal Husbandry|Apothecary|Armory|Blacksmith|Coliseum|Hospitaller|Infirmary|MWRend|Tannery|Toxicarium
"MaA/Pike/Chain [Unshakable, Cond+1]",Man-at-Arms,Pike,,Chainmail,,False,50,"Cond Field,Unshakable",Random,30532,32584,13264,770,77150,0.3957,0.4223,0.9900,0.4837,10.54,10.68,-0.14,1600,80000,381.65,5,19,Animal Husbandry|Armory|Blacksmith|Coliseum|Preceptory|Tannery
"MaA/Halberd/Chain [Unshakable, Cond+1]",Man-at-Arms,Halberd,,Chainmail,,False,50,"Cond Field,Unshakable",Random,30466,33291,12676,717,77150,0.3949,0.4315,0.9907,0.4778,10.37,11.82,-1.44,1600,80000,380.82,5,19,Animal Husbandry|Armory|Blacksmith|Coliseum|Preceptory|Tannery
"MaA/BattleAxe/Chain [Unshakable, Cond+1]",Man-at-Arms,Battle Axe,,Chainmail,,False,50,"Cond Field,Unshakable",Random,28148,34574,13689,739,77150,0.3648,0.4481,0.9904,0.4488,9.57,12.61,-3.05,1600,80000,351.85,5,19,Animal Husbandry|Armory|Blacksmith|Coliseum|Preceptory|Tannery
"MaA/Arming/Scutum/Chain [Unshakable, Cond+1]",Man-at-Arms,Arming Sword,Scutum Shield,Chainmail,,False,50,"Cond Field,Unshakable",Random,38592,14310,23476,772,77150,0.5002,0.1855,0.9900,0.7295,15.16,5.23,9.93,1400,70000,551.31,7,19,Animal Husbandry|Armory|Blacksmith|Carpentry|Coliseum|Joinery|Preceptory|Tannery
"MaA/Flail/Scutum/Chain [Unshakable, Cond+1]",Man-at-Arms,Flail,Scutum Shield,Chainmail,,False,50,"Cond Field,Unshakable",Random,43953,12410,20033,754,77150,0.5697,0.1609,0.9902,0.7798,16.90,4.13,12.77,1400,70000,627.90,7,19,Animal Husbandry|Armory|Blacksmith|Carpentry|Coliseum|Joinery|Preceptory|Tannery
"MaA/Longbow/Chain [Unshakable, Cond+1]",Man-at-Arms,,,Chainmail,Longbow,False,50,"Cond Field,Unshakable",Random,52838,15956,7634,722,77150,0.6849,0.2068,0.9906,0.7681,18.77,4.74,14.03,1400,70000,754.83,7,19,Animal Husbandry|Armory|Blacksmith|Carpentry|Coliseum|Fletchery|Preceptory|Tannery
"MaA/Pike/Chain [Rend, Unshakable, Cond+1]",Man-at-Arms,Pike,,Chainmail,,False,50,"Cond Field,Rend,Unshakable",Random,30714,32508,13183,745,77150,0.3981,0.4214,0.9903,0.4858,10.65,10.02,0.63,1400,70000,438.77,6,22,Animal Husbandry|Armory|Blacksmith|Coliseum|MWRend|Preceptory|Tannery
"MaA/Halberd/Chain [Rend, Unshakable, Cond+1]",Man-at-Arms,Halberd,,Chainmail,,False,50,"Cond Field,Rend,Unshakable",Random,30740,33091,12592,727,77150,0.3984,0.4289,0.9906,0.4816,10.45,11.19,-0.73,1400,70000,439.14,6,22,Animal Husbandry|Armory|Blacksmith|Coliseum|MWRend|Preceptory|Tannery
"MaA/BattleAxe/Chain [Rend, Unshakable, Cond+1]",Man-at-Arms,Battle Axe,,Chainmail,,False,50,"Cond Field,Rend,Unshakable",Random,28271,34365,13805,709,77150,0.3664,0.4454,0.9908,0.4514,9.60,12.01,-2.41,1400,70000,403.87,6,22,Animal Husbandry|Armory|Blacksmith|Coliseum|MWRend|Preceptory|Tannery
"MaA/Arming/Scutum/Chain [Rend, Unshakable, Cond+1]",Man-at-Arms,Arming Sword,Scutum Shield,Chainmail,,False,50,"Cond Field,Rend,Unshakable",Random,38607,14201,23648,694,77150,0.5004,0.1841,0.9910,0.7311,15.17,4.97,10.20,1200,60000,643.45,8,22,Animal Husbandry|Armory|Blacksmith|Carpentry|Coliseum|Joinery|MWRend|Preceptory|Tannery
"MaA/Flail/Scutum/Chain [Rend, Unshakable, Cond+1]",Man-at-Arms,Flail,Scutum Shield,Chainmail,,False,50,"Cond Field,Rend,Unshakable",Random,44263,12458,19695,734,77150,0.5737,0.1615,0.9905,0.7804,17.05,3.93,13.12,1200,60000,737.72,8,22,Animal Husbandry|Armory|Blacksmith|Carpentry|Coliseum|Joinery|MWRend|Preceptory|Tannery
"MaA/Longbow/Chain [Rend, Unshakable, Cond+1]",Man-at-Arms,,,Chainmail,Longbow,False,50,"Cond Field,Rend,Unshakable",Random,54280,14689,7505,676,77150,0.7036,0.1904,0.9912,0.7870,19.30,3.62,15.68,1200,60000,904.67,8,22,Animal Husbandry|Armory|Blacksmith|Carpentry|Coliseum|Fletchery|MWRend|Preceptory|Tannery
"MaA/Pike/Chain [Poison, Unshakable, Cond+1]",Man-at-Arms,Pike,,Chainmail,,False,50,"Cond Field,Poison,Unshakable",Random,34364,29723,12294,769,77150,0.4454,0.3853,0.9900,0.5362,11.66,9.23,2.43,1600,80000,429.55,7,22,Animal Husbandry|Armory|Blacksmith|Coliseum|Preceptory|Tannery|Toxicarium
"MaA/Halberd/Chain [Poison, Unshakable, Cond+1]",Man-at-Arms,Halberd,,Chainmail,,False,50,"Cond Field,Poison,Unshakable",Random,32733,31823,11807,787,77150,0.4243,0.4125,0.9898,0.5070,11.09,10.61,0.48,1600,80000,409.16,7,22,Animal Husbandry|Armory|Blacksmith|Coliseum|Preceptory|Tannery|Toxicarium
"MaA/BattleAxe/Chain [Poison, Unshakable, Cond+1]",Man-at-Arms,Battle Axe,,Chainmail,,False,50,"Cond Field,Poison,Unshakable",Random,28650,34089,13636,775,77150,0.3714,0.4419,0.9900,0.4567,9.73,12.27,-2.54,1600,80000,358.12,7,22,Animal Husbandry|Armory|Blacksmith|Coliseum|Preceptory|Tannery|Toxicarium
"MaA/Arming/Scutum/Chain [Poison, Unshakable, Cond+1]",Man-at-Arms,Arming Sword,Scutum Shield,Chainmail,,False,50,"Cond Field,Poison,Unshakable",Random,44432,12029,19971,718,77150,0.5759,0.1559,0.9907,0.7870,17.12,3.92,13.21,1400,70000,634.74,9,22,Animal Husbandry|Armory|Blacksmith|Carpentry|Coliseum|Joinery|Preceptory|Tannery|Toxicarium
"MaA/Flail/Scutum/Chain [Poison, Unshakable, Cond+1]",Man-at-Arms,Flail,Scutum Shield,Chainmail,,False,50,"Cond Field,Poison,Unshakable",Random,50272,10272,15924,682,77150,0.6516,0.1331,0.9912,0.8303,19.26,3.22,16.04,1400,70000,718.17,9,22,Animal Husbandry|Armory|Blacksmith|Carpentry|Coliseum|Joinery|Preceptory|Tannery|Toxicarium
"MaA/Longbow/Chain [Poison, Unshakable, Cond+1]",Man-at-Arms,,,Chainmail,Longbow,False,50,"Cond Field,Poison,Unshakable",Random,55463,14067,6897,723,77150,0.7189,0.1823,0.9906,0.7977,19.97,4.25,15.72,1400,70000,792.33,9,22,Animal Husbandry|Armory|Blacksmith|Carpentry|Coliseum|Fletchery|Preceptory|Tannery|Toxicarium
"MaA/Pike/Chain [Poison, Cond+1, Unshakable, Rend]",Man-at-Arms,Pike,,Chainmail,,False,50,"Cond Field,Poison,Rend,Unshakable",Random,34605,29307,12474,764,77150,0.4485,0.3799,0.9901,0.5414,11.86,8.49,3.38,1400,70000,494.36,8,25,Animal Husbandry|Armory|Blacksmith|Coliseum|MWRend|Preceptory|Tannery|Toxicarium
"MaA/Halberd/Chain [Poison, Cond+1, Unshakable, Rend]",Man-at-Arms,Halberd,,Chainmail,,False,50,"Cond Field,Poison,Rend,Unshakable",Random,32925,31713,11778,734,77150,0.4268,0.4111,0.9905,0.5094,11.17,9.93,1.24,1400,70000,470.36,8,25,Animal Husbandry|Armory|Blacksmith|Coliseum|MWRend|Preceptory|Tannery|Toxicarium
"MaA/BattleAxe/Chain [Poison, Cond+1, Unshakable, Rend]",Man-at-Arms,Battle Axe,,Chainmail,,False,50,"Cond Field,Poison,Rend,Unshakable",Random,28576,34122,13647,805,77150,0.3704,0.4423,0.9896,0.4558,9.79,11.80,-2.01,1400,70000,408.23,8,25,Animal Husbandry|Armory|Blacksmith|Coliseum|MWRend|Preceptory|Tannery|Toxicarium
"MaA/Arming/Scutum/Chain [Poison, Rend, Unshakable, Cond+1]",Man-at-Arms,Arming Sword,Scutum Shield,Chainmail,,False,50,"Cond Field,Poison,Rend,Unshakable",Random,44800,11968,19698,684,77150,0.5807,0.1551,0.9911,0.7892,17.29,3.69,13.60,1200,60000,746.67,10,25,Animal Husbandry|Armory|Blacksmith|Carpentry|Coliseum|Joinery|MWRend|Preceptory|Tannery|Toxicarium
"MaA/Flail/Scutum/Chain [Poison, Rend, Unshakable, Cond+1]",Man-at-Arms,Flail,Scutum Shield,Chainmail,,False,50,"Cond Field,Poison,Rend,Unshakable",Random,51443,10031,14945,731,77150,0.6668,0.1300,0.9905,0.8368,19.66,2.94,16.72,1200,60000,857.38,10,25,Animal Husbandry|Armory|Blacksmith|Carpentry|Coliseum|Joinery|MWRend|Preceptory|Tannery|Toxicarium
"MaA/Longbow/Chain [Poison, Rend, Unshakable, Cond+1]",Man-at-Arms,,,Chainmail,Longbow,False,50,"Cond Field,Poison,Rend,Unshakable",Random,57302,12603,6544,701,77150,0.7427,0.1634,0.9909,0.8197,20.65,3.08,17.57,1200,60000,955.03,10,25,Animal Husbandry|Armory|Blacksmith|Carpentry|Coliseum|Fletchery|MWRend|Preceptory|Tannery|Toxicarium
"MaA/Pike/Chain [Cond+1, ApoHeal, Unshakable, Regen 5, Reroll]",Man-at-Arms,Pike,,Chainmail,,False,50,"Apothecary Heal,Cond Field,Regenerate 5,Regenerate Reroll,Unshakable",Random,49174,2618,24628,730,77150,0.6374,0.0339,0.9905,0.9495,20.96,0.66,20.30,1600,80000,614.67,7,19,Animal Husbandry|Apothecary|Armory|Blacksmith|Coliseum|Hospitaller|Infirmary|Preceptory|Tannery
"MaA/Halberd/Chain [Cond+1, ApoHeal, Unshakable, Regen 5, Reroll]",Man-at-Arms,Halberd,,Chainmail,,False,50,"Apothecary Heal,Cond Field,Regenerate 5,Regenerate Reroll,Unshakable",Random,50656,2645,23033,816,77150,0.6566,0.0343,0.9894,0.9504,21.39,0.79,20.60,1600,80000,633.20,7,19,Animal Husbandry|Apothecary|Armory|Blacksmith|Coliseum|Hospitaller|Infirmary|Preceptory|Tannery
"MaA/BattleAxe/Chain [Cond+1, ApoHeal, Unshakable, Regen 5, Reroll]",Man-at-Arms,Battle Axe,,Chainmail,,False,50,"Apothecary Heal,Cond Field,Regenerate 5,Regenerate Reroll,Unshakable",Random,46197,3179,27032,742,77150,0.5988,0.0412,0.9904,0.9356,19.19,0.79,18.40,1600,80000,577.46,7,19,Animal Husbandry|Apothecary|Armory|Blacksmith|Coliseum|Hospitaller|Infirmary|Preceptory|Tannery
"MaA/Arming/Scutum/Chain [Cond+1, ApoHeal, Unshakable, Regen 5, Reroll]",Man-at-Arms,Arming Sword,Scutum Shield,Chainmail,,False,50,"Apothecary Heal,Cond Field,Regenerate 5,Regenerate Reroll,Unshakable",Random,48442,2425,25503,780,77150,0.6279,0.0314,0.9899,0.9523,23.47,0.87,22.59,1400,70000,692.03,9,19,Animal Husbandry|Apothecary|Armory|Blacksmith|Carpentry|Coliseum|Hospitaller|Infirmary|Joinery|Preceptory|Tannery
"MaA/Flail/Scutum/Chain [Cond+1, ApoHeal, Unshakable, Regen 5, Reroll]",Man-at-Arms,Flail,Scutum Shield,Chainmail,,False,50,"Apothecary Heal,Cond Field,Regenerate 5,Regenerate Reroll,Unshakable",Random,53237,1853,21324,736,77150,0.6900,0.0240,0.9905,0.9664,26.07,0.61,25.46,1400,70000,760.53,9,19,Animal Husbandry|Apothecary|Armory|Blacksmith|Carpentry|Coliseum|Hospitaller|Infirmary|Joinery|Preceptory|Tannery
"MaA/Longbow/Chain [Cond+1, ApoHeal, Unshakable, Regen 5, Reroll]",Man-at-Arms,,,Chainmail,Longbow,False,50,"Apothecary Heal,Cond Field,Regenerate 5,Regenerate Reroll,Unshakable",Random,64584,342,11536,688,77150,0.8371,0.0044,0.9911,0.9947,31.03,0.39,30.63,1400,70000,922.63,9,19,Animal Husbandry|Apothecary|Armory|Blacksmith|Carpentry|Coliseum|Fletchery|Hospitaller|Infirmary|Preceptory|Tannery
"MaA/Pike/Chain [Cond+1, ApoHeal, Unshakable, Rend, Regen 5, Reroll]",Man-at-Arms,Pike,,Chainmail,,False,50,"Apothecary Heal,Cond Field,Regenerate 5,Regenerate Reroll,Rend,Unshakable",Random,49104,2583,24699,764,77150,0.6365,0.0335,0.9901,0.9500,21.03,0.65,20.39,1400,70000,701.49,8,22,Animal Husbandry|Apothecary|Armory|Blacksmith|Coliseum|Hospitaller|Infirmary|MWRend|Preceptory|Tannery
"MaA/Halberd/Chain [Cond+1, ApoHeal, Unshakable, Rend, Regen 5, Reroll]",Man-at-Arms,Halberd,,Chainmail,,False,50,"Apothecary Heal,Cond Field,Regenerate 5,Regenerate Reroll,Rend,Unshakable",Random,50725,2576,23086,763,77150,0.6575,0.0334,0.9901,0.9517,21.51,0.73,20.78,1400,70000,724.64,8,22,Animal Husbandry|Apothecary|Armory|Blacksmith|Coliseum|Hospitaller|Infirmary|MWRend|Preceptory|Tannery
"MaA/BattleAxe/Chain [Cond+1, ApoHeal, Unshakable, Rend, Regen 5, Reroll]",Man-at-Arms,Battle Axe,,Chainmail,,False,50,"Apothecary Heal,Cond Field,Regenerate 5,Regenerate Reroll,Rend,Unshakable",Random,46260,3150,26958,782,77150,0.5996,0.0408,0.9899,0.9362,19.30,0.79,18.51,1400,70000,660.86,8,22,Animal Husbandry|Apothecary|Armory|Blacksmith|Coliseum|Hospitaller|Infirmary|MWRend|Preceptory|Tannery
"MaA/Arming/Scutum/Chain [Cond+1, ApoHeal, Unshakable, Rend, Regen 5, Reroll]",Man-at-Arms,Arming Sword,Scutum Shield,Chainmail,,False,50,"Apothecary Heal,Cond Field,Regenerate 5,Regenerate Reroll,Rend,Unshakable",Random,48416,2422,25543,769,77150,0.6276,0.0314,0.9900,0.9524,23.49,0.84,22.65,1200,60000,806.93,10,22,Animal Husbandry|Apothecary|Armory|Blacksmith|Carpentry|Coliseum|Hospitaller|Infirmary|Joinery|MWRend|Preceptory|Tannery
"MaA/Flail/Scutum/Chain [Cond+1, ApoHeal, Unshakable, Rend, Regen 5, Reroll]",Man-at-Arms,Flail,Scutum Shield,Chainmail,,False,50,"Apothecary Heal,Cond Field,Regenerate 5,Regenerate Reroll,Rend,Unshakable",Random,54079,1889,20400,782,77150,0.7010,0.0245,0.9899,0.9662,26.51,0.62,25.89,1200,60000,901.32,10,22,Animal Husbandry|Apothecary|Armory|Blacksmith|Carpentry|Coliseum|Hospitaller|Infirmary|Joinery|MWRend|Preceptory|Tannery
"MaA/Longbow/Chain [Cond+1, ApoHeal, Unshakable, Rend, Regen 5, Reroll]",Man-at-Arms,,,Chainmail,Longbow,False,50,"Apothecary Heal,Cond Field,Regenerate 5,Regenerate Reroll,Rend,Unshakable",Random,67409,201,8804,736,77150,0.8737,0.0026,0.9905,0.9970,32.52,0.37,32.15,1200,60000,1123.48,10,22,Animal Husbandry|Apothecary|Armory|Blacksmith|Carpentry|Coliseum|Fletchery|Hospitaller|Infirmary|MWRend|Preceptory|Tannery
"MaA/Pike/Chain [Poison, Cond+1, ApoHeal, Unshakable, Regen 5, Reroll]",Man-at-Arms,Pike,,Chainmail,,False,50,"Apothecary Heal,Cond Field,Poison,Regenerate 5,Regenerate Reroll,Unshakable",Random,53601,1924,20883,742,77150,0.6948,0.0249,0.9904,0.9653,23.27,0.57,22.69,1600,80000,670.01,9,22,Animal Husbandry|Apothecary|Armory|Blacksmith|Coliseum|Hospitaller|Infirmary|Preceptory|Tannery|Toxicarium
"MaA/Halberd/Chain [Poison, Cond+1, ApoHeal, Unshakable, Regen 5, Reroll]",Man-at-Arms,Halberd,,Chainmail,,False,50,"Apothecary Heal,Cond Field,Poison,Regenerate 5,Regenerate Reroll,Unshakable",Random,54601,1911,19881,757,77150,0.7077,0.0248,0.9902,0.9662,23.24,0.61,22.63,1600,80000,682.51,9,22,Animal Husbandry|Apothecary|Armory|Blacksmith|Coliseum|Hospitaller|Infirmary|Preceptory|Tannery|Toxicarium
"MaA/BattleAxe/Chain [Poison, Cond+1, ApoHeal, Unshakable, Regen 5, Reroll]",Man-at-Arms,Battle Axe,,Chainmail,,False,50,"Apothecary Heal,Cond Field,Poison,Regenerate 5,Regenerate Reroll,Unshakable",Random,47214,2957,26174,805,77150,0.6120,0.0383,0.9896,0.9411,19.67,0.78,18.89,1600,80000,590.17,9,22,Animal Husbandry|Apothecary|Armory|Blacksmith|Coliseum|Hospitaller|Infirmary|Preceptory|Tannery|Toxicarium
"MaA/Pike/Chain [Poison, Cond+1, ApoHeal, Unshakable, Rend, Regen 5, Reroll]",Man-at-Arms,Pike,,Chainmail,,False,50,"Apothecary Heal,Cond Field,Poison,Regenerate 5,Regenerate Reroll,Rend,Unshakable",Random,53734,1895,20740,781,77150,0.6965,0.0246,0.9899,0.9659,23.47,0.57,22.90,1400,70000,767.63,10,25,Animal Husbandry|Apothecary|Armory|Blacksmith|Coliseum|Hospitaller|Infirmary|MWRend|Preceptory|Tannery|Toxicarium
"MaA/Halberd/Chain [Poison, Cond+1, ApoHeal, Unshakable, Rend, Regen 5, Reroll]",Man-at-Arms,Halberd,,Chainmail,,False,50,"Apothecary Heal,Cond Field,Poison,Regenerate 5,Regenerate Reroll,Rend,Unshakable",Random,54739,1870,19776,765,77150,0.7095,0.0242,0.9901,0.9670,23.43,0.60,22.83,1400,70000,781.99,10,25,Animal Husbandry|Apothecary|Armory|Blacksmith|Coliseum|Hospitaller|Infirmary|MWRend|Preceptory|Tannery|Toxicarium
"MaA/BattleAxe/Chain [Poison, Cond+1, ApoHeal, Unshakable, Rend, Regen 5, Reroll]",Man-at-Arms,Battle Axe,,Chainmail,,False,50,"Apothecary Heal,Cond Field,Poison,Regenerate 5,Regenerate Reroll,Rend,Unshakable",Random,47162,2967,26239,782,77150,0.6113,0.0385,0.9899,0.9408,19.73,0.75,18.98,1400,70000,673.74,10,25,Animal Husbandry|Apothecary|Armory|Blacksmith|Coliseum|Hospitaller|Infirmary|MWRend|Preceptory|Tannery|Toxicarium
Sgt/Pike/Chain,Sergeant,Pike,,Chainmail,,False,50,,Random,46406,59814,12392,838,119450,0.3885,0.5007,0.9930,0.4369,9.16,10.86,-1.70,2100,105000,441.96,5,9,Animal Husbandry|Armory|Blacksmith|Tannery|War College
Sgt/Halberd/Chain,Sergeant,Halberd,,Chainmail,,False,50,,Random,47812,59890,10953,795,119450,0.4003,0.5014,0.9933,0.4439,9.17,11.82,-2.65,2100,105000,455.35,5,9,Animal Husbandry|Armory|Blacksmith|Tannery|War College
Sgt/BattleAxe/Chain,Sergeant,Battle Axe,,Chainmail,,False,50,,Random,40822,66086,11671,871,119450,0.3417,0.5533,0.9927,0.3818,7.56,13.29,-5.73,2100,105000,388.78,5,9,Animal Husbandry|Armory|Blacksmith|Tannery|War College
Sgt/Arming/Scutum/Chain,Sergeant,Arming Sword,Scutum Shield,Chainmail,,False,50,,Random,44265,52936,21506,743,119450,0.3706,0.4432,0.9938,0.4554,11.43,10.84,0.59,1900,95000,465.95,7,9,Animal Husbandry|Armory|Blacksmith|Carpentry|Joinery|Tannery|War College
Sgt/Flail/Scutum/Chain,Sergeant,Flail,Scutum Shield,Chainmail,,False,50,,Random,55591,44311,18772,776,119450,0.4654,0.3710,0.9935,0.5565,13.82,7.84,5.99,1900,95000,585.17,7,9,Animal Husbandry|Armory|Blacksmith|Carpentry|Joinery|Tannery|War College
"Sgt/Pike+Javelin/Chain (TY) [ImmU, Cond+1]",Sergeant,Pike,,Chainmail,Javelin,True,50,"Cond Field,Immune Unwieldy",Random,63871,38289,16448,842,119450,0.5347,0.3205,0.9930,0.6252,13.10,7.64,5.46,1900,95000,672.33,9,9,Animal Husbandry|Armory|Blacksmith|Carpentry|Coliseum|Fletchery|Tannery|Tiltyard|War College
"Sgt/Halberd+Javelin/Chain (TY) [ImmU, Cond+1]",Sergeant,Halberd,,Chainmail,Javelin,True,50,"Cond Field,Immune Unwieldy",Random,62108,41080,15438,824,119450,0.5199,0.3439,0.9931,0.6019,12.57,8.55,4.02,1900,95000,653.77,9,9,Animal Husbandry|Armory|Blacksmith|Carpentry|Coliseum|Fletchery|Tannery|Tiltyard|War College
"Sgt/BattleAxe+Javelin/Chain (TY) [ImmU, Cond+1]",Sergeant,Battle Axe,,Chainmail,Javelin,True,50,"Cond Field,Immune Unwieldy",Random,55001,45804,17748,897,119450,0.4605,0.3835,0.9925,0.5456,10.77,9.97,0.80,1900,95000,578.96,9,9,Animal Husbandry|Armory|Blacksmith|Carpentry|Coliseum|Fletchery|Tannery|Tiltyard|War College
"Sgt/Arming+Javelin/Scutum/Chain (TY) [ImmU, Cond+1]",Sergeant,Arming Sword,Scutum Shield,Chainmail,Javelin,True,50,"Cond Field,Immune Unwieldy",Random,69319,18997,30373,761,119450,0.5803,0.1590,0.9936,0.7849,16.03,4.20,11.83,1700,85000,815.52,10,9,Animal Husbandry|Armory|Blacksmith|Carpentry|Coliseum|Fletchery|Joinery|Tannery|Tiltyard|War College
"Sgt/Flail+Javelin/Scutum/Chain (TY) [ImmU, Cond+1]",Sergeant,Flail,Scutum Shield,Chainmail,Javelin,True,50,"Cond Field,Immune Unwieldy",Random,78922,15508,24210,810,119450,0.6607,0.1298,0.9932,0.8358,18.68,3.29,15.39,1700,85000,928.49,10,9,Animal Husbandry|Armory|Blacksmith|Carpentry|Coliseum|Fletchery|Joinery|Tannery|Tiltyard|War College
"Sgt/Pike/Chain [MaxInit3, Seize:1st]",Sergeant,Pike,,Chainmail,,False,50,"MaxInit3,Seize: first",Random,45062,48344,8099,795,102300,0.4405,0.4726,0.9922,0.4824,10.64,9.95,0.70,2100,105000,429.16,6,13,Animal Husbandry|Armory|Blacksmith|Ministry|Tannery|War College
"Sgt/Halberd/Chain [MaxInit3, Seize:1st]",Sergeant,Halberd,,Chainmail,,False,50,"MaxInit3,Seize: first",Random,46557,48087,6832,824,102300,0.4551,0.4701,0.9919,0.4919,10.66,10.78,-0.13,2100,105000,443.40,6,13,Animal Husbandry|Armory|Blacksmith|Ministry|Tannery|War College
"Sgt/BattleAxe/Chain [MaxInit3, Seize:1st]",Sergeant,Battle Axe,,Chainmail,,False,50,"MaxInit3,Seize: first",Random,41925,51698,7818,859,102300,0.4098,0.5054,0.9916,0.4478,9.25,11.02,-1.77,2100,105000,399.29,6,13,Animal Husbandry|Armory|Blacksmith|Ministry|Tannery|War College
"Sgt/Arming/Scutum/Chain [MaxInit3, Seize:1st]",Sergeant,Arming Sword,Scutum Shield,Chainmail,,False,50,"MaxInit3,Seize: first",Random,43050,46347,12102,801,102300,0.4208,0.4530,0.9922,0.4816,13.28,10.97,2.31,1900,95000,453.16,8,13,Animal Husbandry|Armory|Blacksmith|Carpentry|Joinery|Ministry|Tannery|War College
"Sgt/Flail/Scutum/Chain [MaxInit3, Seize:1st]",Sergeant,Flail,Scutum Shield,Chainmail,,False,50,"MaxInit3,Seize: first",Random,52388,38315,10754,843,102300,0.5121,0.3745,0.9918,0.5776,15.79,7.79,8.00,1900,95000,551.45,8,13,Animal Husbandry|Armory|Blacksmith|Carpentry|Joinery|Ministry|Tannery|War College
"Sgt/Pike+Javelin/Chain (TY) [ImmU, MaxInit3, Seize:1st, Cond+1]",Sergeant,Pike,,Chainmail,Javelin,True,50,"Cond Field,Immune Unwieldy,MaxInit3,Seize: first",Random,57936,28202,15312,850,102300,0.5663,0.2757,0.9917,0.6726,14.64,6.54,8.10,1900,95000,609.85,10,13,Animal Husbandry|Armory|Blacksmith|Carpentry|Coliseum|Fletchery|Ministry|Tannery|Tiltyard|War College
"Sgt/Halberd+Javelin/Chain (TY) [ImmU, MaxInit3, Seize:1st, Cond+1]",Sergeant,Halberd,,Chainmail,Javelin,True,50,"Cond Field,Immune Unwieldy,MaxInit3,Seize: first",Random,57246,29809,14408,837,102300,0.5596,0.2914,0.9918,0.6576,14.16,7.24,6.92,1900,95000,602.59,10,13,Animal Husbandry|Armory|Blacksmith|Carpentry|Coliseum|Fletchery|Ministry|Tannery|Tiltyard|War College
"Sgt/BattleAxe+Javelin/Chain (TY) [ImmU, MaxInit3, Seize:1st, Cond+1]",Sergeant,Battle Axe,,Chainmail,Javelin,True,50,"Cond Field,Immune Unwieldy,MaxInit3,Seize: first",Random,50976,33855,16660,809,102300,0.4983,0.3309,0.9921,0.6009,12.08,8.39,3.69,1900,95000,536.59,10,13,Animal Husbandry|Armory|Blacksmith|Carpentry|Coliseum|Fletchery|Ministry|Tannery|Tiltyard|War College
"Sgt/Pike/Chain [MaxInit3, MinInit+1, Seize:1st]",Sergeant,Pike,,Chainmail,,False,50,"MaxInit3,MinInit+1,Seize: first",Random,46550,46648,8290,812,102300,0.4550,0.4560,0.9921,0.4995,11.34,9.61,1.73,2100,105000,443.33,6,13,Animal Husbandry|Armory|Blacksmith|Ministry|Ministry Mastery|Tannery|War College
"Sgt/Halberd/Chain [MaxInit3, MinInit+1, Seize:1st]",Sergeant,Halberd,,Chainmail,,False,50,"MaxInit3,MinInit+1,Seize: first",Random,49006,45478,6988,828,102300,0.4790,0.4446,0.9919,0.5187,11.60,9.92,1.68,2100,105000,466.72,6,13,Animal Husbandry|Armory|Blacksmith|Ministry|Ministry Mastery|Tannery|War College
"Sgt/BattleAxe/Chain [MaxInit3, MinInit+1, Seize:1st]",Sergeant,Battle Axe,,Chainmail,,False,50,"MaxInit3,MinInit+1,Seize: first",Random,62465,32896,6123,816,102300,0.6106,0.3216,0.9920,0.6550,14.36,6.48,7.88,2100,105000,594.90,6,13,Animal Husbandry|Armory|Blacksmith|Ministry|Ministry Mastery|Tannery|War College
"Sgt/Arming/Scutum/Chain [MaxInit3, MinInit+1, Seize:1st]",Sergeant,Arming Sword,Scutum Shield,Chainmail,,False,50,"MaxInit3,MinInit+1,Seize: first",Random,44152,45001,12346,801,102300,0.4316,0.4399,0.9922,0.4952,13.72,10.55,3.17,1900,95000,464.76,8,13,Animal Husbandry|Armory|Blacksmith|Carpentry|Joinery|Ministry|Ministry Mastery|Tannery|War College
"Sgt/Flail/Scutum/Chain [MaxInit3, MinInit+1, Seize:1st]",Sergeant,Flail,Scutum Shield,Chainmail,,False,50,"MaxInit3,MinInit+1,Seize: first",Random,53882,36558,11100,760,102300,0.5267,0.3574,0.9926,0.5958,16.56,7.28,9.28,1900,95000,567.18,8,13,Animal Husbandry|Armory|Blacksmith|Carpentry|Joinery|Ministry|Ministry Mastery|Tannery|War College
"Sgt/Pike+Javelin/Chain (TY) [Cond+1, MaxInit3, MinInit+1, Seize:1st, ImmU]",Sergeant,Pike,,Chainmail,Javelin,True,50,"Cond Field,Immune Unwieldy,MaxInit3,MinInit+1,Seize: first",Random,59858,26332,15292,818,102300,0.5851,0.2574,0.9920,0.6945,15.59,6.20,9.39,1900,95000,630.08,10,13,Animal Husbandry|Armory|Blacksmith|Carpentry|Coliseum|Fletchery|Ministry|Ministry Mastery|Tannery|Tiltyard|War College
"Sgt/Halberd+Javelin/Chain (TY) [Cond+1, MaxInit3, MinInit+1, Seize:1st, ImmU]",Sergeant,Halberd,,Chainmail,Javelin,True,50,"Cond Field,Immune Unwieldy,MaxInit3,MinInit+1,Seize: first",Random,60045,27308,14144,803,102300,0.5870,0.2669,0.9922,0.6874,15.36,6.55,8.80,1900,95000,632.05,10,13,Animal Husbandry|Armory|Blacksmith|Carpentry|Coliseum|Fletchery|Ministry|Ministry Mastery|Tannery|Tiltyard|War College
"Sgt/BattleAxe+Javelin/Chain (TY) [Cond+1, MaxInit3, MinInit+1, Seize:1st, ImmU]",Sergeant,Battle Axe,,Chainmail,Javelin,True,50,"Cond Field,Immune Unwieldy,MaxInit3,MinInit+1,Seize: first",Random,69561,22087,9844,808,102300,0.6800,0.2159,0.9921,0.7590,17.37,5.09,12.28,1900,95000,732.22,10,13,Animal Husbandry|Armory|Blacksmith|Carpentry|Coliseum|Fletchery|Ministry|Ministry Mastery|Tannery|Tiltyard|War College
Sgt/Pike/Chain [Outr:once],Sergeant,Pike,,Chainmail,,False,50,Outrider: once,Random,31249,50367,10858,1576,94050,0.3323,0.5355,0.9832,0.3829,8.50,12.14,-3.64,2100,105000,297.61,8,19,Animal Husbandry|Armory|Blacksmith|Caravanery|Cipher Chamber|Outrider Intercept Post|Tannery|War College
Sgt/Halberd/Chain [Outr:once],Sergeant,Halberd,,Chainmail,,False,50,Outrider: once,Random,33228,49998,9264,1560,94050,0.3533,0.5316,0.9834,0.3993,8.80,13.02,-4.22,2100,105000,316.46,8,19,Animal Husbandry|Armory|Blacksmith|Caravanery|Cipher Chamber|Outrider Intercept Post|Tannery|War College
Sgt/BattleAxe/Chain [Outr:once],Sergeant,Battle Axe,,Chainmail,,False,50,Outrider: once,Random,27766,54450,10286,1548,94050,0.2952,0.5789,0.9835,0.3377,7.40,14.05,-6.65,2100,105000,264.44,8,19,Animal Husbandry|Armory|Blacksmith|Caravanery|Cipher Chamber|Outrider Intercept Post|Tannery|War College
Sgt/Arming/Scutum/Chain [Outr:once],Sergeant,Arming Sword,Scutum Shield,Chainmail,,False,50,Outrider: once,Random,28686,45005,18806,1553,94050,0.3050,0.4785,0.9835,0.3893,9.80,12.49,-2.69,1900,95000,301.96,10,19,Animal Husbandry|Armory|Blacksmith|Caravanery|Carpentry|Cipher Chamber|Joinery|Outrider Intercept Post|Tannery|War College
Sgt/Flail/Scutum/Chain [Outr:once],Sergeant,Flail,Scutum Shield,Chainmail,,False,50,Outrider: once,Random,38176,37457,16885,1532,94050,0.4059,0.3983,0.9837,0.5048,12.48,9.05,3.43,1900,95000,401.85,10,19,Animal Husbandry|Armory|Blacksmith|Caravanery|Carpentry|Cipher Chamber|Joinery|Outrider Intercept Post|Tannery|War College
"Sgt/Pike/Chain [MaxInit3, Outr:once, Seize:1st]",Sergeant,Pike,,Chainmail,,False,50,"MaxInit3,Outrider: once,Seize: first",Random,29824,40238,6915,1273,78250,0.3811,0.5142,0.9837,0.4257,9.97,11.29,-1.32,2100,105000,284.04,9,23,Animal Husbandry|Armory|Blacksmith|Caravanery|Cipher Chamber|Ministry|Outrider Intercept Post|Tannery|War College
"Sgt/Halberd/Chain [MaxInit3, Outr:once, Seize:1st]",Sergeant,Halberd,,Chainmail,,False,50,"MaxInit3,Outrider: once,Seize: first",Random,31347,39807,5760,1336,78250,0.4006,0.5087,0.9829,0.4406,10.26,12.13,-1.88,2100,105000,298.54,9,23,Animal Husbandry|Armory|Blacksmith|Caravanery|Cipher Chamber|Ministry|Outrider Intercept Post|Tannery|War College
"Sgt/BattleAxe/Chain [MaxInit3, Outr:once, Seize:1st]",Sergeant,Battle Axe,,Chainmail,,False,50,"MaxInit3,Outrider: once,Seize: first",Random,28104,41822,7086,1238,78250,0.3592,0.5345,0.9842,0.4019,8.95,11.67,-2.73,2100,105000,267.66,9,23,Animal Husbandry|Armory|Blacksmith|Caravanery|Cipher Chamber|Ministry|Outrider Intercept Post|Tannery|War College
"Sgt/Pike/Chain [MaxInit3, MinInit+1, Outr:once, Seize:1st]",Sergeant,Pike,,Chainmail,,False,50,"MaxInit3,MinInit+1,Outrider: once,Seize: first",Random,31002,39034,6893,1321,78250,0.3962,0.4988,0.9831,0.4427,10.78,11.00,-0.22,2100,105000,295.26,9,23,Animal Husbandry|Armory|Blacksmith|Caravanery|Cipher Chamber|Ministry|Ministry Mastery|Outrider Intercept Post|Tannery|War College
"Sgt/Halberd/Chain [MaxInit3, MinInit+1, Outr:once, Seize:1st]",Sergeant,Halberd,,Chainmail,,False,50,"MaxInit3,MinInit+1,Outrider: once,Seize: first",Random,32979,37967,6016,1288,78250,0.4215,0.4852,0.9835,0.4648,11.14,11.27,-0.13,2100,105000,314.09,9,23,Animal Husbandry|Armory|Blacksmith|Caravanery|Cipher Chamber|Ministry|Ministry Mastery|Outrider Intercept Post|Tannery|War College
"Sgt/BattleAxe/Chain [MaxInit3, MinInit+1, Outr:once, Seize:1st]",Sergeant,Battle Axe,,Chainmail,,False,50,"MaxInit3,MinInit+1,Outrider: once,Seize: first",Random,46351,25617,5030,1252,78250,0.5923,0.3274,0.9840,0.6441,14.97,7.14,7.83,2100,105000,441.44,9,23,Animal Husbandry|Armory|Blacksmith|Caravanery|Cipher Chamber|Ministry|Ministry Mastery|Outrider Intercept Post|Tannery|War College
Sgt/Pike/Chain [Outr:every],Sergeant,Pike,,Chainmail,,False,50,Outrider: every,Random,36233,38798,11364,7655,94050,0.3853,0.4125,0.9186,0.4829,12.41,11.00,1.41,2100,105000,345.08,10,19,Animal Husbandry|Armory|Blacksmith|Caravanery|Cipher Chamber|Outrider Intercept Post|Outrider Mastery|Tannery|War College
Sgt/Halberd/Chain [Outr:every],Sergeant,Halberd,,Chainmail,,False,50,Outrider: every,Random,38198,38446,10120,7286,94050,0.4061,0.4088,0.9225,0.4984,12.87,11.40,1.46,2100,105000,363.79,10,19,Animal Husbandry|Armory|Blacksmith|Caravanery|Cipher Chamber|Outrider Intercept Post|Outrider Mastery|Tannery|War College
Sgt/BattleAxe/Chain [Outr:every],Sergeant,Battle Axe,,Chainmail,,False,50,Outrider: every,Random,38094,39916,8626,7414,94050,0.4050,0.4244,0.9212,0.4883,13.14,11.92,1.22,2100,105000,362.80,10,19,Animal Husbandry|Armory|Blacksmith|Caravanery|Cipher Chamber|Outrider Intercept Post|Outrider Mastery|Tannery|War College
Sgt/Pike/Chain [Rend],Sergeant,Pike,,Chainmail,,False,50,Rend,Random,46308,59642,12611,889,119450,0.3877,0.4993,0.9926,0.4371,9.32,9.69,-0.37,1900,95000,487.45,6,12,Animal Husbandry|Armory|Blacksmith|MWRend|Tannery|War College
Sgt/Halberd/Chain [Rend],Sergeant,Halberd,,Chainmail,,False,50,Rend,Random,47960,59748,10930,812,119450,0.4015,0.5002,0.9932,0.4453,9.32,10.65,-1.33,1900,95000,504.84,6,12,Animal Husbandry|Armory|Blacksmith|MWRend|Tannery|War College
Sgt/BattleAxe/Chain [Rend],Sergeant,Battle Axe,,Chainmail,,False,50,Rend,Random,40886,66098,11591,875,119450,0.3423,0.5534,0.9927,0.3822,7.65,12.23,-4.58,1900,95000,430.38,6,12,Animal Husbandry|Armory|Blacksmith|MWRend|Tannery|War College
Sgt/Arming/Scutum/Chain [Rend],Sergeant,Arming Sword,Scutum Shield,Chainmail,,False,50,Rend,Random,44139,52769,21730,812,119450,0.3695,0.4418,0.9932,0.4555,11.54,10.03,1.52,1700,85000,519.28,8,12,Animal Husbandry|Armory|Blacksmith|Carpentry|Joinery|MWRend|Tannery|War College
Sgt/Flail/Scutum/Chain [Rend],Sergeant,Flail,Scutum Shield,Chainmail,,False,50,Rend,Random,56007,42869,19790,784,119450,0.4689,0.3589,0.9934,0.5664,14.05,6.85,7.20,1700,85000,658.91,8,12,Animal Husbandry|Armory|Blacksmith|Carpentry|Joinery|MWRend|Tannery|War College
"Sgt/Pike+Javelin/Chain (TY) [ImmU, Rend, Cond+1]",Sergeant,Pike,,Chainmail,Javelin,True,50,"Cond Field,Immune Unwieldy,Rend",Random,64347,37726,16551,826,119450,0.5387,0.3158,0.9931,0.6304,13.32,6.70,6.62,1700,85000,757.02,10,12,Animal Husbandry|Armory|Blacksmith|Carpentry|Coliseum|Fletchery|MWRend|Tannery|Tiltyard|War College
"Sgt/Halberd+Javelin/Chain (TY) [ImmU, Rend, Cond+1]",Sergeant,Halberd,,Chainmail,Javelin,True,50,"Cond Field,Immune Unwieldy,Rend",Random,62920,40229,15452,849,119450,0.5267,0.3368,0.9929,0.6100,12.81,7.65,5.16,1700,85000,740.24,10,12,Animal Husbandry|Armory|Blacksmith|Carpentry|Coliseum|Fletchery|MWRend|Tannery|Tiltyard|War College
"Sgt/BattleAxe+Javelin/Chain (TY) [ImmU, Rend, Cond+1]",Sergeant,Battle Axe,,Chainmail,Javelin,True,50,"Cond Field,Immune Unwieldy,Rend",Random,55155,45514,17885,896,119450,0.4617,0.3810,0.9925,0.5479,10.90,9.15,1.75,1700,85000,648.88,10,12,Animal Husbandry|Armory|Blacksmith|Carpentry|Coliseum|Fletchery|MWRend|Tannery|Tiltyard|War College
"Sgt/Pike/Chain [MaxInit3, Seize:1st, Rend]",Sergeant,Pike,,Chainmail,,False,50,"MaxInit3,Rend,Seize: first",Random,45141,48240,8145,774,102300,0.4413,0.4716,0.9924,0.4834,10.81,8.78,2.03,1900,95000,475.17,7,16,Animal Husbandry|Armory|Blacksmith|MWRend|Ministry|Tannery|War College
"Sgt/Halberd/Chain [MaxInit3, Seize:1st, Rend]",Sergeant,Halberd,,Chainmail,,False,50,"MaxInit3,Rend,Seize: first",Random,46664,47834,6975,827,102300,0.4561,0.4676,0.9919,0.4938,10.84,9.58,1.26,1900,95000,491.20,7,16,Animal Husbandry|Armory|Blacksmith|MWRend|Ministry|Tannery|War College
"Sgt/BattleAxe/Chain [MaxInit3, Seize:1st, Rend]",Sergeant,Battle Axe,,Chainmail,,False,50,"MaxInit3,Rend,Seize: first",Random,41963,51677,7799,861,102300,0.4102,0.5052,0.9916,0.4481,9.35,9.93,-0.58,1900,95000,441.72,7,16,Animal Husbandry|Armory|Blacksmith|MWRend|Ministry|Tannery|War College
"Sgt/Arming/Scutum/Chain [MaxInit3, Seize:1st, Rend]",Sergeant,Arming Sword,Scutum Shield,Chainmail,,False,50,"MaxInit3,Rend,Seize: first",Random,42976,46107,12473,744,102300,0.4201,0.4507,0.9927,0.4824,13.35,10.07,3.28,1700,85000,505.60,9,16,Animal Husbandry|Armory|Blacksmith|Carpentry|Joinery|MWRend|Ministry|Tannery|War College
"Sgt/Flail/Scutum/Chain [MaxInit3, Seize:1st, Rend]",Sergeant,Flail,Scutum Shield,Chainmail,,False,50,"MaxInit3,Rend,Seize: first",Random,52655,37056,11840,749,102300,0.5147,0.3622,0.9927,0.5869,15.98,6.67,9.31,1700,85000,619.47,9,16,Animal Husbandry|Armory|Blacksmith|Carpentry|Joinery|MWRend|Ministry|Tannery|War College
"Sgt/Pike/Chain [MaxInit3, MinInit+1, Seize:1st, Rend]",Sergeant,Pike,,Chainmail,,False,50,"MaxInit3,MinInit+1,Rend,Seize: first",Random,46780,46470,8269,781,102300,0.4573,0.4543,0.9924,0.5017,11.56,8.42,3.14,1900,95000,492.42,7,16,Animal Husbandry|Armory|Blacksmith|MWRend|Ministry|Ministry Mastery|Tannery|War College
"Sgt/Halberd/Chain [MaxInit3, MinInit+1, Seize:1st, Rend]",Sergeant,Halberd,,Chainmail,,False,50,"MaxInit3,MinInit+1,Rend,Seize: first",Random,49247,45084,7220,749,102300,0.4814,0.4407,0.9927,0.5221,11.80,8.68,3.12,1900,95000,518.39,7,16,Animal Husbandry|Armory|Blacksmith|MWRend|Ministry|Ministry Mastery|Tannery|War College
"Sgt/BattleAxe/Chain [MaxInit3, MinInit+1, Seize:1st, Rend]",Sergeant,Battle Axe,,Chainmail,,False,50,"MaxInit3,MinInit+1,Rend,Seize: first",Random,62440,32479,6569,812,102300,0.6104,0.3175,0.9921,0.6578,14.53,5.04,9.49,1900,95000,657.26,7,16,Animal Husbandry|Armory|Blacksmith|MWRend|Ministry|Ministry Mastery|Tannery|War College
"Sgt/Arming/Scutum/Chain [MaxInit3, MinInit+1, Seize:1st, Rend]",Sergeant,Arming Sword,Scutum Shield,Chainmail,,False,50,"MaxInit3,MinInit+1,Rend,Seize: first",Random,44126,44708,12702,764,102300,0.4313,0.4370,0.9925,0.4967,13.85,9.62,4.23,1700,85000,519.13,9,16,Animal Husbandry|Armory|Blacksmith|Carpentry|Joinery|MWRend|Ministry|Ministry Mastery|Tannery|War College
"Sgt/Flail/Scutum/Chain [MaxInit3, MinInit+1, Seize:1st, Rend]",Sergeant,Flail,Scutum Shield,Chainmail,,False,50,"MaxInit3,MinInit+1,Rend,Seize: first",Random,54349,35162,12046,743,102300,0.5313,0.3437,0.9927,0.6072,16.91,6.16,10.74,1700,85000,639.40,9,16,Animal Husbandry|Armory|Blacksmith|Carpentry|Joinery|MWRend|Ministry|Ministry Mastery|Tannery|War College
"Sgt/Pike/Chain [Outr:once, Rend]",Sergeant,Pike,,Chainmail,,False,50,"Outrider: once,Rend",Random,31310,50184,10938,1618,94050,0.3329,0.5336,0.9828,0.3842,8.66,10.74,-2.08,1900,95000,329.58,9,22,Animal Husbandry|Armory|Blacksmith|Caravanery|Cipher Chamber|MWRend|Outrider Intercept Post|Tannery|War College
"Sgt/Halberd/Chain [Outr:once, Rend]",Sergeant,Halberd,,Chainmail,,False,50,"Outrider: once,Rend",Random,33165,49790,9541,1554,94050,0.3526,0.5294,0.9835,0.3998,8.92,11.56,-2.65,1900,95000,349.11,9,22,Animal Husbandry|Armory|Blacksmith|Caravanery|Cipher Chamber|MWRend|Outrider Intercept Post|Tannery|War College
"Sgt/BattleAxe/Chain [Outr:once, Rend]",Sergeant,Battle Axe,,Chainmail,,False,50,"Outrider: once,Rend",Random,27864,54349,10283,1554,94050,0.2963,0.5779,0.9835,0.3389,7.49,12.76,-5.28,1900,95000,293.31,9,22,Animal Husbandry|Armory|Blacksmith|Caravanery|Cipher Chamber|MWRend|Outrider Intercept Post|Tannery|War College
"Sgt/Pike/Chain [MaxInit3, Outr:once, Seize:1st, Rend]",Sergeant,Pike,,Chainmail,,False,50,"MaxInit3,Outrider: once,Rend,Seize: first",Random,29812,40043,7100,1295,78250,0.3810,0.5117,0.9835,0.4268,10.13,9.85,0.28,1900,95000,313.81,10,26,Animal Husbandry|Armory|Blacksmith|Caravanery|Cipher Chamber|MWRend|Ministry|Outrider Intercept Post|Tannery|War College
"Sgt/Halberd/Chain [MaxInit3, Outr:once, Seize:1st, Rend]",Sergeant,Halberd,,Chainmail,,False,50,"MaxInit3,Outrider: once,Rend,Seize: first",Random,31309,39721,5887,1333,78250,0.4001,0.5076,0.9830,0.4408,10.37,10.67,-0.30,1900,95000,329.57,10,26,Animal Husbandry|Armory|Blacksmith|Caravanery|Cipher Chamber|MWRend|Ministry|Outrider Intercept Post|Tannery|War College
"Sgt/BattleAxe/Chain [MaxInit3, Outr:once, Seize:1st, Rend]",Sergeant,Battle Axe,,Chainmail,,False,50,"MaxInit3,Outrider: once,Rend,Seize: first",Random,28298,41508,7077,1367,78250,0.3616,0.5305,0.9825,0.4054,9.15,10.36,-1.20,1900,95000,297.87,10,26,Animal Husbandry|Armory|Blacksmith|Caravanery|Cipher Chamber|MWRend|Ministry|Outrider Intercept Post|Tannery|War College
"Sgt/Pike/Chain [Outr:once, MaxInit3, MinInit+1, Seize:1st, Rend]",Sergeant,Pike,,Chainmail,,False,50,"MaxInit3,MinInit+1,Outrider: once,Rend,Seize: first",Random,31124,38831,7070,1225,78250,0.3978,0.4962,0.9843,0.4449,10.93,9.51,1.42,1900,95000,327.62,10,26,Animal Husbandry|Armory|Blacksmith|Caravanery|Cipher Chamber|MWRend|Ministry|Ministry Mastery|Outrider Intercept Post|Tannery|War College
"Sgt/Halberd/Chain [Outr:once, MaxInit3, MinInit+1, Seize:1st, Rend]",Sergeant,Halberd,,Chainmail,,False,50,"MaxInit3,MinInit+1,Outrider: once,Rend,Seize: first",Random,33127,37554,6275,1294,78250,0.4233,0.4799,0.9835,0.4687,11.35,9.74,1.61,1900,95000,348.71,10,26,Animal Husbandry|Armory|Blacksmith|Caravanery|Cipher Chamber|MWRend|Ministry|Ministry Mastery|Outrider Intercept Post|Tannery|War College
"Sgt/BattleAxe/Chain [Outr:once, MaxInit3, MinInit+1, Seize:1st, Rend]",Sergeant,Battle Axe,,Chainmail,,False,50,"MaxInit3,MinInit+1,Outrider: once,Rend,Seize: first",Random,46666,24717,5533,1334,78250,0.5964,0.3159,0.9830,0.6537,15.28,5.35,9.92,1900,95000,491.22,10,26,Animal Husbandry|Armory|Blacksmith|Caravanery|Cipher Chamber|MWRend|Ministry|Ministry Mastery|Outrider Intercept Post|Tannery|War College
Sgt/Pike/Chain [Poison],Sergeant,Pike,,Chainmail,,False,50,Poison,Random,56766,49974,11834,876,119450,0.4752,0.4184,0.9927,0.5318,11.30,8.61,2.69,2100,105000,540.63,7,12,Animal Husbandry|Armory|Blacksmith|Tannery|Toxicarium|War College
Sgt/Halberd/Chain [Poison],Sergeant,Halberd,,Chainmail,,False,50,Poison,Random,55321,53047,10243,839,119450,0.4631,0.4441,0.9930,0.5105,10.58,9.77,0.82,2100,105000,526.87,7,12,Animal Husbandry|Armory|Blacksmith|Tannery|Toxicarium|War College
Sgt/BattleAxe/Chain [Poison],Sergeant,Battle Axe,,Chainmail,,False,50,Poison,Random,42343,64526,11674,907,119450,0.3545,0.5402,0.9924,0.3962,7.91,12.74,-4.82,2100,105000,403.27,7,12,Animal Husbandry|Armory|Blacksmith|Tannery|Toxicarium|War College
Sgt/Arming/Scutum/Chain [Poison],Sergeant,Arming Sword,Scutum Shield,Chainmail,,False,50,Poison,Random,56587,43290,18793,780,119450,0.4737,0.3624,0.9935,0.5666,14.22,7.45,6.77,1900,95000,595.65,9,12,Animal Husbandry|Armory|Blacksmith|Carpentry|Joinery|Tannery|Toxicarium|War College
Sgt/Flail/Scutum/Chain [Poison],Sergeant,Flail,Scutum Shield,Chainmail,,False,50,Poison,Random,69521,33349,15795,785,119450,0.5820,0.2792,0.9934,0.6758,17.14,5.46,11.68,1900,95000,731.80,9,12,Animal Husbandry|Armory|Blacksmith|Carpentry|Joinery|Tannery|Toxicarium|War College
"Sgt/Pike/Chain [Poison, MaxInit3, Seize:1st]",Sergeant,Pike,,Chainmail,,False,50,"MaxInit3,Poison,Seize: first",Random,53484,40264,7790,762,102300,0.5228,0.3936,0.9926,0.5705,12.88,7.87,5.01,2100,105000,509.37,8,16,Animal Husbandry|Armory|Blacksmith|Ministry|Tannery|Toxicarium|War College
"Sgt/Halberd/Chain [Poison, MaxInit3, Seize:1st]",Sergeant,Halberd,,Chainmail,,False,50,"MaxInit3,Poison,Seize: first",Random,52720,41992,6783,805,102300,0.5153,0.4105,0.9921,0.5566,12.16,8.77,3.39,2100,105000,502.10,8,16,Animal Husbandry|Armory|Blacksmith|Ministry|Tannery|Toxicarium|War College
"Sgt/BattleAxe/Chain [Poison, MaxInit3, Seize:1st]",Sergeant,Battle Axe,,Chainmail,,False,50,"MaxInit3,Poison,Seize: first",Random,43418,50089,7953,840,102300,0.4244,0.4896,0.9918,0.4643,9.64,10.39,-0.75,2100,105000,413.50,8,16,Animal Husbandry|Armory|Blacksmith|Ministry|Tannery|Toxicarium|War College
"Sgt/Arming/Scutum/Chain [Poison, MaxInit3, Seize:1st]",Sergeant,Arming Sword,Scutum Shield,Chainmail,,False,50,"MaxInit3,Poison,Seize: first",Random,52908,37760,10835,797,102300,0.5172,0.3691,0.9922,0.5835,16.10,7.41,8.68,1900,95000,556.93,10,16,Animal Husbandry|Armory|Blacksmith|Carpentry|Joinery|Ministry|Tannery|Toxicarium|War College
"Sgt/Flail/Scutum/Chain [Poison, MaxInit3, Seize:1st]",Sergeant,Flail,Scutum Shield,Chainmail,,False,50,"MaxInit3,Poison,Seize: first",Random,63239,28653,9647,761,102300,0.6182,0.2801,0.9926,0.6882,19.11,5.35,13.77,1900,95000,665.67,10,16,Animal Husbandry|Armory|Blacksmith|Carpentry|Joinery|Ministry|Tannery|Toxicarium|War College
"Sgt/Pike/Chain [Poison, MaxInit3, MinInit+1, Seize:1st]",Sergeant,Pike,,Chainmail,,False,50,"MaxInit3,MinInit+1,Poison,Seize: first",Random,55164,38453,7848,835,102300,0.5392,0.3759,0.9918,0.5893,13.84,7.60,6.25,2100,105000,525.37,8,16,Animal Husbandry|Armory|Blacksmith|Ministry|Ministry Mastery|Tannery|Toxicarium|War College
"Sgt/Halberd/Chain [Poison, MaxInit3, MinInit+1, Seize:1st]",Sergeant,Halberd,,Chainmail,,False,50,"MaxInit3,MinInit+1,Poison,Seize: first",Random,56045,38522,6892,841,102300,0.5478,0.3766,0.9918,0.5926,13.40,7.87,5.53,2100,105000,533.76,8,16,Animal Husbandry|Armory|Blacksmith|Ministry|Ministry Mastery|Tannery|Toxicarium|War College
"Sgt/BattleAxe/Chain [Poison, MaxInit3, MinInit+1, Seize:1st]",Sergeant,Battle Axe,,Chainmail,,False,50,"MaxInit3,MinInit+1,Poison,Seize: first",Random,66381,29359,5738,822,102300,0.6489,0.2870,0.9920,0.6933,15.42,5.89,9.54,2100,105000,632.20,8,16,Animal Husbandry|Armory|Blacksmith|Ministry|Ministry Mastery|Tannery|Toxicarium|War College
"Sgt/Arming/Scutum/Chain [Poison, MaxInit3, MinInit+1, Seize:1st]",Sergeant,Arming Sword,Scutum Shield,Chainmail,,False,50,"MaxInit3,MinInit+1,Poison,Seize: first",Random,54215,36389,10917,779,102300,0.5300,0.3557,0.9924,0.5984,16.86,6.99,9.86,1900,95000,570.68,10,16,Animal Husbandry|Armory|Blacksmith|Carpentry|Joinery|Ministry|Ministry Mastery|Tannery|Toxicarium|War College
"Sgt/Flail/Scutum/Chain [Poison, MaxInit3, MinInit+1, Seize:1st]",Sergeant,Flail,Scutum Shield,Chainmail,,False,50,"MaxInit3,MinInit+1,Poison,Seize: first",Random,64989,26961,9603,747,102300,0.6353,0.2635,0.9927,0.7068,20.35,4.91,15.44,1900,95000,684.09,10,16,Animal Husbandry|Armory|Blacksmith|Carpentry|Joinery|Ministry|Ministry Mastery|Tannery|Toxicarium|War College
"Sgt/Pike/Chain [Poison, Outr:once]",Sergeant,Pike,,Chainmail,,False,50,"Outrider: once,Poison",Random,40428,41718,10369,1535,94050,0.4299,0.4436,0.9837,0.4921,11.08,9.69,1.39,2100,105000,385.03,10,19,Animal Husbandry|Armory|Blacksmith|Caravanery|Cipher Chamber|Outrider Intercept Post|Tannery|Toxicarium|War College
"Sgt/Halberd/Chain [Poison, Outr:once]",Sergeant,Halberd,,Chainmail,,False,50,"Outrider: once,Poison",Random,40445,43092,8926,1587,94050,0.4300,0.4582,0.9831,0.4842,10.62,10.64,-0.02,2100,105000,385.19,10,19,Animal Husbandry|Armory|Blacksmith|Caravanery|Cipher Chamber|Outrider Intercept Post|Tannery|Toxicarium|War College
"Sgt/BattleAxe/Chain [Poison, Outr:once]",Sergeant,Battle Axe,,Chainmail,,False,50,"Outrider: once,Poison",Random,29575,52692,10219,1564,94050,0.3145,0.5603,0.9834,0.3595,7.94,13.40,-5.46,2100,105000,281.67,10,19,Animal Husbandry|Armory|Blacksmith|Caravanery|Cipher Chamber|Outrider Intercept Post|Tannery|Toxicarium|War College
"Sgt/Pike/Chain [Poison, Rend]",Sergeant,Pike,,Chainmail,,False,50,"Poison,Rend",Random,56859,49466,12302,823,119450,0.4760,0.4141,0.9931,0.5348,11.50,7.25,4.25,1900,95000,598.52,8,15,Animal Husbandry|Armory|Blacksmith|MWRend|Tannery|Toxicarium|War College
"Sgt/Halberd/Chain [Poison, Rend]",Sergeant,Halberd,,Chainmail,,False,50,"Poison,Rend",Random,55274,52815,10468,893,119450,0.4627,0.4422,0.9925,0.5114,10.77,8.51,2.26,1900,95000,581.83,8,15,Animal Husbandry|Armory|Blacksmith|MWRend|Tannery|Toxicarium|War College
"Sgt/BattleAxe/Chain [Poison, Rend]",Sergeant,Battle Axe,,Chainmail,,False,50,"Poison,Rend",Random,42569,64386,11637,858,119450,0.3564,0.5390,0.9928,0.3980,7.99,11.66,-3.67,1900,95000,448.09,8,15,Animal Husbandry|Armory|Blacksmith|MWRend|Tannery|Toxicarium|War College
"Sgt/Arming/Scutum/Chain [Poison, Rend]",Sergeant,Arming Sword,Scutum Shield,Chainmail,,False,50,"Poison,Rend",Random,56815,41898,19943,794,119450,0.4756,0.3508,0.9934,0.5756,14.41,6.35,8.05,1700,85000,668.41,10,15,Animal Husbandry|Armory|Blacksmith|Carpentry|Joinery|MWRend|Tannery|Toxicarium|War College
"Sgt/Flail/Scutum/Chain [Poison, Rend]",Sergeant,Flail,Scutum Shield,Chainmail,,False,50,"Poison,Rend",Random,71019,30449,17175,807,119450,0.5946,0.2549,0.9932,0.6999,17.58,4.34,13.24,1700,85000,835.52,10,15,Animal Husbandry|Armory|Blacksmith|Carpentry|Joinery|MWRend|Tannery|Toxicarium|War College
"Sgt/Pike/Chain [Poison, MaxInit3, Seize:1st, Rend]",Sergeant,Pike,,Chainmail,,False,50,"MaxInit3,Poison,Rend,Seize: first",Random,53506,40044,7962,788,102300,0.5230,0.3914,0.9923,0.5720,13.12,6.55,6.56,1900,95000,563.22,9,19,Animal Husbandry|Armory|Blacksmith|MWRend|Ministry|Tannery|Toxicarium|War College
"Sgt/Halberd/Chain [Poison, MaxInit3, Seize:1st, Rend]",Sergeant,Halberd,,Chainmail,,False,50,"MaxInit3,Poison,Rend,Seize: first",Random,52927,41589,6978,806,102300,0.5174,0.4065,0.9921,0.5600,12.35,7.43,4.92,1900,95000,557.13,9,19,Animal Husbandry|Armory|Blacksmith|MWRend|Ministry|Tannery|Toxicarium|War College
"Sgt/BattleAxe/Chain [Poison, MaxInit3, Seize:1st, Rend]",Sergeant,Battle Axe,,Chainmail,,False,50,"MaxInit3,Poison,Rend,Seize: first",Random,43418,49927,8160,795,102300,0.4244,0.4880,0.9922,0.4651,9.69,9.24,0.45,1900,95000,457.03,9,19,Animal Husbandry|Armory|Blacksmith|MWRend|Ministry|Tannery|Toxicarium|War College
"Sgt/Pike/Chain [Poison, MaxInit3, MinInit+1, Seize:1st, Rend]",Sergeant,Pike,,Chainmail,,False,50,"MaxInit3,MinInit+1,Poison,Rend,Seize: first",Random,55288,38084,8135,793,102300,0.5404,0.3723,0.9922,0.5921,14.10,6.20,7.89,1900,95000,581.98,9,19,Animal Husbandry|Armory|Blacksmith|MWRend|Ministry|Ministry Mastery|Tannery|Toxicarium|War College
"Sgt/Halberd/Chain [Poison, MaxInit3, MinInit+1, Seize:1st, Rend]",Sergeant,Halberd,,Chainmail,,False,50,"MaxInit3,MinInit+1,Poison,Rend,Seize: first",Random,56144,38147,7215,794,102300,0.5488,0.3729,0.9922,0.5954,13.58,6.48,7.11,1900,95000,590.99,9,19,Animal Husbandry|Armory|Blacksmith|MWRend|Ministry|Ministry Mastery|Tannery|Toxicarium|War College
"Sgt/BattleAxe/Chain [Poison, MaxInit3, MinInit+1, Seize:1st, Rend]",Sergeant,Battle Axe,,Chainmail,,False,50,"MaxInit3,MinInit+1,Poison,Rend,Seize: first",Random,66339,28840,6275,846,102300,0.6485,0.2819,0.9917,0.6970,15.62,4.44,11.18,1900,95000,698.31,9,19,Animal Husbandry|Armory|Blacksmith|MWRend|Ministry|Ministry Mastery|Tannery|Toxicarium|War College
"Sgt/Pike/Chain [ApoHeal, Regen 5, Reroll]",Sergeant,Pike,,Chainmail,,False,50,"Apothecary Heal,Regenerate 5,Regenerate Reroll",Random,56182,35841,26588,839,119450,0.4703,0.3001,0.9930,0.6105,15.75,4.75,11.00,2100,105000,535.07,7,15,Animal Husbandry|Apothecary|Armory|Blacksmith|Hospitaller|Infirmary|Tannery|War College
"Sgt/Halberd/Chain [ApoHeal, Regen 5, Reroll]",Sergeant,Halberd,,Chainmail,,False,50,"Apothecary Heal,Regenerate 5,Regenerate Reroll",Random,61088,34177,23375,810,119450,0.5114,0.2861,0.9932,0.6412,16.88,5.00,11.88,2100,105000,581.79,7,15,Animal Husbandry|Apothecary|Armory|Blacksmith|Hospitaller|Infirmary|Tannery|War College
"Sgt/BattleAxe/Chain [ApoHeal, Regen 5, Reroll]",Sergeant,Battle Axe,,Chainmail,,False,50,"Apothecary Heal,Regenerate 5,Regenerate Reroll",Random,50817,38784,28984,865,119450,0.4254,0.3247,0.9928,0.5671,13.70,5.25,8.45,2100,105000,483.97,7,15,Animal Husbandry|Apothecary|Armory|Blacksmith|Hospitaller|Infirmary|Tannery|War College
"Sgt/Arming/Scutum/Chain [ApoHeal, Regen 5, Reroll]",Sergeant,Arming Sword,Scutum Shield,Chainmail,,False,50,"Apothecary Heal,Regenerate 5,Regenerate Reroll",Random,50716,40178,27717,839,119450,0.4246,0.3364,0.9930,0.5580,15.80,7.60,8.20,1900,95000,533.85,9,15,Animal Husbandry|Apothecary|Armory|Blacksmith|Carpentry|Hospitaller|Infirmary|Joinery|Tannery|War College
"Sgt/Flail/Scutum/Chain [ApoHeal, Regen 5, Reroll]",Sergeant,Flail,Scutum Shield,Chainmail,,False,50,"Apothecary Heal,Regenerate 5,Regenerate Reroll",Random,62074,32862,23694,820,119450,0.5197,0.2751,0.9931,0.6539,19.44,4.97,14.47,1900,95000,653.41,9,15,Animal Husbandry|Apothecary|Armory|Blacksmith|Carpentry|Hospitaller|Infirmary|Joinery|Tannery|War College
"Sgt/Pike/Chain [MaxInit3, ApoHeal, Seize:1st, Regen 5, Reroll]",Sergeant,Pike,,Chainmail,,False,50,"Apothecary Heal,MaxInit3,Regenerate 5,Regenerate Reroll,Seize: first",Random,51152,34819,15538,791,102300,0.5000,0.3404,0.9923,0.5950,17.10,5.39,11.70,2100,105000,487.16,8,19,Animal Husbandry|Apothecary|Armory|Blacksmith|Hospitaller|Infirmary|Ministry|Tannery|War College
"Sgt/Halberd/Chain [MaxInit3, ApoHeal, Seize:1st, Regen 5, Reroll]",Sergeant,Halberd,,Chainmail,,False,50,"Apothecary Heal,MaxInit3,Regenerate 5,Regenerate Reroll,Seize: first",Random,54966,33239,13270,825,102300,0.5373,0.3249,0.9919,0.6232,18.15,5.70,12.45,2100,105000,523.49,8,19,Animal Husbandry|Apothecary|Armory|Blacksmith|Hospitaller|Infirmary|Ministry|Tannery|War College
"Sgt/BattleAxe/Chain [MaxInit3, ApoHeal, Seize:1st, Regen 5, Reroll]",Sergeant,Battle Axe,,Chainmail,,False,50,"Apothecary Heal,MaxInit3,Regenerate 5,Regenerate Reroll,Seize: first",Random,50062,34702,16684,852,102300,0.4894,0.3392,0.9917,0.5906,16.04,5.33,10.71,2100,105000,476.78,8,19,Animal Husbandry|Apothecary|Armory|Blacksmith|Hospitaller|Infirmary|Ministry|Tannery|War College
"Sgt/Arming/Scutum/Chain [MaxInit3, ApoHeal, Seize:1st, Regen 5, Reroll]",Sergeant,Arming Sword,Scutum Shield,Chainmail,,False,50,"Apothecary Heal,MaxInit3,Regenerate 5,Regenerate Reroll,Seize: first",Random,47104,39106,15303,787,102300,0.4604,0.3823,0.9923,0.5464,17.46,8.69,8.77,1900,95000,495.83,10,19,Animal Husbandry|Apothecary|Armory|Blacksmith|Carpentry|Hospitaller|Infirmary|Joinery|Ministry|Tannery|War College
"Sgt/Flail/Scutum/Chain [MaxInit3, ApoHeal, Seize:1st, Regen 5, Reroll]",Sergeant,Flail,Scutum Shield,Chainmail,,False,50,"Apothecary Heal,MaxInit3,Regenerate 5,Regenerate Reroll,Seize: first",Random,55917,32271,13359,753,102300,0.5466,0.3155,0.9926,0.6341,20.96,5.71,15.25,1900,95000,588.60,10,19,Animal Husbandry|Apothecary|Armory|Blacksmith|Carpentry|Hospitaller|Infirmary|Joinery|Ministry|Tannery|War College
"Sgt/Pike/Chain [MaxInit3, ApoHeal, MinInit+1, Seize:1st, Regen 5, Reroll]",Sergeant,Pike,,Chainmail,,False,50,"Apothecary Heal,MaxInit3,MinInit+1,Regenerate 5,Regenerate Reroll,Seize: first",Random,51278,34765,15482,775,102300,0.5013,0.3398,0.9924,0.5960,17.50,5.35,12.15,2100,105000,488.36,8,19,Animal Husbandry|Apothecary|Armory|Blacksmith|Hospitaller|Infirmary|Ministry|Ministry Mastery|Tannery|War College
"Sgt/Halberd/Chain [MaxInit3, ApoHeal, MinInit+1, Seize:1st, Regen 5, Reroll]",Sergeant,Halberd,,Chainmail,,False,50,"Apothecary Heal,MaxInit3,MinInit+1,Regenerate 5,Regenerate Reroll,Seize: first",Random,55297,32979,13229,795,102300,0.5405,0.3224,0.9922,0.6264,18.67,5.59,13.08,2100,105000,526.64,8,19,Animal Husbandry|Apothecary|Armory|Blacksmith|Hospitaller|Infirmary|Ministry|Ministry Mastery|Tannery|War College
"Sgt/BattleAxe/Chain [MaxInit3, ApoHeal, MinInit+1, Seize:1st, Regen 5, Reroll]",Sergeant,Battle Axe,,Chainmail,,False,50,"Apothecary Heal,MaxInit3,MinInit+1,Regenerate 5,Regenerate Reroll,Seize: first",Random,74034,18526,8909,831,102300,0.7237,0.1811,0.9919,0.7998,24.56,2.82,21.74,2100,105000,705.09,8,19,Animal Husbandry|Apothecary|Armory|Blacksmith|Hospitaller|Infirmary|Ministry|Ministry Mastery|Tannery|War College
"Sgt/Arming/Scutum/Chain [MaxInit3, ApoHeal, MinInit+1, Seize:1st, Regen 5, Reroll]",Sergeant,Arming Sword,Scutum Shield,Chainmail,,False,50,"Apothecary Heal,MaxInit3,MinInit+1,Regenerate 5,Regenerate Reroll,Seize: first",Random,47151,39042,15342,765,102300,0.4609,0.3816,0.9925,0.5470,17.68,8.64,9.04,1900,95000,496.33,10,19,Animal Husbandry|Apothecary|Armory|Blacksmith|Carpentry|Hospitaller|Infirmary|Joinery|Ministry|Ministry Mastery|Tannery|War College
"Sgt/Flail/Scutum/Chain [MaxInit3, ApoHeal, MinInit+1, Seize:1st, Regen 5, Reroll]",Sergeant,Flail,Scutum Shield,Chainmail,,False,50,"Apothecary Heal,MaxInit3,MinInit+1,Regenerate 5,Regenerate Reroll,Seize: first",Random,55897,32244,13371,788,102300,0.5464,0.3152,0.9923,0.6342,21.33,5.68,15.65,1900,95000,588.39,10,19,Animal Husbandry|Apothecary|Armory|Blacksmith|Carpentry|Hospitaller|Infirmary|Joinery|Ministry|Ministry Mastery|Tannery|War College
"Sgt/Pike/Chain [ApoHeal, Outr:once, Regen 5, Reroll]",Sergeant,Pike,,Chainmail,,False,50,"Apothecary Heal,Outrider: once,Regenerate 5,Regenerate Reroll",Random,37788,31506,23194,1562,94050,0.4018,0.3350,0.9834,0.5453,14.02,5.92,8.10,2100,105000,359.89,10,25,Animal Husbandry|Apothecary|Armory|Blacksmith|Caravanery|Cipher Chamber|Hospitaller|Infirmary|Outrider Intercept Post|Tannery|War College
"Sgt/Halberd/Chain [ApoHeal, Outr:once, Regen 5, Reroll]",Sergeant,Halberd,,Chainmail,,False,50,"Apothecary Heal,Outrider: once,Regenerate 5,Regenerate Reroll",Random,41835,29887,20820,1508,94050,0.4448,0.3178,0.9840,0.5833,15.34,6.15,9.19,2100,105000,398.43,10,25,Animal Husbandry|Apothecary|Armory|Blacksmith|Caravanery|Cipher Chamber|Hospitaller|Infirmary|Outrider Intercept Post|Tannery|War College
"Sgt/BattleAxe/Chain [ApoHeal, Outr:once, Regen 5, Reroll]",Sergeant,Battle Axe,,Chainmail,,False,50,"Apothecary Heal,Outrider: once,Regenerate 5,Regenerate Reroll",Random,35967,31952,24553,1578,94050,0.3824,0.3397,0.9832,0.5296,12.93,6.13,6.79,2100,105000,342.54,10,25,Animal Husbandry|Apothecary|Armory|Blacksmith|Caravanery|Cipher Chamber|Hospitaller|Infirmary|Outrider Intercept Post|Tannery|War College
"Sgt/Pike/Chain [ApoHeal, Regen 5, Reroll, Rend]",Sergeant,Pike,,Chainmail,,False,50,"Apothecary Heal,Regenerate 5,Regenerate Reroll,Rend",Random,56176,35408,27055,811,119450,0.4703,0.2964,0.9932,0.6134,15.85,3.83,12.02,1900,95000,591.33,8,18,Animal Husbandry|Apothecary|Armory|Blacksmith|Hospitaller|Infirmary|MWRend|Tannery|War College
"Sgt/Halberd/Chain [ApoHeal, Regen 5, Reroll, Rend]",Sergeant,Halberd,,Chainmail,,False,50,"Apothecary Heal,Regenerate 5,Regenerate Reroll,Rend",Random,61239,33191,24168,852,119450,0.5127,0.2779,0.9929,0.6485,17.04,4.08,12.96,1900,95000,644.62,8,18,Animal Husbandry|Apothecary|Armory|Blacksmith|Hospitaller|Infirmary|MWRend|Tannery|War College
"Sgt/BattleAxe/Chain [ApoHeal, Regen 5, Reroll, Rend]",Sergeant,Battle Axe,,Chainmail,,False,50,"Apothecary Heal,Regenerate 5,Regenerate Reroll,Rend",Random,50974,38571,29016,889,119450,0.4267,0.3229,0.9926,0.5693,13.81,4.40,9.41,1900,95000,536.57,8,18,Animal Husbandry|Apothecary|Armory|Blacksmith|Hospitaller|Infirmary|MWRend|Tannery|War College
"Sgt/Arming/Scutum/Chain [ApoHeal, Regen 5, Reroll, Rend]",Sergeant,Arming Sword,Scutum Shield,Chainmail,,False,50,"Apothecary Heal,Regenerate 5,Regenerate Reroll,Rend",Random,50814,39772,28037,827,119450,0.4254,0.3330,0.9931,0.5609,15.90,6.88,9.02,1700,85000,597.81,10,18,Animal Husbandry|Apothecary|Armory|Blacksmith|Carpentry|Hospitaller|Infirmary|Joinery|MWRend|Tannery|War College
"Sgt/Flail/Scutum/Chain [ApoHeal, Regen 5, Reroll, Rend]",Sergeant,Flail,Scutum Shield,Chainmail,,False,50,"Apothecary Heal,Regenerate 5,Regenerate Reroll,Rend",Random,63054,30659,24977,760,119450,0.5279,0.2567,0.9936,0.6728,19.75,4.13,15.62,1700,85000,741.81,10,18,Animal Husbandry|Apothecary|Armory|Blacksmith|Carpentry|Hospitaller|Infirmary|Joinery|MWRend|Tannery|War College
"Sgt/Pike/Chain [MaxInit3, ApoHeal, Seize:1st, Rend, Regen 5, Reroll]",Sergeant,Pike,,Chainmail,,False,50,"Apothecary Heal,MaxInit3,Regenerate 5,Regenerate Reroll,Rend,Seize: first",Random,51168,34563,15747,822,102300,0.5002,0.3379,0.9920,0.5968,17.27,4.40,12.87,1900,95000,538.61,9,22,Animal Husbandry|Apothecary|Armory|Blacksmith|Hospitaller|Infirmary|MWRend|Ministry|Tannery|War College
"Sgt/Halberd/Chain [MaxInit3, ApoHeal, Seize:1st, Rend, Regen 5, Reroll]",Sergeant,Halberd,,Chainmail,,False,50,"Apothecary Heal,MaxInit3,Regenerate 5,Regenerate Reroll,Rend,Seize: first",Random,55301,32325,13894,780,102300,0.5406,0.3160,0.9924,0.6311,18.37,4.63,13.74,1900,95000,582.12,9,22,Animal Husbandry|Apothecary|Armory|Blacksmith|Hospitaller|Infirmary|MWRend|Ministry|Tannery|War College
"Sgt/BattleAxe/Chain [MaxInit3, ApoHeal, Seize:1st, Rend, Regen 5, Reroll]",Sergeant,Battle Axe,,Chainmail,,False,50,"Apothecary Heal,MaxInit3,Regenerate 5,Regenerate Reroll,Rend,Seize: first",Random,50118,34398,16931,853,102300,0.4899,0.3362,0.9917,0.5930,16.15,4.29,11.86,1900,95000,527.56,9,22,Animal Husbandry|Apothecary|Armory|Blacksmith|Hospitaller|Infirmary|MWRend|Ministry|Tannery|War College
"Sgt/Pike/Chain [MaxInit3, ApoHeal, MinInit+1, Seize:1st, Rend, Regen 5, Reroll]",Sergeant,Pike,,Chainmail,,False,50,"Apothecary Heal,MaxInit3,MinInit+1,Regenerate 5,Regenerate Reroll,Rend,Seize: first",Random,51203,34409,15885,803,102300,0.5005,0.3364,0.9922,0.5981,17.65,4.37,13.28,1900,95000,538.98,9,22,Animal Husbandry|Apothecary|Armory|Blacksmith|Hospitaller|Infirmary|MWRend|Ministry|Ministry Mastery|Tannery|War College
"Sgt/Halberd/Chain [MaxInit3, ApoHeal, MinInit+1, Seize:1st, Rend, Regen 5, Reroll]",Sergeant,Halberd,,Chainmail,,False,50,"Apothecary Heal,MaxInit3,MinInit+1,Regenerate 5,Regenerate Reroll,Rend,Seize: first",Random,55504,31974,14011,811,102300,0.5426,0.3126,0.9921,0.6345,18.88,4.53,14.35,1900,95000,584.25,9,22,Animal Husbandry|Apothecary|Armory|Blacksmith|Hospitaller|Infirmary|MWRend|Ministry|Ministry Mastery|Tannery|War College
"Sgt/BattleAxe/Chain [MaxInit3, ApoHeal, MinInit+1, Seize:1st, Rend, Regen 5, Reroll]",Sergeant,Battle Axe,,Chainmail,,False,50,"Apothecary Heal,MaxInit3,MinInit+1,Regenerate 5,Regenerate Reroll,Rend,Seize: first",Random,74490,16542,10465,803,102300,0.7282,0.1617,0.9922,0.8183,24.84,1.58,23.26,1900,95000,784.11,9,22,Animal Husbandry|Apothecary|Armory|Blacksmith|Hospitaller|Infirmary|MWRend|Ministry|Ministry Mastery|Tannery|War College
"Sgt/Pike/Chain [ApoHeal, Poison, Regen 5, Reroll]",Sergeant,Pike,,Chainmail,,False,50,"Apothecary Heal,Poison,Regenerate 5,Regenerate Reroll",Random,66448,28302,23892,808,119450,0.5563,0.2369,0.9932,0.7013,18.99,3.62,15.36,2100,105000,632.84,9,18,Animal Husbandry|Apothecary|Armory|Blacksmith|Hospitaller|Infirmary|Tannery|Toxicarium|War College
"Sgt/Halberd/Chain [ApoHeal, Poison, Regen 5, Reroll]",Sergeant,Halberd,,Chainmail,,False,50,"Apothecary Heal,Poison,Regenerate 5,Regenerate Reroll",Random,72134,25919,20545,852,119450,0.6039,0.2170,0.9929,0.7357,19.86,3.70,16.16,2100,105000,686.99,9,18,Animal Husbandry|Apothecary|Armory|Blacksmith|Hospitaller|Infirmary|Tannery|Toxicarium|War College
"Sgt/BattleAxe/Chain [ApoHeal, Poison, Regen 5, Reroll]",Sergeant,Battle Axe,,Chainmail,,False,50,"Apothecary Heal,Poison,Regenerate 5,Regenerate Reroll",Random,52970,36576,29027,877,119450,0.4434,0.3062,0.9927,0.5915,14.27,4.80,9.46,2100,105000,504.48,9,18,Animal Husbandry|Apothecary|Armory|Blacksmith|Hospitaller|Infirmary|Tannery|Toxicarium|War College
"Sgt/Pike/Chain [Poison, MaxInit3, ApoHeal, Seize:1st, Regen 5, Reroll]",Sergeant,Pike,,Chainmail,,False,50,"Apothecary Heal,MaxInit3,Poison,Regenerate 5,Regenerate Reroll,Seize: first",Random,59285,27850,14363,802,102300,0.5795,0.2722,0.9922,0.6804,20.20,4.15,16.05,2100,105000,564.62,10,22,Animal Husbandry|Apothecary|Armory|Blacksmith|Hospitaller|Infirmary|Ministry|Tannery|Toxicarium|War College
"Sgt/Halberd/Chain [Poison, MaxInit3, ApoHeal, Seize:1st, Regen 5, Reroll]",Sergeant,Halberd,,Chainmail,,False,50,"Apothecary Heal,MaxInit3,Poison,Regenerate 5,Regenerate Reroll,Seize: first",Random,63908,25298,12270,824,102300,0.6247,0.2473,0.9919,0.7164,21.03,4.22,16.81,2100,105000,608.65,10,22,Animal Husbandry|Apothecary|Armory|Blacksmith|Hospitaller|Infirmary|Ministry|Tannery|Toxicarium|War College
"Sgt/BattleAxe/Chain [Poison, MaxInit3, ApoHeal, Seize:1st, Regen 5, Reroll]",Sergeant,Battle Axe,,Chainmail,,False,50,"Apothecary Heal,MaxInit3,Poison,Regenerate 5,Regenerate Reroll,Seize: first",Random,52357,32169,16918,856,102300,0.5118,0.3145,0.9916,0.6194,16.75,4.81,11.95,2100,105000,498.64,10,22,Animal Husbandry|Apothecary|Armory|Blacksmith|Hospitaller|Infirmary|Ministry|Tannery|Toxicarium|War College
"Sgt/Pike/Chain [Poison, MaxInit3, ApoHeal, MinInit+1, Seize:1st, Regen 5, Reroll]",Sergeant,Pike,,Chainmail,,False,50,"Apothecary Heal,MaxInit3,MinInit+1,Poison,Regenerate 5,Regenerate Reroll,Seize: first",Random,59206,27610,14616,868,102300,0.5787,0.2699,0.9915,0.6820,20.69,4.14,16.55,2100,105000,563.87,10,22,Animal Husbandry|Apothecary|Armory|Blacksmith|Hospitaller|Infirmary|Ministry|Ministry Mastery|Tannery|Toxicarium|War College
"Sgt/Halberd/Chain [Poison, MaxInit3, ApoHeal, MinInit+1, Seize:1st, Regen 5, Reroll]",Sergeant,Halberd,,Chainmail,,False,50,"Apothecary Heal,MaxInit3,MinInit+1,Poison,Regenerate 5,Regenerate Reroll,Seize: first",Random,64156,25085,12235,824,102300,0.6271,0.2452,0.9919,0.7189,21.66,4.12,17.54,2100,105000,611.01,10,22,Animal Husbandry|Apothecary|Armory|Blacksmith|Hospitaller|Infirmary|Ministry|Ministry Mastery|Tannery|Toxicarium|War College
"Sgt/BattleAxe/Chain [Poison, MaxInit3, ApoHeal, MinInit+1, Seize:1st, Regen 5, Reroll]",Sergeant,Battle Axe,,Chainmail,,False,50,"Apothecary Heal,MaxInit3,MinInit+1,Poison,Regenerate 5,Regenerate Reroll,Seize: first",Random,78531,15602,7394,773,102300,0.7677,0.1525,0.9924,0.8343,26.08,2.48,23.61,2100,105000,747.91,10,22,Animal Husbandry|Apothecary|Armory|Blacksmith|Hospitaller|Infirmary|Ministry|Ministry Mastery|Tannery|Toxicarium|War College
"Sgt/Pike/Chain [Poison, ApoHeal, Rend, Regen 5, Reroll]",Sergeant,Pike,,Chainmail,,False,50,"Apothecary Heal,Poison,Regenerate 5,Regenerate Reroll,Rend",Random,66463,27244,24905,838,119450,0.5564,0.2281,0.9930,0.7093,19.12,2.66,16.45,1900,95000,699.61,10,21,Animal Husbandry|Apothecary|Armory|Blacksmith|Hospitaller|Infirmary|MWRend|Tannery|Toxicarium|War College
"Sgt/Halberd/Chain [Poison, ApoHeal, Rend, Regen 5, Reroll]",Sergeant,Halberd,,Chainmail,,False,50,"Apothecary Heal,Poison,Regenerate 5,Regenerate Reroll,Rend",Random,72339,24711,21560,840,119450,0.6056,0.2069,0.9930,0.7454,20.03,2.71,17.32,1900,95000,761.46,10,21,Animal Husbandry|Apothecary|Armory|Blacksmith|Hospitaller|Infirmary|MWRend|Tannery|Toxicarium|War College
"Sgt/BattleAxe/Chain [Poison, ApoHeal, Rend, Regen 5, Reroll]",Sergeant,Battle Axe,,Chainmail,,False,50,"Apothecary Heal,Poison,Regenerate 5,Regenerate Reroll,Rend",Random,52966,36199,29399,886,119450,0.4434,0.3030,0.9926,0.5940,14.33,3.89,10.43,1900,95000,557.54,10,21,Animal Husbandry|Apothecary|Armory|Blacksmith|Hospitaller|Infirmary|MWRend|Tannery|Toxicarium|War College
Sgt/Pike/Chain [Unshakable],Sergeant,Pike,,Chainmail,,False,50,Unshakable,Random,30472,36981,8993,704,77150,0.3950,0.4793,0.9909,0.4518,11.14,9.54,1.60,2100,105000,290.21,6,19,Animal Husbandry|Armory|Blacksmith|Preceptory|Tannery|War College
Sgt/Halberd/Chain [Unshakable],Sergeant,Halberd,,Chainmail,,False,50,Unshakable,Random,31251,37474,7645,780,77150,0.4051,0.4857,0.9899,0.4547,11.06,10.65,0.41,2100,105000,297.63,6,19,Animal Husbandry|Armory|Blacksmith|Preceptory|Tannery|War College
Sgt/BattleAxe/Chain [Unshakable],Sergeant,Battle Axe,,Chainmail,,False,50,Unshakable,Random,26800,41195,8458,697,77150,0.3474,0.5340,0.9910,0.3941,9.48,11.91,-2.43,2100,105000,255.24,6,19,Animal Husbandry|Armory|Blacksmith|Preceptory|Tannery|War College
Sgt/Arming/Scutum/Chain [Unshakable],Sergeant,Arming Sword,Scutum Shield,Chainmail,,False,50,Unshakable,Random,28956,32410,15059,725,77150,0.3753,0.4201,0.9906,0.4719,13.31,9.10,4.22,1900,95000,304.80,8,19,Animal Husbandry|Armory|Blacksmith|Carpentry|Joinery|Preceptory|Tannery|War College
Sgt/Flail/Scutum/Chain [Unshakable],Sergeant,Flail,Scutum Shield,Chainmail,,False,50,Unshakable,Random,36498,26543,13454,655,77150,0.4731,0.3440,0.9915,0.5790,15.71,6.34,9.37,1900,95000,384.19,8,19,Animal Husbandry|Armory|Blacksmith|Carpentry|Joinery|Preceptory|Tannery|War College
"Sgt/Pike+Javelin/Chain (TY) [ImmU, Unshakable, Cond+1]",Sergeant,Pike,,Chainmail,Javelin,True,50,"Cond Field,Immune Unwieldy,Unshakable",Random,41885,24092,10438,735,77150,0.5429,0.3123,0.9905,0.6348,14.45,7.12,7.33,1900,95000,440.89,10,19,Animal Husbandry|Armory|Blacksmith|Carpentry|Coliseum|Fletchery|Preceptory|Tannery|Tiltyard|War College
"Sgt/Halberd+Javelin/Chain (TY) [ImmU, Unshakable, Cond+1]",Sergeant,Halberd,,Chainmail,Javelin,True,50,"Cond Field,Immune Unwieldy,Unshakable",Random,40822,25725,9894,709,77150,0.5291,0.3334,0.9908,0.6134,13.71,8.00,5.71,1900,95000,429.71,10,19,Animal Husbandry|Armory|Blacksmith|Carpentry|Coliseum|Fletchery|Preceptory|Tannery|Tiltyard|War College
"Sgt/BattleAxe+Javelin/Chain (TY) [ImmU, Unshakable, Cond+1]",Sergeant,Battle Axe,,Chainmail,Javelin,True,50,"Cond Field,Immune Unwieldy,Unshakable",Random,36182,28866,11424,678,77150,0.4690,0.3742,0.9912,0.5562,12.11,9.32,2.78,1900,95000,380.86,10,19,Animal Husbandry|Armory|Blacksmith|Carpentry|Coliseum|Fletchery|Preceptory|Tannery|Tiltyard|War College
"Sgt/Pike/Chain [MaxInit3, Seize:1st, Unshakable]",Sergeant,Pike,,Chainmail,,False,50,"MaxInit3,Seize: first,Unshakable",Random,29307,28984,5748,711,64750,0.4526,0.4476,0.9890,0.5028,13.07,8.52,4.55,2100,105000,279.11,7,23,Animal Husbandry|Armory|Blacksmith|Ministry|Preceptory|Tannery|War College
"Sgt/Halberd/Chain [MaxInit3, Seize:1st, Unshakable]",Sergeant,Halberd,,Chainmail,,False,50,"MaxInit3,Seize: first,Unshakable",Random,30166,29048,4849,687,64750,0.4659,0.4486,0.9894,0.5094,12.98,9.36,3.63,2100,105000,287.30,7,23,Animal Husbandry|Armory|Blacksmith|Ministry|Preceptory|Tannery|War College
"Sgt/BattleAxe/Chain [MaxInit3, Seize:1st, Unshakable]",Sergeant,Battle Axe,,Chainmail,,False,50,"MaxInit3,Seize: first,Unshakable",Random,27326,31008,5689,727,64750,0.4220,0.4789,0.9888,0.4684,11.70,9.46,2.25,2100,105000,260.25,7,23,Animal Husbandry|Armory|Blacksmith|Ministry|Preceptory|Tannery|War College
"Sgt/Arming/Scutum/Chain [MaxInit3, Seize:1st, Unshakable]",Sergeant,Arming Sword,Scutum Shield,Chainmail,,False,50,"MaxInit3,Seize: first,Unshakable",Random,27855,27640,8528,727,64750,0.4302,0.4269,0.9888,0.5019,15.59,8.95,6.64,1900,95000,293.21,9,23,Animal Husbandry|Armory|Blacksmith|Carpentry|Joinery|Ministry|Preceptory|Tannery|War College
"Sgt/Flail/Scutum/Chain [MaxInit3, Seize:1st, Unshakable]",Sergeant,Flail,Scutum Shield,Chainmail,,False,50,"MaxInit3,Seize: first,Unshakable",Random,33731,22604,7728,687,64750,0.5209,0.3491,0.9894,0.5988,18.05,6.22,11.84,1900,95000,355.06,9,23,Animal Husbandry|Armory|Blacksmith|Carpentry|Joinery|Ministry|Preceptory|Tannery|War College
"Sgt/Pike/Chain [MaxInit3, MinInit+1, Seize:1st, Unshakable]",Sergeant,Pike,,Chainmail,,False,50,"MaxInit3,MinInit+1,Seize: first,Unshakable",Random,30290,27839,5970,651,64750,0.4678,0.4299,0.9899,0.5211,13.83,8.11,5.72,2100,105000,288.48,7,23,Animal Husbandry|Armory|Blacksmith|Ministry|Ministry Mastery|Preceptory|Tannery|War College
"Sgt/Halberd/Chain [MaxInit3, MinInit+1, Seize:1st, Unshakable]",Sergeant,Halberd,,Chainmail,,False,50,"MaxInit3,MinInit+1,Seize: first,Unshakable",Random,31819,27363,4909,659,64750,0.4914,0.4226,0.9898,0.5376,14.04,8.56,5.49,2100,105000,303.04,7,23,Animal Husbandry|Armory|Blacksmith|Ministry|Ministry Mastery|Preceptory|Tannery|War College
"Sgt/BattleAxe/Chain [MaxInit3, MinInit+1, Seize:1st, Unshakable]",Sergeant,Battle Axe,,Chainmail,,False,50,"MaxInit3,MinInit+1,Seize: first,Unshakable",Random,40296,19440,4364,650,64750,0.6223,0.3002,0.9900,0.6746,17.08,5.54,11.54,2100,105000,383.77,7,23,Animal Husbandry|Armory|Blacksmith|Ministry|Ministry Mastery|Preceptory|Tannery|War College
"Sgt/Arming/Scutum/Chain [MaxInit3, MinInit+1, Seize:1st, Unshakable]",Sergeant,Arming Sword,Scutum Shield,Chainmail,,False,50,"MaxInit3,MinInit+1,Seize: first,Unshakable",Random,28601,26783,8670,696,64750,0.4417,0.4136,0.9893,0.5164,16.10,8.60,7.50,1900,95000,301.06,9,23,Animal Husbandry|Armory|Blacksmith|Carpentry|Joinery|Ministry|Ministry Mastery|Preceptory|Tannery|War College
"Sgt/Flail/Scutum/Chain [MaxInit3, MinInit+1, Seize:1st, Unshakable]",Sergeant,Flail,Scutum Shield,Chainmail,,False,50,"MaxInit3,MinInit+1,Seize: first,Unshakable",Random,34698,21488,7887,677,64750,0.5359,0.3319,0.9895,0.6176,18.96,5.80,13.16,1900,95000,365.24,9,23,Animal Husbandry|Armory|Blacksmith|Carpentry|Joinery|Ministry|Ministry Mastery|Preceptory|Tannery|War College
"Sgt/Pike/Chain [Unshakable, Rend]",Sergeant,Pike,,Chainmail,,False,50,"Rend,Unshakable",Random,30442,36712,9266,730,77150,0.3946,0.4759,0.9905,0.4533,11.27,8.43,2.85,1900,95000,320.44,7,22,Animal Husbandry|Armory|Blacksmith|MWRend|Preceptory|Tannery|War College
"Sgt/Halberd/Chain [Unshakable, Rend]",Sergeant,Halberd,,Chainmail,,False,50,"Rend,Unshakable",Random,31323,37273,7873,681,77150,0.4060,0.4831,0.9912,0.4566,11.19,9.53,1.66,1900,95000,329.72,7,22,Animal Husbandry|Armory|Blacksmith|MWRend|Preceptory|Tannery|War College
"Sgt/BattleAxe/Chain [Unshakable, Rend]",Sergeant,Battle Axe,,Chainmail,,False,50,"Rend,Unshakable",Random,26738,41251,8429,732,77150,0.3466,0.5347,0.9905,0.3933,9.57,11.02,-1.45,1900,95000,281.45,7,22,Animal Husbandry|Armory|Blacksmith|MWRend|Preceptory|Tannery|War College
"Sgt/Arming/Scutum/Chain [Unshakable, Rend]",Sergeant,Arming Sword,Scutum Shield,Chainmail,,False,50,"Rend,Unshakable",Random,29021,32184,15239,706,77150,0.3762,0.4172,0.9908,0.4742,13.33,8.36,4.97,1700,85000,341.42,9,22,Animal Husbandry|Armory|Blacksmith|Carpentry|Joinery|MWRend|Preceptory|Tannery|War College
"Sgt/Flail/Scutum/Chain [Unshakable, Rend]",Sergeant,Flail,Scutum Shield,Chainmail,,False,50,"Rend,Unshakable",Random,36587,25445,14359,759,77150,0.4742,0.3298,0.9902,0.5898,15.85,5.59,10.26,1700,85000,430.44,9,22,Animal Husbandry|Armory|Blacksmith|Carpentry|Joinery|MWRend|Preceptory|Tannery|War College
"Sgt/Pike/Chain [MaxInit3, Seize:1st, Unshakable, Rend]",Sergeant,Pike,,Chainmail,,False,50,"MaxInit3,Rend,Seize: first,Unshakable",Random,29309,28780,5991,670,64750,0.4526,0.4445,0.9897,0.5046,13.30,7.37,5.92,1900,95000,308.52,8,26,Animal Husbandry|Armory|Blacksmith|MWRend|Ministry|Preceptory|Tannery|War College
"Sgt/Halberd/Chain [MaxInit3, Seize:1st, Unshakable, Rend]",Sergeant,Halberd,,Chainmail,,False,50,"MaxInit3,Rend,Seize: first,Unshakable",Random,30259,28723,5083,685,64750,0.4673,0.4436,0.9894,0.5130,13.17,8.26,4.91,1900,95000,318.52,8,26,Animal Husbandry|Armory|Blacksmith|MWRend|Ministry|Preceptory|Tannery|War College
"Sgt/BattleAxe/Chain [MaxInit3, Seize:1st, Unshakable, Rend]",Sergeant,Battle Axe,,Chainmail,,False,50,"MaxInit3,Rend,Seize: first,Unshakable",Random,27211,31184,5674,681,64750,0.4202,0.4816,0.9895,0.4660,11.73,8.48,3.25,1900,95000,286.43,8,26,Animal Husbandry|Armory|Blacksmith|MWRend|Ministry|Preceptory|Tannery|War College
"Sgt/Arming/Scutum/Chain [MaxInit3, Seize:1st, Unshakable, Rend]",Sergeant,Arming Sword,Scutum Shield,Chainmail,,False,50,"MaxInit3,Rend,Seize: first,Unshakable",Random,27785,27410,8867,688,64750,0.4291,0.4233,0.9894,0.5034,15.56,8.15,7.41,1700,85000,326.88,10,26,Animal Husbandry|Armory|Blacksmith|Carpentry|Joinery|MWRend|Ministry|Preceptory|Tannery|War College
"Sgt/Flail/Scutum/Chain [MaxInit3, Seize:1st, Unshakable, Rend]",Sergeant,Flail,Scutum Shield,Chainmail,,False,50,"MaxInit3,Rend,Seize: first,Unshakable",Random,34026,21329,8748,647,64750,0.5255,0.3294,0.9900,0.6147,18.19,5.27,12.93,1700,85000,400.31,10,26,Animal Husbandry|Armory|Blacksmith|Carpentry|Joinery|MWRend|Ministry|Preceptory|Tannery|War College
"Sgt/Pike/Chain [MaxInit3, MinInit+1, Seize:1st, Unshakable, Rend]",Sergeant,Pike,,Chainmail,,False,50,"MaxInit3,MinInit+1,Rend,Seize: first,Unshakable",Random,30283,27787,5956,724,64750,0.4677,0.4291,0.9888,0.5215,14.12,7.11,7.01,1900,95000,318.77,8,26,Animal Husbandry|Armory|Blacksmith|MWRend|Ministry|Ministry Mastery|Preceptory|Tannery|War College
"Sgt/Halberd/Chain [MaxInit3, MinInit+1, Seize:1st, Unshakable, Rend]",Sergeant,Halberd,,Chainmail,,False,50,"MaxInit3,MinInit+1,Rend,Seize: first,Unshakable",Random,31723,27111,5231,685,64750,0.4899,0.4187,0.9894,0.5392,14.18,7.44,6.74,1900,95000,333.93,8,26,Animal Husbandry|Armory|Blacksmith|MWRend|Ministry|Ministry Mastery|Preceptory|Tannery|War College
"Sgt/BattleAxe/Chain [MaxInit3, MinInit+1, Seize:1st, Unshakable, Rend]",Sergeant,Battle Axe,,Chainmail,,False,50,"MaxInit3,MinInit+1,Rend,Seize: first,Unshakable",Random,40450,18896,4776,628,64750,0.6247,0.2918,0.9903,0.6816,17.30,4.23,13.07,1900,95000,425.79,8,26,Animal Husbandry|Armory|Blacksmith|MWRend|Ministry|Ministry Mastery|Preceptory|Tannery|War College
"Sgt/Arming/Scutum/Chain [MaxInit3, MinInit+1, Seize:1st, Unshakable, Rend]",Sergeant,Arming Sword,Scutum Shield,Chainmail,,False,50,"MaxInit3,MinInit+1,Rend,Seize: first,Unshakable",Random,28652,26667,8748,683,64750,0.4425,0.4118,0.9895,0.5179,16.18,7.82,8.37,1700,85000,337.08,10,26,Animal Husbandry|Armory|Blacksmith|Carpentry|Joinery|MWRend|Ministry|Ministry Mastery|Preceptory|Tannery|War College
"Sgt/Flail/Scutum/Chain [MaxInit3, MinInit+1, Seize:1st, Unshakable, Rend]",Sergeant,Flail,Scutum Shield,Chainmail,,False,50,"MaxInit3,MinInit+1,Rend,Seize: first,Unshakable",Random,34986,20373,8706,685,64750,0.5403,0.3146,0.9894,0.6320,19.19,4.92,14.27,1700,85000,411.60,10,26,Animal Husbandry|Armory|Blacksmith|Carpentry|Joinery|MWRend|Ministry|Ministry Mastery|Preceptory|Tannery|War College
"Sgt/Pike/Chain [Poison, Unshakable]",Sergeant,Pike,,Chainmail,,False,50,"Poison,Unshakable",Random,37473,30451,8538,688,77150,0.4857,0.3947,0.9911,0.5517,13.57,7.49,6.08,2100,105000,356.89,8,22,Animal Husbandry|Armory|Blacksmith|Preceptory|Tannery|Toxicarium|War College
"Sgt/Halberd/Chain [Poison, Unshakable]",Sergeant,Halberd,,Chainmail,,False,50,"Poison,Unshakable",Random,36253,32871,7315,711,77150,0.4699,0.4261,0.9908,0.5245,12.69,8.72,3.96,2100,105000,345.27,8,22,Animal Husbandry|Armory|Blacksmith|Preceptory|Tannery|Toxicarium|War College
"Sgt/BattleAxe/Chain [Poison, Unshakable]",Sergeant,Battle Axe,,Chainmail,,False,50,"Poison,Unshakable",Random,27547,40273,8597,733,77150,0.3571,0.5220,0.9905,0.4062,9.85,11.50,-1.65,2100,105000,262.35,8,22,Animal Husbandry|Armory|Blacksmith|Preceptory|Tannery|Toxicarium|War College
"Sgt/Arming/Scutum/Chain [Poison, Unshakable]",Sergeant,Arming Sword,Scutum Shield,Chainmail,,False,50,"Poison,Unshakable",Random,37057,25921,13464,708,77150,0.4803,0.3360,0.9908,0.5884,16.14,6.03,10.10,1900,95000,390.07,10,22,Animal Husbandry|Armory|Blacksmith|Carpentry|Joinery|Preceptory|Tannery|Toxicarium|War College
"Sgt/Flail/Scutum/Chain [Poison, Unshakable]",Sergeant,Flail,Scutum Shield,Chainmail,,False,50,"Poison,Unshakable",Random,45403,19755,11286,706,77150,0.5885,0.2561,0.9908,0.6968,19.15,4.38,14.77,1900,95000,477.93,10,22,Animal Husbandry|Armory|Blacksmith|Carpentry|Joinery|Preceptory|Tannery|Toxicarium|War College
"Sgt/Pike/Chain [Poison, MaxInit3, Seize:1st, Unshakable]",Sergeant,Pike,,Chainmail,,False,50,"MaxInit3,Poison,Seize: first,Unshakable",Random,34652,23930,5484,684,64750,0.5352,0.3696,0.9894,0.5915,15.53,6.68,8.84,2100,105000,330.02,9,26,Animal Husbandry|Armory|Blacksmith|Ministry|Preceptory|Tannery|Toxicarium|War College
"Sgt/Halberd/Chain [Poison, MaxInit3, Seize:1st, Unshakable]",Sergeant,Halberd,,Chainmail,,False,50,"MaxInit3,Poison,Seize: first,Unshakable",Random,34241,25130,4707,672,64750,0.5288,0.3881,0.9896,0.5767,14.65,7.55,7.10,2100,105000,326.10,9,26,Animal Husbandry|Armory|Blacksmith|Ministry|Preceptory|Tannery|Toxicarium|War College
"Sgt/BattleAxe/Chain [Poison, MaxInit3, Seize:1st, Unshakable]",Sergeant,Battle Axe,,Chainmail,,False,50,"MaxInit3,Poison,Seize: first,Unshakable",Random,28270,29809,5934,737,64750,0.4366,0.4604,0.9886,0.4868,12.18,8.98,3.20,2100,105000,269.24,9,26,Animal Husbandry|Armory|Blacksmith|Ministry|Preceptory|Tannery|Toxicarium|War College
"Sgt/Pike/Chain [Poison, MaxInit3, MinInit+1, Seize:1st, Unshakable]",Sergeant,Pike,,Chainmail,,False,50,"MaxInit3,MinInit+1,Poison,Seize: first,Unshakable",Random,35604,22728,5657,761,64750,0.5499,0.3510,0.9882,0.6104,16.62,6.44,10.18,2100,105000,339.09,9,26,Animal Husbandry|Armory|Blacksmith|Ministry|Ministry Mastery|Preceptory|Tannery|Toxicarium|War College
"Sgt/Halberd/Chain [Poison, MaxInit3, MinInit+1, Seize:1st, Unshakable]",Sergeant,Halberd,,Chainmail,,False,50,"MaxInit3,MinInit+1,Poison,Seize: first,Unshakable",Random,36183,22968,4923,676,64750,0.5588,0.3547,0.9896,0.6117,16.01,6.71,9.29,2100,105000,344.60,9,26,Animal Husbandry|Armory|Blacksmith|Ministry|Ministry Mastery|Preceptory|Tannery|Toxicarium|War College
"Sgt/BattleAxe/Chain [Poison, MaxInit3, MinInit+1, Seize:1st, Unshakable]",Sergeant,Battle Axe,,Chainmail,,False,50,"MaxInit3,MinInit+1,Poison,Seize: first,Unshakable",Random,42717,17411,3911,711,64750,0.6597,0.2689,0.9890,0.7104,18.26,5.10,13.16,2100,105000,406.83,9,26,Animal Husbandry|Armory|Blacksmith|Ministry|Ministry Mastery|Preceptory|Tannery|Toxicarium|War College
"Sgt/Pike/Chain [Poison, Unshakable, Rend]",Sergeant,Pike,,Chainmail,,False,50,"Poison,Rend,Unshakable",Random,37335,30217,8903,695,77150,0.4839,0.3917,0.9910,0.5527,13.74,6.26,7.48,1900,95000,393.00,9,25,Animal Husbandry|Armory|Blacksmith|MWRend|Preceptory|Tannery|Toxicarium|War College
"Sgt/Halberd/Chain [Poison, Unshakable, Rend]",Sergeant,Halberd,,Chainmail,,False,50,"Poison,Rend,Unshakable",Random,36200,32557,7681,712,77150,0.4692,0.4220,0.9908,0.5265,12.82,7.55,5.28,1900,95000,381.05,9,25,Animal Husbandry|Armory|Blacksmith|MWRend|Preceptory|Tannery|Toxicarium|War College
"Sgt/BattleAxe/Chain [Poison, Unshakable, Rend]",Sergeant,Battle Axe,,Chainmail,,False,50,"Poison,Rend,Unshakable",Random,27719,40055,8613,763,77150,0.3593,0.5192,0.9901,0.4090,9.98,10.48,-0.50,1900,95000,291.78,9,25,Animal Husbandry|Armory|Blacksmith|MWRend|Preceptory|Tannery|Toxicarium|War College
"Sgt/Pike/Chain [ApoHeal, Regen 5, Reroll, Unshakable]",Sergeant,Pike,,Chainmail,,False,50,"Apothecary Heal,Regenerate 5,Regenerate Reroll,Unshakable",Random,36598,21478,18315,759,77150,0.4744,0.2784,0.9902,0.6302,18.21,3.60,14.61,2100,105000,348.55,8,19,Animal Husbandry|Apothecary|Armory|Blacksmith|Hospitaller|Infirmary|Preceptory|Tannery|War College
"Sgt/Halberd/Chain [ApoHeal, Regen 5, Reroll, Unshakable]",Sergeant,Halberd,,Chainmail,,False,50,"Apothecary Heal,Regenerate 5,Regenerate Reroll,Unshakable",Random,39828,20497,16135,690,77150,0.5162,0.2657,0.9911,0.6602,19.32,3.82,15.50,2100,105000,379.31,8,19,Animal Husbandry|Apothecary|Armory|Blacksmith|Hospitaller|Infirmary|Preceptory|Tannery|War College
"Sgt/BattleAxe/Chain [ApoHeal, Regen 5, Reroll, Unshakable]",Sergeant,Battle Axe,,Chainmail,,False,50,"Apothecary Heal,Regenerate 5,Regenerate Reroll,Unshakable",Random,32982,23243,20166,759,77150,0.4275,0.3013,0.9902,0.5866,16.05,3.99,12.06,2100,105000,314.11,8,19,Animal Husbandry|Apothecary|Armory|Blacksmith|Hospitaller|Infirmary|Preceptory|Tannery|War College
"Sgt/Arming/Scutum/Chain [ApoHeal, Regen 5, Reroll, Unshakable]",Sergeant,Arming Sword,Scutum Shield,Chainmail,,False,50,"Apothecary Heal,Regenerate 5,Regenerate Reroll,Unshakable",Random,33032,24833,18573,712,77150,0.4282,0.3219,0.9908,0.5708,17.90,6.20,11.70,1900,95000,347.71,10,19,Animal Husbandry|Apothecary|Armory|Blacksmith|Carpentry|Hospitaller|Infirmary|Joinery|Preceptory|Tannery|War College
"Sgt/Flail/Scutum/Chain [ApoHeal, Regen 5, Reroll, Unshakable]",Sergeant,Flail,Scutum Shield,Chainmail,,False,50,"Apothecary Heal,Regenerate 5,Regenerate Reroll,Unshakable",Random,40438,20031,15973,708,77150,0.5241,0.2596,0.9908,0.6687,21.62,3.93,17.69,1900,95000,425.66,10,19,Animal Husbandry|Apothecary|Armory|Blacksmith|Carpentry|Hospitaller|Infirmary|Joinery|Preceptory|Tannery|War College
"Sgt/Pike/Chain [MaxInit3, ApoHeal, Seize:1st, Unshakable, Regen 5, Reroll]",Sergeant,Pike,,Chainmail,,False,50,"Apothecary Heal,MaxInit3,Regenerate 5,Regenerate Reroll,Seize: first,Unshakable",Random,32826,20675,10529,720,64750,0.5070,0.3193,0.9889,0.6136,19.86,4.15,15.71,2100,105000,312.63,9,23,Animal Husbandry|Apothecary|Armory|Blacksmith|Hospitaller|Infirmary|Ministry|Preceptory|Tannery|War College
"Sgt/Halberd/Chain [MaxInit3, ApoHeal, Seize:1st, Unshakable, Regen 5, Reroll]",Sergeant,Halberd,,Chainmail,,False,50,"Apothecary Heal,MaxInit3,Regenerate 5,Regenerate Reroll,Seize: first,Unshakable",Random,35321,19835,8940,654,64750,0.5455,0.3063,0.9899,0.6404,20.88,4.42,16.46,2100,105000,336.39,9,23,Animal Husbandry|Apothecary|Armory|Blacksmith|Hospitaller|Infirmary|Ministry|Preceptory|Tannery|War College
"Sgt/BattleAxe/Chain [MaxInit3, ApoHeal, Seize:1st, Unshakable, Regen 5, Reroll]",Sergeant,Battle Axe,,Chainmail,,False,50,"Apothecary Heal,MaxInit3,Regenerate 5,Regenerate Reroll,Seize: first,Unshakable",Random,32207,20221,11569,753,64750,0.4974,0.3123,0.9884,0.6143,18.97,4.06,14.90,2100,105000,306.73,9,23,Animal Husbandry|Apothecary|Armory|Blacksmith|Hospitaller|Infirmary|Ministry|Preceptory|Tannery|War College
"Sgt/Pike/Chain [MaxInit3, ApoHeal, MinInit+1, Seize:1st, Unshakable, Regen 5, Reroll]",Sergeant,Pike,,Chainmail,,False,50,"Apothecary Heal,MaxInit3,MinInit+1,Regenerate 5,Regenerate Reroll,Seize: first,Unshakable",Random,32804,20655,10559,732,64750,0.5066,0.3190,0.9887,0.6136,20.26,4.13,16.13,2100,105000,312.42,9,23,Animal Husbandry|Apothecary|Armory|Blacksmith|Hospitaller|Infirmary|Ministry|Ministry Mastery|Preceptory|Tannery|War College
"Sgt/Halberd/Chain [MaxInit3, ApoHeal, MinInit+1, Seize:1st, Unshakable, Regen 5, Reroll]",Sergeant,Halberd,,Chainmail,,False,50,"Apothecary Heal,MaxInit3,MinInit+1,Regenerate 5,Regenerate Reroll,Seize: first,Unshakable",Random,35484,19661,8944,661,64750,0.5480,0.3036,0.9898,0.6435,21.43,4.35,17.09,2100,105000,337.94,9,23,Animal Husbandry|Apothecary|Armory|Blacksmith|Hospitaller|Infirmary|Ministry|Ministry Mastery|Preceptory|Tannery|War College
"Sgt/BattleAxe/Chain [MaxInit3, ApoHeal, MinInit+1, Seize:1st, Unshakable, Regen 5, Reroll]",Sergeant,Battle Axe,,Chainmail,,False,50,"Apothecary Heal,MaxInit3,MinInit+1,Regenerate 5,Regenerate Reroll,Seize: first,Unshakable",Random,47472,10747,5883,648,64750,0.7332,0.1660,0.9900,0.8154,27.92,2.11,25.81,2100,105000,452.11,9,23,Animal Husbandry|Apothecary|Armory|Blacksmith|Hospitaller|Infirmary|Ministry|Ministry Mastery|Preceptory|Tannery|War College
"Sgt/Pike/Chain [ApoHeal, Unshakable, Rend, Regen 5, Reroll]",Sergeant,Pike,,Chainmail,,False,50,"Apothecary Heal,Regenerate 5,Regenerate Reroll,Rend,Unshakable",Random,36576,21141,18677,756,77150,0.4741,0.2740,0.9902,0.6337,18.32,2.85,15.47,1900,95000,385.01,9,22,Animal Husbandry|Apothecary|Armory|Blacksmith|Hospitaller|Infirmary|MWRend|Preceptory|Tannery|War College
"Sgt/Halberd/Chain [ApoHeal, Unshakable, Rend, Regen 5, Reroll]",Sergeant,Halberd,,Chainmail,,False,50,"Apothecary Heal,Regenerate 5,Regenerate Reroll,Rend,Unshakable",Random,40004,19896,16600,650,77150,0.5185,0.2579,0.9916,0.6678,19.46,3.04,16.41,1900,95000,421.09,9,22,Animal Husbandry|Apothecary|Armory|Blacksmith|Hospitaller|Infirmary|MWRend|Preceptory|Tannery|War College
"Sgt/BattleAxe/Chain [ApoHeal, Unshakable, Rend, Regen 5, Reroll]",Sergeant,Battle Axe,,Chainmail,,False,50,"Apothecary Heal,Regenerate 5,Regenerate Reroll,Rend,Unshakable",Random,32988,23079,20328,755,77150,0.4276,0.2991,0.9902,0.5884,16.09,3.22,12.87,1900,95000,347.24,9,22,Animal Husbandry|Apothecary|Armory|Blacksmith|Hospitaller|Infirmary|MWRend|Preceptory|Tannery|War College
"Sgt/Pike/Chain [MaxInit3, ApoHeal, Seize:1st, Unshakable, Rend, Regen 5, Reroll]",Sergeant,Pike,,Chainmail,,False,50,"Apothecary Heal,MaxInit3,Regenerate 5,Regenerate Reroll,Rend,Seize: first,Unshakable",Random,32788,20510,10808,644,64750,0.5064,0.3168,0.9901,0.6152,19.97,3.25,16.72,1900,95000,345.14,10,26,Animal Husbandry|Apothecary|Armory|Blacksmith|Hospitaller|Infirmary|MWRend|Ministry|Preceptory|Tannery|War College
"Sgt/Halberd/Chain [MaxInit3, ApoHeal, Seize:1st, Unshakable, Rend, Regen 5, Reroll]",Sergeant,Halberd,,Chainmail,,False,50,"Apothecary Heal,MaxInit3,Regenerate 5,Regenerate Reroll,Rend,Seize: first,Unshakable",Random,35435,19121,9517,677,64750,0.5473,0.2953,0.9895,0.6495,21.09,3.56,17.52,1900,95000,373.00,10,26,Animal Husbandry|Apothecary|Armory|Blacksmith|Hospitaller|Infirmary|MWRend|Ministry|Preceptory|Tannery|War College
"Sgt/BattleAxe/Chain [MaxInit3, ApoHeal, Seize:1st, Unshakable, Rend, Regen 5, Reroll]",Sergeant,Battle Axe,,Chainmail,,False,50,"Apothecary Heal,MaxInit3,Regenerate 5,Regenerate Reroll,Rend,Seize: first,Unshakable",Random,32236,19983,11765,766,64750,0.4979,0.3086,0.9882,0.6173,19.06,3.17,15.89,1900,95000,339.33,10,26,Animal Husbandry|Apothecary|Armory|Blacksmith|Hospitaller|Infirmary|MWRend|Ministry|Preceptory|Tannery|War College
"Sgt/Pike/Chain [MaxInit3, ApoHeal, MinInit+1, Seize:1st, Unshakable, Rend, Regen 5, Reroll]",Sergeant,Pike,,Chainmail,,False,50,"Apothecary Heal,MaxInit3,MinInit+1,Regenerate 5,Regenerate Reroll,Rend,Seize: first,Unshakable",Random,32898,20409,10752,691,64750,0.5081,0.3152,0.9893,0.6171,20.45,3.26,17.18,1900,95000,346.29,10,26,Animal Husbandry|Apothecary|Armory|Blacksmith|Hospitaller|Infirmary|MWRend|Ministry|Ministry Mastery|Preceptory|Tannery|War College
"Sgt/Halberd/Chain [MaxInit3, ApoHeal, MinInit+1, Seize:1st, Unshakable, Rend, Regen 5, Reroll]",Sergeant,Halberd,,Chainmail,,False,50,"Apothecary Heal,MaxInit3,MinInit+1,Regenerate 5,Regenerate Reroll,Rend,Seize: first,Unshakable",Random,35561,18840,9664,685,64750,0.5492,0.2910,0.9894,0.6537,21.62,3.48,18.14,1900,95000,374.33,10,26,Animal Husbandry|Apothecary|Armory|Blacksmith|Hospitaller|Infirmary|MWRend|Ministry|Ministry Mastery|Preceptory|Tannery|War College
"Sgt/BattleAxe/Chain [MaxInit3, ApoHeal, MinInit+1, Seize:1st, Unshakable, Rend, Regen 5, Reroll]",Sergeant,Battle Axe,,Chainmail,,False,50,"Apothecary Heal,MaxInit3,MinInit+1,Regenerate 5,Regenerate Reroll,Rend,Seize: first,Unshakable",Random,47594,9168,7284,704,64750,0.7350,0.1416,0.9891,0.8385,28.12,1.19,26.93,1900,95000,500.99,10,26,Animal Husbandry|Apothecary|Armory|Blacksmith|Hospitaller|Infirmary|MWRend|Ministry|Ministry Mastery|Preceptory|Tannery|War College
"Sgt/Pike/Chain [Poison, ApoHeal, Unshakable, Regen 5, Reroll]",Sergeant,Pike,,Chainmail,,False,50,"Apothecary Heal,Poison,Regenerate 5,Regenerate Reroll,Unshakable",Random,43487,16621,16345,697,77150,0.5637,0.2154,0.9910,0.7235,21.74,2.70,19.05,2100,105000,414.16,10,22,Animal Husbandry|Apothecary|Armory|Blacksmith|Hospitaller|Infirmary|Preceptory|Tannery|Toxicarium|War College
"Sgt/Halberd/Chain [Poison, ApoHeal, Unshakable, Regen 5, Reroll]",Sergeant,Halberd,,Chainmail,,False,50,"Apothecary Heal,Poison,Regenerate 5,Regenerate Reroll,Unshakable",Random,47151,15233,14082,684,77150,0.6112,0.1974,0.9911,0.7558,22.69,2.76,19.94,2100,105000,449.06,10,22,Animal Husbandry|Apothecary|Armory|Blacksmith|Hospitaller|Infirmary|Preceptory|Tannery|Toxicarium|War College
"Sgt/BattleAxe/Chain [Poison, ApoHeal, Unshakable, Regen 5, Reroll]",Sergeant,Battle Axe,,Chainmail,,False,50,"Apothecary Heal,Poison,Regenerate 5,Regenerate Reroll,Unshakable",Random,34414,21702,20236,798,77150,0.4461,0.2813,0.9897,0.6133,16.73,3.65,13.08,2100,105000,327.75,10,22,Animal Husbandry|Apothecary|Armory|Blacksmith|Hospitaller|Infirmary|Preceptory|Tannery|Toxicarium|War College
MaA/2HBastard/Chain [Cond+1],Man-at-Arms,2HBastard,,Chainmail,,False,50,Cond Field,Random,57554,46480,14537,879,119450,0.4818,0.3891,0.9926,0.5532,10.75,10.08,0.67,1400,70000,822.20,5,9,Animal Husbandry|Armory|Coliseum|Forge|Levy Hall|Tannery
MaA/WarHammer/Chain [Cond+1],Man-at-Arms,War Hammer,,Chainmail,,False,50,Cond Field,Random,42394,57923,18243,890,119450,0.3549,0.4849,0.9925,0.4226,7.03,14.05,-7.02,1400,70000,605.63,5,9,Animal Husbandry|Armory|Coliseum|Forge|Levy Hall|Tannery
MaA/Crossbow/Chain [Cond+1],Man-at-Arms,,,Chainmail,Crossbow,False,50,Cond Field,Random,40956,58941,18661,892,119450,0.3429,0.4934,0.9925,0.4100,6.88,15.37,-8.49,1400,70000,585.09,6,9,Animal Husbandry|Armory|Carpentry|Coliseum|Fletchery|Forge|Tannery
"MaA/2HBastard+Longbow/Chain (TY) [ImmU, Cond+1]",Man-at-Arms,2HBastard,,Chainmail,Longbow,True,50,"Cond Field,Immune Unwieldy",Random,62314,42015,14291,830,119450,0.5217,0.3517,0.9931,0.5973,11.79,8.64,3.15,1400,70000,890.20,7,12,Animal Husbandry|Armory|Carpentry|Coliseum|Fletchery|Forge|Tannery|Tiltyard
"MaA/2HBastard+Javelin/Chain (TY) [ImmU, Cond+1]",Man-at-Arms,2HBastard,,Chainmail,Javelin,True,50,"Cond Field,Immune Unwieldy",Random,57309,46123,15219,799,119450,0.4798,0.3861,0.9933,0.5541,10.42,9.78,0.63,1400,70000,818.70,7,12,Animal Husbandry|Armory|Carpentry|Coliseum|Fletchery|Forge|Tannery|Tiltyard
"MaA/2HBastard+Crossbow/Chain (TY) [ImmU, Cond+1]",Man-at-Arms,2HBastard,,Chainmail,Crossbow,True,50,"Cond Field,Immune Unwieldy",Random,55158,48244,15198,850,119450,0.4618,0.4039,0.9929,0.5334,10.01,10.68,-0.67,1400,70000,787.97,7,12,Animal Husbandry|Armory|Carpentry|Coliseum|Fletchery|Forge|Tannery|Tiltyard
"MaA/Morningstar+Crossbow/Chain (TY) [ImmU, Cond+1]",Man-at-Arms,Morningstar,,Chainmail,Crossbow,True,50,"Cond Field,Immune Unwieldy",Random,46568,54573,17472,837,119450,0.3899,0.4569,0.9930,0.4604,7.96,13.36,-5.41,1400,70000,665.26,7,12,Animal Husbandry|Armory|Carpentry|Coliseum|Fletchery|Forge|Tannery|Tiltyard
"MaA/WarHammer+Longbow/Chain (TY) [ImmU, Cond+1]",Man-at-Arms,War Hammer,,Chainmail,Longbow,True,50,"Cond Field,Immune Unwieldy",Random,46847,52802,18983,818,119450,0.3922,0.4420,0.9932,0.4701,7.87,11.29,-3.43,1400,70000,669.24,7,12,Animal Husbandry|Armory|Carpentry|Coliseum|Fletchery|Forge|Tannery|Tiltyard
"MaA/WarHammer+Javelin/Chain (TY) [ImmU, Cond+1]",Man-at-Arms,War Hammer,,Chainmail,Javelin,True,50,"Cond Field,Immune Unwieldy",Random,43252,56198,19108,892,119450,0.3621,0.4705,0.9925,0.4349,7.19,12.81,-5.62,1400,70000,617.89,7,12,Animal Husbandry|Armory|Carpentry|Coliseum|Fletchery|Forge|Tannery|Tiltyard
"MaA/WarHammer+Crossbow/Chain (TY) [ImmU, Cond+1]",Man-at-Arms,War Hammer,,Chainmail,Crossbow,True,50,"Cond Field,Immune Unwieldy",Random,42520,57142,18897,891,119450,0.3560,0.4784,0.9925,0.4266,7.05,13.76,-6.71,1400,70000,607.43,7,12,Animal Husbandry|Armory|Carpentry|Coliseum|Fletchery|Forge|Tannery|Tiltyard
MaA/Lance/Scutum/Chain [Cond+1],Man-at-Arms,Lance,Scutum Shield,Chainmail,,False,50,Cond Field,Random,65457,21284,31814,895,119450,0.5480,0.1782,0.9925,0.7546,13.21,4.10,9.11,1400,70000,935.10,6,9,Animal Husbandry|Armory|Carpentry|Coliseum|Forge|Joinery|Stable|Tannery
MaA/Lance3/Scutum/Chain [Cond+1],Man-at-Arms,Lance3,Scutum Shield,Chainmail,,False,50,Cond Field,Random,65362,21411,31812,865,119450,0.5472,0.1792,0.9928,0.7533,13.20,4.10,9.11,1400,70000,933.74,6,9,Animal Husbandry|Armory|Carpentry|Coliseum|Forge|Joinery|Stable|Tannery
MaA/Cavalry Spear/Scutum/Chain [Cond+1],Man-at-Arms,Cavalry Spear,Scutum Shield,Chainmail,,False,50,Cond Field,Random,54961,25972,37616,901,119450,0.4601,0.2174,0.9925,0.6791,11.40,5.89,5.51,1400,70000,785.16,6,9,Animal Husbandry|Armory|Carpentry|Coliseum|Forge|Joinery|Stable|Tannery
"MaA/Lance+Crossbow/Chain (TY) [ImmU, Cond+1]",Man-at-Arms,Lance,,Chainmail,Crossbow,True,50,"Cond Field,Immune Unwieldy",Random,49472,50836,18281,861,119450,0.4142,0.4256,0.9928,0.4932,8.52,10.85,-2.32,1400,70000,706.74,7,12,Animal Husbandry|Armory|Carpentry|Coliseum|Fletchery|Forge|Stable|Tannery|Tiltyard
"MaA/Lance3+Crossbow/Chain (TY) [ImmU, Cond+1]",Man-at-Arms,Lance3,,Chainmail,Crossbow,True,50,"Cond Field,Immune Unwieldy",Random,49286,50967,18314,883,119450,0.4126,0.4267,0.9926,0.4916,8.50,10.86,-2.36,1400,70000,704.09,7,12,Animal Husbandry|Armory|Carpentry|Coliseum|Fletchery|Forge|Stable|Tannery|Tiltyard
"MaA/Cavalry Spear+Crossbow/Chain (TY) [ImmU, Cond+1]",Man-at-Arms,Cavalry Spear,,Chainmail,Crossbow,True,50,"Cond Field,Immune Unwieldy",Random,42182,57044,19322,902,119450,0.3531,0.4776,0.9924,0.4251,7.37,14.02,-6.65,1400,70000,602.60,7,12,Animal Husbandry|Armory|Carpentry|Coliseum|Fletchery|Forge|Stable|Tannery|Tiltyard
"MaA/Lance+Longbow/Scutum/Chain (TY) [ImmU, Cond+1]",Man-at-Arms,Lance,Scutum Shield,Chainmail,Longbow,True,50,"Cond Field,Immune Unwieldy",Random,72151,17858,28574,867,119450,0.6040,0.1495,0.9927,0.8016,14.91,3.34,11.57,1200,60000,1202.52,8,12,Animal Husbandry|Armory|Carpentry|Coliseum|Fletchery|Forge|Joinery|Stable|Tannery|Tiltyard
"MaA/Lance3+Longbow/Scutum/Chain (TY) [ImmU, Cond+1]",Man-at-Arms,Lance3,Scutum Shield,Chainmail,Longbow,True,50,"Cond Field,Immune Unwieldy",Random,72018,17938,28646,848,119450,0.6029,0.1502,0.9929,0.8006,14.92,3.38,11.54,1200,60000,1200.30,8,12,Animal Husbandry|Armory|Carpentry|Coliseum|Fletchery|Forge|Joinery|Stable|Tannery|Tiltyard
"MaA/Cavalry Spear+Longbow/Scutum/Chain (TY) [ImmU, Cond+1]",Man-at-Arms,Cavalry Spear,Scutum Shield,Chainmail,Longbow,True,50,"Cond Field,Immune Unwieldy",Random,61185,22358,35045,862,119450,0.5122,0.1872,0.9928,0.7324,12.69,4.58,8.11,1200,60000,1019.75,8,12,Animal Husbandry|Armory|Carpentry|Coliseum|Fletchery|Forge|Joinery|Stable|Tannery|Tiltyard
"MaA/Lance+Javelin/Scutum/Chain (TY) [ImmU, Cond+1]",Man-at-Arms,Lance,Scutum Shield,Chainmail,Javelin,True,50,"Cond Field,Immune Unwieldy",Random,66018,20747,31806,879,119450,0.5527,0.1737,0.9926,0.7609,13.33,3.94,9.39,1200,60000,1100.30,8,12,Animal Husbandry|Armory|Carpentry|Coliseum|Fletchery|Forge|Joinery|Stable|Tannery|Tiltyard
"MaA/Lance3+Javelin/Scutum/Chain (TY) [ImmU, Cond+1]",Man-at-Arms,Lance3,Scutum Shield,Chainmail,Javelin,True,50,"Cond Field,Immune Unwieldy",Random,66357,20841,31416,836,119450,0.5555,0.1745,0.9930,0.7610,13.40,3.95,9.44,1200,60000,1105.95,8,12,Animal Husbandry|Armory|Carpentry|Coliseum|Fletchery|Forge|Joinery|Stable|Tannery|Tiltyard
"MaA/Cavalry Spear+Javelin/Scutum/Chain (TY) [ImmU, Cond+1]",Man-at-Arms,Cavalry Spear,Scutum Shield,Chainmail,Javelin,True,50,"Cond Field,Immune Unwieldy",Random,56932,24799,36875,844,119450,0.4766,0.2076,0.9929,0.6966,11.73,5.29,6.44,1200,60000,948.87,8,12,Animal Husbandry|Armory|Carpentry|Coliseum|Fletchery|Forge|Joinery|Stable|Tannery|Tiltyard
"MaA/2HBastard+Longbow/Chain (TY) [Drilled, Nimble, Cond+1, ImmU, Immune Strain]",Man-at-Arms,2HBastard,,Chainmail,Longbow,True,50,"Cond Field,Drilled,Immune Strain,Immune Unwieldy,Nimble",Random,71954,36782,4730,834,114300,0.6295,0.3218,0.9927,0.6617,14.80,8.23,6.57,1400,70000,1027.91,9,16,Animal Husbandry|Armory|Carpentry|Coliseum|Fletchery|Forge|Royal Pavilion|Tannery|Tiltyard
"MaA/2HBastard+Javelin/Chain (TY) [Drilled, Nimble, Cond+1, ImmU, Immune Strain]",Man-at-Arms,2HBastard,,Chainmail,Javelin,True,50,"Cond Field,Drilled,Immune Strain,Immune Unwieldy,Nimble",Random,67968,40364,5147,821,114300,0.5946,0.3531,0.9928,0.6274,13.61,9.26,4.35,1400,70000,970.97,9,16,Animal Husbandry|Armory|Carpentry|Coliseum|Fletchery|Forge|Royal Pavilion|Tannery|Tiltyard
"MaA/2HBastard+Crossbow/Chain (TY) [Drilled, Nimble, Cond+1, ImmU, Immune Strain]",Man-at-Arms,2HBastard,,Chainmail,Crossbow,True,50,"Cond Field,Drilled,Immune Strain,Immune Unwieldy,Nimble",Random,67608,40844,5020,828,114300,0.5915,0.3573,0.9928,0.6234,13.63,9.51,4.12,1400,70000,965.83,9,16,Animal Husbandry|Armory|Carpentry|Coliseum|Fletchery|Forge|Royal Pavilion|Tannery|Tiltyard
"MaA/Morningstar+Crossbow/Chain (TY) [Drilled, Nimble, Cond+1, ImmU, Immune Strain]",Man-at-Arms,Morningstar,,Chainmail,Crossbow,True,50,"Cond Field,Drilled,Immune Strain,Immune Unwieldy,Nimble",Random,61039,46185,6200,876,114300,0.5340,0.4041,0.9923,0.5693,11.51,11.85,-0.33,1400,70000,871.99,9,16,Animal Husbandry|Armory|Carpentry|Coliseum|Fletchery|Forge|Royal Pavilion|Tannery|Tiltyard
"MaA/WarHammer+Longbow/Chain (TY) [Drilled, Nimble, Cond+1, ImmU, Immune Strain]",Man-at-Arms,War Hammer,,Chainmail,Longbow,True,50,"Cond Field,Drilled,Immune Strain,Immune Unwieldy,Nimble",Random,61802,45162,6385,951,114300,0.5407,0.3951,0.9917,0.5778,11.46,10.63,0.83,1400,70000,882.89,9,16,Animal Husbandry|Armory|Carpentry|Coliseum|Fletchery|Forge|Royal Pavilion|Tannery|Tiltyard
"MaA/WarHammer+Javelin/Chain (TY) [Drilled, Nimble, Cond+1, ImmU, Immune Strain]",Man-at-Arms,War Hammer,,Chainmail,Javelin,True,50,"Cond Field,Drilled,Immune Strain,Immune Unwieldy,Nimble",Random,58891,47933,6664,812,114300,0.5152,0.4194,0.9929,0.5513,10.72,11.86,-1.14,1400,70000,841.30,9,16,Animal Husbandry|Armory|Carpentry|Coliseum|Fletchery|Forge|Royal Pavilion|Tannery|Tiltyard
"MaA/WarHammer+Crossbow/Chain (TY) [Drilled, Nimble, Cond+1, ImmU, Immune Strain]",Man-at-Arms,War Hammer,,Chainmail,Crossbow,True,50,"Cond Field,Drilled,Immune Strain,Immune Unwieldy,Nimble",Random,58575,48124,6773,828,114300,0.5125,0.4210,0.9928,0.5490,10.72,12.12,-1.40,1400,70000,836.79,9,16,Animal Husbandry|Armory|Carpentry|Coliseum|Fletchery|Forge|Royal Pavilion|Tannery|Tiltyard
"MaA/Lance+Crossbow/Chain (TY) [Drilled, Nimble, Cond+1, ImmU, Immune Strain]",Man-at-Arms,Lance,,Chainmail,Crossbow,True,50,"Cond Field,Drilled,Immune Strain,Immune Unwieldy,Nimble",Random,65333,42550,5517,900,114300,0.5716,0.3723,0.9921,0.6056,12.72,9.63,3.09,1400,70000,933.33,9,16,Animal Husbandry|Armory|Carpentry|Coliseum|Fletchery|Forge|Royal Pavilion|Stable|Tannery|Tiltyard
"MaA/Lance3+Crossbow/Chain (TY) [Drilled, Nimble, Cond+1, ImmU, Immune Strain]",Man-at-Arms,Lance3,,Chainmail,Crossbow,True,50,"Cond Field,Drilled,Immune Strain,Immune Unwieldy,Nimble",Random,65358,42497,5546,899,114300,0.5718,0.3718,0.9921,0.6060,12.72,9.59,3.12,1400,70000,933.69,9,16,Animal Husbandry|Armory|Carpentry|Coliseum|Fletchery|Forge|Royal Pavilion|Stable|Tannery|Tiltyard
"MaA/Cavalry Spear+Crossbow/Chain (TY) [Drilled, Nimble, Cond+1, ImmU, Immune Strain]",Man-at-Arms,Cavalry Spear,,Chainmail,Crossbow,True,50,"Cond Field,Drilled,Immune Strain,Immune Unwieldy,Nimble",Random,58689,48215,6520,876,114300,0.5135,0.4218,0.9923,0.5490,11.20,12.33,-1.13,1400,70000,838.41,9,16,Animal Husbandry|Armory|Carpentry|Coliseum|Fletchery|Forge|Royal Pavilion|Stable|Tannery|Tiltyard
"MaA/Lance+Longbow/Scutum/Chain (TY) [Drilled, Nimble, Cond+1, ImmU, Immune Strain]",Man-at-Arms,Lance,Scutum Shield,Chainmail,Longbow,True,50,"Cond Field,Drilled,Immune Strain,Immune Unwieldy,Nimble",Random,96648,13371,3392,889,114300,0.8456,0.1170,0.9922,0.8785,20.93,2.96,17.97,1200,60000,1610.80,10,16,Animal Husbandry|Armory|Carpentry|Coliseum|Fletchery|Forge|Joinery|Royal Pavilion|Stable|Tannery|Tiltyard
"MaA/Lance3+Longbow/Scutum/Chain (TY) [Drilled, Nimble, Cond+1, ImmU, Immune Strain]",Man-at-Arms,Lance3,Scutum Shield,Chainmail,Longbow,True,50,"Cond Field,Drilled,Immune Strain,Immune Unwieldy,Nimble",Random,96667,13282,3505,846,114300,0.8457,0.1162,0.9926,0.8792,20.89,2.92,17.98,1200,60000,1611.12,10,16,Animal Husbandry|Armory|Carpentry|Coliseum|Fletchery|Forge|Joinery|Royal Pavilion|Stable|Tannery|Tiltyard
"MaA/Cavalry Spear+Longbow/Scutum/Chain (TY) [Drilled, Nimble, Cond+1, ImmU, Immune Strain]",Man-at-Arms,Cavalry Spear,Scutum Shield,Chainmail,Longbow,True,50,"Cond Field,Drilled,Immune Strain,Immune Unwieldy,Nimble",Random,92940,16022,4493,845,114300,0.8131,0.1402,0.9926,0.8530,18.95,3.84,15.11,1200,60000,1549.00,10,16,Animal Husbandry|Armory|Carpentry|Coliseum|Fletchery|Forge|Joinery|Royal Pavilion|Stable|Tannery|Tiltyard
"MaA/Lance+Javelin/Scutum/Chain (TY) [Drilled, Nimble, Cond+1, ImmU, Immune Strain]",Man-at-Arms,Lance,Scutum Shield,Chainmail,Javelin,True,50,"Cond Field,Drilled,Immune Strain,Immune Unwieldy,Nimble",Random,94176,15311,3886,927,114300,0.8239,0.1340,0.9919,0.8602,19.64,3.43,16.21,1200,60000,1569.60,10,16,Animal Husbandry|Armory|Carpentry|Coliseum|Fletchery|Forge|Joinery|Royal Pavilion|Stable|Tannery|Tiltyard
"MaA/Lance3+Javelin/Scutum/Chain (TY) [Drilled, Nimble, Cond+1, ImmU, Immune Strain]",Man-at-Arms,Lance3,Scutum Shield,Chainmail,Javelin,True,50,"Cond Field,Drilled,Immune Strain,Immune Unwieldy,Nimble",Random,94024,15475,3940,861,114300,0.8226,0.1354,0.9925,0.8587,19.61,3.45,16.16,1200,60000,1567.07,10,16,Animal Husbandry|Armory|Carpentry|Coliseum|Fletchery|Forge|Joinery|Royal Pavilion|Stable|Tannery|Tiltyard
"MaA/Cavalry Spear+Javelin/Scutum/Chain (TY) [Drilled, Nimble, Cond+1, ImmU, Immune Strain]",Man-at-Arms,Cavalry Spear,Scutum Shield,Chainmail,Javelin,True,50,"Cond Field,Drilled,Immune Strain,Immune Unwieldy,Nimble",Random,90489,17938,5005,868,114300,0.7917,0.1569,0.9924,0.8346,18.01,4.43,13.58,1200,60000,1508.15,10,16,Animal Husbandry|Armory|Carpentry|Coliseum|Fletchery|Forge|Joinery|Royal Pavilion|Stable|Tannery|Tiltyard
"MaA/2HBastard/Chain [Outr:once, Cond+1]",Man-at-Arms,2HBastard,,Chainmail,,False,50,"Cond Field,Outrider: once",Random,41302,37927,13197,1624,94050,0.4391,0.4033,0.9827,0.5213,10.48,10.91,-0.42,1600,80000,516.27,7,19,Animal Husbandry|Armory|Caravanery|Cipher Chamber|Coliseum|Forge|Outrider Intercept Post|Tannery
"MaA/WarHammer/Chain [Outr:once, Cond+1]",Man-at-Arms,War Hammer,,Chainmail,,False,50,"Cond Field,Outrider: once",Random,28252,48078,16104,1616,94050,0.3004,0.5112,0.9828,0.3701,6.65,14.73,-8.08,1600,80000,353.15,7,19,Animal Husbandry|Armory|Caravanery|Cipher Chamber|Coliseum|Forge|Outrider Intercept Post|Tannery
"MaA/Crossbow/Chain [Outr:once, Cond+1]",Man-at-Arms,,,Chainmail,Crossbow,False,50,"Cond Field,Outrider: once",Random,26480,49271,16736,1563,94050,0.2816,0.5239,0.9834,0.3496,6.39,16.33,-9.93,1400,70000,378.29,9,19,Animal Husbandry|Armory|Caravanery|Carpentry|Cipher Chamber|Coliseum|Fletchery|Forge|Outrider Intercept Post|Tannery
"MaA/2HBastard+Longbow/Chain (TY) [ImmU, Outr:once, Cond+1]",Man-at-Arms,2HBastard,,Chainmail,Longbow,True,50,"Cond Field,Immune Unwieldy,Outrider: once",Random,45806,33828,12797,1619,94050,0.4870,0.3597,0.9828,0.5752,11.68,9.39,2.30,1400,70000,654.37,10,22,Animal Husbandry|Armory|Caravanery|Carpentry|Cipher Chamber|Coliseum|Fletchery|Forge|Outrider Intercept Post|Tannery|Tiltyard
"MaA/2HBastard+Javelin/Chain (TY) [ImmU, Outr:once, Cond+1]",Man-at-Arms,2HBastard,,Chainmail,Javelin,True,50,"Cond Field,Immune Unwieldy,Outrider: once",Random,41222,37673,13612,1543,94050,0.4383,0.4006,0.9836,0.5225,10.08,10.60,-0.52,1400,70000,588.89,10,22,Animal Husbandry|Armory|Caravanery|Carpentry|Cipher Chamber|Coliseum|Fletchery|Forge|Outrider Intercept Post|Tannery|Tiltyard
"MaA/2HBastard+Crossbow/Chain (TY) [ImmU, Outr:once, Cond+1]",Man-at-Arms,2HBastard,,Chainmail,Crossbow,True,50,"Cond Field,Immune Unwieldy,Outrider: once",Random,39754,39212,13564,1520,94050,0.4227,0.4169,0.9838,0.5034,9.73,11.37,-1.64,1400,70000,567.91,10,22,Animal Husbandry|Armory|Caravanery|Carpentry|Cipher Chamber|Coliseum|Fletchery|Forge|Outrider Intercept Post|Tannery|Tiltyard
"MaA/Morningstar+Crossbow/Chain (TY) [ImmU, Outr:once, Cond+1]",Man-at-Arms,Morningstar,,Chainmail,Crossbow,True,50,"Cond Field,Immune Unwieldy,Outrider: once",Random,31998,45236,15256,1560,94050,0.3402,0.4810,0.9834,0.4143,7.53,14.22,-6.70,1400,70000,457.11,10,22,Animal Husbandry|Armory|Caravanery|Carpentry|Cipher Chamber|Coliseum|Fletchery|Forge|Outrider Intercept Post|Tannery|Tiltyard
"MaA/WarHammer+Longbow/Chain (TY) [ImmU, Outr:once, Cond+1]",Man-at-Arms,War Hammer,,Chainmail,Longbow,True,50,"Cond Field,Immune Unwieldy,Outrider: once",Random,32538,43183,16710,1619,94050,0.3460,0.4591,0.9828,0.4297,7.55,11.95,-4.40,1400,70000,464.83,10,22,Animal Husbandry|Armory|Caravanery|Carpentry|Cipher Chamber|Coliseum|Fletchery|Forge|Outrider Intercept Post|Tannery|Tiltyard
"MaA/WarHammer+Javelin/Chain (TY) [ImmU, Outr:once, Cond+1]",Man-at-Arms,War Hammer,,Chainmail,Javelin,True,50,"Cond Field,Immune Unwieldy,Outrider: once",Random,28702,46546,17182,1620,94050,0.3052,0.4949,0.9828,0.3814,6.69,13.54,-6.86,1400,70000,410.03,10,22,Animal Husbandry|Armory|Caravanery|Carpentry|Cipher Chamber|Coliseum|Fletchery|Forge|Outrider Intercept Post|Tannery|Tiltyard
"MaA/WarHammer+Crossbow/Chain (TY) [ImmU, Outr:once, Cond+1]",Man-at-Arms,War Hammer,,Chainmail,Crossbow,True,50,"Cond Field,Immune Unwieldy,Outrider: once",Random,28333,47426,16679,1612,94050,0.3013,0.5043,0.9829,0.3740,6.68,14.55,-7.87,1400,70000,404.76,10,22,Animal Husbandry|Armory|Caravanery|Carpentry|Cipher Chamber|Coliseum|Fletchery|Forge|Outrider Intercept Post|Tannery|Tiltyard
"MaA/Lance/Scutum/Chain [Outr:once, Cond+1]",Man-at-Arms,Lance,Scutum Shield,Chainmail,,False,50,"Cond Field,Outrider: once",Random,48417,16555,27503,1575,94050,0.5148,0.1760,0.9833,0.7452,12.34,4.57,7.77,1400,70000,691.67,9,19,Animal Husbandry|Armory|Caravanery|Carpentry|Cipher Chamber|Coliseum|Forge|Joinery|Outrider Intercept Post|Stable|Tannery
"MaA/Lance3/Scutum/Chain [Outr:once, Cond+1]",Man-at-Arms,Lance3,Scutum Shield,Chainmail,,False,50,"Cond Field,Outrider: once",Random,48217,16624,27657,1552,94050,0.5127,0.1768,0.9835,0.7436,12.32,4.57,7.75,1400,70000,688.81,9,19,Animal Husbandry|Armory|Caravanery|Carpentry|Cipher Chamber|Coliseum|Forge|Joinery|Outrider Intercept Post|Stable|Tannery
"MaA/Cavalry Spear/Scutum/Chain [Outr:once, Cond+1]",Man-at-Arms,Cavalry Spear,Scutum Shield,Chainmail,,False,50,"Cond Field,Outrider: once",Random,38593,21080,32756,1621,94050,0.4103,0.2241,0.9828,0.6467,10.04,6.57,3.47,1400,70000,551.33,9,19,Animal Husbandry|Armory|Caravanery|Carpentry|Cipher Chamber|Coliseum|Forge|Joinery|Outrider Intercept Post|Stable|Tannery
"MaA/Lance+Crossbow/Chain (TY) [ImmU, Outr:once, Cond+1]",Man-at-Arms,Lance,,Chainmail,Crossbow,True,50,"Cond Field,Immune Unwieldy,Outrider: once",Random,35119,41484,15955,1492,94050,0.3734,0.4411,0.9841,0.4585,8.26,11.51,-3.25,1400,70000,501.70,10,22,Animal Husbandry|Armory|Caravanery|Carpentry|Cipher Chamber|Coliseum|Fletchery|Forge|Outrider Intercept Post|Stable|Tannery|Tiltyard
"MaA/Lance3+Crossbow/Chain (TY) [ImmU, Outr:once, Cond+1]",Man-at-Arms,Lance3,,Chainmail,Crossbow,True,50,"Cond Field,Immune Unwieldy,Outrider: once",Random,35115,41189,16129,1617,94050,0.3734,0.4379,0.9828,0.4602,8.29,11.54,-3.25,1400,70000,501.64,10,22,Animal Husbandry|Armory|Caravanery|Carpentry|Cipher Chamber|Coliseum|Fletchery|Forge|Outrider Intercept Post|Stable|Tannery|Tiltyard
"MaA/Cavalry Spear+Crossbow/Chain (TY) [ImmU, Outr:once, Cond+1]",Man-at-Arms,Cavalry Spear,,Chainmail,Crossbow,True,50,"Cond Field,Immune Unwieldy,Outrider: once",Random,27635,47555,17342,1518,94050,0.2938,0.5056,0.9839,0.3675,6.68,14.92,-8.24,1400,70000,394.79,10,22,Animal Husbandry|Armory|Caravanery|Carpentry|Cipher Chamber|Coliseum|Fletchery|Forge|Outrider Intercept Post|Stable|Tannery|Tiltyard
"MaA/2HBastard/Chain [Outr:every, Cond+1]",Man-at-Arms,2HBastard,,Chainmail,,False,50,"Cond Field,Outrider: every",Random,47362,27073,12080,7535,94050,0.5036,0.2879,0.9199,0.6363,14.70,9.59,5.11,1600,80000,592.02,9,19,Animal Husbandry|Armory|Caravanery|Cipher Chamber|Coliseum|Forge|Outrider Intercept Post|Outrider Mastery|Tannery
"MaA/WarHammer/Chain [Outr:every, Cond+1]",Man-at-Arms,War Hammer,,Chainmail,,False,50,"Cond Field,Outrider: every",Random,37739,35094,13219,7998,94050,0.4013,0.3731,0.9150,0.5182,11.69,12.38,-0.69,1600,80000,471.74,9,19,Animal Husbandry|Armory|Caravanery|Cipher Chamber|Coliseum|Forge|Outrider Intercept Post|Outrider Mastery|Tannery
"MaA/2HBastard/Chain [Rend, Cond+1]",Man-at-Arms,2HBastard,,Chainmail,,False,50,"Cond Field,Rend",Random,58307,45794,14490,859,119450,0.4881,0.3834,0.9928,0.5601,11.00,9.21,1.79,1400,70000,832.96,5,9,Animal Husbandry|Armory|Coliseum|Forge|MWRend|Tannery
"MaA/WarHammer/Chain [Rend, Cond+1]",Man-at-Arms,War Hammer,,Chainmail,,False,50,"Cond Field,Rend",Random,42587,57729,18293,841,119450,0.3565,0.4833,0.9930,0.4245,7.05,13.42,-6.38,1400,70000,608.39,5,9,Animal Husbandry|Armory|Coliseum|Forge|MWRend|Tannery
"MaA/Crossbow/Chain [Rend, Cond+1]",Man-at-Arms,,,Chainmail,Crossbow,False,50,"Cond Field,Rend",Random,41100,58611,18922,817,119450,0.3441,0.4907,0.9932,0.4122,6.91,14.73,-7.81,1200,60000,685.00,7,9,Animal Husbandry|Armory|Carpentry|Coliseum|Fletchery|Forge|MWRend|Tannery
"MaA/2HBastard+Longbow/Chain (TY) [ImmU, Rend, Cond+1]",Man-at-Arms,2HBastard,,Chainmail,Longbow,True,50,"Cond Field,Immune Unwieldy,Rend",Random,63128,41039,14424,859,119450,0.5285,0.3436,0.9928,0.6060,12.08,7.67,4.41,1200,60000,1052.13,8,12,Animal Husbandry|Armory|Carpentry|Coliseum|Fletchery|Forge|MWRend|Tannery|Tiltyard
"MaA/2HBastard+Javelin/Chain (TY) [ImmU, Rend, Cond+1]",Man-at-Arms,2HBastard,,Chainmail,Javelin,True,50,"Cond Field,Immune Unwieldy,Rend",Random,57632,45513,15417,888,119450,0.4825,0.3810,0.9926,0.5587,10.60,8.92,1.68,1200,60000,960.53,8,12,Animal Husbandry|Armory|Carpentry|Coliseum|Fletchery|Forge|MWRend|Tannery|Tiltyard
"MaA/2HBastard+Crossbow/Chain (TY) [ImmU, Rend, Cond+1]",Man-at-Arms,2HBastard,,Chainmail,Crossbow,True,50,"Cond Field,Immune Unwieldy,Rend",Random,55631,47466,15502,851,119450,0.4657,0.3974,0.9929,0.5396,10.16,9.79,0.37,1200,60000,927.18,8,12,Animal Husbandry|Armory|Carpentry|Coliseum|Fletchery|Forge|MWRend|Tannery|Tiltyard
"MaA/Morningstar+Crossbow/Chain (TY) [ImmU, Rend, Cond+1]",Man-at-Arms,Morningstar,,Chainmail,Crossbow,True,50,"Cond Field,Immune Unwieldy,Rend",Random,46791,54243,17500,916,119450,0.3917,0.4541,0.9923,0.4631,8.05,12.71,-4.66,1200,60000,779.85,8,12,Animal Husbandry|Armory|Carpentry|Coliseum|Fletchery|Forge|MWRend|Tannery|Tiltyard
"MaA/WarHammer+Longbow/Chain (TY) [ImmU, Rend, Cond+1]",Man-at-Arms,War Hammer,,Chainmail,Longbow,True,50,"Cond Field,Immune Unwieldy,Rend",Random,46901,52574,19091,884,119450,0.3926,0.4401,0.9926,0.4715,7.96,10.54,-2.58,1200,60000,781.68,8,12,Animal Husbandry|Armory|Carpentry|Coliseum|Fletchery|Forge|MWRend|Tannery|Tiltyard
"MaA/WarHammer+Javelin/Chain (TY) [ImmU, Rend, Cond+1]",Man-at-Arms,War Hammer,,Chainmail,Javelin,True,50,"Cond Field,Immune Unwieldy,Rend",Random,43245,56136,19125,944,119450,0.3620,0.4700,0.9921,0.4351,7.23,12.17,-4.95,1200,60000,720.75,8,12,Animal Husbandry|Armory|Carpentry|Coliseum|Fletchery|Forge|MWRend|Tannery|Tiltyard
"MaA/WarHammer+Crossbow/Chain (TY) [ImmU, Rend, Cond+1]",Man-at-Arms,War Hammer,,Chainmail,Crossbow,True,50,"Cond Field,Immune Unwieldy,Rend",Random,42566,57133,18904,847,119450,0.3563,0.4783,0.9929,0.4269,7.08,13.13,-6.05,1200,60000,709.43,8,12,Animal Husbandry|Armory|Carpentry|Coliseum|Fletchery|Forge|MWRend|Tannery|Tiltyard
"MaA/Lance/Scutum/Chain [Rend, Cond+1]",Man-at-Arms,Lance,Scutum Shield,Chainmail,,False,50,"Cond Field,Rend",Random,65652,21084,31829,885,119450,0.5496,0.1765,0.9926,0.7569,13.24,3.74,9.50,1200,60000,1094.20,7,9,Animal Husbandry|Armory|Carpentry|Coliseum|Forge|Joinery|MWRend|Stable|Tannery
"MaA/Lance3/Scutum/Chain [Rend, Cond+1]",Man-at-Arms,Lance3,Scutum Shield,Chainmail,,False,50,"Cond Field,Rend",Random,65665,21135,31776,874,119450,0.5497,0.1769,0.9927,0.7565,13.23,3.74,9.48,1200,60000,1094.42,7,9,Animal Husbandry|Armory|Carpentry|Coliseum|Forge|Joinery|MWRend|Stable|Tannery
"MaA/Cavalry Spear/Scutum/Chain [Rend, Cond+1]",Man-at-Arms,Cavalry Spear,Scutum Shield,Chainmail,,False,50,"Cond Field,Rend",Random,55105,25948,37497,900,119450,0.4613,0.2172,0.9925,0.6799,11.43,5.63,5.80,1200,60000,918.42,7,9,Animal Husbandry|Armory|Carpentry|Coliseum|Forge|Joinery|MWRend|Stable|Tannery
"MaA/Lance+Crossbow/Chain (TY) [ImmU, Rend, Cond+1]",Man-at-Arms,Lance,,Chainmail,Crossbow,True,50,"Cond Field,Immune Unwieldy,Rend",Random,49462,50737,18386,865,119450,0.4141,0.4248,0.9928,0.4936,8.58,10.13,-1.54,1200,60000,824.37,8,12,Animal Husbandry|Armory|Carpentry|Coliseum|Fletchery|Forge|MWRend|Stable|Tannery|Tiltyard
"MaA/Lance3+Crossbow/Chain (TY) [ImmU, Rend, Cond+1]",Man-at-Arms,Lance3,,Chainmail,Crossbow,True,50,"Cond Field,Immune Unwieldy,Rend",Random,49437,50736,18404,873,119450,0.4139,0.4247,0.9927,0.4935,8.57,10.10,-1.52,1200,60000,823.95,8,12,Animal Husbandry|Armory|Carpentry|Coliseum|Fletchery|Forge|MWRend|Stable|Tannery|Tiltyard
"MaA/Cavalry Spear+Crossbow/Chain (TY) [ImmU, Rend, Cond+1]",Man-at-Arms,Cavalry Spear,,Chainmail,Crossbow,True,50,"Cond Field,Immune Unwieldy,Rend",Random,42302,57006,19241,901,119450,0.3541,0.4772,0.9925,0.4260,7.42,13.42,-5.99,1200,60000,705.03,8,12,Animal Husbandry|Armory|Carpentry|Coliseum|Fletchery|Forge|MWRend|Stable|Tannery|Tiltyard
"MaA/Lance+Longbow/Scutum/Chain (TY) [ImmU, Rend, Cond+1]",Man-at-Arms,Lance,Scutum Shield,Chainmail,Longbow,True,50,"Cond Field,Immune Unwieldy,Rend",Random,72527,17572,28484,867,119450,0.6072,0.1471,0.9927,0.8050,15.00,2.94,12.06,1000,50000,1450.54,9,12,Animal Husbandry|Armory|Carpentry|Coliseum|Fletchery|Forge|Joinery|MWRend|Stable|Tannery|Tiltyard
"MaA/Lance3+Longbow/Scutum/Chain (TY) [ImmU, Rend, Cond+1]",Man-at-Arms,Lance3,Scutum Shield,Chainmail,Longbow,True,50,"Cond Field,Immune Unwieldy,Rend",Random,72455,17526,28607,862,119450,0.6066,0.1467,0.9928,0.8052,14.97,2.93,12.04,1000,50000,1449.10,9,12,Animal Husbandry|Armory|Carpentry|Coliseum|Fletchery|Forge|Joinery|MWRend|Stable|Tannery|Tiltyard
"MaA/Cavalry Spear+Longbow/Scutum/Chain (TY) [ImmU, Rend, Cond+1]",Man-at-Arms,Cavalry Spear,Scutum Shield,Chainmail,Longbow,True,50,"Cond Field,Immune Unwieldy,Rend",Random,61358,22177,35057,858,119450,0.5137,0.1857,0.9928,0.7345,12.72,4.23,8.48,1000,50000,1227.16,9,12,Animal Husbandry|Armory|Carpentry|Coliseum|Fletchery|Forge|Joinery|MWRend|Stable|Tannery|Tiltyard
"MaA/Lance+Javelin/Scutum/Chain (TY) [ImmU, Rend, Cond+1]",Man-at-Arms,Lance,Scutum Shield,Chainmail,Javelin,True,50,"Cond Field,Immune Unwieldy,Rend",Random,66407,20649,31486,908,119450,0.5559,0.1729,0.9924,0.7628,13.43,3.59,9.84,1000,50000,1328.14,9,12,Animal Husbandry|Armory|Carpentry|Coliseum|Fletchery|Forge|Joinery|MWRend|Stable|Tannery|Tiltyard
"MaA/Lance3+Javelin/Scutum/Chain (TY) [ImmU, Rend, Cond+1]",Man-at-Arms,Lance3,Scutum Shield,Chainmail,Javelin,True,50,"Cond Field,Immune Unwieldy,Rend",Random,66468,20427,31664,891,119450,0.5565,0.1710,0.9925,0.7649,13.42,3.57,9.84,1000,50000,1329.36,9,12,Animal Husbandry|Armory|Carpentry|Coliseum|Fletchery|Forge|Joinery|MWRend|Stable|Tannery|Tiltyard
"MaA/Cavalry Spear+Javelin/Scutum/Chain (TY) [ImmU, Rend, Cond+1]",Man-at-Arms,Cavalry Spear,Scutum Shield,Chainmail,Javelin,True,50,"Cond Field,Immune Unwieldy,Rend",Random,56977,24843,36746,884,119450,0.4770,0.2080,0.9926,0.6964,11.74,5.02,6.72,1000,50000,1139.54,9,12,Animal Husbandry|Armory|Carpentry|Coliseum|Fletchery|Forge|Joinery|MWRend|Stable|Tannery|Tiltyard
"MaA/2HBastard+Longbow/Chain (TY) [Drilled, Nimble, Cond+1, Rend, ImmU, Immune Strain]",Man-at-Arms,2HBastard,,Chainmail,Longbow,True,50,"Cond Field,Drilled,Immune Strain,Immune Unwieldy,Nimble,Rend",Random,73120,36005,4323,852,114300,0.6397,0.3150,0.9925,0.6701,15.14,7.31,7.83,1200,60000,1218.67,10,16,Animal Husbandry|Armory|Carpentry|Coliseum|Fletchery|Forge|MWRend|Royal Pavilion|Tannery|Tiltyard
"MaA/2HBastard+Javelin/Chain (TY) [Drilled, Nimble, Cond+1, Rend, ImmU, Immune Strain]",Man-at-Arms,2HBastard,,Chainmail,Javelin,True,50,"Cond Field,Drilled,Immune Strain,Immune Unwieldy,Nimble,Rend",Random,69184,39617,4641,858,114300,0.6053,0.3466,0.9925,0.6359,13.90,8.40,5.51,1200,60000,1153.07,10,16,Animal Husbandry|Armory|Carpentry|Coliseum|Fletchery|Forge|MWRend|Royal Pavilion|Tannery|Tiltyard
"MaA/2HBastard+Crossbow/Chain (TY) [Drilled, Nimble, Cond+1, Rend, ImmU, Immune Strain]",Man-at-Arms,2HBastard,,Chainmail,Crossbow,True,50,"Cond Field,Drilled,Immune Strain,Immune Unwieldy,Nimble,Rend",Random,68644,40250,4578,828,114300,0.6006,0.3521,0.9928,0.6304,13.85,8.69,5.16,1200,60000,1144.07,10,16,Animal Husbandry|Armory|Carpentry|Coliseum|Fletchery|Forge|MWRend|Royal Pavilion|Tannery|Tiltyard
"MaA/Morningstar+Crossbow/Chain (TY) [Drilled, Nimble, Cond+1, Rend, ImmU, Immune Strain]",Man-at-Arms,Morningstar,,Chainmail,Crossbow,True,50,"Cond Field,Drilled,Immune Strain,Immune Unwieldy,Nimble,Rend",Random,61483,46010,5944,863,114300,0.5379,0.4025,0.9924,0.5720,11.62,11.19,0.44,1200,60000,1024.72,10,16,Animal Husbandry|Armory|Carpentry|Coliseum|Fletchery|Forge|MWRend|Royal Pavilion|Tannery|Tiltyard
"MaA/WarHammer+Longbow/Chain (TY) [Drilled, Nimble, Cond+1, Rend, ImmU, Immune Strain]",Man-at-Arms,War Hammer,,Chainmail,Longbow,True,50,"Cond Field,Drilled,Immune Strain,Immune Unwieldy,Nimble,Rend",Random,62347,44889,6185,879,114300,0.5455,0.3927,0.9923,0.5814,11.56,9.89,1.67,1200,60000,1039.12,10,16,Animal Husbandry|Armory|Carpentry|Coliseum|Fletchery|Forge|MWRend|Royal Pavilion|Tannery|Tiltyard
"MaA/WarHammer+Javelin/Chain (TY) [Drilled, Nimble, Cond+1, Rend, ImmU, Immune Strain]",Man-at-Arms,War Hammer,,Chainmail,Javelin,True,50,"Cond Field,Drilled,Immune Strain,Immune Unwieldy,Nimble,Rend",Random,59053,47750,6589,908,114300,0.5166,0.4178,0.9921,0.5529,10.79,11.24,-0.45,1200,60000,984.22,10,16,Animal Husbandry|Armory|Carpentry|Coliseum|Fletchery|Forge|MWRend|Royal Pavilion|Tannery|Tiltyard
"MaA/WarHammer+Crossbow/Chain (TY) [Drilled, Nimble, Cond+1, Rend, ImmU, Immune Strain]",Man-at-Arms,War Hammer,,Chainmail,Crossbow,True,50,"Cond Field,Drilled,Immune Strain,Immune Unwieldy,Nimble,Rend",Random,58987,47982,6482,849,114300,0.5161,0.4198,0.9926,0.5514,10.83,11.49,-0.65,1200,60000,983.12,10,16,Animal Husbandry|Armory|Carpentry|Coliseum|Fletchery|Forge|MWRend|Royal Pavilion|Tannery|Tiltyard
"MaA/Lance+Crossbow/Chain (TY) [Drilled, Nimble, Cond+1, Rend, ImmU, Immune Strain]",Man-at-Arms,Lance,,Chainmail,Crossbow,True,50,"Cond Field,Drilled,Immune Strain,Immune Unwieldy,Nimble,Rend",Random,65933,42322,5168,877,114300,0.5768,0.3703,0.9923,0.6091,12.86,8.82,4.04,1200,60000,1098.88,10,16,Animal Husbandry|Armory|Carpentry|Coliseum|Fletchery|Forge|MWRend|Royal Pavilion|Stable|Tannery|Tiltyard
"MaA/Lance3+Crossbow/Chain (TY) [Drilled, Nimble, Cond+1, Rend, ImmU, Immune Strain]",Man-at-Arms,Lance3,,Chainmail,Crossbow,True,50,"Cond Field,Drilled,Immune Strain,Immune Unwieldy,Nimble,Rend",Random,65898,42302,5209,891,114300,0.5765,0.3701,0.9922,0.6090,12.86,8.86,4.00,1200,60000,1098.30,10,16,Animal Husbandry|Armory|Carpentry|Coliseum|Fletchery|Forge|MWRend|Royal Pavilion|Stable|Tannery|Tiltyard
"MaA/Cavalry Spear+Crossbow/Chain (TY) [Drilled, Nimble, Cond+1, Rend, ImmU, Immune Strain]",Man-at-Arms,Cavalry Spear,,Chainmail,Crossbow,True,50,"Cond Field,Drilled,Immune Strain,Immune Unwieldy,Nimble,Rend",Random,58971,48146,6317,866,114300,0.5159,0.4212,0.9924,0.5505,11.32,11.71,-0.40,1200,60000,982.85,10,16,Animal Husbandry|Armory|Carpentry|Coliseum|Fletchery|Forge|MWRend|Royal Pavilion|Stable|Tannery|Tiltyard
"MaA/2HBastard/Chain [Outr:once, Rend, Cond+1]",Man-at-Arms,2HBastard,,Chainmail,,False,50,"Cond Field,Outrider: once,Rend",Random,42228,37132,13141,1549,94050,0.4490,0.3948,0.9835,0.5321,10.75,9.77,0.98,1400,70000,603.26,8,19,Animal Husbandry|Armory|Caravanery|Cipher Chamber|Coliseum|Forge|MWRend|Outrider Intercept Post|Tannery
"MaA/WarHammer/Chain [Outr:once, Rend, Cond+1]",Man-at-Arms,War Hammer,,Chainmail,,False,50,"Cond Field,Outrider: once,Rend",Random,28401,47801,16282,1566,94050,0.3020,0.5083,0.9833,0.3727,6.67,13.92,-7.25,1400,70000,405.73,8,19,Animal Husbandry|Armory|Caravanery|Cipher Chamber|Coliseum|Forge|MWRend|Outrider Intercept Post|Tannery
"MaA/Crossbow/Chain [Outr:once, Rend, Cond+1]",Man-at-Arms,,,Chainmail,Crossbow,False,50,"Cond Field,Outrider: once,Rend",Random,26565,49284,16675,1526,94050,0.2825,0.5240,0.9838,0.3502,6.39,15.64,-9.25,1200,60000,442.75,10,19,Animal Husbandry|Armory|Caravanery|Carpentry|Cipher Chamber|Coliseum|Fletchery|Forge|MWRend|Outrider Intercept Post|Tannery
"MaA/Lance/Scutum/Chain [Outr:once, Rend, Cond+1]",Man-at-Arms,Lance,Scutum Shield,Chainmail,,False,50,"Cond Field,Outrider: once,Rend",Random,48763,16272,27405,1610,94050,0.5185,0.1730,0.9829,0.7498,12.45,4.18,8.27,1200,60000,812.72,10,19,Animal Husbandry|Armory|Caravanery|Carpentry|Cipher Chamber|Coliseum|Forge|Joinery|MWRend|Outrider Intercept Post|Stable|Tannery
"MaA/Lance3/Scutum/Chain [Outr:once, Rend, Cond+1]",Man-at-Arms,Lance3,Scutum Shield,Chainmail,,False,50,"Cond Field,Outrider: once,Rend",Random,48444,16504,27538,1564,94050,0.5151,0.1755,0.9834,0.7459,12.37,4.18,8.19,1200,60000,807.40,10,19,Animal Husbandry|Armory|Caravanery|Carpentry|Cipher Chamber|Coliseum|Forge|Joinery|MWRend|Outrider Intercept Post|Stable|Tannery
"MaA/Cavalry Spear/Scutum/Chain [Outr:once, Rend, Cond+1]",Man-at-Arms,Cavalry Spear,Scutum Shield,Chainmail,,False,50,"Cond Field,Outrider: once,Rend",Random,38788,20873,32805,1584,94050,0.4124,0.2219,0.9832,0.6501,10.03,6.20,3.83,1200,60000,646.47,10,19,Animal Husbandry|Armory|Caravanery|Carpentry|Cipher Chamber|Coliseum|Forge|Joinery|MWRend|Outrider Intercept Post|Stable|Tannery
"MaA/2HBastard/Chain [Rend, Outr:every, Cond+1]",Man-at-Arms,2HBastard,,Chainmail,,False,50,"Cond Field,Outrider: every,Rend",Random,49247,25849,11529,7425,94050,0.5236,0.2748,0.9211,0.6558,15.25,8.45,6.80,1400,70000,703.53,10,19,Animal Husbandry|Armory|Caravanery|Cipher Chamber|Coliseum|Forge|MWRend|Outrider Intercept Post|Outrider Mastery|Tannery
"MaA/WarHammer/Chain [Rend, Outr:every, Cond+1]",Man-at-Arms,War Hammer,,Chainmail,,False,50,"Cond Field,Outrider: every,Rend",Random,38265,34764,13157,7864,94050,0.4069,0.3696,0.9164,0.5240,11.81,11.54,0.27,1400,70000,546.64,10,19,Animal Husbandry|Armory|Caravanery|Cipher Chamber|Coliseum|Forge|MWRend|Outrider Intercept Post|Outrider Mastery|Tannery
"MaA/2HBastard/FullPlate [GF, Cond+1]",Man-at-Arms,2HBastard,,Full Plate,,False,50,"Cond Field,GF Armor",Random,58457,30201,29937,855,119450,0.4894,0.2528,0.9928,0.6594,11.20,6.88,4.32,1200,60000,974.28,5,9,Animal Husbandry|Armory|Coliseum|Forge|Gilded Foundry|Levy Hall|Tannery
"MaA/WarHammer/FullPlate [GF, Cond+1]",Man-at-Arms,War Hammer,,Full Plate,,False,50,"Cond Field,GF Armor",Random,44601,37440,36475,934,119450,0.3734,0.3134,0.9922,0.5436,8.30,11.25,-2.95,1200,60000,743.35,5,9,Animal Husbandry|Armory|Coliseum|Forge|Gilded Foundry|Levy Hall|Tannery
"MaA/Bastard/Tower/FullPlate [GF, Cond+1]",Man-at-Arms,Bastard Sword,Tower Shield,Full Plate,,False,50,"Cond Field,GF Armor",Random,57203,13376,47864,1007,119450,0.4789,0.1120,0.9916,0.8105,13.77,4.78,8.99,1200,60000,953.38,6,9,Animal Husbandry|Armory|Carpentry|Coliseum|Forge|Gilded Foundry|Joinery|Tannery
"MaA/Longbow/FullPlate [GF, Cond+1]",Man-at-Arms,,,Full Plate,Longbow,False,50,"Cond Field,GF Armor",Random,88031,13437,17127,855,119450,0.7370,0.1125,0.9928,0.8676,19.32,2.61,16.71,1200,60000,1467.18,6,9,Animal Husbandry|Armory|Carpentry|Coliseum|Fletchery|Forge|Gilded Foundry|Tannery
"MaA/Crossbow/FullPlate [GF, Cond+1]",Man-at-Arms,,,Full Plate,Crossbow,False,50,"Cond Field,GF Armor",Random,44753,37337,36426,934,119450,0.3747,0.3126,0.9922,0.5452,8.48,11.83,-3.35,1200,60000,745.88,6,9,Animal Husbandry|Armory|Carpentry|Coliseum|Fletchery|Forge|Gilded Foundry|Tannery
"MaA/Crossbow/Tower/FullPlate [GF, Cond+1]",Man-at-Arms,,Tower Shield,Full Plate,Crossbow,False,50,"Cond Field,GF Armor",Random,57245,13360,47984,861,119450,0.4792,0.1118,0.9928,0.8108,13.74,4.97,8.76,1000,50000,1144.90,7,9,Animal Husbandry|Armory|Carpentry|Coliseum|Fletchery|Forge|Gilded Foundry|Joinery|Tannery
"MaA/2HBastard+Longbow/FullPlate (TY) [ImmU, GF, Cond+1]",Man-at-Arms,2HBastard,,Full Plate,Longbow,True,50,"Cond Field,GF Armor,Immune Unwieldy",Random,63300,26540,28721,889,119450,0.5299,0.2222,0.9926,0.7046,12.36,5.60,6.76,1200,60000,1055.00,7,12,Animal Husbandry|Armory|Carpentry|Coliseum|Fletchery|Forge|Gilded Foundry|Tannery|Tiltyard
"MaA/2HBastard+Javelin/FullPlate (TY) [ImmU, GF, Cond+1]",Man-at-Arms,2HBastard,,Full Plate,Javelin,True,50,"Cond Field,GF Armor,Immune Unwieldy",Random,58922,29245,30426,857,119450,0.4933,0.2448,0.9928,0.6683,11.19,6.42,4.77,1200,60000,982.03,7,12,Animal Husbandry|Armory|Carpentry|Coliseum|Fletchery|Forge|Gilded Foundry|Tannery|Tiltyard
"MaA/2HBastard+Crossbow/FullPlate (TY) [ImmU, GF, Cond+1]",Man-at-Arms,2HBastard,,Full Plate,Crossbow,True,50,"Cond Field,GF Armor,Immune Unwieldy",Random,55562,31178,31830,880,119450,0.4651,0.2610,0.9926,0.6406,10.44,7.30,3.14,1200,60000,926.03,7,12,Animal Husbandry|Armory|Carpentry|Coliseum|Fletchery|Forge|Gilded Foundry|Tannery|Tiltyard
"MaA/Morningstar+Crossbow/FullPlate (TY) [ImmU, GF, Cond+1]",Man-at-Arms,Morningstar,,Full Plate,Crossbow,True,50,"Cond Field,GF Armor,Immune Unwieldy",Random,52168,33148,33253,881,119450,0.4367,0.2775,0.9926,0.6115,9.70,8.14,1.56,1200,60000,869.47,7,12,Animal Husbandry|Armory|Carpentry|Coliseum|Fletchery|Forge|Gilded Foundry|Tannery|Tiltyard
"MaA/WarHammer+Longbow/FullPlate (TY) [ImmU, GF, Cond+1]",Man-at-Arms,War Hammer,,Full Plate,Longbow,True,50,"Cond Field,GF Armor,Immune Unwieldy",Random,51224,32163,35118,945,119450,0.4288,0.2693,0.9921,0.6143,9.52,6.80,2.72,1200,60000,853.73,7,12,Animal Husbandry|Armory|Carpentry|Coliseum|Fletchery|Forge|Gilded Foundry|Tannery|Tiltyard
"MaA/WarHammer+Javelin/FullPlate (TY) [ImmU, GF, Cond+1]",Man-at-Arms,War Hammer,,Full Plate,Javelin,True,50,"Cond Field,GF Armor,Immune Unwieldy",Random,48442,34705,35404,899,119450,0.4055,0.2905,0.9925,0.5826,8.95,7.86,1.09,1200,60000,807.37,7,12,Animal Husbandry|Armory|Carpentry|Coliseum|Fletchery|Forge|Gilded Foundry|Tannery|Tiltyard
"MaA/WarHammer+Crossbow/FullPlate (TY) [ImmU, GF, Cond+1]",Man-at-Arms,War Hammer,,Full Plate,Crossbow,True,50,"Cond Field,GF Armor,Immune Unwieldy",Random,47018,35501,35991,940,119450,0.3936,0.2972,0.9921,0.5698,8.78,8.80,-0.01,1200,60000,783.63,7,12,Animal Husbandry|Armory|Carpentry|Coliseum|Fletchery|Forge|Gilded Foundry|Tannery|Tiltyard
"MaA/Bastard+Longbow/Tower/FullPlate (TY) [ImmU, GF, Cond+1]",Man-at-Arms,Bastard Sword,Tower Shield,Full Plate,Longbow,True,50,"Cond Field,GF Armor,Immune Unwieldy",Random,57659,12932,47895,964,119450,0.4827,0.1083,0.9919,0.8168,13.81,3.23,10.58,1000,50000,1153.18,8,12,Animal Husbandry|Armory|Carpentry|Coliseum|Fletchery|Forge|Gilded Foundry|Joinery|Tannery|Tiltyard
"MaA/Bastard+Javelin/Tower/FullPlate (TY) [ImmU, GF, Cond+1]",Man-at-Arms,Bastard Sword,Tower Shield,Full Plate,Javelin,True,50,"Cond Field,GF Armor,Immune Unwieldy",Random,57411,13229,47858,952,119450,0.4806,0.1107,0.9920,0.8127,13.77,3.55,10.22,1000,50000,1148.22,8,12,Animal Husbandry|Armory|Carpentry|Coliseum|Fletchery|Forge|Gilded Foundry|Joinery|Tannery|Tiltyard
"MaA/Bastard+Crossbow/Tower/FullPlate (TY) [ImmU, GF, Cond+1]",Man-at-Arms,Bastard Sword,Tower Shield,Full Plate,Crossbow,True,50,"Cond Field,GF Armor,Immune Unwieldy",Random,57293,13225,48034,898,119450,0.4796,0.1107,0.9925,0.8125,13.74,4.04,9.70,1000,50000,1145.86,8,12,Animal Husbandry|Armory|Carpentry|Coliseum|Fletchery|Forge|Gilded Foundry|Joinery|Tannery|Tiltyard
"MaA/Lance+Crossbow/FullPlate (TY) [ImmU, GF, Cond+1]",Man-at-Arms,Lance,,Full Plate,Crossbow,True,50,"Cond Field,GF Armor,Immune Unwieldy",Random,57434,29428,31703,885,119450,0.4808,0.2464,0.9926,0.6612,10.60,5.91,4.69,1200,60000,957.23,7,12,Animal Husbandry|Armory|Carpentry|Coliseum|Fletchery|Forge|Gilded Foundry|Stable|Tannery|Tiltyard
"MaA/Lance3+Crossbow/FullPlate (TY) [ImmU, GF, Cond+1]",Man-at-Arms,Lance3,,Full Plate,Crossbow,True,50,"Cond Field,GF Armor,Immune Unwieldy",Random,57226,29354,31940,930,119450,0.4791,0.2457,0.9922,0.6610,10.60,5.92,4.68,1200,60000,953.77,7,12,Animal Husbandry|Armory|Carpentry|Coliseum|Fletchery|Forge|Gilded Foundry|Stable|Tannery|Tiltyard
"MaA/Cavalry Spear+Crossbow/FullPlate (TY) [ImmU, GF, Cond+1]",Man-at-Arms,Cavalry Spear,,Full Plate,Crossbow,True,50,"Cond Field,GF Armor,Immune Unwieldy",Random,49620,33904,35026,900,119450,0.4154,0.2838,0.9925,0.5941,9.46,7.99,1.47,1200,60000,827.00,7,12,Animal Husbandry|Armory|Carpentry|Coliseum|Fletchery|Forge|Gilded Foundry|Stable|Tannery|Tiltyard
"MaA/2HBastard+Longbow/FullPlate (TY) [Drilled, Nimble, Cond+1, GF, ImmU, Immune Strain]",Man-at-Arms,2HBastard,,Full Plate,Longbow,True,50,"Cond Field,Drilled,GF Armor,Immune Strain,Immune Unwieldy,Nimble",Random,92701,15446,5300,853,114300,0.8110,0.1351,0.9925,0.8572,19.91,3.46,16.45,1200,60000,1545.02,9,16,Animal Husbandry|Armory|Carpentry|Coliseum|Fletchery|Forge|Gilded Foundry|Royal Pavilion|Tannery|Tiltyard
"MaA/2HBastard+Javelin/FullPlate (TY) [Drilled, Nimble, Cond+1, GF, ImmU, Immune Strain]",Man-at-Arms,2HBastard,,Full Plate,Javelin,True,50,"Cond Field,Drilled,GF Armor,Immune Strain,Immune Unwieldy,Nimble",Random,90144,17572,5684,900,114300,0.7887,0.1537,0.9921,0.8369,18.65,3.98,14.67,1200,60000,1502.40,9,16,Animal Husbandry|Armory|Carpentry|Coliseum|Fletchery|Forge|Gilded Foundry|Royal Pavilion|Tannery|Tiltyard
"MaA/2HBastard+Crossbow/FullPlate (TY) [Drilled, Nimble, Cond+1, GF, ImmU, Immune Strain]",Man-at-Arms,2HBastard,,Full Plate,Crossbow,True,50,"Cond Field,Drilled,GF Armor,Immune Strain,Immune Unwieldy,Nimble",Random,89641,17747,6066,846,114300,0.7843,0.1553,0.9926,0.8347,18.62,3.99,14.62,1200,60000,1494.02,9,16,Animal Husbandry|Armory|Carpentry|Coliseum|Fletchery|Forge|Gilded Foundry|Royal Pavilion|Tannery|Tiltyard
"MaA/Morningstar+Crossbow/FullPlate (TY) [Drilled, Nimble, Cond+1, GF, ImmU, Immune Strain]",Man-at-Arms,Morningstar,,Full Plate,Crossbow,True,50,"Cond Field,Drilled,GF Armor,Immune Strain,Immune Unwieldy,Nimble",Random,83868,21641,7942,849,114300,0.7338,0.1893,0.9926,0.7949,16.07,5.27,10.80,1200,60000,1397.80,9,16,Animal Husbandry|Armory|Carpentry|Coliseum|Fletchery|Forge|Gilded Foundry|Royal Pavilion|Tannery|Tiltyard
"MaA/WarHammer+Longbow/FullPlate (TY) [Drilled, Nimble, Cond+1, GF, ImmU, Immune Strain]",Man-at-Arms,War Hammer,,Full Plate,Longbow,True,50,"Cond Field,Drilled,GF Armor,Immune Strain,Immune Unwieldy,Nimble",Random,84971,20776,7651,902,114300,0.7434,0.1818,0.9921,0.8035,15.94,4.77,11.17,1200,60000,1416.18,9,16,Animal Husbandry|Armory|Carpentry|Coliseum|Fletchery|Forge|Gilded Foundry|Royal Pavilion|Tannery|Tiltyard
"MaA/WarHammer+Javelin/FullPlate (TY) [Drilled, Nimble, Cond+1, GF, ImmU, Immune Strain]",Man-at-Arms,War Hammer,,Full Plate,Javelin,True,50,"Cond Field,Drilled,GF Armor,Immune Strain,Immune Unwieldy,Nimble",Random,81962,23345,8073,920,114300,0.7171,0.2042,0.9920,0.7783,14.98,5.59,9.39,1200,60000,1366.03,9,16,Animal Husbandry|Armory|Carpentry|Coliseum|Fletchery|Forge|Gilded Foundry|Royal Pavilion|Tannery|Tiltyard
"MaA/WarHammer+Crossbow/FullPlate (TY) [Drilled, Nimble, Cond+1, GF, ImmU, Immune Strain]",Man-at-Arms,War Hammer,,Full Plate,Crossbow,True,50,"Cond Field,Drilled,GF Armor,Immune Strain,Immune Unwieldy,Nimble",Random,81931,23216,8264,889,114300,0.7168,0.2031,0.9922,0.7792,15.04,5.56,9.48,1200,60000,1365.52,9,16,Animal Husbandry|Armory|Carpentry|Coliseum|Fletchery|Forge|Gilded Foundry|Royal Pavilion|Tannery|Tiltyard
"MaA/Bastard+Longbow/Tower/FullPlate (TY) [Drilled, Nimble, Cond+1, GF, ImmU, Immune Strain]",Man-at-Arms,Bastard Sword,Tower Shield,Full Plate,Longbow,True,50,"Cond Field,Drilled,GF Armor,Immune Strain,Immune Unwieldy,Nimble",Random,106159,5436,1798,907,114300,0.9288,0.0476,0.9921,0.9513,25.63,1.39,24.24,1000,50000,2123.18,10,16,Animal Husbandry|Armory|Carpentry|Coliseum|Fletchery|Forge|Gilded Foundry|Joinery|Royal Pavilion|Tannery|Tiltyard
"MaA/Bastard+Javelin/Tower/FullPlate (TY) [Drilled, Nimble, Cond+1, GF, ImmU, Immune Strain]",Man-at-Arms,Bastard Sword,Tower Shield,Full Plate,Javelin,True,50,"Cond Field,Drilled,GF Armor,Immune Strain,Immune Unwieldy,Nimble",Random,105235,6009,2167,889,114300,0.9207,0.0526,0.9922,0.9460,25.06,1.56,23.49,1000,50000,2104.70,10,16,Animal Husbandry|Armory|Carpentry|Coliseum|Fletchery|Forge|Gilded Foundry|Joinery|Royal Pavilion|Tannery|Tiltyard
"MaA/Bastard+Crossbow/Tower/FullPlate (TY) [Drilled, Nimble, Cond+1, GF, ImmU, Immune Strain]",Man-at-Arms,Bastard Sword,Tower Shield,Full Plate,Crossbow,True,50,"Cond Field,Drilled,GF Armor,Immune Strain,Immune Unwieldy,Nimble",Random,105184,5984,2221,911,114300,0.9202,0.0524,0.9920,0.9462,24.94,1.63,23.31,1000,50000,2103.68,10,16,Animal Husbandry|Armory|Carpentry|Coliseum|Fletchery|Forge|Gilded Foundry|Joinery|Royal Pavilion|Tannery|Tiltyard
"MaA/Lance+Crossbow/FullPlate (TY) [Drilled, Nimble, Cond+1, GF, ImmU, Immune Strain]",Man-at-Arms,Lance,,Full Plate,Crossbow,True,50,"Cond Field,Drilled,GF Armor,Immune Strain,Immune Unwieldy,Nimble",Random,88408,18571,6409,912,114300,0.7735,0.1625,0.9920,0.8264,17.34,4.02,13.32,1200,60000,1473.47,9,16,Animal Husbandry|Armory|Carpentry|Coliseum|Fletchery|Forge|Gilded Foundry|Royal Pavilion|Stable|Tannery|Tiltyard
"MaA/Lance3+Crossbow/FullPlate (TY) [Drilled, Nimble, Cond+1, GF, ImmU, Immune Strain]",Man-at-Arms,Lance3,,Full Plate,Crossbow,True,50,"Cond Field,Drilled,GF Armor,Immune Strain,Immune Unwieldy,Nimble",Random,88379,18623,6377,921,114300,0.7732,0.1629,0.9919,0.8260,17.35,4.06,13.29,1200,60000,1472.98,9,16,Animal Husbandry|Armory|Carpentry|Coliseum|Fletchery|Forge|Gilded Foundry|Royal Pavilion|Stable|Tannery|Tiltyard
"MaA/Cavalry Spear+Crossbow/FullPlate (TY) [Drilled, Nimble, Cond+1, GF, ImmU, Immune Strain]",Man-at-Arms,Cavalry Spear,,Full Plate,Crossbow,True,50,"Cond Field,Drilled,GF Armor,Immune Strain,Immune Unwieldy,Nimble",Random,81589,23388,8392,931,114300,0.7138,0.2046,0.9919,0.7772,15.26,5.64,9.62,1200,60000,1359.82,9,16,Animal Husbandry|Armory|Carpentry|Coliseum|Fletchery|Forge|Gilded Foundry|Royal Pavilion|Stable|Tannery|Tiltyard
"MaA/2HBastard/FullPlate [GF, Outr:once, Cond+1]",Man-at-Arms,2HBastard,,Full Plate,,False,50,"Cond Field,GF Armor,Outrider: once",Random,41230,24729,26524,1567,94050,0.4384,0.2629,0.9833,0.6251,10.07,7.63,2.44,1400,70000,589.00,7,19,Animal Husbandry|Armory|Caravanery|Cipher Chamber|Coliseum|Forge|Gilded Foundry|Outrider Intercept Post|Tannery
"MaA/WarHammer/FullPlate [GF, Outr:once, Cond+1]",Man-at-Arms,War Hammer,,Full Plate,,False,50,"Cond Field,GF Armor,Outrider: once",Random,28248,31944,32335,1523,94050,0.3004,0.3396,0.9838,0.4693,6.68,12.23,-5.55,1400,70000,403.54,7,19,Animal Husbandry|Armory|Caravanery|Cipher Chamber|Coliseum|Forge|Gilded Foundry|Outrider Intercept Post|Tannery
"MaA/Bastard/Tower/FullPlate [GF, Outr:once, Cond+1]",Man-at-Arms,Bastard Sword,Tower Shield,Full Plate,,False,50,"Cond Field,GF Armor,Outrider: once",Random,39051,12072,41336,1591,94050,0.4152,0.1284,0.9831,0.7639,11.59,5.84,5.75,1200,60000,650.85,9,19,Animal Husbandry|Armory|Caravanery|Carpentry|Cipher Chamber|Coliseum|Forge|Gilded Foundry|Joinery|Outrider Intercept Post|Tannery
"MaA/Longbow/FullPlate [GF, Outr:once, Cond+1]",Man-at-Arms,,,Full Plate,Longbow,False,50,"Cond Field,GF Armor,Outrider: once",Random,66375,10877,15279,1519,94050,0.7057,0.1157,0.9838,0.8592,19.10,3.23,15.87,1200,60000,1106.25,9,19,Animal Husbandry|Armory|Caravanery|Carpentry|Cipher Chamber|Coliseum|Fletchery|Forge|Gilded Foundry|Outrider Intercept Post|Tannery
"MaA/Crossbow/FullPlate [GF, Outr:once, Cond+1]",Man-at-Arms,,,Full Plate,Crossbow,False,50,"Cond Field,GF Armor,Outrider: once",Random,28301,32058,32157,1534,94050,0.3009,0.3409,0.9837,0.4689,6.90,12.96,-6.06,1200,60000,471.68,9,19,Animal Husbandry|Armory|Caravanery|Carpentry|Cipher Chamber|Coliseum|Fletchery|Forge|Gilded Foundry|Outrider Intercept Post|Tannery
"MaA/Crossbow/Tower/FullPlate [GF, Outr:once, Cond+1]",Man-at-Arms,,Tower Shield,Full Plate,Crossbow,False,50,"Cond Field,GF Armor,Outrider: once",Random,38920,12115,41365,1650,94050,0.4138,0.1288,0.9825,0.7626,11.57,6.23,5.34,1000,50000,778.40,10,19,Animal Husbandry|Armory|Caravanery|Carpentry|Cipher Chamber|Coliseum|Fletchery|Forge|Gilded Foundry|Joinery|Outrider Intercept Post|Tannery
"MaA/2HBastard+Longbow/FullPlate (TY) [ImmU, GF, Outr:once, Cond+1]",Man-at-Arms,2HBastard,,Full Plate,Longbow,True,50,"Cond Field,GF Armor,Immune Unwieldy,Outrider: once",Random,45877,21261,25321,1591,94050,0.4878,0.2261,0.9831,0.6833,11.48,6.21,5.28,1200,60000,764.62,10,22,Animal Husbandry|Armory|Caravanery|Carpentry|Cipher Chamber|Coliseum|Fletchery|Forge|Gilded Foundry|Outrider Intercept Post|Tannery|Tiltyard
"MaA/2HBastard+Javelin/FullPlate (TY) [ImmU, GF, Outr:once, Cond+1]",Man-at-Arms,2HBastard,,Full Plate,Javelin,True,50,"Cond Field,GF Armor,Immune Unwieldy,Outrider: once",Random,42054,23834,26556,1606,94050,0.4471,0.2534,0.9829,0.6383,10.16,7.12,3.04,1200,60000,700.90,10,22,Animal Husbandry|Armory|Caravanery|Carpentry|Cipher Chamber|Coliseum|Fletchery|Forge|Gilded Foundry|Outrider Intercept Post|Tannery|Tiltyard
"MaA/2HBastard+Crossbow/FullPlate (TY) [ImmU, GF, Outr:once, Cond+1]",Man-at-Arms,2HBastard,,Full Plate,Crossbow,True,50,"Cond Field,GF Armor,Immune Unwieldy,Outrider: once",Random,40301,24862,27243,1644,94050,0.4285,0.2643,0.9825,0.6185,9.70,7.59,2.11,1200,60000,671.68,10,22,Animal Husbandry|Armory|Caravanery|Carpentry|Cipher Chamber|Coliseum|Fletchery|Forge|Gilded Foundry|Outrider Intercept Post|Tannery|Tiltyard
"MaA/Morningstar+Crossbow/FullPlate (TY) [ImmU, GF, Outr:once, Cond+1]",Man-at-Arms,Morningstar,,Full Plate,Crossbow,True,50,"Cond Field,GF Armor,Immune Unwieldy,Outrider: once",Random,37067,27132,28287,1564,94050,0.3941,0.2885,0.9834,0.5774,8.75,8.48,0.27,1200,60000,617.78,10,22,Animal Husbandry|Armory|Caravanery|Carpentry|Cipher Chamber|Coliseum|Fletchery|Forge|Gilded Foundry|Outrider Intercept Post|Tannery|Tiltyard
"MaA/WarHammer+Longbow/FullPlate (TY) [ImmU, GF, Outr:once, Cond+1]",Man-at-Arms,War Hammer,,Full Plate,Longbow,True,50,"Cond Field,GF Armor,Immune Unwieldy,Outrider: once",Random,35606,26377,30542,1525,94050,0.3786,0.2805,0.9838,0.5744,8.38,7.32,1.07,1200,60000,593.43,10,22,Animal Husbandry|Armory|Caravanery|Carpentry|Cipher Chamber|Coliseum|Fletchery|Forge|Gilded Foundry|Outrider Intercept Post|Tannery|Tiltyard
"MaA/WarHammer+Javelin/FullPlate (TY) [ImmU, GF, Outr:once, Cond+1]",Man-at-Arms,War Hammer,,Full Plate,Javelin,True,50,"Cond Field,GF Armor,Immune Unwieldy,Outrider: once",Random,32743,28495,31254,1558,94050,0.3481,0.3030,0.9834,0.5347,7.74,8.41,-0.67,1200,60000,545.72,10,22,Animal Husbandry|Armory|Caravanery|Carpentry|Cipher Chamber|Coliseum|Fletchery|Forge|Gilded Foundry|Outrider Intercept Post|Tannery|Tiltyard
"MaA/WarHammer+Crossbow/FullPlate (TY) [ImmU, GF, Outr:once, Cond+1]",Man-at-Arms,War Hammer,,Full Plate,Crossbow,True,50,"Cond Field,GF Armor,Immune Unwieldy,Outrider: once",Random,31972,29358,31152,1568,94050,0.3399,0.3122,0.9833,0.5213,7.58,9.01,-1.44,1200,60000,532.87,10,22,Animal Husbandry|Armory|Caravanery|Carpentry|Cipher Chamber|Coliseum|Fletchery|Forge|Gilded Foundry|Outrider Intercept Post|Tannery|Tiltyard
"MaA/Lance+Crossbow/FullPlate (TY) [ImmU, GF, Outr:once, Cond+1]",Man-at-Arms,Lance,,Full Plate,Crossbow,True,50,"Cond Field,GF Armor,Immune Unwieldy,Outrider: once",Random,43236,22752,26476,1586,94050,0.4597,0.2419,0.9831,0.6552,10.09,6.18,3.91,1200,60000,720.60,10,22,Animal Husbandry|Armory|Caravanery|Carpentry|Cipher Chamber|Coliseum|Fletchery|Forge|Gilded Foundry|Outrider Intercept Post|Stable|Tannery|Tiltyard
"MaA/Lance3+Crossbow/FullPlate (TY) [ImmU, GF, Outr:once, Cond+1]",Man-at-Arms,Lance3,,Full Plate,Crossbow,True,50,"Cond Field,GF Armor,Immune Unwieldy,Outrider: once",Random,43236,22737,26483,1594,94050,0.4597,0.2418,0.9831,0.6554,10.08,6.16,3.92,1200,60000,720.60,10,22,Animal Husbandry|Armory|Caravanery|Carpentry|Cipher Chamber|Coliseum|Fletchery|Forge|Gilded Foundry|Outrider Intercept Post|Stable|Tannery|Tiltyard
"MaA/Cavalry Spear+Crossbow/FullPlate (TY) [ImmU, GF, Outr:once, Cond+1]",Man-at-Arms,Cavalry Spear,,Full Plate,Crossbow,True,50,"Cond Field,GF Armor,Immune Unwieldy,Outrider: once",Random,34682,27561,30201,1606,94050,0.3688,0.2930,0.9829,0.5572,8.29,8.35,-0.05,1200,60000,578.03,10,22,Animal Husbandry|Armory|Caravanery|Carpentry|Cipher Chamber|Coliseum|Fletchery|Forge|Gilded Foundry|Outrider Intercept Post|Stable|Tannery|Tiltyard
"MaA/2HBastard/FullPlate [GF, Outr:every, Cond+1]",Man-at-Arms,2HBastard,,Full Plate,,False,50,"Cond Field,GF Armor,Outrider: every",Random,47111,16390,22197,8352,94050,0.5009,0.1743,0.9112,0.7419,14.56,7.32,7.24,1400,70000,673.01,9,19,Animal Husbandry|Armory|Caravanery|Cipher Chamber|Coliseum|Forge|Gilded Foundry|Outrider Intercept Post|Outrider Mastery|Tannery
"MaA/WarHammer/FullPlate [GF, Outr:every, Cond+1]",Man-at-Arms,War Hammer,,Full Plate,,False,50,"Cond Field,GF Armor,Outrider: every",Random,29014,24574,31444,9018,94050,0.3085,0.2613,0.9041,0.5414,9.00,12.24,-3.25,1400,70000,414.49,9,19,Animal Husbandry|Armory|Caravanery|Cipher Chamber|Coliseum|Forge|Gilded Foundry|Outrider Intercept Post|Outrider Mastery|Tannery
"MaA/2HBastard/FullPlate [GF, Rend, Cond+1]",Man-at-Arms,2HBastard,,Full Plate,,False,50,"Cond Field,GF Armor,Rend",Random,58779,30077,29702,892,119450,0.4921,0.2518,0.9925,0.6615,11.33,6.55,4.78,1200,60000,979.65,5,9,Animal Husbandry|Armory|Coliseum|Forge|Gilded Foundry|MWRend|Tannery
"MaA/WarHammer/FullPlate [GF, Rend, Cond+1]",Man-at-Arms,War Hammer,,Full Plate,,False,50,"Cond Field,GF Armor,Rend",Random,44484,37567,36519,880,119450,0.3724,0.3145,0.9926,0.5422,8.28,11.13,-2.85,1200,60000,741.40,5,9,Animal Husbandry|Armory|Coliseum|Forge|Gilded Foundry|MWRend|Tannery
"MaA/Bastard/Tower/FullPlate [GF, Rend, Cond+1]",Man-at-Arms,Bastard Sword,Tower Shield,Full Plate,,False,50,"Cond Field,GF Armor,Rend",Random,57234,13418,47871,927,119450,0.4791,0.1123,0.9922,0.8101,13.77,4.74,9.03,1000,50000,1144.68,7,9,Animal Husbandry|Armory|Carpentry|Coliseum|Forge|Gilded Foundry|Joinery|MWRend|Tannery
"MaA/Longbow/FullPlate [GF, Rend, Cond+1]",Man-at-Arms,,,Full Plate,Longbow,False,50,"Cond Field,GF Armor,Rend",Random,90775,11487,16341,847,119450,0.7599,0.0962,0.9929,0.8877,19.77,1.85,17.92,1000,50000,1815.50,7,9,Animal Husbandry|Armory|Carpentry|Coliseum|Fletchery|Forge|Gilded Foundry|MWRend|Tannery
"MaA/Crossbow/FullPlate [GF, Rend, Cond+1]",Man-at-Arms,,,Full Plate,Crossbow,False,50,"Cond Field,GF Armor,Rend",Random,44783,37430,36331,906,119450,0.3749,0.3134,0.9924,0.5447,8.46,11.69,-3.23,1000,50000,895.66,7,9,Animal Husbandry|Armory|Carpentry|Coliseum|Fletchery|Forge|Gilded Foundry|MWRend|Tannery
"MaA/Crossbow/Tower/FullPlate [GF, Rend, Cond+1]",Man-at-Arms,,Tower Shield,Full Plate,Crossbow,False,50,"Cond Field,GF Armor,Rend",Random,57219,13331,48014,886,119450,0.4790,0.1116,0.9926,0.8110,13.74,4.96,8.78,800,40000,1430.47,8,9,Animal Husbandry|Armory|Carpentry|Coliseum|Fletchery|Forge|Gilded Foundry|Joinery|MWRend|Tannery
"MaA/2HBastard+Longbow/FullPlate (TY) [ImmU, GF, Rend, Cond+1]",Man-at-Arms,2HBastard,,Full Plate,Longbow,True,50,"Cond Field,GF Armor,Immune Unwieldy,Rend",Random,63762,26118,28692,878,119450,0.5338,0.2187,0.9926,0.7094,12.47,5.13,7.34,1000,50000,1275.24,8,12,Animal Husbandry|Armory|Carpentry|Coliseum|Fletchery|Forge|Gilded Foundry|MWRend|Tannery|Tiltyard
"MaA/2HBastard+Javelin/FullPlate (TY) [ImmU, GF, Rend, Cond+1]",Man-at-Arms,2HBastard,,Full Plate,Javelin,True,50,"Cond Field,GF Armor,Immune Unwieldy,Rend",Random,59314,28962,30237,937,119450,0.4966,0.2425,0.9922,0.6719,11.31,6.02,5.29,1000,50000,1186.28,8,12,Animal Husbandry|Armory|Carpentry|Coliseum|Fletchery|Forge|Gilded Foundry|MWRend|Tannery|Tiltyard
"MaA/2HBastard+Crossbow/FullPlate (TY) [ImmU, GF, Rend, Cond+1]",Man-at-Arms,2HBastard,,Full Plate,Crossbow,True,50,"Cond Field,GF Armor,Immune Unwieldy,Rend",Random,55723,30864,31939,924,119450,0.4665,0.2584,0.9923,0.6435,10.51,6.94,3.57,1000,50000,1114.46,8,12,Animal Husbandry|Armory|Carpentry|Coliseum|Fletchery|Forge|Gilded Foundry|MWRend|Tannery|Tiltyard
"MaA/Morningstar+Crossbow/FullPlate (TY) [ImmU, GF, Rend, Cond+1]",Man-at-Arms,Morningstar,,Full Plate,Crossbow,True,50,"Cond Field,GF Armor,Immune Unwieldy,Rend",Random,52227,33343,32959,921,119450,0.4372,0.2791,0.9923,0.6103,9.76,7.91,1.85,1000,50000,1044.54,8,12,Animal Husbandry|Armory|Carpentry|Coliseum|Fletchery|Forge|Gilded Foundry|MWRend|Tannery|Tiltyard
"MaA/WarHammer+Longbow/FullPlate (TY) [ImmU, GF, Rend, Cond+1]",Man-at-Arms,War Hammer,,Full Plate,Longbow,True,50,"Cond Field,GF Armor,Immune Unwieldy,Rend",Random,51297,32186,35069,898,119450,0.4294,0.2695,0.9925,0.6145,9.55,6.44,3.10,1000,50000,1025.94,8,12,Animal Husbandry|Armory|Carpentry|Coliseum|Fletchery|Forge|Gilded Foundry|MWRend|Tannery|Tiltyard
"MaA/WarHammer+Javelin/FullPlate (TY) [ImmU, GF, Rend, Cond+1]",Man-at-Arms,War Hammer,,Full Plate,Javelin,True,50,"Cond Field,GF Armor,Immune Unwieldy,Rend",Random,48327,34694,35462,967,119450,0.4046,0.2904,0.9919,0.5821,9.00,7.55,1.45,1000,50000,966.54,8,12,Animal Husbandry|Armory|Carpentry|Coliseum|Fletchery|Forge|Gilded Foundry|MWRend|Tannery|Tiltyard
"MaA/WarHammer+Crossbow/FullPlate (TY) [ImmU, GF, Rend, Cond+1]",Man-at-Arms,War Hammer,,Full Plate,Crossbow,True,50,"Cond Field,GF Armor,Immune Unwieldy,Rend",Random,47092,35383,36057,918,119450,0.3942,0.2962,0.9923,0.5710,8.81,8.51,0.31,1000,50000,941.84,8,12,Animal Husbandry|Armory|Carpentry|Coliseum|Fletchery|Forge|Gilded Foundry|MWRend|Tannery|Tiltyard
"MaA/Bastard+Longbow/Tower/FullPlate (TY) [ImmU, GF, Rend, Cond+1]",Man-at-Arms,Bastard Sword,Tower Shield,Full Plate,Longbow,True,50,"Cond Field,GF Armor,Immune Unwieldy,Rend",Random,57772,12995,47823,860,119450,0.4837,0.1088,0.9928,0.8164,13.82,3.14,10.68,800,40000,1444.30,9,12,Animal Husbandry|Armory|Carpentry|Coliseum|Fletchery|Forge|Gilded Foundry|Joinery|MWRend|Tannery|Tiltyard
"MaA/Bastard+Javelin/Tower/FullPlate (TY) [ImmU, GF, Rend, Cond+1]",Man-at-Arms,Bastard Sword,Tower Shield,Full Plate,Javelin,True,50,"Cond Field,GF Armor,Immune Unwieldy,Rend",Random,57479,13207,47871,893,119450,0.4812,0.1106,0.9925,0.8132,13.75,3.46,10.28,800,40000,1436.97,9,12,Animal Husbandry|Armory|Carpentry|Coliseum|Fletchery|Forge|Gilded Foundry|Joinery|MWRend|Tannery|Tiltyard
"MaA/Bastard+Crossbow/Tower/FullPlate (TY) [ImmU, GF, Rend, Cond+1]",Man-at-Arms,Bastard Sword,Tower Shield,Full Plate,Crossbow,True,50,"Cond Field,GF Armor,Immune Unwieldy,Rend",Random,57234,13210,48078,928,119450,0.4791,0.1106,0.9922,0.8125,13.79,4.01,9.77,800,40000,1430.85,9,12,Animal Husbandry|Armory|Carpentry|Coliseum|Fletchery|Forge|Gilded Foundry|Joinery|MWRend|Tannery|Tiltyard
"MaA/Lance+Crossbow/FullPlate (TY) [ImmU, GF, Rend, Cond+1]",Man-at-Arms,Lance,,Full Plate,Crossbow,True,50,"Cond Field,GF Armor,Immune Unwieldy,Rend",Random,57350,29160,32062,878,119450,0.4801,0.2441,0.9926,0.6629,10.66,5.46,5.19,1000,50000,1147.00,8,12,Animal Husbandry|Armory|Carpentry|Coliseum|Fletchery|Forge|Gilded Foundry|MWRend|Stable|Tannery|Tiltyard
"MaA/Lance3+Crossbow/FullPlate (TY) [ImmU, GF, Rend, Cond+1]",Man-at-Arms,Lance3,,Full Plate,Crossbow,True,50,"Cond Field,GF Armor,Immune Unwieldy,Rend",Random,57428,29080,32084,858,119450,0.4808,0.2434,0.9928,0.6638,10.64,5.47,5.17,1000,50000,1148.56,8,12,Animal Husbandry|Armory|Carpentry|Coliseum|Fletchery|Forge|Gilded Foundry|MWRend|Stable|Tannery|Tiltyard
"MaA/Cavalry Spear+Crossbow/FullPlate (TY) [ImmU, GF, Rend, Cond+1]",Man-at-Arms,Cavalry Spear,,Full Plate,Crossbow,True,50,"Cond Field,GF Armor,Immune Unwieldy,Rend",Random,49740,33698,35066,946,119450,0.4164,0.2821,0.9921,0.5961,9.49,7.63,1.87,1000,50000,994.80,8,12,Animal Husbandry|Armory|Carpentry|Coliseum|Fletchery|Forge|Gilded Foundry|MWRend|Stable|Tannery|Tiltyard
"MaA/2HBastard+Longbow/FullPlate (TY) [Drilled, Cond+1, Nimble, GF, Rend, ImmU, Immune Strain]",Man-at-Arms,2HBastard,,Full Plate,Longbow,True,50,"Cond Field,Drilled,GF Armor,Immune Strain,Immune Unwieldy,Nimble,Rend",Random,94226,14628,4608,838,114300,0.8244,0.1280,0.9927,0.8656,20.35,2.92,17.43,1000,50000,1884.52,10,16,Animal Husbandry|Armory|Carpentry|Coliseum|Fletchery|Forge|Gilded Foundry|MWRend|Royal Pavilion|Tannery|Tiltyard
"MaA/2HBastard+Javelin/FullPlate (TY) [Drilled, Cond+1, Nimble, GF, Rend, ImmU, Immune Strain]",Man-at-Arms,2HBastard,,Full Plate,Javelin,True,50,"Cond Field,Drilled,GF Armor,Immune Strain,Immune Unwieldy,Nimble,Rend",Random,90997,17175,5248,880,114300,0.7961,0.1503,0.9923,0.8412,18.96,3.54,15.43,1000,50000,1819.94,10,16,Animal Husbandry|Armory|Carpentry|Coliseum|Fletchery|Forge|Gilded Foundry|MWRend|Royal Pavilion|Tannery|Tiltyard
"MaA/2HBastard+Crossbow/FullPlate (TY) [Drilled, Cond+1, Nimble, GF, Rend, ImmU, Immune Strain]",Man-at-Arms,2HBastard,,Full Plate,Crossbow,True,50,"Cond Field,Drilled,GF Armor,Immune Strain,Immune Unwieldy,Nimble,Rend",Random,91034,17277,5172,817,114300,0.7964,0.1512,0.9929,0.8405,18.95,3.54,15.41,1000,50000,1820.68,10,16,Animal Husbandry|Armory|Carpentry|Coliseum|Fletchery|Forge|Gilded Foundry|MWRend|Royal Pavilion|Tannery|Tiltyard
"MaA/Morningstar+Crossbow/FullPlate (TY) [Drilled, Cond+1, Nimble, GF, Rend, ImmU, Immune Strain]",Man-at-Arms,Morningstar,,Full Plate,Crossbow,True,50,"Cond Field,Drilled,GF Armor,Immune Strain,Immune Unwieldy,Nimble,Rend",Random,84625,21504,7285,886,114300,0.7404,0.1881,0.9922,0.7974,16.24,4.95,11.29,1000,50000,1692.50,10,16,Animal Husbandry|Armory|Carpentry|Coliseum|Fletchery|Forge|Gilded Foundry|MWRend|Royal Pavilion|Tannery|Tiltyard
"MaA/WarHammer+Longbow/FullPlate (TY) [Drilled, Cond+1, Nimble, GF, Rend, ImmU, Immune Strain]",Man-at-Arms,War Hammer,,Full Plate,Longbow,True,50,"Cond Field,Drilled,GF Armor,Immune Strain,Immune Unwieldy,Nimble,Rend",Random,85569,20768,7041,922,114300,0.7486,0.1817,0.9919,0.8047,16.07,4.43,11.64,1000,50000,1711.38,10,16,Animal Husbandry|Armory|Carpentry|Coliseum|Fletchery|Forge|Gilded Foundry|MWRend|Royal Pavilion|Tannery|Tiltyard
"MaA/WarHammer+Javelin/FullPlate (TY) [Drilled, Cond+1, Nimble, GF, Rend, ImmU, Immune Strain]",Man-at-Arms,War Hammer,,Full Plate,Javelin,True,50,"Cond Field,Drilled,GF Armor,Immune Strain,Immune Unwieldy,Nimble,Rend",Random,82357,23035,7995,913,114300,0.7205,0.2015,0.9920,0.7814,15.05,5.24,9.81,1000,50000,1647.14,10,16,Animal Husbandry|Armory|Carpentry|Coliseum|Fletchery|Forge|Gilded Foundry|MWRend|Royal Pavilion|Tannery|Tiltyard
"MaA/WarHammer+Crossbow/FullPlate (TY) [Drilled, Cond+1, Nimble, GF, Rend, ImmU, Immune Strain]",Man-at-Arms,War Hammer,,Full Plate,Crossbow,True,50,"Cond Field,Drilled,GF Armor,Immune Strain,Immune Unwieldy,Nimble,Rend",Random,82038,23500,7916,846,114300,0.7177,0.2056,0.9926,0.7773,15.08,5.33,9.75,1000,50000,1640.76,10,16,Animal Husbandry|Armory|Carpentry|Coliseum|Fletchery|Forge|Gilded Foundry|MWRend|Royal Pavilion|Tannery|Tiltyard
"MaA/Lance+Crossbow/FullPlate (TY) [Drilled, Cond+1, Nimble, GF, Rend, ImmU, Immune Strain]",Man-at-Arms,Lance,,Full Plate,Crossbow,True,50,"Cond Field,Drilled,GF Armor,Immune Strain,Immune Unwieldy,Nimble,Rend",Random,89266,18269,5870,895,114300,0.7810,0.1598,0.9922,0.8301,17.53,3.61,13.92,1000,50000,1785.32,10,16,Animal Husbandry|Armory|Carpentry|Coliseum|Fletchery|Forge|Gilded Foundry|MWRend|Royal Pavilion|Stable|Tannery|Tiltyard
"MaA/Lance3+Crossbow/FullPlate (TY) [Drilled, Cond+1, Nimble, GF, Rend, ImmU, Immune Strain]",Man-at-Arms,Lance3,,Full Plate,Crossbow,True,50,"Cond Field,Drilled,GF Armor,Immune Strain,Immune Unwieldy,Nimble,Rend",Random,89370,18289,5805,836,114300,0.7819,0.1600,0.9927,0.8301,17.58,3.58,13.99,1000,50000,1787.40,10,16,Animal Husbandry|Armory|Carpentry|Coliseum|Fletchery|Forge|Gilded Foundry|MWRend|Royal Pavilion|Stable|Tannery|Tiltyard
"MaA/Cavalry Spear+Crossbow/FullPlate (TY) [Drilled, Cond+1, Nimble, GF, Rend, ImmU, Immune Strain]",Man-at-Arms,Cavalry Spear,,Full Plate,Crossbow,True,50,"Cond Field,Drilled,GF Armor,Immune Strain,Immune Unwieldy,Nimble,Rend",Random,82179,23023,8177,921,114300,0.7190,0.2014,0.9919,0.7812,15.35,5.27,10.09,1000,50000,1643.58,10,16,Animal Husbandry|Armory|Carpentry|Coliseum|Fletchery|Forge|Gilded Foundry|MWRend|Royal Pavilion|Stable|Tannery|Tiltyard
"MaA/2HBastard/FullPlate [GF, Outr:once, Rend, Cond+1]",Man-at-Arms,2HBastard,,Full Plate,,False,50,"Cond Field,GF Armor,Outrider: once,Rend",Random,41732,24490,26263,1565,94050,0.4437,0.2604,0.9834,0.6302,10.17,7.16,3.01,1200,60000,695.53,8,19,Animal Husbandry|Armory|Caravanery|Cipher Chamber|Coliseum|Forge|Gilded Foundry|MWRend|Outrider Intercept Post|Tannery
"MaA/WarHammer/FullPlate [GF, Outr:once, Rend, Cond+1]",Man-at-Arms,War Hammer,,Full Plate,,False,50,"Cond Field,GF Armor,Outrider: once,Rend",Random,28297,32096,32104,1553,94050,0.3009,0.3413,0.9835,0.4685,6.70,12.08,-5.38,1200,60000,471.62,8,19,Animal Husbandry|Armory|Caravanery|Cipher Chamber|Coliseum|Forge|Gilded Foundry|MWRend|Outrider Intercept Post|Tannery
"MaA/Bastard/Tower/FullPlate [GF, Outr:once, Rend, Cond+1]",Man-at-Arms,Bastard Sword,Tower Shield,Full Plate,,False,50,"Cond Field,GF Armor,Outrider: once,Rend",Random,39079,12131,41289,1551,94050,0.4155,0.1290,0.9835,0.7631,11.56,5.82,5.75,1000,50000,781.58,10,19,Animal Husbandry|Armory|Caravanery|Carpentry|Cipher Chamber|Coliseum|Forge|Gilded Foundry|Joinery|MWRend|Outrider Intercept Post|Tannery
"MaA/Longbow/FullPlate [GF, Outr:once, Rend, Cond+1]",Man-at-Arms,,,Full Plate,Longbow,False,50,"Cond Field,GF Armor,Outrider: once,Rend",Random,69388,8969,14047,1646,94050,0.7378,0.0954,0.9825,0.8855,19.74,2.44,17.30,1000,50000,1387.76,10,19,Animal Husbandry|Armory|Caravanery|Carpentry|Cipher Chamber|Coliseum|Fletchery|Forge|Gilded Foundry|MWRend|Outrider Intercept Post|Tannery
"MaA/Crossbow/FullPlate [GF, Outr:once, Rend, Cond+1]",Man-at-Arms,,,Full Plate,Crossbow,False,50,"Cond Field,GF Armor,Outrider: once,Rend",Random,28405,32176,31971,1498,94050,0.3020,0.3421,0.9841,0.4689,6.88,12.80,-5.93,1000,50000,568.10,10,19,Animal Husbandry|Armory|Caravanery|Carpentry|Cipher Chamber|Coliseum|Fletchery|Forge|Gilded Foundry|MWRend|Outrider Intercept Post|Tannery
"MaA/2HBastard/FullPlate [Cond+1, Outr:every, GF, Rend]",Man-at-Arms,2HBastard,,Full Plate,,False,50,"Cond Field,GF Armor,Outrider: every,Rend",Random,48040,16072,21432,8506,94050,0.5108,0.1709,0.9096,0.7493,14.87,6.89,7.98,1200,60000,800.67,10,19,Animal Husbandry|Armory|Caravanery|Cipher Chamber|Coliseum|Forge|Gilded Foundry|MWRend|Outrider Intercept Post|Outrider Mastery|Tannery
"MaA/WarHammer/FullPlate [Cond+1, Outr:every, GF, Rend]",Man-at-Arms,War Hammer,,Full Plate,,False,50,"Cond Field,GF Armor,Outrider: every,Rend",Random,29027,24513,31391,9119,94050,0.3086,0.2606,0.9030,0.5422,9.02,12.02,-3.00,1200,60000,483.78,10,19,Animal Husbandry|Armory|Caravanery|Cipher Chamber|Coliseum|Forge|Gilded Foundry|MWRend|Outrider Intercept Post|Outrider Mastery|Tannery
"MaA/2HBastard/Chain [Poison, Cond+1]",Man-at-Arms,2HBastard,,Chainmail,,False,50,"Cond Field,Poison",Random,64400,41494,12703,853,119450,0.5391,0.3474,0.9929,0.6082,12.10,8.51,3.59,1600,80000,805.00,6,12,Animal Husbandry|Armory|Coliseum|Forge|Tannery|Toxicarium
"MaA/WarHammer/Chain [Poison, Cond+1]",Man-at-Arms,War Hammer,,Chainmail,,False,50,"Cond Field,Poison",Random,42373,57870,18368,839,119450,0.3547,0.4845,0.9930,0.4227,7.01,14.01,-7.00,1600,80000,529.66,6,12,Animal Husbandry|Armory|Coliseum|Forge|Tannery|Toxicarium
"MaA/Crossbow/Chain [Poison, Cond+1]",Man-at-Arms,,,Chainmail,Crossbow,False,50,"Cond Field,Poison",Random,41261,58611,18660,918,119450,0.3454,0.4907,0.9923,0.4131,6.96,15.21,-8.25,1400,70000,589.44,8,12,Animal Husbandry|Armory|Carpentry|Coliseum|Fletchery|Forge|Tannery|Toxicarium
"MaA/2HBastard+Longbow/Chain (TY) [ImmU, Poison, Cond+1]",Man-at-Arms,2HBastard,,Chainmail,Longbow,True,50,"Cond Field,Immune Unwieldy,Poison",Random,69187,36919,12552,792,119450,0.5792,0.3091,0.9934,0.6521,13.20,7.29,5.91,1400,70000,988.39,9,15,Animal Husbandry|Armory|Carpentry|Coliseum|Fletchery|Forge|Tannery|Tiltyard|Toxicarium
"MaA/2HBastard+Javelin/Chain (TY) [ImmU, Poison, Cond+1]",Man-at-Arms,2HBastard,,Chainmail,Javelin,True,50,"Cond Field,Immune Unwieldy,Poison",Random,64017,41381,13188,864,119450,0.5359,0.3464,0.9928,0.6074,11.68,8.35,3.33,1400,70000,914.53,9,15,Animal Husbandry|Armory|Carpentry|Coliseum|Fletchery|Forge|Tannery|Tiltyard|Toxicarium
"MaA/2HBastard+Crossbow/Chain (TY) [ImmU, Poison, Cond+1]",Man-at-Arms,2HBastard,,Chainmail,Crossbow,True,50,"Cond Field,Immune Unwieldy,Poison",Random,60462,44405,13771,812,119450,0.5062,0.3717,0.9932,0.5766,10.97,9.33,1.65,1400,70000,863.74,9,15,Animal Husbandry|Armory|Carpentry|Coliseum|Fletchery|Forge|Tannery|Tiltyard|Toxicarium
"MaA/Morningstar+Crossbow/Chain (TY) [ImmU, Poison, Cond+1]",Man-at-Arms,Morningstar,,Chainmail,Crossbow,True,50,"Cond Field,Immune Unwieldy,Poison",Random,50010,52284,16270,886,119450,0.4187,0.4377,0.9926,0.4889,8.57,12.40,-3.83,1400,70000,714.43,9,15,Animal Husbandry|Armory|Carpentry|Coliseum|Fletchery|Forge|Tannery|Tiltyard|Toxicarium
"MaA/WarHammer+Longbow/Chain (TY) [ImmU, Poison, Cond+1]",Man-at-Arms,War Hammer,,Chainmail,Longbow,True,50,"Cond Field,Immune Unwieldy,Poison",Random,47614,52277,18695,864,119450,0.3986,0.4376,0.9928,0.4767,8.05,11.07,-3.02,1400,70000,680.20,9,15,Animal Husbandry|Armory|Carpentry|Coliseum|Fletchery|Forge|Tannery|Tiltyard|Toxicarium
"MaA/WarHammer+Javelin/Chain (TY) [ImmU, Poison, Cond+1]",Man-at-Arms,War Hammer,,Chainmail,Javelin,True,50,"Cond Field,Immune Unwieldy,Poison",Random,43863,55738,18961,888,119450,0.3672,0.4666,0.9926,0.4404,7.29,12.54,-5.25,1400,70000,626.61,9,15,Animal Husbandry|Armory|Carpentry|Coliseum|Fletchery|Forge|Tannery|Tiltyard|Toxicarium
"MaA/WarHammer+Crossbow/Chain (TY) [ImmU, Poison, Cond+1]",Man-at-Arms,War Hammer,,Chainmail,Crossbow,True,50,"Cond Field,Immune Unwieldy,Poison",Random,42707,57173,18737,833,119450,0.3575,0.4786,0.9930,0.4276,7.08,13.70,-6.62,1400,70000,610.10,9,15,Animal Husbandry|Armory|Carpentry|Coliseum|Fletchery|Forge|Tannery|Tiltyard|Toxicarium
"MaA/Lance/Scutum/Chain [Poison, Cond+1]",Man-at-Arms,Lance,Scutum Shield,Chainmail,,False,50,"Cond Field,Poison",Random,70144,19524,28918,864,119450,0.5872,0.1634,0.9928,0.7823,14.13,3.68,10.45,1400,70000,1002.06,8,12,Animal Husbandry|Armory|Carpentry|Coliseum|Forge|Joinery|Stable|Tannery|Toxicarium
"MaA/Lance3/Scutum/Chain [Poison, Cond+1]",Man-at-Arms,Lance3,Scutum Shield,Chainmail,,False,50,"Cond Field,Poison",Random,70173,19509,28910,858,119450,0.5875,0.1633,0.9928,0.7825,14.16,3.67,10.49,1400,70000,1002.47,8,12,Animal Husbandry|Armory|Carpentry|Coliseum|Forge|Joinery|Stable|Tannery|Toxicarium
"MaA/Cavalry Spear/Scutum/Chain [Poison, Cond+1]",Man-at-Arms,Cavalry Spear,Scutum Shield,Chainmail,,False,50,"Cond Field,Poison",Random,62674,22611,33307,858,119450,0.5247,0.1893,0.9928,0.7349,12.73,4.70,8.03,1400,70000,895.34,8,12,Animal Husbandry|Armory|Carpentry|Coliseum|Forge|Joinery|Stable|Tannery|Toxicarium
"MaA/Lance+Crossbow/Chain (TY) [ImmU, Poison, Cond+1]",Man-at-Arms,Lance,,Chainmail,Crossbow,True,50,"Cond Field,Immune Unwieldy,Poison",Random,52452,48754,17368,876,119450,0.4391,0.4082,0.9927,0.5183,9.03,10.13,-1.10,1400,70000,749.31,9,15,Animal Husbandry|Armory|Carpentry|Coliseum|Fletchery|Forge|Stable|Tannery|Tiltyard|Toxicarium
"MaA/Lance3+Crossbow/Chain (TY) [ImmU, Poison, Cond+1]",Man-at-Arms,Lance3,,Chainmail,Crossbow,True,50,"Cond Field,Immune Unwieldy,Poison",Random,52472,48623,17478,877,119450,0.4393,0.4071,0.9927,0.5190,9.02,10.11,-1.09,1400,70000,749.60,9,15,Animal Husbandry|Armory|Carpentry|Coliseum|Fletchery|Forge|Stable|Tannery|Tiltyard|Toxicarium
"MaA/Cavalry Spear+Crossbow/Chain (TY) [ImmU, Poison, Cond+1]",Man-at-Arms,Cavalry Spear,,Chainmail,Crossbow,True,50,"Cond Field,Immune Unwieldy,Poison",Random,46589,53766,18225,870,119450,0.3900,0.4501,0.9927,0.4642,8.04,12.29,-4.24,1400,70000,665.56,9,15,Animal Husbandry|Armory|Carpentry|Coliseum|Fletchery|Forge|Stable|Tannery|Tiltyard|Toxicarium
"MaA/Lance+Longbow/Scutum/Chain (TY) [ImmU, Poison, Cond+1]",Man-at-Arms,Lance,Scutum Shield,Chainmail,Longbow,True,50,"Cond Field,Immune Unwieldy,Poison",Random,77222,16122,25257,849,119450,0.6465,0.1350,0.9929,0.8273,16.12,3.01,13.11,1200,60000,1287.03,10,15,Animal Husbandry|Armory|Carpentry|Coliseum|Fletchery|Forge|Joinery|Stable|Tannery|Tiltyard|Toxicarium
"MaA/Lance3+Longbow/Scutum/Chain (TY) [ImmU, Poison, Cond+1]",Man-at-Arms,Lance3,Scutum Shield,Chainmail,Longbow,True,50,"Cond Field,Immune Unwieldy,Poison",Random,77073,15968,25497,912,119450,0.6452,0.1337,0.9924,0.8284,16.07,3.00,13.06,1200,60000,1284.55,10,15,Animal Husbandry|Armory|Carpentry|Coliseum|Fletchery|Forge|Joinery|Stable|Tannery|Tiltyard|Toxicarium
"MaA/Cavalry Spear+Longbow/Scutum/Chain (TY) [ImmU, Poison, Cond+1]",Man-at-Arms,Cavalry Spear,Scutum Shield,Chainmail,Longbow,True,50,"Cond Field,Immune Unwieldy,Poison",Random,69257,18924,30377,892,119450,0.5798,0.1584,0.9925,0.7854,14.39,3.68,10.71,1200,60000,1154.28,10,15,Animal Husbandry|Armory|Carpentry|Coliseum|Fletchery|Forge|Joinery|Stable|Tannery|Tiltyard|Toxicarium
"MaA/Lance+Javelin/Scutum/Chain (TY) [ImmU, Poison, Cond+1]",Man-at-Arms,Lance,Scutum Shield,Chainmail,Javelin,True,50,"Cond Field,Immune Unwieldy,Poison",Random,71548,18752,28287,863,119450,0.5990,0.1570,0.9928,0.7923,14.36,3.50,10.86,1200,60000,1192.47,10,15,Animal Husbandry|Armory|Carpentry|Coliseum|Fletchery|Forge|Joinery|Stable|Tannery|Tiltyard|Toxicarium
"MaA/Lance3+Javelin/Scutum/Chain (TY) [ImmU, Poison, Cond+1]",Man-at-Arms,Lance3,Scutum Shield,Chainmail,Javelin,True,50,"Cond Field,Immune Unwieldy,Poison",Random,71399,19008,28187,856,119450,0.5977,0.1591,0.9928,0.7898,14.33,3.54,10.79,1200,60000,1189.98,10,15,Animal Husbandry|Armory|Carpentry|Coliseum|Fletchery|Forge|Joinery|Stable|Tannery|Tiltyard|Toxicarium
"MaA/Cavalry Spear+Javelin/Scutum/Chain (TY) [ImmU, Poison, Cond+1]",Man-at-Arms,Cavalry Spear,Scutum Shield,Chainmail,Javelin,True,50,"Cond Field,Immune Unwieldy,Poison",Random,64342,21667,32591,850,119450,0.5387,0.1814,0.9929,0.7481,13.06,4.28,8.77,1200,60000,1072.37,10,15,Animal Husbandry|Armory|Carpentry|Coliseum|Fletchery|Forge|Joinery|Stable|Tannery|Tiltyard|Toxicarium
"MaA/2HBastard/Chain [Poison, Outr:once, Cond+1]",Man-at-Arms,2HBastard,,Chainmail,,False,50,"Cond Field,Outrider: once,Poison",Random,48018,33157,11343,1532,94050,0.5106,0.3525,0.9837,0.5915,12.15,9.09,3.06,1600,80000,600.23,9,19,Animal Husbandry|Armory|Caravanery|Cipher Chamber|Coliseum|Forge|Outrider Intercept Post|Tannery|Toxicarium
"MaA/WarHammer/Chain [Poison, Outr:once, Cond+1]",Man-at-Arms,War Hammer,,Chainmail,,False,50,"Cond Field,Outrider: once,Poison",Random,28370,47772,16333,1575,94050,0.3016,0.5079,0.9833,0.3726,6.69,14.59,-7.90,1600,80000,354.62,9,19,Animal Husbandry|Armory|Caravanery|Cipher Chamber|Coliseum|Forge|Outrider Intercept Post|Tannery|Toxicarium
"MaA/2HBastard/Chain [Poison, Rend, Cond+1]",Man-at-Arms,2HBastard,,Chainmail,,False,50,"Cond Field,Poison,Rend",Random,65306,40511,12815,818,119450,0.5467,0.3391,0.9932,0.6172,12.39,7.49,4.91,1400,70000,932.94,7,12,Animal Husbandry|Armory|Coliseum|Forge|MWRend|Tannery|Toxicarium
"MaA/WarHammer/Chain [Poison, Rend, Cond+1]",Man-at-Arms,War Hammer,,Chainmail,,False,50,"Cond Field,Poison,Rend",Random,42590,57799,18198,863,119450,0.3566,0.4839,0.9928,0.4242,7.07,13.42,-6.35,1400,70000,608.43,7,12,Animal Husbandry|Armory|Coliseum|Forge|MWRend|Tannery|Toxicarium
"MaA/Crossbow/Chain [Poison, Rend, Cond+1]",Man-at-Arms,,,Chainmail,Crossbow,False,50,"Cond Field,Poison,Rend",Random,41299,58704,18579,868,119450,0.3457,0.4915,0.9927,0.4130,6.97,14.69,-7.72,1200,60000,688.32,9,12,Animal Husbandry|Armory|Carpentry|Coliseum|Fletchery|Forge|MWRend|Tannery|Toxicarium
"MaA/2HBastard+Longbow/Chain (TY) [ImmU, Poison, Rend, Cond+1]",Man-at-Arms,2HBastard,,Chainmail,Longbow,True,50,"Cond Field,Immune Unwieldy,Poison,Rend",Random,70568,35452,12580,850,119450,0.5908,0.2968,0.9929,0.6656,13.57,6.20,7.37,1200,60000,1176.13,10,15,Animal Husbandry|Armory|Carpentry|Coliseum|Fletchery|Forge|MWRend|Tannery|Tiltyard|Toxicarium
"MaA/2HBastard+Javelin/Chain (TY) [ImmU, Poison, Rend, Cond+1]",Man-at-Arms,2HBastard,,Chainmail,Javelin,True,50,"Cond Field,Immune Unwieldy,Poison,Rend",Random,64840,40228,13556,826,119450,0.5428,0.3368,0.9931,0.6171,11.92,7.33,4.58,1200,60000,1080.67,10,15,Animal Husbandry|Armory|Carpentry|Coliseum|Fletchery|Forge|MWRend|Tannery|Tiltyard|Toxicarium
"MaA/2HBastard+Crossbow/Chain (TY) [ImmU, Poison, Rend, Cond+1]",Man-at-Arms,2HBastard,,Chainmail,Crossbow,True,50,"Cond Field,Immune Unwieldy,Poison,Rend",Random,61332,43686,13623,809,119450,0.5135,0.3657,0.9932,0.5840,11.20,8.46,2.74,1200,60000,1022.20,10,15,Animal Husbandry|Armory|Carpentry|Coliseum|Fletchery|Forge|MWRend|Tannery|Tiltyard|Toxicarium
"MaA/Morningstar+Crossbow/Chain (TY) [ImmU, Poison, Rend, Cond+1]",Man-at-Arms,Morningstar,,Chainmail,Crossbow,True,50,"Cond Field,Immune Unwieldy,Poison,Rend",Random,50264,52091,16215,880,119450,0.4208,0.4361,0.9926,0.4911,8.67,11.72,-3.05,1200,60000,837.73,10,15,Animal Husbandry|Armory|Carpentry|Coliseum|Fletchery|Forge|MWRend|Tannery|Tiltyard|Toxicarium
"MaA/WarHammer+Longbow/Chain (TY) [ImmU, Poison, Rend, Cond+1]",Man-at-Arms,War Hammer,,Chainmail,Longbow,True,50,"Cond Field,Immune Unwieldy,Poison,Rend",Random,47600,52060,18872,918,119450,0.3985,0.4358,0.9923,0.4776,8.12,10.33,-2.21,1200,60000,793.33,10,15,Animal Husbandry|Armory|Carpentry|Coliseum|Fletchery|Forge|MWRend|Tannery|Tiltyard|Toxicarium
"MaA/WarHammer+Javelin/Chain (TY) [ImmU, Poison, Rend, Cond+1]",Man-at-Arms,War Hammer,,Chainmail,Javelin,True,50,"Cond Field,Immune Unwieldy,Poison,Rend",Random,44123,55340,19178,809,119450,0.3694,0.4633,0.9932,0.4436,7.34,11.78,-4.44,1200,60000,735.38,10,15,Animal Husbandry|Armory|Carpentry|Coliseum|Fletchery|Forge|MWRend|Tannery|Tiltyard|Toxicarium
"MaA/WarHammer+Crossbow/Chain (TY) [ImmU, Poison, Rend, Cond+1]",Man-at-Arms,War Hammer,,Chainmail,Crossbow,True,50,"Cond Field,Immune Unwieldy,Poison,Rend",Random,42676,56931,18972,871,119450,0.3573,0.4766,0.9927,0.4284,7.12,13.07,-5.95,1200,60000,711.27,10,15,Animal Husbandry|Armory|Carpentry|Coliseum|Fletchery|Forge|MWRend|Tannery|Tiltyard|Toxicarium
"MaA/Lance/Scutum/Chain [Poison, Rend, Cond+1]",Man-at-Arms,Lance,Scutum Shield,Chainmail,,False,50,"Cond Field,Poison,Rend",Random,70325,19209,28997,919,119450,0.5887,0.1608,0.9923,0.7855,14.19,3.31,10.88,1200,60000,1172.08,9,12,Animal Husbandry|Armory|Carpentry|Coliseum|Forge|Joinery|MWRend|Stable|Tannery|Toxicarium
"MaA/Lance3/Scutum/Chain [Poison, Rend, Cond+1]",Man-at-Arms,Lance3,Scutum Shield,Chainmail,,False,50,"Cond Field,Poison,Rend",Random,70387,19287,28896,880,119450,0.5893,0.1615,0.9926,0.7849,14.16,3.30,10.86,1200,60000,1173.12,9,12,Animal Husbandry|Armory|Carpentry|Coliseum|Forge|Joinery|MWRend|Stable|Tannery|Toxicarium
"MaA/Cavalry Spear/Scutum/Chain [Poison, Rend, Cond+1]",Man-at-Arms,Cavalry Spear,Scutum Shield,Chainmail,,False,50,"Cond Field,Poison,Rend",Random,62825,22581,33149,895,119450,0.5260,0.1890,0.9925,0.7356,12.77,4.40,8.38,1200,60000,1047.08,9,12,Animal Husbandry|Armory|Carpentry|Coliseum|Forge|Joinery|MWRend|Stable|Tannery|Toxicarium
"MaA/Lance+Crossbow/Chain (TY) [ImmU, Poison, Rend, Cond+1]",Man-at-Arms,Lance,,Chainmail,Crossbow,True,50,"Cond Field,Immune Unwieldy,Poison,Rend",Random,52731,48132,17740,847,119450,0.4414,0.4029,0.9929,0.5228,9.11,9.23,-0.12,1200,60000,878.85,10,15,Animal Husbandry|Armory|Carpentry|Coliseum|Fletchery|Forge|MWRend|Stable|Tannery|Tiltyard|Toxicarium
"MaA/Lance3+Crossbow/Chain (TY) [ImmU, Poison, Rend, Cond+1]",Man-at-Arms,Lance3,,Chainmail,Crossbow,True,50,"Cond Field,Immune Unwieldy,Poison,Rend",Random,52734,48276,17612,828,119450,0.4415,0.4042,0.9931,0.5221,9.08,9.26,-0.18,1200,60000,878.90,10,15,Animal Husbandry|Armory|Carpentry|Coliseum|Fletchery|Forge|MWRend|Stable|Tannery|Tiltyard|Toxicarium
"MaA/Cavalry Spear+Crossbow/Chain (TY) [ImmU, Poison, Rend, Cond+1]",Man-at-Arms,Cavalry Spear,,Chainmail,Crossbow,True,50,"Cond Field,Immune Unwieldy,Poison,Rend",Random,46671,53517,18404,858,119450,0.3907,0.4480,0.9928,0.4658,8.11,11.55,-3.44,1200,60000,777.85,10,15,Animal Husbandry|Armory|Carpentry|Coliseum|Fletchery|Forge|MWRend|Stable|Tannery|Tiltyard|Toxicarium
"MaA/2HBastard/Chain [Poison, Outr:once, Rend, Cond+1]",Man-at-Arms,2HBastard,,Chainmail,,False,50,"Cond Field,Outrider: once,Poison,Rend",Random,49131,32003,11312,1604,94050,0.5224,0.3403,0.9829,0.6056,12.55,7.93,4.62,1400,70000,701.87,10,19,Animal Husbandry|Armory|Caravanery|Cipher Chamber|Coliseum|Forge|MWRend|Outrider Intercept Post|Tannery|Toxicarium
"MaA/WarHammer/Chain [Poison, Outr:once, Rend, Cond+1]",Man-at-Arms,War Hammer,,Chainmail,,False,50,"Cond Field,Outrider: once,Poison,Rend",Random,28295,47781,16439,1535,94050,0.3009,0.5080,0.9837,0.3719,6.65,13.91,-7.26,1400,70000,404.21,10,19,Animal Husbandry|Armory|Caravanery|Cipher Chamber|Coliseum|Forge|MWRend|Outrider Intercept Post|Tannery|Toxicarium
"MaA/2HBastard/FullPlate [Poison, GF, Cond+1]",Man-at-Arms,2HBastard,,Full Plate,,False,50,"Cond Field,GF Armor,Poison",Random,62989,27992,27624,845,119450,0.5273,0.2343,0.9929,0.6923,12.12,6.09,6.03,1400,70000,899.84,6,12,Animal Husbandry|Armory|Coliseum|Forge|Gilded Foundry|Tannery|Toxicarium
"MaA/WarHammer/FullPlate [Poison, GF, Cond+1]",Man-at-Arms,War Hammer,,Full Plate,,False,50,"Cond Field,GF Armor,Poison",Random,44626,37300,36624,900,119450,0.3736,0.3123,0.9925,0.5447,8.28,11.21,-2.92,1400,70000,637.51,6,12,Animal Husbandry|Armory|Coliseum|Forge|Gilded Foundry|Tannery|Toxicarium
"MaA/Bastard/Tower/FullPlate [Poison, GF, Cond+1]",Man-at-Arms,Bastard Sword,Tower Shield,Full Plate,,False,50,"Cond Field,GF Armor,Poison",Random,57223,13336,47953,938,119450,0.4791,0.1116,0.9921,0.8110,13.74,4.72,9.03,1200,60000,953.72,8,12,Animal Husbandry|Armory|Carpentry|Coliseum|Forge|Gilded Foundry|Joinery|Tannery|Toxicarium
"MaA/Longbow/FullPlate [Poison, GF, Cond+1]",Man-at-Arms,,,Full Plate,Longbow,False,50,"Cond Field,GF Armor,Poison",Random,91097,11880,15667,806,119450,0.7626,0.0995,0.9933,0.8846,20.57,2.34,18.23,1200,60000,1518.28,8,12,Animal Husbandry|Armory|Carpentry|Coliseum|Fletchery|Forge|Gilded Foundry|Tannery|Toxicarium
"MaA/Crossbow/FullPlate [Poison, GF, Cond+1]",Man-at-Arms,,,Full Plate,Crossbow,False,50,"Cond Field,GF Armor,Poison",Random,44710,37337,36489,914,119450,0.3743,0.3126,0.9923,0.5449,8.47,11.78,-3.31,1200,60000,745.17,8,12,Animal Husbandry|Armory|Carpentry|Coliseum|Fletchery|Forge|Gilded Foundry|Tannery|Toxicarium
"MaA/Crossbow/Tower/FullPlate [Poison, GF, Cond+1]",Man-at-Arms,,Tower Shield,Full Plate,Crossbow,False,50,"Cond Field,GF Armor,Poison",Random,57225,13429,47884,912,119450,0.4791,0.1124,0.9924,0.8099,13.74,5.02,8.72,1000,50000,1144.50,9,12,Animal Husbandry|Armory|Carpentry|Coliseum|Fletchery|Forge|Gilded Foundry|Joinery|Tannery|Toxicarium
"MaA/2HBastard+Longbow/FullPlate (TY) [ImmU, GF, Poison, Cond+1]",Man-at-Arms,2HBastard,,Full Plate,Longbow,True,50,"Cond Field,GF Armor,Immune Unwieldy,Poison",Random,68636,23796,26218,800,119450,0.5746,0.1992,0.9933,0.7426,13.44,4.86,8.57,1200,60000,1143.93,9,15,Animal Husbandry|Armory|Carpentry|Coliseum|Fletchery|Forge|Gilded Foundry|Tannery|Tiltyard|Toxicarium
"MaA/2HBastard+Javelin/FullPlate (TY) [ImmU, GF, Poison, Cond+1]",Man-at-Arms,2HBastard,,Full Plate,Javelin,True,50,"Cond Field,GF Armor,Immune Unwieldy,Poison",Random,63742,26831,27974,903,119450,0.5336,0.2246,0.9924,0.7038,12.11,5.64,6.47,1200,60000,1062.37,9,15,Animal Husbandry|Armory|Carpentry|Coliseum|Fletchery|Forge|Gilded Foundry|Tannery|Tiltyard|Toxicarium
"MaA/2HBastard+Crossbow/FullPlate (TY) [ImmU, GF, Poison, Cond+1]",Man-at-Arms,2HBastard,,Full Plate,Crossbow,True,50,"Cond Field,GF Armor,Immune Unwieldy,Poison",Random,58929,29296,30267,958,119450,0.4933,0.2453,0.9920,0.6679,11.12,6.66,4.46,1200,60000,982.15,9,15,Animal Husbandry|Armory|Carpentry|Coliseum|Fletchery|Forge|Gilded Foundry|Tannery|Tiltyard|Toxicarium
"MaA/Morningstar+Crossbow/FullPlate (TY) [ImmU, GF, Poison, Cond+1]",Man-at-Arms,Morningstar,,Full Plate,Crossbow,True,50,"Cond Field,GF Armor,Immune Unwieldy,Poison",Random,54579,32226,31751,894,119450,0.4569,0.2698,0.9925,0.6288,10.13,7.66,2.47,1200,60000,909.65,9,15,Animal Husbandry|Armory|Carpentry|Coliseum|Fletchery|Forge|Gilded Foundry|Tannery|Tiltyard|Toxicarium
"MaA/WarHammer+Longbow/FullPlate (TY) [ImmU, GF, Poison, Cond+1]",Man-at-Arms,War Hammer,,Full Plate,Longbow,True,50,"Cond Field,GF Armor,Immune Unwieldy,Poison",Random,51790,31911,34797,952,119450,0.4336,0.2671,0.9920,0.6188,9.64,6.69,2.96,1200,60000,863.17,9,15,Animal Husbandry|Armory|Carpentry|Coliseum|Fletchery|Forge|Gilded Foundry|Tannery|Tiltyard|Toxicarium
"MaA/WarHammer+Javelin/FullPlate (TY) [ImmU, GF, Poison, Cond+1]",Man-at-Arms,War Hammer,,Full Plate,Javelin,True,50,"Cond Field,GF Armor,Immune Unwieldy,Poison",Random,48748,34300,35480,922,119450,0.4081,0.2871,0.9923,0.5870,9.02,7.66,1.36,1200,60000,812.47,9,15,Animal Husbandry|Armory|Carpentry|Coliseum|Fletchery|Forge|Gilded Foundry|Tannery|Tiltyard|Toxicarium
"MaA/WarHammer+Crossbow/FullPlate (TY) [ImmU, GF, Poison, Cond+1]",Man-at-Arms,War Hammer,,Full Plate,Crossbow,True,50,"Cond Field,GF Armor,Immune Unwieldy,Poison",Random,47082,35478,35944,946,119450,0.3942,0.2970,0.9921,0.5703,8.81,8.77,0.04,1200,60000,784.70,9,15,Animal Husbandry|Armory|Carpentry|Coliseum|Fletchery|Forge|Gilded Foundry|Tannery|Tiltyard|Toxicarium
"MaA/Bastard+Longbow/Tower/FullPlate (TY) [ImmU, GF, Poison, Cond+1]",Man-at-Arms,Bastard Sword,Tower Shield,Full Plate,Longbow,True,50,"Cond Field,GF Armor,Immune Unwieldy,Poison",Random,57892,13031,47569,958,119450,0.4847,0.1091,0.9920,0.8163,13.87,3.18,10.69,1000,50000,1157.84,10,15,Animal Husbandry|Armory|Carpentry|Coliseum|Fletchery|Forge|Gilded Foundry|Joinery|Tannery|Tiltyard|Toxicarium
"MaA/Bastard+Javelin/Tower/FullPlate (TY) [ImmU, GF, Poison, Cond+1]",Man-at-Arms,Bastard Sword,Tower Shield,Full Plate,Javelin,True,50,"Cond Field,GF Armor,Immune Unwieldy,Poison",Random,57587,13146,47860,857,119450,0.4821,0.1101,0.9928,0.8141,13.76,3.43,10.33,1000,50000,1151.74,10,15,Animal Husbandry|Armory|Carpentry|Coliseum|Fletchery|Forge|Gilded Foundry|Joinery|Tannery|Tiltyard|Toxicarium
"MaA/Bastard+Crossbow/Tower/FullPlate (TY) [ImmU, GF, Poison, Cond+1]",Man-at-Arms,Bastard Sword,Tower Shield,Full Plate,Crossbow,True,50,"Cond Field,GF Armor,Immune Unwieldy,Poison",Random,57399,13248,47909,894,119450,0.4805,0.1109,0.9925,0.8125,13.76,4.02,9.75,1000,50000,1147.98,10,15,Animal Husbandry|Armory|Carpentry|Coliseum|Fletchery|Forge|Gilded Foundry|Joinery|Tannery|Tiltyard|Toxicarium
"MaA/Lance+Crossbow/FullPlate (TY) [ImmU, GF, Poison, Cond+1]",Man-at-Arms,Lance,,Full Plate,Crossbow,True,50,"Cond Field,GF Armor,Immune Unwieldy,Poison",Random,60877,27445,30236,892,119450,0.5096,0.2298,0.9925,0.6893,11.19,5.41,5.79,1200,60000,1014.62,9,15,Animal Husbandry|Armory|Carpentry|Coliseum|Fletchery|Forge|Gilded Foundry|Stable|Tannery|Tiltyard|Toxicarium
"MaA/Lance3+Crossbow/FullPlate (TY) [ImmU, GF, Poison, Cond+1]",Man-at-Arms,Lance3,,Full Plate,Crossbow,True,50,"Cond Field,GF Armor,Immune Unwieldy,Poison",Random,60680,27675,30273,822,119450,0.5080,0.2317,0.9931,0.6868,11.13,5.42,5.71,1200,60000,1011.33,9,15,Animal Husbandry|Armory|Carpentry|Coliseum|Fletchery|Forge|Gilded Foundry|Stable|Tannery|Tiltyard|Toxicarium
"MaA/Cavalry Spear+Crossbow/FullPlate (TY) [ImmU, GF, Poison, Cond+1]",Man-at-Arms,Cavalry Spear,,Full Plate,Crossbow,True,50,"Cond Field,GF Armor,Immune Unwieldy,Poison",Random,54670,31284,32635,861,119450,0.4577,0.2619,0.9928,0.6360,10.20,6.82,3.38,1200,60000,911.17,9,15,Animal Husbandry|Armory|Carpentry|Coliseum|Fletchery|Forge|Gilded Foundry|Stable|Tannery|Tiltyard|Toxicarium
"MaA/2HBastard/FullPlate [Poison, GF, Outr:once, Cond+1]",Man-at-Arms,2HBastard,,Full Plate,,False,50,"Cond Field,GF Armor,Outrider: once,Poison",Random,45858,22352,24258,1582,94050,0.4876,0.2377,0.9832,0.6723,11.29,6.68,4.60,1400,70000,655.11,9,19,Animal Husbandry|Armory|Caravanery|Cipher Chamber|Coliseum|Forge|Gilded Foundry|Outrider Intercept Post|Tannery|Toxicarium
"MaA/WarHammer/FullPlate [Poison, GF, Outr:once, Cond+1]",Man-at-Arms,War Hammer,,Full Plate,,False,50,"Cond Field,GF Armor,Outrider: once,Poison",Random,28333,32225,31984,1508,94050,0.3013,0.3426,0.9840,0.4679,6.68,12.31,-5.63,1400,70000,404.76,9,19,Animal Husbandry|Armory|Caravanery|Cipher Chamber|Coliseum|Forge|Gilded Foundry|Outrider Intercept Post|Tannery|Toxicarium
"MaA/2HBastard/FullPlate [Poison, Cond+1, GF, Rend]",Man-at-Arms,2HBastard,,Full Plate,,False,50,"Cond Field,GF Armor,Poison,Rend",Random,63474,27647,27445,884,119450,0.5314,0.2315,0.9926,0.6966,12.27,5.70,6.57,1200,60000,1057.90,7,12,Animal Husbandry|Armory|Coliseum|Forge|Gilded Foundry|MWRend|Tannery|Toxicarium
"MaA/WarHammer/FullPlate [Poison, Cond+1, GF, Rend]",Man-at-Arms,War Hammer,,Full Plate,,False,50,"Cond Field,GF Armor,Poison,Rend",Random,44551,37665,36304,930,119450,0.3730,0.3153,0.9922,0.5419,8.30,11.18,-2.88,1200,60000,742.52,7,12,Animal Husbandry|Armory|Coliseum|Forge|Gilded Foundry|MWRend|Tannery|Toxicarium
"MaA/Bastard/Tower/FullPlate [Poison, GF, Rend, Cond+1]",Man-at-Arms,Bastard Sword,Tower Shield,Full Plate,,False,50,"Cond Field,GF Armor,Poison,Rend",Random,57296,13284,47952,918,119450,0.4797,0.1112,0.9923,0.8118,13.78,4.67,9.11,1000,50000,1145.92,9,12,Animal Husbandry|Armory|Carpentry|Coliseum|Forge|Gilded Foundry|Joinery|MWRend|Tannery|Toxicarium
"MaA/Longbow/FullPlate [Poison, GF, Rend, Cond+1]",Man-at-Arms,,,Full Plate,Longbow,False,50,"Cond Field,GF Armor,Poison,Rend",Random,94723,9685,14191,851,119450,0.7930,0.0811,0.9929,0.9072,21.15,1.60,19.55,1000,50000,1894.46,9,12,Animal Husbandry|Armory|Carpentry|Coliseum|Fletchery|Forge|Gilded Foundry|MWRend|Tannery|Toxicarium
"MaA/Crossbow/FullPlate [Poison, GF, Rend, Cond+1]",Man-at-Arms,,,Full Plate,Crossbow,False,50,"Cond Field,GF Armor,Poison,Rend",Random,44702,37444,36420,884,119450,0.3742,0.3135,0.9926,0.5442,8.46,11.68,-3.22,1000,50000,894.04,9,12,Animal Husbandry|Armory|Carpentry|Coliseum|Fletchery|Forge|Gilded Foundry|MWRend|Tannery|Toxicarium
"MaA/Crossbow/Tower/FullPlate [Poison, GF, Rend, Cond+1]",Man-at-Arms,,Tower Shield,Full Plate,Crossbow,False,50,"Cond Field,GF Armor,Poison,Rend",Random,57184,13389,47923,954,119450,0.4787,0.1121,0.9920,0.8103,13.76,5.01,8.75,800,40000,1429.60,10,12,Animal Husbandry|Armory|Carpentry|Coliseum|Fletchery|Forge|Gilded Foundry|Joinery|MWRend|Tannery|Toxicarium
"MaA/2HBastard+Longbow/FullPlate (TY) [Poison, Cond+1, GF, Rend, ImmU]",Man-at-Arms,2HBastard,,Full Plate,Longbow,True,50,"Cond Field,GF Armor,Immune Unwieldy,Poison,Rend",Random,69338,23135,26104,873,119450,0.5805,0.1937,0.9927,0.7498,13.65,4.35,9.30,1000,50000,1386.76,10,15,Animal Husbandry|Armory|Carpentry|Coliseum|Fletchery|Forge|Gilded Foundry|MWRend|Tannery|Tiltyard|Toxicarium
"MaA/2HBastard+Javelin/FullPlate (TY) [Poison, Cond+1, GF, Rend, ImmU]",Man-at-Arms,2HBastard,,Full Plate,Javelin,True,50,"Cond Field,GF Armor,Immune Unwieldy,Poison,Rend",Random,64097,26490,27943,920,119450,0.5366,0.2218,0.9923,0.7076,12.24,5.22,7.02,1000,50000,1281.94,10,15,Animal Husbandry|Armory|Carpentry|Coliseum|Fletchery|Forge|Gilded Foundry|MWRend|Tannery|Tiltyard|Toxicarium
"MaA/2HBastard+Crossbow/FullPlate (TY) [Poison, Cond+1, GF, Rend, ImmU]",Man-at-Arms,2HBastard,,Full Plate,Crossbow,True,50,"Cond Field,GF Armor,Immune Unwieldy,Poison,Rend",Random,59476,28969,30072,933,119450,0.4979,0.2425,0.9922,0.6725,11.21,6.25,4.96,1000,50000,1189.52,10,15,Animal Husbandry|Armory|Carpentry|Coliseum|Fletchery|Forge|Gilded Foundry|MWRend|Tannery|Tiltyard|Toxicarium
"MaA/Morningstar+Crossbow/FullPlate (TY) [Poison, Cond+1, GF, Rend, ImmU]",Man-at-Arms,Morningstar,,Full Plate,Crossbow,True,50,"Cond Field,GF Armor,Immune Unwieldy,Poison,Rend",Random,54427,32268,31846,909,119450,0.4556,0.2701,0.9924,0.6278,10.17,7.38,2.79,1000,50000,1088.54,10,15,Animal Husbandry|Armory|Carpentry|Coliseum|Fletchery|Forge|Gilded Foundry|MWRend|Tannery|Tiltyard|Toxicarium
"MaA/WarHammer+Longbow/FullPlate (TY) [Poison, Cond+1, GF, Rend, ImmU]",Man-at-Arms,War Hammer,,Full Plate,Longbow,True,50,"Cond Field,GF Armor,Immune Unwieldy,Poison,Rend",Random,51970,31730,34862,888,119450,0.4351,0.2656,0.9926,0.6209,9.68,6.26,3.42,1000,50000,1039.40,10,15,Animal Husbandry|Armory|Carpentry|Coliseum|Fletchery|Forge|Gilded Foundry|MWRend|Tannery|Tiltyard|Toxicarium
"MaA/WarHammer+Javelin/FullPlate (TY) [Poison, Cond+1, GF, Rend, ImmU]",Man-at-Arms,War Hammer,,Full Plate,Javelin,True,50,"Cond Field,GF Armor,Immune Unwieldy,Poison,Rend",Random,48926,34391,35190,943,119450,0.4096,0.2879,0.9921,0.5872,9.10,7.39,1.71,1000,50000,978.52,10,15,Animal Husbandry|Armory|Carpentry|Coliseum|Fletchery|Forge|Gilded Foundry|MWRend|Tannery|Tiltyard|Toxicarium
"MaA/WarHammer+Crossbow/FullPlate (TY) [Poison, Cond+1, GF, Rend, ImmU]",Man-at-Arms,War Hammer,,Full Plate,Crossbow,True,50,"Cond Field,GF Armor,Immune Unwieldy,Poison,Rend",Random,46939,35527,36090,894,119450,0.3930,0.2974,0.9925,0.5692,8.79,8.52,0.27,1000,50000,938.78,10,15,Animal Husbandry|Armory|Carpentry|Coliseum|Fletchery|Forge|Gilded Foundry|MWRend|Tannery|Tiltyard|Toxicarium
"MaA/Lance+Crossbow/FullPlate (TY) [Poison, Cond+1, GF, Rend, ImmU]",Man-at-Arms,Lance,,Full Plate,Crossbow,True,50,"Cond Field,GF Armor,Immune Unwieldy,Poison,Rend",Random,60932,27386,30225,907,119450,0.5101,0.2293,0.9924,0.6899,11.24,5.01,6.23,1000,50000,1218.64,10,15,Animal Husbandry|Armory|Carpentry|Coliseum|Fletchery|Forge|Gilded Foundry|MWRend|Stable|Tannery|Tiltyard|Toxicarium
"MaA/Lance3+Crossbow/FullPlate (TY) [Poison, Cond+1, GF, Rend, ImmU]",Man-at-Arms,Lance3,,Full Plate,Crossbow,True,50,"Cond Field,GF Armor,Immune Unwieldy,Poison,Rend",Random,60861,27291,30394,904,119450,0.5095,0.2285,0.9924,0.6904,11.20,4.96,6.24,1000,50000,1217.22,10,15,Animal Husbandry|Armory|Carpentry|Coliseum|Fletchery|Forge|Gilded Foundry|MWRend|Stable|Tannery|Tiltyard|Toxicarium
"MaA/Cavalry Spear+Crossbow/FullPlate (TY) [Poison, Cond+1, GF, Rend, ImmU]",Man-at-Arms,Cavalry Spear,,Full Plate,Crossbow,True,50,"Cond Field,GF Armor,Immune Unwieldy,Poison,Rend",Random,54596,30956,32992,906,119450,0.4571,0.2592,0.9924,0.6382,10.22,6.41,3.81,1000,50000,1091.92,10,15,Animal Husbandry|Armory|Carpentry|Coliseum|Fletchery|Forge|Gilded Foundry|MWRend|Stable|Tannery|Tiltyard|Toxicarium
"MaA/2HBastard/FullPlate [Poison, Outr:once, Cond+1, GF, Rend]",Man-at-Arms,2HBastard,,Full Plate,,False,50,"Cond Field,GF Armor,Outrider: once,Poison,Rend",Random,46442,22192,23870,1546,94050,0.4938,0.2360,0.9836,0.6767,11.43,6.20,5.23,1200,60000,774.03,10,19,Animal Husbandry|Armory|Caravanery|Cipher Chamber|Coliseum|Forge|Gilded Foundry|MWRend|Outrider Intercept Post|Tannery|Toxicarium
"MaA/WarHammer/FullPlate [Poison, Outr:once, Cond+1, GF, Rend]",Man-at-Arms,War Hammer,,Full Plate,,False,50,"Cond Field,GF Armor,Outrider: once,Poison,Rend",Random,28324,32074,32110,1542,94050,0.3012,0.3410,0.9836,0.4690,6.69,12.07,-5.37,1200,60000,472.07,10,19,Animal Husbandry|Armory|Caravanery|Cipher Chamber|Coliseum|Forge|Gilded Foundry|MWRend|Outrider Intercept Post|Tannery|Toxicarium
"MaA/2HBastard/Chain [ApoHeal, Regen 5, Reroll, Cond+1]",Man-at-Arms,2HBastard,,Chainmail,,False,50,"Apothecary Heal,Cond Field,Regenerate 5,Regenerate Reroll",Random,87786,4156,26655,853,119450,0.7349,0.0348,0.9929,0.9548,21.45,0.85,20.60,1600,80000,1097.33,6,15,Animal Husbandry|Apothecary|Armory|Coliseum|Forge|Hospitaller|Infirmary|Tannery
"MaA/WarHammer/Chain [ApoHeal, Regen 5, Reroll, Cond+1]",Man-at-Arms,War Hammer,,Chainmail,,False,50,"Apothecary Heal,Cond Field,Regenerate 5,Regenerate Reroll",Random,70744,7442,40390,874,119450,0.5922,0.0623,0.9927,0.9048,14.40,1.23,13.17,1600,80000,884.30,6,15,Animal Husbandry|Apothecary|Armory|Coliseum|Forge|Hospitaller|Infirmary|Tannery
"MaA/Crossbow/Chain [ApoHeal, Regen 5, Reroll, Cond+1]",Man-at-Arms,,,Chainmail,Crossbow,False,50,"Apothecary Heal,Cond Field,Regenerate 5,Regenerate Reroll",Random,66657,8243,43664,886,119450,0.5580,0.0690,0.9926,0.8899,13.59,1.51,12.08,1400,70000,952.24,8,15,Animal Husbandry|Apothecary|Armory|Carpentry|Coliseum|Fletchery|Forge|Hospitaller|Infirmary|Tannery
"MaA/2HBastard+Longbow/Chain (TY) [Cond+1, ApoHeal, ImmU, Regen 5, Reroll]",Man-at-Arms,2HBastard,,Chainmail,Longbow,True,50,"Apothecary Heal,Cond Field,Immune Unwieldy,Regenerate 5,Regenerate Reroll",Random,90001,3609,25045,795,119450,0.7535,0.0302,0.9933,0.9614,22.44,0.75,21.69,1400,70000,1285.73,9,18,Animal Husbandry|Apothecary|Armory|Carpentry|Coliseum|Fletchery|Forge|Hospitaller|Infirmary|Tannery|Tiltyard
"MaA/2HBastard+Javelin/Chain (TY) [Cond+1, ApoHeal, ImmU, Regen 5, Reroll]",Man-at-Arms,2HBastard,,Chainmail,Javelin,True,50,"Apothecary Heal,Cond Field,Immune Unwieldy,Regenerate 5,Regenerate Reroll",Random,87605,4157,26864,824,119450,0.7334,0.0348,0.9931,0.9547,20.94,0.82,20.11,1400,70000,1251.50,9,18,Animal Husbandry|Apothecary|Armory|Carpentry|Coliseum|Fletchery|Forge|Hospitaller|Infirmary|Tannery|Tiltyard
"MaA/2HBastard+Crossbow/Chain (TY) [Cond+1, ApoHeal, ImmU, Regen 5, Reroll]",Man-at-Arms,2HBastard,,Chainmail,Crossbow,True,50,"Apothecary Heal,Cond Field,Immune Unwieldy,Regenerate 5,Regenerate Reroll",Random,86542,4328,27714,866,119450,0.7245,0.0362,0.9928,0.9524,20.31,0.87,19.43,1400,70000,1236.31,9,18,Animal Husbandry|Apothecary|Armory|Carpentry|Coliseum|Fletchery|Forge|Hospitaller|Infirmary|Tannery|Tiltyard
"MaA/Morningstar+Crossbow/Chain (TY) [Cond+1, ApoHeal, ImmU, Regen 5, Reroll]",Man-at-Arms,Morningstar,,Chainmail,Crossbow,True,50,"Apothecary Heal,Cond Field,Immune Unwieldy,Regenerate 5,Regenerate Reroll",Random,78266,6012,34321,851,119450,0.6552,0.0503,0.9929,0.9287,16.79,1.14,15.65,1400,70000,1118.09,9,18,Animal Husbandry|Apothecary|Armory|Carpentry|Coliseum|Fletchery|Forge|Hospitaller|Infirmary|Tannery|Tiltyard
"MaA/WarHammer+Longbow/Chain (TY) [Cond+1, ApoHeal, ImmU, Regen 5, Reroll]",Man-at-Arms,War Hammer,,Chainmail,Longbow,True,50,"Apothecary Heal,Cond Field,Immune Unwieldy,Regenerate 5,Regenerate Reroll",Random,75994,6113,36477,866,119450,0.6362,0.0512,0.9928,0.9255,16.06,0.99,15.07,1400,70000,1085.63,9,18,Animal Husbandry|Apothecary|Armory|Carpentry|Coliseum|Fletchery|Forge|Hospitaller|Infirmary|Tannery|Tiltyard
"MaA/WarHammer+Javelin/Chain (TY) [Cond+1, ApoHeal, ImmU, Regen 5, Reroll]",Man-at-Arms,War Hammer,,Chainmail,Javelin,True,50,"Apothecary Heal,Cond Field,Immune Unwieldy,Regenerate 5,Regenerate Reroll",Random,71182,7211,40128,929,119450,0.5959,0.0604,0.9922,0.9080,14.68,1.19,13.48,1400,70000,1016.89,9,18,Animal Husbandry|Apothecary|Armory|Carpentry|Coliseum|Fletchery|Forge|Hospitaller|Infirmary|Tannery|Tiltyard
"MaA/WarHammer+Crossbow/Chain (TY) [Cond+1, ApoHeal, ImmU, Regen 5, Reroll]",Man-at-Arms,War Hammer,,Chainmail,Crossbow,True,50,"Apothecary Heal,Cond Field,Immune Unwieldy,Regenerate 5,Regenerate Reroll",Random,69857,7544,41148,901,119450,0.5848,0.0632,0.9925,0.9025,14.29,1.26,13.04,1400,70000,997.96,9,18,Animal Husbandry|Apothecary|Armory|Carpentry|Coliseum|Fletchery|Forge|Hospitaller|Infirmary|Tannery|Tiltyard
"MaA/Lance/Scutum/Chain [ApoHeal, Regen 5, Reroll, Cond+1]",Man-at-Arms,Lance,Scutum Shield,Chainmail,,False,50,"Apothecary Heal,Cond Field,Regenerate 5,Regenerate Reroll",Random,81532,4083,32985,850,119450,0.6826,0.0342,0.9929,0.9523,20.72,0.71,20.01,1400,70000,1164.74,8,15,Animal Husbandry|Apothecary|Armory|Carpentry|Coliseum|Forge|Hospitaller|Infirmary|Joinery|Stable|Tannery
"MaA/Lance3/Scutum/Chain [ApoHeal, Regen 5, Reroll, Cond+1]",Man-at-Arms,Lance3,Scutum Shield,Chainmail,,False,50,"Apothecary Heal,Cond Field,Regenerate 5,Regenerate Reroll",Random,81354,4153,33020,923,119450,0.6811,0.0348,0.9923,0.9514,20.71,0.73,19.98,1400,70000,1162.20,8,15,Animal Husbandry|Apothecary|Armory|Carpentry|Coliseum|Forge|Hospitaller|Infirmary|Joinery|Stable|Tannery
"MaA/Cavalry Spear/Scutum/Chain [ApoHeal, Regen 5, Reroll, Cond+1]",Man-at-Arms,Cavalry Spear,Scutum Shield,Chainmail,,False,50,"Apothecary Heal,Cond Field,Regenerate 5,Regenerate Reroll",Random,70339,6303,41930,878,119450,0.5889,0.0528,0.9926,0.9178,17.37,1.28,16.09,1400,70000,1004.84,8,15,Animal Husbandry|Apothecary|Armory|Carpentry|Coliseum|Forge|Hospitaller|Infirmary|Joinery|Stable|Tannery
"MaA/Lance+Crossbow/Chain (TY) [Cond+1, ApoHeal, ImmU, Regen 5, Reroll]",Man-at-Arms,Lance,,Chainmail,Crossbow,True,50,"Apothecary Heal,Cond Field,Immune Unwieldy,Regenerate 5,Regenerate Reroll",Random,79341,5285,33882,942,119450,0.6642,0.0442,0.9921,0.9375,17.32,0.97,16.34,1400,70000,1133.44,9,18,Animal Husbandry|Apothecary|Armory|Carpentry|Coliseum|Fletchery|Forge|Hospitaller|Infirmary|Stable|Tannery|Tiltyard
"MaA/Lance3+Crossbow/Chain (TY) [Cond+1, ApoHeal, ImmU, Regen 5, Reroll]",Man-at-Arms,Lance3,,Chainmail,Crossbow,True,50,"Apothecary Heal,Cond Field,Immune Unwieldy,Regenerate 5,Regenerate Reroll",Random,79260,5298,33954,938,119450,0.6635,0.0444,0.9921,0.9373,17.28,0.97,16.32,1400,70000,1132.29,9,18,Animal Husbandry|Apothecary|Armory|Carpentry|Coliseum|Fletchery|Forge|Hospitaller|Infirmary|Stable|Tannery|Tiltyard
"MaA/Cavalry Spear+Crossbow/Chain (TY) [Cond+1, ApoHeal, ImmU, Regen 5, Reroll]",Man-at-Arms,Cavalry Spear,,Chainmail,Crossbow,True,50,"Apothecary Heal,Cond Field,Immune Unwieldy,Regenerate 5,Regenerate Reroll",Random,68494,7877,42175,904,119450,0.5734,0.0659,0.9924,0.8969,14.36,1.55,12.81,1400,70000,978.49,9,18,Animal Husbandry|Apothecary|Armory|Carpentry|Coliseum|Fletchery|Forge|Hospitaller|Infirmary|Stable|Tannery|Tiltyard
"MaA/Lance+Longbow/Scutum/Chain (TY) [Cond+1, ApoHeal, ImmU, Regen 5, Reroll]",Man-at-Arms,Lance,Scutum Shield,Chainmail,Longbow,True,50,"Apothecary Heal,Cond Field,Immune Unwieldy,Regenerate 5,Regenerate Reroll",Random,85525,3517,29523,885,119450,0.7160,0.0294,0.9926,0.9605,22.63,0.64,21.99,1200,60000,1425.42,10,18,Animal Husbandry|Apothecary|Armory|Carpentry|Coliseum|Fletchery|Forge|Hospitaller|Infirmary|Joinery|Stable|Tannery|Tiltyard
"MaA/Lance3+Longbow/Scutum/Chain (TY) [Cond+1, ApoHeal, ImmU, Regen 5, Reroll]",Man-at-Arms,Lance3,Scutum Shield,Chainmail,Longbow,True,50,"Apothecary Heal,Cond Field,Immune Unwieldy,Regenerate 5,Regenerate Reroll",Random,85583,3439,29594,834,119450,0.7165,0.0288,0.9930,0.9614,22.66,0.63,22.04,1200,60000,1426.38,10,18,Animal Husbandry|Apothecary|Armory|Carpentry|Coliseum|Fletchery|Forge|Hospitaller|Infirmary|Joinery|Stable|Tannery|Tiltyard
"MaA/Cavalry Spear+Longbow/Scutum/Chain (TY) [Cond+1, ApoHeal, ImmU, Regen 5, Reroll]",Man-at-Arms,Cavalry Spear,Scutum Shield,Chainmail,Longbow,True,50,"Apothecary Heal,Cond Field,Immune Unwieldy,Regenerate 5,Regenerate Reroll",Random,75193,5511,37858,888,119450,0.6295,0.0461,0.9926,0.9317,19.21,1.04,18.17,1200,60000,1253.22,10,18,Animal Husbandry|Apothecary|Armory|Carpentry|Coliseum|Fletchery|Forge|Hospitaller|Infirmary|Joinery|Stable|Tannery|Tiltyard
"MaA/Lance+Javelin/Scutum/Chain (TY) [Cond+1, ApoHeal, ImmU, Regen 5, Reroll]",Man-at-Arms,Lance,Scutum Shield,Chainmail,Javelin,True,50,"Apothecary Heal,Cond Field,Immune Unwieldy,Regenerate 5,Regenerate Reroll",Random,81877,4101,32599,873,119450,0.6854,0.0343,0.9927,0.9523,20.90,0.69,20.21,1200,60000,1364.62,10,18,Animal Husbandry|Apothecary|Armory|Carpentry|Coliseum|Fletchery|Forge|Hospitaller|Infirmary|Joinery|Stable|Tannery|Tiltyard
"MaA/Lance3+Javelin/Scutum/Chain (TY) [Cond+1, ApoHeal, ImmU, Regen 5, Reroll]",Man-at-Arms,Lance3,Scutum Shield,Chainmail,Javelin,True,50,"Apothecary Heal,Cond Field,Immune Unwieldy,Regenerate 5,Regenerate Reroll",Random,81802,4063,32718,867,119450,0.6848,0.0340,0.9927,0.9527,20.91,0.69,20.22,1200,60000,1363.37,10,18,Animal Husbandry|Apothecary|Armory|Carpentry|Coliseum|Fletchery|Forge|Hospitaller|Infirmary|Joinery|Stable|Tannery|Tiltyard
"MaA/Cavalry Spear+Javelin/Scutum/Chain (TY) [Cond+1, ApoHeal, ImmU, Regen 5, Reroll]",Man-at-Arms,Cavalry Spear,Scutum Shield,Chainmail,Javelin,True,50,"Apothecary Heal,Cond Field,Immune Unwieldy,Regenerate 5,Regenerate Reroll",Random,71988,5936,40672,854,119450,0.6027,0.0497,0.9929,0.9238,17.94,1.14,16.80,1200,60000,1199.80,10,18,Animal Husbandry|Apothecary|Armory|Carpentry|Coliseum|Fletchery|Forge|Hospitaller|Infirmary|Joinery|Stable|Tannery|Tiltyard
"MaA/2HBastard/Chain [Outr:once, Cond+1, ApoHeal, Regen 5, Reroll]",Man-at-Arms,2HBastard,,Chainmail,,False,50,"Apothecary Heal,Cond Field,Outrider: once,Regenerate 5,Regenerate Reroll",Random,65366,3626,23506,1552,94050,0.6950,0.0386,0.9835,0.9474,20.29,1.47,18.82,1600,80000,817.08,9,25,Animal Husbandry|Apothecary|Armory|Caravanery|Cipher Chamber|Coliseum|Forge|Hospitaller|Infirmary|Outrider Intercept Post|Tannery
"MaA/WarHammer/Chain [Outr:once, Cond+1, ApoHeal, Regen 5, Reroll]",Man-at-Arms,War Hammer,,Chainmail,,False,50,"Apothecary Heal,Cond Field,Outrider: once,Regenerate 5,Regenerate Reroll",Random,53154,6346,33002,1548,94050,0.5652,0.0675,0.9835,0.8933,13.58,1.80,11.78,1600,80000,664.42,9,25,Animal Husbandry|Apothecary|Armory|Caravanery|Cipher Chamber|Coliseum|Forge|Hospitaller|Infirmary|Outrider Intercept Post|Tannery
"MaA/2HBastard/Chain [Cond+1, ApoHeal, Rend, Regen 5, Reroll]",Man-at-Arms,2HBastard,,Chainmail,,False,50,"Apothecary Heal,Cond Field,Regenerate 5,Regenerate Reroll,Rend",Random,90398,3786,24415,851,119450,0.7568,0.0317,0.9929,0.9598,22.12,0.75,21.37,1400,70000,1291.40,7,15,Animal Husbandry|Apothecary|Armory|Coliseum|Forge|Hospitaller|Infirmary|MWRend|Tannery
"MaA/WarHammer/Chain [Cond+1, ApoHeal, Rend, Regen 5, Reroll]",Man-at-Arms,War Hammer,,Chainmail,,False,50,"Apothecary Heal,Cond Field,Regenerate 5,Regenerate Reroll,Rend",Random,70931,7422,40172,925,119450,0.5938,0.0621,0.9923,0.9053,14.47,1.18,13.28,1400,70000,1013.30,7,15,Animal Husbandry|Apothecary|Armory|Coliseum|Forge|Hospitaller|Infirmary|MWRend|Tannery
"MaA/Crossbow/Chain [Cond+1, ApoHeal, Rend, Regen 5, Reroll]",Man-at-Arms,,,Chainmail,Crossbow,False,50,"Apothecary Heal,Cond Field,Regenerate 5,Regenerate Reroll,Rend",Random,66566,8231,43662,991,119450,0.5573,0.0689,0.9917,0.8900,13.63,1.50,12.13,1200,60000,1109.43,9,15,Animal Husbandry|Apothecary|Armory|Carpentry|Coliseum|Fletchery|Forge|Hospitaller|Infirmary|MWRend|Tannery
"MaA/2HBastard+Longbow/Chain (TY) [Cond+1, ApoHeal, Rend, ImmU, Regen 5, Reroll]",Man-at-Arms,2HBastard,,Chainmail,Longbow,True,50,"Apothecary Heal,Cond Field,Immune Unwieldy,Regenerate 5,Regenerate Reroll,Rend",Random,92881,3187,22549,833,119450,0.7776,0.0267,0.9930,0.9668,23.19,0.65,22.54,1200,60000,1548.02,10,18,Animal Husbandry|Apothecary|Armory|Carpentry|Coliseum|Fletchery|Forge|Hospitaller|Infirmary|MWRend|Tannery|Tiltyard
"MaA/2HBastard+Javelin/Chain (TY) [Cond+1, ApoHeal, Rend, ImmU, Regen 5, Reroll]",Man-at-Arms,2HBastard,,Chainmail,Javelin,True,50,"Apothecary Heal,Cond Field,Immune Unwieldy,Regenerate 5,Regenerate Reroll,Rend",Random,89662,3909,25010,869,119450,0.7506,0.0327,0.9927,0.9582,21.46,0.74,20.72,1200,60000,1494.37,10,18,Animal Husbandry|Apothecary|Armory|Carpentry|Coliseum|Fletchery|Forge|Hospitaller|Infirmary|MWRend|Tannery|Tiltyard
"MaA/2HBastard+Crossbow/Chain (TY) [Cond+1, ApoHeal, Rend, ImmU, Regen 5, Reroll]",Man-at-Arms,2HBastard,,Chainmail,Crossbow,True,50,"Apothecary Heal,Cond Field,Immune Unwieldy,Regenerate 5,Regenerate Reroll,Rend",Random,88653,3880,26068,849,119450,0.7422,0.0325,0.9929,0.9581,20.81,0.75,20.06,1200,60000,1477.55,10,18,Animal Husbandry|Apothecary|Armory|Carpentry|Coliseum|Fletchery|Forge|Hospitaller|Infirmary|MWRend|Tannery|Tiltyard
"MaA/Morningstar+Crossbow/Chain (TY) [Cond+1, ApoHeal, Rend, ImmU, Regen 5, Reroll]",Man-at-Arms,Morningstar,,Chainmail,Crossbow,True,50,"Apothecary Heal,Cond Field,Immune Unwieldy,Regenerate 5,Regenerate Reroll,Rend",Random,78639,5894,34026,891,119450,0.6583,0.0493,0.9925,0.9303,16.94,1.08,15.86,1200,60000,1310.65,10,18,Animal Husbandry|Apothecary|Armory|Carpentry|Coliseum|Fletchery|Forge|Hospitaller|Infirmary|MWRend|Tannery|Tiltyard
"MaA/WarHammer+Longbow/Chain (TY) [Cond+1, ApoHeal, Rend, ImmU, Regen 5, Reroll]",Man-at-Arms,War Hammer,,Chainmail,Longbow,True,50,"Apothecary Heal,Cond Field,Immune Unwieldy,Regenerate 5,Regenerate Reroll,Rend",Random,75977,6030,36562,881,119450,0.6361,0.0505,0.9926,0.9265,16.14,0.92,15.22,1200,60000,1266.28,10,18,Animal Husbandry|Apothecary|Armory|Carpentry|Coliseum|Fletchery|Forge|Hospitaller|Infirmary|MWRend|Tannery|Tiltyard
"MaA/WarHammer+Javelin/Chain (TY) [Cond+1, ApoHeal, Rend, ImmU, Regen 5, Reroll]",Man-at-Arms,War Hammer,,Chainmail,Javelin,True,50,"Apothecary Heal,Cond Field,Immune Unwieldy,Regenerate 5,Regenerate Reroll,Rend",Random,71125,7197,40229,899,119450,0.5954,0.0603,0.9925,0.9081,14.69,1.11,13.59,1200,60000,1185.42,10,18,Animal Husbandry|Apothecary|Armory|Carpentry|Coliseum|Fletchery|Forge|Hospitaller|Infirmary|MWRend|Tannery|Tiltyard
"MaA/WarHammer+Crossbow/Chain (TY) [Cond+1, ApoHeal, Rend, ImmU, Regen 5, Reroll]",Man-at-Arms,War Hammer,,Chainmail,Crossbow,True,50,"Apothecary Heal,Cond Field,Immune Unwieldy,Regenerate 5,Regenerate Reroll,Rend",Random,69792,7470,41212,976,119450,0.5843,0.0625,0.9918,0.9033,14.36,1.22,13.15,1200,60000,1163.20,10,18,Animal Husbandry|Apothecary|Armory|Carpentry|Coliseum|Fletchery|Forge|Hospitaller|Infirmary|MWRend|Tannery|Tiltyard
"MaA/Lance/Scutum/Chain [Cond+1, ApoHeal, Rend, Regen 5, Reroll]",Man-at-Arms,Lance,Scutum Shield,Chainmail,,False,50,"Apothecary Heal,Cond Field,Regenerate 5,Regenerate Reroll,Rend",Random,81608,4066,32847,929,119450,0.6832,0.0340,0.9922,0.9525,20.83,0.69,20.13,1200,60000,1360.13,9,15,Animal Husbandry|Apothecary|Armory|Carpentry|Coliseum|Forge|Hospitaller|Infirmary|Joinery|MWRend|Stable|Tannery
"MaA/Lance3/Scutum/Chain [Cond+1, ApoHeal, Rend, Regen 5, Reroll]",Man-at-Arms,Lance3,Scutum Shield,Chainmail,,False,50,"Apothecary Heal,Cond Field,Regenerate 5,Regenerate Reroll,Rend",Random,81651,4077,32839,883,119450,0.6836,0.0341,0.9926,0.9524,20.80,0.67,20.12,1200,60000,1360.85,9,15,Animal Husbandry|Apothecary|Armory|Carpentry|Coliseum|Forge|Hospitaller|Infirmary|Joinery|MWRend|Stable|Tannery
"MaA/Cavalry Spear/Scutum/Chain [Cond+1, ApoHeal, Rend, Regen 5, Reroll]",Man-at-Arms,Cavalry Spear,Scutum Shield,Chainmail,,False,50,"Apothecary Heal,Cond Field,Regenerate 5,Regenerate Reroll,Rend",Random,70296,6253,41998,903,119450,0.5885,0.0523,0.9924,0.9183,17.40,1.24,16.16,1200,60000,1171.60,9,15,Animal Husbandry|Apothecary|Armory|Carpentry|Coliseum|Forge|Hospitaller|Infirmary|Joinery|MWRend|Stable|Tannery
"MaA/Lance+Crossbow/Chain (TY) [Cond+1, ApoHeal, Rend, ImmU, Regen 5, Reroll]",Man-at-Arms,Lance,,Chainmail,Crossbow,True,50,"Apothecary Heal,Cond Field,Immune Unwieldy,Regenerate 5,Regenerate Reroll,Rend",Random,79461,5184,33866,939,119450,0.6652,0.0434,0.9921,0.9388,17.44,0.87,16.57,1200,60000,1324.35,10,18,Animal Husbandry|Apothecary|Armory|Carpentry|Coliseum|Fletchery|Forge|Hospitaller|Infirmary|MWRend|Stable|Tannery|Tiltyard
"MaA/Lance3+Crossbow/Chain (TY) [Cond+1, ApoHeal, Rend, ImmU, Regen 5, Reroll]",Man-at-Arms,Lance3,,Chainmail,Crossbow,True,50,"Apothecary Heal,Cond Field,Immune Unwieldy,Regenerate 5,Regenerate Reroll,Rend",Random,79540,5195,33815,900,119450,0.6659,0.0435,0.9925,0.9387,17.41,0.86,16.55,1200,60000,1325.67,10,18,Animal Husbandry|Apothecary|Armory|Carpentry|Coliseum|Fletchery|Forge|Hospitaller|Infirmary|MWRend|Stable|Tannery|Tiltyard
"MaA/Cavalry Spear+Crossbow/Chain (TY) [Cond+1, ApoHeal, Rend, ImmU, Regen 5, Reroll]",Man-at-Arms,Cavalry Spear,,Chainmail,Crossbow,True,50,"Apothecary Heal,Cond Field,Immune Unwieldy,Regenerate 5,Regenerate Reroll,Rend",Random,68429,7938,42139,944,119450,0.5729,0.0665,0.9921,0.8961,14.43,1.50,12.93,1200,60000,1140.48,10,18,Animal Husbandry|Apothecary|Armory|Carpentry|Coliseum|Fletchery|Forge|Hospitaller|Infirmary|MWRend|Stable|Tannery|Tiltyard
"MaA/2HBastard/Chain [Outr:once, Cond+1, ApoHeal, Rend, Regen 5, Reroll]",Man-at-Arms,2HBastard,,Chainmail,,False,50,"Apothecary Heal,Cond Field,Outrider: once,Regenerate 5,Regenerate Reroll,Rend",Random,68263,3230,21031,1526,94050,0.7258,0.0343,0.9838,0.9548,21.17,1.33,19.84,1400,70000,975.19,10,25,Animal Husbandry|Apothecary|Armory|Caravanery|Cipher Chamber|Coliseum|Forge|Hospitaller|Infirmary|MWRend|Outrider Intercept Post|Tannery
"MaA/WarHammer/Chain [Outr:once, Cond+1, ApoHeal, Rend, Regen 5, Reroll]",Man-at-Arms,War Hammer,,Chainmail,,False,50,"Apothecary Heal,Cond Field,Outrider: once,Regenerate 5,Regenerate Reroll,Rend",Random,53076,6353,33042,1579,94050,0.5643,0.0675,0.9832,0.8931,13.62,1.73,11.89,1400,70000,758.23,10,25,Animal Husbandry|Apothecary|Armory|Caravanery|Cipher Chamber|Coliseum|Forge|Hospitaller|Infirmary|MWRend|Outrider Intercept Post|Tannery
"MaA/2HBastard/FullPlate [Cond+1, ApoHeal, GF, Regen 5, Reroll]",Man-at-Arms,2HBastard,,Full Plate,,False,50,"Apothecary Heal,Cond Field,GF Armor,Regenerate 5,Regenerate Reroll",Random,79062,4732,34775,881,119450,0.6619,0.0396,0.9926,0.9435,19.16,0.97,18.18,1400,70000,1129.46,6,15,Animal Husbandry|Apothecary|Armory|Coliseum|Forge|Gilded Foundry|Hospitaller|Infirmary|Tannery
"MaA/WarHammer/FullPlate [Cond+1, ApoHeal, GF, Regen 5, Reroll]",Man-at-Arms,War Hammer,,Full Plate,,False,50,"Apothecary Heal,Cond Field,GF Armor,Regenerate 5,Regenerate Reroll",Random,60306,8426,49807,911,119450,0.5049,0.0705,0.9924,0.8774,13.34,2.02,11.32,1400,70000,861.51,6,15,Animal Husbandry|Apothecary|Armory|Coliseum|Forge|Gilded Foundry|Hospitaller|Infirmary|Tannery
"MaA/Bastard/Tower/FullPlate [Cond+1, ApoHeal, GF, Regen 5, Reroll]",Man-at-Arms,Bastard Sword,Tower Shield,Full Plate,,False,50,"Apothecary Heal,Cond Field,GF Armor,Regenerate 5,Regenerate Reroll",Random,60631,7924,49953,942,119450,0.5076,0.0663,0.9921,0.8844,17.05,2.84,14.22,1200,60000,1010.52,8,15,Animal Husbandry|Apothecary|Armory|Carpentry|Coliseum|Forge|Gilded Foundry|Hospitaller|Infirmary|Joinery|Tannery
"MaA/Longbow/FullPlate [Cond+1, ApoHeal, GF, Regen 5, Reroll]",Man-at-Arms,,,Full Plate,Longbow,False,50,"Apothecary Heal,Cond Field,GF Armor,Regenerate 5,Regenerate Reroll",Random,98685,1376,18574,815,119450,0.8262,0.0115,0.9932,0.9862,28.57,0.38,28.19,1200,60000,1644.75,8,15,Animal Husbandry|Apothecary|Armory|Carpentry|Coliseum|Fletchery|Forge|Gilded Foundry|Hospitaller|Infirmary|Tannery
"MaA/Crossbow/FullPlate [Cond+1, ApoHeal, GF, Regen 5, Reroll]",Man-at-Arms,,,Full Plate,Crossbow,False,50,"Apothecary Heal,Cond Field,GF Armor,Regenerate 5,Regenerate Reroll",Random,60266,8472,49802,910,119450,0.5045,0.0709,0.9924,0.8767,13.44,2.27,11.17,1200,60000,1004.43,8,15,Animal Husbandry|Apothecary|Armory|Carpentry|Coliseum|Fletchery|Forge|Gilded Foundry|Hospitaller|Infirmary|Tannery
"MaA/Crossbow/Tower/FullPlate [Cond+1, ApoHeal, GF, Regen 5, Reroll]",Man-at-Arms,,Tower Shield,Full Plate,Crossbow,False,50,"Apothecary Heal,Cond Field,GF Armor,Regenerate 5,Regenerate Reroll",Random,60681,7934,49934,901,119450,0.5080,0.0664,0.9925,0.8844,17.05,3.02,14.03,1000,50000,1213.62,9,15,Animal Husbandry|Apothecary|Armory|Carpentry|Coliseum|Fletchery|Forge|Gilded Foundry|Hospitaller|Infirmary|Joinery|Tannery
"MaA/2HBastard+Longbow/FullPlate (TY) [Cond+1, ApoHeal, GF, ImmU, Regen 5, Reroll]",Man-at-Arms,2HBastard,,Full Plate,Longbow,True,50,"Apothecary Heal,Cond Field,GF Armor,Immune Unwieldy,Regenerate 5,Regenerate Reroll",Random,81848,4151,32588,863,119450,0.6852,0.0348,0.9928,0.9517,20.49,0.84,19.65,1200,60000,1364.13,9,18,Animal Husbandry|Apothecary|Armory|Carpentry|Coliseum|Fletchery|Forge|Gilded Foundry|Hospitaller|Infirmary|Tannery|Tiltyard
"MaA/2HBastard+Javelin/FullPlate (TY) [Cond+1, ApoHeal, GF, ImmU, Regen 5, Reroll]",Man-at-Arms,2HBastard,,Full Plate,Javelin,True,50,"Apothecary Heal,Cond Field,GF Armor,Immune Unwieldy,Regenerate 5,Regenerate Reroll",Random,78808,4715,35067,860,119450,0.6598,0.0395,0.9928,0.9435,19.06,0.93,18.14,1200,60000,1313.47,9,18,Animal Husbandry|Apothecary|Armory|Carpentry|Coliseum|Fletchery|Forge|Gilded Foundry|Hospitaller|Infirmary|Tannery|Tiltyard
"MaA/2HBastard+Crossbow/FullPlate (TY) [Cond+1, ApoHeal, GF, ImmU, Regen 5, Reroll]",Man-at-Arms,2HBastard,,Full Plate,Crossbow,True,50,"Apothecary Heal,Cond Field,GF Armor,Immune Unwieldy,Regenerate 5,Regenerate Reroll",Random,75796,5060,37682,912,119450,0.6345,0.0424,0.9924,0.9374,17.83,1.05,16.79,1200,60000,1263.27,9,18,Animal Husbandry|Apothecary|Armory|Carpentry|Coliseum|Fletchery|Forge|Gilded Foundry|Hospitaller|Infirmary|Tannery|Tiltyard
"MaA/Morningstar+Crossbow/FullPlate (TY) [Cond+1, ApoHeal, GF, ImmU, Regen 5, Reroll]",Man-at-Arms,Morningstar,,Full Plate,Crossbow,True,50,"Apothecary Heal,Cond Field,GF Armor,Immune Unwieldy,Regenerate 5,Regenerate Reroll",Random,72264,5706,40568,912,119450,0.6050,0.0478,0.9924,0.9268,16.56,1.09,15.47,1200,60000,1204.40,9,18,Animal Husbandry|Apothecary|Armory|Carpentry|Coliseum|Fletchery|Forge|Gilded Foundry|Hospitaller|Infirmary|Tannery|Tiltyard
"MaA/WarHammer+Longbow/FullPlate (TY) [Cond+1, ApoHeal, GF, ImmU, Regen 5, Reroll]",Man-at-Arms,War Hammer,,Full Plate,Longbow,True,50,"Apothecary Heal,Cond Field,GF Armor,Immune Unwieldy,Regenerate 5,Regenerate Reroll",Random,68978,6301,43233,938,119450,0.5775,0.0528,0.9921,0.9163,15.86,0.97,14.89,1200,60000,1149.63,9,18,Animal Husbandry|Apothecary|Armory|Carpentry|Coliseum|Fletchery|Forge|Gilded Foundry|Hospitaller|Infirmary|Tannery|Tiltyard
"MaA/WarHammer+Javelin/FullPlate (TY) [Cond+1, ApoHeal, GF, ImmU, Regen 5, Reroll]",Man-at-Arms,War Hammer,,Full Plate,Javelin,True,50,"Apothecary Heal,Cond Field,GF Armor,Immune Unwieldy,Regenerate 5,Regenerate Reroll",Random,65951,6999,45581,919,119450,0.5521,0.0586,0.9923,0.9041,14.93,1.10,13.83,1200,60000,1099.18,9,18,Animal Husbandry|Apothecary|Armory|Carpentry|Coliseum|Fletchery|Forge|Gilded Foundry|Hospitaller|Infirmary|Tannery|Tiltyard
"MaA/WarHammer+Crossbow/FullPlate (TY) [Cond+1, ApoHeal, GF, ImmU, Regen 5, Reroll]",Man-at-Arms,War Hammer,,Full Plate,Crossbow,True,50,"Apothecary Heal,Cond Field,GF Armor,Immune Unwieldy,Regenerate 5,Regenerate Reroll",Random,63874,7380,47301,895,119450,0.5347,0.0618,0.9925,0.8964,14.38,1.24,13.14,1200,60000,1064.57,9,18,Animal Husbandry|Apothecary|Armory|Carpentry|Coliseum|Fletchery|Forge|Gilded Foundry|Hospitaller|Infirmary|Tannery|Tiltyard
"MaA/Bastard+Longbow/Tower/FullPlate (TY) [Cond+1, ApoHeal, GF, ImmU, Regen 5, Reroll]",Man-at-Arms,Bastard Sword,Tower Shield,Full Plate,Longbow,True,50,"Apothecary Heal,Cond Field,GF Armor,Immune Unwieldy,Regenerate 5,Regenerate Reroll",Random,61111,7769,49622,948,119450,0.5116,0.0650,0.9921,0.8872,17.21,1.85,15.35,1000,50000,1222.22,10,18,Animal Husbandry|Apothecary|Armory|Carpentry|Coliseum|Fletchery|Forge|Gilded Foundry|Hospitaller|Infirmary|Joinery|Tannery|Tiltyard
"MaA/Bastard+Javelin/Tower/FullPlate (TY) [Cond+1, ApoHeal, GF, ImmU, Regen 5, Reroll]",Man-at-Arms,Bastard Sword,Tower Shield,Full Plate,Javelin,True,50,"Apothecary Heal,Cond Field,GF Armor,Immune Unwieldy,Regenerate 5,Regenerate Reroll",Random,60874,7827,49796,953,119450,0.5096,0.0655,0.9920,0.8861,17.11,2.01,15.09,1000,50000,1217.48,10,18,Animal Husbandry|Apothecary|Armory|Carpentry|Coliseum|Fletchery|Forge|Gilded Foundry|Hospitaller|Infirmary|Joinery|Tannery|Tiltyard
"MaA/Bastard+Crossbow/Tower/FullPlate (TY) [Cond+1, ApoHeal, GF, ImmU, Regen 5, Reroll]",Man-at-Arms,Bastard Sword,Tower Shield,Full Plate,Crossbow,True,50,"Apothecary Heal,Cond Field,GF Armor,Immune Unwieldy,Regenerate 5,Regenerate Reroll",Random,60726,7882,49919,923,119450,0.5084,0.0660,0.9923,0.8851,17.08,2.32,14.77,1000,50000,1214.52,10,18,Animal Husbandry|Apothecary|Armory|Carpentry|Coliseum|Fletchery|Forge|Gilded Foundry|Hospitaller|Infirmary|Joinery|Tannery|Tiltyard
"MaA/Lance+Crossbow/FullPlate (TY) [Cond+1, ApoHeal, GF, ImmU, Regen 5, Reroll]",Man-at-Arms,Lance,,Full Plate,Crossbow,True,50,"Apothecary Heal,Cond Field,GF Armor,Immune Unwieldy,Regenerate 5,Regenerate Reroll",Random,78053,4716,35724,957,119450,0.6534,0.0395,0.9920,0.9430,18.35,0.84,17.51,1200,60000,1300.88,9,18,Animal Husbandry|Apothecary|Armory|Carpentry|Coliseum|Fletchery|Forge|Gilded Foundry|Hospitaller|Infirmary|Stable|Tannery|Tiltyard
"MaA/Lance3+Crossbow/FullPlate (TY) [Cond+1, ApoHeal, GF, ImmU, Regen 5, Reroll]",Man-at-Arms,Lance3,,Full Plate,Crossbow,True,50,"Apothecary Heal,Cond Field,GF Armor,Immune Unwieldy,Regenerate 5,Regenerate Reroll",Random,78158,4677,35707,908,119450,0.6543,0.0392,0.9924,0.9435,18.36,0.81,17.55,1200,60000,1302.63,9,18,Animal Husbandry|Apothecary|Armory|Carpentry|Coliseum|Fletchery|Forge|Gilded Foundry|Hospitaller|Infirmary|Stable|Tannery|Tiltyard
"MaA/Cavalry Spear+Crossbow/FullPlate (TY) [Cond+1, ApoHeal, GF, ImmU, Regen 5, Reroll]",Man-at-Arms,Cavalry Spear,,Full Plate,Crossbow,True,50,"Apothecary Heal,Cond Field,GF Armor,Immune Unwieldy,Regenerate 5,Regenerate Reroll",Random,68423,6674,43444,909,119450,0.5728,0.0559,0.9924,0.9111,15.71,1.32,14.39,1200,60000,1140.38,9,18,Animal Husbandry|Apothecary|Armory|Carpentry|Coliseum|Fletchery|Forge|Gilded Foundry|Hospitaller|Infirmary|Stable|Tannery|Tiltyard
"MaA/2HBastard/FullPlate [Outr:once, Cond+1, ApoHeal, GF, Regen 5, Reroll]",Man-at-Arms,2HBastard,,Full Plate,,False,50,"Apothecary Heal,Cond Field,GF Armor,Outrider: once,Regenerate 5,Regenerate Reroll",Random,57971,4409,30101,1569,94050,0.6164,0.0469,0.9833,0.9293,17.58,1.64,15.94,1400,70000,828.16,9,25,Animal Husbandry|Apothecary|Armory|Caravanery|Cipher Chamber|Coliseum|Forge|Gilded Foundry|Hospitaller|Infirmary|Outrider Intercept Post|Tannery
"MaA/WarHammer/FullPlate [Outr:once, Cond+1, ApoHeal, GF, Regen 5, Reroll]",Man-at-Arms,War Hammer,,Full Plate,,False,50,"Apothecary Heal,Cond Field,GF Armor,Outrider: once,Regenerate 5,Regenerate Reroll",Random,41469,8237,42784,1560,94050,0.4409,0.0876,0.9834,0.8343,11.16,2.77,8.39,1400,70000,592.41,9,25,Animal Husbandry|Apothecary|Armory|Caravanery|Cipher Chamber|Coliseum|Forge|Gilded Foundry|Hospitaller|Infirmary|Outrider Intercept Post|Tannery
"MaA/2HBastard/FullPlate [Cond+1, ApoHeal, GF, Rend, Regen 5, Reroll]",Man-at-Arms,2HBastard,,Full Plate,,False,50,"Apothecary Heal,Cond Field,GF Armor,Regenerate 5,Regenerate Reroll,Rend",Random,79795,4665,34124,866,119450,0.6680,0.0391,0.9928,0.9448,19.38,0.92,18.45,1200,60000,1329.92,7,15,Animal Husbandry|Apothecary|Armory|Coliseum|Forge|Gilded Foundry|Hospitaller|Infirmary|MWRend|Tannery
"MaA/WarHammer/FullPlate [Cond+1, ApoHeal, GF, Rend, Regen 5, Reroll]",Man-at-Arms,War Hammer,,Full Plate,,False,50,"Apothecary Heal,Cond Field,GF Armor,Regenerate 5,Regenerate Reroll,Rend",Random,60247,8419,49865,919,119450,0.5044,0.0705,0.9923,0.8774,13.32,2.00,11.32,1200,60000,1004.12,7,15,Animal Husbandry|Apothecary|Armory|Coliseum|Forge|Gilded Foundry|Hospitaller|Infirmary|MWRend|Tannery
"MaA/Bastard/Tower/FullPlate [Cond+1, ApoHeal, GF, Rend, Regen 5, Reroll]",Man-at-Arms,Bastard Sword,Tower Shield,Full Plate,,False,50,"Apothecary Heal,Cond Field,GF Armor,Regenerate 5,Regenerate Reroll,Rend",Random,60688,7926,49927,909,119450,0.5081,0.0664,0.9924,0.8845,17.05,2.82,14.23,1000,50000,1213.76,9,15,Animal Husbandry|Apothecary|Armory|Carpentry|Coliseum|Forge|Gilded Foundry|Hospitaller|Infirmary|Joinery|MWRend|Tannery
"MaA/Longbow/FullPlate [Cond+1, ApoHeal, GF, Rend, Regen 5, Reroll]",Man-at-Arms,,,Full Plate,Longbow,False,50,"Apothecary Heal,Cond Field,GF Armor,Regenerate 5,Regenerate Reroll,Rend",Random,102800,1068,14684,898,119450,0.8606,0.0089,0.9925,0.9897,29.74,0.36,29.38,1000,50000,2056.00,9,15,Animal Husbandry|Apothecary|Armory|Carpentry|Coliseum|Fletchery|Forge|Gilded Foundry|Hospitaller|Infirmary|MWRend|Tannery
"MaA/Crossbow/FullPlate [Cond+1, ApoHeal, GF, Rend, Regen 5, Reroll]",Man-at-Arms,,,Full Plate,Crossbow,False,50,"Apothecary Heal,Cond Field,GF Armor,Regenerate 5,Regenerate Reroll,Rend",Random,60305,8451,49835,859,119450,0.5049,0.0707,0.9928,0.8771,13.44,2.23,11.20,1000,50000,1206.10,9,15,Animal Husbandry|Apothecary|Armory|Carpentry|Coliseum|Fletchery|Forge|Gilded Foundry|Hospitaller|Infirmary|MWRend|Tannery
"MaA/Crossbow/Tower/FullPlate [Cond+1, ApoHeal, GF, Rend, Regen 5, Reroll]",Man-at-Arms,,Tower Shield,Full Plate,Crossbow,False,50,"Apothecary Heal,Cond Field,GF Armor,Regenerate 5,Regenerate Reroll,Rend",Random,60636,7927,49952,935,119450,0.5076,0.0664,0.9922,0.8844,17.06,3.02,14.03,800,40000,1515.90,10,15,Animal Husbandry|Apothecary|Armory|Carpentry|Coliseum|Fletchery|Forge|Gilded Foundry|Hospitaller|Infirmary|Joinery|MWRend|Tannery
"MaA/2HBastard+Longbow/FullPlate (TY) [Cond+1, ApoHeal, GF, Rend, ImmU, Regen 5, Reroll]",Man-at-Arms,2HBastard,,Full Plate,Longbow,True,50,"Apothecary Heal,Cond Field,GF Armor,Immune Unwieldy,Regenerate 5,Regenerate Reroll,Rend",Random,82541,4143,31871,895,119450,0.6910,0.0347,0.9925,0.9522,20.75,0.81,19.94,1000,50000,1650.82,10,18,Animal Husbandry|Apothecary|Armory|Carpentry|Coliseum|Fletchery|Forge|Gilded Foundry|Hospitaller|Infirmary|MWRend|Tannery|Tiltyard
"MaA/2HBastard+Javelin/FullPlate (TY) [Cond+1, ApoHeal, GF, Rend, ImmU, Regen 5, Reroll]",Man-at-Arms,2HBastard,,Full Plate,Javelin,True,50,"Apothecary Heal,Cond Field,GF Armor,Immune Unwieldy,Regenerate 5,Regenerate Reroll,Rend",Random,79286,4669,34584,911,119450,0.6638,0.0391,0.9924,0.9444,19.26,0.89,18.37,1000,50000,1585.72,10,18,Animal Husbandry|Apothecary|Armory|Carpentry|Coliseum|Fletchery|Forge|Gilded Foundry|Hospitaller|Infirmary|MWRend|Tannery|Tiltyard
"MaA/2HBastard+Crossbow/FullPlate (TY) [Cond+1, ApoHeal, GF, Rend, ImmU, Regen 5, Reroll]",Man-at-Arms,2HBastard,,Full Plate,Crossbow,True,50,"Apothecary Heal,Cond Field,GF Armor,Immune Unwieldy,Regenerate 5,Regenerate Reroll,Rend",Random,76282,5097,37188,883,119450,0.6386,0.0427,0.9926,0.9374,17.97,1.01,16.96,1000,50000,1525.64,10,18,Animal Husbandry|Apothecary|Armory|Carpentry|Coliseum|Fletchery|Forge|Gilded Foundry|Hospitaller|Infirmary|MWRend|Tannery|Tiltyard
"MaA/Morningstar+Crossbow/FullPlate (TY) [Cond+1, ApoHeal, GF, Rend, ImmU, Regen 5, Reroll]",Man-at-Arms,Morningstar,,Full Plate,Crossbow,True,50,"Apothecary Heal,Cond Field,GF Armor,Immune Unwieldy,Regenerate 5,Regenerate Reroll,Rend",Random,72426,5609,40487,928,119450,0.6063,0.0470,0.9922,0.9281,16.62,1.06,15.56,1000,50000,1448.52,10,18,Animal Husbandry|Apothecary|Armory|Carpentry|Coliseum|Fletchery|Forge|Gilded Foundry|Hospitaller|Infirmary|MWRend|Tannery|Tiltyard
"MaA/WarHammer+Longbow/FullPlate (TY) [Cond+1, ApoHeal, GF, Rend, ImmU, Regen 5, Reroll]",Man-at-Arms,War Hammer,,Full Plate,Longbow,True,50,"Apothecary Heal,Cond Field,GF Armor,Immune Unwieldy,Regenerate 5,Regenerate Reroll,Rend",Random,69051,6198,43225,976,119450,0.5781,0.0519,0.9918,0.9176,15.95,0.92,15.02,1000,50000,1381.02,10,18,Animal Husbandry|Apothecary|Armory|Carpentry|Coliseum|Fletchery|Forge|Gilded Foundry|Hospitaller|Infirmary|MWRend|Tannery|Tiltyard
"MaA/WarHammer+Javelin/FullPlate (TY) [Cond+1, ApoHeal, GF, Rend, ImmU, Regen 5, Reroll]",Man-at-Arms,War Hammer,,Full Plate,Javelin,True,50,"Apothecary Heal,Cond Field,GF Armor,Immune Unwieldy,Regenerate 5,Regenerate Reroll,Rend",Random,65963,6945,45591,951,119450,0.5522,0.0581,0.9920,0.9047,14.97,1.06,13.91,1000,50000,1319.26,10,18,Animal Husbandry|Apothecary|Armory|Carpentry|Coliseum|Fletchery|Forge|Gilded Foundry|Hospitaller|Infirmary|MWRend|Tannery|Tiltyard
"MaA/WarHammer+Crossbow/FullPlate (TY) [Cond+1, ApoHeal, GF, Rend, ImmU, Regen 5, Reroll]",Man-at-Arms,War Hammer,,Full Plate,Crossbow,True,50,"Apothecary Heal,Cond Field,GF Armor,Immune Unwieldy,Regenerate 5,Regenerate Reroll,Rend",Random,64019,7372,47122,937,119450,0.5359,0.0617,0.9922,0.8967,14.44,1.24,13.20,1000,50000,1280.38,10,18,Animal Husbandry|Apothecary|Armory|Carpentry|Coliseum|Fletchery|Forge|Gilded Foundry|Hospitaller|Infirmary|MWRend|Tannery|Tiltyard
"MaA/Lance+Crossbow/FullPlate (TY) [Cond+1, ApoHeal, GF, Rend, ImmU, Regen 5, Reroll]",Man-at-Arms,Lance,,Full Plate,Crossbow,True,50,"Apothecary Heal,Cond Field,GF Armor,Immune Unwieldy,Regenerate 5,Regenerate Reroll,Rend",Random,78287,4643,35599,921,119450,0.6554,0.0389,0.9923,0.9440,18.42,0.78,17.64,1000,50000,1565.74,10,18,Animal Husbandry|Apothecary|Armory|Carpentry|Coliseum|Fletchery|Forge|Gilded Foundry|Hospitaller|Infirmary|MWRend|Stable|Tannery|Tiltyard
"MaA/Lance3+Crossbow/FullPlate (TY) [Cond+1, ApoHeal, GF, Rend, ImmU, Regen 5, Reroll]",Man-at-Arms,Lance3,,Full Plate,Crossbow,True,50,"Apothecary Heal,Cond Field,GF Armor,Immune Unwieldy,Regenerate 5,Regenerate Reroll,Rend",Random,78153,4649,35726,922,119450,0.6543,0.0389,0.9923,0.9439,18.42,0.77,17.65,1000,50000,1563.06,10,18,Animal Husbandry|Apothecary|Armory|Carpentry|Coliseum|Fletchery|Forge|Gilded Foundry|Hospitaller|Infirmary|MWRend|Stable|Tannery|Tiltyard
"MaA/Cavalry Spear+Crossbow/FullPlate (TY) [Cond+1, ApoHeal, GF, Rend, ImmU, Regen 5, Reroll]",Man-at-Arms,Cavalry Spear,,Full Plate,Crossbow,True,50,"Apothecary Heal,Cond Field,GF Armor,Immune Unwieldy,Regenerate 5,Regenerate Reroll,Rend",Random,68344,6639,43541,926,119450,0.5722,0.0556,0.9922,0.9115,15.74,1.29,14.46,1000,50000,1366.88,10,18,Animal Husbandry|Apothecary|Armory|Carpentry|Coliseum|Fletchery|Forge|Gilded Foundry|Hospitaller|Infirmary|MWRend|Stable|Tannery|Tiltyard
"MaA/2HBastard/FullPlate [Outr:once, Cond+1, ApoHeal, GF, Rend, Regen 5, Reroll]",Man-at-Arms,2HBastard,,Full Plate,,False,50,"Apothecary Heal,Cond Field,GF Armor,Outrider: once,Regenerate 5,Regenerate Reroll,Rend",Random,58757,4313,29440,1540,94050,0.6247,0.0459,0.9836,0.9316,17.84,1.57,16.27,1200,60000,979.28,10,25,Animal Husbandry|Apothecary|Armory|Caravanery|Cipher Chamber|Coliseum|Forge|Gilded Foundry|Hospitaller|Infirmary|MWRend|Outrider Intercept Post|Tannery
"MaA/WarHammer/FullPlate [Outr:once, Cond+1, ApoHeal, GF, Rend, Regen 5, Reroll]",Man-at-Arms,War Hammer,,Full Plate,,False,50,"Apothecary Heal,Cond Field,GF Armor,Outrider: once,Regenerate 5,Regenerate Reroll,Rend",Random,41433,8183,42844,1590,94050,0.4405,0.0870,0.9831,0.8351,11.15,2.74,8.41,1200,60000,690.55,10,25,Animal Husbandry|Apothecary|Armory|Caravanery|Cipher Chamber|Coliseum|Forge|Gilded Foundry|Hospitaller|Infirmary|MWRend|Outrider Intercept Post|Tannery
"MaA/2HBastard/Chain [Poison, Cond+1, ApoHeal, Regen 5, Reroll]",Man-at-Arms,2HBastard,,Chainmail,,False,50,"Apothecary Heal,Cond Field,Poison,Regenerate 5,Regenerate Reroll",Random,95020,2751,20862,817,119450,0.7955,0.0230,0.9932,0.9719,23.92,0.63,23.29,1600,80000,1187.75,8,18,Animal Husbandry|Apothecary|Armory|Coliseum|Forge|Hospitaller|Infirmary|Tannery|Toxicarium
"MaA/WarHammer/Chain [Poison, Cond+1, ApoHeal, Regen 5, Reroll]",Man-at-Arms,War Hammer,,Chainmail,,False,50,"Apothecary Heal,Cond Field,Poison,Regenerate 5,Regenerate Reroll",Random,70924,7462,40137,927,119450,0.5938,0.0625,0.9922,0.9048,14.41,1.24,13.17,1600,80000,886.55,8,18,Animal Husbandry|Apothecary|Armory|Coliseum|Forge|Hospitaller|Infirmary|Tannery|Toxicarium
"MaA/Crossbow/Chain [Poison, Cond+1, ApoHeal, Regen 5, Reroll]",Man-at-Arms,,,Chainmail,Crossbow,False,50,"Apothecary Heal,Cond Field,Poison,Regenerate 5,Regenerate Reroll",Random,67463,7968,43139,880,119450,0.5648,0.0667,0.9926,0.8944,13.76,1.47,12.29,1400,70000,963.76,10,18,Animal Husbandry|Apothecary|Armory|Carpentry|Coliseum|Fletchery|Forge|Hospitaller|Infirmary|Tannery|Toxicarium
"MaA/Lance/Scutum/Chain [Poison, Cond+1, ApoHeal, Regen 5, Reroll]",Man-at-Arms,Lance,Scutum Shield,Chainmail,,False,50,"Apothecary Heal,Cond Field,Poison,Regenerate 5,Regenerate Reroll",Random,86406,3222,28924,898,119450,0.7234,0.0270,0.9925,0.9641,22.19,0.63,21.57,1400,70000,1234.37,10,18,Animal Husbandry|Apothecary|Armory|Carpentry|Coliseum|Forge|Hospitaller|Infirmary|Joinery|Stable|Tannery|Toxicarium
"MaA/Lance3/Scutum/Chain [Poison, Cond+1, ApoHeal, Regen 5, Reroll]",Man-at-Arms,Lance3,Scutum Shield,Chainmail,,False,50,"Apothecary Heal,Cond Field,Poison,Regenerate 5,Regenerate Reroll",Random,86521,3279,28741,909,119450,0.7243,0.0275,0.9924,0.9635,22.24,0.64,21.60,1400,70000,1236.01,10,18,Animal Husbandry|Apothecary|Armory|Carpentry|Coliseum|Forge|Hospitaller|Infirmary|Joinery|Stable|Tannery|Toxicarium
"MaA/Cavalry Spear/Scutum/Chain [Poison, Cond+1, ApoHeal, Regen 5, Reroll]",Man-at-Arms,Cavalry Spear,Scutum Shield,Chainmail,,False,50,"Apothecary Heal,Cond Field,Poison,Regenerate 5,Regenerate Reroll",Random,78006,4999,35534,911,119450,0.6530,0.0419,0.9924,0.9398,19.83,0.95,18.88,1400,70000,1114.37,10,18,Animal Husbandry|Apothecary|Armory|Carpentry|Coliseum|Forge|Hospitaller|Infirmary|Joinery|Stable|Tannery|Toxicarium
"MaA/2HBastard/Chain [Poison, Cond+1, ApoHeal, Rend, Regen 5, Reroll]",Man-at-Arms,2HBastard,,Chainmail,,False,50,"Apothecary Heal,Cond Field,Poison,Regenerate 5,Regenerate Reroll,Rend",Random,98628,2309,17705,808,119450,0.8257,0.0193,0.9932,0.9771,24.83,0.53,24.29,1400,70000,1408.97,9,18,Animal Husbandry|Apothecary|Armory|Coliseum|Forge|Hospitaller|Infirmary|MWRend|Tannery|Toxicarium
"MaA/WarHammer/Chain [Poison, Cond+1, ApoHeal, Rend, Regen 5, Reroll]",Man-at-Arms,War Hammer,,Chainmail,,False,50,"Apothecary Heal,Cond Field,Poison,Regenerate 5,Regenerate Reroll,Rend",Random,70883,7438,40230,899,119450,0.5934,0.0623,0.9925,0.9050,14.46,1.17,13.28,1400,70000,1012.61,9,18,Animal Husbandry|Apothecary|Armory|Coliseum|Forge|Hospitaller|Infirmary|MWRend|Tannery|Toxicarium
"MaA/2HBastard/FullPlate [Poison, Cond+1, ApoHeal, GF, Regen 5, Reroll]",Man-at-Arms,2HBastard,,Full Plate,,False,50,"Apothecary Heal,Cond Field,GF Armor,Poison,Regenerate 5,Regenerate Reroll",Random,84606,3623,30364,857,119450,0.7083,0.0303,0.9928,0.9589,20.87,0.77,20.10,1400,70000,1208.66,8,18,Animal Husbandry|Apothecary|Armory|Coliseum|Forge|Gilded Foundry|Hospitaller|Infirmary|Tannery|Toxicarium
"MaA/WarHammer/FullPlate [Poison, Cond+1, ApoHeal, GF, Regen 5, Reroll]",Man-at-Arms,War Hammer,,Full Plate,,False,50,"Apothecary Heal,Cond Field,GF Armor,Poison,Regenerate 5,Regenerate Reroll",Random,60199,8434,49852,965,119450,0.5040,0.0706,0.9919,0.8771,13.35,2.04,11.31,1400,70000,859.99,8,18,Animal Husbandry|Apothecary|Armory|Coliseum|Forge|Gilded Foundry|Hospitaller|Infirmary|Tannery|Toxicarium
"MaA/Bastard/Tower/FullPlate [Poison, Cond+1, ApoHeal, GF, Regen 5, Reroll]",Man-at-Arms,Bastard Sword,Tower Shield,Full Plate,,False,50,"Apothecary Heal,Cond Field,GF Armor,Poison,Regenerate 5,Regenerate Reroll",Random,60651,7930,49923,946,119450,0.5078,0.0664,0.9921,0.8844,17.07,2.83,14.24,1200,60000,1010.85,10,18,Animal Husbandry|Apothecary|Armory|Carpentry|Coliseum|Forge|Gilded Foundry|Hospitaller|Infirmary|Joinery|Tannery|Toxicarium
"MaA/Longbow/FullPlate [Poison, Cond+1, ApoHeal, GF, Regen 5, Reroll]",Man-at-Arms,,,Full Plate,Longbow,False,50,"Apothecary Heal,Cond Field,GF Armor,Poison,Regenerate 5,Regenerate Reroll",Random,100761,1054,16827,808,119450,0.8435,0.0088,0.9932,0.9896,29.82,0.34,29.47,1200,60000,1679.35,10,18,Animal Husbandry|Apothecary|Armory|Carpentry|Coliseum|Fletchery|Forge|Gilded Foundry|Hospitaller|Infirmary|Tannery|Toxicarium
"MaA/Crossbow/FullPlate [Poison, Cond+1, ApoHeal, GF, Regen 5, Reroll]",Man-at-Arms,,,Full Plate,Crossbow,False,50,"Apothecary Heal,Cond Field,GF Armor,Poison,Regenerate 5,Regenerate Reroll",Random,60198,8465,49813,974,119450,0.5040,0.0709,0.9918,0.8767,13.47,2.29,11.18,1200,60000,1003.30,10,18,Animal Husbandry|Apothecary|Armory|Carpentry|Coliseum|Fletchery|Forge|Gilded Foundry|Hospitaller|Infirmary|Tannery|Toxicarium
"MaA/2HBastard/FullPlate [Poison, Cond+1, ApoHeal, GF, Rend, Regen 5, Reroll]",Man-at-Arms,2HBastard,,Full Plate,,False,50,"Apothecary Heal,Cond Field,GF Armor,Poison,Regenerate 5,Regenerate Reroll,Rend",Random,85626,3501,29416,907,119450,0.7168,0.0293,0.9924,0.9607,21.14,0.74,20.40,1200,60000,1427.10,9,18,Animal Husbandry|Apothecary|Armory|Coliseum|Forge|Gilded Foundry|Hospitaller|Infirmary|MWRend|Tannery|Toxicarium
"MaA/WarHammer/FullPlate [Poison, Cond+1, ApoHeal, GF, Rend, Regen 5, Reroll]",Man-at-Arms,War Hammer,,Full Plate,,False,50,"Apothecary Heal,Cond Field,GF Armor,Poison,Regenerate 5,Regenerate Reroll,Rend",Random,60287,8474,49813,876,119450,0.5047,0.0709,0.9927,0.8768,13.33,2.00,11.33,1200,60000,1004.78,9,18,Animal Husbandry|Apothecary|Armory|Coliseum|Forge|Gilded Foundry|Hospitaller|Infirmary|MWRend|Tannery|Toxicarium
"MaA/2HBastard/Chain [Unshakable, Cond+1]",Man-at-Arms,2HBastard,,Chainmail,,False,50,"Cond Field,Unshakable",Random,38183,28141,10118,708,77150,0.4949,0.3648,0.9908,0.5757,12.90,9.16,3.73,1600,80000,477.29,5,22,Animal Husbandry|Armory|Coliseum|Forge|Preceptory|Tannery
"MaA/WarHammer/Chain [Unshakable, Cond+1]",Man-at-Arms,War Hammer,,Chainmail,,False,50,"Cond Field,Unshakable",Random,28381,34882,13126,761,77150,0.3679,0.4521,0.9901,0.4486,9.55,12.80,-3.25,1600,80000,354.76,5,22,Animal Husbandry|Armory|Coliseum|Forge|Preceptory|Tannery
"MaA/Crossbow/Chain [Unshakable, Cond+1]",Man-at-Arms,,,Chainmail,Crossbow,False,50,"Cond Field,Unshakable",Random,27409,35606,13390,745,77150,0.3553,0.4615,0.9903,0.4350,9.33,14.01,-4.68,1400,70000,391.56,7,22,Animal Husbandry|Armory|Carpentry|Coliseum|Fletchery|Forge|Preceptory|Tannery
"MaA/2HBastard+Longbow/Chain (TY) [ImmU, Unshakable, Cond+1]",Man-at-Arms,2HBastard,,Chainmail,Longbow,True,50,"Cond Field,Immune Unwieldy,Unshakable",Random,41470,25188,9783,709,77150,0.5375,0.3265,0.9908,0.6221,14.02,7.80,6.22,1400,70000,592.43,8,22,Animal Husbandry|Armory|Carpentry|Coliseum|Fletchery|Forge|Preceptory|Tannery|Tiltyard
"MaA/2HBastard+Javelin/Chain (TY) [ImmU, Unshakable, Cond+1]",Man-at-Arms,2HBastard,,Chainmail,Javelin,True,50,"Cond Field,Immune Unwieldy,Unshakable",Random,37948,28193,10335,674,77150,0.4919,0.3654,0.9913,0.5737,12.70,8.97,3.74,1400,70000,542.11,8,22,Animal Husbandry|Armory|Carpentry|Coliseum|Fletchery|Forge|Preceptory|Tannery|Tiltyard
"MaA/2HBastard+Crossbow/Chain (TY) [ImmU, Unshakable, Cond+1]",Man-at-Arms,2HBastard,,Chainmail,Crossbow,True,50,"Cond Field,Immune Unwieldy,Unshakable",Random,36726,29194,10482,748,77150,0.4760,0.3784,0.9903,0.5571,12.31,9.76,2.56,1400,70000,524.66,8,22,Animal Husbandry|Armory|Carpentry|Coliseum|Fletchery|Forge|Preceptory|Tannery|Tiltyard
"MaA/Morningstar+Crossbow/Chain (TY) [ImmU, Unshakable, Cond+1]",Man-at-Arms,Morningstar,,Chainmail,Crossbow,True,50,"Cond Field,Immune Unwieldy,Unshakable",Random,31315,32856,12231,748,77150,0.4059,0.4259,0.9903,0.4880,10.44,12.19,-1.75,1400,70000,447.36,8,22,Animal Husbandry|Armory|Carpentry|Coliseum|Fletchery|Forge|Preceptory|Tannery|Tiltyard
"MaA/WarHammer+Longbow/Chain (TY) [ImmU, Unshakable, Cond+1]",Man-at-Arms,War Hammer,,Chainmail,Longbow,True,50,"Cond Field,Immune Unwieldy,Unshakable",Random,31770,31628,13046,706,77150,0.4118,0.4100,0.9908,0.5011,10.68,10.18,0.49,1400,70000,453.86,8,22,Animal Husbandry|Armory|Carpentry|Coliseum|Fletchery|Forge|Preceptory|Tannery|Tiltyard
"MaA/WarHammer+Javelin/Chain (TY) [ImmU, Unshakable, Cond+1]",Man-at-Arms,War Hammer,,Chainmail,Javelin,True,50,"Cond Field,Immune Unwieldy,Unshakable",Random,29192,33811,13371,776,77150,0.3784,0.4383,0.9899,0.4633,9.84,11.67,-1.83,1400,70000,417.03,8,22,Animal Husbandry|Armory|Carpentry|Coliseum|Fletchery|Forge|Preceptory|Tannery|Tiltyard
"MaA/WarHammer+Crossbow/Chain (TY) [ImmU, Unshakable, Cond+1]",Man-at-Arms,War Hammer,,Chainmail,Crossbow,True,50,"Cond Field,Immune Unwieldy,Unshakable",Random,28529,34568,13296,757,77150,0.3698,0.4481,0.9902,0.4521,9.65,12.57,-2.92,1400,70000,407.56,8,22,Animal Husbandry|Armory|Carpentry|Coliseum|Fletchery|Forge|Preceptory|Tannery|Tiltyard
"MaA/Lance/Scutum/Chain [Unshakable, Cond+1]",Man-at-Arms,Lance,Scutum Shield,Chainmail,,False,50,"Cond Field,Unshakable",Random,44783,11598,20036,733,77150,0.5805,0.1503,0.9905,0.7943,17.25,3.38,13.86,1400,70000,639.76,7,22,Animal Husbandry|Armory|Carpentry|Coliseum|Forge|Joinery|Preceptory|Stable|Tannery
"MaA/Lance3/Scutum/Chain [Unshakable, Cond+1]",Man-at-Arms,Lance3,Scutum Shield,Chainmail,,False,50,"Cond Field,Unshakable",Random,44668,11534,20142,806,77150,0.5790,0.1495,0.9896,0.7948,17.26,3.39,13.87,1400,70000,638.11,7,22,Animal Husbandry|Armory|Carpentry|Coliseum|Forge|Joinery|Preceptory|Stable|Tannery
"MaA/Cavalry Spear/Scutum/Chain [Unshakable, Cond+1]",Man-at-Arms,Cavalry Spear,Scutum Shield,Chainmail,,False,50,"Cond Field,Unshakable",Random,37738,14336,24319,757,77150,0.4892,0.1858,0.9902,0.7247,14.83,4.81,10.02,1400,70000,539.11,7,22,Animal Husbandry|Armory|Carpentry|Coliseum|Forge|Joinery|Preceptory|Stable|Tannery
"MaA/Lance+Crossbow/Chain (TY) [ImmU, Unshakable, Cond+1]",Man-at-Arms,Lance,,Chainmail,Crossbow,True,50,"Cond Field,Immune Unwieldy,Unshakable",Random,33284,30631,12491,744,77150,0.4314,0.3970,0.9904,0.5208,11.38,9.87,1.51,1400,70000,475.49,8,22,Animal Husbandry|Armory|Carpentry|Coliseum|Fletchery|Forge|Preceptory|Stable|Tannery|Tiltyard
"MaA/Lance3+Crossbow/Chain (TY) [ImmU, Unshakable, Cond+1]",Man-at-Arms,Lance3,,Chainmail,Crossbow,True,50,"Cond Field,Immune Unwieldy,Unshakable",Random,33296,30561,12537,756,77150,0.4316,0.3961,0.9902,0.5214,11.36,9.82,1.55,1400,70000,475.66,8,22,Animal Husbandry|Armory|Carpentry|Coliseum|Fletchery|Forge|Preceptory|Stable|Tannery|Tiltyard
"MaA/Cavalry Spear+Crossbow/Chain (TY) [ImmU, Unshakable, Cond+1]",Man-at-Arms,Cavalry Spear,,Chainmail,Crossbow,True,50,"Cond Field,Immune Unwieldy,Unshakable",Random,28346,34637,13442,725,77150,0.3674,0.4490,0.9906,0.4501,9.81,12.77,-2.97,1400,70000,404.94,8,22,Animal Husbandry|Armory|Carpentry|Coliseum|Fletchery|Forge|Preceptory|Stable|Tannery|Tiltyard
"MaA/Lance+Longbow/Scutum/Chain (TY) [ImmU, Unshakable, Cond+1]",Man-at-Arms,Lance,Scutum Shield,Chainmail,Longbow,True,50,"Cond Field,Immune Unwieldy,Unshakable",Random,48842,9531,18054,723,77150,0.6331,0.1235,0.9906,0.8367,18.96,2.70,16.25,1200,60000,814.03,9,22,Animal Husbandry|Armory|Carpentry|Coliseum|Fletchery|Forge|Joinery|Preceptory|Stable|Tannery|Tiltyard
"MaA/Lance3+Longbow/Scutum/Chain (TY) [ImmU, Unshakable, Cond+1]",Man-at-Arms,Lance3,Scutum Shield,Chainmail,Longbow,True,50,"Cond Field,Immune Unwieldy,Unshakable",Random,48838,9627,17923,762,77150,0.6330,0.1248,0.9901,0.8353,19.02,2.76,16.26,1200,60000,813.97,9,22,Animal Husbandry|Armory|Carpentry|Coliseum|Fletchery|Forge|Joinery|Preceptory|Stable|Tannery|Tiltyard
"MaA/Cavalry Spear+Longbow/Scutum/Chain (TY) [ImmU, Unshakable, Cond+1]",Man-at-Arms,Cavalry Spear,Scutum Shield,Chainmail,Longbow,True,50,"Cond Field,Immune Unwieldy,Unshakable",Random,41648,12201,22575,726,77150,0.5398,0.1581,0.9906,0.7734,16.28,3.69,12.59,1200,60000,694.13,9,22,Animal Husbandry|Armory|Carpentry|Coliseum|Fletchery|Forge|Joinery|Preceptory|Stable|Tannery|Tiltyard
"MaA/Lance+Javelin/Scutum/Chain (TY) [ImmU, Unshakable, Cond+1]",Man-at-Arms,Lance,Scutum Shield,Chainmail,Javelin,True,50,"Cond Field,Immune Unwieldy,Unshakable",Random,45283,11279,19862,726,77150,0.5869,0.1462,0.9906,0.8006,17.45,3.21,14.24,1200,60000,754.72,9,22,Animal Husbandry|Armory|Carpentry|Coliseum|Fletchery|Forge|Joinery|Preceptory|Stable|Tannery|Tiltyard
"MaA/Lance3+Javelin/Scutum/Chain (TY) [ImmU, Unshakable, Cond+1]",Man-at-Arms,Lance3,Scutum Shield,Chainmail,Javelin,True,50,"Cond Field,Immune Unwieldy,Unshakable",Random,45296,11251,19872,731,77150,0.5871,0.1458,0.9905,0.8010,17.51,3.25,14.26,1200,60000,754.93,9,22,Animal Husbandry|Armory|Carpentry|Coliseum|Fletchery|Forge|Joinery|Preceptory|Stable|Tannery|Tiltyard
"MaA/Cavalry Spear+Javelin/Scutum/Chain (TY) [ImmU, Unshakable, Cond+1]",Man-at-Arms,Cavalry Spear,Scutum Shield,Chainmail,Javelin,True,50,"Cond Field,Immune Unwieldy,Unshakable",Random,38846,13659,23883,762,77150,0.5035,0.1770,0.9901,0.7399,15.25,4.31,10.94,1200,60000,647.43,9,22,Animal Husbandry|Armory|Carpentry|Coliseum|Fletchery|Forge|Joinery|Preceptory|Stable|Tannery|Tiltyard
"MaA/2HBastard+Longbow/Chain (TY) [Drilled, Nimble, Cond+1, Unshakable, ImmU, Immune Strain]",Man-at-Arms,2HBastard,,Chainmail,Longbow,True,50,"Cond Field,Drilled,Immune Strain,Immune Unwieldy,Nimble,Unshakable",Random,47091,23288,2210,711,73300,0.6424,0.3177,0.9903,0.6691,15.95,7.81,8.14,1400,70000,672.73,10,26,Animal Husbandry|Armory|Carpentry|Coliseum|Fletchery|Forge|Preceptory|Royal Pavilion|Tannery|Tiltyard
"MaA/2HBastard+Javelin/Chain (TY) [Drilled, Nimble, Cond+1, Unshakable, ImmU, Immune Strain]",Man-at-Arms,2HBastard,,Chainmail,Javelin,True,50,"Cond Field,Drilled,Immune Strain,Immune Unwieldy,Nimble,Unshakable",Random,44747,25501,2331,721,73300,0.6105,0.3479,0.9902,0.6370,14.90,8.78,6.12,1400,70000,639.24,10,26,Animal Husbandry|Armory|Carpentry|Coliseum|Fletchery|Forge|Preceptory|Royal Pavilion|Tannery|Tiltyard
"MaA/2HBastard+Crossbow/Chain (TY) [Drilled, Nimble, Cond+1, Unshakable, ImmU, Immune Strain]",Man-at-Arms,2HBastard,,Chainmail,Crossbow,True,50,"Cond Field,Drilled,Immune Strain,Immune Unwieldy,Nimble,Unshakable",Random,44361,25996,2231,712,73300,0.6052,0.3547,0.9903,0.6305,14.82,9.04,5.77,1400,70000,633.73,10,26,Animal Husbandry|Armory|Carpentry|Coliseum|Fletchery|Forge|Preceptory|Royal Pavilion|Tannery|Tiltyard
"MaA/Morningstar+Crossbow/Chain (TY) [Drilled, Nimble, Cond+1, Unshakable, ImmU, Immune Strain]",Man-at-Arms,Morningstar,,Chainmail,Crossbow,True,50,"Cond Field,Drilled,Immune Strain,Immune Unwieldy,Nimble,Unshakable",Random,40416,29225,2914,745,73300,0.5514,0.3987,0.9898,0.5803,12.89,11.28,1.61,1400,70000,577.37,10,26,Animal Husbandry|Armory|Carpentry|Coliseum|Fletchery|Forge|Preceptory|Royal Pavilion|Tannery|Tiltyard
"MaA/WarHammer+Longbow/Chain (TY) [Drilled, Nimble, Cond+1, Unshakable, ImmU, Immune Strain]",Man-at-Arms,War Hammer,,Chainmail,Longbow,True,50,"Cond Field,Drilled,Immune Strain,Immune Unwieldy,Nimble,Unshakable",Random,41240,28561,2763,736,73300,0.5626,0.3896,0.9900,0.5908,12.97,10.07,2.91,1400,70000,589.14,10,26,Animal Husbandry|Armory|Carpentry|Coliseum|Fletchery|Forge|Preceptory|Royal Pavilion|Tannery|Tiltyard
"MaA/WarHammer+Javelin/Chain (TY) [Drilled, Nimble, Cond+1, Unshakable, ImmU, Immune Strain]",Man-at-Arms,War Hammer,,Chainmail,Javelin,True,50,"Cond Field,Drilled,Immune Strain,Immune Unwieldy,Nimble,Unshakable",Random,39219,30443,2887,751,73300,0.5350,0.4153,0.9898,0.5630,12.20,11.38,0.83,1400,70000,560.27,10,26,Animal Husbandry|Armory|Carpentry|Coliseum|Fletchery|Forge|Preceptory|Royal Pavilion|Tannery|Tiltyard
"MaA/WarHammer+Crossbow/Chain (TY) [Drilled, Nimble, Cond+1, Unshakable, ImmU, Immune Strain]",Man-at-Arms,War Hammer,,Chainmail,Crossbow,True,50,"Cond Field,Drilled,Immune Strain,Immune Unwieldy,Nimble,Unshakable",Random,39001,30515,3030,754,73300,0.5321,0.4163,0.9897,0.5610,12.17,11.53,0.64,1400,70000,557.16,10,26,Animal Husbandry|Armory|Carpentry|Coliseum|Fletchery|Forge|Preceptory|Royal Pavilion|Tannery|Tiltyard
"MaA/Lance+Crossbow/Chain (TY) [Drilled, Nimble, Cond+1, Unshakable, ImmU, Immune Strain]",Man-at-Arms,Lance,,Chainmail,Crossbow,True,50,"Cond Field,Drilled,Immune Strain,Immune Unwieldy,Nimble,Unshakable",Random,43052,27121,2386,741,73300,0.5873,0.3700,0.9899,0.6135,14.23,9.12,5.11,1400,70000,615.03,10,26,Animal Husbandry|Armory|Carpentry|Coliseum|Fletchery|Forge|Preceptory|Royal Pavilion|Stable|Tannery|Tiltyard
"MaA/Lance3+Crossbow/Chain (TY) [Drilled, Nimble, Cond+1, Unshakable, ImmU, Immune Strain]",Man-at-Arms,Lance3,,Chainmail,Crossbow,True,50,"Cond Field,Drilled,Immune Strain,Immune Unwieldy,Nimble,Unshakable",Random,43108,26947,2503,742,73300,0.5881,0.3676,0.9899,0.6153,14.28,9.13,5.15,1400,70000,615.83,10,26,Animal Husbandry|Armory|Carpentry|Coliseum|Fletchery|Forge|Preceptory|Royal Pavilion|Stable|Tannery|Tiltyard
"MaA/Cavalry Spear+Crossbow/Chain (TY) [Drilled, Nimble, Cond+1, Unshakable, ImmU, Immune Strain]",Man-at-Arms,Cavalry Spear,,Chainmail,Crossbow,True,50,"Cond Field,Drilled,Immune Strain,Immune Unwieldy,Nimble,Unshakable",Random,39063,30380,3063,794,73300,0.5329,0.4145,0.9892,0.5625,12.84,11.62,1.22,1400,70000,558.04,10,26,Animal Husbandry|Armory|Carpentry|Coliseum|Fletchery|Forge|Preceptory|Royal Pavilion|Stable|Tannery|Tiltyard
"MaA/2HBastard/Chain [Rend, Unshakable, Cond+1]",Man-at-Arms,2HBastard,,Chainmail,,False,50,"Cond Field,Rend,Unshakable",Random,38925,27672,9821,732,77150,0.5045,0.3587,0.9905,0.5845,13.16,8.45,4.71,1400,70000,556.07,6,22,Animal Husbandry|Armory|Coliseum|Forge|MWRend|Preceptory|Tannery
"MaA/WarHammer/Chain [Rend, Unshakable, Cond+1]",Man-at-Arms,War Hammer,,Chainmail,,False,50,"Cond Field,Rend,Unshakable",Random,28423,34894,13078,755,77150,0.3684,0.4523,0.9902,0.4489,9.57,12.32,-2.75,1400,70000,406.04,6,22,Animal Husbandry|Armory|Coliseum|Forge|MWRend|Preceptory|Tannery
"MaA/Crossbow/Chain [Rend, Unshakable, Cond+1]",Man-at-Arms,,,Chainmail,Crossbow,False,50,"Cond Field,Rend,Unshakable",Random,27421,35558,13429,742,77150,0.3554,0.4609,0.9904,0.4354,9.37,13.57,-4.20,1200,60000,457.02,8,22,Animal Husbandry|Armory|Carpentry|Coliseum|Fletchery|Forge|MWRend|Preceptory|Tannery
"MaA/2HBastard+Longbow/Chain (TY) [ImmU, Rend, Unshakable, Cond+1]",Man-at-Arms,2HBastard,,Chainmail,Longbow,True,50,"Cond Field,Immune Unwieldy,Rend,Unshakable",Random,42138,24713,9573,726,77150,0.5462,0.3203,0.9906,0.6303,14.34,6.98,7.37,1200,60000,702.30,9,22,Animal Husbandry|Armory|Carpentry|Coliseum|Fletchery|Forge|MWRend|Preceptory|Tannery|Tiltyard
"MaA/2HBastard+Javelin/Chain (TY) [ImmU, Rend, Unshakable, Cond+1]",Man-at-Arms,2HBastard,,Chainmail,Javelin,True,50,"Cond Field,Immune Unwieldy,Rend,Unshakable",Random,38728,27542,10145,735,77150,0.5020,0.3570,0.9905,0.5844,13.01,8.16,4.85,1200,60000,645.47,9,22,Animal Husbandry|Armory|Carpentry|Coliseum|Fletchery|Forge|MWRend|Preceptory|Tannery|Tiltyard
"MaA/2HBastard+Crossbow/Chain (TY) [ImmU, Rend, Unshakable, Cond+1]",Man-at-Arms,2HBastard,,Chainmail,Crossbow,True,50,"Cond Field,Immune Unwieldy,Rend,Unshakable",Random,37259,28800,10339,752,77150,0.4829,0.3733,0.9903,0.5640,12.58,9.02,3.56,1200,60000,620.98,9,22,Animal Husbandry|Armory|Carpentry|Coliseum|Fletchery|Forge|MWRend|Preceptory|Tannery|Tiltyard
"MaA/Morningstar+Crossbow/Chain (TY) [ImmU, Rend, Unshakable, Cond+1]",Man-at-Arms,Morningstar,,Chainmail,Crossbow,True,50,"Cond Field,Immune Unwieldy,Rend,Unshakable",Random,31275,33028,12078,769,77150,0.4054,0.4281,0.9900,0.4864,10.51,11.70,-1.19,1200,60000,521.25,9,22,Animal Husbandry|Armory|Carpentry|Coliseum|Fletchery|Forge|MWRend|Preceptory|Tannery|Tiltyard
"MaA/WarHammer+Longbow/Chain (TY) [ImmU, Rend, Unshakable, Cond+1]",Man-at-Arms,War Hammer,,Chainmail,Longbow,True,50,"Cond Field,Immune Unwieldy,Rend,Unshakable",Random,31603,31581,13163,803,77150,0.4096,0.4093,0.9896,0.5002,10.77,9.59,1.18,1200,60000,526.72,9,22,Animal Husbandry|Armory|Carpentry|Coliseum|Fletchery|Forge|MWRend|Preceptory|Tannery|Tiltyard
"MaA/WarHammer+Javelin/Chain (TY) [ImmU, Rend, Unshakable, Cond+1]",Man-at-Arms,War Hammer,,Chainmail,Javelin,True,50,"Cond Field,Immune Unwieldy,Rend,Unshakable",Random,29262,33810,13348,730,77150,0.3793,0.4382,0.9905,0.4639,9.90,11.08,-1.18,1200,60000,487.70,9,22,Animal Husbandry|Armory|Carpentry|Coliseum|Fletchery|Forge|MWRend|Preceptory|Tannery|Tiltyard
"MaA/WarHammer+Crossbow/Chain (TY) [ImmU, Rend, Unshakable, Cond+1]",Man-at-Arms,War Hammer,,Chainmail,Crossbow,True,50,"Cond Field,Immune Unwieldy,Rend,Unshakable",Random,28545,34364,13479,762,77150,0.3700,0.4454,0.9901,0.4538,9.70,12.00,-2.30,1200,60000,475.75,9,22,Animal Husbandry|Armory|Carpentry|Coliseum|Fletchery|Forge|MWRend|Preceptory|Tannery|Tiltyard
"MaA/Lance/Scutum/Chain [Rend, Unshakable, Cond+1]",Man-at-Arms,Lance,Scutum Shield,Chainmail,,False,50,"Cond Field,Rend,Unshakable",Random,44710,11439,20216,785,77150,0.5795,0.1483,0.9898,0.7963,17.26,3.12,14.14,1200,60000,745.17,8,22,Animal Husbandry|Armory|Carpentry|Coliseum|Forge|Joinery|MWRend|Preceptory|Stable|Tannery
"MaA/Lance3/Scutum/Chain [Rend, Unshakable, Cond+1]",Man-at-Arms,Lance3,Scutum Shield,Chainmail,,False,50,"Cond Field,Rend,Unshakable",Random,44819,11370,20203,758,77150,0.5809,0.1474,0.9902,0.7976,17.31,3.10,14.21,1200,60000,746.98,8,22,Animal Husbandry|Armory|Carpentry|Coliseum|Forge|Joinery|MWRend|Preceptory|Stable|Tannery
"MaA/Cavalry Spear/Scutum/Chain [Rend, Unshakable, Cond+1]",Man-at-Arms,Cavalry Spear,Scutum Shield,Chainmail,,False,50,"Cond Field,Rend,Unshakable",Random,37783,14216,24424,727,77150,0.4897,0.1843,0.9906,0.7266,14.84,4.59,10.25,1200,60000,629.72,8,22,Animal Husbandry|Armory|Carpentry|Coliseum|Forge|Joinery|MWRend|Preceptory|Stable|Tannery
"MaA/Lance+Crossbow/Chain (TY) [ImmU, Rend, Unshakable, Cond+1]",Man-at-Arms,Lance,,Chainmail,Crossbow,True,50,"Cond Field,Immune Unwieldy,Rend,Unshakable",Random,33487,30461,12514,688,77150,0.4341,0.3948,0.9911,0.5237,11.48,9.16,2.32,1200,60000,558.12,9,22,Animal Husbandry|Armory|Carpentry|Coliseum|Fletchery|Forge|MWRend|Preceptory|Stable|Tannery|Tiltyard
"MaA/Lance3+Crossbow/Chain (TY) [ImmU, Rend, Unshakable, Cond+1]",Man-at-Arms,Lance3,,Chainmail,Crossbow,True,50,"Cond Field,Immune Unwieldy,Rend,Unshakable",Random,33313,30571,12483,783,77150,0.4318,0.3963,0.9899,0.5215,11.47,9.21,2.26,1200,60000,555.22,9,22,Animal Husbandry|Armory|Carpentry|Coliseum|Fletchery|Forge|MWRend|Preceptory|Stable|Tannery|Tiltyard
"MaA/Cavalry Spear+Crossbow/Chain (TY) [ImmU, Rend, Unshakable, Cond+1]",Man-at-Arms,Cavalry Spear,,Chainmail,Crossbow,True,50,"Cond Field,Immune Unwieldy,Rend,Unshakable",Random,28412,34310,13646,782,77150,0.3683,0.4447,0.9899,0.4530,9.91,12.23,-2.32,1200,60000,473.53,9,22,Animal Husbandry|Armory|Carpentry|Coliseum|Fletchery|Forge|MWRend|Preceptory|Stable|Tannery|Tiltyard
"MaA/Lance+Longbow/Scutum/Chain (TY) [ImmU, Rend, Unshakable, Cond+1]",Man-at-Arms,Lance,Scutum Shield,Chainmail,Longbow,True,50,"Cond Field,Immune Unwieldy,Rend,Unshakable",Random,49089,9365,17968,728,77150,0.6363,0.1214,0.9906,0.8398,19.12,2.43,16.69,1000,50000,981.78,10,22,Animal Husbandry|Armory|Carpentry|Coliseum|Fletchery|Forge|Joinery|MWRend|Preceptory|Stable|Tannery|Tiltyard
"MaA/Lance3+Longbow/Scutum/Chain (TY) [ImmU, Rend, Unshakable, Cond+1]",Man-at-Arms,Lance3,Scutum Shield,Chainmail,Longbow,True,50,"Cond Field,Immune Unwieldy,Rend,Unshakable",Random,48950,9345,18135,720,77150,0.6345,0.1211,0.9907,0.8397,19.04,2.42,16.62,1000,50000,979.00,10,22,Animal Husbandry|Armory|Carpentry|Coliseum|Fletchery|Forge|Joinery|MWRend|Preceptory|Stable|Tannery|Tiltyard
"MaA/Cavalry Spear+Longbow/Scutum/Chain (TY) [ImmU, Rend, Unshakable, Cond+1]",Man-at-Arms,Cavalry Spear,Scutum Shield,Chainmail,Longbow,True,50,"Cond Field,Immune Unwieldy,Rend,Unshakable",Random,41737,12051,22591,771,77150,0.5410,0.1562,0.9900,0.7760,16.41,3.44,12.97,1000,50000,834.74,10,22,Animal Husbandry|Armory|Carpentry|Coliseum|Fletchery|Forge|Joinery|MWRend|Preceptory|Stable|Tannery|Tiltyard
"MaA/Lance+Javelin/Scutum/Chain (TY) [ImmU, Rend, Unshakable, Cond+1]",Man-at-Arms,Lance,Scutum Shield,Chainmail,Javelin,True,50,"Cond Field,Immune Unwieldy,Rend,Unshakable",Random,45457,11076,19845,772,77150,0.5892,0.1436,0.9900,0.8041,17.55,2.99,14.56,1000,50000,909.14,10,22,Animal Husbandry|Armory|Carpentry|Coliseum|Fletchery|Forge|Joinery|MWRend|Preceptory|Stable|Tannery|Tiltyard
"MaA/Lance3+Javelin/Scutum/Chain (TY) [ImmU, Rend, Unshakable, Cond+1]",Man-at-Arms,Lance3,Scutum Shield,Chainmail,Javelin,True,50,"Cond Field,Immune Unwieldy,Rend,Unshakable",Random,45403,11107,19898,742,77150,0.5885,0.1440,0.9904,0.8035,17.55,2.97,14.58,1000,50000,908.06,10,22,Animal Husbandry|Armory|Carpentry|Coliseum|Fletchery|Forge|Joinery|MWRend|Preceptory|Stable|Tannery|Tiltyard
"MaA/Cavalry Spear+Javelin/Scutum/Chain (TY) [ImmU, Rend, Unshakable, Cond+1]",Man-at-Arms,Cavalry Spear,Scutum Shield,Chainmail,Javelin,True,50,"Cond Field,Immune Unwieldy,Rend,Unshakable",Random,39055,13410,23932,753,77150,0.5062,0.1738,0.9902,0.7444,15.33,4.04,11.29,1000,50000,781.10,10,22,Animal Husbandry|Armory|Carpentry|Coliseum|Fletchery|Forge|Joinery|MWRend|Preceptory|Stable|Tannery|Tiltyard
"MaA/2HBastard/FullPlate [GF, Unshakable, Cond+1]",Man-at-Arms,2HBastard,,Full Plate,,False,50,"Cond Field,GF Armor,Unshakable",Random,39851,16629,19940,730,77150,0.5165,0.2155,0.9905,0.7056,14.38,5.69,8.68,1400,70000,569.30,5,22,Animal Husbandry|Armory|Coliseum|Forge|Gilded Foundry|Preceptory|Tannery
"MaA/WarHammer/FullPlate [GF, Unshakable, Cond+1]",Man-at-Arms,War Hammer,,Full Plate,,False,50,"Cond Field,GF Armor,Unshakable",Random,30238,20701,25412,799,77150,0.3919,0.2683,0.9896,0.5936,10.99,9.27,1.72,1400,70000,431.97,5,22,Animal Husbandry|Armory|Coliseum|Forge|Gilded Foundry|Preceptory|Tannery
"MaA/Bastard/Tower/FullPlate [GF, Unshakable, Cond+1]",Man-at-Arms,Bastard Sword,Tower Shield,Full Plate,,False,50,"Cond Field,GF Armor,Unshakable",Random,37766,6710,31876,798,77150,0.4895,0.0870,0.9897,0.8491,18.07,3.50,14.58,1200,60000,629.43,7,22,Animal Husbandry|Armory|Carpentry|Coliseum|Forge|Gilded Foundry|Joinery|Preceptory|Tannery
"MaA/Longbow/FullPlate [GF, Unshakable, Cond+1]",Man-at-Arms,,,Full Plate,Longbow,False,50,"Cond Field,GF Armor,Unshakable",Random,58499,6760,11167,724,77150,0.7583,0.0876,0.9906,0.8964,22.43,2.09,20.34,1200,60000,974.98,7,22,Animal Husbandry|Armory|Carpentry|Coliseum|Fletchery|Forge|Gilded Foundry|Preceptory|Tannery
"MaA/Crossbow/FullPlate [GF, Unshakable, Cond+1]",Man-at-Arms,,,Full Plate,Crossbow,False,50,"Cond Field,GF Armor,Unshakable",Random,30388,20583,25431,748,77150,0.3939,0.2668,0.9903,0.5962,11.13,9.61,1.52,1200,60000,506.47,7,22,Animal Husbandry|Armory|Carpentry|Coliseum|Fletchery|Forge|Gilded Foundry|Preceptory|Tannery
"MaA/Crossbow/Tower/FullPlate [GF, Unshakable, Cond+1]",Man-at-Arms,,Tower Shield,Full Plate,Crossbow,False,50,"Cond Field,GF Armor,Unshakable",Random,37773,6771,31827,779,77150,0.4896,0.0878,0.9899,0.8480,18.08,3.74,14.34,1000,50000,755.46,8,22,Animal Husbandry|Armory|Carpentry|Coliseum|Fletchery|Forge|Gilded Foundry|Joinery|Preceptory|Tannery
"MaA/2HBastard+Longbow/FullPlate (TY) [ImmU, GF, Unshakable, Cond+1]",Man-at-Arms,2HBastard,,Full Plate,Longbow,True,50,"Cond Field,GF Armor,Immune Unwieldy,Unshakable",Random,43131,14192,19047,780,77150,0.5591,0.1840,0.9899,0.7524,15.77,4.49,11.28,1200,60000,718.85,8,22,Animal Husbandry|Armory|Carpentry|Coliseum|Fletchery|Forge|Gilded Foundry|Preceptory|Tannery|Tiltyard
"MaA/2HBastard+Javelin/FullPlate (TY) [ImmU, GF, Unshakable, Cond+1]",Man-at-Arms,2HBastard,,Full Plate,Javelin,True,50,"Cond Field,GF Armor,Immune Unwieldy,Unshakable",Random,40162,15882,20377,729,77150,0.5206,0.2059,0.9906,0.7166,14.52,5.20,9.32,1200,60000,669.37,8,22,Animal Husbandry|Armory|Carpentry|Coliseum|Fletchery|Forge|Gilded Foundry|Preceptory|Tannery|Tiltyard
"MaA/2HBastard+Crossbow/FullPlate (TY) [ImmU, GF, Unshakable, Cond+1]",Man-at-Arms,2HBastard,,Full Plate,Crossbow,True,50,"Cond Field,GF Armor,Immune Unwieldy,Unshakable",Random,37991,16967,21388,804,77150,0.4924,0.2199,0.9896,0.6913,13.89,6.02,7.87,1200,60000,633.18,8,22,Animal Husbandry|Armory|Carpentry|Coliseum|Fletchery|Forge|Gilded Foundry|Preceptory|Tannery|Tiltyard
"MaA/Morningstar+Crossbow/FullPlate (TY) [ImmU, GF, Unshakable, Cond+1]",Man-at-Arms,Morningstar,,Full Plate,Crossbow,True,50,"Cond Field,GF Armor,Immune Unwieldy,Unshakable",Random,35710,18283,22359,798,77150,0.4629,0.2370,0.9897,0.6614,13.02,6.76,6.26,1200,60000,595.17,8,22,Animal Husbandry|Armory|Carpentry|Coliseum|Fletchery|Forge|Gilded Foundry|Preceptory|Tannery|Tiltyard
"MaA/WarHammer+Longbow/FullPlate (TY) [ImmU, GF, Unshakable, Cond+1]",Man-at-Arms,War Hammer,,Full Plate,Longbow,True,50,"Cond Field,GF Armor,Immune Unwieldy,Unshakable",Random,35235,17637,23528,750,77150,0.4567,0.2286,0.9903,0.6664,12.85,5.50,7.36,1200,60000,587.25,8,22,Animal Husbandry|Armory|Carpentry|Coliseum|Fletchery|Forge|Gilded Foundry|Preceptory|Tannery|Tiltyard
"MaA/WarHammer+Javelin/FullPlate (TY) [ImmU, GF, Unshakable, Cond+1]",Man-at-Arms,War Hammer,,Full Plate,Javelin,True,50,"Cond Field,GF Armor,Immune Unwieldy,Unshakable",Random,33356,19157,23889,748,77150,0.4324,0.2483,0.9903,0.6352,12.11,6.44,5.67,1200,60000,555.93,8,22,Animal Husbandry|Armory|Carpentry|Coliseum|Fletchery|Forge|Gilded Foundry|Preceptory|Tannery|Tiltyard
"MaA/WarHammer+Crossbow/FullPlate (TY) [ImmU, GF, Unshakable, Cond+1]",Man-at-Arms,War Hammer,,Full Plate,Crossbow,True,50,"Cond Field,GF Armor,Immune Unwieldy,Unshakable",Random,32212,19659,24487,792,77150,0.4175,0.2548,0.9897,0.6210,11.82,7.27,4.55,1200,60000,536.87,8,22,Animal Husbandry|Armory|Carpentry|Coliseum|Fletchery|Forge|Gilded Foundry|Preceptory|Tannery|Tiltyard
"MaA/Bastard+Longbow/Tower/FullPlate (TY) [ImmU, GF, Unshakable, Cond+1]",Man-at-Arms,Bastard Sword,Tower Shield,Full Plate,Longbow,True,50,"Cond Field,GF Armor,Immune Unwieldy,Unshakable",Random,38180,6579,31575,816,77150,0.4949,0.0853,0.9894,0.8530,18.23,2.33,15.89,1000,50000,763.60,9,22,Animal Husbandry|Armory|Carpentry|Coliseum|Fletchery|Forge|Gilded Foundry|Joinery|Preceptory|Tannery|Tiltyard
"MaA/Bastard+Javelin/Tower/FullPlate (TY) [ImmU, GF, Unshakable, Cond+1]",Man-at-Arms,Bastard Sword,Tower Shield,Full Plate,Javelin,True,50,"Cond Field,GF Armor,Immune Unwieldy,Unshakable",Random,37993,6642,31742,773,77150,0.4925,0.0861,0.9900,0.8512,18.11,2.53,15.58,1000,50000,759.86,9,22,Animal Husbandry|Armory|Carpentry|Coliseum|Fletchery|Forge|Gilded Foundry|Joinery|Preceptory|Tannery|Tiltyard
"MaA/Bastard+Crossbow/Tower/FullPlate (TY) [ImmU, GF, Unshakable, Cond+1]",Man-at-Arms,Bastard Sword,Tower Shield,Full Plate,Crossbow,True,50,"Cond Field,GF Armor,Immune Unwieldy,Unshakable",Random,37888,6652,31828,782,77150,0.4911,0.0862,0.9899,0.8507,18.10,2.98,15.12,1000,50000,757.76,9,22,Animal Husbandry|Armory|Carpentry|Coliseum|Fletchery|Forge|Gilded Foundry|Joinery|Preceptory|Tannery|Tiltyard
"MaA/Lance+Crossbow/FullPlate (TY) [ImmU, GF, Unshakable, Cond+1]",Man-at-Arms,Lance,,Full Plate,Crossbow,True,50,"Cond Field,GF Armor,Immune Unwieldy,Unshakable",Random,39528,15907,20910,805,77150,0.5124,0.2062,0.9896,0.7131,14.40,4.82,9.58,1200,60000,658.80,8,22,Animal Husbandry|Armory|Carpentry|Coliseum|Fletchery|Forge|Gilded Foundry|Preceptory|Stable|Tannery|Tiltyard
"MaA/Lance3+Crossbow/FullPlate (TY) [ImmU, GF, Unshakable, Cond+1]",Man-at-Arms,Lance3,,Full Plate,Crossbow,True,50,"Cond Field,GF Armor,Immune Unwieldy,Unshakable",Random,39452,15863,21077,758,77150,0.5114,0.2056,0.9902,0.7132,14.35,4.81,9.55,1200,60000,657.53,8,22,Animal Husbandry|Armory|Carpentry|Coliseum|Fletchery|Forge|Gilded Foundry|Preceptory|Stable|Tannery|Tiltyard
"MaA/Cavalry Spear+Crossbow/FullPlate (TY) [ImmU, GF, Unshakable, Cond+1]",Man-at-Arms,Cavalry Spear,,Full Plate,Crossbow,True,50,"Cond Field,GF Armor,Immune Unwieldy,Unshakable",Random,34040,18490,23809,811,77150,0.4412,0.2397,0.9895,0.6480,12.64,6.50,6.15,1200,60000,567.33,8,22,Animal Husbandry|Armory|Carpentry|Coliseum|Fletchery|Forge|Gilded Foundry|Preceptory|Stable|Tannery|Tiltyard
"MaA/2HBastard+Longbow/FullPlate (TY) [Drilled, Cond+1, Nimble, GF, Unshakable, ImmU, Immune Strain]",Man-at-Arms,2HBastard,,Full Plate,Longbow,True,50,"Cond Field,Drilled,GF Armor,Immune Strain,Immune Unwieldy,Nimble,Unshakable",Random,61044,9056,2474,726,73300,0.8328,0.1235,0.9901,0.8708,22.03,3.10,18.93,1200,60000,1017.40,10,26,Animal Husbandry|Armory|Carpentry|Coliseum|Fletchery|Forge|Gilded Foundry|Preceptory|Royal Pavilion|Tannery|Tiltyard
"MaA/2HBastard+Javelin/FullPlate (TY) [Drilled, Cond+1, Nimble, GF, Unshakable, ImmU, Immune Strain]",Man-at-Arms,2HBastard,,Full Plate,Javelin,True,50,"Cond Field,Drilled,GF Armor,Immune Strain,Immune Unwieldy,Nimble,Unshakable",Random,59417,10534,2614,735,73300,0.8106,0.1437,0.9900,0.8494,20.92,3.61,17.31,1200,60000,990.28,10,26,Animal Husbandry|Armory|Carpentry|Coliseum|Fletchery|Forge|Gilded Foundry|Preceptory|Royal Pavilion|Tannery|Tiltyard
"MaA/2HBastard+Crossbow/FullPlate (TY) [Drilled, Cond+1, Nimble, GF, Unshakable, ImmU, Immune Strain]",Man-at-Arms,2HBastard,,Full Plate,Crossbow,True,50,"Cond Field,Drilled,GF Armor,Immune Strain,Immune Unwieldy,Nimble,Unshakable",Random,59308,10692,2569,731,73300,0.8091,0.1459,0.9900,0.8473,20.88,3.65,17.23,1200,60000,988.47,10,26,Animal Husbandry|Armory|Carpentry|Coliseum|Fletchery|Forge|Gilded Foundry|Preceptory|Royal Pavilion|Tannery|Tiltyard
"MaA/Morningstar+Crossbow/FullPlate (TY) [Drilled, Cond+1, Nimble, GF, Unshakable, ImmU, Immune Strain]",Man-at-Arms,Morningstar,,Full Plate,Crossbow,True,50,"Cond Field,Drilled,GF Armor,Immune Strain,Immune Unwieldy,Nimble,Unshakable",Random,55747,13169,3583,801,73300,0.7605,0.1797,0.9891,0.8089,18.61,4.88,13.73,1200,60000,929.12,10,26,Animal Husbandry|Armory|Carpentry|Coliseum|Fletchery|Forge|Gilded Foundry|Preceptory|Royal Pavilion|Tannery|Tiltyard
"MaA/WarHammer+Longbow/FullPlate (TY) [Drilled, Cond+1, Nimble, GF, Unshakable, ImmU, Immune Strain]",Man-at-Arms,War Hammer,,Full Plate,Longbow,True,50,"Cond Field,Drilled,GF Armor,Immune Strain,Immune Unwieldy,Nimble,Unshakable",Random,56442,12765,3307,786,73300,0.7700,0.1741,0.9893,0.8156,18.70,4.41,14.29,1200,60000,940.70,10,26,Animal Husbandry|Armory|Carpentry|Coliseum|Fletchery|Forge|Gilded Foundry|Preceptory|Royal Pavilion|Tannery|Tiltyard
"MaA/WarHammer+Javelin/FullPlate (TY) [Drilled, Cond+1, Nimble, GF, Unshakable, ImmU, Immune Strain]",Man-at-Arms,War Hammer,,Full Plate,Javelin,True,50,"Cond Field,Drilled,GF Armor,Immune Strain,Immune Unwieldy,Nimble,Unshakable",Random,54737,14148,3641,774,73300,0.7468,0.1930,0.9894,0.7946,17.81,5.09,12.72,1200,60000,912.28,10,26,Animal Husbandry|Armory|Carpentry|Coliseum|Fletchery|Forge|Gilded Foundry|Preceptory|Royal Pavilion|Tannery|Tiltyard
"MaA/WarHammer+Crossbow/FullPlate (TY) [Drilled, Cond+1, Nimble, GF, Unshakable, ImmU, Immune Strain]",Man-at-Arms,War Hammer,,Full Plate,Crossbow,True,50,"Cond Field,Drilled,GF Armor,Immune Strain,Immune Unwieldy,Nimble,Unshakable",Random,54519,14258,3745,778,73300,0.7438,0.1945,0.9894,0.7927,17.78,5.18,12.60,1200,60000,908.65,10,26,Animal Husbandry|Armory|Carpentry|Coliseum|Fletchery|Forge|Gilded Foundry|Preceptory|Royal Pavilion|Tannery|Tiltyard
"MaA/Lance+Crossbow/FullPlate (TY) [Drilled, Cond+1, Nimble, GF, Unshakable, ImmU, Immune Strain]",Man-at-Arms,Lance,,Full Plate,Crossbow,True,50,"Cond Field,Drilled,GF Armor,Immune Strain,Immune Unwieldy,Nimble,Unshakable",Random,58500,11220,2841,739,73300,0.7981,0.1531,0.9899,0.8391,20.22,3.64,16.58,1200,60000,975.00,10,26,Animal Husbandry|Armory|Carpentry|Coliseum|Fletchery|Forge|Gilded Foundry|Preceptory|Royal Pavilion|Stable|Tannery|Tiltyard
"MaA/Lance3+Crossbow/FullPlate (TY) [Drilled, Cond+1, Nimble, GF, Unshakable, ImmU, Immune Strain]",Man-at-Arms,Lance3,,Full Plate,Crossbow,True,50,"Cond Field,Drilled,GF Armor,Immune Strain,Immune Unwieldy,Nimble,Unshakable",Random,58490,11263,2781,766,73300,0.7980,0.1537,0.9895,0.8385,20.21,3.67,16.54,1200,60000,974.83,10,26,Animal Husbandry|Armory|Carpentry|Coliseum|Fletchery|Forge|Gilded Foundry|Preceptory|Royal Pavilion|Stable|Tannery|Tiltyard
"MaA/Cavalry Spear+Crossbow/FullPlate (TY) [Drilled, Cond+1, Nimble, GF, Unshakable, ImmU, Immune Strain]",Man-at-Arms,Cavalry Spear,,Full Plate,Crossbow,True,50,"Cond Field,Drilled,GF Armor,Immune Strain,Immune Unwieldy,Nimble,Unshakable",Random,54681,14196,3696,727,73300,0.7460,0.1937,0.9901,0.7939,18.22,5.09,13.13,1200,60000,911.35,10,26,Animal Husbandry|Armory|Carpentry|Coliseum|Fletchery|Forge|Gilded Foundry|Preceptory|Royal Pavilion|Stable|Tannery|Tiltyard
"MaA/2HBastard/FullPlate [Cond+1, GF, Unshakable, Rend]",Man-at-Arms,2HBastard,,Full Plate,,False,50,"Cond Field,GF Armor,Rend,Unshakable",Random,40256,16478,19678,738,77150,0.5218,0.2136,0.9904,0.7096,14.55,5.38,9.17,1200,60000,670.93,6,22,Animal Husbandry|Armory|Coliseum|Forge|Gilded Foundry|MWRend|Preceptory|Tannery
"MaA/WarHammer/FullPlate [Cond+1, GF, Unshakable, Rend]",Man-at-Arms,War Hammer,,Full Plate,,False,50,"Cond Field,GF Armor,Rend,Unshakable",Random,30359,20504,25506,781,77150,0.3935,0.2658,0.9899,0.5969,10.98,9.07,1.91,1200,60000,505.98,6,22,Animal Husbandry|Armory|Coliseum|Forge|Gilded Foundry|MWRend|Preceptory|Tannery
"MaA/Bastard/Tower/FullPlate [GF, Rend, Unshakable, Cond+1]",Man-at-Arms,Bastard Sword,Tower Shield,Full Plate,,False,50,"Cond Field,GF Armor,Rend,Unshakable",Random,37821,6726,31814,789,77150,0.4902,0.0872,0.9898,0.8490,18.08,3.49,14.59,1000,50000,756.42,8,22,Animal Husbandry|Armory|Carpentry|Coliseum|Forge|Gilded Foundry|Joinery|MWRend|Preceptory|Tannery
"MaA/Longbow/FullPlate [GF, Rend, Unshakable, Cond+1]",Man-at-Arms,,,Full Plate,Longbow,False,50,"Cond Field,GF Armor,Rend,Unshakable",Random,60751,5995,9699,705,77150,0.7874,0.0777,0.9909,0.9102,23.24,1.60,21.64,1000,50000,1215.02,8,22,Animal Husbandry|Armory|Carpentry|Coliseum|Fletchery|Forge|Gilded Foundry|MWRend|Preceptory|Tannery
"MaA/Crossbow/FullPlate [GF, Rend, Unshakable, Cond+1]",Man-at-Arms,,,Full Plate,Crossbow,False,50,"Cond Field,GF Armor,Rend,Unshakable",Random,30440,20412,25465,833,77150,0.3946,0.2646,0.9892,0.5986,11.22,9.49,1.74,1000,50000,608.80,8,22,Animal Husbandry|Armory|Carpentry|Coliseum|Fletchery|Forge|Gilded Foundry|MWRend|Preceptory|Tannery
"MaA/Crossbow/Tower/FullPlate [GF, Rend, Unshakable, Cond+1]",Man-at-Arms,,Tower Shield,Full Plate,Crossbow,False,50,"Cond Field,GF Armor,Rend,Unshakable",Random,37790,6746,31819,795,77150,0.4898,0.0874,0.9897,0.8485,18.10,3.72,14.38,800,40000,944.75,9,22,Animal Husbandry|Armory|Carpentry|Coliseum|Fletchery|Forge|Gilded Foundry|Joinery|MWRend|Preceptory|Tannery
"MaA/2HBastard+Longbow/FullPlate (TY) [Cond+1, GF, Unshakable, Rend, ImmU]",Man-at-Arms,2HBastard,,Full Plate,Longbow,True,50,"Cond Field,GF Armor,Immune Unwieldy,Rend,Unshakable",Random,43556,13924,18958,712,77150,0.5646,0.1805,0.9908,0.7578,15.91,4.12,11.79,1000,50000,871.12,9,22,Animal Husbandry|Armory|Carpentry|Coliseum|Fletchery|Forge|Gilded Foundry|MWRend|Preceptory|Tannery|Tiltyard
"MaA/2HBastard+Javelin/FullPlate (TY) [Cond+1, GF, Unshakable, Rend, ImmU]",Man-at-Arms,2HBastard,,Full Plate,Javelin,True,50,"Cond Field,GF Armor,Immune Unwieldy,Rend,Unshakable",Random,40445,16021,19935,749,77150,0.5242,0.2077,0.9903,0.7163,14.66,4.99,9.66,1000,50000,808.90,9,22,Animal Husbandry|Armory|Carpentry|Coliseum|Fletchery|Forge|Gilded Foundry|MWRend|Preceptory|Tannery|Tiltyard
"MaA/2HBastard+Crossbow/FullPlate (TY) [Cond+1, GF, Unshakable, Rend, ImmU]",Man-at-Arms,2HBastard,,Full Plate,Crossbow,True,50,"Cond Field,GF Armor,Immune Unwieldy,Rend,Unshakable",Random,38380,16988,21010,772,77150,0.4975,0.2202,0.9900,0.6932,13.99,5.76,8.23,1000,50000,767.60,9,22,Animal Husbandry|Armory|Carpentry|Coliseum|Fletchery|Forge|Gilded Foundry|MWRend|Preceptory|Tannery|Tiltyard
"MaA/Morningstar+Crossbow/FullPlate (TY) [Cond+1, GF, Unshakable, Rend, ImmU]",Man-at-Arms,Morningstar,,Full Plate,Crossbow,True,50,"Cond Field,GF Armor,Immune Unwieldy,Rend,Unshakable",Random,36021,18167,22186,776,77150,0.4669,0.2355,0.9899,0.6647,13.11,6.53,6.58,1000,50000,720.42,9,22,Animal Husbandry|Armory|Carpentry|Coliseum|Fletchery|Forge|Gilded Foundry|MWRend|Preceptory|Tannery|Tiltyard
"MaA/WarHammer+Longbow/FullPlate (TY) [Cond+1, GF, Unshakable, Rend, ImmU]",Man-at-Arms,War Hammer,,Full Plate,Longbow,True,50,"Cond Field,GF Armor,Immune Unwieldy,Rend,Unshakable",Random,35395,17522,23460,773,77150,0.4588,0.2271,0.9900,0.6689,12.96,5.23,7.73,1000,50000,707.90,9,22,Animal Husbandry|Armory|Carpentry|Coliseum|Fletchery|Forge|Gilded Foundry|MWRend|Preceptory|Tannery|Tiltyard
"MaA/WarHammer+Javelin/FullPlate (TY) [Cond+1, GF, Unshakable, Rend, ImmU]",Man-at-Arms,War Hammer,,Full Plate,Javelin,True,50,"Cond Field,GF Armor,Immune Unwieldy,Rend,Unshakable",Random,33277,19118,23969,786,77150,0.4313,0.2478,0.9898,0.6351,12.18,6.24,5.94,1000,50000,665.54,9,22,Animal Husbandry|Armory|Carpentry|Coliseum|Fletchery|Forge|Gilded Foundry|MWRend|Preceptory|Tannery|Tiltyard
"MaA/WarHammer+Crossbow/FullPlate (TY) [Cond+1, GF, Unshakable, Rend, ImmU]",Man-at-Arms,War Hammer,,Full Plate,Crossbow,True,50,"Cond Field,GF Armor,Immune Unwieldy,Rend,Unshakable",Random,32222,19620,24577,731,77150,0.4177,0.2543,0.9905,0.6215,11.84,7.08,4.75,1000,50000,644.44,9,22,Animal Husbandry|Armory|Carpentry|Coliseum|Fletchery|Forge|Gilded Foundry|MWRend|Preceptory|Tannery|Tiltyard
"MaA/Bastard+Longbow/Tower/FullPlate (TY) [Cond+1, GF, Unshakable, Rend, ImmU]",Man-at-Arms,Bastard Sword,Tower Shield,Full Plate,Longbow,True,50,"Cond Field,GF Armor,Immune Unwieldy,Rend,Unshakable",Random,38151,6554,31687,758,77150,0.4945,0.0850,0.9902,0.8534,18.20,2.25,15.95,800,40000,953.77,10,22,Animal Husbandry|Armory|Carpentry|Coliseum|Fletchery|Forge|Gilded Foundry|Joinery|MWRend|Preceptory|Tannery|Tiltyard
"MaA/Bastard+Javelin/Tower/FullPlate (TY) [Cond+1, GF, Unshakable, Rend, ImmU]",Man-at-Arms,Bastard Sword,Tower Shield,Full Plate,Javelin,True,50,"Cond Field,GF Armor,Immune Unwieldy,Rend,Unshakable",Random,37983,6679,31655,833,77150,0.4923,0.0866,0.9892,0.8505,18.12,2.55,15.57,800,40000,949.58,10,22,Animal Husbandry|Armory|Carpentry|Coliseum|Fletchery|Forge|Gilded Foundry|Joinery|MWRend|Preceptory|Tannery|Tiltyard
"MaA/Bastard+Crossbow/Tower/FullPlate (TY) [Cond+1, GF, Unshakable, Rend, ImmU]",Man-at-Arms,Bastard Sword,Tower Shield,Full Plate,Crossbow,True,50,"Cond Field,GF Armor,Immune Unwieldy,Rend,Unshakable",Random,37822,6693,31847,788,77150,0.4902,0.0868,0.9898,0.8496,18.09,2.96,15.13,800,40000,945.55,10,22,Animal Husbandry|Armory|Carpentry|Coliseum|Fletchery|Forge|Gilded Foundry|Joinery|MWRend|Preceptory|Tannery|Tiltyard
"MaA/Lance+Crossbow/FullPlate (TY) [Cond+1, GF, Unshakable, Rend, ImmU]",Man-at-Arms,Lance,,Full Plate,Crossbow,True,50,"Cond Field,GF Armor,Immune Unwieldy,Rend,Unshakable",Random,39595,15753,21069,733,77150,0.5132,0.2042,0.9905,0.7154,14.43,4.50,9.93,1000,50000,791.90,9,22,Animal Husbandry|Armory|Carpentry|Coliseum|Fletchery|Forge|Gilded Foundry|MWRend|Preceptory|Stable|Tannery|Tiltyard
"MaA/Lance3+Crossbow/FullPlate (TY) [Cond+1, GF, Unshakable, Rend, ImmU]",Man-at-Arms,Lance3,,Full Plate,Crossbow,True,50,"Cond Field,GF Armor,Immune Unwieldy,Rend,Unshakable",Random,39579,15818,21004,749,77150,0.5130,0.2050,0.9903,0.7145,14.44,4.53,9.90,1000,50000,791.58,9,22,Animal Husbandry|Armory|Carpentry|Coliseum|Fletchery|Forge|Gilded Foundry|MWRend|Preceptory|Stable|Tannery|Tiltyard
"MaA/Cavalry Spear+Crossbow/FullPlate (TY) [Cond+1, GF, Unshakable, Rend, ImmU]",Man-at-Arms,Cavalry Spear,,Full Plate,Crossbow,True,50,"Cond Field,GF Armor,Immune Unwieldy,Rend,Unshakable",Random,34176,18488,23716,770,77150,0.4430,0.2396,0.9900,0.6489,12.70,6.28,6.42,1000,50000,683.52,9,22,Animal Husbandry|Armory|Carpentry|Coliseum|Fletchery|Forge|Gilded Foundry|MWRend|Preceptory|Stable|Tannery|Tiltyard
"MaA/2HBastard/Chain [Poison, Unshakable, Cond+1]",Man-at-Arms,2HBastard,,Chainmail,,False,50,"Cond Field,Poison,Unshakable",Random,42421,25246,8780,703,77150,0.5499,0.3272,0.9909,0.6269,14.12,7.76,6.36,1600,80000,530.26,7,25,Animal Husbandry|Armory|Coliseum|Forge|Preceptory|Tannery|Toxicarium
"MaA/WarHammer/Chain [Poison, Unshakable, Cond+1]",Man-at-Arms,War Hammer,,Chainmail,,False,50,"Cond Field,Poison,Unshakable",Random,28404,34916,13097,733,77150,0.3682,0.4526,0.9905,0.4486,9.54,12.82,-3.28,1600,80000,355.05,7,25,Animal Husbandry|Armory|Coliseum|Forge|Preceptory|Tannery|Toxicarium
"MaA/Crossbow/Chain [Poison, Unshakable, Cond+1]",Man-at-Arms,,,Chainmail,Crossbow,False,50,"Cond Field,Poison,Unshakable",Random,27599,35461,13306,784,77150,0.3577,0.4596,0.9898,0.4377,9.42,13.85,-4.42,1400,70000,394.27,9,25,Animal Husbandry|Armory|Carpentry|Coliseum|Fletchery|Forge|Preceptory|Tannery|Toxicarium
"MaA/2HBastard+Longbow/Chain (TY) [ImmU, Poison, Unshakable, Cond+1]",Man-at-Arms,2HBastard,,Chainmail,Longbow,True,50,"Cond Field,Immune Unwieldy,Poison,Unshakable",Random,45728,22212,8469,741,77150,0.5927,0.2879,0.9904,0.6731,15.30,6.64,8.66,1400,70000,653.26,10,25,Animal Husbandry|Armory|Carpentry|Coliseum|Fletchery|Forge|Preceptory|Tannery|Tiltyard|Toxicarium
"MaA/2HBastard+Javelin/Chain (TY) [ImmU, Poison, Unshakable, Cond+1]",Man-at-Arms,2HBastard,,Chainmail,Javelin,True,50,"Cond Field,Immune Unwieldy,Poison,Unshakable",Random,42356,25026,9075,693,77150,0.5490,0.3244,0.9910,0.6286,13.96,7.61,6.35,1400,70000,605.09,10,25,Animal Husbandry|Armory|Carpentry|Coliseum|Fletchery|Forge|Preceptory|Tannery|Tiltyard|Toxicarium
"MaA/2HBastard+Crossbow/Chain (TY) [ImmU, Poison, Unshakable, Cond+1]",Man-at-Arms,2HBastard,,Chainmail,Crossbow,True,50,"Cond Field,Immune Unwieldy,Poison,Unshakable",Random,40078,26936,9418,718,77150,0.5195,0.3491,0.9907,0.5981,13.36,8.63,4.73,1400,70000,572.54,10,25,Animal Husbandry|Armory|Carpentry|Coliseum|Fletchery|Forge|Preceptory|Tannery|Tiltyard|Toxicarium
"MaA/Morningstar+Crossbow/Chain (TY) [ImmU, Poison, Unshakable, Cond+1]",Man-at-Arms,Morningstar,,Chainmail,Crossbow,True,50,"Cond Field,Immune Unwieldy,Poison,Unshakable",Random,33577,31606,11209,758,77150,0.4352,0.4097,0.9902,0.5151,11.23,11.41,-0.18,1400,70000,479.67,10,25,Animal Husbandry|Armory|Carpentry|Coliseum|Fletchery|Forge|Preceptory|Tannery|Tiltyard|Toxicarium
"MaA/WarHammer+Longbow/Chain (TY) [ImmU, Poison, Unshakable, Cond+1]",Man-at-Arms,War Hammer,,Chainmail,Longbow,True,50,"Cond Field,Immune Unwieldy,Poison,Unshakable",Random,32190,31310,12937,713,77150,0.4172,0.4058,0.9908,0.5069,10.85,9.96,0.89,1400,70000,459.86,10,25,Animal Husbandry|Armory|Carpentry|Coliseum|Fletchery|Forge|Preceptory|Tannery|Tiltyard|Toxicarium
"MaA/WarHammer+Javelin/Chain (TY) [ImmU, Poison, Unshakable, Cond+1]",Man-at-Arms,War Hammer,,Chainmail,Javelin,True,50,"Cond Field,Immune Unwieldy,Poison,Unshakable",Random,29565,33457,13332,796,77150,0.3832,0.4337,0.9897,0.4691,9.98,11.42,-1.44,1400,70000,422.36,10,25,Animal Husbandry|Armory|Carpentry|Coliseum|Fletchery|Forge|Preceptory|Tannery|Tiltyard|Toxicarium
"MaA/WarHammer+Crossbow/Chain (TY) [ImmU, Poison, Unshakable, Cond+1]",Man-at-Arms,War Hammer,,Chainmail,Crossbow,True,50,"Cond Field,Immune Unwieldy,Poison,Unshakable",Random,28614,34474,13313,749,77150,0.3709,0.4468,0.9903,0.4536,9.65,12.52,-2.88,1400,70000,408.77,10,25,Animal Husbandry|Armory|Carpentry|Coliseum|Fletchery|Forge|Preceptory|Tannery|Tiltyard|Toxicarium
"MaA/Lance/Scutum/Chain [Poison, Unshakable, Cond+1]",Man-at-Arms,Lance,Scutum Shield,Chainmail,,False,50,"Cond Field,Poison,Unshakable",Random,47874,10530,18033,713,77150,0.6205,0.1365,0.9908,0.8197,18.35,3.03,15.32,1400,70000,683.91,9,25,Animal Husbandry|Armory|Carpentry|Coliseum|Forge|Joinery|Preceptory|Stable|Tannery|Toxicarium
"MaA/Lance3/Scutum/Chain [Poison, Unshakable, Cond+1]",Man-at-Arms,Lance3,Scutum Shield,Chainmail,,False,50,"Cond Field,Poison,Unshakable",Random,47780,10582,18065,723,77150,0.6193,0.1372,0.9906,0.8187,18.35,3.06,15.29,1400,70000,682.57,9,25,Animal Husbandry|Armory|Carpentry|Coliseum|Forge|Joinery|Preceptory|Stable|Tannery|Toxicarium
"MaA/Cavalry Spear/Scutum/Chain [Poison, Unshakable, Cond+1]",Man-at-Arms,Cavalry Spear,Scutum Shield,Chainmail,,False,50,"Cond Field,Poison,Unshakable",Random,42728,12309,21352,761,77150,0.5538,0.1595,0.9901,0.7764,16.53,3.85,12.68,1400,70000,610.40,9,25,Animal Husbandry|Armory|Carpentry|Coliseum|Forge|Joinery|Preceptory|Stable|Tannery|Toxicarium
"MaA/Lance+Crossbow/Chain (TY) [ImmU, Poison, Unshakable, Cond+1]",Man-at-Arms,Lance,,Chainmail,Crossbow,True,50,"Cond Field,Immune Unwieldy,Poison,Unshakable",Random,35236,29316,11831,767,77150,0.4567,0.3800,0.9901,0.5459,12.01,9.18,2.84,1400,70000,503.37,10,25,Animal Husbandry|Armory|Carpentry|Coliseum|Fletchery|Forge|Preceptory|Stable|Tannery|Tiltyard|Toxicarium
"MaA/Lance3+Crossbow/Chain (TY) [ImmU, Poison, Unshakable, Cond+1]",Man-at-Arms,Lance3,,Chainmail,Crossbow,True,50,"Cond Field,Immune Unwieldy,Poison,Unshakable",Random,35470,29256,11677,747,77150,0.4598,0.3792,0.9903,0.5480,12.02,9.15,2.88,1400,70000,506.71,10,25,Animal Husbandry|Armory|Carpentry|Coliseum|Fletchery|Forge|Preceptory|Stable|Tannery|Tiltyard|Toxicarium
"MaA/Cavalry Spear+Crossbow/Chain (TY) [ImmU, Poison, Unshakable, Cond+1]",Man-at-Arms,Cavalry Spear,,Chainmail,Crossbow,True,50,"Cond Field,Immune Unwieldy,Poison,Unshakable",Random,31374,32348,12624,804,77150,0.4067,0.4193,0.9896,0.4924,10.71,11.12,-0.41,1400,70000,448.20,10,25,Animal Husbandry|Armory|Carpentry|Coliseum|Fletchery|Forge|Preceptory|Stable|Tannery|Tiltyard|Toxicarium
"MaA/2HBastard/Chain [Poison, Cond+1, Unshakable, Rend]",Man-at-Arms,2HBastard,,Chainmail,,False,50,"Cond Field,Poison,Rend,Unshakable",Random,43387,24785,8289,689,77150,0.5624,0.3213,0.9911,0.6364,14.47,6.94,7.53,1400,70000,619.81,8,25,Animal Husbandry|Armory|Coliseum|Forge|MWRend|Preceptory|Tannery|Toxicarium
"MaA/WarHammer/Chain [Poison, Cond+1, Unshakable, Rend]",Man-at-Arms,War Hammer,,Chainmail,,False,50,"Cond Field,Poison,Rend,Unshakable",Random,28529,34799,13043,779,77150,0.3698,0.4511,0.9899,0.4505,9.63,12.35,-2.72,1400,70000,407.56,8,25,Animal Husbandry|Armory|Coliseum|Forge|MWRend|Preceptory|Tannery|Toxicarium
"MaA/Crossbow/Chain [Poison, Rend, Unshakable, Cond+1]",Man-at-Arms,,,Chainmail,Crossbow,False,50,"Cond Field,Poison,Rend,Unshakable",Random,27676,35493,13242,739,77150,0.3587,0.4601,0.9904,0.4381,9.43,13.43,-4.00,1200,60000,461.27,10,25,Animal Husbandry|Armory|Carpentry|Coliseum|Fletchery|Forge|MWRend|Preceptory|Tannery|Toxicarium
"MaA/Lance/Scutum/Chain [Poison, Rend, Unshakable, Cond+1]",Man-at-Arms,Lance,Scutum Shield,Chainmail,,False,50,"Cond Field,Poison,Rend,Unshakable",Random,47918,10375,18014,843,77150,0.6211,0.1345,0.9891,0.8220,18.47,2.79,15.69,1200,60000,798.63,10,25,Animal Husbandry|Armory|Carpentry|Coliseum|Forge|Joinery|MWRend|Preceptory|Stable|Tannery|Toxicarium
"MaA/Lance3/Scutum/Chain [Poison, Rend, Unshakable, Cond+1]",Man-at-Arms,Lance3,Scutum Shield,Chainmail,,False,50,"Cond Field,Poison,Rend,Unshakable",Random,48026,10375,17970,779,77150,0.6225,0.1345,0.9899,0.8223,18.48,2.78,15.70,1200,60000,800.43,10,25,Animal Husbandry|Armory|Carpentry|Coliseum|Forge|Joinery|MWRend|Preceptory|Stable|Tannery|Toxicarium
"MaA/Cavalry Spear/Scutum/Chain [Poison, Rend, Unshakable, Cond+1]",Man-at-Arms,Cavalry Spear,Scutum Shield,Chainmail,,False,50,"Cond Field,Poison,Rend,Unshakable",Random,42747,12155,21489,759,77150,0.5541,0.1576,0.9902,0.7786,16.54,3.57,12.97,1200,60000,712.45,10,25,Animal Husbandry|Armory|Carpentry|Coliseum|Forge|Joinery|MWRend|Preceptory|Stable|Tannery|Toxicarium
"MaA/2HBastard/FullPlate [Poison, GF, Unshakable, Cond+1]",Man-at-Arms,2HBastard,,Full Plate,,False,50,"Cond Field,GF Armor,Poison,Unshakable",Random,42841,15418,18150,741,77150,0.5553,0.1998,0.9904,0.7354,15.39,5.02,10.37,1400,70000,612.01,7,25,Animal Husbandry|Armory|Coliseum|Forge|Gilded Foundry|Preceptory|Tannery|Toxicarium
"MaA/WarHammer/FullPlate [Poison, GF, Unshakable, Cond+1]",Man-at-Arms,War Hammer,,Full Plate,,False,50,"Cond Field,GF Armor,Poison,Unshakable",Random,30434,20666,25287,763,77150,0.3945,0.2679,0.9901,0.5956,10.98,9.24,1.75,1400,70000,434.77,7,25,Animal Husbandry|Armory|Coliseum|Forge|Gilded Foundry|Preceptory|Tannery|Toxicarium
"MaA/Bastard/Tower/FullPlate [Poison, GF, Unshakable, Cond+1]",Man-at-Arms,Bastard Sword,Tower Shield,Full Plate,,False,50,"Cond Field,GF Armor,Poison,Unshakable",Random,37819,6657,31896,778,77150,0.4902,0.0863,0.9899,0.8503,18.10,3.45,14.65,1200,60000,630.32,9,25,Animal Husbandry|Armory|Carpentry|Coliseum|Forge|Gilded Foundry|Joinery|Preceptory|Tannery|Toxicarium
"MaA/Longbow/FullPlate [Poison, GF, Unshakable, Cond+1]",Man-at-Arms,,,Full Plate,Longbow,False,50,"Cond Field,GF Armor,Poison,Unshakable",Random,60624,5914,9877,735,77150,0.7858,0.0767,0.9905,0.9111,23.55,1.93,21.61,1200,60000,1010.40,9,25,Animal Husbandry|Armory|Carpentry|Coliseum|Fletchery|Forge|Gilded Foundry|Preceptory|Tannery|Toxicarium
"MaA/Crossbow/FullPlate [Poison, GF, Unshakable, Cond+1]",Man-at-Arms,,,Full Plate,Crossbow,False,50,"Cond Field,GF Armor,Poison,Unshakable",Random,30405,20531,25424,790,77150,0.3941,0.2661,0.9898,0.5969,11.21,9.59,1.62,1200,60000,506.75,9,25,Animal Husbandry|Armory|Carpentry|Coliseum|Fletchery|Forge|Gilded Foundry|Preceptory|Tannery|Toxicarium
"MaA/Crossbow/Tower/FullPlate [Poison, GF, Unshakable, Cond+1]",Man-at-Arms,,Tower Shield,Full Plate,Crossbow,False,50,"Cond Field,GF Armor,Poison,Unshakable",Random,37783,6643,31917,807,77150,0.4897,0.0861,0.9895,0.8505,18.08,3.68,14.40,1000,50000,755.66,10,25,Animal Husbandry|Armory|Carpentry|Coliseum|Fletchery|Forge|Gilded Foundry|Joinery|Preceptory|Tannery|Toxicarium
"MaA/2HBastard+Longbow/FullPlate (TY) [Poison, Cond+1, GF, Unshakable, ImmU]",Man-at-Arms,2HBastard,,Full Plate,Longbow,True,50,"Cond Field,GF Armor,Immune Unwieldy,Poison,Unshakable",Random,46535,12854,17007,754,77150,0.6032,0.1666,0.9902,0.7836,16.93,3.96,12.97,1200,60000,775.58,10,25,Animal Husbandry|Armory|Carpentry|Coliseum|Fletchery|Forge|Gilded Foundry|Preceptory|Tannery|Tiltyard|Toxicarium
"MaA/2HBastard+Javelin/FullPlate (TY) [Poison, Cond+1, GF, Unshakable, ImmU]",Man-at-Arms,2HBastard,,Full Plate,Javelin,True,50,"Cond Field,GF Armor,Immune Unwieldy,Poison,Unshakable",Random,43454,14582,18367,747,77150,0.5632,0.1890,0.9903,0.7487,15.65,4.62,11.03,1200,60000,724.23,10,25,Animal Husbandry|Armory|Carpentry|Coliseum|Fletchery|Forge|Gilded Foundry|Preceptory|Tannery|Tiltyard|Toxicarium
"MaA/2HBastard+Crossbow/FullPlate (TY) [Poison, Cond+1, GF, Unshakable, ImmU]",Man-at-Arms,2HBastard,,Full Plate,Crossbow,True,50,"Cond Field,GF Armor,Immune Unwieldy,Poison,Unshakable",Random,40419,16000,19973,758,77150,0.5239,0.2074,0.9902,0.7164,14.68,5.48,9.20,1200,60000,673.65,10,25,Animal Husbandry|Armory|Carpentry|Coliseum|Fletchery|Forge|Gilded Foundry|Preceptory|Tannery|Tiltyard|Toxicarium
"MaA/Morningstar+Crossbow/FullPlate (TY) [Poison, Cond+1, GF, Unshakable, ImmU]",Man-at-Arms,Morningstar,,Full Plate,Crossbow,True,50,"Cond Field,GF Armor,Immune Unwieldy,Poison,Unshakable",Random,37495,17559,21296,800,77150,0.4860,0.2276,0.9896,0.6811,13.61,6.33,7.28,1200,60000,624.92,10,25,Animal Husbandry|Armory|Carpentry|Coliseum|Fletchery|Forge|Gilded Foundry|Preceptory|Tannery|Tiltyard|Toxicarium
"MaA/WarHammer+Longbow/FullPlate (TY) [Poison, Cond+1, GF, Unshakable, ImmU]",Man-at-Arms,War Hammer,,Full Plate,Longbow,True,50,"Cond Field,GF Armor,Immune Unwieldy,Poison,Unshakable",Random,35700,17304,23340,806,77150,0.4627,0.2243,0.9896,0.6735,13.04,5.40,7.65,1200,60000,595.00,10,25,Animal Husbandry|Armory|Carpentry|Coliseum|Fletchery|Forge|Gilded Foundry|Preceptory|Tannery|Tiltyard|Toxicarium
"MaA/WarHammer+Javelin/FullPlate (TY) [Poison, Cond+1, GF, Unshakable, ImmU]",Man-at-Arms,War Hammer,,Full Plate,Javelin,True,50,"Cond Field,GF Armor,Immune Unwieldy,Poison,Unshakable",Random,33686,18920,23802,742,77150,0.4366,0.2452,0.9904,0.6403,12.25,6.30,5.95,1200,60000,561.43,10,25,Animal Husbandry|Armory|Carpentry|Coliseum|Fletchery|Forge|Gilded Foundry|Preceptory|Tannery|Tiltyard|Toxicarium
"MaA/WarHammer+Crossbow/FullPlate (TY) [Poison, Cond+1, GF, Unshakable, ImmU]",Man-at-Arms,War Hammer,,Full Plate,Crossbow,True,50,"Cond Field,GF Armor,Immune Unwieldy,Poison,Unshakable",Random,32252,19519,24565,814,77150,0.4180,0.2530,0.9894,0.6230,11.86,7.23,4.63,1200,60000,537.53,10,25,Animal Husbandry|Armory|Carpentry|Coliseum|Fletchery|Forge|Gilded Foundry|Preceptory|Tannery|Tiltyard|Toxicarium
"MaA/Lance+Crossbow/FullPlate (TY) [Poison, Cond+1, GF, Unshakable, ImmU]",Man-at-Arms,Lance,,Full Plate,Crossbow,True,50,"Cond Field,GF Armor,Immune Unwieldy,Poison,Unshakable",Random,41879,14855,19645,771,77150,0.5428,0.1925,0.9900,0.7382,15.12,4.42,10.70,1200,60000,697.98,10,25,Animal Husbandry|Armory|Carpentry|Coliseum|Fletchery|Forge|Gilded Foundry|Preceptory|Stable|Tannery|Tiltyard|Toxicarium
"MaA/Lance3+Crossbow/FullPlate (TY) [Poison, Cond+1, GF, Unshakable, ImmU]",Man-at-Arms,Lance3,,Full Plate,Crossbow,True,50,"Cond Field,GF Armor,Immune Unwieldy,Poison,Unshakable",Random,41871,14859,19650,770,77150,0.5427,0.1926,0.9900,0.7381,15.14,4.43,10.70,1200,60000,697.85,10,25,Animal Husbandry|Armory|Carpentry|Coliseum|Fletchery|Forge|Gilded Foundry|Preceptory|Stable|Tannery|Tiltyard|Toxicarium
"MaA/Cavalry Spear+Crossbow/FullPlate (TY) [Poison, Cond+1, GF, Unshakable, ImmU]",Man-at-Arms,Cavalry Spear,,Full Plate,Crossbow,True,50,"Cond Field,GF Armor,Immune Unwieldy,Poison,Unshakable",Random,37421,17169,21720,840,77150,0.4850,0.2225,0.9891,0.6855,13.70,5.64,8.06,1200,60000,623.68,10,25,Animal Husbandry|Armory|Carpentry|Coliseum|Fletchery|Forge|Gilded Foundry|Preceptory|Stable|Tannery|Tiltyard|Toxicarium
"MaA/2HBastard/FullPlate [Poison, Cond+1, GF, Unshakable, Rend]",Man-at-Arms,2HBastard,,Full Plate,,False,50,"Cond Field,GF Armor,Poison,Rend,Unshakable",Random,43184,15185,18033,748,77150,0.5597,0.1968,0.9903,0.7398,15.59,4.73,10.86,1200,60000,719.73,8,25,Animal Husbandry|Armory|Coliseum|Forge|Gilded Foundry|MWRend|Preceptory|Tannery|Toxicarium
"MaA/WarHammer/FullPlate [Poison, Cond+1, GF, Unshakable, Rend]",Man-at-Arms,War Hammer,,Full Plate,,False,50,"Cond Field,GF Armor,Poison,Rend,Unshakable",Random,30212,20585,25549,804,77150,0.3916,0.2668,0.9896,0.5948,11.01,9.15,1.86,1200,60000,503.53,8,25,Animal Husbandry|Armory|Coliseum|Forge|Gilded Foundry|MWRend|Preceptory|Tannery|Toxicarium
"MaA/Bastard/Tower/FullPlate [Poison, Cond+1, GF, Unshakable, Rend]",Man-at-Arms,Bastard Sword,Tower Shield,Full Plate,,False,50,"Cond Field,GF Armor,Poison,Rend,Unshakable",Random,37771,6723,31841,815,77150,0.4896,0.0871,0.9894,0.8489,18.09,3.49,14.60,1000,50000,755.42,10,25,Animal Husbandry|Armory|Carpentry|Coliseum|Forge|Gilded Foundry|Joinery|MWRend|Preceptory|Tannery|Toxicarium
"MaA/Longbow/FullPlate [Poison, Cond+1, GF, Unshakable, Rend]",Man-at-Arms,,,Full Plate,Longbow,False,50,"Cond Field,GF Armor,Poison,Rend,Unshakable",Random,63422,4949,8086,693,77150,0.8221,0.0641,0.9910,0.9276,24.53,1.35,23.18,1000,50000,1268.44,10,25,Animal Husbandry|Armory|Carpentry|Coliseum|Fletchery|Forge|Gilded Foundry|MWRend|Preceptory|Tannery|Toxicarium
"MaA/Crossbow/FullPlate [Poison, Cond+1, GF, Unshakable, Rend]",Man-at-Arms,,,Full Plate,Crossbow,False,50,"Cond Field,GF Armor,Poison,Rend,Unshakable",Random,30375,20488,25489,798,77150,0.3937,0.2656,0.9897,0.5972,11.20,9.52,1.68,1000,50000,607.50,10,25,Animal Husbandry|Armory|Carpentry|Coliseum|Fletchery|Forge|Gilded Foundry|MWRend|Preceptory|Tannery|Toxicarium
"MaA/2HBastard/Chain [Cond+1, ApoHeal, Unshakable, Regen 5, Reroll]",Man-at-Arms,2HBastard,,Chainmail,,False,50,"Apothecary Heal,Cond Field,Regenerate 5,Regenerate Reroll,Unshakable",Random,58372,1377,16725,676,77150,0.7566,0.0178,0.9912,0.9770,25.69,0.53,25.16,1600,80000,729.65,7,22,Animal Husbandry|Apothecary|Armory|Coliseum|Forge|Hospitaller|Infirmary|Preceptory|Tannery
"MaA/WarHammer/Chain [Cond+1, ApoHeal, Unshakable, Regen 5, Reroll]",Man-at-Arms,War Hammer,,Chainmail,,False,50,"Apothecary Heal,Cond Field,Regenerate 5,Regenerate Reroll,Unshakable",Random,47943,3028,25407,772,77150,0.6214,0.0392,0.9900,0.9406,19.71,0.78,18.92,1600,80000,599.29,7,22,Animal Husbandry|Apothecary|Armory|Coliseum|Forge|Hospitaller|Infirmary|Preceptory|Tannery
"MaA/Crossbow/Chain [Cond+1, ApoHeal, Unshakable, Regen 5, Reroll]",Man-at-Arms,,,Chainmail,Crossbow,False,50,"Apothecary Heal,Cond Field,Regenerate 5,Regenerate Reroll,Unshakable",Random,45034,3451,27900,765,77150,0.5837,0.0447,0.9901,0.9288,18.48,0.92,17.57,1400,70000,643.34,9,22,Animal Husbandry|Apothecary|Armory|Carpentry|Coliseum|Fletchery|Forge|Hospitaller|Infirmary|Preceptory|Tannery
"MaA/2HBastard+Longbow/Chain (TY) [Cond+1, ApoHeal, Unshakable, ImmU, Regen 5, Reroll]",Man-at-Arms,2HBastard,,Chainmail,Longbow,True,50,"Apothecary Heal,Cond Field,Immune Unwieldy,Regenerate 5,Regenerate Reroll,Unshakable",Random,59690,1137,15579,744,77150,0.7737,0.0147,0.9904,0.9813,26.75,0.52,26.22,1400,70000,852.71,10,22,Animal Husbandry|Apothecary|Armory|Carpentry|Coliseum|Fletchery|Forge|Hospitaller|Infirmary|Preceptory|Tannery|Tiltyard
"MaA/2HBastard+Javelin/Chain (TY) [Cond+1, ApoHeal, Unshakable, ImmU, Regen 5, Reroll]",Man-at-Arms,2HBastard,,Chainmail,Javelin,True,50,"Apothecary Heal,Cond Field,Immune Unwieldy,Regenerate 5,Regenerate Reroll,Unshakable",Random,58221,1384,16812,733,77150,0.7546,0.0179,0.9905,0.9768,25.56,0.56,25.00,1400,70000,831.73,10,22,Animal Husbandry|Apothecary|Armory|Carpentry|Coliseum|Fletchery|Forge|Hospitaller|Infirmary|Preceptory|Tannery|Tiltyard
"MaA/2HBastard+Crossbow/Chain (TY) [Cond+1, ApoHeal, Unshakable, ImmU, Regen 5, Reroll]",Man-at-Arms,2HBastard,,Chainmail,Crossbow,True,50,"Apothecary Heal,Cond Field,Immune Unwieldy,Regenerate 5,Regenerate Reroll,Unshakable",Random,57619,1457,17331,743,77150,0.7468,0.0189,0.9904,0.9753,25.08,0.57,24.51,1400,70000,823.13,10,22,Animal Husbandry|Apothecary|Armory|Carpentry|Coliseum|Fletchery|Forge|Hospitaller|Infirmary|Preceptory|Tannery|Tiltyard
"MaA/Morningstar+Crossbow/Chain (TY) [Cond+1, ApoHeal, Unshakable, ImmU, Regen 5, Reroll]",Man-at-Arms,Morningstar,,Chainmail,Crossbow,True,50,"Apothecary Heal,Cond Field,Immune Unwieldy,Regenerate 5,Regenerate Reroll,Unshakable",Random,52444,2210,21726,770,77150,0.6798,0.0286,0.9900,0.9596,22.00,0.71,21.29,1400,70000,749.20,10,22,Animal Husbandry|Apothecary|Armory|Carpentry|Coliseum|Fletchery|Forge|Hospitaller|Infirmary|Preceptory|Tannery|Tiltyard
"MaA/WarHammer+Longbow/Chain (TY) [Cond+1, ApoHeal, Unshakable, ImmU, Regen 5, Reroll]",Man-at-Arms,War Hammer,,Chainmail,Longbow,True,50,"Apothecary Heal,Cond Field,Immune Unwieldy,Regenerate 5,Regenerate Reroll,Unshakable",Random,51075,2239,23066,770,77150,0.6620,0.0290,0.9900,0.9580,21.64,0.62,21.02,1400,70000,729.64,10,22,Animal Husbandry|Apothecary|Armory|Carpentry|Coliseum|Fletchery|Forge|Hospitaller|Infirmary|Preceptory|Tannery|Tiltyard
"MaA/WarHammer+Javelin/Chain (TY) [Cond+1, ApoHeal, Unshakable, ImmU, Regen 5, Reroll]",Man-at-Arms,War Hammer,,Chainmail,Javelin,True,50,"Apothecary Heal,Cond Field,Immune Unwieldy,Regenerate 5,Regenerate Reroll,Unshakable",Random,48264,2799,25332,755,77150,0.6256,0.0363,0.9902,0.9452,20.10,0.70,19.39,1400,70000,689.49,10,22,Animal Husbandry|Apothecary|Armory|Carpentry|Coliseum|Fletchery|Forge|Hospitaller|Infirmary|Preceptory|Tannery|Tiltyard
"MaA/WarHammer+Crossbow/Chain (TY) [Cond+1, ApoHeal, Unshakable, ImmU, Regen 5, Reroll]",Man-at-Arms,War Hammer,,Chainmail,Crossbow,True,50,"Apothecary Heal,Cond Field,Immune Unwieldy,Regenerate 5,Regenerate Reroll,Unshakable",Random,47212,3046,26108,784,77150,0.6120,0.0395,0.9898,0.9394,19.56,0.78,18.78,1400,70000,674.46,10,22,Animal Husbandry|Apothecary|Armory|Carpentry|Coliseum|Fletchery|Forge|Hospitaller|Infirmary|Preceptory|Tannery|Tiltyard
"MaA/Lance/Scutum/Chain [Cond+1, ApoHeal, Unshakable, Regen 5, Reroll]",Man-at-Arms,Lance,Scutum Shield,Chainmail,,False,50,"Apothecary Heal,Cond Field,Regenerate 5,Regenerate Reroll,Unshakable",Random,54140,1502,20753,755,77150,0.7017,0.0195,0.9902,0.9730,26.62,0.48,26.14,1400,70000,773.43,9,22,Animal Husbandry|Apothecary|Armory|Carpentry|Coliseum|Forge|Hospitaller|Infirmary|Joinery|Preceptory|Stable|Tannery
"MaA/Lance3/Scutum/Chain [Cond+1, ApoHeal, Unshakable, Regen 5, Reroll]",Man-at-Arms,Lance3,Scutum Shield,Chainmail,,False,50,"Apothecary Heal,Cond Field,Regenerate 5,Regenerate Reroll,Unshakable",Random,54151,1506,20707,786,77150,0.7019,0.0195,0.9898,0.9729,26.65,0.51,26.14,1400,70000,773.59,9,22,Animal Husbandry|Apothecary|Armory|Carpentry|Coliseum|Forge|Hospitaller|Infirmary|Joinery|Preceptory|Stable|Tannery
"MaA/Cavalry Spear/Scutum/Chain [Cond+1, ApoHeal, Unshakable, Regen 5, Reroll]",Man-at-Arms,Cavalry Spear,Scutum Shield,Chainmail,,False,50,"Apothecary Heal,Cond Field,Regenerate 5,Regenerate Reroll,Unshakable",Random,46665,2723,26944,818,77150,0.6049,0.0353,0.9894,0.9449,22.69,0.83,21.86,1400,70000,666.64,9,22,Animal Husbandry|Apothecary|Armory|Carpentry|Coliseum|Forge|Hospitaller|Infirmary|Joinery|Preceptory|Stable|Tannery
"MaA/Lance+Crossbow/Chain (TY) [Cond+1, ApoHeal, Unshakable, ImmU, Regen 5, Reroll]",Man-at-Arms,Lance,,Chainmail,Crossbow,True,50,"Apothecary Heal,Cond Field,Immune Unwieldy,Regenerate 5,Regenerate Reroll,Unshakable",Random,53169,1938,21309,734,77150,0.6892,0.0251,0.9905,0.9648,22.93,0.58,22.35,1400,70000,759.56,10,22,Animal Husbandry|Apothecary|Armory|Carpentry|Coliseum|Fletchery|Forge|Hospitaller|Infirmary|Preceptory|Stable|Tannery|Tiltyard
"MaA/Lance3+Crossbow/Chain (TY) [Cond+1, ApoHeal, Unshakable, ImmU, Regen 5, Reroll]",Man-at-Arms,Lance3,,Chainmail,Crossbow,True,50,"Apothecary Heal,Cond Field,Immune Unwieldy,Regenerate 5,Regenerate Reroll,Unshakable",Random,53106,1917,21390,737,77150,0.6883,0.0248,0.9904,0.9652,22.89,0.58,22.31,1400,70000,758.66,10,22,Animal Husbandry|Apothecary|Armory|Carpentry|Coliseum|Fletchery|Forge|Hospitaller|Infirmary|Preceptory|Stable|Tannery|Tiltyard
"MaA/Cavalry Spear+Crossbow/Chain (TY) [Cond+1, ApoHeal, Unshakable, ImmU, Regen 5, Reroll]",Man-at-Arms,Cavalry Spear,,Chainmail,Crossbow,True,50,"Apothecary Heal,Cond Field,Immune Unwieldy,Regenerate 5,Regenerate Reroll,Unshakable",Random,45898,3333,27120,799,77150,0.5949,0.0432,0.9896,0.9323,19.27,0.93,18.33,1400,70000,655.69,10,22,Animal Husbandry|Apothecary|Armory|Carpentry|Coliseum|Fletchery|Forge|Hospitaller|Infirmary|Preceptory|Stable|Tannery|Tiltyard
"MaA/2HBastard/Chain [Cond+1, ApoHeal, Unshakable, Rend, Regen 5, Reroll]",Man-at-Arms,2HBastard,,Chainmail,,False,50,"Apothecary Heal,Cond Field,Regenerate 5,Regenerate Reroll,Rend,Unshakable",Random,60076,1344,15028,702,77150,0.7787,0.0174,0.9909,0.9781,26.51,0.51,26.01,1400,70000,858.23,8,22,Animal Husbandry|Apothecary|Armory|Coliseum|Forge|Hospitaller|Infirmary|MWRend|Preceptory|Tannery
"MaA/WarHammer/Chain [Cond+1, ApoHeal, Unshakable, Rend, Regen 5, Reroll]",Man-at-Arms,War Hammer,,Chainmail,,False,50,"Apothecary Heal,Cond Field,Regenerate 5,Regenerate Reroll,Rend,Unshakable",Random,47975,2924,25474,777,77150,0.6218,0.0379,0.9899,0.9426,19.74,0.76,18.99,1400,70000,685.36,8,22,Animal Husbandry|Apothecary|Armory|Coliseum|Forge|Hospitaller|Infirmary|MWRend|Preceptory|Tannery
"MaA/Crossbow/Chain [Cond+1, ApoHeal, Unshakable, Rend, Regen 5, Reroll]",Man-at-Arms,,,Chainmail,Crossbow,False,50,"Apothecary Heal,Cond Field,Regenerate 5,Regenerate Reroll,Rend,Unshakable",Random,45120,3523,27736,771,77150,0.5848,0.0457,0.9900,0.9276,18.54,0.90,17.64,1200,60000,752.00,10,22,Animal Husbandry|Apothecary|Armory|Carpentry|Coliseum|Fletchery|Forge|Hospitaller|Infirmary|MWRend|Preceptory|Tannery
"MaA/Lance/Scutum/Chain [Cond+1, ApoHeal, Unshakable, Rend, Regen 5, Reroll]",Man-at-Arms,Lance,Scutum Shield,Chainmail,,False,50,"Apothecary Heal,Cond Field,Regenerate 5,Regenerate Reroll,Rend,Unshakable",Random,54325,1517,20542,766,77150,0.7041,0.0197,0.9901,0.9728,26.77,0.49,26.28,1200,60000,905.42,10,22,Animal Husbandry|Apothecary|Armory|Carpentry|Coliseum|Forge|Hospitaller|Infirmary|Joinery|MWRend|Preceptory|Stable|Tannery
"MaA/Lance3/Scutum/Chain [Cond+1, ApoHeal, Unshakable, Rend, Regen 5, Reroll]",Man-at-Arms,Lance3,Scutum Shield,Chainmail,,False,50,"Apothecary Heal,Cond Field,Regenerate 5,Regenerate Reroll,Rend,Unshakable",Random,54103,1550,20699,798,77150,0.7013,0.0201,0.9897,0.9721,26.69,0.51,26.18,1200,60000,901.72,10,22,Animal Husbandry|Apothecary|Armory|Carpentry|Coliseum|Forge|Hospitaller|Infirmary|Joinery|MWRend|Preceptory|Stable|Tannery
"MaA/Cavalry Spear/Scutum/Chain [Cond+1, ApoHeal, Unshakable, Rend, Regen 5, Reroll]",Man-at-Arms,Cavalry Spear,Scutum Shield,Chainmail,,False,50,"Apothecary Heal,Cond Field,Regenerate 5,Regenerate Reroll,Rend,Unshakable",Random,46800,2735,26843,772,77150,0.6066,0.0355,0.9900,0.9448,22.77,0.80,21.97,1200,60000,780.00,10,22,Animal Husbandry|Apothecary|Armory|Carpentry|Coliseum|Forge|Hospitaller|Infirmary|Joinery|MWRend|Preceptory|Stable|Tannery
"MaA/2HBastard/FullPlate [Cond+1, ApoHeal, GF, Unshakable, Regen 5, Reroll]",Man-at-Arms,2HBastard,,Full Plate,,False,50,"Apothecary Heal,Cond Field,GF Armor,Regenerate 5,Regenerate Reroll,Unshakable",Random,52328,1818,22214,790,77150,0.6783,0.0236,0.9898,0.9664,24.37,0.64,23.73,1400,70000,747.54,7,22,Animal Husbandry|Apothecary|Armory|Coliseum|Forge|Gilded Foundry|Hospitaller|Infirmary|Preceptory|Tannery
"MaA/WarHammer/FullPlate [Cond+1, ApoHeal, GF, Unshakable, Regen 5, Reroll]",Man-at-Arms,War Hammer,,Full Plate,,False,50,"Apothecary Heal,Cond Field,GF Armor,Regenerate 5,Regenerate Reroll,Unshakable",Random,39578,3973,32772,827,77150,0.5130,0.0515,0.9893,0.9088,17.76,1.26,16.49,1400,70000,565.40,7,22,Animal Husbandry|Apothecary|Armory|Coliseum|Forge|Gilded Foundry|Hospitaller|Infirmary|Preceptory|Tannery
"MaA/Bastard/Tower/FullPlate [Cond+1, ApoHeal, GF, Unshakable, Regen 5, Reroll]",Man-at-Arms,Bastard Sword,Tower Shield,Full Plate,,False,50,"Apothecary Heal,Cond Field,GF Armor,Regenerate 5,Regenerate Reroll,Unshakable",Random,39761,3856,32771,762,77150,0.5154,0.0500,0.9901,0.9116,21.80,1.97,19.83,1200,60000,662.68,9,22,Animal Husbandry|Apothecary|Armory|Carpentry|Coliseum|Forge|Gilded Foundry|Hospitaller|Infirmary|Joinery|Preceptory|Tannery
"MaA/Longbow/FullPlate [Cond+1, ApoHeal, GF, Unshakable, Regen 5, Reroll]",Man-at-Arms,,,Full Plate,Longbow,False,50,"Apothecary Heal,Cond Field,GF Armor,Regenerate 5,Regenerate Reroll,Unshakable",Random,64744,190,11476,740,77150,0.8392,0.0025,0.9904,0.9971,32.86,0.39,32.48,1200,60000,1079.07,9,22,Animal Husbandry|Apothecary|Armory|Carpentry|Coliseum|Fletchery|Forge|Gilded Foundry|Hospitaller|Infirmary|Preceptory|Tannery
"MaA/Crossbow/FullPlate [Cond+1, ApoHeal, GF, Unshakable, Regen 5, Reroll]",Man-at-Arms,,,Full Plate,Crossbow,False,50,"Apothecary Heal,Cond Field,GF Armor,Regenerate 5,Regenerate Reroll,Unshakable",Random,39728,3979,32718,725,77150,0.5149,0.0516,0.9906,0.9090,17.84,1.37,16.47,1200,60000,662.13,9,22,Animal Husbandry|Apothecary|Armory|Carpentry|Coliseum|Fletchery|Forge|Gilded Foundry|Hospitaller|Infirmary|Preceptory|Tannery
"MaA/Crossbow/Tower/FullPlate [Cond+1, ApoHeal, GF, Unshakable, Regen 5, Reroll]",Man-at-Arms,,Tower Shield,Full Plate,Crossbow,False,50,"Apothecary Heal,Cond Field,GF Armor,Regenerate 5,Regenerate Reroll,Unshakable",Random,39712,3865,32732,841,77150,0.5147,0.0501,0.9891,0.9113,21.79,2.19,19.60,1000,50000,794.24,10,22,Animal Husbandry|Apothecary|Armory|Carpentry|Coliseum|Fletchery|Forge|Gilded Foundry|Hospitaller|Infirmary|Joinery|Preceptory|Tannery
"MaA/2HBastard+Longbow/FullPlate (TY) [Cond+1, ApoHeal, GF, Unshakable, ImmU, Regen 5, Reroll]",Man-at-Arms,2HBastard,,Full Plate,Longbow,True,50,"Apothecary Heal,Cond Field,GF Armor,Immune Unwieldy,Regenerate 5,Regenerate Reroll,Unshakable",Random,54023,1545,20803,779,77150,0.7002,0.0200,0.9899,0.9722,25.71,0.56,25.15,1200,60000,900.38,10,22,Animal Husbandry|Apothecary|Armory|Carpentry|Coliseum|Fletchery|Forge|Gilded Foundry|Hospitaller|Infirmary|Preceptory|Tannery|Tiltyard
"MaA/2HBastard+Javelin/FullPlate (TY) [Cond+1, ApoHeal, GF, Unshakable, ImmU, Regen 5, Reroll]",Man-at-Arms,2HBastard,,Full Plate,Javelin,True,50,"Apothecary Heal,Cond Field,GF Armor,Immune Unwieldy,Regenerate 5,Regenerate Reroll,Unshakable",Random,52238,1788,22386,738,77150,0.6771,0.0232,0.9904,0.9669,24.46,0.59,23.87,1200,60000,870.63,10,22,Animal Husbandry|Apothecary|Armory|Carpentry|Coliseum|Fletchery|Forge|Gilded Foundry|Hospitaller|Infirmary|Preceptory|Tannery|Tiltyard
"MaA/2HBastard+Crossbow/FullPlate (TY) [Cond+1, ApoHeal, GF, Unshakable, ImmU, Regen 5, Reroll]",Man-at-Arms,2HBastard,,Full Plate,Crossbow,True,50,"Apothecary Heal,Cond Field,GF Armor,Immune Unwieldy,Regenerate 5,Regenerate Reroll,Unshakable",Random,50304,1985,24067,794,77150,0.6520,0.0257,0.9897,0.9620,23.37,0.68,22.69,1200,60000,838.40,10,22,Animal Husbandry|Apothecary|Armory|Carpentry|Coliseum|Fletchery|Forge|Gilded Foundry|Hospitaller|Infirmary|Preceptory|Tannery|Tiltyard
"MaA/Morningstar+Crossbow/FullPlate (TY) [Cond+1, ApoHeal, GF, Unshakable, ImmU, Regen 5, Reroll]",Man-at-Arms,Morningstar,,Full Plate,Crossbow,True,50,"Apothecary Heal,Cond Field,GF Armor,Immune Unwieldy,Regenerate 5,Regenerate Reroll,Unshakable",Random,48061,2226,26056,807,77150,0.6230,0.0289,0.9895,0.9557,22.05,0.68,21.37,1200,60000,801.02,10,22,Animal Husbandry|Apothecary|Armory|Carpentry|Coliseum|Fletchery|Forge|Gilded Foundry|Hospitaller|Infirmary|Preceptory|Tannery|Tiltyard
"MaA/WarHammer+Longbow/FullPlate (TY) [Cond+1, ApoHeal, GF, Unshakable, ImmU, Regen 5, Reroll]",Man-at-Arms,War Hammer,,Full Plate,Longbow,True,50,"Apothecary Heal,Cond Field,GF Armor,Immune Unwieldy,Regenerate 5,Regenerate Reroll,Unshakable",Random,46129,2585,27684,752,77150,0.5979,0.0335,0.9903,0.9469,21.32,0.56,20.76,1200,60000,768.82,10,22,Animal Husbandry|Apothecary|Armory|Carpentry|Coliseum|Fletchery|Forge|Gilded Foundry|Hospitaller|Infirmary|Preceptory|Tannery|Tiltyard
"MaA/WarHammer+Javelin/FullPlate (TY) [Cond+1, ApoHeal, GF, Unshakable, ImmU, Regen 5, Reroll]",Man-at-Arms,War Hammer,,Full Plate,Javelin,True,50,"Apothecary Heal,Cond Field,GF Armor,Immune Unwieldy,Regenerate 5,Regenerate Reroll,Unshakable",Random,43947,2991,29424,788,77150,0.5696,0.0388,0.9898,0.9363,20.12,0.66,19.45,1200,60000,732.45,10,22,Animal Husbandry|Apothecary|Armory|Carpentry|Coliseum|Fletchery|Forge|Gilded Foundry|Hospitaller|Infirmary|Preceptory|Tannery|Tiltyard
"MaA/WarHammer+Crossbow/FullPlate (TY) [Cond+1, ApoHeal, GF, Unshakable, ImmU, Regen 5, Reroll]",Man-at-Arms,War Hammer,,Full Plate,Crossbow,True,50,"Apothecary Heal,Cond Field,GF Armor,Immune Unwieldy,Regenerate 5,Regenerate Reroll,Unshakable",Random,42297,3222,30847,784,77150,0.5482,0.0418,0.9898,0.9292,19.29,0.76,18.53,1200,60000,704.95,10,22,Animal Husbandry|Apothecary|Armory|Carpentry|Coliseum|Fletchery|Forge|Gilded Foundry|Hospitaller|Infirmary|Preceptory|Tannery|Tiltyard
"MaA/Lance+Crossbow/FullPlate (TY) [Cond+1, ApoHeal, GF, Unshakable, ImmU, Regen 5, Reroll]",Man-at-Arms,Lance,,Full Plate,Crossbow,True,50,"Apothecary Heal,Cond Field,GF Armor,Immune Unwieldy,Regenerate 5,Regenerate Reroll,Unshakable",Random,51956,1732,22691,771,77150,0.6734,0.0224,0.9900,0.9677,24.34,0.54,23.80,1200,60000,865.93,10,22,Animal Husbandry|Apothecary|Armory|Carpentry|Coliseum|Fletchery|Forge|Gilded Foundry|Hospitaller|Infirmary|Preceptory|Stable|Tannery|Tiltyard
"MaA/Lance3+Crossbow/FullPlate (TY) [Cond+1, ApoHeal, GF, Unshakable, ImmU, Regen 5, Reroll]",Man-at-Arms,Lance3,,Full Plate,Crossbow,True,50,"Apothecary Heal,Cond Field,GF Armor,Immune Unwieldy,Regenerate 5,Regenerate Reroll,Unshakable",Random,51992,1703,22661,794,77150,0.6739,0.0221,0.9897,0.9683,24.36,0.55,23.81,1200,60000,866.53,10,22,Animal Husbandry|Apothecary|Armory|Carpentry|Coliseum|Fletchery|Forge|Gilded Foundry|Hospitaller|Infirmary|Preceptory|Stable|Tannery|Tiltyard
"MaA/Cavalry Spear+Crossbow/FullPlate (TY) [Cond+1, ApoHeal, GF, Unshakable, ImmU, Regen 5, Reroll]",Man-at-Arms,Cavalry Spear,,Full Plate,Crossbow,True,50,"Apothecary Heal,Cond Field,GF Armor,Immune Unwieldy,Regenerate 5,Regenerate Reroll,Unshakable",Random,45337,2862,28146,805,77150,0.5876,0.0371,0.9896,0.9406,20.95,0.83,20.13,1200,60000,755.62,10,22,Animal Husbandry|Apothecary|Armory|Carpentry|Coliseum|Fletchery|Forge|Gilded Foundry|Hospitaller|Infirmary|Preceptory|Stable|Tannery|Tiltyard
"MaA/2HBastard/FullPlate [Cond+1, ApoHeal, GF, Unshakable, Rend, Regen 5, Reroll]",Man-at-Arms,2HBastard,,Full Plate,,False,50,"Apothecary Heal,Cond Field,GF Armor,Regenerate 5,Regenerate Reroll,Rend,Unshakable",Random,53012,1810,21580,748,77150,0.6871,0.0235,0.9903,0.9670,24.71,0.60,24.10,1200,60000,883.53,8,22,Animal Husbandry|Apothecary|Armory|Coliseum|Forge|Gilded Foundry|Hospitaller|Infirmary|MWRend|Preceptory|Tannery
"MaA/WarHammer/FullPlate [Cond+1, ApoHeal, GF, Unshakable, Rend, Regen 5, Reroll]",Man-at-Arms,War Hammer,,Full Plate,,False,50,"Apothecary Heal,Cond Field,GF Armor,Regenerate 5,Regenerate Reroll,Rend,Unshakable",Random,39648,3970,32713,819,77150,0.5139,0.0515,0.9894,0.9090,17.74,1.25,16.49,1200,60000,660.80,8,22,Animal Husbandry|Apothecary|Armory|Coliseum|Forge|Gilded Foundry|Hospitaller|Infirmary|MWRend|Preceptory|Tannery
"MaA/Bastard/Tower/FullPlate [Cond+1, ApoHeal, GF, Unshakable, Rend, Regen 5, Reroll]",Man-at-Arms,Bastard Sword,Tower Shield,Full Plate,,False,50,"Apothecary Heal,Cond Field,GF Armor,Regenerate 5,Regenerate Reroll,Rend,Unshakable",Random,39737,3855,32743,815,77150,0.5151,0.0500,0.9894,0.9116,21.82,2.00,19.82,1000,50000,794.74,10,22,Animal Husbandry|Apothecary|Armory|Carpentry|Coliseum|Forge|Gilded Foundry|Hospitaller|Infirmary|Joinery|MWRend|Preceptory|Tannery
"MaA/Longbow/FullPlate [Cond+1, ApoHeal, GF, Unshakable, Rend, Regen 5, Reroll]",Man-at-Arms,,,Full Plate,Longbow,False,50,"Apothecary Heal,Cond Field,GF Armor,Regenerate 5,Regenerate Reroll,Rend,Unshakable",Random,67549,192,8678,731,77150,0.8756,0.0025,0.9905,0.9972,34.35,0.36,33.98,1000,50000,1350.98,10,22,Animal Husbandry|Apothecary|Armory|Carpentry|Coliseum|Fletchery|Forge|Gilded Foundry|Hospitaller|Infirmary|MWRend|Preceptory|Tannery
"MaA/Crossbow/FullPlate [Cond+1, ApoHeal, GF, Unshakable, Rend, Regen 5, Reroll]",Man-at-Arms,,,Full Plate,Crossbow,False,50,"Apothecary Heal,Cond Field,GF Armor,Regenerate 5,Regenerate Reroll,Rend,Unshakable",Random,39640,3979,32720,811,77150,0.5138,0.0516,0.9895,0.9088,17.89,1.43,16.45,1000,50000,792.80,10,22,Animal Husbandry|Apothecary|Armory|Carpentry|Coliseum|Fletchery|Forge|Gilded Foundry|Hospitaller|Infirmary|MWRend|Preceptory|Tannery
"MaA/2HBastard/Chain [Poison, Cond+1, ApoHeal, Unshakable, Regen 5, Reroll]",Man-at-Arms,2HBastard,,Chainmail,,False,50,"Apothecary Heal,Cond Field,Poison,Regenerate 5,Regenerate Reroll,Unshakable",Random,62754,700,12977,719,77150,0.8134,0.0091,0.9907,0.9890,28.01,0.45,27.55,1600,80000,784.42,9,25,Animal Husbandry|Apothecary|Armory|Coliseum|Forge|Hospitaller|Infirmary|Preceptory|Tannery|Toxicarium
"MaA/WarHammer/Chain [Poison, Cond+1, ApoHeal, Unshakable, Regen 5, Reroll]",Man-at-Arms,War Hammer,,Chainmail,,False,50,"Apothecary Heal,Cond Field,Poison,Regenerate 5,Regenerate Reroll,Unshakable",Random,47943,2967,25447,793,77150,0.6214,0.0385,0.9897,0.9417,19.72,0.77,18.95,1600,80000,599.29,9,25,Animal Husbandry|Apothecary|Armory|Coliseum|Forge|Hospitaller|Infirmary|Preceptory|Tannery|Toxicarium
"MaA/2HBastard/Chain [Poison, Cond+1, ApoHeal, Unshakable, Rend, Regen 5, Reroll]",Man-at-Arms,2HBastard,,Chainmail,,False,50,"Apothecary Heal,Cond Field,Poison,Regenerate 5,Regenerate Reroll,Rend,Unshakable",Random,65158,635,10631,726,77150,0.8446,0.0082,0.9906,0.9903,29.16,0.43,28.73,1400,70000,930.83,10,25,Animal Husbandry|Apothecary|Armory|Coliseum|Forge|Hospitaller|Infirmary|MWRend|Preceptory|Tannery|Toxicarium
"MaA/WarHammer/Chain [Poison, Cond+1, ApoHeal, Unshakable, Rend, Regen 5, Reroll]",Man-at-Arms,War Hammer,,Chainmail,,False,50,"Apothecary Heal,Cond Field,Poison,Regenerate 5,Regenerate Reroll,Rend,Unshakable",Random,47841,2930,25591,788,77150,0.6201,0.0380,0.9898,0.9423,19.71,0.75,18.96,1400,70000,683.44,10,25,Animal Husbandry|Apothecary|Armory|Coliseum|Forge|Hospitaller|Infirmary|MWRend|Preceptory|Tannery|Toxicarium
"MaA/2HBastard/FullPlate [Poison, Cond+1, ApoHeal, GF, Unshakable, Regen 5, Reroll]",Man-at-Arms,2HBastard,,Full Plate,,False,50,"Apothecary Heal,Cond Field,GF Armor,Poison,Regenerate 5,Regenerate Reroll,Unshakable",Random,56018,1224,19178,730,77150,0.7261,0.0159,0.9905,0.9786,26.23,0.51,25.72,1400,70000,800.26,9,25,Animal Husbandry|Apothecary|Armory|Coliseum|Forge|Gilded Foundry|Hospitaller|Infirmary|Preceptory|Tannery|Toxicarium
"MaA/WarHammer/FullPlate [Poison, Cond+1, ApoHeal, GF, Unshakable, Regen 5, Reroll]",Man-at-Arms,War Hammer,,Full Plate,,False,50,"Apothecary Heal,Cond Field,GF Armor,Poison,Regenerate 5,Regenerate Reroll,Unshakable",Random,39646,3969,32737,798,77150,0.5139,0.0514,0.9897,0.9090,17.74,1.24,16.49,1400,70000,566.37,9,25,Animal Husbandry|Apothecary|Armory|Coliseum|Forge|Gilded Foundry|Hospitaller|Infirmary|Preceptory|Tannery|Toxicarium
"MaA/2HBastard/FullPlate [Poison, Cond+1, ApoHeal, GF, Unshakable, Rend, Regen 5, Reroll]",Man-at-Arms,2HBastard,,Full Plate,,False,50,"Apothecary Heal,Cond Field,GF Armor,Poison,Regenerate 5,Regenerate Reroll,Rend,Unshakable",Random,56889,1202,18321,738,77150,0.7374,0.0156,0.9904,0.9793,26.68,0.51,26.17,1200,60000,948.15,10,25,Animal Husbandry|Apothecary|Armory|Coliseum|Forge|Gilded Foundry|Hospitaller|Infirmary|MWRend|Preceptory|Tannery|Toxicarium
"MaA/WarHammer/FullPlate [Poison, Cond+1, ApoHeal, GF, Unshakable, Rend, Regen 5, Reroll]",Man-at-Arms,War Hammer,,Full Plate,,False,50,"Apothecary Heal,Cond Field,GF Armor,Poison,Regenerate 5,Regenerate Reroll,Rend,Unshakable",Random,39637,3968,32758,787,77150,0.5138,0.0514,0.9898,0.9090,17.73,1.23,16.49,1200,60000,660.62,10,25,Animal Husbandry|Apothecary|Armory|Coliseum|Forge|Gilded Foundry|Hospitaller|Infirmary|MWRend|Preceptory|Tannery|Toxicarium
Sgt/2HBastard/Chain,Sergeant,2HBastard,,Chainmail,,False,50,,Random,60562,48940,9167,781,119450,0.5070,0.4097,0.9935,0.5531,12.24,9.22,3.02,2100,105000,576.78,5,12,Animal Husbandry|Armory|Forge|Tannery|War College
Sgt/WarHammer/Chain,Sergeant,War Hammer,,Chainmail,,False,50,,Random,42270,65650,10675,855,119450,0.3539,0.5496,0.9928,0.3917,7.87,13.30,-5.43,2100,105000,402.57,5,12,Animal Husbandry|Armory|Forge|Tannery|War College
Sgt/Crossbow/Chain,Sergeant,,,Chainmail,Crossbow,False,50,,Random,38685,69383,10506,876,119450,0.3239,0.5809,0.9927,0.3580,7.14,15.18,-8.04,1900,95000,407.21,7,12,Animal Husbandry|Armory|Carpentry|Fletchery|Forge|Tannery|War College
"Sgt/2HBastard+Javelin/Chain (TY) [ImmU, Cond+1]",Sergeant,2HBastard,,Chainmail,Javelin,True,50,"Cond Field,Immune Unwieldy",Random,72037,33908,12650,855,119450,0.6031,0.2839,0.9928,0.6799,15.03,6.96,8.07,1900,95000,758.28,9,12,Animal Husbandry|Armory|Carpentry|Coliseum|Fletchery|Forge|Tannery|Tiltyard|War College
"Sgt/2HBastard+Crossbow/Chain (TY) [ImmU, Cond+1]",Sergeant,2HBastard,,Chainmail,Crossbow,True,50,"Cond Field,Immune Unwieldy",Random,68609,37052,12928,861,119450,0.5744,0.3102,0.9928,0.6493,14.19,7.80,6.38,1900,95000,722.20,9,12,Animal Husbandry|Armory|Carpentry|Coliseum|Fletchery|Forge|Tannery|Tiltyard|War College
"Sgt/Morningstar+Crossbow/Chain (TY) [ImmU, Cond+1]",Sergeant,Morningstar,,Chainmail,Crossbow,True,50,"Cond Field,Immune Unwieldy",Random,56337,46398,15889,826,119450,0.4716,0.3884,0.9931,0.5484,11.13,10.86,0.28,1900,95000,593.02,9,12,Animal Husbandry|Armory|Carpentry|Coliseum|Fletchery|Forge|Tannery|Tiltyard|War College
"Sgt/WarHammer+Javelin/Chain (TY) [ImmU, Cond+1]",Sergeant,War Hammer,,Chainmail,Javelin,True,50,"Cond Field,Immune Unwieldy",Random,57547,44684,16314,905,119450,0.4818,0.3741,0.9924,0.5629,11.24,9.56,1.68,1900,95000,605.76,9,12,Animal Husbandry|Armory|Carpentry|Coliseum|Fletchery|Forge|Tannery|Tiltyard|War College
"Sgt/WarHammer+Crossbow/Chain (TY) [ImmU, Cond+1]",Sergeant,War Hammer,,Chainmail,Crossbow,True,50,"Cond Field,Immune Unwieldy",Random,54898,46954,16697,901,119450,0.4596,0.3931,0.9925,0.5390,10.66,10.64,0.03,1900,95000,577.87,9,12,Animal Husbandry|Armory|Carpentry|Coliseum|Fletchery|Forge|Tannery|Tiltyard|War College
Sgt/Lance/Scutum/Chain,Sergeant,Lance,Scutum Shield,Chainmail,,False,50,,Random,61141,37757,19717,835,119450,0.5119,0.3161,0.9930,0.6182,14.94,5.63,9.31,1900,95000,643.59,7,12,Animal Husbandry|Armory|Carpentry|Forge|Joinery|Stable|Tannery|War College
Sgt/Lance3/Scutum/Chain,Sergeant,Lance3,Scutum Shield,Chainmail,,False,50,,Random,61368,37460,19808,814,119450,0.5138,0.3136,0.9932,0.6210,14.96,5.60,9.36,1900,95000,645.98,7,12,Animal Husbandry|Armory|Carpentry|Forge|Joinery|Stable|Tannery|War College
Sgt/Cavalry Spear/Scutum/Chain,Sergeant,Cavalry Spear,Scutum Shield,Chainmail,,False,50,,Random,46031,51228,21354,837,119450,0.3854,0.4289,0.9930,0.4733,11.67,9.45,2.22,1900,95000,484.54,7,12,Animal Husbandry|Armory|Carpentry|Forge|Joinery|Stable|Tannery|War College
"Sgt/Lance+Crossbow/Chain (TY) [ImmU, Cond+1]",Sergeant,Lance,,Chainmail,Crossbow,True,50,"Cond Field,Immune Unwieldy",Random,67965,36218,14424,843,119450,0.5690,0.3032,0.9929,0.6524,14.00,7.29,6.71,1900,95000,715.42,9,12,Animal Husbandry|Armory|Carpentry|Coliseum|Fletchery|Forge|Stable|Tannery|Tiltyard|War College
"Sgt/Lance3+Crossbow/Chain (TY) [ImmU, Cond+1]",Sergeant,Lance3,,Chainmail,Crossbow,True,50,"Cond Field,Immune Unwieldy",Random,68112,36272,14215,851,119450,0.5702,0.3037,0.9929,0.6525,14.03,7.32,6.71,1900,95000,716.97,9,12,Animal Husbandry|Armory|Carpentry|Coliseum|Fletchery|Forge|Stable|Tannery|Tiltyard|War College
"Sgt/Cavalry Spear+Crossbow/Chain (TY) [ImmU, Cond+1]",Sergeant,Cavalry Spear,,Chainmail,Crossbow,True,50,"Cond Field,Immune Unwieldy",Random,53913,46861,17842,834,119450,0.4513,0.3923,0.9930,0.5350,10.97,10.52,0.45,1900,95000,567.51,9,12,Animal Husbandry|Armory|Carpentry|Coliseum|Fletchery|Forge|Stable|Tannery|Tiltyard|War College
"Sgt/Lance+Javelin/Scutum/Chain (TY) [ImmU, Cond+1]",Sergeant,Lance,Scutum Shield,Chainmail,Javelin,True,50,"Cond Field,Immune Unwieldy",Random,85673,12267,20679,831,119450,0.7172,0.1027,0.9930,0.8747,20.46,2.44,18.02,1700,85000,1007.92,10,12,Animal Husbandry|Armory|Carpentry|Coliseum|Fletchery|Forge|Joinery|Stable|Tannery|Tiltyard|War College
"Sgt/Lance3+Javelin/Scutum/Chain (TY) [ImmU, Cond+1]",Sergeant,Lance3,Scutum Shield,Chainmail,Javelin,True,50,"Cond Field,Immune Unwieldy",Random,85445,12393,20780,832,119450,0.7153,0.1038,0.9930,0.8733,20.42,2.46,17.96,1700,85000,1005.24,10,12,Animal Husbandry|Armory|Carpentry|Coliseum|Fletchery|Forge|Joinery|Stable|Tannery|Tiltyard|War College
"Sgt/Cavalry Spear+Javelin/Scutum/Chain (TY) [ImmU, Cond+1]",Sergeant,Cavalry Spear,Scutum Shield,Chainmail,Javelin,True,50,"Cond Field,Immune Unwieldy",Random,72175,17220,29192,863,119450,0.6042,0.1442,0.9928,0.8074,16.87,3.55,13.32,1700,85000,849.12,10,12,Animal Husbandry|Armory|Carpentry|Coliseum|Fletchery|Forge|Joinery|Stable|Tannery|Tiltyard|War College
"Sgt/2HBastard/Chain [MaxInit3, Seize:1st]",Sergeant,2HBastard,,Chainmail,,False,50,"MaxInit3,Seize: first",Random,56922,38613,6007,758,102300,0.5564,0.3774,0.9926,0.5958,13.95,8.25,5.69,2100,105000,542.11,6,16,Animal Husbandry|Armory|Forge|Ministry|Tannery|War College
"Sgt/WarHammer/Chain [MaxInit3, Seize:1st]",Sergeant,War Hammer,,Chainmail,,False,50,"MaxInit3,Seize: first",Random,43429,50525,7527,819,102300,0.4245,0.4939,0.9920,0.4622,9.61,10.72,-1.11,2100,105000,413.61,6,16,Animal Husbandry|Armory|Forge|Ministry|Tannery|War College
"Sgt/Crossbow/Chain [MaxInit3, Seize:1st]",Sergeant,,,Chainmail,Crossbow,False,50,"MaxInit3,Seize: first",Random,39598,54866,6978,858,102300,0.3871,0.5363,0.9916,0.4192,8.69,12.68,-3.99,1900,95000,416.82,8,16,Animal Husbandry|Armory|Carpentry|Fletchery|Forge|Ministry|Tannery|War College
"Sgt/2HBastard+Javelin/Chain (TY) [ImmU, MaxInit3, Seize:1st, Cond+1]",Sergeant,2HBastard,,Chainmail,Javelin,True,50,"Cond Field,Immune Unwieldy,MaxInit3,Seize: first",Random,65313,24563,11647,777,102300,0.6384,0.2401,0.9924,0.7267,16.74,5.88,10.86,1900,95000,687.51,10,16,Animal Husbandry|Armory|Carpentry|Coliseum|Fletchery|Forge|Ministry|Tannery|Tiltyard|War College
"Sgt/2HBastard+Crossbow/Chain (TY) [ImmU, MaxInit3, Seize:1st, Cond+1]",Sergeant,2HBastard,,Chainmail,Crossbow,True,50,"Cond Field,Immune Unwieldy,MaxInit3,Seize: first",Random,64524,25329,11655,792,102300,0.6307,0.2476,0.9923,0.7181,16.41,5.99,10.41,1900,95000,679.20,10,16,Animal Husbandry|Armory|Carpentry|Coliseum|Fletchery|Forge|Ministry|Tannery|Tiltyard|War College
"Sgt/Morningstar+Crossbow/Chain (TY) [ImmU, MaxInit3, Seize:1st, Cond+1]",Sergeant,Morningstar,,Chainmail,Crossbow,True,50,"Cond Field,Immune Unwieldy,MaxInit3,Seize: first",Random,53963,33028,14520,789,102300,0.5275,0.3229,0.9923,0.6203,13.03,8.47,4.57,1900,95000,568.03,10,16,Animal Husbandry|Armory|Carpentry|Coliseum|Fletchery|Forge|Ministry|Tannery|Tiltyard|War College
"Sgt/WarHammer+Javelin/Chain (TY) [ImmU, MaxInit3, Seize:1st, Cond+1]",Sergeant,War Hammer,,Chainmail,Javelin,True,50,"Cond Field,Immune Unwieldy,MaxInit3,Seize: first",Random,53407,32627,15469,797,102300,0.5221,0.3189,0.9922,0.6208,12.67,7.92,4.75,1900,95000,562.18,10,16,Animal Husbandry|Armory|Carpentry|Coliseum|Fletchery|Forge|Ministry|Tannery|Tiltyard|War College
"Sgt/WarHammer+Crossbow/Chain (TY) [ImmU, MaxInit3, Seize:1st, Cond+1]",Sergeant,War Hammer,,Chainmail,Crossbow,True,50,"Cond Field,Immune Unwieldy,MaxInit3,Seize: first",Random,53212,33263,14974,851,102300,0.5202,0.3252,0.9917,0.6153,12.63,8.15,4.48,1900,95000,560.13,10,16,Animal Husbandry|Armory|Carpentry|Coliseum|Fletchery|Forge|Ministry|Tannery|Tiltyard|War College
"Sgt/Lance/Scutum/Chain [MaxInit3, Seize:1st]",Sergeant,Lance,Scutum Shield,Chainmail,,False,50,"MaxInit3,Seize: first",Random,56578,33000,11950,772,102300,0.5531,0.3226,0.9925,0.6316,16.74,5.56,11.17,1900,95000,595.56,8,16,Animal Husbandry|Armory|Carpentry|Forge|Joinery|Ministry|Stable|Tannery|War College
"Sgt/Lance3/Scutum/Chain [MaxInit3, Seize:1st]",Sergeant,Lance3,Scutum Shield,Chainmail,,False,50,"MaxInit3,Seize: first",Random,56485,32854,12130,831,102300,0.5522,0.3212,0.9919,0.6323,16.76,5.55,11.21,1900,95000,594.58,8,16,Animal Husbandry|Armory|Carpentry|Forge|Joinery|Ministry|Stable|Tannery|War College
"Sgt/Cavalry Spear/Scutum/Chain [MaxInit3, Seize:1st]",Sergeant,Cavalry Spear,Scutum Shield,Chainmail,,False,50,"MaxInit3,Seize: first",Random,44240,45168,12072,820,102300,0.4325,0.4415,0.9920,0.4948,13.41,9.59,3.82,1900,95000,465.68,8,16,Animal Husbandry|Armory|Carpentry|Forge|Joinery|Ministry|Stable|Tannery|War College
"Sgt/Lance+Crossbow/Chain (TY) [ImmU, MaxInit3, Seize:1st, Cond+1]",Sergeant,Lance,,Chainmail,Crossbow,True,50,"Cond Field,Immune Unwieldy,MaxInit3,Seize: first",Random,64284,24309,12928,779,102300,0.6284,0.2376,0.9924,0.7256,16.32,5.50,10.82,1900,95000,676.67,10,16,Animal Husbandry|Armory|Carpentry|Coliseum|Fletchery|Forge|Ministry|Stable|Tannery|Tiltyard|War College
"Sgt/Lance3+Crossbow/Chain (TY) [ImmU, MaxInit3, Seize:1st, Cond+1]",Sergeant,Lance3,,Chainmail,Crossbow,True,50,"Cond Field,Immune Unwieldy,MaxInit3,Seize: first",Random,64280,24454,12773,793,102300,0.6283,0.2390,0.9922,0.7244,16.32,5.53,10.78,1900,95000,676.63,10,16,Animal Husbandry|Armory|Carpentry|Coliseum|Fletchery|Forge|Ministry|Stable|Tannery|Tiltyard|War College
"Sgt/Cavalry Spear+Crossbow/Chain (TY) [ImmU, MaxInit3, Seize:1st, Cond+1]",Sergeant,Cavalry Spear,,Chainmail,Crossbow,True,50,"Cond Field,Immune Unwieldy,MaxInit3,Seize: first",Random,51447,33594,16432,827,102300,0.5029,0.3284,0.9919,0.6050,12.90,8.31,4.59,1900,95000,541.55,10,16,Animal Husbandry|Armory|Carpentry|Coliseum|Fletchery|Forge|Ministry|Stable|Tannery|Tiltyard|War College
"Sgt/2HBastard/Chain [MaxInit3, MinInit+1, Seize:1st]",Sergeant,2HBastard,,Chainmail,,False,50,"MaxInit3,MinInit+1,Seize: first",Random,60292,35045,6212,751,102300,0.5894,0.3426,0.9927,0.6324,15.52,7.36,8.16,2100,105000,574.21,6,16,Animal Husbandry|Armory|Forge|Ministry|Ministry Mastery|Tannery|War College
"Sgt/WarHammer/Chain [MaxInit3, MinInit+1, Seize:1st]",Sergeant,War Hammer,,Chainmail,,False,50,"MaxInit3,MinInit+1,Seize: first",Random,67158,29478,4819,845,102300,0.6565,0.2882,0.9917,0.6950,15.33,5.99,9.33,2100,105000,639.60,6,16,Animal Husbandry|Armory|Forge|Ministry|Ministry Mastery|Tannery|War College
"Sgt/Crossbow/Chain [MaxInit3, MinInit+1, Seize:1st]",Sergeant,,,Chainmail,Crossbow,False,50,"MaxInit3,MinInit+1,Seize: first",Random,56560,38856,6055,829,102300,0.5529,0.3798,0.9919,0.5928,12.93,7.57,5.36,1900,95000,595.37,8,16,Animal Husbandry|Armory|Carpentry|Fletchery|Forge|Ministry|Ministry Mastery|Tannery|War College
"Sgt/2HBastard+Javelin/Chain (TY) [Cond+1, MaxInit3, MinInit+1, Seize:1st, ImmU]",Sergeant,2HBastard,,Chainmail,Javelin,True,50,"Cond Field,Immune Unwieldy,MaxInit3,MinInit+1,Seize: first",Random,68393,21723,11404,780,102300,0.6686,0.2123,0.9924,0.7589,18.31,5.18,13.12,1900,95000,719.93,10,16,Animal Husbandry|Armory|Carpentry|Coliseum|Fletchery|Forge|Ministry|Ministry Mastery|Tannery|Tiltyard|War College
"Sgt/2HBastard+Crossbow/Chain (TY) [Cond+1, MaxInit3, MinInit+1, Seize:1st, ImmU]",Sergeant,2HBastard,,Chainmail,Crossbow,True,50,"Cond Field,Immune Unwieldy,MaxInit3,MinInit+1,Seize: first",Random,68359,21907,11320,714,102300,0.6682,0.2141,0.9930,0.7573,18.10,5.10,13.00,1900,95000,719.57,10,16,Animal Husbandry|Armory|Carpentry|Coliseum|Fletchery|Forge|Ministry|Ministry Mastery|Tannery|Tiltyard|War College
"Sgt/Morningstar+Crossbow/Chain (TY) [Cond+1, MaxInit3, MinInit+1, Seize:1st, ImmU]",Sergeant,Morningstar,,Chainmail,Crossbow,True,50,"Cond Field,Immune Unwieldy,MaxInit3,MinInit+1,Seize: first",Random,69001,22931,9592,776,102300,0.6745,0.2242,0.9924,0.7506,17.55,5.44,12.10,1900,95000,726.33,10,16,Animal Husbandry|Armory|Carpentry|Coliseum|Fletchery|Forge|Ministry|Ministry Mastery|Tannery|Tiltyard|War College
"Sgt/WarHammer+Javelin/Chain (TY) [Cond+1, MaxInit3, MinInit+1, Seize:1st, ImmU]",Sergeant,War Hammer,,Chainmail,Javelin,True,50,"Cond Field,Immune Unwieldy,MaxInit3,MinInit+1,Seize: first",Random,73433,20155,7914,798,102300,0.7178,0.1970,0.9922,0.7846,18.39,4.65,13.75,1900,95000,772.98,10,16,Animal Husbandry|Armory|Carpentry|Coliseum|Fletchery|Forge|Ministry|Ministry Mastery|Tannery|Tiltyard|War College
"Sgt/WarHammer+Crossbow/Chain (TY) [Cond+1, MaxInit3, MinInit+1, Seize:1st, ImmU]",Sergeant,War Hammer,,Chainmail,Crossbow,True,50,"Cond Field,Immune Unwieldy,MaxInit3,MinInit+1,Seize: first",Random,73147,20348,7975,830,102300,0.7150,0.1989,0.9919,0.7824,18.26,4.67,13.59,1900,95000,769.97,10,16,Animal Husbandry|Armory|Carpentry|Coliseum|Fletchery|Forge|Ministry|Ministry Mastery|Tannery|Tiltyard|War College
"Sgt/Lance/Scutum/Chain [MaxInit3, MinInit+1, Seize:1st]",Sergeant,Lance,Scutum Shield,Chainmail,,False,50,"MaxInit3,MinInit+1,Seize: first",Random,57677,31441,12371,811,102300,0.5638,0.3073,0.9921,0.6472,17.63,5.26,12.37,1900,95000,607.13,8,16,Animal Husbandry|Armory|Carpentry|Forge|Joinery|Ministry|Ministry Mastery|Stable|Tannery|War College
"Sgt/Lance3/Scutum/Chain [MaxInit3, MinInit+1, Seize:1st]",Sergeant,Lance3,Scutum Shield,Chainmail,,False,50,"MaxInit3,MinInit+1,Seize: first",Random,57727,31508,12207,858,102300,0.5643,0.3080,0.9916,0.6469,17.63,5.28,12.35,1900,95000,607.65,8,16,Animal Husbandry|Armory|Carpentry|Forge|Joinery|Ministry|Ministry Mastery|Stable|Tannery|War College
"Sgt/Cavalry Spear/Scutum/Chain [MaxInit3, MinInit+1, Seize:1st]",Sergeant,Cavalry Spear,Scutum Shield,Chainmail,,False,50,"MaxInit3,MinInit+1,Seize: first",Random,45247,43915,12291,847,102300,0.4423,0.4293,0.9917,0.5075,13.89,9.32,4.57,1900,95000,476.28,8,16,Animal Husbandry|Armory|Carpentry|Forge|Joinery|Ministry|Ministry Mastery|Stable|Tannery|War College
"Sgt/Lance+Crossbow/Chain (TY) [Cond+1, MaxInit3, MinInit+1, Seize:1st, ImmU]",Sergeant,Lance,,Chainmail,Crossbow,True,50,"Cond Field,Immune Unwieldy,MaxInit3,MinInit+1,Seize: first",Random,66740,22131,12597,832,102300,0.6524,0.2163,0.9919,0.7510,17.57,5.11,12.46,1900,95000,702.53,10,16,Animal Husbandry|Armory|Carpentry|Coliseum|Fletchery|Forge|Ministry|Ministry Mastery|Stable|Tannery|Tiltyard|War College
"Sgt/Lance3+Crossbow/Chain (TY) [Cond+1, MaxInit3, MinInit+1, Seize:1st, ImmU]",Sergeant,Lance3,,Chainmail,Crossbow,True,50,"Cond Field,Immune Unwieldy,MaxInit3,MinInit+1,Seize: first",Random,66764,22021,12711,804,102300,0.6526,0.2153,0.9921,0.7520,17.57,5.09,12.48,1900,95000,702.78,10,16,Animal Husbandry|Armory|Carpentry|Coliseum|Fletchery|Forge|Ministry|Ministry Mastery|Stable|Tannery|Tiltyard|War College
"Sgt/Cavalry Spear+Crossbow/Chain (TY) [Cond+1, MaxInit3, MinInit+1, Seize:1st, ImmU]",Sergeant,Cavalry Spear,,Chainmail,Crossbow,True,50,"Cond Field,Immune Unwieldy,MaxInit3,MinInit+1,Seize: first",Random,53830,31240,16437,793,102300,0.5262,0.3054,0.9922,0.6328,13.73,7.63,6.10,1900,95000,566.63,10,16,Animal Husbandry|Armory|Carpentry|Coliseum|Fletchery|Forge|Ministry|Ministry Mastery|Stable|Tannery|Tiltyard|War College
Sgt/2HBastard/Chain [Outr:once],Sergeant,2HBastard,,Chainmail,,False,50,Outrider: once,Random,43554,40793,8146,1557,94050,0.4631,0.4337,0.9834,0.5164,12.01,10.30,1.71,2100,105000,414.80,8,22,Animal Husbandry|Armory|Caravanery|Cipher Chamber|Forge|Outrider Intercept Post|Tannery|War College
Sgt/WarHammer/Chain [Outr:once],Sergeant,War Hammer,,Chainmail,,False,50,Outrider: once,Random,29376,53903,9184,1587,94050,0.3123,0.5731,0.9831,0.3527,7.85,13.98,-6.13,2100,105000,279.77,8,22,Animal Husbandry|Armory|Caravanery|Cipher Chamber|Forge|Outrider Intercept Post|Tannery|War College
Sgt/Crossbow/Chain [Outr:once],Sergeant,,,Chainmail,Crossbow,False,50,Outrider: once,Random,25361,58126,9036,1527,94050,0.2697,0.6180,0.9838,0.3038,6.79,16.21,-9.42,1900,95000,266.96,10,22,Animal Husbandry|Armory|Caravanery|Carpentry|Cipher Chamber|Fletchery|Forge|Outrider Intercept Post|Tannery|War College
Sgt/Lance/Scutum/Chain [Outr:once],Sergeant,Lance,Scutum Shield,Chainmail,,False,50,Outrider: once,Random,43681,31449,17365,1555,94050,0.4644,0.3344,0.9835,0.5814,14.14,6.56,7.58,1900,95000,459.80,10,22,Animal Husbandry|Armory|Caravanery|Carpentry|Cipher Chamber|Forge|Joinery|Outrider Intercept Post|Stable|Tannery|War College
Sgt/Lance3/Scutum/Chain [Outr:once],Sergeant,Lance3,Scutum Shield,Chainmail,,False,50,Outrider: once,Random,43651,31431,17409,1559,94050,0.4641,0.3342,0.9834,0.5814,14.15,6.53,7.62,1900,95000,459.48,10,22,Animal Husbandry|Armory|Caravanery|Carpentry|Cipher Chamber|Forge|Joinery|Outrider Intercept Post|Stable|Tannery|War College
Sgt/Cavalry Spear/Scutum/Chain [Outr:once],Sergeant,Cavalry Spear,Scutum Shield,Chainmail,,False,50,Outrider: once,Random,30501,43494,18589,1466,94050,0.3243,0.4625,0.9844,0.4122,10.19,10.80,-0.61,1900,95000,321.06,10,22,Animal Husbandry|Armory|Caravanery|Carpentry|Cipher Chamber|Forge|Joinery|Outrider Intercept Post|Stable|Tannery|War College
"Sgt/2HBastard/Chain [MaxInit3, Outr:once, Seize:1st]",Sergeant,2HBastard,,Chainmail,,False,50,"MaxInit3,Outrider: once,Seize: first",Random,39719,32029,5198,1304,78250,0.5076,0.4093,0.9833,0.5536,13.63,9.44,4.19,2100,105000,378.28,9,26,Animal Husbandry|Armory|Caravanery|Cipher Chamber|Forge|Ministry|Outrider Intercept Post|Tannery|War College
"Sgt/WarHammer/Chain [MaxInit3, Outr:once, Seize:1st]",Sergeant,War Hammer,,Chainmail,,False,50,"MaxInit3,Outrider: once,Seize: first",Random,30138,40235,6579,1298,78250,0.3852,0.5142,0.9834,0.4283,9.64,11.24,-1.60,2100,105000,287.03,9,26,Animal Husbandry|Armory|Caravanery|Cipher Chamber|Forge|Ministry|Outrider Intercept Post|Tannery|War College
"Sgt/2HBastard/Chain [MaxInit3, MinInit+1, Outr:once, Seize:1st]",Sergeant,2HBastard,,Chainmail,,False,50,"MaxInit3,MinInit+1,Outrider: once,Seize: first",Random,42077,29342,5531,1300,78250,0.5377,0.3750,0.9834,0.5892,15.13,8.54,6.60,2100,105000,400.73,9,26,Animal Husbandry|Armory|Caravanery|Cipher Chamber|Forge|Ministry|Ministry Mastery|Outrider Intercept Post|Tannery|War College
"Sgt/WarHammer/Chain [MaxInit3, MinInit+1, Outr:once, Seize:1st]",Sergeant,War Hammer,,Chainmail,,False,50,"MaxInit3,MinInit+1,Outrider: once,Seize: first",Random,50981,22465,3513,1291,78250,0.6515,0.2871,0.9835,0.6941,16.37,6.55,9.82,2100,105000,485.53,9,26,Animal Husbandry|Armory|Caravanery|Cipher Chamber|Forge|Ministry|Ministry Mastery|Outrider Intercept Post|Tannery|War College
Sgt/2HBastard/Chain [Outr:every],Sergeant,2HBastard,,Chainmail,,False,50,Outrider: every,Random,48048,31143,7880,6979,94050,0.5109,0.3311,0.9258,0.6067,16.13,9.36,6.77,2100,105000,457.60,10,22,Animal Husbandry|Armory|Caravanery|Cipher Chamber|Forge|Outrider Intercept Post|Outrider Mastery|Tannery|War College
Sgt/WarHammer/Chain [Outr:every],Sergeant,War Hammer,,Chainmail,,False,50,Outrider: every,Random,40414,39601,6842,7193,94050,0.4297,0.4211,0.9235,0.5051,13.62,11.86,1.75,2100,105000,384.90,10,22,Animal Husbandry|Armory|Caravanery|Cipher Chamber|Forge|Outrider Intercept Post|Outrider Mastery|Tannery|War College
Sgt/2HBastard/Chain [Rend],Sergeant,2HBastard,,Chainmail,,False,50,Rend,Random,61307,47296,10033,814,119450,0.5132,0.3959,0.9932,0.5645,12.67,7.84,4.83,1900,95000,645.34,6,12,Animal Husbandry|Armory|Forge|MWRend|Tannery|War College
Sgt/WarHammer/Chain [Rend],Sergeant,War Hammer,,Chainmail,,False,50,Rend,Random,42252,65615,10681,902,119450,0.3537,0.5493,0.9924,0.3917,7.90,12.31,-4.41,1900,95000,444.76,6,12,Animal Husbandry|Armory|Forge|MWRend|Tannery|War College
Sgt/Crossbow/Chain [Rend],Sergeant,,,Chainmail,Crossbow,False,50,Rend,Random,38575,69431,10519,925,119450,0.3229,0.5813,0.9923,0.3572,7.18,14.24,-7.06,1700,85000,453.82,8,12,Animal Husbandry|Armory|Carpentry|Fletchery|Forge|MWRend|Tannery|War College
"Sgt/2HBastard+Javelin/Chain (TY) [ImmU, Rend, Cond+1]",Sergeant,2HBastard,,Chainmail,Javelin,True,50,"Cond Field,Immune Unwieldy,Rend",Random,74639,32417,11575,819,119450,0.6249,0.2714,0.9931,0.6972,15.73,5.86,9.86,1700,85000,878.11,10,12,Animal Husbandry|Armory|Carpentry|Coliseum|Fletchery|Forge|MWRend|Tannery|Tiltyard|War College
"Sgt/2HBastard+Crossbow/Chain (TY) [ImmU, Rend, Cond+1]",Sergeant,2HBastard,,Chainmail,Crossbow,True,50,"Cond Field,Immune Unwieldy,Rend",Random,70979,35709,11974,788,119450,0.5942,0.2989,0.9934,0.6653,14.76,6.80,7.96,1700,85000,835.05,10,12,Animal Husbandry|Armory|Carpentry|Coliseum|Fletchery|Forge|MWRend|Tannery|Tiltyard|War College
"Sgt/Morningstar+Crossbow/Chain (TY) [ImmU, Rend, Cond+1]",Sergeant,Morningstar,,Chainmail,Crossbow,True,50,"Cond Field,Immune Unwieldy,Rend",Random,57001,45737,15850,862,119450,0.4772,0.3829,0.9928,0.5548,11.33,10.10,1.23,1700,85000,670.60,10,12,Animal Husbandry|Armory|Carpentry|Coliseum|Fletchery|Forge|MWRend|Tannery|Tiltyard|War College
"Sgt/WarHammer+Javelin/Chain (TY) [ImmU, Rend, Cond+1]",Sergeant,War Hammer,,Chainmail,Javelin,True,50,"Cond Field,Immune Unwieldy,Rend",Random,58171,44118,16331,830,119450,0.4870,0.3693,0.9931,0.5687,11.38,8.70,2.68,1700,85000,684.36,10,12,Animal Husbandry|Armory|Carpentry|Coliseum|Fletchery|Forge|MWRend|Tannery|Tiltyard|War College
"Sgt/WarHammer+Crossbow/Chain (TY) [ImmU, Rend, Cond+1]",Sergeant,War Hammer,,Chainmail,Crossbow,True,50,"Cond Field,Immune Unwieldy,Rend",Random,55149,46861,16608,832,119450,0.4617,0.3923,0.9930,0.5406,10.80,9.95,0.85,1700,85000,648.81,10,12,Animal Husbandry|Armory|Carpentry|Coliseum|Fletchery|Forge|MWRend|Tannery|Tiltyard|War College
Sgt/Lance/Scutum/Chain [Rend],Sergeant,Lance,Scutum Shield,Chainmail,,False,50,Rend,Random,61196,36944,20488,822,119450,0.5123,0.3093,0.9931,0.6236,14.97,4.46,10.51,1700,85000,719.95,8,12,Animal Husbandry|Armory|Carpentry|Forge|Joinery|MWRend|Stable|Tannery|War College
Sgt/Lance3/Scutum/Chain [Rend],Sergeant,Lance3,Scutum Shield,Chainmail,,False,50,Rend,Random,61232,36800,20634,784,119450,0.5126,0.3081,0.9934,0.6246,14.96,4.42,10.54,1700,85000,720.38,8,12,Animal Husbandry|Armory|Carpentry|Forge|Joinery|MWRend|Stable|Tannery|War College
Sgt/Cavalry Spear/Scutum/Chain [Rend],Sergeant,Cavalry Spear,Scutum Shield,Chainmail,,False,50,Rend,Random,45766,51298,21546,840,119450,0.3831,0.4295,0.9930,0.4715,11.68,8.56,3.12,1700,85000,538.42,8,12,Animal Husbandry|Armory|Carpentry|Forge|Joinery|MWRend|Stable|Tannery|War College
"Sgt/Lance+Crossbow/Chain (TY) [ImmU, Rend, Cond+1]",Sergeant,Lance,,Chainmail,Crossbow,True,50,"Cond Field,Immune Unwieldy,Rend",Random,69073,35089,14423,865,119450,0.5783,0.2938,0.9928,0.6631,14.30,6.28,8.02,1700,85000,812.62,10,12,Animal Husbandry|Armory|Carpentry|Coliseum|Fletchery|Forge|MWRend|Stable|Tannery|Tiltyard|War College
"Sgt/Lance3+Crossbow/Chain (TY) [ImmU, Rend, Cond+1]",Sergeant,Lance3,,Chainmail,Crossbow,True,50,"Cond Field,Immune Unwieldy,Rend",Random,68975,35090,14543,842,119450,0.5774,0.2938,0.9930,0.6628,14.28,6.27,8.01,1700,85000,811.47,10,12,Animal Husbandry|Armory|Carpentry|Coliseum|Fletchery|Forge|MWRend|Stable|Tannery|Tiltyard|War College
"Sgt/Cavalry Spear+Crossbow/Chain (TY) [ImmU, Rend, Cond+1]",Sergeant,Cavalry Spear,,Chainmail,Crossbow,True,50,"Cond Field,Immune Unwieldy,Rend",Random,54191,46292,18126,841,119450,0.4537,0.3875,0.9930,0.5393,11.16,9.71,1.45,1700,85000,637.54,10,12,Animal Husbandry|Armory|Carpentry|Coliseum|Fletchery|Forge|MWRend|Stable|Tannery|Tiltyard|War College
"Sgt/2HBastard/Chain [MaxInit3, Seize:1st, Rend]",Sergeant,2HBastard,,Chainmail,,False,50,"MaxInit3,Rend,Seize: first",Random,57879,36939,6713,769,102300,0.5658,0.3611,0.9925,0.6104,14.49,6.87,7.63,1900,95000,609.25,7,16,Animal Husbandry|Armory|Forge|MWRend|Ministry|Tannery|War College
"Sgt/WarHammer/Chain [MaxInit3, Seize:1st, Rend]",Sergeant,War Hammer,,Chainmail,,False,50,"MaxInit3,Rend,Seize: first",Random,43265,50574,7598,863,102300,0.4229,0.4944,0.9916,0.4611,9.66,9.65,0.02,1900,95000,455.42,7,16,Animal Husbandry|Armory|Forge|MWRend|Ministry|Tannery|War College
"Sgt/Crossbow/Chain [MaxInit3, Seize:1st, Rend]",Sergeant,,,Chainmail,Crossbow,False,50,"MaxInit3,Rend,Seize: first",Random,39579,54762,7125,834,102300,0.3869,0.5353,0.9918,0.4195,8.74,11.63,-2.89,1700,85000,465.64,9,16,Animal Husbandry|Armory|Carpentry|Fletchery|Forge|MWRend|Ministry|Tannery|War College
"Sgt/Lance/Scutum/Chain [MaxInit3, Seize:1st, Rend]",Sergeant,Lance,Scutum Shield,Chainmail,,False,50,"MaxInit3,Rend,Seize: first",Random,56604,32199,12693,804,102300,0.5533,0.3148,0.9921,0.6374,16.86,4.35,12.51,1700,85000,665.93,9,16,Animal Husbandry|Armory|Carpentry|Forge|Joinery|MWRend|Ministry|Stable|Tannery|War College
"Sgt/Lance3/Scutum/Chain [MaxInit3, Seize:1st, Rend]",Sergeant,Lance3,Scutum Shield,Chainmail,,False,50,"MaxInit3,Rend,Seize: first",Random,56587,32251,12669,793,102300,0.5531,0.3153,0.9922,0.6370,16.84,4.32,12.51,1700,85000,665.73,9,16,Animal Husbandry|Armory|Carpentry|Forge|Joinery|MWRend|Ministry|Stable|Tannery|War College
"Sgt/Cavalry Spear/Scutum/Chain [MaxInit3, Seize:1st, Rend]",Sergeant,Cavalry Spear,Scutum Shield,Chainmail,,False,50,"MaxInit3,Rend,Seize: first",Random,44228,44998,12298,776,102300,0.4323,0.4399,0.9924,0.4957,13.46,8.60,4.86,1700,85000,520.33,9,16,Animal Husbandry|Armory|Carpentry|Forge|Joinery|MWRend|Ministry|Stable|Tannery|War College
"Sgt/2HBastard/Chain [MaxInit3, MinInit+1, Seize:1st, Rend]",Sergeant,2HBastard,,Chainmail,,False,50,"MaxInit3,MinInit+1,Rend,Seize: first",Random,61358,32777,7405,760,102300,0.5998,0.3204,0.9926,0.6518,16.18,5.88,10.31,1900,95000,645.87,7,16,Animal Husbandry|Armory|Forge|MWRend|Ministry|Ministry Mastery|Tannery|War College
"Sgt/WarHammer/Chain [MaxInit3, MinInit+1, Seize:1st, Rend]",Sergeant,War Hammer,,Chainmail,,False,50,"MaxInit3,MinInit+1,Rend,Seize: first",Random,67301,28810,5374,815,102300,0.6579,0.2816,0.9920,0.7002,15.56,4.51,11.05,1900,95000,708.43,7,16,Animal Husbandry|Armory|Forge|MWRend|Ministry|Ministry Mastery|Tannery|War College
"Sgt/Crossbow/Chain [MaxInit3, MinInit+1, Seize:1st, Rend]",Sergeant,,,Chainmail,Crossbow,False,50,"MaxInit3,MinInit+1,Rend,Seize: first",Random,56974,38257,6264,805,102300,0.5569,0.3740,0.9921,0.5983,13.13,6.20,6.93,1700,85000,670.28,9,16,Animal Husbandry|Armory|Carpentry|Fletchery|Forge|MWRend|Ministry|Ministry Mastery|Tannery|War College
"Sgt/Lance/Scutum/Chain [MaxInit3, MinInit+1, Seize:1st, Rend]",Sergeant,Lance,Scutum Shield,Chainmail,,False,50,"MaxInit3,MinInit+1,Rend,Seize: first",Random,57770,30676,13044,810,102300,0.5647,0.2999,0.9921,0.6532,17.73,4.05,13.67,1700,85000,679.65,9,16,Animal Husbandry|Armory|Carpentry|Forge|Joinery|MWRend|Ministry|Ministry Mastery|Stable|Tannery|War College
"Sgt/Lance3/Scutum/Chain [MaxInit3, MinInit+1, Seize:1st, Rend]",Sergeant,Lance3,Scutum Shield,Chainmail,,False,50,"MaxInit3,MinInit+1,Rend,Seize: first",Random,57861,30811,12888,740,102300,0.5656,0.3012,0.9928,0.6525,17.72,4.02,13.71,1700,85000,680.72,9,16,Animal Husbandry|Armory|Carpentry|Forge|Joinery|MWRend|Ministry|Ministry Mastery|Stable|Tannery|War College
"Sgt/Cavalry Spear/Scutum/Chain [MaxInit3, MinInit+1, Seize:1st, Rend]",Sergeant,Cavalry Spear,Scutum Shield,Chainmail,,False,50,"MaxInit3,MinInit+1,Rend,Seize: first",Random,45327,43697,12505,771,102300,0.4431,0.4271,0.9925,0.5092,13.97,8.31,5.66,1700,85000,533.26,9,16,Animal Husbandry|Armory|Carpentry|Forge|Joinery|MWRend|Ministry|Ministry Mastery|Stable|Tannery|War College
"Sgt/2HBastard/Chain [Outr:once, Rend]",Sergeant,2HBastard,,Chainmail,,False,50,"Outrider: once,Rend",Random,44617,38745,9116,1572,94050,0.4744,0.4120,0.9833,0.5352,12.50,8.53,3.97,1900,95000,469.65,9,22,Animal Husbandry|Armory|Caravanery|Cipher Chamber|Forge|MWRend|Outrider Intercept Post|Tannery|War College
"Sgt/WarHammer/Chain [Outr:once, Rend]",Sergeant,War Hammer,,Chainmail,,False,50,"Outrider: once,Rend",Random,29476,53629,9357,1588,94050,0.3134,0.5702,0.9831,0.3547,7.94,12.69,-4.75,1900,95000,310.27,9,22,Animal Husbandry|Armory|Caravanery|Cipher Chamber|Forge|MWRend|Outrider Intercept Post|Tannery|War College
"Sgt/2HBastard/Chain [MaxInit3, Outr:once, Seize:1st, Rend]",Sergeant,2HBastard,,Chainmail,,False,50,"MaxInit3,Outrider: once,Rend,Seize: first",Random,40596,30158,6240,1256,78250,0.5188,0.3854,0.9839,0.5738,14.12,7.71,6.42,1900,95000,427.33,10,26,Animal Husbandry|Armory|Caravanery|Cipher Chamber|Forge|MWRend|Ministry|Outrider Intercept Post|Tannery|War College
"Sgt/WarHammer/Chain [MaxInit3, Outr:once, Seize:1st, Rend]",Sergeant,War Hammer,,Chainmail,,False,50,"MaxInit3,Outrider: once,Rend,Seize: first",Random,30143,40114,6729,1264,78250,0.3852,0.5126,0.9838,0.4290,9.71,9.83,-0.13,1900,95000,317.29,10,26,Animal Husbandry|Armory|Caravanery|Cipher Chamber|Forge|MWRend|Ministry|Outrider Intercept Post|Tannery|War College
"Sgt/2HBastard/Chain [Outr:once, MaxInit3, MinInit+1, Seize:1st, Rend]",Sergeant,2HBastard,,Chainmail,,False,50,"MaxInit3,MinInit+1,Outrider: once,Rend,Seize: first",Random,43343,27107,6526,1274,78250,0.5539,0.3464,0.9837,0.6152,15.81,6.73,9.08,1900,95000,456.24,10,26,Animal Husbandry|Armory|Caravanery|Cipher Chamber|Forge|MWRend|Ministry|Ministry Mastery|Outrider Intercept Post|Tannery|War College
"Sgt/WarHammer/Chain [Outr:once, MaxInit3, MinInit+1, Seize:1st, Rend]",Sergeant,War Hammer,,Chainmail,,False,50,"MaxInit3,MinInit+1,Outrider: once,Rend,Seize: first",Random,51466,21167,4320,1297,78250,0.6577,0.2705,0.9834,0.7086,16.69,4.67,12.02,1900,95000,541.75,10,26,Animal Husbandry|Armory|Caravanery|Cipher Chamber|Forge|MWRend|Ministry|Ministry Mastery|Outrider Intercept Post|Tannery|War College
Sgt/2HBastard/FullPlate [GF],Sergeant,2HBastard,,Full Plate,,False,50,GF Armor,Random,49336,50596,18692,826,119450,0.4130,0.4236,0.9931,0.4937,11.19,9.74,1.45,1900,95000,519.33,5,12,Animal Husbandry|Armory|Forge|Gilded Foundry|Tannery|War College
Sgt/WarHammer/FullPlate [GF],Sergeant,War Hammer,,Full Plate,,False,50,GF Armor,Random,32313,68698,17512,927,119450,0.2705,0.5751,0.9922,0.3199,7.38,18.48,-11.10,1900,95000,340.14,5,12,Animal Husbandry|Armory|Forge|Gilded Foundry|Tannery|War College
Sgt/Bastard/Tower/FullPlate [GF],Sergeant,Bastard Sword,Tower Shield,Full Plate,,False,50,GF Armor,Random,32719,60069,25756,906,119450,0.2739,0.5029,0.9924,0.3526,10.24,19.57,-9.33,1700,85000,384.93,7,12,Animal Husbandry|Armory|Carpentry|Forge|Gilded Foundry|Joinery|Tannery|War College
Sgt/Crossbow/FullPlate [GF],Sergeant,,,Full Plate,Crossbow,False,50,GF Armor,Random,32403,68635,17558,854,119450,0.2713,0.5746,0.9929,0.3207,7.36,20.11,-12.75,1700,85000,381.21,7,12,Animal Husbandry|Armory|Carpentry|Fletchery|Forge|Gilded Foundry|Tannery|War College
Sgt/Crossbow/Tower/FullPlate [GF],Sergeant,,Tower Shield,Full Plate,Crossbow,False,50,GF Armor,Random,32704,60115,25685,946,119450,0.2738,0.5033,0.9921,0.3523,10.23,21.23,-11.00,1500,75000,436.05,8,12,Animal Husbandry|Armory|Carpentry|Fletchery|Forge|Gilded Foundry|Joinery|Tannery|War College
"Sgt/2HBastard+Javelin/FullPlate (TY) [ImmU, GF, Cond+1]",Sergeant,2HBastard,,Full Plate,Javelin,True,50,"Cond Field,GF Armor,Immune Unwieldy",Random,70408,21988,26231,823,119450,0.5894,0.1841,0.9931,0.7620,15.38,4.70,10.68,1700,85000,828.33,9,12,Animal Husbandry|Armory|Carpentry|Coliseum|Fletchery|Forge|Gilded Foundry|Tannery|Tiltyard|War College
"Sgt/2HBastard+Crossbow/FullPlate (TY) [ImmU, GF, Cond+1]",Sergeant,2HBastard,,Full Plate,Crossbow,True,50,"Cond Field,GF Armor,Immune Unwieldy",Random,64696,24998,28844,912,119450,0.5416,0.2093,0.9924,0.7213,13.87,5.77,8.11,1700,85000,761.13,9,12,Animal Husbandry|Armory|Carpentry|Coliseum|Fletchery|Forge|Gilded Foundry|Tannery|Tiltyard|War College
"Sgt/Morningstar+Crossbow/FullPlate (TY) [ImmU, GF, Cond+1]",Sergeant,Morningstar,,Full Plate,Crossbow,True,50,"Cond Field,GF Armor,Immune Unwieldy",Random,59494,28030,31048,878,119450,0.4981,0.2347,0.9926,0.6797,12.53,6.75,5.77,1700,85000,699.93,9,12,Animal Husbandry|Armory|Carpentry|Coliseum|Fletchery|Forge|Gilded Foundry|Tannery|Tiltyard|War College
"Sgt/WarHammer+Javelin/FullPlate (TY) [ImmU, GF, Cond+1]",Sergeant,War Hammer,,Full Plate,Javelin,True,50,"Cond Field,GF Armor,Immune Unwieldy",Random,60040,27161,31365,884,119450,0.5026,0.2274,0.9926,0.6885,12.62,5.84,6.79,1700,85000,706.35,9,12,Animal Husbandry|Armory|Carpentry|Coliseum|Fletchery|Forge|Gilded Foundry|Tannery|Tiltyard|War College
"Sgt/WarHammer+Crossbow/FullPlate (TY) [ImmU, GF, Cond+1]",Sergeant,War Hammer,,Full Plate,Crossbow,True,50,"Cond Field,GF Armor,Immune Unwieldy",Random,55220,29544,33778,908,119450,0.4623,0.2473,0.9924,0.6515,11.69,7.05,4.64,1700,85000,649.65,9,12,Animal Husbandry|Armory|Carpentry|Coliseum|Fletchery|Forge|Gilded Foundry|Tannery|Tiltyard|War College
"Sgt/Bastard+Javelin/Tower/FullPlate (TY) [ImmU, GF, Cond+1]",Sergeant,Bastard Sword,Tower Shield,Full Plate,Javelin,True,50,"Cond Field,GF Armor,Immune Unwieldy",Random,59777,11616,47147,910,119450,0.5004,0.0972,0.9924,0.8373,16.37,2.70,13.67,1500,75000,797.03,10,12,Animal Husbandry|Armory|Carpentry|Coliseum|Fletchery|Forge|Gilded Foundry|Joinery|Tannery|Tiltyard|War College
"Sgt/Bastard+Crossbow/Tower/FullPlate (TY) [ImmU, GF, Cond+1]",Sergeant,Bastard Sword,Tower Shield,Full Plate,Crossbow,True,50,"Cond Field,GF Armor,Immune Unwieldy",Random,58466,11994,48049,941,119450,0.4895,0.1004,0.9921,0.8298,16.06,3.35,12.71,1500,75000,779.55,10,12,Animal Husbandry|Armory|Carpentry|Coliseum|Fletchery|Forge|Gilded Foundry|Joinery|Tannery|Tiltyard|War College
"Sgt/Lance+Crossbow/FullPlate (TY) [ImmU, GF, Cond+1]",Sergeant,Lance,,Full Plate,Crossbow,True,50,"Cond Field,GF Armor,Immune Unwieldy",Random,75502,19497,23602,849,119450,0.6321,0.1632,0.9929,0.7948,16.24,3.84,12.40,1700,85000,888.26,9,12,Animal Husbandry|Armory|Carpentry|Coliseum|Fletchery|Forge|Gilded Foundry|Stable|Tannery|Tiltyard|War College
"Sgt/Lance3+Crossbow/FullPlate (TY) [ImmU, GF, Cond+1]",Sergeant,Lance3,,Full Plate,Crossbow,True,50,"Cond Field,GF Armor,Immune Unwieldy",Random,75377,19494,23719,860,119450,0.6310,0.1632,0.9928,0.7945,16.21,3.82,12.39,1700,85000,886.79,9,12,Animal Husbandry|Armory|Carpentry|Coliseum|Fletchery|Forge|Gilded Foundry|Stable|Tannery|Tiltyard|War College
"Sgt/Cavalry Spear+Crossbow/FullPlate (TY) [ImmU, GF, Cond+1]",Sergeant,Cavalry Spear,,Full Plate,Crossbow,True,50,"Cond Field,GF Armor,Immune Unwieldy",Random,61678,26139,30772,861,119450,0.5163,0.2188,0.9928,0.7023,13.20,5.79,7.41,1700,85000,725.62,9,12,Animal Husbandry|Armory|Carpentry|Coliseum|Fletchery|Forge|Gilded Foundry|Stable|Tannery|Tiltyard|War College
"Sgt/2HBastard/FullPlate [MaxInit3, GF, Seize:1st]",Sergeant,2HBastard,,Full Plate,,False,50,"GF Armor,MaxInit3,Seize: first",Random,49142,41679,10689,790,102300,0.4804,0.4074,0.9923,0.5411,13.38,8.85,4.53,1900,95000,517.28,6,16,Animal Husbandry|Armory|Forge|Gilded Foundry|Ministry|Tannery|War College
"Sgt/WarHammer/FullPlate [MaxInit3, GF, Seize:1st]",Sergeant,War Hammer,,Full Plate,,False,50,"GF Armor,MaxInit3,Seize: first",Random,32361,60105,8929,905,102300,0.3163,0.5875,0.9912,0.3500,8.63,17.01,-8.38,1900,95000,340.64,6,16,Animal Husbandry|Armory|Forge|Gilded Foundry|Ministry|Tannery|War College
"Sgt/Bastard/Tower/FullPlate [MaxInit3, GF, Seize:1st]",Sergeant,Bastard Sword,Tower Shield,Full Plate,,False,50,"GF Armor,MaxInit3,Seize: first",Random,32758,56482,12230,830,102300,0.3202,0.5521,0.9919,0.3671,11.97,19.40,-7.43,1700,85000,385.39,8,16,Animal Husbandry|Armory|Carpentry|Forge|Gilded Foundry|Joinery|Ministry|Tannery|War College
"Sgt/Crossbow/FullPlate [MaxInit3, GF, Seize:1st]",Sergeant,,,Full Plate,Crossbow,False,50,"GF Armor,MaxInit3,Seize: first",Random,32406,60152,8919,823,102300,0.3168,0.5880,0.9920,0.3501,8.63,18.93,-10.29,1700,85000,381.25,8,16,Animal Husbandry|Armory|Carpentry|Fletchery|Forge|Gilded Foundry|Ministry|Tannery|War College
"Sgt/Crossbow/Tower/FullPlate [MaxInit3, GF, Seize:1st]",Sergeant,,Tower Shield,Full Plate,Crossbow,False,50,"GF Armor,MaxInit3,Seize: first",Random,32672,56442,12259,927,102300,0.3194,0.5517,0.9909,0.3666,11.95,23.23,-11.28,1500,75000,435.63,9,16,Animal Husbandry|Armory|Carpentry|Fletchery|Forge|Gilded Foundry|Joinery|Ministry|Tannery|War College
"Sgt/2HBastard+Javelin/FullPlate (TY) [Cond+1, MaxInit3, GF, Seize:1st, ImmU]",Sergeant,2HBastard,,Full Plate,Javelin,True,50,"Cond Field,GF Armor,Immune Unwieldy,MaxInit3,Seize: first",Random,60584,16202,24615,899,102300,0.5922,0.1584,0.9912,0.7890,16.73,4.04,12.69,1700,85000,712.75,10,16,Animal Husbandry|Armory|Carpentry|Coliseum|Fletchery|Forge|Gilded Foundry|Ministry|Tannery|Tiltyard|War College
"Sgt/2HBastard+Crossbow/FullPlate (TY) [Cond+1, MaxInit3, GF, Seize:1st, ImmU]",Sergeant,2HBastard,,Full Plate,Crossbow,True,50,"Cond Field,GF Armor,Immune Unwieldy,MaxInit3,Seize: first",Random,56834,18442,26139,885,102300,0.5556,0.1803,0.9913,0.7550,15.39,4.84,10.55,1700,85000,668.64,10,16,Animal Husbandry|Armory|Carpentry|Coliseum|Fletchery|Forge|Gilded Foundry|Ministry|Tannery|Tiltyard|War College
"Sgt/Morningstar+Crossbow/FullPlate (TY) [Cond+1, MaxInit3, GF, Seize:1st, ImmU]",Sergeant,Morningstar,,Full Plate,Crossbow,True,50,"Cond Field,GF Armor,Immune Unwieldy,MaxInit3,Seize: first",Random,52632,20574,28214,880,102300,0.5145,0.2011,0.9914,0.7190,14.03,5.68,8.35,1700,85000,619.20,10,16,Animal Husbandry|Armory|Carpentry|Coliseum|Fletchery|Forge|Gilded Foundry|Ministry|Tannery|Tiltyard|War College
"Sgt/WarHammer+Javelin/FullPlate (TY) [Cond+1, MaxInit3, GF, Seize:1st, ImmU]",Sergeant,War Hammer,,Full Plate,Javelin,True,50,"Cond Field,GF Armor,Immune Unwieldy,MaxInit3,Seize: first",Random,52423,20157,28906,814,102300,0.5124,0.1970,0.9920,0.7223,13.91,4.93,8.98,1700,85000,616.74,10,16,Animal Husbandry|Armory|Carpentry|Coliseum|Fletchery|Forge|Gilded Foundry|Ministry|Tannery|Tiltyard|War College
"Sgt/WarHammer+Crossbow/FullPlate (TY) [Cond+1, MaxInit3, GF, Seize:1st, ImmU]",Sergeant,War Hammer,,Full Plate,Crossbow,True,50,"Cond Field,GF Armor,Immune Unwieldy,MaxInit3,Seize: first",Random,48827,21703,30897,873,102300,0.4773,0.2122,0.9915,0.6923,13.04,5.83,7.21,1700,85000,574.44,10,16,Animal Husbandry|Armory|Carpentry|Coliseum|Fletchery|Forge|Gilded Foundry|Ministry|Tannery|Tiltyard|War College
"Sgt/Lance+Crossbow/FullPlate (TY) [Cond+1, MaxInit3, GF, Seize:1st, ImmU]",Sergeant,Lance,,Full Plate,Crossbow,True,50,"Cond Field,GF Armor,Immune Unwieldy,MaxInit3,Seize: first",Random,65817,14071,21583,829,102300,0.6434,0.1375,0.9919,0.8239,17.94,3.21,14.73,1700,85000,774.32,10,16,Animal Husbandry|Armory|Carpentry|Coliseum|Fletchery|Forge|Gilded Foundry|Ministry|Stable|Tannery|Tiltyard|War College
"Sgt/Lance3+Crossbow/FullPlate (TY) [Cond+1, MaxInit3, GF, Seize:1st, ImmU]",Sergeant,Lance3,,Full Plate,Crossbow,True,50,"Cond Field,GF Armor,Immune Unwieldy,MaxInit3,Seize: first",Random,66048,14029,21430,793,102300,0.6456,0.1371,0.9922,0.8248,17.96,3.19,14.77,1700,85000,777.04,10,16,Animal Husbandry|Armory|Carpentry|Coliseum|Fletchery|Forge|Gilded Foundry|Ministry|Stable|Tannery|Tiltyard|War College
"Sgt/Cavalry Spear+Crossbow/FullPlate (TY) [Cond+1, MaxInit3, GF, Seize:1st, ImmU]",Sergeant,Cavalry Spear,,Full Plate,Crossbow,True,50,"Cond Field,GF Armor,Immune Unwieldy,MaxInit3,Seize: first",Random,54138,19221,28116,825,102300,0.5292,0.1879,0.9919,0.7380,14.72,4.88,9.83,1700,85000,636.92,10,16,Animal Husbandry|Armory|Carpentry|Coliseum|Fletchery|Forge|Gilded Foundry|Ministry|Stable|Tannery|Tiltyard|War College
"Sgt/2HBastard/FullPlate [MaxInit3, MinInit+1, Seize:1st, GF]",Sergeant,2HBastard,,Full Plate,,False,50,"GF Armor,MaxInit3,MinInit+1,Seize: first",Random,62635,30015,8906,744,102300,0.6123,0.2934,0.9927,0.6760,17.87,5.65,12.22,1900,95000,659.32,6,16,Animal Husbandry|Armory|Forge|Gilded Foundry|Ministry|Ministry Mastery|Tannery|War College
"Sgt/WarHammer/FullPlate [MaxInit3, MinInit+1, Seize:1st, GF]",Sergeant,War Hammer,,Full Plate,,False,50,"GF Armor,MaxInit3,MinInit+1,Seize: first",Random,48972,40211,12266,851,102300,0.4787,0.3931,0.9917,0.5491,12.98,7.24,5.74,1900,95000,515.49,6,16,Animal Husbandry|Armory|Forge|Gilded Foundry|Ministry|Ministry Mastery|Tannery|War College
"Sgt/Bastard/Tower/FullPlate [MaxInit3, MinInit+1, Seize:1st, GF]",Sergeant,Bastard Sword,Tower Shield,Full Plate,,False,50,"GF Armor,MaxInit3,MinInit+1,Seize: first",Random,42905,42161,16389,845,102300,0.4194,0.4121,0.9917,0.5044,14.79,6.92,7.87,1700,85000,504.76,8,16,Animal Husbandry|Armory|Carpentry|Forge|Gilded Foundry|Joinery|Ministry|Ministry Mastery|Tannery|War College
"Sgt/Crossbow/FullPlate [MaxInit3, MinInit+1, Seize:1st, GF]",Sergeant,,,Full Plate,Crossbow,False,50,"GF Armor,MaxInit3,MinInit+1,Seize: first",Random,43242,46412,11779,867,102300,0.4227,0.4537,0.9915,0.4823,11.56,9.07,2.50,1700,85000,508.73,8,16,Animal Husbandry|Armory|Carpentry|Fletchery|Forge|Gilded Foundry|Ministry|Ministry Mastery|Tannery|War College
"Sgt/Crossbow/Tower/FullPlate [MaxInit3, MinInit+1, Seize:1st, GF]",Sergeant,,Tower Shield,Full Plate,Crossbow,False,50,"GF Armor,MaxInit3,MinInit+1,Seize: first",Random,32698,56503,12219,880,102300,0.3196,0.5523,0.9914,0.3666,11.96,21.09,-9.13,1500,75000,435.97,9,16,Animal Husbandry|Armory|Carpentry|Fletchery|Forge|Gilded Foundry|Joinery|Ministry|Ministry Mastery|Tannery|War College
"Sgt/2HBastard+Javelin/FullPlate (TY) [Cond+1, MaxInit3, MinInit+1, GF, Seize:1st, ImmU]",Sergeant,2HBastard,,Full Plate,Javelin,True,50,"Cond Field,GF Armor,Immune Unwieldy,MaxInit3,MinInit+1,Seize: first",Random,73590,10779,17169,762,102300,0.7194,0.1054,0.9926,0.8722,21.33,2.54,18.79,1700,85000,865.76,10,16,Animal Husbandry|Armory|Carpentry|Coliseum|Fletchery|Forge|Gilded Foundry|Ministry|Ministry Mastery|Tannery|Tiltyard|War College
"Sgt/2HBastard+Crossbow/FullPlate (TY) [Cond+1, MaxInit3, MinInit+1, GF, Seize:1st, ImmU]",Sergeant,2HBastard,,Full Plate,Crossbow,True,50,"Cond Field,GF Armor,Immune Unwieldy,MaxInit3,MinInit+1,Seize: first",Random,73836,10849,16827,788,102300,0.7218,0.1061,0.9923,0.8719,21.19,2.58,18.61,1700,85000,868.66,10,16,Animal Husbandry|Armory|Carpentry|Coliseum|Fletchery|Forge|Gilded Foundry|Ministry|Ministry Mastery|Tannery|Tiltyard|War College
"Sgt/Morningstar+Crossbow/FullPlate (TY) [Cond+1, MaxInit3, MinInit+1, GF, Seize:1st, ImmU]",Sergeant,Morningstar,,Full Plate,Crossbow,True,50,"Cond Field,GF Armor,Immune Unwieldy,MaxInit3,MinInit+1,Seize: first",Random,64064,15391,21977,868,102300,0.6262,0.1504,0.9915,0.8063,17.44,3.78,13.66,1700,85000,753.69,10,16,Animal Husbandry|Armory|Carpentry|Coliseum|Fletchery|Forge|Gilded Foundry|Ministry|Ministry Mastery|Tannery|Tiltyard|War College
"Sgt/WarHammer+Javelin/FullPlate (TY) [Cond+1, MaxInit3, MinInit+1, GF, Seize:1st, ImmU]",Sergeant,War Hammer,,Full Plate,Javelin,True,50,"Cond Field,GF Armor,Immune Unwieldy,MaxInit3,MinInit+1,Seize: first",Random,63075,15545,22837,843,102300,0.6166,0.1520,0.9918,0.8023,16.90,3.61,13.29,1700,85000,742.06,10,16,Animal Husbandry|Armory|Carpentry|Coliseum|Fletchery|Forge|Gilded Foundry|Ministry|Ministry Mastery|Tannery|Tiltyard|War College
"Sgt/WarHammer+Crossbow/FullPlate (TY) [Cond+1, MaxInit3, MinInit+1, GF, Seize:1st, ImmU]",Sergeant,War Hammer,,Full Plate,Crossbow,True,50,"Cond Field,GF Armor,Immune Unwieldy,MaxInit3,MinInit+1,Seize: first",Random,63393,15630,22425,852,102300,0.6197,0.1528,0.9917,0.8022,16.92,3.65,13.27,1700,85000,745.80,10,16,Animal Husbandry|Armory|Carpentry|Coliseum|Fletchery|Forge|Gilded Foundry|Ministry|Ministry Mastery|Tannery|Tiltyard|War College
"Sgt/Lance+Crossbow/FullPlate (TY) [Cond+1, MaxInit3, MinInit+1, GF, Seize:1st, ImmU]",Sergeant,Lance,,Full Plate,Crossbow,True,50,"Cond Field,GF Armor,Immune Unwieldy,MaxInit3,MinInit+1,Seize: first",Random,72689,10348,18457,806,102300,0.7105,0.1012,0.9921,0.8754,20.83,2.34,18.49,1700,85000,855.16,10,16,Animal Husbandry|Armory|Carpentry|Coliseum|Fletchery|Forge|Gilded Foundry|Ministry|Ministry Mastery|Stable|Tannery|Tiltyard|War College
"Sgt/Lance3+Crossbow/FullPlate (TY) [Cond+1, MaxInit3, MinInit+1, GF, Seize:1st, ImmU]",Sergeant,Lance3,,Full Plate,Crossbow,True,50,"Cond Field,GF Armor,Immune Unwieldy,MaxInit3,MinInit+1,Seize: first",Random,72617,10279,18559,845,102300,0.7098,0.1005,0.9917,0.8760,20.87,2.35,18.52,1700,85000,854.32,10,16,Animal Husbandry|Armory|Carpentry|Coliseum|Fletchery|Forge|Gilded Foundry|Ministry|Ministry Mastery|Stable|Tannery|Tiltyard|War College
"Sgt/Cavalry Spear+Crossbow/FullPlate (TY) [Cond+1, MaxInit3, MinInit+1, GF, Seize:1st, ImmU]",Sergeant,Cavalry Spear,,Full Plate,Crossbow,True,50,"Cond Field,GF Armor,Immune Unwieldy,MaxInit3,MinInit+1,Seize: first",Random,59773,15907,25832,788,102300,0.5843,0.1555,0.9923,0.7898,16.64,3.71,12.93,1700,85000,703.21,10,16,Animal Husbandry|Armory|Carpentry|Coliseum|Fletchery|Forge|Gilded Foundry|Ministry|Ministry Mastery|Stable|Tannery|Tiltyard|War College
"Sgt/2HBastard/FullPlate [GF, Outr:once]",Sergeant,2HBastard,,Full Plate,,False,50,"GF Armor,Outrider: once",Random,33181,42878,16390,1601,94050,0.3528,0.4559,0.9830,0.4363,10.02,10.99,-0.97,1900,95000,349.27,8,22,Animal Husbandry|Armory|Caravanery|Cipher Chamber|Forge|Gilded Foundry|Outrider Intercept Post|Tannery|War College
"Sgt/WarHammer/FullPlate [GF, Outr:once]",Sergeant,War Hammer,,Full Plate,,False,50,"GF Armor,Outrider: once",Random,17414,59878,15245,1513,94050,0.1852,0.6367,0.9839,0.2253,5.59,19.89,-14.30,1900,95000,183.31,8,22,Animal Husbandry|Armory|Caravanery|Cipher Chamber|Forge|Gilded Foundry|Outrider Intercept Post|Tannery|War College
"Sgt/Bastard/Tower/FullPlate [GF, Outr:once]",Sergeant,Bastard Sword,Tower Shield,Full Plate,,False,50,"GF Armor,Outrider: once",Random,17563,52419,22541,1527,94050,0.1867,0.5574,0.9838,0.2510,7.53,22.28,-14.75,1700,85000,206.62,10,22,Animal Husbandry|Armory|Caravanery|Carpentry|Cipher Chamber|Forge|Gilded Foundry|Joinery|Outrider Intercept Post|Tannery|War College
"Sgt/Crossbow/FullPlate [GF, Outr:once]",Sergeant,,,Full Plate,Crossbow,False,50,"GF Armor,Outrider: once",Random,17342,59622,15433,1653,94050,0.1844,0.6339,0.9824,0.2253,5.63,21.89,-16.26,1700,85000,204.02,10,22,Animal Husbandry|Armory|Caravanery|Carpentry|Cipher Chamber|Fletchery|Forge|Gilded Foundry|Outrider Intercept Post|Tannery|War College
"Sgt/2HBastard/FullPlate [MaxInit3, GF, Outr:once, Seize:1st]",Sergeant,2HBastard,,Full Plate,,False,50,"GF Armor,MaxInit3,Outrider: once,Seize: first",Random,32568,35155,9256,1271,78250,0.4162,0.4493,0.9838,0.4809,12.16,10.24,1.92,1900,95000,342.82,9,26,Animal Husbandry|Armory|Caravanery|Cipher Chamber|Forge|Gilded Foundry|Ministry|Outrider Intercept Post|Tannery|War College
"Sgt/WarHammer/FullPlate [MaxInit3, GF, Outr:once, Seize:1st]",Sergeant,War Hammer,,Full Plate,,False,50,"GF Armor,MaxInit3,Outrider: once,Seize: first",Random,17343,51742,7860,1305,78250,0.2216,0.6612,0.9833,0.2510,6.66,16.93,-10.27,1900,95000,182.56,9,26,Animal Husbandry|Armory|Caravanery|Cipher Chamber|Forge|Gilded Foundry|Ministry|Outrider Intercept Post|Tannery|War College
"Sgt/2HBastard/FullPlate [Outr:once, MaxInit3, MinInit+1, GF, Seize:1st]",Sergeant,2HBastard,,Full Plate,,False,50,"GF Armor,MaxInit3,MinInit+1,Outrider: once,Seize: first",Random,43616,25612,7788,1234,78250,0.5574,0.3273,0.9842,0.6300,16.90,6.80,10.09,1900,95000,459.12,9,26,Animal Husbandry|Armory|Caravanery|Cipher Chamber|Forge|Gilded Foundry|Ministry|Ministry Mastery|Outrider Intercept Post|Tannery|War College
"Sgt/WarHammer/FullPlate [Outr:once, MaxInit3, MinInit+1, GF, Seize:1st]",Sergeant,War Hammer,,Full Plate,,False,50,"GF Armor,MaxInit3,MinInit+1,Outrider: once,Seize: first",Random,34878,31677,10497,1198,78250,0.4457,0.4048,0.9847,0.5240,12.56,7.78,4.78,1900,95000,367.14,9,26,Animal Husbandry|Armory|Caravanery|Cipher Chamber|Forge|Gilded Foundry|Ministry|Ministry Mastery|Outrider Intercept Post|Tannery|War College
"Sgt/2HBastard/FullPlate [GF, Outr:every]",Sergeant,2HBastard,,Full Plate,,False,50,"GF Armor,Outrider: every",Random,38883,32494,15009,7664,94050,0.4134,0.3455,0.9185,0.5448,14.47,9.96,4.51,1900,95000,409.29,10,22,Animal Husbandry|Armory|Caravanery|Cipher Chamber|Forge|Gilded Foundry|Outrider Intercept Post|Outrider Mastery|Tannery|War College
"Sgt/WarHammer/FullPlate [GF, Outr:every]",Sergeant,War Hammer,,Full Plate,,False,50,"GF Armor,Outrider: every",Random,16404,52872,16296,8478,94050,0.1744,0.5622,0.9099,0.2368,7.69,19.40,-11.71,1900,95000,172.67,10,22,Animal Husbandry|Armory|Caravanery|Cipher Chamber|Forge|Gilded Foundry|Outrider Intercept Post|Outrider Mastery|Tannery|War College
"Sgt/2HBastard/FullPlate [GF, Rend]",Sergeant,2HBastard,,Full Plate,,False,50,"GF Armor,Rend",Random,49548,50085,18974,843,119450,0.4148,0.4193,0.9929,0.4973,11.32,8.76,2.56,1700,85000,582.92,6,12,Animal Husbandry|Armory|Forge|Gilded Foundry|MWRend|Tannery|War College
"Sgt/WarHammer/FullPlate [GF, Rend]",Sergeant,War Hammer,,Full Plate,,False,50,"GF Armor,Rend",Random,32358,68798,17385,909,119450,0.2709,0.5760,0.9924,0.3199,7.39,18.07,-10.69,1700,85000,380.68,6,12,Animal Husbandry|Armory|Forge|Gilded Foundry|MWRend|Tannery|War College
"Sgt/Bastard/Tower/FullPlate [GF, Rend]",Sergeant,Bastard Sword,Tower Shield,Full Plate,,False,50,"GF Armor,Rend",Random,32717,60057,25744,932,119450,0.2739,0.5028,0.9922,0.3527,10.25,19.45,-9.20,1500,75000,436.23,8,12,Animal Husbandry|Armory|Carpentry|Forge|Gilded Foundry|Joinery|MWRend|Tannery|War College
"Sgt/Crossbow/FullPlate [GF, Rend]",Sergeant,,,Full Plate,Crossbow,False,50,"GF Armor,Rend",Random,32381,68620,17531,918,119450,0.2711,0.5745,0.9923,0.3206,7.38,19.76,-12.38,1500,75000,431.75,8,12,Animal Husbandry|Armory|Carpentry|Fletchery|Forge|Gilded Foundry|MWRend|Tannery|War College
"Sgt/Crossbow/Tower/FullPlate [GF, Rend]",Sergeant,,Tower Shield,Full Plate,Crossbow,False,50,"GF Armor,Rend",Random,32712,60121,25723,894,119450,0.2739,0.5033,0.9925,0.3524,10.21,21.17,-10.96,1300,65000,503.26,9,12,Animal Husbandry|Armory|Carpentry|Fletchery|Forge|Gilded Foundry|Joinery|MWRend|Tannery|War College
"Sgt/2HBastard+Javelin/FullPlate (TY) [ImmU, GF, Rend, Cond+1]",Sergeant,2HBastard,,Full Plate,Javelin,True,50,"Cond Field,GF Armor,Immune Unwieldy,Rend",Random,71512,21439,25625,874,119450,0.5987,0.1795,0.9927,0.7694,15.69,4.25,11.44,1500,75000,953.49,10,12,Animal Husbandry|Armory|Carpentry|Coliseum|Fletchery|Forge|Gilded Foundry|MWRend|Tannery|Tiltyard|War College
"Sgt/2HBastard+Crossbow/FullPlate (TY) [ImmU, GF, Rend, Cond+1]",Sergeant,2HBastard,,Full Plate,Crossbow,True,50,"Cond Field,GF Armor,Immune Unwieldy,Rend",Random,65548,24561,28376,965,119450,0.5487,0.2056,0.9919,0.7274,14.07,5.39,8.68,1500,75000,873.97,10,12,Animal Husbandry|Armory|Carpentry|Coliseum|Fletchery|Forge|Gilded Foundry|MWRend|Tannery|Tiltyard|War College
"Sgt/Morningstar+Crossbow/FullPlate (TY) [ImmU, GF, Rend, Cond+1]",Sergeant,Morningstar,,Full Plate,Crossbow,True,50,"Cond Field,GF Armor,Immune Unwieldy,Rend",Random,59966,27705,30869,910,119450,0.5020,0.2319,0.9924,0.6840,12.66,6.43,6.23,1500,75000,799.55,10,12,Animal Husbandry|Armory|Carpentry|Coliseum|Fletchery|Forge|Gilded Foundry|MWRend|Tannery|Tiltyard|War College
"Sgt/WarHammer+Javelin/FullPlate (TY) [ImmU, GF, Rend, Cond+1]",Sergeant,War Hammer,,Full Plate,Javelin,True,50,"Cond Field,GF Armor,Immune Unwieldy,Rend",Random,60220,26965,31372,893,119450,0.5041,0.2257,0.9925,0.6907,12.71,5.51,7.20,1500,75000,802.93,10,12,Animal Husbandry|Armory|Carpentry|Coliseum|Fletchery|Forge|Gilded Foundry|MWRend|Tannery|Tiltyard|War College
"Sgt/WarHammer+Crossbow/FullPlate (TY) [ImmU, GF, Rend, Cond+1]",Sergeant,War Hammer,,Full Plate,Crossbow,True,50,"Cond Field,GF Armor,Immune Unwieldy,Rend",Random,55338,29394,33734,984,119450,0.4633,0.2461,0.9918,0.6531,11.76,6.81,4.95,1500,75000,737.84,10,12,Animal Husbandry|Armory|Carpentry|Coliseum|Fletchery|Forge|Gilded Foundry|MWRend|Tannery|Tiltyard|War College
"Sgt/Lance+Crossbow/FullPlate (TY) [ImmU, GF, Rend, Cond+1]",Sergeant,Lance,,Full Plate,Crossbow,True,50,"Cond Field,GF Armor,Immune Unwieldy,Rend",Random,76794,18822,22992,842,119450,0.6429,0.1576,0.9930,0.8032,16.51,3.34,13.17,1500,75000,1023.92,10,12,Animal Husbandry|Armory|Carpentry|Coliseum|Fletchery|Forge|Gilded Foundry|MWRend|Stable|Tannery|Tiltyard|War College
"Sgt/Lance3+Crossbow/FullPlate (TY) [ImmU, GF, Rend, Cond+1]",Sergeant,Lance3,,Full Plate,Crossbow,True,50,"Cond Field,GF Armor,Immune Unwieldy,Rend",Random,76879,18731,22939,901,119450,0.6436,0.1568,0.9925,0.8041,16.57,3.34,13.23,1500,75000,1025.05,10,12,Animal Husbandry|Armory|Carpentry|Coliseum|Fletchery|Forge|Gilded Foundry|MWRend|Stable|Tannery|Tiltyard|War College
"Sgt/Cavalry Spear+Crossbow/FullPlate (TY) [ImmU, GF, Rend, Cond+1]",Sergeant,Cavalry Spear,,Full Plate,Crossbow,True,50,"Cond Field,GF Armor,Immune Unwieldy,Rend",Random,62037,26177,30410,826,119450,0.5194,0.2191,0.9931,0.7033,13.33,5.46,7.86,1500,75000,827.16,10,12,Animal Husbandry|Armory|Carpentry|Coliseum|Fletchery|Forge|Gilded Foundry|MWRend|Stable|Tannery|Tiltyard|War College
"Sgt/2HBastard/FullPlate [MaxInit3, GF, Seize:1st, Rend]",Sergeant,2HBastard,,Full Plate,,False,50,"GF Armor,MaxInit3,Rend,Seize: first",Random,49255,41063,11194,788,102300,0.4815,0.4014,0.9923,0.5454,13.57,7.84,5.73,1700,85000,579.47,7,16,Animal Husbandry|Armory|Forge|Gilded Foundry|MWRend|Ministry|Tannery|War College
"Sgt/WarHammer/FullPlate [MaxInit3, GF, Seize:1st, Rend]",Sergeant,War Hammer,,Full Plate,,False,50,"GF Armor,MaxInit3,Rend,Seize: first",Random,32347,60163,8923,867,102300,0.3162,0.5881,0.9915,0.3497,8.65,16.44,-7.80,1700,85000,380.55,7,16,Animal Husbandry|Armory|Forge|Gilded Foundry|MWRend|Ministry|Tannery|War College
"Sgt/Bastard/Tower/FullPlate [MaxInit3, GF, Seize:1st, Rend]",Sergeant,Bastard Sword,Tower Shield,Full Plate,,False,50,"GF Armor,MaxInit3,Rend,Seize: first",Random,32686,56466,12230,918,102300,0.3195,0.5520,0.9910,0.3666,11.96,19.16,-7.20,1500,75000,435.81,9,16,Animal Husbandry|Armory|Carpentry|Forge|Gilded Foundry|Joinery|MWRend|Ministry|Tannery|War College
"Sgt/Crossbow/FullPlate [MaxInit3, GF, Seize:1st, Rend]",Sergeant,,,Full Plate,Crossbow,False,50,"GF Armor,MaxInit3,Rend,Seize: first",Random,32382,60180,8874,864,102300,0.3165,0.5883,0.9916,0.3498,8.64,18.47,-9.83,1500,75000,431.76,9,16,Animal Husbandry|Armory|Carpentry|Fletchery|Forge|Gilded Foundry|MWRend|Ministry|Tannery|War College
"Sgt/Crossbow/Tower/FullPlate [MaxInit3, GF, Seize:1st, Rend]",Sergeant,,Tower Shield,Full Plate,Crossbow,False,50,"GF Armor,MaxInit3,Rend,Seize: first",Random,32730,56479,12239,852,102300,0.3199,0.5521,0.9917,0.3669,11.93,23.17,-11.24,1300,65000,503.54,10,16,Animal Husbandry|Armory|Carpentry|Fletchery|Forge|Gilded Foundry|Joinery|MWRend|Ministry|Tannery|War College
"Sgt/2HBastard/FullPlate [MaxInit3, MinInit+1, GF, Seize:1st, Rend]",Sergeant,2HBastard,,Full Plate,,False,50,"GF Armor,MaxInit3,MinInit+1,Rend,Seize: first",Random,64049,27058,10480,713,102300,0.6261,0.2645,0.9930,0.7030,18.48,4.35,14.13,1700,85000,753.52,7,16,Animal Husbandry|Armory|Forge|Gilded Foundry|MWRend|Ministry|Ministry Mastery|Tannery|War College
"Sgt/WarHammer/FullPlate [MaxInit3, MinInit+1, GF, Seize:1st, Rend]",Sergeant,War Hammer,,Full Plate,,False,50,"GF Armor,MaxInit3,MinInit+1,Rend,Seize: first",Random,48744,40459,12224,873,102300,0.4765,0.3955,0.9915,0.5464,12.99,6.17,6.83,1700,85000,573.46,7,16,Animal Husbandry|Armory|Forge|Gilded Foundry|MWRend|Ministry|Ministry Mastery|Tannery|War College
"Sgt/Bastard/Tower/FullPlate [MaxInit3, MinInit+1, GF, Seize:1st, Rend]",Sergeant,Bastard Sword,Tower Shield,Full Plate,,False,50,"GF Armor,MaxInit3,MinInit+1,Rend,Seize: first",Random,42862,41921,16666,851,102300,0.4190,0.4098,0.9917,0.5055,14.79,5.94,8.85,1500,75000,571.49,9,16,Animal Husbandry|Armory|Carpentry|Forge|Gilded Foundry|Joinery|MWRend|Ministry|Ministry Mastery|Tannery|War College
"Sgt/Crossbow/FullPlate [MaxInit3, MinInit+1, GF, Seize:1st, Rend]",Sergeant,,,Full Plate,Crossbow,False,50,"GF Armor,MaxInit3,MinInit+1,Rend,Seize: first",Random,43326,46403,11720,851,102300,0.4235,0.4536,0.9917,0.4829,11.61,8.05,3.55,1500,75000,577.68,9,16,Animal Husbandry|Armory|Carpentry|Fletchery|Forge|Gilded Foundry|MWRend|Ministry|Ministry Mastery|Tannery|War College
"Sgt/Crossbow/Tower/FullPlate [MaxInit3, MinInit+1, GF, Seize:1st, Rend]",Sergeant,,Tower Shield,Full Plate,Crossbow,False,50,"GF Armor,MaxInit3,MinInit+1,Rend,Seize: first",Random,32703,56488,12232,877,102300,0.3197,0.5522,0.9914,0.3667,11.95,20.94,-8.99,1300,65000,503.12,10,16,Animal Husbandry|Armory|Carpentry|Fletchery|Forge|Gilded Foundry|Joinery|MWRend|Ministry|Ministry Mastery|Tannery|War College
"Sgt/2HBastard/FullPlate [GF, Outr:once, Rend]",Sergeant,2HBastard,,Full Plate,,False,50,"GF Armor,Outrider: once,Rend",Random,33599,42192,16647,1612,94050,0.3572,0.4486,0.9829,0.4433,10.20,9.81,0.39,1700,85000,395.28,9,22,Animal Husbandry|Armory|Caravanery|Cipher Chamber|Forge|Gilded Foundry|MWRend|Outrider Intercept Post|Tannery|War College
"Sgt/WarHammer/FullPlate [GF, Outr:once, Rend]",Sergeant,War Hammer,,Full Plate,,False,50,"GF Armor,Outrider: once,Rend",Random,17384,59738,15348,1580,94050,0.1848,0.6352,0.9832,0.2254,5.62,19.31,-13.69,1700,85000,204.52,9,22,Animal Husbandry|Armory|Caravanery|Cipher Chamber|Forge|Gilded Foundry|MWRend|Outrider Intercept Post|Tannery|War College
"Sgt/2HBastard/FullPlate [Outr:once, MaxInit3, GF, Seize:1st, Rend]",Sergeant,2HBastard,,Full Plate,,False,50,"GF Armor,MaxInit3,Outrider: once,Rend,Seize: first",Random,32871,34290,9817,1272,78250,0.4201,0.4382,0.9837,0.4894,12.36,8.91,3.45,1700,85000,386.72,10,26,Animal Husbandry|Armory|Caravanery|Cipher Chamber|Forge|Gilded Foundry|MWRend|Ministry|Outrider Intercept Post|Tannery|War College
"Sgt/WarHammer/FullPlate [Outr:once, MaxInit3, GF, Seize:1st, Rend]",Sergeant,War Hammer,,Full Plate,,False,50,"GF Armor,MaxInit3,Outrider: once,Rend,Seize: first",Random,17374,51760,7796,1320,78250,0.2220,0.6615,0.9831,0.2513,6.67,16.10,-9.43,1700,85000,204.40,10,26,Animal Husbandry|Armory|Caravanery|Cipher Chamber|Forge|Gilded Foundry|MWRend|Ministry|Outrider Intercept Post|Tannery|War College
"Sgt/2HBastard/FullPlate [Outr:once, MaxInit3, MinInit+1, GF, Seize:1st, Rend]",Sergeant,2HBastard,,Full Plate,,False,50,"GF Armor,MaxInit3,MinInit+1,Outrider: once,Rend,Seize: first",Random,45087,22633,9218,1312,78250,0.5762,0.2892,0.9832,0.6658,17.63,5.30,12.33,1700,85000,530.44,10,26,Animal Husbandry|Armory|Caravanery|Cipher Chamber|Forge|Gilded Foundry|MWRend|Ministry|Ministry Mastery|Outrider Intercept Post|Tannery|War College
"Sgt/WarHammer/FullPlate [Outr:once, MaxInit3, MinInit+1, GF, Seize:1st, Rend]",Sergeant,War Hammer,,Full Plate,,False,50,"GF Armor,MaxInit3,MinInit+1,Outrider: once,Rend,Seize: first",Random,34881,31529,10529,1311,78250,0.4458,0.4029,0.9832,0.5252,12.69,6.49,6.20,1700,85000,410.36,10,26,Animal Husbandry|Armory|Caravanery|Cipher Chamber|Forge|Gilded Foundry|MWRend|Ministry|Ministry Mastery|Outrider Intercept Post|Tannery|War College
Sgt/2HBastard/Chain [Poison],Sergeant,2HBastard,,Chainmail,,False,50,Poison,Random,69885,41370,7429,766,119450,0.5851,0.3463,0.9936,0.6282,14.17,7.30,6.87,2100,105000,665.57,7,15,Animal Husbandry|Armory|Forge|Tannery|Toxicarium|War College
Sgt/WarHammer/Chain [Poison],Sergeant,War Hammer,,Chainmail,,False,50,Poison,Random,42253,65696,10688,813,119450,0.3537,0.5500,0.9932,0.3914,7.87,13.29,-5.42,2100,105000,402.41,7,15,Animal Husbandry|Armory|Forge|Tannery|Toxicarium|War College
Sgt/Crossbow/Chain [Poison],Sergeant,,,Chainmail,Crossbow,False,50,Poison,Random,39486,68778,10330,856,119450,0.3306,0.5758,0.9928,0.3647,7.29,14.92,-7.63,1900,95000,415.64,9,15,Animal Husbandry|Armory|Carpentry|Fletchery|Forge|Tannery|Toxicarium|War College
Sgt/Lance/Scutum/Chain [Poison],Sergeant,Lance,Scutum Shield,Chainmail,,False,50,Poison,Random,70018,31905,16728,799,119450,0.5862,0.2671,0.9933,0.6870,16.92,4.71,12.21,1900,95000,737.03,9,15,Animal Husbandry|Armory|Carpentry|Forge|Joinery|Stable|Tannery|Toxicarium|War College
Sgt/Lance3/Scutum/Chain [Poison],Sergeant,Lance3,Scutum Shield,Chainmail,,False,50,Poison,Random,69974,31805,16864,807,119450,0.5858,0.2663,0.9932,0.6875,16.90,4.70,12.20,1900,95000,736.57,9,15,Animal Husbandry|Armory|Carpentry|Forge|Joinery|Stable|Tannery|Toxicarium|War College
Sgt/Cavalry Spear/Scutum/Chain [Poison],Sergeant,Cavalry Spear,Scutum Shield,Chainmail,,False,50,Poison,Random,56899,42162,19574,815,119450,0.4763,0.3530,0.9932,0.5744,13.97,6.89,7.08,1900,95000,598.94,9,15,Animal Husbandry|Armory|Carpentry|Forge|Joinery|Stable|Tannery|Toxicarium|War College
"Sgt/2HBastard/Chain [Poison, MaxInit3, Seize:1st]",Sergeant,2HBastard,,Chainmail,,False,50,"MaxInit3,Poison,Seize: first",Random,64769,32050,4703,778,102300,0.6331,0.3133,0.9924,0.6690,15.99,6.44,9.56,2100,105000,616.85,8,19,Animal Husbandry|Armory|Forge|Ministry|Tannery|Toxicarium|War College
"Sgt/WarHammer/Chain [Poison, MaxInit3, Seize:1st]",Sergeant,War Hammer,,Chainmail,,False,50,"MaxInit3,Poison,Seize: first",Random,43211,50665,7526,898,102300,0.4224,0.4953,0.9912,0.4603,9.59,10.74,-1.15,2100,105000,411.53,8,19,Animal Husbandry|Armory|Forge|Ministry|Tannery|Toxicarium|War College
"Sgt/Crossbow/Chain [Poison, MaxInit3, Seize:1st]",Sergeant,,,Chainmail,Crossbow,False,50,"MaxInit3,Poison,Seize: first",Random,40274,54216,6951,859,102300,0.3937,0.5300,0.9916,0.4262,8.88,12.35,-3.47,1900,95000,423.94,10,19,Animal Husbandry|Armory|Carpentry|Fletchery|Forge|Ministry|Tannery|Toxicarium|War College
"Sgt/Lance/Scutum/Chain [Poison, MaxInit3, Seize:1st]",Sergeant,Lance,Scutum Shield,Chainmail,,False,50,"MaxInit3,Poison,Seize: first",Random,63474,27839,10090,897,102300,0.6205,0.2721,0.9912,0.6951,18.77,4.68,14.10,1900,95000,668.15,10,19,Animal Husbandry|Armory|Carpentry|Forge|Joinery|Ministry|Stable|Tannery|Toxicarium|War College
"Sgt/Lance3/Scutum/Chain [Poison, MaxInit3, Seize:1st]",Sergeant,Lance3,Scutum Shield,Chainmail,,False,50,"MaxInit3,Poison,Seize: first",Random,63656,27833,9967,844,102300,0.6222,0.2721,0.9917,0.6958,18.81,4.66,14.15,1900,95000,670.06,10,19,Animal Husbandry|Armory|Carpentry|Forge|Joinery|Ministry|Stable|Tannery|Toxicarium|War College
"Sgt/Cavalry Spear/Scutum/Chain [Poison, MaxInit3, Seize:1st]",Sergeant,Cavalry Spear,Scutum Shield,Chainmail,,False,50,"MaxInit3,Poison,Seize: first",Random,53103,37186,11235,776,102300,0.5191,0.3635,0.9924,0.5881,15.83,6.94,8.90,1900,95000,558.98,10,19,Animal Husbandry|Armory|Carpentry|Forge|Joinery|Ministry|Stable|Tannery|Toxicarium|War College
"Sgt/2HBastard/Chain [Poison, MaxInit3, MinInit+1, Seize:1st]",Sergeant,2HBastard,,Chainmail,,False,50,"MaxInit3,MinInit+1,Poison,Seize: first",Random,68812,28113,4644,731,102300,0.6726,0.2748,0.9929,0.7100,18.02,5.56,12.47,2100,105000,655.35,8,19,Animal Husbandry|Armory|Forge|Ministry|Ministry Mastery|Tannery|Toxicarium|War College
"Sgt/WarHammer/Chain [Poison, MaxInit3, MinInit+1, Seize:1st]",Sergeant,War Hammer,,Chainmail,,False,50,"MaxInit3,MinInit+1,Poison,Seize: first",Random,67173,29558,4777,792,102300,0.6566,0.2889,0.9923,0.6944,15.35,5.98,9.36,2100,105000,639.74,8,19,Animal Husbandry|Armory|Forge|Ministry|Ministry Mastery|Tannery|Toxicarium|War College
"Sgt/Crossbow/Chain [Poison, MaxInit3, MinInit+1, Seize:1st]",Sergeant,,,Chainmail,Crossbow,False,50,"MaxInit3,MinInit+1,Poison,Seize: first",Random,58183,37338,5968,811,102300,0.5687,0.3650,0.9921,0.6091,13.34,7.22,6.12,1900,95000,612.45,10,19,Animal Husbandry|Armory|Carpentry|Fletchery|Forge|Ministry|Ministry Mastery|Tannery|Toxicarium|War College
"Sgt/Lance/Scutum/Chain [Poison, MaxInit3, MinInit+1, Seize:1st]",Sergeant,Lance,Scutum Shield,Chainmail,,False,50,"MaxInit3,MinInit+1,Poison,Seize: first",Random,65118,26238,10096,848,102300,0.6365,0.2565,0.9917,0.7128,19.90,4.39,15.51,1900,95000,685.45,10,19,Animal Husbandry|Armory|Carpentry|Forge|Joinery|Ministry|Ministry Mastery|Stable|Tannery|Toxicarium|War College
"Sgt/Lance3/Scutum/Chain [Poison, MaxInit3, MinInit+1, Seize:1st]",Sergeant,Lance3,Scutum Shield,Chainmail,,False,50,"MaxInit3,MinInit+1,Poison,Seize: first",Random,64852,26502,10141,805,102300,0.6339,0.2591,0.9921,0.7099,19.81,4.38,15.43,1900,95000,682.65,10,19,Animal Husbandry|Armory|Carpentry|Forge|Joinery|Ministry|Ministry Mastery|Stable|Tannery|Toxicarium|War College
"Sgt/Cavalry Spear/Scutum/Chain [Poison, MaxInit3, MinInit+1, Seize:1st]",Sergeant,Cavalry Spear,Scutum Shield,Chainmail,,False,50,"MaxInit3,MinInit+1,Poison,Seize: first",Random,54109,36072,11313,806,102300,0.5289,0.3526,0.9921,0.6000,16.61,6.69,9.92,1900,95000,569.57,10,19,Animal Husbandry|Armory|Carpentry|Forge|Joinery|Ministry|Ministry Mastery|Stable|Tannery|Toxicarium|War College
"Sgt/2HBastard/Chain [Poison, Outr:once]",Sergeant,2HBastard,,Chainmail,,False,50,"Outrider: once,Poison",Random,52082,33909,6469,1590,94050,0.5538,0.3605,0.9831,0.6057,14.46,8.20,6.26,2100,105000,496.02,10,22,Animal Husbandry|Armory|Caravanery|Cipher Chamber|Forge|Outrider Intercept Post|Tannery|Toxicarium|War College
"Sgt/WarHammer/Chain [Poison, Outr:once]",Sergeant,War Hammer,,Chainmail,,False,50,"Outrider: once,Poison",Random,29505,53814,9087,1644,94050,0.3137,0.5722,0.9825,0.3541,7.93,14.06,-6.13,2100,105000,281.00,10,22,Animal Husbandry|Armory|Caravanery|Cipher Chamber|Forge|Outrider Intercept Post|Tannery|Toxicarium|War College
"Sgt/2HBastard/Chain [Poison, Rend]",Sergeant,2HBastard,,Chainmail,,False,50,"Poison,Rend",Random,71315,38786,8572,777,119450,0.5970,0.3247,0.9935,0.6477,14.75,5.76,8.99,1900,95000,750.68,8,15,Animal Husbandry|Armory|Forge|MWRend|Tannery|Toxicarium|War College
"Sgt/WarHammer/Chain [Poison, Rend]",Sergeant,War Hammer,,Chainmail,,False,50,"Poison,Rend",Random,42168,65648,10762,872,119450,0.3530,0.5496,0.9927,0.3911,7.90,12.30,-4.40,1900,95000,443.87,8,15,Animal Husbandry|Armory|Forge|MWRend|Tannery|Toxicarium|War College
"Sgt/Crossbow/Chain [Poison, Rend]",Sergeant,,,Chainmail,Crossbow,False,50,"Poison,Rend",Random,39426,68592,10576,856,119450,0.3301,0.5742,0.9928,0.3650,7.34,13.94,-6.60,1700,85000,463.84,10,15,Animal Husbandry|Armory|Carpentry|Fletchery|Forge|MWRend|Tannery|Toxicarium|War College
"Sgt/Lance/Scutum/Chain [Poison, Rend]",Sergeant,Lance,Scutum Shield,Chainmail,,False,50,"Poison,Rend",Random,70160,30926,17493,871,119450,0.5874,0.2589,0.9927,0.6941,17.03,3.51,13.53,1700,85000,825.41,10,15,Animal Husbandry|Armory|Carpentry|Forge|Joinery|MWRend|Stable|Tannery|Toxicarium|War College
"Sgt/Lance3/Scutum/Chain [Poison, Rend]",Sergeant,Lance3,Scutum Shield,Chainmail,,False,50,"Poison,Rend",Random,70187,30887,17564,812,119450,0.5876,0.2586,0.9932,0.6944,17.03,3.50,13.53,1700,85000,825.73,10,15,Animal Husbandry|Armory|Carpentry|Forge|Joinery|MWRend|Stable|Tannery|Toxicarium|War College
"Sgt/Cavalry Spear/Scutum/Chain [Poison, Rend]",Sergeant,Cavalry Spear,Scutum Shield,Chainmail,,False,50,"Poison,Rend",Random,57077,41552,20033,788,119450,0.4778,0.3479,0.9934,0.5787,14.07,5.78,8.28,1700,85000,671.49,10,15,Animal Husbandry|Armory|Carpentry|Forge|Joinery|MWRend|Stable|Tannery|Toxicarium|War College
"Sgt/2HBastard/Chain [Poison, MaxInit3, Seize:1st, Rend]",Sergeant,2HBastard,,Chainmail,,False,50,"MaxInit3,Poison,Rend,Seize: first",Random,66181,29451,5915,753,102300,0.6469,0.2879,0.9926,0.6920,16.66,4.90,11.76,1900,95000,696.64,9,19,Animal Husbandry|Armory|Forge|MWRend|Ministry|Tannery|Toxicarium|War College
"Sgt/WarHammer/Chain [Poison, MaxInit3, Seize:1st, Rend]",Sergeant,War Hammer,,Chainmail,,False,50,"MaxInit3,Poison,Rend,Seize: first",Random,43412,50532,7519,837,102300,0.4244,0.4940,0.9918,0.4621,9.69,9.60,0.09,1900,95000,456.97,9,19,Animal Husbandry|Armory|Forge|MWRend|Ministry|Tannery|Toxicarium|War College
"Sgt/2HBastard/Chain [Poison, MaxInit3, MinInit+1, Seize:1st, Rend]",Sergeant,2HBastard,,Chainmail,,False,50,"MaxInit3,MinInit+1,Poison,Rend,Seize: first",Random,70504,24763,6248,785,102300,0.6892,0.2421,0.9923,0.7401,18.84,3.91,14.93,1900,95000,742.15,9,19,Animal Husbandry|Armory|Forge|MWRend|Ministry|Ministry Mastery|Tannery|Toxicarium|War College
"Sgt/WarHammer/Chain [Poison, MaxInit3, MinInit+1, Seize:1st, Rend]",Sergeant,War Hammer,,Chainmail,,False,50,"MaxInit3,MinInit+1,Poison,Rend,Seize: first",Random,67442,28625,5433,800,102300,0.6593,0.2798,0.9922,0.7020,15.57,4.50,11.06,1900,95000,709.92,9,19,Animal Husbandry|Armory|Forge|MWRend|Ministry|Ministry Mastery|Tannery|Toxicarium|War College
"Sgt/2HBastard/FullPlate [Poison, GF]",Sergeant,2HBastard,,Full Plate,,False,50,"GF Armor,Poison",Random,55451,45302,17821,876,119450,0.4642,0.3793,0.9927,0.5504,12.49,8.24,4.26,1900,95000,583.69,7,15,Animal Husbandry|Armory|Forge|Gilded Foundry|Tannery|Toxicarium|War College
"Sgt/WarHammer/FullPlate [Poison, GF]",Sergeant,War Hammer,,Full Plate,,False,50,"GF Armor,Poison",Random,32329,68857,17331,933,119450,0.2706,0.5765,0.9922,0.3195,7.39,18.55,-11.16,1900,95000,340.31,7,15,Animal Husbandry|Armory|Forge|Gilded Foundry|Tannery|Toxicarium|War College
"Sgt/Bastard/Tower/FullPlate [Poison, GF]",Sergeant,Bastard Sword,Tower Shield,Full Plate,,False,50,"GF Armor,Poison",Random,32713,60096,25719,922,119450,0.2739,0.5031,0.9923,0.3525,10.23,19.47,-9.24,1700,85000,384.86,9,15,Animal Husbandry|Armory|Carpentry|Forge|Gilded Foundry|Joinery|Tannery|Toxicarium|War College
"Sgt/Crossbow/FullPlate [Poison, GF]",Sergeant,,,Full Plate,Crossbow,False,50,"GF Armor,Poison",Random,32296,68711,17477,966,119450,0.2704,0.5752,0.9919,0.3197,7.39,20.12,-12.73,1700,85000,379.95,9,15,Animal Husbandry|Armory|Carpentry|Fletchery|Forge|Gilded Foundry|Tannery|Toxicarium|War College
"Sgt/Crossbow/Tower/FullPlate [Poison, GF]",Sergeant,,Tower Shield,Full Plate,Crossbow,False,50,"GF Armor,Poison",Random,32693,60156,25677,924,119450,0.2737,0.5036,0.9923,0.3521,10.22,21.24,-11.02,1500,75000,435.91,10,15,Animal Husbandry|Armory|Carpentry|Fletchery|Forge|Gilded Foundry|Joinery|Tannery|Toxicarium|War College
"Sgt/2HBastard/FullPlate [Poison, MaxInit3, GF, Seize:1st]",Sergeant,2HBastard,,Full Plate,,False,50,"GF Armor,MaxInit3,Poison,Seize: first",Random,54734,36631,10117,818,102300,0.5350,0.3581,0.9920,0.5991,14.91,7.31,7.60,1900,95000,576.15,8,19,Animal Husbandry|Armory|Forge|Gilded Foundry|Ministry|Tannery|Toxicarium|War College
"Sgt/WarHammer/FullPlate [Poison, MaxInit3, GF, Seize:1st]",Sergeant,War Hammer,,Full Plate,,False,50,"GF Armor,MaxInit3,Poison,Seize: first",Random,32375,60120,8946,859,102300,0.3165,0.5877,0.9916,0.3500,8.63,16.95,-8.32,1900,95000,340.79,8,19,Animal Husbandry|Armory|Forge|Gilded Foundry|Ministry|Tannery|Toxicarium|War College
"Sgt/Bastard/Tower/FullPlate [Poison, MaxInit3, GF, Seize:1st]",Sergeant,Bastard Sword,Tower Shield,Full Plate,,False,50,"GF Armor,MaxInit3,Poison,Seize: first",Random,32699,56462,12260,879,102300,0.3196,0.5519,0.9914,0.3667,11.95,19.14,-7.19,1700,85000,384.69,10,19,Animal Husbandry|Armory|Carpentry|Forge|Gilded Foundry|Joinery|Ministry|Tannery|Toxicarium|War College
"Sgt/Crossbow/FullPlate [Poison, MaxInit3, GF, Seize:1st]",Sergeant,,,Full Plate,Crossbow,False,50,"GF Armor,MaxInit3,Poison,Seize: first",Random,32360,60224,8834,882,102300,0.3163,0.5887,0.9914,0.3495,8.64,18.88,-10.24,1700,85000,380.71,10,19,Animal Husbandry|Armory|Carpentry|Fletchery|Forge|Gilded Foundry|Ministry|Tannery|Toxicarium|War College
"Sgt/2HBastard/FullPlate [Poison, MaxInit3, MinInit+1, GF, Seize:1st]",Sergeant,2HBastard,,Full Plate,,False,50,"GF Armor,MaxInit3,MinInit+1,Poison,Seize: first",Random,70616,24365,6502,817,102300,0.6903,0.2382,0.9920,0.7435,20.38,4.26,16.12,1900,95000,743.33,8,19,Animal Husbandry|Armory|Forge|Gilded Foundry|Ministry|Ministry Mastery|Tannery|Toxicarium|War College
"Sgt/WarHammer/FullPlate [Poison, MaxInit3, MinInit+1, GF, Seize:1st]",Sergeant,War Hammer,,Full Plate,,False,50,"GF Armor,MaxInit3,MinInit+1,Poison,Seize: first",Random,49036,40245,12175,844,102300,0.4793,0.3934,0.9917,0.5492,12.97,7.18,5.78,1900,95000,516.17,8,19,Animal Husbandry|Armory|Forge|Gilded Foundry|Ministry|Ministry Mastery|Tannery|Toxicarium|War College
"Sgt/Bastard/Tower/FullPlate [Poison, MaxInit3, MinInit+1, GF, Seize:1st]",Sergeant,Bastard Sword,Tower Shield,Full Plate,,False,50,"GF Armor,MaxInit3,MinInit+1,Poison,Seize: first",Random,46581,38375,16520,824,102300,0.4553,0.3751,0.9919,0.5483,15.86,6.09,9.77,1700,85000,548.01,10,19,Animal Husbandry|Armory|Carpentry|Forge|Gilded Foundry|Joinery|Ministry|Ministry Mastery|Tannery|Toxicarium|War College
"Sgt/Crossbow/FullPlate [Poison, MaxInit3, MinInit+1, GF, Seize:1st]",Sergeant,,,Full Plate,Crossbow,False,50,"GF Armor,MaxInit3,MinInit+1,Poison,Seize: first",Random,44124,45627,11725,824,102300,0.4313,0.4460,0.9919,0.4916,11.77,8.79,2.98,1700,85000,519.11,10,19,Animal Husbandry|Armory|Carpentry|Fletchery|Forge|Gilded Foundry|Ministry|Ministry Mastery|Tannery|Toxicarium|War College
"Sgt/2HBastard/FullPlate [Poison, GF, Outr:once]",Sergeant,2HBastard,,Full Plate,,False,50,"GF Armor,Outrider: once,Poison",Random,39241,37739,15429,1641,94050,0.4172,0.4013,0.9826,0.5098,11.77,9.25,2.51,1900,95000,413.06,10,22,Animal Husbandry|Armory|Caravanery|Cipher Chamber|Forge|Gilded Foundry|Outrider Intercept Post|Tannery|Toxicarium|War College
"Sgt/WarHammer/FullPlate [Poison, GF, Outr:once]",Sergeant,War Hammer,,Full Plate,,False,50,"GF Armor,Outrider: once,Poison",Random,17347,59843,15337,1523,94050,0.1844,0.6363,0.9838,0.2247,5.58,19.89,-14.32,1900,95000,182.60,10,22,Animal Husbandry|Armory|Caravanery|Cipher Chamber|Forge|Gilded Foundry|Outrider Intercept Post|Tannery|Toxicarium|War College
"Sgt/2HBastard/FullPlate [Poison, GF, Rend]",Sergeant,2HBastard,,Full Plate,,False,50,"GF Armor,Poison,Rend",Random,56097,44152,18434,767,119450,0.4696,0.3696,0.9936,0.5596,12.71,7.10,5.61,1700,85000,659.96,8,15,Animal Husbandry|Armory|Forge|Gilded Foundry|MWRend|Tannery|Toxicarium|War College
"Sgt/WarHammer/FullPlate [Poison, GF, Rend]",Sergeant,War Hammer,,Full Plate,,False,50,"GF Armor,Poison,Rend",Random,32353,68828,17357,912,119450,0.2708,0.5762,0.9924,0.3198,7.38,18.10,-10.71,1700,85000,380.62,8,15,Animal Husbandry|Armory|Forge|Gilded Foundry|MWRend|Tannery|Toxicarium|War College
"Sgt/Bastard/Tower/FullPlate [Poison, GF, Rend]",Sergeant,Bastard Sword,Tower Shield,Full Plate,,False,50,"GF Armor,Poison,Rend",Random,32689,60117,25713,931,119450,0.2737,0.5033,0.9922,0.3522,10.23,19.34,-9.11,1500,75000,435.85,10,15,Animal Husbandry|Armory|Carpentry|Forge|Gilded Foundry|Joinery|MWRend|Tannery|Toxicarium|War College
"Sgt/Crossbow/FullPlate [Poison, GF, Rend]",Sergeant,,,Full Plate,Crossbow,False,50,"GF Armor,Poison,Rend",Random,32393,68667,17492,898,119450,0.2712,0.5749,0.9925,0.3205,7.37,19.70,-12.34,1500,75000,431.91,10,15,Animal Husbandry|Armory|Carpentry|Fletchery|Forge|Gilded Foundry|MWRend|Tannery|Toxicarium|War College
"Sgt/2HBastard/FullPlate [Poison, MaxInit3, GF, Seize:1st, Rend]",Sergeant,2HBastard,,Full Plate,,False,50,"GF Armor,MaxInit3,Poison,Rend,Seize: first",Random,55035,35600,10884,781,102300,0.5380,0.3480,0.9924,0.6072,15.11,6.16,8.95,1700,85000,647.47,9,19,Animal Husbandry|Armory|Forge|Gilded Foundry|MWRend|Ministry|Tannery|Toxicarium|War College
"Sgt/WarHammer/FullPlate [Poison, MaxInit3, GF, Seize:1st, Rend]",Sergeant,War Hammer,,Full Plate,,False,50,"GF Armor,MaxInit3,Poison,Rend,Seize: first",Random,32326,60155,8907,912,102300,0.3160,0.5880,0.9911,0.3495,8.67,16.49,-7.83,1700,85000,380.31,9,19,Animal Husbandry|Armory|Forge|Gilded Foundry|MWRend|Ministry|Tannery|Toxicarium|War College
"Sgt/2HBastard/FullPlate [Poison, MaxInit3, MinInit+1, GF, Seize:1st, Rend]",Sergeant,2HBastard,,Full Plate,,False,50,"GF Armor,MaxInit3,MinInit+1,Poison,Rend,Seize: first",Random,72617,20373,8582,728,102300,0.7098,0.1991,0.9929,0.7809,21.11,2.87,18.24,1700,85000,854.32,9,19,Animal Husbandry|Armory|Forge|Gilded Foundry|MWRend|Ministry|Ministry Mastery|Tannery|Toxicarium|War College
"Sgt/WarHammer/FullPlate [Poison, MaxInit3, MinInit+1, GF, Seize:1st, Rend]",Sergeant,War Hammer,,Full Plate,,False,50,"GF Armor,MaxInit3,MinInit+1,Poison,Rend,Seize: first",Random,49042,40049,12361,848,102300,0.4794,0.3915,0.9917,0.5505,13.04,6.11,6.93,1700,85000,576.96,9,19,Animal Husbandry|Armory|Forge|Gilded Foundry|MWRend|Ministry|Ministry Mastery|Tannery|Toxicarium|War College
"Sgt/2HBastard/Chain [ApoHeal, Regen 5, Reroll]",Sergeant,2HBastard,,Chainmail,,False,50,"Apothecary Heal,Regenerate 5,Regenerate Reroll",Random,75513,24052,19093,792,119450,0.6322,0.2014,0.9934,0.7584,21.72,3.41,18.31,2100,105000,719.17,7,18,Animal Husbandry|Apothecary|Armory|Forge|Hospitaller|Infirmary|Tannery|War College
"Sgt/WarHammer/Chain [ApoHeal, Regen 5, Reroll]",Sergeant,War Hammer,,Chainmail,,False,50,"Apothecary Heal,Regenerate 5,Regenerate Reroll",Random,54667,35119,28720,944,119450,0.4577,0.2940,0.9921,0.6089,14.53,4.67,9.86,2100,105000,520.64,7,18,Animal Husbandry|Apothecary|Armory|Forge|Hospitaller|Infirmary|Tannery|War College
"Sgt/Crossbow/Chain [ApoHeal, Regen 5, Reroll]",Sergeant,,,Chainmail,Crossbow,False,50,"Apothecary Heal,Regenerate 5,Regenerate Reroll",Random,47680,41687,29241,842,119450,0.3992,0.3490,0.9930,0.5335,12.77,6.24,6.54,1900,95000,501.89,9,18,Animal Husbandry|Apothecary|Armory|Carpentry|Fletchery|Forge|Hospitaller|Infirmary|Tannery|War College
"Sgt/Lance/Scutum/Chain [ApoHeal, Regen 5, Reroll]",Sergeant,Lance,Scutum Shield,Chainmail,,False,50,"Apothecary Heal,Regenerate 5,Regenerate Reroll",Random,66716,27754,24184,796,119450,0.5585,0.2323,0.9933,0.7062,20.73,3.46,17.27,1900,95000,702.27,9,18,Animal Husbandry|Apothecary|Armory|Carpentry|Forge|Hospitaller|Infirmary|Joinery|Stable|Tannery|War College
"Sgt/Lance3/Scutum/Chain [ApoHeal, Regen 5, Reroll]",Sergeant,Lance3,Scutum Shield,Chainmail,,False,50,"Apothecary Heal,Regenerate 5,Regenerate Reroll",Random,66523,27791,24335,801,119450,0.5569,0.2327,0.9933,0.7053,20.68,3.48,17.20,1900,95000,700.24,9,18,Animal Husbandry|Apothecary|Armory|Carpentry|Forge|Hospitaller|Infirmary|Joinery|Stable|Tannery|War College
"Sgt/Cavalry Spear/Scutum/Chain [ApoHeal, Regen 5, Reroll]",Sergeant,Cavalry Spear,Scutum Shield,Chainmail,,False,50,"Apothecary Heal,Regenerate 5,Regenerate Reroll",Random,51207,40225,27170,848,119450,0.4287,0.3368,0.9929,0.5601,15.93,6.71,9.22,1900,95000,539.02,9,18,Animal Husbandry|Apothecary|Armory|Carpentry|Forge|Hospitaller|Infirmary|Joinery|Stable|Tannery|War College
"Sgt/2HBastard/Chain [MaxInit3, ApoHeal, Seize:1st, Regen 5, Reroll]",Sergeant,2HBastard,,Chainmail,,False,50,"Apothecary Heal,MaxInit3,Regenerate 5,Regenerate Reroll,Seize: first",Random,66481,23596,11439,784,102300,0.6499,0.2307,0.9923,0.7380,22.89,3.89,19.01,2100,105000,633.15,8,22,Animal Husbandry|Apothecary|Armory|Forge|Hospitaller|Infirmary|Ministry|Tannery|War College
"Sgt/WarHammer/Chain [MaxInit3, ApoHeal, Seize:1st, Regen 5, Reroll]",Sergeant,War Hammer,,Chainmail,,False,50,"Apothecary Heal,MaxInit3,Regenerate 5,Regenerate Reroll,Seize: first",Random,53983,30774,16646,897,102300,0.5277,0.3008,0.9912,0.6369,17.03,4.65,12.38,2100,105000,514.12,8,22,Animal Husbandry|Apothecary|Armory|Forge|Hospitaller|Infirmary|Ministry|Tannery|War College
"Sgt/Crossbow/Chain [MaxInit3, ApoHeal, Seize:1st, Regen 5, Reroll]",Sergeant,,,Chainmail,Crossbow,False,50,"Apothecary Heal,MaxInit3,Regenerate 5,Regenerate Reroll,Seize: first",Random,47054,37874,16494,878,102300,0.4600,0.3702,0.9914,0.5540,14.99,6.41,8.58,1900,95000,495.31,10,22,Animal Husbandry|Apothecary|Armory|Carpentry|Fletchery|Forge|Hospitaller|Infirmary|Ministry|Tannery|War College
"Sgt/Lance/Scutum/Chain [MaxInit3, ApoHeal, Seize:1st, Regen 5, Reroll]",Sergeant,Lance,Scutum Shield,Chainmail,,False,50,"Apothecary Heal,MaxInit3,Regenerate 5,Regenerate Reroll,Seize: first",Random,59384,27435,14715,766,102300,0.5805,0.2682,0.9925,0.6840,22.06,4.01,18.04,1900,95000,625.09,10,22,Animal Husbandry|Apothecary|Armory|Carpentry|Forge|Hospitaller|Infirmary|Joinery|Ministry|Stable|Tannery|War College
"Sgt/Lance3/Scutum/Chain [MaxInit3, ApoHeal, Seize:1st, Regen 5, Reroll]",Sergeant,Lance3,Scutum Shield,Chainmail,,False,50,"Apothecary Heal,MaxInit3,Regenerate 5,Regenerate Reroll,Seize: first",Random,59418,27354,14681,847,102300,0.5808,0.2674,0.9917,0.6848,22.09,4.03,18.06,1900,95000,625.45,10,22,Animal Husbandry|Apothecary|Armory|Carpentry|Forge|Hospitaller|Infirmary|Joinery|Ministry|Stable|Tannery|War College
"Sgt/Cavalry Spear/Scutum/Chain [MaxInit3, ApoHeal, Seize:1st, Regen 5, Reroll]",Sergeant,Cavalry Spear,Scutum Shield,Chainmail,,False,50,"Apothecary Heal,MaxInit3,Regenerate 5,Regenerate Reroll,Seize: first",Random,47518,39137,14828,817,102300,0.4645,0.3826,0.9920,0.5484,17.61,7.69,9.92,1900,95000,500.19,10,22,Animal Husbandry|Apothecary|Armory|Carpentry|Forge|Hospitaller|Infirmary|Joinery|Ministry|Stable|Tannery|War College
"Sgt/2HBastard/Chain [MaxInit3, ApoHeal, MinInit+1, Seize:1st, Regen 5, Reroll]",Sergeant,2HBastard,,Chainmail,,False,50,"Apothecary Heal,MaxInit3,MinInit+1,Regenerate 5,Regenerate Reroll,Seize: first",Random,66580,23218,11712,790,102300,0.6508,0.2270,0.9923,0.7414,23.61,3.78,19.83,2100,105000,634.10,8,22,Animal Husbandry|Apothecary|Armory|Forge|Hospitaller|Infirmary|Ministry|Ministry Mastery|Tannery|War College
"Sgt/WarHammer/Chain [MaxInit3, ApoHeal, MinInit+1, Seize:1st, Regen 5, Reroll]",Sergeant,War Hammer,,Chainmail,,False,50,"Apothecary Heal,MaxInit3,MinInit+1,Regenerate 5,Regenerate Reroll,Seize: first",Random,80660,14862,5983,795,102300,0.7885,0.1453,0.9922,0.8444,26.54,2.41,24.13,2100,105000,768.19,8,22,Animal Husbandry|Apothecary|Armory|Forge|Hospitaller|Infirmary|Ministry|Ministry Mastery|Tannery|War College
"Sgt/Crossbow/Chain [MaxInit3, ApoHeal, MinInit+1, Seize:1st, Regen 5, Reroll]",Sergeant,,,Chainmail,Crossbow,False,50,"Apothecary Heal,MaxInit3,MinInit+1,Regenerate 5,Regenerate Reroll,Seize: first",Random,69807,21391,10307,795,102300,0.6824,0.2091,0.9922,0.7654,22.78,3.17,19.61,1900,95000,734.81,10,22,Animal Husbandry|Apothecary|Armory|Carpentry|Fletchery|Forge|Hospitaller|Infirmary|Ministry|Ministry Mastery|Tannery|War College
"Sgt/Lance/Scutum/Chain [MaxInit3, ApoHeal, MinInit+1, Seize:1st, Regen 5, Reroll]",Sergeant,Lance,Scutum Shield,Chainmail,,False,50,"Apothecary Heal,MaxInit3,MinInit+1,Regenerate 5,Regenerate Reroll,Seize: first",Random,59258,27359,14822,861,102300,0.5793,0.2674,0.9916,0.6841,22.46,4.00,18.45,1900,95000,623.77,10,22,Animal Husbandry|Apothecary|Armory|Carpentry|Forge|Hospitaller|Infirmary|Joinery|Ministry|Ministry Mastery|Stable|Tannery|War College
"Sgt/Lance3/Scutum/Chain [MaxInit3, ApoHeal, MinInit+1, Seize:1st, Regen 5, Reroll]",Sergeant,Lance3,Scutum Shield,Chainmail,,False,50,"Apothecary Heal,MaxInit3,MinInit+1,Regenerate 5,Regenerate Reroll,Seize: first",Random,59446,27274,14754,826,102300,0.5811,0.2666,0.9919,0.6855,22.50,4.00,18.50,1900,95000,625.75,10,22,Animal Husbandry|Apothecary|Armory|Carpentry|Forge|Hospitaller|Infirmary|Joinery|Ministry|Ministry Mastery|Stable|Tannery|War College
"Sgt/Cavalry Spear/Scutum/Chain [MaxInit3, ApoHeal, MinInit+1, Seize:1st, Regen 5, Reroll]",Sergeant,Cavalry Spear,Scutum Shield,Chainmail,,False,50,"Apothecary Heal,MaxInit3,MinInit+1,Regenerate 5,Regenerate Reroll,Seize: first",Random,47470,39025,14992,813,102300,0.4640,0.3815,0.9921,0.5488,17.83,7.64,10.18,1900,95000,499.68,10,22,Animal Husbandry|Apothecary|Armory|Carpentry|Forge|Hospitaller|Infirmary|Joinery|Ministry|Ministry Mastery|Stable|Tannery|War College
"Sgt/2HBastard/Chain [ApoHeal, Regen 5, Reroll, Rend]",Sergeant,2HBastard,,Chainmail,,False,50,"Apothecary Heal,Regenerate 5,Regenerate Reroll,Rend",Random,78866,19642,20200,742,119450,0.6602,0.1644,0.9938,0.8006,22.67,2.46,20.21,1900,95000,830.17,8,18,Animal Husbandry|Apothecary|Armory|Forge|Hospitaller|Infirmary|MWRend|Tannery|War College
"Sgt/WarHammer/Chain [ApoHeal, Regen 5, Reroll, Rend]",Sergeant,War Hammer,,Chainmail,,False,50,"Apothecary Heal,Regenerate 5,Regenerate Reroll,Rend",Random,54712,35195,28613,930,119450,0.4580,0.2946,0.9922,0.6085,14.57,3.80,10.77,1900,95000,575.92,8,18,Animal Husbandry|Apothecary|Armory|Forge|Hospitaller|Infirmary|MWRend|Tannery|War College
"Sgt/Crossbow/Chain [ApoHeal, Regen 5, Reroll, Rend]",Sergeant,,,Chainmail,Crossbow,False,50,"Apothecary Heal,Regenerate 5,Regenerate Reroll,Rend",Random,47608,41615,29367,860,119450,0.3986,0.3484,0.9928,0.5336,12.82,5.40,7.42,1700,85000,560.09,10,18,Animal Husbandry|Apothecary|Armory|Carpentry|Fletchery|Forge|Hospitaller|Infirmary|MWRend|Tannery|War College
"Sgt/Lance/Scutum/Chain [ApoHeal, Regen 5, Reroll, Rend]",Sergeant,Lance,Scutum Shield,Chainmail,,False,50,"Apothecary Heal,Regenerate 5,Regenerate Reroll,Rend",Random,66717,26720,25112,901,119450,0.5585,0.2237,0.9925,0.7140,20.81,2.58,18.24,1700,85000,784.91,10,18,Animal Husbandry|Apothecary|Armory|Carpentry|Forge|Hospitaller|Infirmary|Joinery|MWRend|Stable|Tannery|War College
"Sgt/Lance3/Scutum/Chain [ApoHeal, Regen 5, Reroll, Rend]",Sergeant,Lance3,Scutum Shield,Chainmail,,False,50,"Apothecary Heal,Regenerate 5,Regenerate Reroll,Rend",Random,66864,26591,25134,861,119450,0.5598,0.2226,0.9928,0.7155,20.83,2.56,18.27,1700,85000,786.64,10,18,Animal Husbandry|Apothecary|Armory|Carpentry|Forge|Hospitaller|Infirmary|Joinery|MWRend|Stable|Tannery|War College
"Sgt/Cavalry Spear/Scutum/Chain [ApoHeal, Regen 5, Reroll, Rend]",Sergeant,Cavalry Spear,Scutum Shield,Chainmail,,False,50,"Apothecary Heal,Regenerate 5,Regenerate Reroll,Rend",Random,51301,39962,27326,861,119450,0.4295,0.3346,0.9928,0.5621,15.99,5.96,10.03,1700,85000,603.54,10,18,Animal Husbandry|Apothecary|Armory|Carpentry|Forge|Hospitaller|Infirmary|Joinery|MWRend|Stable|Tannery|War College
"Sgt/2HBastard/Chain [MaxInit3, ApoHeal, Seize:1st, Rend, Regen 5, Reroll]",Sergeant,2HBastard,,Chainmail,,False,50,"Apothecary Heal,MaxInit3,Regenerate 5,Regenerate Reroll,Rend,Seize: first",Random,68966,19178,13430,726,102300,0.6742,0.1875,0.9929,0.7824,23.79,2.80,21.00,1900,95000,725.96,9,22,Animal Husbandry|Apothecary|Armory|Forge|Hospitaller|Infirmary|MWRend|Ministry|Tannery|War College
"Sgt/WarHammer/Chain [MaxInit3, ApoHeal, Seize:1st, Rend, Regen 5, Reroll]",Sergeant,War Hammer,,Chainmail,,False,50,"Apothecary Heal,MaxInit3,Regenerate 5,Regenerate Reroll,Rend,Seize: first",Random,54211,30169,17085,835,102300,0.5299,0.2949,0.9918,0.6425,17.13,3.53,13.60,1900,95000,570.64,9,22,Animal Husbandry|Apothecary|Armory|Forge|Hospitaller|Infirmary|MWRend|Ministry|Tannery|War College
"Sgt/2HBastard/Chain [MaxInit3, ApoHeal, MinInit+1, Seize:1st, Rend, Regen 5, Reroll]",Sergeant,2HBastard,,Chainmail,,False,50,"Apothecary Heal,MaxInit3,MinInit+1,Regenerate 5,Regenerate Reroll,Rend,Seize: first",Random,69189,18776,13590,745,102300,0.6763,0.1835,0.9927,0.7866,24.64,2.72,21.92,1900,95000,728.31,9,22,Animal Husbandry|Apothecary|Armory|Forge|Hospitaller|Infirmary|MWRend|Ministry|Ministry Mastery|Tannery|War College
"Sgt/WarHammer/Chain [MaxInit3, ApoHeal, MinInit+1, Seize:1st, Rend, Regen 5, Reroll]",Sergeant,War Hammer,,Chainmail,,False,50,"Apothecary Heal,MaxInit3,MinInit+1,Regenerate 5,Regenerate Reroll,Rend,Seize: first",Random,81097,12387,8075,741,102300,0.7927,0.1211,0.9928,0.8675,26.82,1.15,25.67,1900,95000,853.65,9,22,Animal Husbandry|Apothecary|Armory|Forge|Hospitaller|Infirmary|MWRend|Ministry|Ministry Mastery|Tannery|War College
"Sgt/2HBastard/FullPlate [ApoHeal, GF, Regen 5, Reroll]",Sergeant,2HBastard,,Full Plate,,False,50,"Apothecary Heal,GF Armor,Regenerate 5,Regenerate Reroll",Random,56732,35104,26747,867,119450,0.4749,0.2939,0.9927,0.6178,16.83,5.50,11.33,1900,95000,597.18,7,18,Animal Husbandry|Apothecary|Armory|Forge|Gilded Foundry|Hospitaller|Infirmary|Tannery|War College
"Sgt/WarHammer/FullPlate [ApoHeal, GF, Regen 5, Reroll]",Sergeant,War Hammer,,Full Plate,,False,50,"Apothecary Heal,GF Armor,Regenerate 5,Regenerate Reroll",Random,32691,57917,27894,948,119450,0.2737,0.4849,0.9921,0.3608,9.76,12.84,-3.08,1900,95000,344.12,7,18,Animal Husbandry|Apothecary|Armory|Forge|Gilded Foundry|Hospitaller|Infirmary|Tannery|War College
"Sgt/Bastard/Tower/FullPlate [ApoHeal, GF, Regen 5, Reroll]",Sergeant,Bastard Sword,Tower Shield,Full Plate,,False,50,"Apothecary Heal,GF Armor,Regenerate 5,Regenerate Reroll",Random,32715,57864,27968,903,119450,0.2739,0.4844,0.9924,0.3612,11.34,18.51,-7.18,1700,85000,384.88,9,18,Animal Husbandry|Apothecary|Armory|Carpentry|Forge|Gilded Foundry|Hospitaller|Infirmary|Joinery|Tannery|War College
"Sgt/Crossbow/FullPlate [ApoHeal, GF, Regen 5, Reroll]",Sergeant,,,Full Plate,Crossbow,False,50,"Apothecary Heal,GF Armor,Regenerate 5,Regenerate Reroll",Random,32705,57938,27903,904,119450,0.2738,0.4850,0.9924,0.3608,9.73,14.63,-4.90,1700,85000,384.76,9,18,Animal Husbandry|Apothecary|Armory|Carpentry|Fletchery|Forge|Gilded Foundry|Hospitaller|Infirmary|Tannery|War College
"Sgt/Crossbow/Tower/FullPlate [ApoHeal, GF, Regen 5, Reroll]",Sergeant,,Tower Shield,Full Plate,Crossbow,False,50,"Apothecary Heal,GF Armor,Regenerate 5,Regenerate Reroll",Random,32732,57835,27979,904,119450,0.2740,0.4842,0.9924,0.3614,11.34,20.12,-8.78,1500,75000,436.43,10,18,Animal Husbandry|Apothecary|Armory|Carpentry|Fletchery|Forge|Gilded Foundry|Hospitaller|Infirmary|Joinery|Tannery|War College
"Sgt/2HBastard/FullPlate [MaxInit3, ApoHeal, GF, Seize:1st, Regen 5, Reroll]",Sergeant,2HBastard,,Full Plate,,False,50,"Apothecary Heal,GF Armor,MaxInit3,Regenerate 5,Regenerate Reroll,Seize: first",Random,53741,32987,14759,813,102300,0.5253,0.3225,0.9921,0.6196,19.08,5.97,13.11,1900,95000,565.69,8,22,Animal Husbandry|Apothecary|Armory|Forge|Gilded Foundry|Hospitaller|Infirmary|Ministry|Tannery|War College
"Sgt/WarHammer/FullPlate [MaxInit3, ApoHeal, GF, Seize:1st, Regen 5, Reroll]",Sergeant,War Hammer,,Full Plate,,False,50,"Apothecary Heal,GF Armor,MaxInit3,Regenerate 5,Regenerate Reroll,Seize: first",Random,32717,55954,12771,858,102300,0.3198,0.5470,0.9916,0.3690,11.39,13.25,-1.86,1900,95000,344.39,8,22,Animal Husbandry|Apothecary|Armory|Forge|Gilded Foundry|Hospitaller|Infirmary|Ministry|Tannery|War College
"Sgt/Bastard/Tower/FullPlate [MaxInit3, ApoHeal, GF, Seize:1st, Regen 5, Reroll]",Sergeant,Bastard Sword,Tower Shield,Full Plate,,False,50,"Apothecary Heal,GF Armor,MaxInit3,Regenerate 5,Regenerate Reroll,Seize: first",Random,32720,55915,12799,866,102300,0.3198,0.5466,0.9915,0.3692,13.23,18.94,-5.71,1700,85000,384.94,10,22,Animal Husbandry|Apothecary|Armory|Carpentry|Forge|Gilded Foundry|Hospitaller|Infirmary|Joinery|Ministry|Tannery|War College
"Sgt/Crossbow/FullPlate [MaxInit3, ApoHeal, GF, Seize:1st, Regen 5, Reroll]",Sergeant,,,Full Plate,Crossbow,False,50,"Apothecary Heal,GF Armor,MaxInit3,Regenerate 5,Regenerate Reroll,Seize: first",Random,32622,55951,12764,963,102300,0.3189,0.5469,0.9906,0.3683,11.41,15.48,-4.08,1700,85000,383.79,10,22,Animal Husbandry|Apothecary|Armory|Carpentry|Fletchery|Forge|Gilded Foundry|Hospitaller|Infirmary|Ministry|Tannery|War College
"Sgt/2HBastard/FullPlate [MaxInit3, ApoHeal, MinInit+1, GF, Seize:1st, Regen 5, Reroll]",Sergeant,2HBastard,,Full Plate,,False,50,"Apothecary Heal,GF Armor,MaxInit3,MinInit+1,Regenerate 5,Regenerate Reroll,Seize: first",Random,66738,22882,11911,769,102300,0.6524,0.2237,0.9925,0.7447,24.73,3.63,21.10,1900,95000,702.51,8,22,Animal Husbandry|Apothecary|Armory|Forge|Gilded Foundry|Hospitaller|Infirmary|Ministry|Ministry Mastery|Tannery|War College
"Sgt/WarHammer/FullPlate [MaxInit3, ApoHeal, MinInit+1, GF, Seize:1st, Regen 5, Reroll]",Sergeant,War Hammer,,Full Plate,,False,50,"Apothecary Heal,GF Armor,MaxInit3,MinInit+1,Regenerate 5,Regenerate Reroll,Seize: first",Random,54703,29333,17365,899,102300,0.5347,0.2867,0.9912,0.6509,18.86,4.24,14.62,1900,95000,575.82,8,22,Animal Husbandry|Apothecary|Armory|Forge|Gilded Foundry|Hospitaller|Infirmary|Ministry|Ministry Mastery|Tannery|War College
"Sgt/Bastard/Tower/FullPlate [MaxInit3, ApoHeal, MinInit+1, GF, Seize:1st, Regen 5, Reroll]",Sergeant,Bastard Sword,Tower Shield,Full Plate,,False,50,"Apothecary Heal,GF Armor,MaxInit3,MinInit+1,Regenerate 5,Regenerate Reroll,Seize: first",Random,43826,40269,17354,851,102300,0.4284,0.3936,0.9917,0.5211,17.20,6.39,10.81,1700,85000,515.60,10,22,Animal Husbandry|Apothecary|Armory|Carpentry|Forge|Gilded Foundry|Hospitaller|Infirmary|Joinery|Ministry|Ministry Mastery|Tannery|War College
"Sgt/Crossbow/FullPlate [MaxInit3, ApoHeal, MinInit+1, GF, Seize:1st, Regen 5, Reroll]",Sergeant,,,Full Plate,Crossbow,False,50,"Apothecary Heal,GF Armor,MaxInit3,MinInit+1,Regenerate 5,Regenerate Reroll,Seize: first",Random,47750,36630,17093,827,102300,0.4668,0.3581,0.9919,0.5659,16.58,5.95,10.62,1700,85000,561.76,10,22,Animal Husbandry|Apothecary|Armory|Carpentry|Fletchery|Forge|Gilded Foundry|Hospitaller|Infirmary|Ministry|Ministry Mastery|Tannery|War College
"Sgt/2HBastard/FullPlate [ApoHeal, GF, Rend, Regen 5, Reroll]",Sergeant,2HBastard,,Full Plate,,False,50,"Apothecary Heal,GF Armor,Regenerate 5,Regenerate Reroll,Rend",Random,57273,33614,27757,806,119450,0.4795,0.2814,0.9933,0.6302,17.04,4.69,12.35,1700,85000,673.80,8,18,Animal Husbandry|Apothecary|Armory|Forge|Gilded Foundry|Hospitaller|Infirmary|MWRend|Tannery|War College
"Sgt/WarHammer/FullPlate [ApoHeal, GF, Rend, Regen 5, Reroll]",Sergeant,War Hammer,,Full Plate,,False,50,"Apothecary Heal,GF Armor,Regenerate 5,Regenerate Reroll,Rend",Random,32670,57944,27889,947,119450,0.2735,0.4851,0.9921,0.3605,9.76,12.40,-2.64,1700,85000,384.35,8,18,Animal Husbandry|Apothecary|Armory|Forge|Gilded Foundry|Hospitaller|Infirmary|MWRend|Tannery|War College
"Sgt/Bastard/Tower/FullPlate [ApoHeal, GF, Rend, Regen 5, Reroll]",Sergeant,Bastard Sword,Tower Shield,Full Plate,,False,50,"Apothecary Heal,GF Armor,Regenerate 5,Regenerate Reroll,Rend",Random,32696,57870,27997,887,119450,0.2737,0.4845,0.9926,0.3610,11.32,18.37,-7.05,1500,75000,435.95,10,18,Animal Husbandry|Apothecary|Armory|Carpentry|Forge|Gilded Foundry|Hospitaller|Infirmary|Joinery|MWRend|Tannery|War College
"Sgt/Crossbow/FullPlate [ApoHeal, GF, Rend, Regen 5, Reroll]",Sergeant,,,Full Plate,Crossbow,False,50,"Apothecary Heal,GF Armor,Regenerate 5,Regenerate Reroll,Rend",Random,32678,57935,27884,953,119450,0.2736,0.4850,0.9920,0.3606,9.75,14.34,-4.59,1500,75000,435.71,10,18,Animal Husbandry|Apothecary|Armory|Carpentry|Fletchery|Forge|Gilded Foundry|Hospitaller|Infirmary|MWRend|Tannery|War College
"Sgt/2HBastard/FullPlate [MaxInit3, ApoHeal, GF, Seize:1st, Rend, Regen 5, Reroll]",Sergeant,2HBastard,,Full Plate,,False,50,"Apothecary Heal,GF Armor,MaxInit3,Regenerate 5,Regenerate Reroll,Rend,Seize: first",Random,54246,31400,15888,766,102300,0.5303,0.3069,0.9925,0.6334,19.35,4.97,14.38,1700,85000,638.19,9,22,Animal Husbandry|Apothecary|Armory|Forge|Gilded Foundry|Hospitaller|Infirmary|MWRend|Ministry|Tannery|War College
"Sgt/WarHammer/FullPlate [MaxInit3, ApoHeal, GF, Seize:1st, Rend, Regen 5, Reroll]",Sergeant,War Hammer,,Full Plate,,False,50,"Apothecary Heal,GF Armor,MaxInit3,Regenerate 5,Regenerate Reroll,Rend,Seize: first",Random,32683,55948,12757,912,102300,0.3195,0.5469,0.9911,0.3688,11.41,12.70,-1.29,1700,85000,384.51,9,22,Animal Husbandry|Apothecary|Armory|Forge|Gilded Foundry|Hospitaller|Infirmary|MWRend|Ministry|Tannery|War College
"Sgt/2HBastard/FullPlate [MaxInit3, ApoHeal, MinInit+1, GF, Seize:1st, Rend, Regen 5, Reroll]",Sergeant,2HBastard,,Full Plate,,False,50,"Apothecary Heal,GF Armor,MaxInit3,MinInit+1,Regenerate 5,Regenerate Reroll,Rend,Seize: first",Random,69229,18257,14044,770,102300,0.6767,0.1785,0.9925,0.7913,25.67,2.64,23.03,1700,85000,814.46,9,22,Animal Husbandry|Apothecary|Armory|Forge|Gilded Foundry|Hospitaller|Infirmary|MWRend|Ministry|Ministry Mastery|Tannery|War College
"Sgt/WarHammer/FullPlate [MaxInit3, ApoHeal, MinInit+1, GF, Seize:1st, Rend, Regen 5, Reroll]",Sergeant,War Hammer,,Full Plate,,False,50,"Apothecary Heal,GF Armor,MaxInit3,MinInit+1,Regenerate 5,Regenerate Reroll,Rend,Seize: first",Random,54673,28952,17796,879,102300,0.5344,0.2830,0.9914,0.6538,18.89,3.21,15.68,1700,85000,643.21,9,22,Animal Husbandry|Apothecary|Armory|Forge|Gilded Foundry|Hospitaller|Infirmary|MWRend|Ministry|Ministry Mastery|Tannery|War College
"Sgt/2HBastard/Chain [ApoHeal, Poison, Regen 5, Reroll]",Sergeant,2HBastard,,Chainmail,,False,50,"Apothecary Heal,Poison,Regenerate 5,Regenerate Reroll",Random,84820,19648,14213,769,119450,0.7101,0.1645,0.9936,0.8119,24.75,2.42,22.33,2100,105000,807.81,9,21,Animal Husbandry|Apothecary|Armory|Forge|Hospitaller|Infirmary|Tannery|Toxicarium|War College
"Sgt/WarHammer/Chain [ApoHeal, Poison, Regen 5, Reroll]",Sergeant,War Hammer,,Chainmail,,False,50,"Apothecary Heal,Poison,Regenerate 5,Regenerate Reroll",Random,54707,35386,28446,911,119450,0.4580,0.2962,0.9924,0.6072,14.52,4.69,9.83,2100,105000,521.02,9,21,Animal Husbandry|Apothecary|Armory|Forge|Hospitaller|Infirmary|Tannery|Toxicarium|War College
"Sgt/2HBastard/Chain [Poison, MaxInit3, ApoHeal, Seize:1st, Regen 5, Reroll]",Sergeant,2HBastard,,Chainmail,,False,50,"Apothecary Heal,MaxInit3,Poison,Regenerate 5,Regenerate Reroll,Seize: first",Random,73951,19268,8300,781,102300,0.7229,0.1883,0.9924,0.7933,25.78,2.76,23.02,2100,105000,704.30,10,25,Animal Husbandry|Apothecary|Armory|Forge|Hospitaller|Infirmary|Ministry|Tannery|Toxicarium|War College
"Sgt/WarHammer/Chain [Poison, MaxInit3, ApoHeal, Seize:1st, Regen 5, Reroll]",Sergeant,War Hammer,,Chainmail,,False,50,"Apothecary Heal,MaxInit3,Poison,Regenerate 5,Regenerate Reroll,Seize: first",Random,54165,30614,16671,850,102300,0.5295,0.2993,0.9917,0.6389,17.06,4.61,12.45,2100,105000,515.86,10,25,Animal Husbandry|Apothecary|Armory|Forge|Hospitaller|Infirmary|Ministry|Tannery|Toxicarium|War College
"Sgt/2HBastard/Chain [Poison, MaxInit3, ApoHeal, MinInit+1, Seize:1st, Regen 5, Reroll]",Sergeant,2HBastard,,Chainmail,,False,50,"Apothecary Heal,MaxInit3,MinInit+1,Poison,Regenerate 5,Regenerate Reroll,Seize: first",Random,74286,19093,8221,700,102300,0.7262,0.1866,0.9932,0.7955,26.76,2.63,24.13,2100,105000,707.49,10,25,Animal Husbandry|Apothecary|Armory|Forge|Hospitaller|Infirmary|Ministry|Ministry Mastery|Tannery|Toxicarium|War College
"Sgt/WarHammer/Chain [Poison, MaxInit3, ApoHeal, MinInit+1, Seize:1st, Regen 5, Reroll]",Sergeant,War Hammer,,Chainmail,,False,50,"Apothecary Heal,MaxInit3,MinInit+1,Poison,Regenerate 5,Regenerate Reroll,Seize: first",Random,80615,14906,5956,823,102300,0.7880,0.1457,0.9920,0.8440,26.58,2.43,24.15,2100,105000,767.76,10,25,Animal Husbandry|Apothecary|Armory|Forge|Hospitaller|Infirmary|Ministry|Ministry Mastery|Tannery|Toxicarium|War College
"Sgt/2HBastard/Chain [Poison, ApoHeal, Rend, Regen 5, Reroll]",Sergeant,2HBastard,,Chainmail,,False,50,"Apothecary Heal,Poison,Regenerate 5,Regenerate Reroll,Rend",Random,89778,13588,15304,780,119450,0.7516,0.1138,0.9935,0.8685,26.05,1.46,24.59,1900,95000,945.03,10,21,Animal Husbandry|Apothecary|Armory|Forge|Hospitaller|Infirmary|MWRend|Tannery|Toxicarium|War College
"Sgt/WarHammer/Chain [Poison, ApoHeal, Rend, Regen 5, Reroll]",Sergeant,War Hammer,,Chainmail,,False,50,"Apothecary Heal,Poison,Regenerate 5,Regenerate Reroll,Rend",Random,54627,35191,28702,930,119450,0.4573,0.2946,0.9922,0.6082,14.56,3.80,10.75,1900,95000,575.02,10,21,Animal Husbandry|Apothecary|Armory|Forge|Hospitaller|Infirmary|MWRend|Tannery|Toxicarium|War College
"Sgt/2HBastard/FullPlate [Poison, ApoHeal, GF, Regen 5, Reroll]",Sergeant,2HBastard,,Full Plate,,False,50,"Apothecary Heal,GF Armor,Poison,Regenerate 5,Regenerate Reroll",Random,64210,29228,25152,860,119450,0.5375,0.2447,0.9928,0.6872,19.05,4.32,14.73,1900,95000,675.89,9,21,Animal Husbandry|Apothecary|Armory|Forge|Gilded Foundry|Hospitaller|Infirmary|Tannery|Toxicarium|War College
"Sgt/WarHammer/FullPlate [Poison, ApoHeal, GF, Regen 5, Reroll]",Sergeant,War Hammer,,Full Plate,,False,50,"Apothecary Heal,GF Armor,Poison,Regenerate 5,Regenerate Reroll",Random,32677,57963,27870,940,119450,0.2736,0.4852,0.9921,0.3605,9.76,12.86,-3.10,1900,95000,343.97,9,21,Animal Husbandry|Apothecary|Armory|Forge|Gilded Foundry|Hospitaller|Infirmary|Tannery|Toxicarium|War College
"Sgt/2HBastard/FullPlate [Poison, MaxInit3, ApoHeal, GF, Seize:1st, Regen 5, Reroll]",Sergeant,2HBastard,,Full Plate,,False,50,"Apothecary Heal,GF Armor,MaxInit3,Poison,Regenerate 5,Regenerate Reroll,Seize: first",Random,60446,27304,13805,745,102300,0.5909,0.2669,0.9927,0.6888,21.47,4.57,16.90,1900,95000,636.27,10,25,Animal Husbandry|Apothecary|Armory|Forge|Gilded Foundry|Hospitaller|Infirmary|Ministry|Tannery|Toxicarium|War College
"Sgt/WarHammer/FullPlate [Poison, MaxInit3, ApoHeal, GF, Seize:1st, Regen 5, Reroll]",Sergeant,War Hammer,,Full Plate,,False,50,"Apothecary Heal,GF Armor,MaxInit3,Poison,Regenerate 5,Regenerate Reroll,Seize: first",Random,32705,55951,12765,879,102300,0.3197,0.5469,0.9914,0.3689,11.40,13.27,-1.88,1900,95000,344.26,10,25,Animal Husbandry|Apothecary|Armory|Forge|Gilded Foundry|Hospitaller|Infirmary|Ministry|Tannery|Toxicarium|War College
"Sgt/2HBastard/FullPlate [Poison, MaxInit3, ApoHeal, MinInit+1, GF, Seize:1st, Regen 5, Reroll]",Sergeant,2HBastard,,Full Plate,,False,50,"Apothecary Heal,GF Armor,MaxInit3,MinInit+1,Poison,Regenerate 5,Regenerate Reroll,Seize: first",Random,74181,18704,8628,787,102300,0.7251,0.1828,0.9923,0.7986,27.75,2.54,25.21,1900,95000,780.85,10,25,Animal Husbandry|Apothecary|Armory|Forge|Gilded Foundry|Hospitaller|Infirmary|Ministry|Ministry Mastery|Tannery|Toxicarium|War College
"Sgt/WarHammer/FullPlate [Poison, MaxInit3, ApoHeal, MinInit+1, GF, Seize:1st, Regen 5, Reroll]",Sergeant,War Hammer,,Full Plate,,False,50,"Apothecary Heal,GF Armor,MaxInit3,MinInit+1,Poison,Regenerate 5,Regenerate Reroll,Seize: first",Random,54693,29346,17356,905,102300,0.5346,0.2869,0.9912,0.6508,18.88,4.26,14.62,1900,95000,575.72,10,25,Animal Husbandry|Apothecary|Armory|Forge|Gilded Foundry|Hospitaller|Infirmary|Ministry|Ministry Mastery|Tannery|Toxicarium|War College
"Sgt/2HBastard/FullPlate [Poison, ApoHeal, GF, Rend, Regen 5, Reroll]",Sergeant,2HBastard,,Full Plate,,False,50,"Apothecary Heal,GF Armor,Poison,Regenerate 5,Regenerate Reroll,Rend",Random,65224,27309,26104,813,119450,0.5460,0.2286,0.9932,0.7049,19.35,3.44,15.91,1700,85000,767.34,10,21,Animal Husbandry|Apothecary|Armory|Forge|Gilded Foundry|Hospitaller|Infirmary|MWRend|Tannery|Toxicarium|War College
"Sgt/WarHammer/FullPlate [Poison, ApoHeal, GF, Rend, Regen 5, Reroll]",Sergeant,War Hammer,,Full Plate,,False,50,"Apothecary Heal,GF Armor,Poison,Regenerate 5,Regenerate Reroll,Rend",Random,32710,57932,27910,898,119450,0.2738,0.4850,0.9925,0.3609,9.73,12.37,-2.63,1700,85000,384.82,10,21,Animal Husbandry|Apothecary|Armory|Forge|Gilded Foundry|Hospitaller|Infirmary|MWRend|Tannery|Toxicarium|War College
Sgt/2HBastard/Chain [Unshakable],Sergeant,2HBastard,,Chainmail,,False,50,Unshakable,Random,39564,30384,6510,692,77150,0.5128,0.3938,0.9910,0.5656,13.95,8.25,5.71,2100,105000,376.80,6,22,Animal Husbandry|Armory|Forge|Preceptory|Tannery|War College
Sgt/WarHammer/Chain [Unshakable],Sergeant,War Hammer,,Chainmail,,False,50,Unshakable,Random,27397,41115,7915,723,77150,0.3551,0.5329,0.9906,0.3999,9.72,12.10,-2.38,2100,105000,260.92,6,22,Animal Husbandry|Armory|Forge|Preceptory|Tannery|War College
Sgt/Crossbow/Chain [Unshakable],Sergeant,,,Chainmail,Crossbow,False,50,Unshakable,Random,25018,43562,7805,765,77150,0.3243,0.5646,0.9901,0.3648,8.90,13.69,-4.79,1900,95000,263.35,8,22,Animal Husbandry|Armory|Carpentry|Fletchery|Forge|Preceptory|Tannery|War College
"Sgt/2HBastard+Javelin/Chain (TY) [ImmU, Unshakable, Cond+1]",Sergeant,2HBastard,,Chainmail,Javelin,True,50,"Cond Field,Immune Unwieldy,Unshakable",Random,46959,21273,8218,700,77150,0.6087,0.2757,0.9909,0.6882,15.95,6.49,9.46,1900,95000,494.31,10,22,Animal Husbandry|Armory|Carpentry|Coliseum|Fletchery|Forge|Preceptory|Tannery|Tiltyard|War College
"Sgt/2HBastard+Crossbow/Chain (TY) [ImmU, Unshakable, Cond+1]",Sergeant,2HBastard,,Chainmail,Crossbow,True,50,"Cond Field,Immune Unwieldy,Unshakable",Random,44887,23273,8304,686,77150,0.5818,0.3017,0.9911,0.6586,15.15,7.30,7.85,1900,95000,472.49,10,22,Animal Husbandry|Armory|Carpentry|Coliseum|Fletchery|Forge|Preceptory|Tannery|Tiltyard|War College
"Sgt/Morningstar+Crossbow/Chain (TY) [ImmU, Unshakable, Cond+1]",Sergeant,Morningstar,,Chainmail,Crossbow,True,50,"Cond Field,Immune Unwieldy,Unshakable",Random,36947,29122,10356,725,77150,0.4789,0.3775,0.9906,0.5592,12.38,10.24,2.14,1900,95000,388.92,10,22,Animal Husbandry|Armory|Carpentry|Coliseum|Fletchery|Forge|Preceptory|Tannery|Tiltyard|War College
"Sgt/WarHammer+Javelin/Chain (TY) [ImmU, Unshakable, Cond+1]",Sergeant,War Hammer,,Chainmail,Javelin,True,50,"Cond Field,Immune Unwieldy,Unshakable",Random,37897,28026,10506,721,77150,0.4912,0.3633,0.9907,0.5749,12.60,8.92,3.68,1900,95000,398.92,10,22,Animal Husbandry|Armory|Carpentry|Coliseum|Fletchery|Forge|Preceptory|Tannery|Tiltyard|War College
"Sgt/WarHammer+Crossbow/Chain (TY) [ImmU, Unshakable, Cond+1]",Sergeant,War Hammer,,Chainmail,Crossbow,True,50,"Cond Field,Immune Unwieldy,Unshakable",Random,35994,29815,10614,727,77150,0.4665,0.3865,0.9906,0.5469,12.03,10.13,1.90,1900,95000,378.88,10,22,Animal Husbandry|Armory|Carpentry|Coliseum|Fletchery|Forge|Preceptory|Tannery|Tiltyard|War College
Sgt/Lance/Scutum/Chain [Unshakable],Sergeant,Lance,Scutum Shield,Chainmail,,False,50,Unshakable,Random,40182,22111,14122,735,77150,0.5208,0.2866,0.9905,0.6450,17.37,4.41,12.96,1900,95000,422.97,8,22,Animal Husbandry|Armory|Carpentry|Forge|Joinery|Preceptory|Stable|Tannery|War College
Sgt/Lance3/Scutum/Chain [Unshakable],Sergeant,Lance3,Scutum Shield,Chainmail,,False,50,Unshakable,Random,40169,22162,14049,770,77150,0.5207,0.2873,0.9900,0.6444,17.43,4.44,12.99,1900,95000,422.83,8,22,Animal Husbandry|Armory|Carpentry|Forge|Joinery|Preceptory|Stable|Tannery|War College
Sgt/Cavalry Spear/Scutum/Chain [Unshakable],Sergeant,Cavalry Spear,Scutum Shield,Chainmail,,False,50,Unshakable,Random,30057,31345,14978,770,77150,0.3896,0.4063,0.9900,0.4895,13.69,7.81,5.88,1900,95000,316.39,8,22,Animal Husbandry|Armory|Carpentry|Forge|Joinery|Preceptory|Stable|Tannery|War College
"Sgt/Lance+Crossbow/Chain (TY) [ImmU, Unshakable, Cond+1]",Sergeant,Lance,,Chainmail,Crossbow,True,50,"Cond Field,Immune Unwieldy,Unshakable",Random,44570,22627,9206,747,77150,0.5777,0.2933,0.9903,0.6633,15.31,6.81,8.50,1900,95000,469.16,10,22,Animal Husbandry|Armory|Carpentry|Coliseum|Fletchery|Forge|Preceptory|Stable|Tannery|Tiltyard|War College
"Sgt/Lance3+Crossbow/Chain (TY) [ImmU, Unshakable, Cond+1]",Sergeant,Lance3,,Chainmail,Crossbow,True,50,"Cond Field,Immune Unwieldy,Unshakable",Random,44592,22667,9166,725,77150,0.5780,0.2938,0.9906,0.6630,15.31,6.80,8.50,1900,95000,469.39,10,22,Animal Husbandry|Armory|Carpentry|Coliseum|Fletchery|Forge|Preceptory|Stable|Tannery|Tiltyard|War College
"Sgt/Cavalry Spear+Crossbow/Chain (TY) [ImmU, Unshakable, Cond+1]",Sergeant,Cavalry Spear,,Chainmail,Crossbow,True,50,"Cond Field,Immune Unwieldy,Unshakable",Random,35417,29332,11693,708,77150,0.4591,0.3802,0.9908,0.5470,12.21,9.80,2.40,1900,95000,372.81,10,22,Animal Husbandry|Armory|Carpentry|Coliseum|Fletchery|Forge|Preceptory|Stable|Tannery|Tiltyard|War College
"Sgt/2HBastard/Chain [MaxInit3, Seize:1st, Unshakable]",Sergeant,2HBastard,,Chainmail,,False,50,"MaxInit3,Seize: first,Unshakable",Random,36773,23143,4165,669,64750,0.5679,0.3574,0.9897,0.6137,16.02,7.14,8.88,2100,105000,350.22,7,26,Animal Husbandry|Armory|Forge|Ministry|Preceptory|Tannery|War College
"Sgt/WarHammer/Chain [MaxInit3, Seize:1st, Unshakable]",Sergeant,War Hammer,,Chainmail,,False,50,"MaxInit3,Seize: first,Unshakable",Random,28084,30515,5419,732,64750,0.4337,0.4713,0.9887,0.4793,12.01,9.41,2.60,2100,105000,267.47,7,26,Animal Husbandry|Armory|Forge|Ministry|Preceptory|Tannery|War College
"Sgt/Crossbow/Chain [MaxInit3, Seize:1st, Unshakable]",Sergeant,,,Chainmail,Crossbow,False,50,"MaxInit3,Seize: first,Unshakable",Random,25773,33226,5065,686,64750,0.3980,0.5131,0.9894,0.4368,11.01,11.02,-0.01,1900,95000,271.29,9,26,Animal Husbandry|Armory|Carpentry|Fletchery|Forge|Ministry|Preceptory|Tannery|War College
"Sgt/Lance/Scutum/Chain [MaxInit3, Seize:1st, Unshakable]",Sergeant,Lance,Scutum Shield,Chainmail,,False,50,"MaxInit3,Seize: first,Unshakable",Random,36490,19024,8543,693,64750,0.5636,0.2938,0.9893,0.6573,19.61,4.25,15.35,1900,95000,384.11,9,26,Animal Husbandry|Armory|Carpentry|Forge|Joinery|Ministry|Preceptory|Stable|Tannery|War College
"Sgt/Lance3/Scutum/Chain [MaxInit3, Seize:1st, Unshakable]",Sergeant,Lance3,Scutum Shield,Chainmail,,False,50,"MaxInit3,Seize: first,Unshakable",Random,36506,19039,8541,664,64750,0.5638,0.2940,0.9897,0.6572,19.60,4.26,15.33,1900,95000,384.27,9,26,Animal Husbandry|Armory|Carpentry|Forge|Joinery|Ministry|Preceptory|Stable|Tannery|War College
"Sgt/Cavalry Spear/Scutum/Chain [MaxInit3, Seize:1st, Unshakable]",Sergeant,Cavalry Spear,Scutum Shield,Chainmail,,False,50,"MaxInit3,Seize: first,Unshakable",Random,28751,26876,8439,684,64750,0.4440,0.4151,0.9894,0.5169,15.95,7.66,8.29,1900,95000,302.64,9,26,Animal Husbandry|Armory|Carpentry|Forge|Joinery|Ministry|Preceptory|Stable|Tannery|War College
"Sgt/2HBastard/Chain [MaxInit3, MinInit+1, Seize:1st, Unshakable]",Sergeant,2HBastard,,Chainmail,,False,50,"MaxInit3,MinInit+1,Seize: first,Unshakable",Random,38880,20700,4515,655,64750,0.6005,0.3197,0.9899,0.6526,17.71,6.25,11.46,2100,105000,370.29,7,26,Animal Husbandry|Armory|Forge|Ministry|Ministry Mastery|Preceptory|Tannery|War College
"Sgt/WarHammer/Chain [MaxInit3, MinInit+1, Seize:1st, Unshakable]",Sergeant,War Hammer,,Chainmail,,False,50,"MaxInit3,MinInit+1,Seize: first,Unshakable",Random,43168,17572,3296,714,64750,0.6667,0.2714,0.9890,0.7107,18.13,5.25,12.88,2100,105000,411.12,7,26,Animal Husbandry|Armory|Forge|Ministry|Ministry Mastery|Preceptory|Tannery|War College
"Sgt/Crossbow/Chain [MaxInit3, MinInit+1, Seize:1st, Unshakable]",Sergeant,,,Chainmail,Crossbow,False,50,"MaxInit3,MinInit+1,Seize: first,Unshakable",Random,36666,23034,4360,690,64750,0.5663,0.3557,0.9893,0.6142,15.49,6.52,8.97,1900,95000,385.96,9,26,Animal Husbandry|Armory|Carpentry|Fletchery|Forge|Ministry|Ministry Mastery|Preceptory|Tannery|War College
"Sgt/Lance/Scutum/Chain [MaxInit3, MinInit+1, Seize:1st, Unshakable]",Sergeant,Lance,Scutum Shield,Chainmail,,False,50,"MaxInit3,MinInit+1,Seize: first,Unshakable",Random,37202,18406,8480,662,64750,0.5745,0.2843,0.9898,0.6690,20.55,4.04,16.51,1900,95000,391.60,9,26,Animal Husbandry|Armory|Carpentry|Forge|Joinery|Ministry|Ministry Mastery|Preceptory|Stable|Tannery|War College
"Sgt/Lance3/Scutum/Chain [MaxInit3, MinInit+1, Seize:1st, Unshakable]",Sergeant,Lance3,Scutum Shield,Chainmail,,False,50,"MaxInit3,MinInit+1,Seize: first,Unshakable",Random,37258,18320,8505,667,64750,0.5754,0.2829,0.9897,0.6704,20.56,4.04,16.52,1900,95000,392.19,9,26,Animal Husbandry|Armory|Carpentry|Forge|Joinery|Ministry|Ministry Mastery|Preceptory|Stable|Tannery|War College
"Sgt/Cavalry Spear/Scutum/Chain [MaxInit3, MinInit+1, Seize:1st, Unshakable]",Sergeant,Cavalry Spear,Scutum Shield,Chainmail,,False,50,"MaxInit3,MinInit+1,Seize: first,Unshakable",Random,29245,26228,8547,730,64750,0.4517,0.4051,0.9887,0.5272,16.46,7.47,9.00,1900,95000,307.84,9,26,Animal Husbandry|Armory|Carpentry|Forge|Joinery|Ministry|Ministry Mastery|Preceptory|Stable|Tannery|War College
"Sgt/2HBastard/Chain [Unshakable, Rend]",Sergeant,2HBastard,,Chainmail,,False,50,"Rend,Unshakable",Random,40210,29004,7250,686,77150,0.5212,0.3759,0.9911,0.5810,14.32,7.04,7.28,1900,95000,423.26,7,22,Animal Husbandry|Armory|Forge|MWRend|Preceptory|Tannery|War College
"Sgt/WarHammer/Chain [Unshakable, Rend]",Sergeant,War Hammer,,Chainmail,,False,50,"Rend,Unshakable",Random,27616,40760,8029,745,77150,0.3580,0.5283,0.9903,0.4039,9.86,11.01,-1.14,1900,95000,290.69,7,22,Animal Husbandry|Armory|Forge|MWRend|Preceptory|Tannery|War College
"Sgt/Crossbow/Chain [Unshakable, Rend]",Sergeant,,,Chainmail,Crossbow,False,50,"Rend,Unshakable",Random,25345,43354,7720,731,77150,0.3285,0.5619,0.9905,0.3689,9.05,12.83,-3.79,1700,85000,298.18,9,22,Animal Husbandry|Armory|Carpentry|Fletchery|Forge|MWRend|Preceptory|Tannery|War College
"Sgt/Lance/Scutum/Chain [Unshakable, Rend]",Sergeant,Lance,Scutum Shield,Chainmail,,False,50,"Rend,Unshakable",Random,40196,21667,14582,705,77150,0.5210,0.2808,0.9909,0.6498,17.42,3.48,13.93,1700,85000,472.89,9,22,Animal Husbandry|Armory|Carpentry|Forge|Joinery|MWRend|Preceptory|Stable|Tannery|War College
"Sgt/Lance3/Scutum/Chain [Unshakable, Rend]",Sergeant,Lance3,Scutum Shield,Chainmail,,False,50,"Rend,Unshakable",Random,40144,21686,14598,722,77150,0.5203,0.2811,0.9906,0.6493,17.40,3.47,13.93,1700,85000,472.28,9,22,Animal Husbandry|Armory|Carpentry|Forge|Joinery|MWRend|Preceptory|Stable|Tannery|War College
"Sgt/Cavalry Spear/Scutum/Chain [Unshakable, Rend]",Sergeant,Cavalry Spear,Scutum Shield,Chainmail,,False,50,"Rend,Unshakable",Random,30040,31129,15259,722,77150,0.3894,0.4035,0.9906,0.4911,13.70,6.94,6.76,1700,85000,353.41,9,22,Animal Husbandry|Armory|Carpentry|Forge|Joinery|MWRend|Preceptory|Stable|Tannery|War College
"Sgt/2HBastard/Chain [MaxInit3, Seize:1st, Unshakable, Rend]",Sergeant,2HBastard,,Chainmail,,False,50,"MaxInit3,Rend,Seize: first,Unshakable",Random,37311,21760,5037,642,64750,0.5762,0.3361,0.9901,0.6316,16.47,5.89,10.59,1900,95000,392.75,8,26,Animal Husbandry|Armory|Forge|MWRend|Ministry|Preceptory|Tannery|War College
"Sgt/WarHammer/Chain [MaxInit3, Seize:1st, Unshakable, Rend]",Sergeant,War Hammer,,Chainmail,,False,50,"MaxInit3,Rend,Seize: first,Unshakable",Random,28123,30332,5590,705,64750,0.4343,0.4684,0.9891,0.4811,12.10,8.34,3.76,1900,95000,296.03,8,26,Animal Husbandry|Armory|Forge|MWRend|Ministry|Preceptory|Tannery|War College
"Sgt/Crossbow/Chain [MaxInit3, Seize:1st, Unshakable, Rend]",Sergeant,,,Chainmail,Crossbow,False,50,"MaxInit3,Rend,Seize: first,Unshakable",Random,25641,33293,5045,771,64750,0.3960,0.5142,0.9881,0.4351,11.08,10.16,0.92,1700,85000,301.66,10,26,Animal Husbandry|Armory|Carpentry|Fletchery|Forge|MWRend|Ministry|Preceptory|Tannery|War College
"Sgt/Lance/Scutum/Chain [MaxInit3, Seize:1st, Unshakable, Rend]",Sergeant,Lance,Scutum Shield,Chainmail,,False,50,"MaxInit3,Rend,Seize: first,Unshakable",Random,36609,18367,9133,641,64750,0.5654,0.2837,0.9901,0.6659,19.67,3.25,16.42,1700,85000,430.69,10,26,Animal Husbandry|Armory|Carpentry|Forge|Joinery|MWRend|Ministry|Preceptory|Stable|Tannery|War College
"Sgt/Lance3/Scutum/Chain [MaxInit3, Seize:1st, Unshakable, Rend]",Sergeant,Lance3,Scutum Shield,Chainmail,,False,50,"MaxInit3,Rend,Seize: first,Unshakable",Random,36557,18437,9068,688,64750,0.5646,0.2847,0.9894,0.6647,19.71,3.27,16.44,1700,85000,430.08,10,26,Animal Husbandry|Armory|Carpentry|Forge|Joinery|MWRend|Ministry|Preceptory|Stable|Tannery|War College
"Sgt/Cavalry Spear/Scutum/Chain [MaxInit3, Seize:1st, Unshakable, Rend]",Sergeant,Cavalry Spear,Scutum Shield,Chainmail,,False,50,"MaxInit3,Rend,Seize: first,Unshakable",Random,28740,26698,8616,696,64750,0.4439,0.4123,0.9893,0.5184,15.97,6.88,9.09,1700,85000,338.12,10,26,Animal Husbandry|Armory|Carpentry|Forge|Joinery|MWRend|Ministry|Preceptory|Stable|Tannery|War College
"Sgt/2HBastard/Chain [MaxInit3, MinInit+1, Seize:1st, Unshakable, Rend]",Sergeant,2HBastard,,Chainmail,,False,50,"MaxInit3,MinInit+1,Rend,Seize: first,Unshakable",Random,39733,19151,5233,633,64750,0.6136,0.2958,0.9902,0.6748,18.33,5.00,13.33,1900,95000,418.24,8,26,Animal Husbandry|Armory|Forge|MWRend|Ministry|Ministry Mastery|Preceptory|Tannery|War College
"Sgt/WarHammer/Chain [MaxInit3, MinInit+1, Seize:1st, Unshakable, Rend]",Sergeant,War Hammer,,Chainmail,,False,50,"MaxInit3,MinInit+1,Rend,Seize: first,Unshakable",Random,43297,16833,3914,706,64750,0.6687,0.2600,0.9891,0.7201,18.30,3.90,14.40,1900,95000,455.76,8,26,Animal Husbandry|Armory|Forge|MWRend|Ministry|Ministry Mastery|Preceptory|Tannery|War College
"Sgt/Crossbow/Chain [MaxInit3, MinInit+1, Seize:1st, Unshakable, Rend]",Sergeant,,,Chainmail,Crossbow,False,50,"MaxInit3,MinInit+1,Rend,Seize: first,Unshakable",Random,36712,22655,4712,671,64750,0.5670,0.3499,0.9896,0.6184,15.66,5.31,10.35,1700,85000,431.91,10,26,Animal Husbandry|Armory|Carpentry|Fletchery|Forge|MWRend|Ministry|Ministry Mastery|Preceptory|Tannery|War College
"Sgt/Lance/Scutum/Chain [MaxInit3, MinInit+1, Seize:1st, Unshakable, Rend]",Sergeant,Lance,Scutum Shield,Chainmail,,False,50,"MaxInit3,MinInit+1,Rend,Seize: first,Unshakable",Random,37169,17603,9263,715,64750,0.5740,0.2719,0.9890,0.6786,20.64,3.01,17.62,1700,85000,437.28,10,26,Animal Husbandry|Armory|Carpentry|Forge|Joinery|MWRend|Ministry|Ministry Mastery|Preceptory|Stable|Tannery|War College
"Sgt/Lance3/Scutum/Chain [MaxInit3, MinInit+1, Seize:1st, Unshakable, Rend]",Sergeant,Lance3,Scutum Shield,Chainmail,,False,50,"MaxInit3,MinInit+1,Rend,Seize: first,Unshakable",Random,37153,17665,9280,652,64750,0.5738,0.2728,0.9899,0.6778,20.58,3.00,17.58,1700,85000,437.09,10,26,Animal Husbandry|Armory|Carpentry|Forge|Joinery|MWRend|Ministry|Ministry Mastery|Preceptory|Stable|Tannery|War College
"Sgt/Cavalry Spear/Scutum/Chain [MaxInit3, MinInit+1, Seize:1st, Unshakable, Rend]",Sergeant,Cavalry Spear,Scutum Shield,Chainmail,,False,50,"MaxInit3,MinInit+1,Rend,Seize: first,Unshakable",Random,29395,25981,8666,708,64750,0.4540,0.4013,0.9891,0.5308,16.61,6.59,10.02,1700,85000,345.82,10,26,Animal Husbandry|Armory|Carpentry|Forge|Joinery|MWRend|Ministry|Ministry Mastery|Preceptory|Stable|Tannery|War College
"Sgt/2HBastard/FullPlate [GF, Unshakable]",Sergeant,2HBastard,,Full Plate,,False,50,"GF Armor,Unshakable",Random,32276,30780,13328,766,77150,0.4184,0.3990,0.9901,0.5119,13.19,8.06,5.13,1900,95000,339.75,6,22,Animal Husbandry|Armory|Forge|Gilded Foundry|Preceptory|Tannery|War College
"Sgt/WarHammer/FullPlate [GF, Unshakable]",Sergeant,War Hammer,,Full Plate,,False,50,"GF Armor,Unshakable",Random,20906,43153,12353,738,77150,0.2710,0.5593,0.9904,0.3264,9.08,15.89,-6.81,1900,95000,220.06,6,22,Animal Husbandry|Armory|Forge|Gilded Foundry|Preceptory|Tannery|War College
"Sgt/Bastard/Tower/FullPlate [GF, Unshakable]",Sergeant,Bastard Sword,Tower Shield,Full Plate,,False,50,"GF Armor,Unshakable",Random,21011,37992,17363,784,77150,0.2723,0.4924,0.9898,0.3561,12.05,17.25,-5.19,1700,85000,247.19,8,22,Animal Husbandry|Armory|Carpentry|Forge|Gilded Foundry|Joinery|Preceptory|Tannery|War College
"Sgt/Crossbow/FullPlate [GF, Unshakable]",Sergeant,,,Full Plate,Crossbow,False,50,"GF Armor,Unshakable",Random,20854,43238,12267,791,77150,0.2703,0.5604,0.9897,0.3254,9.10,17.54,-8.45,1700,85000,245.34,8,22,Animal Husbandry|Armory|Carpentry|Fletchery|Forge|Gilded Foundry|Preceptory|Tannery|War College
"Sgt/Crossbow/Tower/FullPlate [GF, Unshakable]",Sergeant,,Tower Shield,Full Plate,Crossbow,False,50,"GF Armor,Unshakable",Random,21016,38028,17342,764,77150,0.2724,0.4929,0.9901,0.3559,12.01,18.83,-6.81,1500,75000,280.21,9,22,Animal Husbandry|Armory|Carpentry|Fletchery|Forge|Gilded Foundry|Joinery|Preceptory|Tannery|War College
"Sgt/2HBastard+Javelin/FullPlate (TY) [ImmU, GF, Unshakable, Cond+1]",Sergeant,2HBastard,,Full Plate,Javelin,True,50,"Cond Field,GF Armor,Immune Unwieldy,Unshakable",Random,46575,12867,16942,766,77150,0.6037,0.1668,0.9901,0.7835,17.09,4.10,12.99,1700,85000,547.94,10,22,Animal Husbandry|Armory|Carpentry|Coliseum|Fletchery|Forge|Gilded Foundry|Preceptory|Tannery|Tiltyard|War College
"Sgt/2HBastard+Crossbow/FullPlate (TY) [ImmU, GF, Unshakable, Cond+1]",Sergeant,2HBastard,,Full Plate,Crossbow,True,50,"Cond Field,GF Armor,Immune Unwieldy,Unshakable",Random,43024,14692,18672,762,77150,0.5577,0.1904,0.9901,0.7454,15.70,5.10,10.60,1700,85000,506.16,10,22,Animal Husbandry|Armory|Carpentry|Coliseum|Fletchery|Forge|Gilded Foundry|Preceptory|Tannery|Tiltyard|War College
"Sgt/Morningstar+Crossbow/FullPlate (TY) [ImmU, GF, Unshakable, Cond+1]",Sergeant,Morningstar,,Full Plate,Crossbow,True,50,"Cond Field,GF Armor,Immune Unwieldy,Unshakable",Random,39596,16640,20175,739,77150,0.5132,0.2157,0.9904,0.7041,14.36,5.99,8.37,1700,85000,465.84,10,22,Animal Husbandry|Armory|Carpentry|Coliseum|Fletchery|Forge|Gilded Foundry|Preceptory|Tannery|Tiltyard|War College
"Sgt/WarHammer+Javelin/FullPlate (TY) [ImmU, GF, Unshakable, Cond+1]",Sergeant,War Hammer,,Full Plate,Javelin,True,50,"Cond Field,GF Armor,Immune Unwieldy,Unshakable",Random,40077,16260,20076,737,77150,0.5195,0.2108,0.9904,0.7114,14.51,5.18,9.33,1700,85000,471.49,10,22,Animal Husbandry|Armory|Carpentry|Coliseum|Fletchery|Forge|Gilded Foundry|Preceptory|Tannery|Tiltyard|War College
"Sgt/WarHammer+Crossbow/FullPlate (TY) [ImmU, GF, Unshakable, Cond+1]",Sergeant,War Hammer,,Full Plate,Crossbow,True,50,"Cond Field,GF Armor,Immune Unwieldy,Unshakable",Random,36940,17553,21877,780,77150,0.4788,0.2275,0.9899,0.6779,13.50,6.26,7.24,1700,85000,434.59,10,22,Animal Husbandry|Armory|Carpentry|Coliseum|Fletchery|Forge|Gilded Foundry|Preceptory|Tannery|Tiltyard|War College
"Sgt/Lance+Crossbow/FullPlate (TY) [ImmU, GF, Unshakable, Cond+1]",Sergeant,Lance,,Full Plate,Crossbow,True,50,"Cond Field,GF Armor,Immune Unwieldy,Unshakable",Random,50142,11380,14905,723,77150,0.6499,0.1475,0.9906,0.8150,18.20,3.39,14.81,1700,85000,589.91,10,22,Animal Husbandry|Armory|Carpentry|Coliseum|Fletchery|Forge|Gilded Foundry|Preceptory|Stable|Tannery|Tiltyard|War College
"Sgt/Lance3+Crossbow/FullPlate (TY) [ImmU, GF, Unshakable, Cond+1]",Sergeant,Lance3,,Full Plate,Crossbow,True,50,"Cond Field,GF Armor,Immune Unwieldy,Unshakable",Random,50053,11282,15066,749,77150,0.6488,0.1462,0.9903,0.8161,18.14,3.39,14.75,1700,85000,588.86,10,22,Animal Husbandry|Armory|Carpentry|Coliseum|Fletchery|Forge|Gilded Foundry|Preceptory|Stable|Tannery|Tiltyard|War College
"Sgt/Cavalry Spear+Crossbow/FullPlate (TY) [ImmU, GF, Unshakable, Cond+1]",Sergeant,Cavalry Spear,,Full Plate,Crossbow,True,50,"Cond Field,GF Armor,Immune Unwieldy,Unshakable",Random,41043,15427,19944,736,77150,0.5320,0.2000,0.9905,0.7268,14.99,5.05,9.94,1700,85000,482.86,10,22,Animal Husbandry|Armory|Carpentry|Coliseum|Fletchery|Forge|Gilded Foundry|Preceptory|Stable|Tannery|Tiltyard|War College
"Sgt/2HBastard/FullPlate [MaxInit3, GF, Seize:1st, Unshakable]",Sergeant,2HBastard,,Full Plate,,False,50,"GF Armor,MaxInit3,Seize: first,Unshakable",Random,31732,24861,7436,721,64750,0.4901,0.3840,0.9889,0.5607,15.85,7.19,8.66,1900,95000,334.02,7,26,Animal Husbandry|Armory|Forge|Gilded Foundry|Ministry|Preceptory|Tannery|War College
"Sgt/WarHammer/FullPlate [MaxInit3, GF, Seize:1st, Unshakable]",Sergeant,War Hammer,,Full Plate,,False,50,"GF Armor,MaxInit3,Seize: first,Unshakable",Random,20842,37116,6018,774,64750,0.3219,0.5732,0.9880,0.3596,10.86,14.22,-3.36,1900,95000,219.39,7,26,Animal Husbandry|Armory|Forge|Gilded Foundry|Ministry|Preceptory|Tannery|War College
"Sgt/Bastard/Tower/FullPlate [MaxInit3, GF, Seize:1st, Unshakable]",Sergeant,Bastard Sword,Tower Shield,Full Plate,,False,50,"GF Armor,MaxInit3,Seize: first,Unshakable",Random,21000,34999,7978,773,64750,0.3243,0.5405,0.9881,0.3750,14.37,16.69,-2.32,1700,85000,247.06,9,26,Animal Husbandry|Armory|Carpentry|Forge|Gilded Foundry|Joinery|Ministry|Preceptory|Tannery|War College
"Sgt/Crossbow/FullPlate [MaxInit3, GF, Seize:1st, Unshakable]",Sergeant,,,Full Plate,Crossbow,False,50,"GF Armor,MaxInit3,Seize: first,Unshakable",Random,20854,37112,6010,774,64750,0.3221,0.5732,0.9880,0.3598,10.88,16.18,-5.30,1700,85000,245.34,9,26,Animal Husbandry|Armory|Carpentry|Fletchery|Forge|Gilded Foundry|Ministry|Preceptory|Tannery|War College
"Sgt/Crossbow/Tower/FullPlate [MaxInit3, GF, Seize:1st, Unshakable]",Sergeant,,Tower Shield,Full Plate,Crossbow,False,50,"GF Armor,MaxInit3,Seize: first,Unshakable",Random,21022,35011,7961,756,64750,0.3247,0.5407,0.9883,0.3752,14.34,20.46,-6.11,1500,75000,280.29,10,26,Animal Husbandry|Armory|Carpentry|Fletchery|Forge|Gilded Foundry|Joinery|Ministry|Preceptory|Tannery|War College
"Sgt/2HBastard/FullPlate [MaxInit3, MinInit+1, GF, Seize:1st, Unshakable]",Sergeant,2HBastard,,Full Plate,,False,50,"GF Armor,MaxInit3,MinInit+1,Seize: first,Unshakable",Random,40406,17481,6204,659,64750,0.6240,0.2700,0.9898,0.6980,20.34,4.46,15.88,1900,95000,425.33,7,26,Animal Husbandry|Armory|Forge|Gilded Foundry|Ministry|Ministry Mastery|Preceptory|Tannery|War College
"Sgt/WarHammer/FullPlate [MaxInit3, MinInit+1, GF, Seize:1st, Unshakable]",Sergeant,War Hammer,,Full Plate,,False,50,"GF Armor,MaxInit3,MinInit+1,Seize: first,Unshakable",Random,31860,23113,9066,711,64750,0.4920,0.3570,0.9890,0.5796,15.88,5.68,10.21,1900,95000,335.37,7,26,Animal Husbandry|Armory|Forge|Gilded Foundry|Ministry|Ministry Mastery|Preceptory|Tannery|War College
"Sgt/Bastard/Tower/FullPlate [MaxInit3, MinInit+1, GF, Seize:1st, Unshakable]",Sergeant,Bastard Sword,Tower Shield,Full Plate,,False,50,"GF Armor,MaxInit3,MinInit+1,Seize: first,Unshakable",Random,27707,25019,11289,735,64750,0.4279,0.3864,0.9886,0.5255,17.65,5.38,12.28,1700,85000,325.96,9,26,Animal Husbandry|Armory|Carpentry|Forge|Gilded Foundry|Joinery|Ministry|Ministry Mastery|Preceptory|Tannery|War College
"Sgt/Crossbow/FullPlate [MaxInit3, MinInit+1, GF, Seize:1st, Unshakable]",Sergeant,,,Full Plate,Crossbow,False,50,"GF Armor,MaxInit3,MinInit+1,Seize: first,Unshakable",Random,28126,27374,8493,757,64750,0.4344,0.4228,0.9883,0.5068,14.25,7.22,7.03,1700,85000,330.89,9,26,Animal Husbandry|Armory|Carpentry|Fletchery|Forge|Gilded Foundry|Ministry|Ministry Mastery|Preceptory|Tannery|War College
"Sgt/Crossbow/Tower/FullPlate [MaxInit3, MinInit+1, GF, Seize:1st, Unshakable]",Sergeant,,Tower Shield,Full Plate,Crossbow,False,50,"GF Armor,MaxInit3,MinInit+1,Seize: first,Unshakable",Random,21016,35015,7943,776,64750,0.3246,0.5408,0.9880,0.3751,14.37,18.53,-4.16,1500,75000,280.21,10,26,Animal Husbandry|Armory|Carpentry|Fletchery|Forge|Gilded Foundry|Joinery|Ministry|Ministry Mastery|Preceptory|Tannery|War College
"Sgt/2HBastard/FullPlate [GF, Unshakable, Rend]",Sergeant,2HBastard,,Full Plate,,False,50,"GF Armor,Rend,Unshakable",Random,32475,30158,13821,696,77150,0.4209,0.3909,0.9910,0.5185,13.32,7.18,6.14,1700,85000,382.06,7,22,Animal Husbandry|Armory|Forge|Gilded Foundry|MWRend|Preceptory|Tannery|War College
"Sgt/WarHammer/FullPlate [GF, Unshakable, Rend]",Sergeant,War Hammer,,Full Plate,,False,50,"GF Armor,Rend,Unshakable",Random,20892,43199,12281,778,77150,0.2708,0.5599,0.9899,0.3260,9.12,15.50,-6.38,1700,85000,245.79,7,22,Animal Husbandry|Armory|Forge|Gilded Foundry|MWRend|Preceptory|Tannery|War College
"Sgt/Bastard/Tower/FullPlate [GF, Unshakable, Rend]",Sergeant,Bastard Sword,Tower Shield,Full Plate,,False,50,"GF Armor,Rend,Unshakable",Random,21029,38011,17314,796,77150,0.2726,0.4927,0.9897,0.3562,12.06,17.12,-5.06,1500,75000,280.39,9,22,Animal Husbandry|Armory|Carpentry|Forge|Gilded Foundry|Joinery|MWRend|Preceptory|Tannery|War College
"Sgt/Crossbow/FullPlate [GF, Unshakable, Rend]",Sergeant,,,Full Plate,Crossbow,False,50,"GF Armor,Rend,Unshakable",Random,20895,43220,12264,771,77150,0.2708,0.5602,0.9900,0.3259,9.11,17.17,-8.06,1500,75000,278.60,9,22,Animal Husbandry|Armory|Carpentry|Fletchery|Forge|Gilded Foundry|MWRend|Preceptory|Tannery|War College
"Sgt/Crossbow/Tower/FullPlate [GF, Unshakable, Rend]",Sergeant,,Tower Shield,Full Plate,Crossbow,False,50,"GF Armor,Rend,Unshakable",Random,21036,38046,17295,773,77150,0.2727,0.4931,0.9900,0.3560,12.04,18.81,-6.77,1300,65000,323.63,10,22,Animal Husbandry|Armory|Carpentry|Fletchery|Forge|Gilded Foundry|Joinery|MWRend|Preceptory|Tannery|War College
"Sgt/2HBastard/FullPlate [MaxInit3, GF, Seize:1st, Unshakable, Rend]",Sergeant,2HBastard,,Full Plate,,False,50,"GF Armor,MaxInit3,Rend,Seize: first,Unshakable",Random,32037,23907,8143,663,64750,0.4948,0.3692,0.9898,0.5727,16.05,6.16,9.89,1700,85000,376.91,8,26,Animal Husbandry|Armory|Forge|Gilded Foundry|MWRend|Ministry|Preceptory|Tannery|War College
"Sgt/WarHammer/FullPlate [MaxInit3, GF, Seize:1st, Unshakable, Rend]",Sergeant,War Hammer,,Full Plate,,False,50,"GF Armor,MaxInit3,Rend,Seize: first,Unshakable",Random,20926,37036,6083,705,64750,0.3232,0.5720,0.9891,0.3610,10.88,13.65,-2.78,1700,85000,246.19,8,26,Animal Husbandry|Armory|Forge|Gilded Foundry|MWRend|Ministry|Preceptory|Tannery|War College
"Sgt/Bastard/Tower/FullPlate [MaxInit3, GF, Seize:1st, Unshakable, Rend]",Sergeant,Bastard Sword,Tower Shield,Full Plate,,False,50,"GF Armor,MaxInit3,Rend,Seize: first,Unshakable",Random,20996,34986,7974,794,64750,0.3243,0.5403,0.9877,0.3750,14.37,16.42,-2.06,1500,75000,279.95,10,26,Animal Husbandry|Armory|Carpentry|Forge|Gilded Foundry|Joinery|MWRend|Ministry|Preceptory|Tannery|War College
"Sgt/Crossbow/FullPlate [MaxInit3, GF, Seize:1st, Unshakable, Rend]",Sergeant,,,Full Plate,Crossbow,False,50,"GF Armor,MaxInit3,Rend,Seize: first,Unshakable",Random,20895,37138,6013,704,64750,0.3227,0.5736,0.9891,0.3601,10.87,15.67,-4.80,1500,75000,278.60,10,26,Animal Husbandry|Armory|Carpentry|Fletchery|Forge|Gilded Foundry|MWRend|Ministry|Preceptory|Tannery|War College
"Sgt/2HBastard/FullPlate [MaxInit3, MinInit+1, GF, Seize:1st, Unshakable, Rend]",Sergeant,2HBastard,,Full Plate,,False,50,"GF Armor,MaxInit3,MinInit+1,Rend,Seize: first,Unshakable",Random,41271,15237,7577,665,64750,0.6374,0.2353,0.9897,0.7304,20.86,3.44,17.42,1700,85000,485.54,8,26,Animal Husbandry|Armory|Forge|Gilded Foundry|MWRend|Ministry|Ministry Mastery|Preceptory|Tannery|War College
"Sgt/WarHammer/FullPlate [MaxInit3, MinInit+1, GF, Seize:1st, Unshakable, Rend]",Sergeant,War Hammer,,Full Plate,,False,50,"GF Armor,MaxInit3,MinInit+1,Rend,Seize: first,Unshakable",Random,31660,23303,9106,681,64750,0.4890,0.3599,0.9895,0.5760,15.85,4.70,11.15,1700,85000,372.47,8,26,Animal Husbandry|Armory|Forge|Gilded Foundry|MWRend|Ministry|Ministry Mastery|Preceptory|Tannery|War College
"Sgt/Bastard/Tower/FullPlate [MaxInit3, MinInit+1, GF, Seize:1st, Unshakable, Rend]",Sergeant,Bastard Sword,Tower Shield,Full Plate,,False,50,"GF Armor,MaxInit3,MinInit+1,Rend,Seize: first,Unshakable",Random,27657,24941,11461,691,64750,0.4271,0.3852,0.9893,0.5258,17.61,4.49,13.12,1500,75000,368.76,10,26,Animal Husbandry|Armory|Carpentry|Forge|Gilded Foundry|Joinery|MWRend|Ministry|Ministry Mastery|Preceptory|Tannery|War College
"Sgt/Crossbow/FullPlate [MaxInit3, MinInit+1, GF, Seize:1st, Unshakable, Rend]",Sergeant,,,Full Plate,Crossbow,False,50,"GF Armor,MaxInit3,MinInit+1,Rend,Seize: first,Unshakable",Random,28149,27349,8559,693,64750,0.4347,0.4224,0.9893,0.5072,14.27,6.29,7.98,1500,75000,375.32,10,26,Animal Husbandry|Armory|Carpentry|Fletchery|Forge|Gilded Foundry|MWRend|Ministry|Ministry Mastery|Preceptory|Tannery|War College
"Sgt/2HBastard/Chain [Poison, Unshakable]",Sergeant,2HBastard,,Chainmail,,False,50,"Poison,Unshakable",Random,45434,25733,5320,663,77150,0.5889,0.3335,0.9914,0.6384,15.88,6.52,9.36,2100,105000,432.70,8,25,Animal Husbandry|Armory|Forge|Preceptory|Tannery|Toxicarium|War College
"Sgt/WarHammer/Chain [Poison, Unshakable]",Sergeant,War Hammer,,Chainmail,,False,50,"Poison,Unshakable",Random,27564,41009,7844,733,77150,0.3573,0.5315,0.9905,0.4020,9.77,12.03,-2.26,2100,105000,262.51,8,25,Animal Husbandry|Armory|Forge|Preceptory|Tannery|Toxicarium|War College
"Sgt/Crossbow/Chain [Poison, Unshakable]",Sergeant,,,Chainmail,Crossbow,False,50,"Poison,Unshakable",Random,25671,43055,7705,719,77150,0.3327,0.5581,0.9907,0.3735,9.11,13.45,-4.34,1900,95000,270.22,10,25,Animal Husbandry|Armory|Carpentry|Fletchery|Forge|Preceptory|Tannery|Toxicarium|War College
"Sgt/Lance/Scutum/Chain [Poison, Unshakable]",Sergeant,Lance,Scutum Shield,Chainmail,,False,50,"Poison,Unshakable",Random,45931,18782,11740,697,77150,0.5953,0.2434,0.9910,0.7098,19.57,3.70,15.88,1900,95000,483.48,10,25,Animal Husbandry|Armory|Carpentry|Forge|Joinery|Preceptory|Stable|Tannery|Toxicarium|War College
"Sgt/Lance3/Scutum/Chain [Poison, Unshakable]",Sergeant,Lance3,Scutum Shield,Chainmail,,False,50,"Poison,Unshakable",Random,45967,18720,11738,725,77150,0.5958,0.2426,0.9906,0.7106,19.64,3.69,15.95,1900,95000,483.86,10,25,Animal Husbandry|Armory|Carpentry|Forge|Joinery|Preceptory|Stable|Tannery|Toxicarium|War College
"Sgt/Cavalry Spear/Scutum/Chain [Poison, Unshakable]",Sergeant,Cavalry Spear,Scutum Shield,Chainmail,,False,50,"Poison,Unshakable",Random,37246,25483,13729,692,77150,0.4828,0.3303,0.9910,0.5938,16.22,5.53,10.69,1900,95000,392.06,10,25,Animal Husbandry|Armory|Carpentry|Forge|Joinery|Preceptory|Stable|Tannery|Toxicarium|War College
"Sgt/2HBastard/Chain [Poison, Unshakable, Rend]",Sergeant,2HBastard,,Chainmail,,False,50,"Poison,Rend,Unshakable",Random,46585,23564,6372,629,77150,0.6038,0.3054,0.9918,0.6641,16.44,5.15,11.29,1900,95000,490.37,9,25,Animal Husbandry|Armory|Forge|MWRend|Preceptory|Tannery|Toxicarium|War College
"Sgt/WarHammer/Chain [Poison, Unshakable, Rend]",Sergeant,War Hammer,,Chainmail,,False,50,"Poison,Rend,Unshakable",Random,27517,40962,7952,719,77150,0.3567,0.5309,0.9907,0.4018,9.85,11.13,-1.28,1900,95000,289.65,9,25,Animal Husbandry|Armory|Forge|MWRend|Preceptory|Tannery|Toxicarium|War College
"Sgt/2HBastard/FullPlate [Poison, GF, Unshakable]",Sergeant,2HBastard,,Full Plate,,False,50,"GF Armor,Poison,Unshakable",Random,36497,27275,12671,707,77150,0.4731,0.3535,0.9908,0.5723,14.70,6.71,7.99,1900,95000,384.18,8,25,Animal Husbandry|Armory|Forge|Gilded Foundry|Preceptory|Tannery|Toxicarium|War College
"Sgt/WarHammer/FullPlate [Poison, GF, Unshakable]",Sergeant,War Hammer,,Full Plate,,False,50,"GF Armor,Poison,Unshakable",Random,20822,43398,12115,815,77150,0.2699,0.5625,0.9894,0.3242,9.13,16.02,-6.89,1900,95000,219.18,8,25,Animal Husbandry|Armory|Forge|Gilded Foundry|Preceptory|Tannery|Toxicarium|War College
"Sgt/Bastard/Tower/FullPlate [Poison, GF, Unshakable]",Sergeant,Bastard Sword,Tower Shield,Full Plate,,False,50,"GF Armor,Poison,Unshakable",Random,21047,38033,17354,716,77150,0.2728,0.4930,0.9907,0.3562,12.02,17.12,-5.09,1700,85000,247.61,10,25,Animal Husbandry|Armory|Carpentry|Forge|Gilded Foundry|Joinery|Preceptory|Tannery|Toxicarium|War College
"Sgt/Crossbow/FullPlate [Poison, GF, Unshakable]",Sergeant,,,Full Plate,Crossbow,False,50,"GF Armor,Poison,Unshakable",Random,20834,43278,12240,798,77150,0.2700,0.5610,0.9897,0.3250,9.08,17.53,-8.45,1700,85000,245.11,10,25,Animal Husbandry|Armory|Carpentry|Fletchery|Forge|Gilded Foundry|Preceptory|Tannery|Toxicarium|War College
"Sgt/2HBastard/FullPlate [Poison, GF, Unshakable, Rend]",Sergeant,2HBastard,,Full Plate,,False,50,"GF Armor,Poison,Rend,Unshakable",Random,36741,26238,13465,706,77150,0.4762,0.3401,0.9908,0.5834,14.84,5.81,9.03,1700,85000,432.25,9,25,Animal Husbandry|Armory|Forge|Gilded Foundry|MWRend|Preceptory|Tannery|Toxicarium|War College
"Sgt/WarHammer/FullPlate [Poison, GF, Unshakable, Rend]",Sergeant,War Hammer,,Full Plate,,False,50,"GF Armor,Poison,Rend,Unshakable",Random,20949,43347,12160,694,77150,0.2715,0.5619,0.9910,0.3258,9.11,15.53,-6.42,1700,85000,246.46,9,25,Animal Husbandry|Armory|Forge|Gilded Foundry|MWRend|Preceptory|Tannery|Toxicarium|War College
"Sgt/2HBastard/Chain [ApoHeal, Regen 5, Reroll, Unshakable]",Sergeant,2HBastard,,Chainmail,,False,50,"Apothecary Heal,Regenerate 5,Regenerate Reroll,Unshakable",Random,49215,14157,13097,681,77150,0.6379,0.1835,0.9912,0.7766,24.05,2.55,21.50,2100,105000,468.71,8,22,Animal Husbandry|Apothecary|Armory|Forge|Hospitaller|Infirmary|Preceptory|Tannery|War College
"Sgt/WarHammer/Chain [ApoHeal, Regen 5, Reroll, Unshakable]",Sergeant,War Hammer,,Chainmail,,False,50,"Apothecary Heal,Regenerate 5,Regenerate Reroll,Unshakable",Random,35704,20896,19779,771,77150,0.4628,0.2708,0.9900,0.6308,17.03,3.54,13.49,2100,105000,340.04,8,22,Animal Husbandry|Apothecary|Armory|Forge|Hospitaller|Infirmary|Preceptory|Tannery|War College
"Sgt/Crossbow/Chain [ApoHeal, Regen 5, Reroll, Unshakable]",Sergeant,,,Chainmail,Crossbow,False,50,"Apothecary Heal,Regenerate 5,Regenerate Reroll,Unshakable",Random,31047,25222,20165,716,77150,0.4024,0.3269,0.9907,0.5518,15.02,4.73,10.29,1900,95000,326.81,10,22,Animal Husbandry|Apothecary|Armory|Carpentry|Fletchery|Forge|Hospitaller|Infirmary|Preceptory|Tannery|War College
"Sgt/Lance/Scutum/Chain [ApoHeal, Regen 5, Reroll, Unshakable]",Sergeant,Lance,Scutum Shield,Chainmail,,False,50,"Apothecary Heal,Regenerate 5,Regenerate Reroll,Unshakable",Random,43390,16494,16564,702,77150,0.5624,0.2138,0.9909,0.7246,23.38,2.63,20.76,1900,95000,456.74,10,22,Animal Husbandry|Apothecary|Armory|Carpentry|Forge|Hospitaller|Infirmary|Joinery|Preceptory|Stable|Tannery|War College
"Sgt/Lance3/Scutum/Chain [ApoHeal, Regen 5, Reroll, Unshakable]",Sergeant,Lance3,Scutum Shield,Chainmail,,False,50,"Apothecary Heal,Regenerate 5,Regenerate Reroll,Unshakable",Random,43545,16479,16421,705,77150,0.5644,0.2136,0.9909,0.7255,23.45,2.64,20.81,1900,95000,458.37,10,22,Animal Husbandry|Apothecary|Armory|Carpentry|Forge|Hospitaller|Infirmary|Joinery|Preceptory|Stable|Tannery|War College
"Sgt/Cavalry Spear/Scutum/Chain [ApoHeal, Regen 5, Reroll, Unshakable]",Sergeant,Cavalry Spear,Scutum Shield,Chainmail,,False,50,"Apothecary Heal,Regenerate 5,Regenerate Reroll,Unshakable",Random,33531,24730,18175,714,77150,0.4346,0.3205,0.9907,0.5755,18.23,5.35,12.89,1900,95000,352.96,10,22,Animal Husbandry|Apothecary|Armory|Carpentry|Forge|Hospitaller|Infirmary|Joinery|Preceptory|Stable|Tannery|War College
"Sgt/2HBastard/Chain [MaxInit3, ApoHeal, Seize:1st, Unshakable, Regen 5, Reroll]",Sergeant,2HBastard,,Chainmail,,False,50,"Apothecary Heal,MaxInit3,Regenerate 5,Regenerate Reroll,Seize: first,Unshakable",Random,42499,13919,7713,619,64750,0.6564,0.2150,0.9904,0.7533,25.34,2.96,22.38,2100,105000,404.75,9,26,Animal Husbandry|Apothecary|Armory|Forge|Hospitaller|Infirmary|Ministry|Preceptory|Tannery|War College
"Sgt/WarHammer/Chain [MaxInit3, ApoHeal, Seize:1st, Unshakable, Regen 5, Reroll]",Sergeant,War Hammer,,Chainmail,,False,50,"Apothecary Heal,MaxInit3,Regenerate 5,Regenerate Reroll,Seize: first,Unshakable",Random,34552,17895,11560,743,64750,0.5336,0.2764,0.9885,0.6588,19.94,3.54,16.40,2100,105000,329.07,9,26,Animal Husbandry|Apothecary|Armory|Forge|Hospitaller|Infirmary|Ministry|Preceptory|Tannery|War College
"Sgt/2HBastard/Chain [MaxInit3, ApoHeal, MinInit+1, Seize:1st, Unshakable, Regen 5, Reroll]",Sergeant,2HBastard,,Chainmail,,False,50,"Apothecary Heal,MaxInit3,MinInit+1,Regenerate 5,Regenerate Reroll,Seize: first,Unshakable",Random,42563,13626,7914,647,64750,0.6573,0.2104,0.9900,0.7575,26.12,2.90,23.22,2100,105000,405.36,9,26,Animal Husbandry|Apothecary|Armory|Forge|Hospitaller|Infirmary|Ministry|Ministry Mastery|Preceptory|Tannery|War College
"Sgt/WarHammer/Chain [MaxInit3, ApoHeal, MinInit+1, Seize:1st, Unshakable, Regen 5, Reroll]",Sergeant,War Hammer,,Chainmail,,False,50,"Apothecary Heal,MaxInit3,MinInit+1,Regenerate 5,Regenerate Reroll,Seize: first,Unshakable",Random,51251,8956,3854,689,64750,0.7915,0.1383,0.9894,0.8512,29.87,1.90,27.98,2100,105000,488.10,9,26,Animal Husbandry|Apothecary|Armory|Forge|Hospitaller|Infirmary|Ministry|Ministry Mastery|Preceptory|Tannery|War College
"Sgt/2HBastard/Chain [ApoHeal, Unshakable, Rend, Regen 5, Reroll]",Sergeant,2HBastard,,Chainmail,,False,50,"Apothecary Heal,Regenerate 5,Regenerate Reroll,Rend,Unshakable",Random,51339,11360,13795,656,77150,0.6654,0.1472,0.9915,0.8188,24.98,1.87,23.11,1900,95000,540.41,9,22,Animal Husbandry|Apothecary|Armory|Forge|Hospitaller|Infirmary|MWRend|Preceptory|Tannery|War College
"Sgt/WarHammer/Chain [ApoHeal, Unshakable, Rend, Regen 5, Reroll]",Sergeant,War Hammer,,Chainmail,,False,50,"Apothecary Heal,Regenerate 5,Regenerate Reroll,Rend,Unshakable",Random,35826,20583,19992,749,77150,0.4644,0.2668,0.9903,0.6351,17.12,2.75,14.37,1900,95000,377.12,9,22,Animal Husbandry|Apothecary|Armory|Forge|Hospitaller|Infirmary|MWRend|Preceptory|Tannery|War College
"Sgt/2HBastard/Chain [MaxInit3, ApoHeal, Seize:1st, Unshakable, Rend, Regen 5, Reroll]",Sergeant,2HBastard,,Chainmail,,False,50,"Apothecary Heal,MaxInit3,Regenerate 5,Regenerate Reroll,Rend,Seize: first,Unshakable",Random,43876,11139,9084,651,64750,0.6776,0.1720,0.9899,0.7975,26.18,2.18,24.00,1900,95000,461.85,10,26,Animal Husbandry|Apothecary|Armory|Forge|Hospitaller|Infirmary|MWRend|Ministry|Preceptory|Tannery|War College
"Sgt/WarHammer/Chain [MaxInit3, ApoHeal, Seize:1st, Unshakable, Rend, Regen 5, Reroll]",Sergeant,War Hammer,,Chainmail,,False,50,"Apothecary Heal,MaxInit3,Regenerate 5,Regenerate Reroll,Rend,Seize: first,Unshakable",Random,34826,17537,11688,699,64750,0.5379,0.2708,0.9892,0.6651,20.18,2.59,17.59,1900,95000,366.59,10,26,Animal Husbandry|Apothecary|Armory|Forge|Hospitaller|Infirmary|MWRend|Ministry|Preceptory|Tannery|War College
"Sgt/2HBastard/Chain [MaxInit3, ApoHeal, MinInit+1, Seize:1st, Unshakable, Rend, Regen 5, Reroll]",Sergeant,2HBastard,,Chainmail,,False,50,"Apothecary Heal,MaxInit3,MinInit+1,Regenerate 5,Regenerate Reroll,Rend,Seize: first,Unshakable",Random,44215,10853,9030,652,64750,0.6829,0.1676,0.9899,0.8029,27.15,2.11,25.04,1900,95000,465.42,10,26,Animal Husbandry|Apothecary|Armory|Forge|Hospitaller|Infirmary|MWRend|Ministry|Ministry Mastery|Preceptory|Tannery|War College
"Sgt/WarHammer/Chain [MaxInit3, ApoHeal, MinInit+1, Seize:1st, Unshakable, Rend, Regen 5, Reroll]",Sergeant,War Hammer,,Chainmail,,False,50,"Apothecary Heal,MaxInit3,MinInit+1,Regenerate 5,Regenerate Reroll,Rend,Seize: first,Unshakable",Random,51516,7003,5518,713,64750,0.7956,0.1082,0.9890,0.8803,30.16,0.95,29.21,1900,95000,542.27,10,26,Animal Husbandry|Apothecary|Armory|Forge|Hospitaller|Infirmary|MWRend|Ministry|Ministry Mastery|Preceptory|Tannery|War College
"Sgt/2HBastard/FullPlate [ApoHeal, GF, Unshakable, Regen 5, Reroll]",Sergeant,2HBastard,,Full Plate,,False,50,"Apothecary Heal,GF Armor,Regenerate 5,Regenerate Reroll,Unshakable",Random,36949,21457,18001,743,77150,0.4789,0.2781,0.9904,0.6326,19.15,4.32,14.83,1900,95000,388.94,8,22,Animal Husbandry|Apothecary|Armory|Forge|Gilded Foundry|Hospitaller|Infirmary|Preceptory|Tannery|War College
"Sgt/WarHammer/FullPlate [ApoHeal, GF, Unshakable, Regen 5, Reroll]",Sergeant,War Hammer,,Full Plate,,False,50,"Apothecary Heal,GF Armor,Regenerate 5,Regenerate Reroll,Unshakable",Random,21042,36620,18708,780,77150,0.2727,0.4747,0.9899,0.3649,11.42,10.62,0.81,1900,95000,221.49,8,22,Animal Husbandry|Apothecary|Armory|Forge|Gilded Foundry|Hospitaller|Infirmary|Preceptory|Tannery|War College
"Sgt/Bastard/Tower/FullPlate [ApoHeal, GF, Unshakable, Regen 5, Reroll]",Sergeant,Bastard Sword,Tower Shield,Full Plate,,False,50,"Apothecary Heal,GF Armor,Regenerate 5,Regenerate Reroll,Unshakable",Random,21026,36591,18775,758,77150,0.2725,0.4743,0.9902,0.3649,13.02,16.24,-3.21,1700,85000,247.36,10,22,Animal Husbandry|Apothecary|Armory|Carpentry|Forge|Gilded Foundry|Hospitaller|Infirmary|Joinery|Preceptory|Tannery|War College
"Sgt/Crossbow/FullPlate [ApoHeal, GF, Unshakable, Regen 5, Reroll]",Sergeant,,,Full Plate,Crossbow,False,50,"Apothecary Heal,GF Armor,Regenerate 5,Regenerate Reroll,Unshakable",Random,21040,36618,18738,754,77150,0.2727,0.4746,0.9902,0.3649,11.40,12.33,-0.93,1700,85000,247.53,10,22,Animal Husbandry|Apothecary|Armory|Carpentry|Fletchery|Forge|Gilded Foundry|Hospitaller|Infirmary|Preceptory|Tannery|War College
"Sgt/2HBastard/FullPlate [MaxInit3, ApoHeal, GF, Seize:1st, Unshakable, Regen 5, Reroll]",Sergeant,2HBastard,,Full Plate,,False,50,"Apothecary Heal,GF Armor,MaxInit3,Regenerate 5,Regenerate Reroll,Seize: first,Unshakable",Random,34483,19813,9735,719,64750,0.5326,0.3060,0.9889,0.6351,21.78,4.66,17.12,1900,95000,362.98,9,26,Animal Husbandry|Apothecary|Armory|Forge|Gilded Foundry|Hospitaller|Infirmary|Ministry|Preceptory|Tannery|War College
"Sgt/WarHammer/FullPlate [MaxInit3, ApoHeal, GF, Seize:1st, Unshakable, Regen 5, Reroll]",Sergeant,War Hammer,,Full Plate,,False,50,"Apothecary Heal,GF Armor,MaxInit3,Regenerate 5,Regenerate Reroll,Seize: first,Unshakable",Random,21044,34668,8283,755,64750,0.3250,0.5354,0.9883,0.3777,13.61,10.81,2.81,1900,95000,221.52,9,26,Animal Husbandry|Apothecary|Armory|Forge|Gilded Foundry|Hospitaller|Infirmary|Ministry|Preceptory|Tannery|War College
"Sgt/2HBastard/FullPlate [MaxInit3, ApoHeal, MinInit+1, GF, Seize:1st, Unshakable, Regen 5, Reroll]",Sergeant,2HBastard,,Full Plate,,False,50,"Apothecary Heal,GF Armor,MaxInit3,MinInit+1,Regenerate 5,Regenerate Reroll,Seize: first,Unshakable",Random,42454,13598,8033,665,64750,0.6557,0.2100,0.9897,0.7574,27.14,2.81,24.33,1900,95000,446.88,9,26,Animal Husbandry|Apothecary|Armory|Forge|Gilded Foundry|Hospitaller|Infirmary|Ministry|Ministry Mastery|Preceptory|Tannery|War College
"Sgt/WarHammer/FullPlate [MaxInit3, ApoHeal, MinInit+1, GF, Seize:1st, Unshakable, Regen 5, Reroll]",Sergeant,War Hammer,,Full Plate,,False,50,"Apothecary Heal,GF Armor,MaxInit3,MinInit+1,Regenerate 5,Regenerate Reroll,Seize: first,Unshakable",Random,35252,17058,11699,741,64750,0.5444,0.2634,0.9886,0.6739,22.02,3.28,18.74,1900,95000,371.07,9,26,Animal Husbandry|Apothecary|Armory|Forge|Gilded Foundry|Hospitaller|Infirmary|Ministry|Ministry Mastery|Preceptory|Tannery|War College
"Sgt/2HBastard/FullPlate [ApoHeal, GF, Unshakable, Rend, Regen 5, Reroll]",Sergeant,2HBastard,,Full Plate,,False,50,"Apothecary Heal,GF Armor,Regenerate 5,Regenerate Reroll,Rend,Unshakable",Random,37311,20146,18991,702,77150,0.4836,0.2611,0.9909,0.6494,19.35,3.63,15.72,1700,85000,438.95,9,22,Animal Husbandry|Apothecary|Armory|Forge|Gilded Foundry|Hospitaller|Infirmary|MWRend|Preceptory|Tannery|War College
"Sgt/WarHammer/FullPlate [ApoHeal, GF, Unshakable, Rend, Regen 5, Reroll]",Sergeant,War Hammer,,Full Plate,,False,50,"Apothecary Heal,GF Armor,Regenerate 5,Regenerate Reroll,Rend,Unshakable",Random,21015,36612,18718,805,77150,0.2724,0.4746,0.9896,0.3647,11.42,10.26,1.16,1700,85000,247.24,9,22,Animal Husbandry|Apothecary|Armory|Forge|Gilded Foundry|Hospitaller|Infirmary|MWRend|Preceptory|Tannery|War College
"Sgt/2HBastard/FullPlate [MaxInit3, ApoHeal, GF, Seize:1st, Unshakable, Rend, Regen 5, Reroll]",Sergeant,2HBastard,,Full Plate,,False,50,"Apothecary Heal,GF Armor,MaxInit3,Regenerate 5,Regenerate Reroll,Rend,Seize: first,Unshakable",Random,34867,18465,10759,659,64750,0.5385,0.2852,0.9898,0.6538,22.01,3.85,18.16,1700,85000,410.20,10,26,Animal Husbandry|Apothecary|Armory|Forge|Gilded Foundry|Hospitaller|Infirmary|MWRend|Ministry|Preceptory|Tannery|War College
"Sgt/WarHammer/FullPlate [MaxInit3, ApoHeal, GF, Seize:1st, Unshakable, Rend, Regen 5, Reroll]",Sergeant,War Hammer,,Full Plate,,False,50,"Apothecary Heal,GF Armor,MaxInit3,Regenerate 5,Regenerate Reroll,Rend,Seize: first,Unshakable",Random,21014,34666,8303,767,64750,0.3245,0.5354,0.9882,0.3774,13.61,10.27,3.34,1700,85000,247.22,10,26,Animal Husbandry|Apothecary|Armory|Forge|Gilded Foundry|Hospitaller|Infirmary|MWRend|Ministry|Preceptory|Tannery|War College
"Sgt/2HBastard/FullPlate [MaxInit3, ApoHeal, MinInit+1, GF, Seize:1st, Unshakable, Rend, Regen 5, Reroll]",Sergeant,2HBastard,,Full Plate,,False,50,"Apothecary Heal,GF Armor,MaxInit3,MinInit+1,Regenerate 5,Regenerate Reroll,Rend,Seize: first,Unshakable",Random,44163,10700,9243,644,64750,0.6821,0.1653,0.9901,0.8050,28.15,2.05,26.10,1700,85000,519.56,10,26,Animal Husbandry|Apothecary|Armory|Forge|Gilded Foundry|Hospitaller|Infirmary|MWRend|Ministry|Ministry Mastery|Preceptory|Tannery|War College
"Sgt/WarHammer/FullPlate [MaxInit3, ApoHeal, MinInit+1, GF, Seize:1st, Unshakable, Rend, Regen 5, Reroll]",Sergeant,War Hammer,,Full Plate,,False,50,"Apothecary Heal,GF Armor,MaxInit3,MinInit+1,Regenerate 5,Regenerate Reroll,Rend,Seize: first,Unshakable",Random,35257,16824,11943,726,64750,0.5445,0.2598,0.9888,0.6770,22.09,2.38,19.71,1700,85000,414.79,10,26,Animal Husbandry|Apothecary|Armory|Forge|Gilded Foundry|Hospitaller|Infirmary|MWRend|Ministry|Ministry Mastery|Preceptory|Tannery|War College
"Sgt/2HBastard/Chain [Poison, ApoHeal, Unshakable, Regen 5, Reroll]",Sergeant,2HBastard,,Chainmail,,False,50,"Apothecary Heal,Poison,Regenerate 5,Regenerate Reroll,Unshakable",Random,55329,11286,9899,636,77150,0.7172,0.1463,0.9918,0.8306,27.11,1.76,25.35,2100,105000,526.94,10,25,Animal Husbandry|Apothecary|Armory|Forge|Hospitaller|Infirmary|Preceptory|Tannery|Toxicarium|War College
"Sgt/WarHammer/Chain [Poison, ApoHeal, Unshakable, Regen 5, Reroll]",Sergeant,War Hammer,,Chainmail,,False,50,"Apothecary Heal,Poison,Regenerate 5,Regenerate Reroll,Unshakable",Random,35769,20759,19854,768,77150,0.4636,0.2691,0.9900,0.6328,17.04,3.52,13.52,2100,105000,340.66,10,25,Animal Husbandry|Apothecary|Armory|Forge|Hospitaller|Infirmary|Preceptory|Tannery|Toxicarium|War College
"Sgt/2HBastard/FullPlate [Poison, ApoHeal, GF, Unshakable, Regen 5, Reroll]",Sergeant,2HBastard,,Full Plate,,False,50,"Apothecary Heal,GF Armor,Poison,Regenerate 5,Regenerate Reroll,Unshakable",Random,41773,17492,17155,730,77150,0.5415,0.2267,0.9905,0.7049,21.50,3.29,18.21,1900,95000,439.72,10,25,Animal Husbandry|Apothecary|Armory|Forge|Gilded Foundry|Hospitaller|Infirmary|Preceptory|Tannery|Toxicarium|War College
"Sgt/WarHammer/FullPlate [Poison, ApoHeal, GF, Unshakable, Regen 5, Reroll]",Sergeant,War Hammer,,Full Plate,,False,50,"Apothecary Heal,GF Armor,Poison,Regenerate 5,Regenerate Reroll,Unshakable",Random,21016,36611,18721,802,77150,0.2724,0.4745,0.9896,0.3647,11.40,10.63,0.77,1900,95000,221.22,10,25,Animal Husbandry|Apothecary|Armory|Forge|Gilded Foundry|Hospitaller|Infirmary|Preceptory|Tannery|Toxicarium|War College
"KT/2HBastard/Chain [Steadfast, Unshakable]",Knight Templar,2HBastard,,Chainmail,,False,50,"Steadfast,Unshakable",Random,56453,18365,1672,660,77150,0.7317,0.2380,0.9914,0.7545,19.23,5.59,13.64,2600,130000,434.25,7,22,Animal Husbandry|Armory|Forge|Hospitaller|Preceptory|Preceptory KT|Tannery
"KT/WarHammer/Chain [Steadfast, Unshakable]",Knight Templar,War Hammer,,Chainmail,,False,50,"Steadfast,Unshakable",Random,47622,26500,2326,702,77150,0.6173,0.3435,0.9909,0.6425,14.71,8.91,5.80,2600,130000,366.32,7,22,Animal Husbandry|Armory|Forge|Hospitaller|Preceptory|Preceptory KT|Tannery
"KT/Crossbow/Chain [Steadfast, Unshakable]",Knight Templar,,,Chainmail,Crossbow,False,50,"Steadfast,Unshakable",Random,44856,28915,2678,701,77150,0.5814,0.3748,0.9909,0.6080,14.15,10.03,4.12,2400,120000,373.80,9,22,Animal Husbandry|Armory|Carpentry|Fletchery|Forge|Hospitaller|Preceptory|Preceptory KT|Tannery
"KT/Lance/Scutum/Chain [Steadfast, Unshakable]",Knight Templar,Lance,Scutum Shield,Chainmail,,False,50,"Steadfast,Unshakable",Random,69860,5554,1054,682,77150,0.9055,0.0720,0.9912,0.9264,27.25,1.83,25.42,2400,120000,582.17,9,22,Animal Husbandry|Armory|Carpentry|Forge|Hospitaller|Joinery|Preceptory|Preceptory KT|Stable|Tannery
"KT/Lance3/Scutum/Chain [Steadfast, Unshakable]",Knight Templar,Lance3,Scutum Shield,Chainmail,,False,50,"Steadfast,Unshakable",Random,69847,5480,1085,738,77150,0.9053,0.0710,0.9904,0.9273,27.25,1.86,25.39,2400,120000,582.06,9,22,Animal Husbandry|Armory|Carpentry|Forge|Hospitaller|Joinery|Preceptory|Preceptory KT|Stable|Tannery
"KT/Cavalry Spear/Scutum/Chain [Steadfast, Unshakable]",Knight Templar,Cavalry Spear,Scutum Shield,Chainmail,,False,50,"Steadfast,Unshakable",Random,66712,8009,1737,692,77150,0.8647,0.1038,0.9910,0.8928,24.18,2.81,21.37,2400,120000,555.93,9,22,Animal Husbandry|Armory|Carpentry|Forge|Hospitaller|Joinery|Preceptory|Preceptory KT|Stable|Tannery
"KT/2HBastard/Chain [Steadfast, Unshakable, Rend]",Knight Templar,2HBastard,,Chainmail,,False,50,"Rend,Steadfast,Unshakable",Random,58454,16679,1400,617,77150,0.7577,0.2162,0.9920,0.7780,20.05,4.48,15.57,2400,120000,487.12,8,22,Animal Husbandry|Armory|Forge|Hospitaller|MWRend|Preceptory|Preceptory KT|Tannery
"KT/WarHammer/Chain [Steadfast, Unshakable, Rend]",Knight Templar,War Hammer,,Chainmail,,False,50,"Rend,Steadfast,Unshakable",Random,48175,26176,2117,682,77150,0.6244,0.3393,0.9912,0.6479,14.95,8.10,6.85,2400,120000,401.46,8,22,Animal Husbandry|Armory|Forge|Hospitaller|MWRend|Preceptory|Preceptory KT|Tannery
"KT/Crossbow/Chain [Steadfast, Unshakable, Rend]",Knight Templar,,,Chainmail,Crossbow,False,50,"Rend,Steadfast,Unshakable",Random,45464,28501,2494,691,77150,0.5893,0.3694,0.9910,0.6147,14.41,9.34,5.06,2200,110000,413.31,10,22,Animal Husbandry|Armory|Carpentry|Fletchery|Forge|Hospitaller|MWRend|Preceptory|Preceptory KT|Tannery
"KT/Lance/Scutum/Chain [Steadfast, Unshakable, Rend]",Knight Templar,Lance,Scutum Shield,Chainmail,,False,50,"Rend,Steadfast,Unshakable",Random,70975,4762,731,682,77150,0.9200,0.0617,0.9912,0.9371,27.86,1.41,26.45,2200,110000,645.23,10,22,Animal Husbandry|Armory|Carpentry|Forge|Hospitaller|Joinery|MWRend|Preceptory|Preceptory KT|Stable|Tannery
"KT/Lance3/Scutum/Chain [Steadfast, Unshakable, Rend]",Knight Templar,Lance3,Scutum Shield,Chainmail,,False,50,"Rend,Steadfast,Unshakable",Random,70849,4809,814,678,77150,0.9183,0.0623,0.9912,0.9364,27.81,1.42,26.39,2200,110000,644.08,10,22,Animal Husbandry|Armory|Carpentry|Forge|Hospitaller|Joinery|MWRend|Preceptory|Preceptory KT|Stable|Tannery
"KT/Cavalry Spear/Scutum/Chain [Steadfast, Unshakable, Rend]",Knight Templar,Cavalry Spear,Scutum Shield,Chainmail,,False,50,"Rend,Steadfast,Unshakable",Random,67188,7773,1463,726,77150,0.8709,0.1008,0.9906,0.8963,24.44,2.54,21.90,2200,110000,610.80,10,22,Animal Husbandry|Armory|Carpentry|Forge|Hospitaller|Joinery|MWRend|Preceptory|Preceptory KT|Stable|Tannery
"KT/2HBastard/FullPlate [GF, Steadfast, Unshakable]",Knight Templar,2HBastard,,Full Plate,,False,50,"GF Armor,Steadfast,Unshakable",Random,61386,11950,3087,727,77150,0.7957,0.1549,0.9906,0.8371,20.53,4.10,16.42,2400,120000,511.55,7,22,Animal Husbandry|Armory|Forge|Gilded Foundry|Hospitaller|Preceptory|Preceptory KT|Tannery
"KT/WarHammer/FullPlate [GF, Steadfast, Unshakable]",Knight Templar,War Hammer,,Full Plate,,False,50,"GF Armor,Steadfast,Unshakable",Random,51898,18478,6008,766,77150,0.6727,0.2395,0.9901,0.7374,14.93,8.52,6.40,2400,120000,432.48,7,22,Animal Husbandry|Armory|Forge|Gilded Foundry|Hospitaller|Preceptory|Preceptory KT|Tannery
"KT/Bastard/Tower/FullPlate [GF, Steadfast, Unshakable]",Knight Templar,Bastard Sword,Tower Shield,Full Plate,,False,50,"GF Armor,Steadfast,Unshakable",Random,71793,3169,1423,765,77150,0.9306,0.0411,0.9901,0.9577,29.88,1.95,27.93,2200,110000,652.66,9,22,Animal Husbandry|Armory|Carpentry|Forge|Gilded Foundry|Hospitaller|Joinery|Preceptory|Preceptory KT|Tannery
"KT/Crossbow/FullPlate [GF, Steadfast, Unshakable]",Knight Templar,,,Full Plate,Crossbow,False,50,"GF Armor,Steadfast,Unshakable",Random,51829,18473,6069,779,77150,0.6718,0.2394,0.9899,0.7372,15.36,8.83,6.53,2200,110000,471.17,9,22,Animal Husbandry|Armory|Carpentry|Fletchery|Forge|Gilded Foundry|Hospitaller|Preceptory|Preceptory KT|Tannery
"KT/Crossbow/Tower/FullPlate [GF, Steadfast, Unshakable]",Knight Templar,,Tower Shield,Full Plate,Crossbow,False,50,"GF Armor,Steadfast,Unshakable",Random,71568,3190,1565,827,77150,0.9276,0.0413,0.9893,0.9573,29.79,2.15,27.64,2000,100000,715.68,10,22,Animal Husbandry|Armory|Carpentry|Fletchery|Forge|Gilded Foundry|Hospitaller|Joinery|Preceptory|Preceptory KT|Tannery
"KT/2HBastard/FullPlate [GF, Steadfast, Unshakable, Rend]",Knight Templar,2HBastard,,Full Plate,,False,50,"GF Armor,Rend,Steadfast,Unshakable",Random,61938,11782,2750,680,77150,0.8028,0.1527,0.9912,0.8402,20.96,3.73,17.22,2200,110000,563.07,8,22,Animal Husbandry|Armory|Forge|Gilded Foundry|Hospitaller|MWRend|Preceptory|Preceptory KT|Tannery
"KT/WarHammer/FullPlate [GF, Steadfast, Unshakable, Rend]",Knight Templar,War Hammer,,Full Plate,,False,50,"GF Armor,Rend,Steadfast,Unshakable",Random,51664,18669,6016,801,77150,0.6697,0.2420,0.9896,0.7346,14.89,8.50,6.39,2200,110000,469.67,8,22,Animal Husbandry|Armory|Forge|Gilded Foundry|Hospitaller|MWRend|Preceptory|Preceptory KT|Tannery
"KT/Bastard/Tower/FullPlate [GF, Steadfast, Unshakable, Rend]",Knight Templar,Bastard Sword,Tower Shield,Full Plate,,False,50,"GF Armor,Rend,Steadfast,Unshakable",Random,71752,3151,1469,778,77150,0.9300,0.0408,0.9899,0.9579,29.90,1.94,27.96,2000,100000,717.52,10,22,Animal Husbandry|Armory|Carpentry|Forge|Gilded Foundry|Hospitaller|Joinery|MWRend|Preceptory|Preceptory KT|Tannery
"KT/Crossbow/FullPlate [GF, Steadfast, Unshakable, Rend]",Knight Templar,,,Full Plate,Crossbow,False,50,"GF Armor,Rend,Steadfast,Unshakable",Random,51757,18551,6051,791,77150,0.6709,0.2405,0.9897,0.7361,15.37,8.81,6.56,2000,100000,517.57,10,22,Animal Husbandry|Armory|Carpentry|Fletchery|Forge|Gilded Foundry|Hospitaller|MWRend|Preceptory|Preceptory KT|Tannery
"KT/2HBastard/Chain [Poison, Steadfast, Unshakable]",Knight Templar,2HBastard,,Chainmail,,False,50,"Poison,Steadfast,Unshakable",Random,60265,14870,1407,608,77150,0.7811,0.1927,0.9921,0.8021,20.88,4.35,16.53,2600,130000,463.58,9,25,Animal Husbandry|Armory|Forge|Hospitaller|Preceptory|Preceptory KT|Tannery|Toxicarium
"KT/WarHammer/Chain [Poison, Steadfast, Unshakable]",Knight Templar,War Hammer,,Chainmail,,False,50,"Poison,Steadfast,Unshakable",Random,47442,26641,2337,730,77150,0.6149,0.3453,0.9905,0.6404,14.67,8.92,5.75,2600,130000,364.94,9,25,Animal Husbandry|Armory|Forge|Hospitaller|Preceptory|Preceptory KT|Tannery|Toxicarium
"KT/2HBastard/Chain [Poison, Steadfast, Unshakable, Rend]",Knight Templar,2HBastard,,Chainmail,,False,50,"Poison,Rend,Steadfast,Unshakable",Random,62865,12730,967,588,77150,0.8148,0.1650,0.9924,0.8316,21.94,3.15,18.79,2400,120000,523.88,10,25,Animal Husbandry|Armory|Forge|Hospitaller|MWRend|Preceptory|Preceptory KT|Tannery|Toxicarium
"KT/WarHammer/Chain [Poison, Steadfast, Unshakable, Rend]",Knight Templar,War Hammer,,Chainmail,,False,50,"Poison,Rend,Steadfast,Unshakable",Random,48032,26162,2182,774,77150,0.6226,0.3391,0.9900,0.6474,14.96,8.17,6.80,2400,120000,400.27,10,25,Animal Husbandry|Armory|Forge|Hospitaller|MWRend|Preceptory|Preceptory KT|Tannery|Toxicarium
"KT/2HBastard/FullPlate [Poison, GF, Steadfast, Unshakable]",Knight Templar,2HBastard,,Full Plate,,False,50,"GF Armor,Poison,Steadfast,Unshakable",Random,63056,10675,2678,741,77150,0.8173,0.1384,0.9904,0.8552,21.65,3.56,18.09,2400,120000,525.47,9,25,Animal Husbandry|Armory|Forge|Gilded Foundry|Hospitaller|Preceptory|Preceptory KT|Tannery|Toxicarium
"KT/WarHammer/FullPlate [Poison, GF, Steadfast, Unshakable]",Knight Templar,War Hammer,,Full Plate,,False,50,"GF Armor,Poison,Steadfast,Unshakable",Random,51688,18656,6003,803,77150,0.6700,0.2418,0.9896,0.7348,14.89,8.61,6.28,2400,120000,430.73,9,25,Animal Husbandry|Armory|Forge|Gilded Foundry|Hospitaller|Preceptory|Preceptory KT|Tannery|Toxicarium
"KT/2HBastard/FullPlate [Poison, Steadfast, GF, Unshakable, Rend]",Knight Templar,2HBastard,,Full Plate,,False,50,"GF Armor,Poison,Rend,Steadfast,Unshakable",Random,63951,10235,2252,712,77150,0.8289,0.1327,0.9908,0.8620,22.21,3.16,19.04,2200,110000,581.37,10,25,Animal Husbandry|Armory|Forge|Gilded Foundry|Hospitaller|MWRend|Preceptory|Preceptory KT|Tannery|Toxicarium
"KT/WarHammer/FullPlate [Poison, Steadfast, GF, Unshakable, Rend]",Knight Templar,War Hammer,,Full Plate,,False,50,"GF Armor,Poison,Rend,Steadfast,Unshakable",Random,51705,18762,5901,782,77150,0.6702,0.2432,0.9899,0.7337,14.88,8.53,6.35,2200,110000,470.05,10,25,Animal Husbandry|Armory|Forge|Gilded Foundry|Hospitaller|MWRend|Preceptory|Preceptory KT|Tannery|Toxicarium
"KT/2HBastard/Chain [Steadfast, ApoHeal, Unshakable, Regen 5, Reroll]",Knight Templar,2HBastard,,Chainmail,,False,50,"Apothecary Heal,Regenerate 5,Regenerate Reroll,Steadfast,Unshakable",Random,74488,1082,950,630,77150,0.9655,0.0140,0.9918,0.9857,32.04,0.58,31.47,2600,130000,572.98,8,22,Animal Husbandry|Apothecary|Armory|Forge|Hospitaller|Infirmary|Preceptory|Preceptory KT|Tannery
"KT/WarHammer/Chain [Steadfast, ApoHeal, Unshakable, Regen 5, Reroll]",Knight Templar,War Hammer,,Chainmail,,False,50,"Apothecary Heal,Regenerate 5,Regenerate Reroll,Steadfast,Unshakable",Random,72897,2024,1484,745,77150,0.9449,0.0262,0.9903,0.9730,27.68,0.92,26.76,2600,130000,560.75,8,22,Animal Husbandry|Apothecary|Armory|Forge|Hospitaller|Infirmary|Preceptory|Preceptory KT|Tannery
"KT/Crossbow/Chain [Steadfast, ApoHeal, Unshakable, Regen 5, Reroll]",Knight Templar,,,Chainmail,Crossbow,False,50,"Apothecary Heal,Regenerate 5,Regenerate Reroll,Steadfast,Unshakable",Random,72293,2240,1853,764,77150,0.9370,0.0290,0.9901,0.9699,26.57,0.98,25.59,2400,120000,602.44,10,22,Animal Husbandry|Apothecary|Armory|Carpentry|Fletchery|Forge|Hospitaller|Infirmary|Preceptory|Preceptory KT|Tannery
"KT/Lance/Scutum/Chain [Steadfast, ApoHeal, Unshakable, Regen 5, Reroll]",Knight Templar,Lance,Scutum Shield,Chainmail,,False,50,"Apothecary Heal,Regenerate 5,Regenerate Reroll,Steadfast,Unshakable",Random,76152,136,179,683,77150,0.9871,0.0018,0.9911,0.9982,36.99,0.37,36.61,2400,120000,634.60,10,22,Animal Husbandry|Apothecary|Armory|Carpentry|Forge|Hospitaller|Infirmary|Joinery|Preceptory|Preceptory KT|Stable|Tannery
"KT/Lance3/Scutum/Chain [Steadfast, ApoHeal, Unshakable, Regen 5, Reroll]",Knight Templar,Lance3,Scutum Shield,Chainmail,,False,50,"Apothecary Heal,Regenerate 5,Regenerate Reroll,Steadfast,Unshakable",Random,76169,130,160,691,77150,0.9873,0.0017,0.9910,0.9983,36.98,0.38,36.61,2400,120000,634.74,10,22,Animal Husbandry|Apothecary|Armory|Carpentry|Forge|Hospitaller|Infirmary|Joinery|Preceptory|Preceptory KT|Stable|Tannery
"KT/Cavalry Spear/Scutum/Chain [Steadfast, ApoHeal, Unshakable, Regen 5, Reroll]",Knight Templar,Cavalry Spear,Scutum Shield,Chainmail,,False,50,"Apothecary Heal,Regenerate 5,Regenerate Reroll,Steadfast,Unshakable",Random,75651,359,425,715,77150,0.9806,0.0047,0.9907,0.9953,34.39,0.46,33.93,2400,120000,630.42,10,22,Animal Husbandry|Apothecary|Armory|Carpentry|Forge|Hospitaller|Infirmary|Joinery|Preceptory|Preceptory KT|Stable|Tannery
"KT/2HBastard/Chain [Steadfast, ApoHeal, Unshakable, Rend, Regen 5, Reroll]",Knight Templar,2HBastard,,Chainmail,,False,50,"Apothecary Heal,Regenerate 5,Regenerate Reroll,Rend,Steadfast,Unshakable",Random,75294,639,584,633,77150,0.9759,0.0083,0.9918,0.9916,33.35,0.46,32.88,2400,120000,627.45,9,22,Animal Husbandry|Apothecary|Armory|Forge|Hospitaller|Infirmary|MWRend|Preceptory|Preceptory KT|Tannery
"KT/WarHammer/Chain [Steadfast, ApoHeal, Unshakable, Rend, Regen 5, Reroll]",Knight Templar,War Hammer,,Chainmail,,False,50,"Apothecary Heal,Regenerate 5,Regenerate Reroll,Rend,Steadfast,Unshakable",Random,73352,1838,1230,730,77150,0.9508,0.0238,0.9905,0.9756,28.24,0.78,27.46,2400,120000,611.27,9,22,Animal Husbandry|Apothecary|Armory|Forge|Hospitaller|Infirmary|MWRend|Preceptory|Preceptory KT|Tannery
"KT/2HBastard/FullPlate [Steadfast, ApoHeal, GF, Unshakable, Regen 5, Reroll]",Knight Templar,2HBastard,,Full Plate,,False,50,"Apothecary Heal,GF Armor,Regenerate 5,Regenerate Reroll,Steadfast,Unshakable",Random,75723,279,435,713,77150,0.9815,0.0036,0.9908,0.9963,31.98,0.42,31.56,2400,120000,631.02,8,22,Animal Husbandry|Apothecary|Armory|Forge|Gilded Foundry|Hospitaller|Infirmary|Preceptory|Preceptory KT|Tannery
"KT/WarHammer/FullPlate [Steadfast, ApoHeal, GF, Unshakable, Regen 5, Reroll]",Knight Templar,War Hammer,,Full Plate,,False,50,"Apothecary Heal,GF Armor,Regenerate 5,Regenerate Reroll,Steadfast,Unshakable",Random,74234,845,1280,791,77150,0.9622,0.0110,0.9897,0.9887,25.55,0.73,24.82,2400,120000,618.62,8,22,Animal Husbandry|Apothecary|Armory|Forge|Gilded Foundry|Hospitaller|Infirmary|Preceptory|Preceptory KT|Tannery
"KT/Bastard/Tower/FullPlate [Steadfast, ApoHeal, GF, Unshakable, Regen 5, Reroll]",Knight Templar,Bastard Sword,Tower Shield,Full Plate,,False,50,"Apothecary Heal,GF Armor,Regenerate 5,Regenerate Reroll,Steadfast,Unshakable",Random,76120,93,198,739,77150,0.9866,0.0012,0.9904,0.9988,36.49,0.46,36.03,2200,110000,692.00,10,22,Animal Husbandry|Apothecary|Armory|Carpentry|Forge|Gilded Foundry|Hospitaller|Infirmary|Joinery|Preceptory|Preceptory KT|Tannery
"KT/Crossbow/FullPlate [Steadfast, ApoHeal, GF, Unshakable, Regen 5, Reroll]",Knight Templar,,,Full Plate,Crossbow,False,50,"Apothecary Heal,GF Armor,Regenerate 5,Regenerate Reroll,Steadfast,Unshakable",Random,74165,848,1292,845,77150,0.9613,0.0110,0.9890,0.9887,25.84,0.77,25.07,2200,110000,674.23,10,22,Animal Husbandry|Apothecary|Armory|Carpentry|Fletchery|Forge|Gilded Foundry|Hospitaller|Infirmary|Preceptory|Preceptory KT|Tannery
"KT/2HBastard/FullPlate [Steadfast, ApoHeal, GF, Unshakable, Rend, Regen 5, Reroll]",Knight Templar,2HBastard,,Full Plate,,False,50,"Apothecary Heal,GF Armor,Regenerate 5,Regenerate Reroll,Rend,Steadfast,Unshakable",Random,75883,269,330,668,77150,0.9836,0.0035,0.9913,0.9965,32.52,0.39,32.12,2200,110000,689.85,9,22,Animal Husbandry|Apothecary|Armory|Forge|Gilded Foundry|Hospitaller|Infirmary|MWRend|Preceptory|Preceptory KT|Tannery
"KT/WarHammer/FullPlate [Steadfast, ApoHeal, GF, Unshakable, Rend, Regen 5, Reroll]",Knight Templar,War Hammer,,Full Plate,,False,50,"Apothecary Heal,GF Armor,Regenerate 5,Regenerate Reroll,Rend,Steadfast,Unshakable",Random,74221,833,1284,812,77150,0.9620,0.0108,0.9895,0.9889,25.55,0.74,24.81,2200,110000,674.74,9,22,Animal Husbandry|Apothecary|Armory|Forge|Gilded Foundry|Hospitaller|Infirmary|MWRend|Preceptory|Preceptory KT|Tannery
"KT/2HBastard/Chain [Poison, Steadfast, ApoHeal, Unshakable, Regen 5, Reroll]",Knight Templar,2HBastard,,Chainmail,,False,50,"Apothecary Heal,Poison,Regenerate 5,Regenerate Reroll,Steadfast,Unshakable",Random,75022,822,675,631,77150,0.9724,0.0107,0.9918,0.9892,33.59,0.50,33.09,2600,130000,577.09,10,25,Animal Husbandry|Apothecary|Armory|Forge|Hospitaller|Infirmary|Preceptory|Preceptory KT|Tannery|Toxicarium
"KT/WarHammer/Chain [Poison, Steadfast, ApoHeal, Unshakable, Regen 5, Reroll]",Knight Templar,War Hammer,,Chainmail,,False,50,"Apothecary Heal,Poison,Regenerate 5,Regenerate Reroll,Steadfast,Unshakable",Random,72881,2037,1469,763,77150,0.9447,0.0264,0.9901,0.9728,27.75,0.93,26.83,2600,130000,560.62,10,25,Animal Husbandry|Apothecary|Armory|Forge|Hospitaller|Infirmary|Preceptory|Preceptory KT|Tannery|Toxicarium
"KT/2HBastard/FullPlate [Poison, Steadfast, ApoHeal, GF, Unshakable, Regen 5, Reroll]",Knight Templar,2HBastard,,Full Plate,,False,50,"Apothecary Heal,GF Armor,Poison,Regenerate 5,Regenerate Reroll,Steadfast,Unshakable",Random,75883,202,357,708,77150,0.9836,0.0026,0.9908,0.9973,33.10,0.41,32.69,2400,120000,632.36,10,25,Animal Husbandry|Apothecary|Armory|Forge|Gilded Foundry|Hospitaller|Infirmary|Preceptory|Preceptory KT|Tannery|Toxicarium
"KT/WarHammer/FullPlate [Poison, Steadfast, ApoHeal, GF, Unshakable, Regen 5, Reroll]",Knight Templar,War Hammer,,Full Plate,,False,50,"Apothecary Heal,GF Armor,Poison,Regenerate 5,Regenerate Reroll,Steadfast,Unshakable",Random,74195,841,1320,794,77150,0.9617,0.0109,0.9897,0.9888,25.49,0.74,24.75,2400,120000,618.29,10,25,Animal Husbandry|Apothecary|Armory|Forge|Gilded Foundry|Hospitaller|Infirmary|Preceptory|Preceptory KT|Tannery|Toxicarium
"MaA/Poleaxe/Gothic [GF, Cond+1, Rend]",Man-at-Arms,Poleaxe,,Gothic Plate,,False,50,"Cond Field,GF Armor,Rend",Random,79163,9867,21199,871,111100,0.7125,0.0888,0.9922,0.8892,17.20,1.74,15.46,1000,50000,1583.26,5,13,ABF|Animal Husbandry|Armory|Coliseum|Gilded Foundry|MWRend|Stable|Tannery
"MaA/Lance/Heater/Gothic [GF, Rend, Cond+1]",Man-at-Arms,Lance,Heater Shield,Gothic Plate,,False,50,"Cond Field,GF Armor,Rend",Random,76240,6253,27725,882,111100,0.6862,0.0563,0.9921,0.9242,19.95,1.12,18.83,800,40000,1906.00,7,13,ABF|Animal Husbandry|Armory|Carpentry|Coliseum|Gilded Foundry|Joinery|MWRend|Stable|Tannery
"MaA/Lance3/Heater/Gothic [GF, Rend, Cond+1]",Man-at-Arms,Lance3,Heater Shield,Gothic Plate,,False,50,"Cond Field,GF Armor,Rend",Random,76121,6136,27931,912,111100,0.6852,0.0552,0.9918,0.9254,19.99,1.12,18.87,800,40000,1903.03,7,13,ABF|Animal Husbandry|Armory|Carpentry|Coliseum|Gilded Foundry|Joinery|MWRend|Stable|Tannery
"MaA/Cavalry Spear/Heater/Gothic [GF, Rend, Cond+1]",Man-at-Arms,Cavalry Spear,Heater Shield,Gothic Plate,,False,50,"Cond Field,GF Armor,Rend",Random,64560,9291,36377,872,111100,0.5811,0.0836,0.9922,0.8742,16.81,1.94,14.87,800,40000,1614.00,7,13,ABF|Animal Husbandry|Armory|Carpentry|Coliseum|Gilded Foundry|Joinery|MWRend|Stable|Tannery
"MaA/Bastard/Heater/Gothic [GF, Rend, Cond+1]",Man-at-Arms,Bastard Sword,Heater Shield,Gothic Plate,,False,50,"Cond Field,GF Armor,Rend",Random,75324,6757,28135,884,111100,0.6780,0.0608,0.9920,0.9177,19.65,1.23,18.41,800,40000,1883.10,7,13,ABF|Animal Husbandry|Armory|Carpentry|Coliseum|Gilded Foundry|Joinery|MWRend|Stable|Tannery
"MaA/Morningstar/Heater/Gothic [GF, Rend, Cond+1]",Man-at-Arms,Morningstar,Heater Shield,Gothic Plate,,False,50,"Cond Field,GF Armor,Rend",Random,69453,8195,32541,911,111100,0.6251,0.0738,0.9918,0.8945,18.31,1.81,16.50,800,40000,1736.33,7,13,ABF|Animal Husbandry|Armory|Carpentry|Coliseum|Gilded Foundry|Joinery|MWRend|Stable|Tannery
"MaA/Lance+Crossbow/Gothic (TY) [ImmU, GF, Rend, Cond+1]",Man-at-Arms,Lance,,Gothic Plate,Crossbow,True,50,"Cond Field,GF Armor,Immune Unwieldy,Rend",Random,64912,14265,30990,933,111100,0.5843,0.1284,0.9916,0.8198,13.76,2.68,11.08,800,40000,1622.80,8,16,ABF|Animal Husbandry|Armory|Carpentry|Coliseum|Fletchery|Gilded Foundry|MWRend|Stable|Tannery|Tiltyard
"MaA/Lance3+Crossbow/Gothic (TY) [ImmU, GF, Rend, Cond+1]",Man-at-Arms,Lance3,,Gothic Plate,Crossbow,True,50,"Cond Field,GF Armor,Immune Unwieldy,Rend",Random,64821,14299,31113,867,111100,0.5834,0.1287,0.9922,0.8193,13.76,2.65,11.10,800,40000,1620.53,8,16,ABF|Animal Husbandry|Armory|Carpentry|Coliseum|Fletchery|Gilded Foundry|MWRend|Stable|Tannery|Tiltyard
"MaA/Cavalry Spear+Crossbow/Gothic (TY) [ImmU, GF, Rend, Cond+1]",Man-at-Arms,Cavalry Spear,,Gothic Plate,Crossbow,True,50,"Cond Field,GF Armor,Immune Unwieldy,Rend",Random,56188,17899,36128,885,111100,0.5057,0.1611,0.9920,0.7584,12.13,3.93,8.20,800,40000,1404.70,8,16,ABF|Animal Husbandry|Armory|Carpentry|Coliseum|Fletchery|Gilded Foundry|MWRend|Stable|Tannery|Tiltyard
"MaA/Poleaxe+Longbow/Gothic (TY) [ImmU, GF, Rend, Cond+1]",Man-at-Arms,Poleaxe,,Gothic Plate,Longbow,True,50,"Cond Field,GF Armor,Immune Unwieldy,Rend",Random,83122,8214,18946,818,111100,0.7482,0.0739,0.9926,0.9101,18.81,1.44,17.37,800,40000,2078.05,8,16,ABF|Animal Husbandry|Armory|Carpentry|Coliseum|Fletchery|Gilded Foundry|MWRend|Stable|Tannery|Tiltyard
"MaA/Poleaxe+Javelin/Gothic (TY) [ImmU, GF, Rend, Cond+1]",Man-at-Arms,Poleaxe,,Gothic Plate,Javelin,True,50,"Cond Field,GF Armor,Immune Unwieldy,Rend",Random,77796,10389,22009,906,111100,0.7002,0.0935,0.9918,0.8822,16.82,1.82,15.00,800,40000,1944.90,8,16,ABF|Animal Husbandry|Armory|Carpentry|Coliseum|Fletchery|Gilded Foundry|MWRend|Stable|Tannery|Tiltyard
"MaA/Poleaxe+Crossbow/Gothic (TY) [ImmU, GF, Rend, Cond+1]",Man-at-Arms,Poleaxe,,Gothic Plate,Crossbow,True,50,"Cond Field,GF Armor,Immune Unwieldy,Rend",Random,71832,12323,26039,906,111100,0.6466,0.1109,0.9918,0.8536,15.22,2.24,12.98,800,40000,1795.80,8,16,ABF|Animal Husbandry|Armory|Carpentry|Coliseum|Fletchery|Gilded Foundry|MWRend|Stable|Tannery|Tiltyard
"MaA/Poleaxe+Pilum/Gothic (TY) [ImmU, GF, Rend, Cond+1]",Man-at-Arms,Poleaxe,,Gothic Plate,Pilum,True,50,"Cond Field,GF Armor,Immune Unwieldy,Rend",Random,80376,9765,20086,873,111100,0.7235,0.0879,0.9921,0.8917,17.51,1.73,15.78,800,40000,2009.40,8,16,ABF|Animal Husbandry|Armory|Carpentry|Coliseum|Fletchery|Gilded Foundry|MWRend|Stable|Tannery|Tiltyard
"MaA/Morningstar+Crossbow/Gothic (TY) [ImmU, GF, Rend, Cond+1]",Man-at-Arms,Morningstar,,Gothic Plate,Crossbow,True,50,"Cond Field,GF Armor,Immune Unwieldy,Rend",Random,59309,17266,33630,895,111100,0.5338,0.1554,0.9919,0.7745,12.62,4.04,8.58,800,40000,1482.72,8,16,ABF|Animal Husbandry|Armory|Carpentry|Coliseum|Fletchery|Gilded Foundry|MWRend|Stable|Tannery|Tiltyard
"MaA/Lance+Longbow/Heater/Gothic (TY) [ImmU, GF, Rend, Cond+1]",Man-at-Arms,Lance,Heater Shield,Gothic Plate,Longbow,True,50,"Cond Field,GF Armor,Immune Unwieldy,Rend",Random,80784,4959,24435,922,111100,0.7271,0.0446,0.9917,0.9422,21.99,0.92,21.08,600,30000,2692.80,9,16,ABF|Animal Husbandry|Armory|Carpentry|Coliseum|Fletchery|Gilded Foundry|Joinery|MWRend|Stable|Tannery|Tiltyard
"MaA/Lance3+Longbow/Heater/Gothic (TY) [ImmU, GF, Rend, Cond+1]",Man-at-Arms,Lance3,Heater Shield,Gothic Plate,Longbow,True,50,"Cond Field,GF Armor,Immune Unwieldy,Rend",Random,80792,4848,24599,861,111100,0.7272,0.0436,0.9923,0.9434,21.94,0.89,21.04,600,30000,2693.07,9,16,ABF|Animal Husbandry|Armory|Carpentry|Coliseum|Fletchery|Gilded Foundry|Joinery|MWRend|Stable|Tannery|Tiltyard
"MaA/Cavalry Spear+Longbow/Heater/Gothic (TY) [ImmU, GF, Rend, Cond+1]",Man-at-Arms,Cavalry Spear,Heater Shield,Gothic Plate,Longbow,True,50,"Cond Field,GF Armor,Immune Unwieldy,Rend",Random,69874,7677,32662,887,111100,0.6289,0.0691,0.9920,0.9010,18.61,1.45,17.16,600,30000,2329.13,9,16,ABF|Animal Husbandry|Armory|Carpentry|Coliseum|Fletchery|Gilded Foundry|Joinery|MWRend|Stable|Tannery|Tiltyard
"MaA/Lance+Javelin/Heater/Gothic (TY) [ImmU, GF, Rend, Cond+1]",Man-at-Arms,Lance,Heater Shield,Gothic Plate,Javelin,True,50,"Cond Field,GF Armor,Immune Unwieldy,Rend",Random,76362,6166,27705,867,111100,0.6873,0.0555,0.9922,0.9253,20.10,1.10,19.01,600,30000,2545.40,9,16,ABF|Animal Husbandry|Armory|Carpentry|Coliseum|Fletchery|Gilded Foundry|Joinery|MWRend|Stable|Tannery|Tiltyard
"MaA/Lance3+Javelin/Heater/Gothic (TY) [ImmU, GF, Rend, Cond+1]",Man-at-Arms,Lance3,Heater Shield,Gothic Plate,Javelin,True,50,"Cond Field,GF Armor,Immune Unwieldy,Rend",Random,76525,6121,27597,857,111100,0.6888,0.0551,0.9923,0.9259,20.13,1.10,19.03,600,30000,2550.83,9,16,ABF|Animal Husbandry|Armory|Carpentry|Coliseum|Fletchery|Gilded Foundry|Joinery|MWRend|Stable|Tannery|Tiltyard
"MaA/Cavalry Spear+Javelin/Heater/Gothic (TY) [ImmU, GF, Rend, Cond+1]",Man-at-Arms,Cavalry Spear,Heater Shield,Gothic Plate,Javelin,True,50,"Cond Field,GF Armor,Immune Unwieldy,Rend",Random,66176,8802,35255,867,111100,0.5956,0.0792,0.9922,0.8826,17.30,1.75,15.55,600,30000,2205.87,9,16,ABF|Animal Husbandry|Armory|Carpentry|Coliseum|Fletchery|Gilded Foundry|Joinery|MWRend|Stable|Tannery|Tiltyard
"MaA/Lance+Pilum/Heater/Gothic (TY) [ImmU, GF, Rend, Cond+1]",Man-at-Arms,Lance,Heater Shield,Gothic Plate,Pilum,True,50,"Cond Field,GF Armor,Immune Unwieldy,Rend",Random,82743,5011,22457,889,111100,0.7448,0.0451,0.9920,0.9429,22.16,0.93,21.23,600,30000,2758.10,9,16,ABF|Animal Husbandry|Armory|Carpentry|Coliseum|Fletchery|Gilded Foundry|Joinery|MWRend|Stable|Tannery|Tiltyard
"MaA/Lance3+Pilum/Heater/Gothic (TY) [ImmU, GF, Rend, Cond+1]",Man-at-Arms,Lance3,Heater Shield,Gothic Plate,Pilum,True,50,"Cond Field,GF Armor,Immune Unwieldy,Rend",Random,82973,4997,22209,921,111100,0.7468,0.0450,0.9917,0.9432,22.21,0.96,21.25,600,30000,2765.77,9,16,ABF|Animal Husbandry|Armory|Carpentry|Coliseum|Fletchery|Gilded Foundry|Joinery|MWRend|Stable|Tannery|Tiltyard
"MaA/Cavalry Spear+Pilum/Heater/Gothic (TY) [ImmU, GF, Rend, Cond+1]",Man-at-Arms,Cavalry Spear,Heater Shield,Gothic Plate,Pilum,True,50,"Cond Field,GF Armor,Immune Unwieldy,Rend",Random,70272,8116,31776,936,111100,0.6325,0.0731,0.9916,0.8965,18.51,1.53,16.98,600,30000,2342.40,9,16,ABF|Animal Husbandry|Armory|Carpentry|Coliseum|Fletchery|Gilded Foundry|Joinery|MWRend|Stable|Tannery|Tiltyard
"MaA/Bastard+Longbow/Heater/Gothic (TY) [ImmU, GF, Rend, Cond+1]",Man-at-Arms,Bastard Sword,Heater Shield,Gothic Plate,Longbow,True,50,"Cond Field,GF Armor,Immune Unwieldy,Rend",Random,79998,5526,24745,831,111100,0.7201,0.0497,0.9925,0.9354,21.54,1.00,20.54,600,30000,2666.60,9,16,ABF|Animal Husbandry|Armory|Carpentry|Coliseum|Fletchery|Gilded Foundry|Joinery|MWRend|Stable|Tannery|Tiltyard
"MaA/Bastard+Javelin/Heater/Gothic (TY) [ImmU, GF, Rend, Cond+1]",Man-at-Arms,Bastard Sword,Heater Shield,Gothic Plate,Javelin,True,50,"Cond Field,GF Armor,Immune Unwieldy,Rend",Random,75617,6691,27920,872,111100,0.6806,0.0602,0.9922,0.9187,19.75,1.19,18.56,600,30000,2520.57,9,16,ABF|Animal Husbandry|Armory|Carpentry|Coliseum|Fletchery|Gilded Foundry|Joinery|MWRend|Stable|Tannery|Tiltyard
"MaA/Bastard+Crossbow/Tower/Gothic (TY) [ImmU, GF, Rend, Cond+1]",Man-at-Arms,Bastard Sword,Tower Shield,Gothic Plate,Crossbow,True,50,"Cond Field,GF Armor,Immune Unwieldy,Rend",Random,56309,10476,43391,924,111100,0.5068,0.0943,0.9917,0.8431,15.96,3.41,12.55,600,30000,1876.97,9,16,ABF|Animal Husbandry|Armory|Carpentry|Coliseum|Fletchery|Gilded Foundry|Joinery|MWRend|Stable|Tannery|Tiltyard
"MaA/Bastard+Pilum/Heater/Gothic (TY) [ImmU, GF, Rend, Cond+1]",Man-at-Arms,Bastard Sword,Heater Shield,Gothic Plate,Pilum,True,50,"Cond Field,GF Armor,Immune Unwieldy,Rend",Random,82012,5627,22567,894,111100,0.7382,0.0506,0.9920,0.9358,21.72,1.07,20.66,600,30000,2733.73,9,16,ABF|Animal Husbandry|Armory|Carpentry|Coliseum|Fletchery|Gilded Foundry|Joinery|MWRend|Stable|Tannery|Tiltyard
"MaA/Morningstar+Longbow/Heater/Gothic (TY) [ImmU, GF, Rend, Cond+1]",Man-at-Arms,Morningstar,Heater Shield,Gothic Plate,Longbow,True,50,"Cond Field,GF Armor,Immune Unwieldy,Rend",Random,74072,6984,29191,853,111100,0.6667,0.0629,0.9923,0.9138,19.86,1.41,18.44,600,30000,2469.07,9,16,ABF|Animal Husbandry|Armory|Carpentry|Coliseum|Fletchery|Gilded Foundry|Joinery|MWRend|Stable|Tannery|Tiltyard
"MaA/Morningstar+Javelin/Heater/Gothic (TY) [ImmU, GF, Rend, Cond+1]",Man-at-Arms,Morningstar,Heater Shield,Gothic Plate,Javelin,True,50,"Cond Field,GF Armor,Immune Unwieldy,Rend",Random,70557,7971,31738,834,111100,0.6351,0.0717,0.9925,0.8985,18.51,1.66,16.85,600,30000,2351.90,9,16,ABF|Animal Husbandry|Armory|Carpentry|Coliseum|Fletchery|Gilded Foundry|Joinery|MWRend|Stable|Tannery|Tiltyard
"MaA/Morningstar+Pilum/Heater/Gothic (TY) [ImmU, GF, Rend, Cond+1]",Man-at-Arms,Morningstar,Heater Shield,Gothic Plate,Pilum,True,50,"Cond Field,GF Armor,Immune Unwieldy,Rend",Random,73121,7502,29525,952,111100,0.6582,0.0675,0.9914,0.9069,19.41,1.57,17.84,600,30000,2437.37,9,16,ABF|Animal Husbandry|Armory|Carpentry|Coliseum|Fletchery|Gilded Foundry|Joinery|MWRend|Stable|Tannery|Tiltyard
"MaA/Lance+Crossbow/Gothic (TY) [Drilled, Cond+1, Nimble, GF, Rend, ImmU, Immune Strain]",Man-at-Arms,Lance,,Gothic Plate,Crossbow,True,50,"Cond Field,Drilled,GF Armor,Immune Strain,Immune Unwieldy,Nimble,Rend",Random,95111,7662,2700,827,106300,0.8947,0.0721,0.9922,0.9254,22.56,1.66,20.89,800,40000,2377.78,10,20,ABF|Animal Husbandry|Armory|Carpentry|Coliseum|Fletchery|Gilded Foundry|MWRend|Royal Pavilion|Stable|Tannery|Tiltyard
"MaA/Lance3+Crossbow/Gothic (TY) [Drilled, Cond+1, Nimble, GF, Rend, ImmU, Immune Strain]",Man-at-Arms,Lance3,,Gothic Plate,Crossbow,True,50,"Cond Field,Drilled,GF Armor,Immune Strain,Immune Unwieldy,Nimble,Rend",Random,95082,7651,2700,867,106300,0.8945,0.0720,0.9918,0.9255,22.56,1.67,20.89,800,40000,2377.05,10,20,ABF|Animal Husbandry|Armory|Carpentry|Coliseum|Fletchery|Gilded Foundry|MWRend|Royal Pavilion|Stable|Tannery|Tiltyard
"MaA/Cavalry Spear+Crossbow/Gothic (TY) [Drilled, Cond+1, Nimble, GF, Rend, ImmU, Immune Strain]",Man-at-Arms,Cavalry Spear,,Gothic Plate,Crossbow,True,50,"Cond Field,Drilled,GF Armor,Immune Strain,Immune Unwieldy,Nimble,Rend",Random,90794,10323,4271,912,106300,0.8541,0.0971,0.9914,0.8979,19.97,2.46,17.50,800,40000,2269.85,10,20,ABF|Animal Husbandry|Armory|Carpentry|Coliseum|Fletchery|Gilded Foundry|MWRend|Royal Pavilion|Stable|Tannery|Tiltyard
"MaA/Poleaxe+Longbow/Gothic (TY) [Drilled, Cond+1, Nimble, GF, Rend, ImmU, Immune Strain]",Man-at-Arms,Poleaxe,,Gothic Plate,Longbow,True,50,"Cond Field,Drilled,GF Armor,Immune Strain,Immune Unwieldy,Nimble,Rend",Random,98855,5069,1558,818,106300,0.9300,0.0477,0.9923,0.9512,26.08,1.10,24.98,800,40000,2471.38,10,20,ABF|Animal Husbandry|Armory|Carpentry|Coliseum|Fletchery|Gilded Foundry|MWRend|Royal Pavilion|Stable|Tannery|Tiltyard
"MaA/Poleaxe+Javelin/Gothic (TY) [Drilled, Cond+1, Nimble, GF, Rend, ImmU, Immune Strain]",Man-at-Arms,Poleaxe,,Gothic Plate,Javelin,True,50,"Cond Field,Drilled,GF Armor,Immune Strain,Immune Unwieldy,Nimble,Rend",Random,96883,6545,1981,891,106300,0.9114,0.0616,0.9916,0.9367,24.34,1.42,22.92,800,40000,2422.07,10,20,ABF|Animal Husbandry|Armory|Carpentry|Coliseum|Fletchery|Gilded Foundry|MWRend|Royal Pavilion|Stable|Tannery|Tiltyard
"MaA/Poleaxe+Crossbow/Gothic (TY) [Drilled, Cond+1, Nimble, GF, Rend, ImmU, Immune Strain]",Man-at-Arms,Poleaxe,,Gothic Plate,Crossbow,True,50,"Cond Field,Drilled,GF Armor,Immune Strain,Immune Unwieldy,Nimble,Rend",Random,97004,6427,1997,872,106300,0.9125,0.0605,0.9918,0.9379,24.39,1.41,22.98,800,40000,2425.10,10,20,ABF|Animal Husbandry|Armory|Carpentry|Coliseum|Fletchery|Gilded Foundry|MWRend|Royal Pavilion|Stable|Tannery|Tiltyard
"MaA/Poleaxe+Pilum/Gothic (TY) [Drilled, Cond+1, Nimble, GF, Rend, ImmU, Immune Strain]",Man-at-Arms,Poleaxe,,Gothic Plate,Pilum,True,50,"Cond Field,Drilled,GF Armor,Immune Strain,Immune Unwieldy,Nimble,Rend",Random,97665,5897,1895,843,106300,0.9188,0.0555,0.9921,0.9431,24.74,1.29,23.46,800,40000,2441.62,10,20,ABF|Animal Husbandry|Armory|Carpentry|Coliseum|Fletchery|Gilded Foundry|MWRend|Royal Pavilion|Stable|Tannery|Tiltyard
"MaA/Morningstar+Crossbow/Gothic (TY) [Drilled, Cond+1, Nimble, GF, Rend, ImmU, Immune Strain]",Man-at-Arms,Morningstar,,Gothic Plate,Crossbow,True,50,"Cond Field,Drilled,GF Armor,Immune Strain,Immune Unwieldy,Nimble,Rend",Random,92290,9420,3770,820,106300,0.8682,0.0886,0.9923,0.9074,21.17,2.29,18.88,800,40000,2307.25,10,20,ABF|Animal Husbandry|Armory|Carpentry|Coliseum|Fletchery|Gilded Foundry|MWRend|Royal Pavilion|Stable|Tannery|Tiltyard
"MaA/Poleaxe/Gothic [GF, Outr:once, Rend, Cond+1]",Man-at-Arms,Poleaxe,,Gothic Plate,,False,50,"Cond Field,GF Armor,Outrider: once,Rend",Random,59880,7482,17349,1389,86100,0.6955,0.0869,0.9839,0.8889,16.81,2.20,14.61,1000,50000,1197.60,8,23,ABF|Animal Husbandry|Armory|Caravanery|Cipher Chamber|Coliseum|Gilded Foundry|MWRend|Outrider Intercept Post|Stable|Tannery
"MaA/Lance/Heater/Gothic [GF, Outr:once, Rend, Cond+1]",Man-at-Arms,Lance,Heater Shield,Gothic Plate,,False,50,"Cond Field,GF Armor,Outrider: once,Rend",Random,55957,5095,23630,1418,86100,0.6499,0.0592,0.9835,0.9165,18.83,1.65,17.18,800,40000,1398.92,10,23,ABF|Animal Husbandry|Armory|Caravanery|Carpentry|Cipher Chamber|Coliseum|Gilded Foundry|Joinery|MWRend|Outrider Intercept Post|Stable|Tannery
"MaA/Lance3/Heater/Gothic [GF, Outr:once, Rend, Cond+1]",Man-at-Arms,Lance3,Heater Shield,Gothic Plate,,False,50,"Cond Field,GF Armor,Outrider: once,Rend",Random,56232,5043,23460,1365,86100,0.6531,0.0586,0.9841,0.9177,18.86,1.62,17.24,800,40000,1405.80,10,23,ABF|Animal Husbandry|Armory|Caravanery|Carpentry|Cipher Chamber|Coliseum|Gilded Foundry|Joinery|MWRend|Outrider Intercept Post|Stable|Tannery
"MaA/Cavalry Spear/Heater/Gothic [GF, Outr:once, Rend, Cond+1]",Man-at-Arms,Cavalry Spear,Heater Shield,Gothic Plate,,False,50,"Cond Field,GF Armor,Outrider: once,Rend",Random,45949,7844,30853,1454,86100,0.5337,0.0911,0.9831,0.8542,15.05,2.58,12.48,800,40000,1148.72,10,23,ABF|Animal Husbandry|Armory|Caravanery|Carpentry|Cipher Chamber|Coliseum|Gilded Foundry|Joinery|MWRend|Outrider Intercept Post|Stable|Tannery
"MaA/Bastard/Heater/Gothic [GF, Outr:once, Rend, Cond+1]",Man-at-Arms,Bastard Sword,Heater Shield,Gothic Plate,,False,50,"Cond Field,GF Armor,Outrider: once,Rend",Random,55488,5525,23653,1434,86100,0.6445,0.0642,0.9833,0.9094,18.55,1.78,16.77,800,40000,1387.20,10,23,ABF|Animal Husbandry|Armory|Caravanery|Carpentry|Cipher Chamber|Coliseum|Gilded Foundry|Joinery|MWRend|Outrider Intercept Post|Stable|Tannery
"MaA/Morningstar/Heater/Gothic [GF, Outr:once, Rend, Cond+1]",Man-at-Arms,Morningstar,Heater Shield,Gothic Plate,,False,50,"Cond Field,GF Armor,Outrider: once,Rend",Random,52766,6512,25471,1351,86100,0.6128,0.0756,0.9843,0.8901,17.75,2.15,15.60,800,40000,1319.15,10,23,ABF|Animal Husbandry|Armory|Caravanery|Carpentry|Cipher Chamber|Coliseum|Gilded Foundry|Joinery|MWRend|Outrider Intercept Post|Stable|Tannery
"MaA/Poleaxe/Gothic [Cond+1, Outr:every, GF, Rend]",Man-at-Arms,Poleaxe,,Gothic Plate,,False,50,"Cond Field,GF Armor,Outrider: every,Rend",Random,64513,3284,10946,7357,86100,0.7493,0.0381,0.9146,0.9516,23.10,3.18,19.91,1000,50000,1290.26,10,23,ABF|Animal Husbandry|Armory|Caravanery|Cipher Chamber|Coliseum|Gilded Foundry|MWRend|Outrider Intercept Post|Outrider Mastery|Stable|Tannery
"MaA/Poleaxe/Gothic [Poison, GF, Rend, Cond+1]",Man-at-Arms,Poleaxe,,Gothic Plate,,False,50,"Cond Field,GF Armor,Poison,Rend",Random,82385,9053,18842,820,111100,0.7415,0.0815,0.9926,0.9010,18.17,1.62,16.54,1000,50000,1647.70,7,16,ABF|Animal Husbandry|Armory|Coliseum|Gilded Foundry|MWRend|Stable|Tannery|Toxicarium
"MaA/Lance/Heater/Gothic [Poison, GF, Rend, Cond+1]",Man-at-Arms,Lance,Heater Shield,Gothic Plate,,False,50,"Cond Field,GF Armor,Poison,Rend",Random,80752,5108,24375,865,111100,0.7268,0.0460,0.9922,0.9405,21.31,0.96,20.34,800,40000,2018.80,9,16,ABF|Animal Husbandry|Armory|Carpentry|Coliseum|Gilded Foundry|Joinery|MWRend|Stable|Tannery|Toxicarium
"MaA/Lance3/Heater/Gothic [Poison, GF, Rend, Cond+1]",Man-at-Arms,Lance3,Heater Shield,Gothic Plate,,False,50,"Cond Field,GF Armor,Poison,Rend",Random,80777,5139,24308,876,111100,0.7271,0.0463,0.9921,0.9402,21.30,0.96,20.34,800,40000,2019.42,9,16,ABF|Animal Husbandry|Armory|Carpentry|Coliseum|Gilded Foundry|Joinery|MWRend|Stable|Tannery|Toxicarium
"MaA/Cavalry Spear/Heater/Gothic [Poison, GF, Rend, Cond+1]",Man-at-Arms,Cavalry Spear,Heater Shield,Gothic Plate,,False,50,"Cond Field,GF Armor,Poison,Rend",Random,72353,7473,30408,866,111100,0.6512,0.0673,0.9922,0.9064,19.00,1.43,17.57,800,40000,1808.83,9,16,ABF|Animal Husbandry|Armory|Carpentry|Coliseum|Gilded Foundry|Joinery|MWRend|Stable|Tannery|Toxicarium
"MaA/Bastard/Heater/Gothic [Poison, GF, Rend, Cond+1]",Man-at-Arms,Bastard Sword,Heater Shield,Gothic Plate,,False,50,"Cond Field,GF Armor,Poison,Rend",Random,79661,5892,24629,918,111100,0.7170,0.0530,0.9917,0.9311,20.91,1.12,19.79,800,40000,1991.53,9,16,ABF|Animal Husbandry|Armory|Carpentry|Coliseum|Gilded Foundry|Joinery|MWRend|Stable|Tannery|Toxicarium
"MaA/Morningstar/Heater/Gothic [Poison, GF, Rend, Cond+1]",Man-at-Arms,Morningstar,Heater Shield,Gothic Plate,,False,50,"Cond Field,GF Armor,Poison,Rend",Random,73680,7276,29272,872,111100,0.6632,0.0655,0.9922,0.9101,19.50,1.58,17.92,800,40000,1842.00,9,16,ABF|Animal Husbandry|Armory|Carpentry|Coliseum|Gilded Foundry|Joinery|MWRend|Stable|Tannery|Toxicarium
"MaA/Lance+Crossbow/Gothic (TY) [Poison, Cond+1, GF, Rend, ImmU]",Man-at-Arms,Lance,,Gothic Plate,Crossbow,True,50,"Cond Field,GF Armor,Immune Unwieldy,Poison,Rend",Random,68589,13146,28537,828,111100,0.6174,0.1183,0.9925,0.8392,14.49,2.41,12.08,800,40000,1714.72,10,19,ABF|Animal Husbandry|Armory|Carpentry|Coliseum|Fletchery|Gilded Foundry|MWRend|Stable|Tannery|Tiltyard|Toxicarium
"MaA/Lance3+Crossbow/Gothic (TY) [Poison, Cond+1, GF, Rend, ImmU]",Man-at-Arms,Lance3,,Gothic Plate,Crossbow,True,50,"Cond Field,GF Armor,Immune Unwieldy,Poison,Rend",Random,68513,13231,28472,884,111100,0.6167,0.1191,0.9920,0.8381,14.52,2.44,12.08,800,40000,1712.83,10,19,ABF|Animal Husbandry|Armory|Carpentry|Coliseum|Fletchery|Gilded Foundry|MWRend|Stable|Tannery|Tiltyard|Toxicarium
"MaA/Cavalry Spear+Crossbow/Gothic (TY) [Poison, Cond+1, GF, Rend, ImmU]",Man-at-Arms,Cavalry Spear,,Gothic Plate,Crossbow,True,50,"Cond Field,GF Armor,Immune Unwieldy,Poison,Rend",Random,62099,15717,32423,861,111100,0.5589,0.1415,0.9923,0.7980,13.25,3.17,10.08,800,40000,1552.47,10,19,ABF|Animal Husbandry|Armory|Carpentry|Coliseum|Fletchery|Gilded Foundry|MWRend|Stable|Tannery|Tiltyard|Toxicarium
"MaA/Poleaxe+Longbow/Gothic (TY) [Poison, Cond+1, GF, Rend, ImmU]",Man-at-Arms,Poleaxe,,Gothic Plate,Longbow,True,50,"Cond Field,GF Armor,Immune Unwieldy,Poison,Rend",Random,86345,7258,16652,845,111100,0.7772,0.0653,0.9924,0.9225,19.99,1.31,18.67,800,40000,2158.62,10,19,ABF|Animal Husbandry|Armory|Carpentry|Coliseum|Fletchery|Gilded Foundry|MWRend|Stable|Tannery|Tiltyard|Toxicarium
"MaA/Poleaxe+Javelin/Gothic (TY) [Poison, Cond+1, GF, Rend, ImmU]",Man-at-Arms,Poleaxe,,Gothic Plate,Javelin,True,50,"Cond Field,GF Armor,Immune Unwieldy,Poison,Rend",Random,81581,9305,19338,876,111100,0.7343,0.0838,0.9921,0.8976,17.90,1.66,16.24,800,40000,2039.53,10,19,ABF|Animal Husbandry|Armory|Carpentry|Coliseum|Fletchery|Gilded Foundry|MWRend|Stable|Tannery|Tiltyard|Toxicarium
"MaA/Poleaxe+Crossbow/Gothic (TY) [Poison, Cond+1, GF, Rend, ImmU]",Man-at-Arms,Poleaxe,,Gothic Plate,Crossbow,True,50,"Cond Field,GF Armor,Immune Unwieldy,Poison,Rend",Random,74545,11572,24093,890,111100,0.6710,0.1042,0.9920,0.8656,15.84,2.12,13.72,800,40000,1863.62,10,19,ABF|Animal Husbandry|Armory|Carpentry|Coliseum|Fletchery|Gilded Foundry|MWRend|Stable|Tannery|Tiltyard|Toxicarium
"MaA/Poleaxe+Pilum/Gothic (TY) [Poison, Cond+1, GF, Rend, ImmU]",Man-at-Arms,Poleaxe,,Gothic Plate,Pilum,True,50,"Cond Field,GF Armor,Immune Unwieldy,Poison,Rend",Random,83290,8876,18073,861,111100,0.7497,0.0799,0.9923,0.9037,18.32,1.60,16.72,800,40000,2082.25,10,19,ABF|Animal Husbandry|Armory|Carpentry|Coliseum|Fletchery|Gilded Foundry|MWRend|Stable|Tannery|Tiltyard|Toxicarium
"MaA/Morningstar+Crossbow/Gothic (TY) [Poison, Cond+1, GF, Rend, ImmU]",Man-at-Arms,Morningstar,,Gothic Plate,Crossbow,True,50,"Cond Field,GF Armor,Immune Unwieldy,Poison,Rend",Random,62145,16475,31600,880,111100,0.5594,0.1483,0.9921,0.7904,13.21,3.76,9.45,800,40000,1553.62,10,19,ABF|Animal Husbandry|Armory|Carpentry|Coliseum|Fletchery|Gilded Foundry|MWRend|Stable|Tannery|Tiltyard|Toxicarium
"MaA/Poleaxe/Gothic [Poison, Outr:once, Cond+1, GF, Rend]",Man-at-Arms,Poleaxe,,Gothic Plate,,False,50,"Cond Field,GF Armor,Outrider: once,Poison,Rend",Random,62902,6581,15238,1379,86100,0.7306,0.0764,0.9840,0.9053,18.05,2.05,16.00,1000,50000,1258.04,10,23,ABF|Animal Husbandry|Armory|Caravanery|Cipher Chamber|Coliseum|Gilded Foundry|MWRend|Outrider Intercept Post|Stable|Tannery|Toxicarium
"MaA/Poleaxe/Gothic [Cond+1, ApoHeal, GF, Rend, Regen 5, Reroll]",Man-at-Arms,Poleaxe,,Gothic Plate,,False,50,"Apothecary Heal,Cond Field,GF Armor,Regenerate 5,Regenerate Reroll,Rend",Random,88934,1738,19571,857,111100,0.8005,0.0156,0.9923,0.9808,25.89,0.42,25.47,1000,50000,1778.68,7,19,ABF|Animal Husbandry|Apothecary|Armory|Coliseum|Gilded Foundry|Hospitaller|Infirmary|MWRend|Stable|Tannery
"MaA/Lance/Heater/Gothic [Cond+1, ApoHeal, GF, Rend, Regen 5, Reroll]",Man-at-Arms,Lance,Heater Shield,Gothic Plate,,False,50,"Apothecary Heal,Cond Field,GF Armor,Regenerate 5,Regenerate Reroll,Rend",Random,79625,3239,27338,898,111100,0.7167,0.0292,0.9919,0.9609,25.30,0.61,24.69,800,40000,1990.62,9,19,ABF|Animal Husbandry|Apothecary|Armory|Carpentry|Coliseum|Gilded Foundry|Hospitaller|Infirmary|Joinery|MWRend|Stable|Tannery
"MaA/Lance3/Heater/Gothic [Cond+1, ApoHeal, GF, Rend, Regen 5, Reroll]",Man-at-Arms,Lance3,Heater Shield,Gothic Plate,,False,50,"Apothecary Heal,Cond Field,GF Armor,Regenerate 5,Regenerate Reroll,Rend",Random,79611,3190,27409,890,111100,0.7166,0.0287,0.9920,0.9615,25.28,0.61,24.68,800,40000,1990.28,9,19,ABF|Animal Husbandry|Apothecary|Armory|Carpentry|Coliseum|Gilded Foundry|Hospitaller|Infirmary|Joinery|MWRend|Stable|Tannery
"MaA/Cavalry Spear/Heater/Gothic [Cond+1, ApoHeal, GF, Rend, Regen 5, Reroll]",Man-at-Arms,Cavalry Spear,Heater Shield,Gothic Plate,,False,50,"Apothecary Heal,Cond Field,GF Armor,Regenerate 5,Regenerate Reroll,Rend",Random,68482,5206,36491,921,111100,0.6164,0.0469,0.9917,0.9294,21.26,1.07,20.19,800,40000,1712.05,9,19,ABF|Animal Husbandry|Apothecary|Armory|Carpentry|Coliseum|Gilded Foundry|Hospitaller|Infirmary|Joinery|MWRend|Stable|Tannery
"MaA/Bastard/Heater/Gothic [Cond+1, ApoHeal, GF, Rend, Regen 5, Reroll]",Man-at-Arms,Bastard Sword,Heater Shield,Gothic Plate,,False,50,"Apothecary Heal,Cond Field,GF Armor,Regenerate 5,Regenerate Reroll,Rend",Random,79692,3229,27268,911,111100,0.7173,0.0291,0.9918,0.9611,25.14,0.62,24.52,800,40000,1992.30,9,19,ABF|Animal Husbandry|Apothecary|Armory|Carpentry|Coliseum|Gilded Foundry|Hospitaller|Infirmary|Joinery|MWRend|Stable|Tannery
"MaA/Morningstar/Heater/Gothic [Cond+1, ApoHeal, GF, Rend, Regen 5, Reroll]",Man-at-Arms,Morningstar,Heater Shield,Gothic Plate,,False,50,"Apothecary Heal,Cond Field,GF Armor,Regenerate 5,Regenerate Reroll,Rend",Random,73892,3937,32393,878,111100,0.6651,0.0354,0.9921,0.9494,23.13,0.77,22.36,800,40000,1847.30,9,19,ABF|Animal Husbandry|Apothecary|Armory|Carpentry|Coliseum|Gilded Foundry|Hospitaller|Infirmary|Joinery|MWRend|Stable|Tannery
"MaA/Lance+Crossbow/Gothic (TY) [Cond+1, ApoHeal, GF, Rend, ImmU, Regen 5, Reroll]",Man-at-Arms,Lance,,Gothic Plate,Crossbow,True,50,"Apothecary Heal,Cond Field,GF Armor,Immune Unwieldy,Regenerate 5,Regenerate Reroll,Rend",Random,76169,3706,30368,857,111100,0.6856,0.0334,0.9923,0.9536,21.08,0.68,20.41,800,40000,1904.22,10,22,ABF|Animal Husbandry|Apothecary|Armory|Carpentry|Coliseum|Fletchery|Gilded Foundry|Hospitaller|Infirmary|MWRend|Stable|Tannery|Tiltyard
"MaA/Lance3+Crossbow/Gothic (TY) [Cond+1, ApoHeal, GF, Rend, ImmU, Regen 5, Reroll]",Man-at-Arms,Lance3,,Gothic Plate,Crossbow,True,50,"Apothecary Heal,Cond Field,GF Armor,Immune Unwieldy,Regenerate 5,Regenerate Reroll,Rend",Random,76191,3731,30303,875,111100,0.6858,0.0336,0.9921,0.9533,21.10,0.67,20.43,800,40000,1904.78,10,22,ABF|Animal Husbandry|Apothecary|Armory|Carpentry|Coliseum|Fletchery|Gilded Foundry|Hospitaller|Infirmary|MWRend|Stable|Tannery|Tiltyard
"MaA/Cavalry Spear+Crossbow/Gothic (TY) [Cond+1, ApoHeal, GF, Rend, ImmU, Regen 5, Reroll]",Man-at-Arms,Cavalry Spear,,Gothic Plate,Crossbow,True,50,"Apothecary Heal,Cond Field,GF Armor,Immune Unwieldy,Regenerate 5,Regenerate Reroll,Rend",Random,66675,5595,37992,838,111100,0.6001,0.0504,0.9925,0.9226,18.11,1.08,17.03,800,40000,1666.88,10,22,ABF|Animal Husbandry|Apothecary|Armory|Carpentry|Coliseum|Fletchery|Gilded Foundry|Hospitaller|Infirmary|MWRend|Stable|Tannery|Tiltyard
"MaA/Poleaxe+Longbow/Gothic (TY) [Cond+1, ApoHeal, GF, Rend, ImmU, Regen 5, Reroll]",Man-at-Arms,Poleaxe,,Gothic Plate,Longbow,True,50,"Apothecary Heal,Cond Field,GF Armor,Immune Unwieldy,Regenerate 5,Regenerate Reroll,Rend",Random,91127,1527,17556,890,111100,0.8202,0.0137,0.9920,0.9835,27.52,0.41,27.11,800,40000,2278.18,10,22,ABF|Animal Husbandry|Apothecary|Armory|Carpentry|Coliseum|Fletchery|Gilded Foundry|Hospitaller|Infirmary|MWRend|Stable|Tannery|Tiltyard
"MaA/Poleaxe+Javelin/Gothic (TY) [Cond+1, ApoHeal, GF, Rend, ImmU, Regen 5, Reroll]",Man-at-Arms,Poleaxe,,Gothic Plate,Javelin,True,50,"Apothecary Heal,Cond Field,GF Armor,Immune Unwieldy,Regenerate 5,Regenerate Reroll,Rend",Random,88037,1927,20238,898,111100,0.7924,0.0173,0.9919,0.9786,25.54,0.44,25.10,800,40000,2200.93,10,22,ABF|Animal Husbandry|Apothecary|Armory|Carpentry|Coliseum|Fletchery|Gilded Foundry|Hospitaller|Infirmary|MWRend|Stable|Tannery|Tiltyard
"MaA/Poleaxe+Crossbow/Gothic (TY) [Cond+1, ApoHeal, GF, Rend, ImmU, Regen 5, Reroll]",Man-at-Arms,Poleaxe,,Gothic Plate,Crossbow,True,50,"Apothecary Heal,Cond Field,GF Armor,Immune Unwieldy,Regenerate 5,Regenerate Reroll,Rend",Random,83574,2468,24155,903,111100,0.7522,0.0222,0.9919,0.9713,23.41,0.51,22.89,800,40000,2089.35,10,22,ABF|Animal Husbandry|Apothecary|Armory|Carpentry|Coliseum|Fletchery|Gilded Foundry|Hospitaller|Infirmary|MWRend|Stable|Tannery|Tiltyard
"MaA/Poleaxe+Pilum/Gothic (TY) [Cond+1, ApoHeal, GF, Rend, ImmU, Regen 5, Reroll]",Man-at-Arms,Poleaxe,,Gothic Plate,Pilum,True,50,"Apothecary Heal,Cond Field,GF Armor,Immune Unwieldy,Regenerate 5,Regenerate Reroll,Rend",Random,90464,1540,18217,879,111100,0.8143,0.0139,0.9921,0.9833,26.41,0.41,26.00,800,40000,2261.60,10,22,ABF|Animal Husbandry|Apothecary|Armory|Carpentry|Coliseum|Fletchery|Gilded Foundry|Hospitaller|Infirmary|MWRend|Stable|Tannery|Tiltyard
"MaA/Morningstar+Crossbow/Gothic (TY) [Cond+1, ApoHeal, GF, Rend, ImmU, Regen 5, Reroll]",Man-at-Arms,Morningstar,,Gothic Plate,Crossbow,True,50,"Apothecary Heal,Cond Field,GF Armor,Immune Unwieldy,Regenerate 5,Regenerate Reroll,Rend",Random,70679,4522,34965,934,111100,0.6362,0.0407,0.9916,0.9399,19.16,0.89,18.27,800,40000,1766.97,10,22,ABF|Animal Husbandry|Apothecary|Armory|Carpentry|Coliseum|Fletchery|Gilded Foundry|Hospitaller|Infirmary|MWRend|Stable|Tannery|Tiltyard
"MaA/Poleaxe/Gothic [Poison, Cond+1, ApoHeal, GF, Rend, Regen 5, Reroll]",Man-at-Arms,Poleaxe,,Gothic Plate,,False,50,"Apothecary Heal,Cond Field,GF Armor,Poison,Regenerate 5,Regenerate Reroll,Rend",Random,91631,1382,17204,883,111100,0.8248,0.0124,0.9921,0.9851,27.04,0.39,26.65,1000,50000,1832.62,9,22,ABF|Animal Husbandry|Apothecary|Armory|Coliseum|Gilded Foundry|Hospitaller|Infirmary|MWRend|Stable|Tannery|Toxicarium
"MaA/Poleaxe/Gothic [GF, Rend, Unshakable, Cond+1]",Man-at-Arms,Poleaxe,,Gothic Plate,,False,50,"Cond Field,GF Armor,Rend,Unshakable",Random,52801,4731,12979,739,71250,0.7411,0.0664,0.9896,0.9178,22.64,1.45,21.18,1000,50000,1056.02,6,26,ABF|Animal Husbandry|Armory|Coliseum|Gilded Foundry|MWRend|Preceptory|Stable|Tannery
"MaA/Lance/Heater/Gothic [GF, Rend, Unshakable, Cond+1]",Man-at-Arms,Lance,Heater Shield,Gothic Plate,,False,50,"Cond Field,GF Armor,Rend,Unshakable",Random,50533,2661,17301,755,71250,0.7092,0.0373,0.9894,0.9500,26.05,0.88,25.17,800,40000,1263.33,8,26,ABF|Animal Husbandry|Armory|Carpentry|Coliseum|Gilded Foundry|Joinery|MWRend|Preceptory|Stable|Tannery
"MaA/Lance3/Heater/Gothic [GF, Rend, Unshakable, Cond+1]",Man-at-Arms,Lance3,Heater Shield,Gothic Plate,,False,50,"Cond Field,GF Armor,Rend,Unshakable",Random,50566,2683,17266,735,71250,0.7097,0.0377,0.9897,0.9496,26.07,0.87,25.21,800,40000,1264.15,8,26,ABF|Animal Husbandry|Armory|Carpentry|Coliseum|Gilded Foundry|Joinery|MWRend|Preceptory|Stable|Tannery
"MaA/Cavalry Spear/Heater/Gothic [GF, Rend, Unshakable, Cond+1]",Man-at-Arms,Cavalry Spear,Heater Shield,Gothic Plate,,False,50,"Cond Field,GF Armor,Rend,Unshakable",Random,42882,4344,23286,738,71250,0.6019,0.0610,0.9896,0.9080,22.22,1.39,20.83,800,40000,1072.05,8,26,ABF|Animal Husbandry|Armory|Carpentry|Coliseum|Gilded Foundry|Joinery|MWRend|Preceptory|Stable|Tannery
"MaA/Bastard/Heater/Gothic [GF, Rend, Unshakable, Cond+1]",Man-at-Arms,Bastard Sword,Heater Shield,Gothic Plate,,False,50,"Cond Field,GF Armor,Rend,Unshakable",Random,50036,3027,17468,719,71250,0.7023,0.0425,0.9899,0.9430,25.71,0.95,24.76,800,40000,1250.90,8,26,ABF|Animal Husbandry|Armory|Carpentry|Coliseum|Gilded Foundry|Joinery|MWRend|Preceptory|Stable|Tannery
"MaA/Morningstar/Heater/Gothic [GF, Rend, Unshakable, Cond+1]",Man-at-Arms,Morningstar,Heater Shield,Gothic Plate,,False,50,"Cond Field,GF Armor,Rend,Unshakable",Random,46180,3718,20550,802,71250,0.6481,0.0522,0.9887,0.9255,24.04,1.40,22.64,800,40000,1154.50,8,26,ABF|Animal Husbandry|Armory|Carpentry|Coliseum|Gilded Foundry|Joinery|MWRend|Preceptory|Stable|Tannery
"MaA/Lance+Crossbow/Gothic (TY) [Cond+1, GF, Unshakable, Rend, ImmU]",Man-at-Arms,Lance,,Gothic Plate,Crossbow,True,50,"Cond Field,GF Armor,Immune Unwieldy,Rend,Unshakable",Random,44134,6959,19364,793,71250,0.6194,0.0977,0.9889,0.8638,18.83,2.08,16.75,800,40000,1103.35,9,26,ABF|Animal Husbandry|Armory|Carpentry|Coliseum|Fletchery|Gilded Foundry|MWRend|Preceptory|Stable|Tannery|Tiltyard
"MaA/Lance3+Crossbow/Gothic (TY) [Cond+1, GF, Unshakable, Rend, ImmU]",Man-at-Arms,Lance3,,Gothic Plate,Crossbow,True,50,"Cond Field,GF Armor,Immune Unwieldy,Rend,Unshakable",Random,44112,6888,19482,768,71250,0.6191,0.0967,0.9892,0.8649,18.81,2.06,16.75,800,40000,1102.80,9,26,ABF|Animal Husbandry|Armory|Carpentry|Coliseum|Fletchery|Gilded Foundry|MWRend|Preceptory|Stable|Tannery|Tiltyard
"MaA/Cavalry Spear+Crossbow/Gothic (TY) [Cond+1, GF, Unshakable, Rend, ImmU]",Man-at-Arms,Cavalry Spear,,Gothic Plate,Crossbow,True,50,"Cond Field,GF Armor,Immune Unwieldy,Rend,Unshakable",Random,37978,8848,23702,722,71250,0.5330,0.1242,0.9899,0.8110,16.40,2.92,13.47,800,40000,949.45,9,26,ABF|Animal Husbandry|Armory|Carpentry|Coliseum|Fletchery|Gilded Foundry|MWRend|Preceptory|Stable|Tannery|Tiltyard
"MaA/Poleaxe+Longbow/Gothic (TY) [Cond+1, GF, Unshakable, Rend, ImmU]",Man-at-Arms,Poleaxe,,Gothic Plate,Longbow,True,50,"Cond Field,GF Armor,Immune Unwieldy,Rend,Unshakable",Random,55375,3721,11438,716,71250,0.7772,0.0522,0.9900,0.9370,24.11,1.17,22.94,800,40000,1384.38,9,26,ABF|Animal Husbandry|Armory|Carpentry|Coliseum|Fletchery|Gilded Foundry|MWRend|Preceptory|Stable|Tannery|Tiltyard
"MaA/Poleaxe+Javelin/Gothic (TY) [Cond+1, GF, Unshakable, Rend, ImmU]",Man-at-Arms,Poleaxe,,Gothic Plate,Javelin,True,50,"Cond Field,GF Armor,Immune Unwieldy,Rend,Unshakable",Random,52285,4817,13438,710,71250,0.7338,0.0676,0.9900,0.9156,22.31,1.44,20.87,800,40000,1307.12,9,26,ABF|Animal Husbandry|Armory|Carpentry|Coliseum|Fletchery|Gilded Foundry|MWRend|Preceptory|Stable|Tannery|Tiltyard
"MaA/Poleaxe+Crossbow/Gothic (TY) [Cond+1, GF, Unshakable, Rend, ImmU]",Man-at-Arms,Poleaxe,,Gothic Plate,Crossbow,True,50,"Cond Field,GF Armor,Immune Unwieldy,Rend,Unshakable",Random,48643,5821,16061,725,71250,0.6827,0.0817,0.9898,0.8931,20.73,1.78,18.95,800,40000,1216.08,9,26,ABF|Animal Husbandry|Armory|Carpentry|Coliseum|Fletchery|Gilded Foundry|MWRend|Preceptory|Stable|Tannery|Tiltyard
"MaA/Poleaxe+Pilum/Gothic (TY) [Cond+1, GF, Unshakable, Rend, ImmU]",Man-at-Arms,Poleaxe,,Gothic Plate,Pilum,True,50,"Cond Field,GF Armor,Immune Unwieldy,Rend,Unshakable",Random,53869,4518,12088,775,71250,0.7561,0.0634,0.9891,0.9226,23.05,1.42,21.62,800,40000,1346.72,9,26,ABF|Animal Husbandry|Armory|Carpentry|Coliseum|Fletchery|Gilded Foundry|MWRend|Preceptory|Stable|Tannery|Tiltyard
"MaA/Morningstar+Crossbow/Gothic (TY) [Cond+1, GF, Unshakable, Rend, ImmU]",Man-at-Arms,Morningstar,,Gothic Plate,Crossbow,True,50,"Cond Field,GF Armor,Immune Unwieldy,Rend,Unshakable",Random,40248,8577,21653,772,71250,0.5649,0.1204,0.9892,0.8243,17.06,3.11,13.95,800,40000,1006.20,9,26,ABF|Animal Husbandry|Armory|Carpentry|Coliseum|Fletchery|Gilded Foundry|MWRend|Preceptory|Stable|Tannery|Tiltyard
"MaA/Lance+Longbow/Heater/Gothic (TY) [Cond+1, GF, Unshakable, Rend, ImmU]",Man-at-Arms,Lance,Heater Shield,Gothic Plate,Longbow,True,50,"Cond Field,GF Armor,Immune Unwieldy,Rend,Unshakable",Random,53459,2100,14952,739,71250,0.7503,0.0295,0.9896,0.9622,27.99,0.75,27.24,600,30000,1781.97,10,26,ABF|Animal Husbandry|Armory|Carpentry|Coliseum|Fletchery|Gilded Foundry|Joinery|MWRend|Preceptory|Stable|Tannery|Tiltyard
"MaA/Lance3+Longbow/Heater/Gothic (TY) [Cond+1, GF, Unshakable, Rend, ImmU]",Man-at-Arms,Lance3,Heater Shield,Gothic Plate,Longbow,True,50,"Cond Field,GF Armor,Immune Unwieldy,Rend,Unshakable",Random,53401,2022,15076,751,71250,0.7495,0.0284,0.9895,0.9635,27.96,0.73,27.24,600,30000,1780.03,10,26,ABF|Animal Husbandry|Armory|Carpentry|Coliseum|Fletchery|Gilded Foundry|Joinery|MWRend|Preceptory|Stable|Tannery|Tiltyard
"MaA/Cavalry Spear+Longbow/Heater/Gothic (TY) [Cond+1, GF, Unshakable, Rend, ImmU]",Man-at-Arms,Cavalry Spear,Heater Shield,Gothic Plate,Longbow,True,50,"Cond Field,GF Armor,Immune Unwieldy,Rend,Unshakable",Random,46220,3513,20756,761,71250,0.6487,0.0493,0.9893,0.9294,24.14,1.06,23.08,600,30000,1540.67,10,26,ABF|Animal Husbandry|Armory|Carpentry|Coliseum|Fletchery|Gilded Foundry|Joinery|MWRend|Preceptory|Stable|Tannery|Tiltyard
"MaA/Lance+Javelin/Heater/Gothic (TY) [Cond+1, GF, Unshakable, Rend, ImmU]",Man-at-Arms,Lance,Heater Shield,Gothic Plate,Javelin,True,50,"Cond Field,GF Armor,Immune Unwieldy,Rend,Unshakable",Random,50643,2716,17100,791,71250,0.7108,0.0381,0.9889,0.9491,26.30,0.89,25.42,600,30000,1688.10,10,26,ABF|Animal Husbandry|Armory|Carpentry|Coliseum|Fletchery|Gilded Foundry|Joinery|MWRend|Preceptory|Stable|Tannery|Tiltyard
"MaA/Lance3+Javelin/Heater/Gothic (TY) [Cond+1, GF, Unshakable, Rend, ImmU]",Man-at-Arms,Lance3,Heater Shield,Gothic Plate,Javelin,True,50,"Cond Field,GF Armor,Immune Unwieldy,Rend,Unshakable",Random,50854,2660,16985,751,71250,0.7137,0.0373,0.9895,0.9503,26.32,0.88,25.44,600,30000,1695.13,10,26,ABF|Animal Husbandry|Armory|Carpentry|Coliseum|Fletchery|Gilded Foundry|Joinery|MWRend|Preceptory|Stable|Tannery|Tiltyard
"MaA/Cavalry Spear+Javelin/Heater/Gothic (TY) [Cond+1, GF, Unshakable, Rend, ImmU]",Man-at-Arms,Cavalry Spear,Heater Shield,Gothic Plate,Javelin,True,50,"Cond Field,GF Armor,Immune Unwieldy,Rend,Unshakable",Random,43900,4154,22478,718,71250,0.6161,0.0583,0.9899,0.9136,22.78,1.25,21.54,600,30000,1463.33,10,26,ABF|Animal Husbandry|Armory|Carpentry|Coliseum|Fletchery|Gilded Foundry|Joinery|MWRend|Preceptory|Stable|Tannery|Tiltyard
"MaA/Lance+Pilum/Heater/Gothic (TY) [Cond+1, GF, Unshakable, Rend, ImmU]",Man-at-Arms,Lance,Heater Shield,Gothic Plate,Pilum,True,50,"Cond Field,GF Armor,Immune Unwieldy,Rend,Unshakable",Random,54816,2007,13657,770,71250,0.7693,0.0282,0.9892,0.9647,28.61,0.80,27.81,600,30000,1827.20,10,26,ABF|Animal Husbandry|Armory|Carpentry|Coliseum|Fletchery|Gilded Foundry|Joinery|MWRend|Preceptory|Stable|Tannery|Tiltyard
"MaA/Lance3+Pilum/Heater/Gothic (TY) [Cond+1, GF, Unshakable, Rend, ImmU]",Man-at-Arms,Lance3,Heater Shield,Gothic Plate,Pilum,True,50,"Cond Field,GF Armor,Immune Unwieldy,Rend,Unshakable",Random,54936,1999,13574,741,71250,0.7710,0.0281,0.9896,0.9649,28.63,0.77,27.86,600,30000,1831.20,10,26,ABF|Animal Husbandry|Armory|Carpentry|Coliseum|Fletchery|Gilded Foundry|Joinery|MWRend|Preceptory|Stable|Tannery|Tiltyard
"MaA/Cavalry Spear+Pilum/Heater/Gothic (TY) [Cond+1, GF, Unshakable, Rend, ImmU]",Man-at-Arms,Cavalry Spear,Heater Shield,Gothic Plate,Pilum,True,50,"Cond Field,GF Armor,Immune Unwieldy,Rend,Unshakable",Random,46837,3591,20092,730,71250,0.6574,0.0504,0.9898,0.9288,24.45,1.11,23.34,600,30000,1561.23,10,26,ABF|Animal Husbandry|Armory|Carpentry|Coliseum|Fletchery|Gilded Foundry|Joinery|MWRend|Preceptory|Stable|Tannery|Tiltyard
"MaA/Bastard+Longbow/Heater/Gothic (TY) [Cond+1, GF, Unshakable, Rend, ImmU]",Man-at-Arms,Bastard Sword,Heater Shield,Gothic Plate,Longbow,True,50,"Cond Field,GF Armor,Immune Unwieldy,Rend,Unshakable",Random,52872,2381,15225,772,71250,0.7421,0.0334,0.9892,0.9569,27.39,0.82,26.57,600,30000,1762.40,10,26,ABF|Animal Husbandry|Armory|Carpentry|Coliseum|Fletchery|Gilded Foundry|Joinery|MWRend|Preceptory|Stable|Tannery|Tiltyard
"MaA/Bastard+Javelin/Heater/Gothic (TY) [Cond+1, GF, Unshakable, Rend, ImmU]",Man-at-Arms,Bastard Sword,Heater Shield,Gothic Plate,Javelin,True,50,"Cond Field,GF Armor,Immune Unwieldy,Rend,Unshakable",Random,50263,2953,17301,733,71250,0.7054,0.0414,0.9897,0.9445,25.83,0.95,24.88,600,30000,1675.43,10,26,ABF|Animal Husbandry|Armory|Carpentry|Coliseum|Fletchery|Gilded Foundry|Joinery|MWRend|Preceptory|Stable|Tannery|Tiltyard
"MaA/Bastard+Crossbow/Tower/Gothic (TY) [Cond+1, GF, Unshakable, Rend, ImmU]",Man-at-Arms,Bastard Sword,Tower Shield,Gothic Plate,Crossbow,True,50,"Cond Field,GF Armor,Immune Unwieldy,Rend,Unshakable",Random,36666,5248,28524,812,71250,0.5146,0.0737,0.9886,0.8748,20.77,2.56,18.22,600,30000,1222.20,10,26,ABF|Animal Husbandry|Armory|Carpentry|Coliseum|Fletchery|Gilded Foundry|Joinery|MWRend|Preceptory|Stable|Tannery|Tiltyard
"MaA/Bastard+Pilum/Heater/Gothic (TY) [Cond+1, GF, Unshakable, Rend, ImmU]",Man-at-Arms,Bastard Sword,Heater Shield,Gothic Plate,Pilum,True,50,"Cond Field,GF Armor,Immune Unwieldy,Rend,Unshakable",Random,54224,2439,13834,753,71250,0.7610,0.0342,0.9894,0.9570,28.05,0.92,27.13,600,30000,1807.47,10,26,ABF|Animal Husbandry|Armory|Carpentry|Coliseum|Fletchery|Gilded Foundry|Joinery|MWRend|Preceptory|Stable|Tannery|Tiltyard
"MaA/Morningstar+Longbow/Heater/Gothic (TY) [Cond+1, GF, Unshakable, Rend, ImmU]",Man-at-Arms,Morningstar,Heater Shield,Gothic Plate,Longbow,True,50,"Cond Field,GF Armor,Immune Unwieldy,Rend,Unshakable",Random,49126,3100,18272,752,71250,0.6895,0.0435,0.9894,0.9406,25.62,1.10,24.52,600,30000,1637.53,10,26,ABF|Animal Husbandry|Armory|Carpentry|Coliseum|Fletchery|Gilded Foundry|Joinery|MWRend|Preceptory|Stable|Tannery|Tiltyard
"MaA/Morningstar+Javelin/Heater/Gothic (TY) [Cond+1, GF, Unshakable, Rend, ImmU]",Man-at-Arms,Morningstar,Heater Shield,Gothic Plate,Javelin,True,50,"Cond Field,GF Armor,Immune Unwieldy,Rend,Unshakable",Random,46927,3601,19982,740,71250,0.6586,0.0505,0.9896,0.9287,24.28,1.29,22.99,600,30000,1564.23,10,26,ABF|Animal Husbandry|Armory|Carpentry|Coliseum|Fletchery|Gilded Foundry|Joinery|MWRend|Preceptory|Stable|Tannery|Tiltyard
"MaA/Morningstar+Pilum/Heater/Gothic (TY) [Cond+1, GF, Unshakable, Rend, ImmU]",Man-at-Arms,Morningstar,Heater Shield,Gothic Plate,Pilum,True,50,"Cond Field,GF Armor,Immune Unwieldy,Rend,Unshakable",Random,48827,3301,18395,727,71250,0.6853,0.0463,0.9898,0.9367,25.35,1.20,24.15,600,30000,1627.57,10,26,ABF|Animal Husbandry|Armory|Carpentry|Coliseum|Fletchery|Gilded Foundry|Joinery|MWRend|Preceptory|Stable|Tannery|Tiltyard
"MaA/Poleaxe/Gothic [Cond+1, ApoHeal, GF, Unshakable, Rend, Regen 5, Reroll]",Man-at-Arms,Poleaxe,,Gothic Plate,,False,50,"Apothecary Heal,Cond Field,GF Armor,Regenerate 5,Regenerate Reroll,Rend,Unshakable",Random,58148,403,11942,757,71250,0.8161,0.0057,0.9894,0.9931,32.54,0.42,32.12,1000,50000,1162.96,8,26,ABF|Animal Husbandry|Apothecary|Armory|Coliseum|Gilded Foundry|Hospitaller|Infirmary|MWRend|Preceptory|Stable|Tannery
"MaA/Lance/Heater/Gothic [Cond+1, ApoHeal, GF, Unshakable, Rend, Regen 5, Reroll]",Man-at-Arms,Lance,Heater Shield,Gothic Plate,,False,50,"Apothecary Heal,Cond Field,GF Armor,Regenerate 5,Regenerate Reroll,Rend,Unshakable",Random,52430,1125,16934,761,71250,0.7359,0.0158,0.9893,0.9790,31.81,0.50,31.30,800,40000,1310.75,10,26,ABF|Animal Husbandry|Apothecary|Armory|Carpentry|Coliseum|Gilded Foundry|Hospitaller|Infirmary|Joinery|MWRend|Preceptory|Stable|Tannery
"MaA/Lance3/Heater/Gothic [Cond+1, ApoHeal, GF, Unshakable, Rend, Regen 5, Reroll]",Man-at-Arms,Lance3,Heater Shield,Gothic Plate,,False,50,"Apothecary Heal,Cond Field,GF Armor,Regenerate 5,Regenerate Reroll,Rend,Unshakable",Random,52302,1154,17033,761,71250,0.7341,0.0162,0.9893,0.9784,31.73,0.49,31.23,800,40000,1307.55,10,26,ABF|Animal Husbandry|Apothecary|Armory|Carpentry|Coliseum|Gilded Foundry|Hospitaller|Infirmary|Joinery|MWRend|Preceptory|Stable|Tannery
"MaA/Cavalry Spear/Heater/Gothic [Cond+1, ApoHeal, GF, Unshakable, Rend, Regen 5, Reroll]",Man-at-Arms,Cavalry Spear,Heater Shield,Gothic Plate,,False,50,"Apothecary Heal,Cond Field,GF Armor,Regenerate 5,Regenerate Reroll,Rend,Unshakable",Random,45026,2254,23204,766,71250,0.6319,0.0316,0.9892,0.9523,27.13,0.74,26.40,800,40000,1125.65,10,26,ABF|Animal Husbandry|Apothecary|Armory|Carpentry|Coliseum|Gilded Foundry|Hospitaller|Infirmary|Joinery|MWRend|Preceptory|Stable|Tannery
"MaA/Bastard/Heater/Gothic [Cond+1, ApoHeal, GF, Unshakable, Rend, Regen 5, Reroll]",Man-at-Arms,Bastard Sword,Heater Shield,Gothic Plate,,False,50,"Apothecary Heal,Cond Field,GF Armor,Regenerate 5,Regenerate Reroll,Rend,Unshakable",Random,52378,1159,16967,746,71250,0.7351,0.0163,0.9895,0.9784,31.57,0.48,31.09,800,40000,1309.45,10,26,ABF|Animal Husbandry|Apothecary|Armory|Carpentry|Coliseum|Gilded Foundry|Hospitaller|Infirmary|Joinery|MWRend|Preceptory|Stable|Tannery
"MaA/Morningstar/Heater/Gothic [Cond+1, ApoHeal, GF, Unshakable, Rend, Regen 5, Reroll]",Man-at-Arms,Morningstar,Heater Shield,Gothic Plate,,False,50,"Apothecary Heal,Cond Field,GF Armor,Regenerate 5,Regenerate Reroll,Rend,Unshakable",Random,48477,1521,20471,781,71250,0.6804,0.0213,0.9890,0.9696,29.26,0.58,28.68,800,40000,1211.92,10,26,ABF|Animal Husbandry|Apothecary|Armory|Carpentry|Coliseum|Gilded Foundry|Hospitaller|Infirmary|Joinery|MWRend|Preceptory|Stable|Tannery
"Sgt/Poleaxe/Gothic [GF, Rend]",Sergeant,Poleaxe,,Gothic Plate,,False,50,"GF Armor,Rend",Random,78164,18019,14076,841,111100,0.7035,0.1622,0.9924,0.8127,21.00,1.91,19.09,1500,75000,1042.19,6,16,ABF|Animal Husbandry|Armory|Gilded Foundry|MWRend|Stable|Tannery|War College
"Sgt/Lance/Heater/Gothic [GF, Rend]",Sergeant,Lance,Heater Shield,Gothic Plate,,False,50,"GF Armor,Rend",Random,65762,22743,21777,818,111100,0.5919,0.2047,0.9926,0.7430,20.64,2.33,18.32,1300,65000,1011.72,8,16,ABF|Animal Husbandry|Armory|Carpentry|Gilded Foundry|Joinery|MWRend|Stable|Tannery|War College
"Sgt/Lance3/Heater/Gothic [GF, Rend]",Sergeant,Lance3,Heater Shield,Gothic Plate,,False,50,"GF Armor,Rend",Random,65715,22733,21812,840,111100,0.5915,0.2046,0.9924,0.7430,20.63,2.33,18.30,1300,65000,1011.00,8,16,ABF|Animal Husbandry|Armory|Carpentry|Gilded Foundry|Joinery|MWRend|Stable|Tannery|War College
"Sgt/Cavalry Spear/Heater/Gothic [GF, Rend]",Sergeant,Cavalry Spear,Heater Shield,Gothic Plate,,False,50,"GF Armor,Rend",Random,49837,36415,24047,801,111100,0.4486,0.3278,0.9928,0.5778,15.78,5.27,10.51,1300,65000,766.72,8,16,ABF|Animal Husbandry|Armory|Carpentry|Gilded Foundry|Joinery|MWRend|Stable|Tannery|War College
"Sgt/Bastard/Heater/Gothic [GF, Rend]",Sergeant,Bastard Sword,Heater Shield,Gothic Plate,,False,50,"GF Armor,Rend",Random,64864,23425,21976,835,111100,0.5838,0.2108,0.9925,0.7347,20.18,2.46,17.72,1300,65000,997.91,8,16,ABF|Animal Husbandry|Armory|Carpentry|Gilded Foundry|Joinery|MWRend|Stable|Tannery|War College
"Sgt/Morningstar/Heater/Gothic [GF, Rend]",Sergeant,Morningstar,Heater Shield,Gothic Plate,,False,50,"GF Armor,Rend",Random,48055,35672,26471,902,111100,0.4325,0.3211,0.9919,0.5739,15.40,5.15,10.25,1300,65000,739.31,8,16,ABF|Animal Husbandry|Armory|Carpentry|Gilded Foundry|Joinery|MWRend|Stable|Tannery|War College
"Sgt/Lance+Crossbow/Gothic (TY) [ImmU, GF, Rend, Cond+1]",Sergeant,Lance,,Gothic Plate,Crossbow,True,50,"Cond Field,GF Armor,Immune Unwieldy,Rend",Random,83465,7740,19051,844,111100,0.7513,0.0697,0.9924,0.9151,21.09,1.50,19.60,1300,65000,1284.08,10,16,ABF|Animal Husbandry|Armory|Carpentry|Coliseum|Fletchery|Gilded Foundry|MWRend|Stable|Tannery|Tiltyard|War College
"Sgt/Lance3+Crossbow/Gothic (TY) [ImmU, GF, Rend, Cond+1]",Sergeant,Lance3,,Gothic Plate,Crossbow,True,50,"Cond Field,GF Armor,Immune Unwieldy,Rend",Random,83353,7751,19125,871,111100,0.7503,0.0698,0.9922,0.9149,21.13,1.49,19.64,1300,65000,1282.35,10,16,ABF|Animal Husbandry|Armory|Carpentry|Coliseum|Fletchery|Gilded Foundry|MWRend|Stable|Tannery|Tiltyard|War College
"Sgt/Cavalry Spear+Crossbow/Gothic (TY) [ImmU, GF, Rend, Cond+1]",Sergeant,Cavalry Spear,,Gothic Plate,Crossbow,True,50,"Cond Field,GF Armor,Immune Unwieldy,Rend",Random,69336,12367,28538,859,111100,0.6241,0.1113,0.9923,0.8486,17.23,2.54,14.69,1300,65000,1066.71,10,16,ABF|Animal Husbandry|Armory|Carpentry|Coliseum|Fletchery|Gilded Foundry|MWRend|Stable|Tannery|Tiltyard|War College
"Sgt/Poleaxe+Javelin/Gothic (TY) [ImmU, GF, Rend, Cond+1]",Sergeant,Poleaxe,,Gothic Plate,Javelin,True,50,"Cond Field,GF Armor,Immune Unwieldy,Rend",Random,95100,4350,10805,845,111100,0.8560,0.0392,0.9924,0.9563,26.03,0.91,25.12,1300,65000,1463.08,10,16,ABF|Animal Husbandry|Armory|Carpentry|Coliseum|Fletchery|Gilded Foundry|MWRend|Stable|Tannery|Tiltyard|War College
"Sgt/Poleaxe+Crossbow/Gothic (TY) [ImmU, GF, Rend, Cond+1]",Sergeant,Poleaxe,,Gothic Plate,Crossbow,True,50,"Cond Field,GF Armor,Immune Unwieldy,Rend",Random,91100,5917,13239,844,111100,0.8200,0.0533,0.9924,0.9390,23.69,1.19,22.50,1300,65000,1401.54,10,16,ABF|Animal Husbandry|Armory|Carpentry|Coliseum|Fletchery|Gilded Foundry|MWRend|Stable|Tannery|Tiltyard|War College
"Sgt/Poleaxe+Pilum/Gothic (TY) [ImmU, GF, Rend, Cond+1]",Sergeant,Poleaxe,,Gothic Plate,Pilum,True,50,"Cond Field,GF Armor,Immune Unwieldy,Rend",Random,97398,3909,8957,836,111100,0.8767,0.0352,0.9925,0.9614,27.12,0.86,26.26,1300,65000,1498.43,10,16,ABF|Animal Husbandry|Armory|Carpentry|Coliseum|Fletchery|Gilded Foundry|MWRend|Stable|Tannery|Tiltyard|War College
"Sgt/Morningstar+Crossbow/Gothic (TY) [ImmU, GF, Rend, Cond+1]",Sergeant,Morningstar,,Gothic Plate,Crossbow,True,50,"Cond Field,GF Armor,Immune Unwieldy,Rend",Random,67535,13697,28946,922,111100,0.6079,0.1233,0.9917,0.8314,16.47,3.21,13.27,1300,65000,1039.00,10,16,ABF|Animal Husbandry|Armory|Carpentry|Coliseum|Fletchery|Gilded Foundry|MWRend|Stable|Tannery|Tiltyard|War College
"Sgt/Poleaxe/Gothic [MaxInit3, GF, Seize:1st, Rend]",Sergeant,Poleaxe,,Gothic Plate,,False,50,"GF Armor,MaxInit3,Rend,Seize: first",Random,69123,16122,8700,755,94700,0.7299,0.1702,0.9920,0.8109,22.61,1.88,20.74,1500,75000,921.64,7,20,ABF|Animal Husbandry|Armory|Gilded Foundry|MWRend|Ministry|Stable|Tannery|War College
"Sgt/Lance/Heater/Gothic [MaxInit3, GF, Seize:1st, Rend]",Sergeant,Lance,Heater Shield,Gothic Plate,,False,50,"GF Armor,MaxInit3,Rend,Seize: first",Random,59062,21475,13391,772,94700,0.6237,0.2268,0.9918,0.7334,22.40,2.52,19.89,1300,65000,908.65,9,20,ABF|Animal Husbandry|Armory|Carpentry|Gilded Foundry|Joinery|MWRend|Ministry|Stable|Tannery|War College
"Sgt/Lance3/Heater/Gothic [MaxInit3, GF, Seize:1st, Rend]",Sergeant,Lance3,Heater Shield,Gothic Plate,,False,50,"GF Armor,MaxInit3,Rend,Seize: first",Random,58858,21619,13393,830,94700,0.6215,0.2283,0.9912,0.7314,22.35,2.55,19.80,1300,65000,905.51,9,20,ABF|Animal Husbandry|Armory|Carpentry|Gilded Foundry|Joinery|MWRend|Ministry|Stable|Tannery|War College
"Sgt/Cavalry Spear/Heater/Gothic [MaxInit3, GF, Seize:1st, Rend]",Sergeant,Cavalry Spear,Heater Shield,Gothic Plate,,False,50,"GF Armor,MaxInit3,Rend,Seize: first",Random,46484,33878,13455,883,94700,0.4909,0.3577,0.9907,0.5784,17.72,5.71,12.01,1300,65000,715.14,9,20,ABF|Animal Husbandry|Armory|Carpentry|Gilded Foundry|Joinery|MWRend|Ministry|Stable|Tannery|War College
"Sgt/Bastard/Heater/Gothic [MaxInit3, GF, Seize:1st, Rend]",Sergeant,Bastard Sword,Heater Shield,Gothic Plate,,False,50,"GF Armor,MaxInit3,Rend,Seize: first",Random,58670,21912,13360,758,94700,0.6195,0.2314,0.9920,0.7281,21.99,2.57,19.42,1300,65000,902.62,9,20,ABF|Animal Husbandry|Armory|Carpentry|Gilded Foundry|Joinery|MWRend|Ministry|Stable|Tannery|War College
"Sgt/Morningstar/Heater/Gothic [MaxInit3, GF, Seize:1st, Rend]",Sergeant,Morningstar,Heater Shield,Gothic Plate,,False,50,"GF Armor,MaxInit3,Rend,Seize: first",Random,45945,32184,15678,893,94700,0.4852,0.3399,0.9906,0.5881,17.59,5.12,12.47,1300,65000,706.85,9,20,ABF|Animal Husbandry|Armory|Carpentry|Gilded Foundry|Joinery|MWRend|Ministry|Stable|Tannery|War College
"Sgt/Poleaxe/Gothic [MaxInit3, MinInit+1, GF, Seize:1st, Rend]",Sergeant,Poleaxe,,Gothic Plate,,False,50,"GF Armor,MaxInit3,MinInit+1,Rend,Seize: first",Random,69893,15238,8748,821,94700,0.7380,0.1609,0.9913,0.8210,23.87,1.76,22.11,1500,75000,931.91,7,20,ABF|Animal Husbandry|Armory|Gilded Foundry|MWRend|Ministry|Ministry Mastery|Stable|Tannery|War College
"Sgt/Lance/Heater/Gothic [MaxInit3, MinInit+1, GF, Seize:1st, Rend]",Sergeant,Lance,Heater Shield,Gothic Plate,,False,50,"GF Armor,MaxInit3,MinInit+1,Rend,Seize: first",Random,59175,21175,13535,815,94700,0.6249,0.2236,0.9914,0.7365,22.96,2.49,20.47,1300,65000,910.38,9,20,ABF|Animal Husbandry|Armory|Carpentry|Gilded Foundry|Joinery|MWRend|Ministry|Ministry Mastery|Stable|Tannery|War College
"Sgt/Lance3/Heater/Gothic [MaxInit3, MinInit+1, GF, Seize:1st, Rend]",Sergeant,Lance3,Heater Shield,Gothic Plate,,False,50,"GF Armor,MaxInit3,MinInit+1,Rend,Seize: first",Random,59178,21084,13661,777,94700,0.6249,0.2226,0.9918,0.7373,22.95,2.48,20.47,1300,65000,910.43,9,20,ABF|Animal Husbandry|Armory|Carpentry|Gilded Foundry|Joinery|MWRend|Ministry|Ministry Mastery|Stable|Tannery|War College
"Sgt/Cavalry Spear/Heater/Gothic [MaxInit3, MinInit+1, GF, Seize:1st, Rend]",Sergeant,Cavalry Spear,Heater Shield,Gothic Plate,,False,50,"GF Armor,MaxInit3,MinInit+1,Rend,Seize: first",Random,46959,33421,13508,812,94700,0.4959,0.3529,0.9914,0.5842,17.98,5.60,12.38,1300,65000,722.45,9,20,ABF|Animal Husbandry|Armory|Carpentry|Gilded Foundry|Joinery|MWRend|Ministry|Ministry Mastery|Stable|Tannery|War College
"Sgt/Bastard/Heater/Gothic [MaxInit3, MinInit+1, GF, Seize:1st, Rend]",Sergeant,Bastard Sword,Heater Shield,Gothic Plate,,False,50,"GF Armor,MaxInit3,MinInit+1,Rend,Seize: first",Random,59108,21517,13296,779,94700,0.6242,0.2272,0.9918,0.7331,22.52,2.51,20.01,1300,65000,909.35,9,20,ABF|Animal Husbandry|Armory|Carpentry|Gilded Foundry|Joinery|MWRend|Ministry|Ministry Mastery|Stable|Tannery|War College
"Sgt/Morningstar/Heater/Gothic [MaxInit3, MinInit+1, GF, Seize:1st, Rend]",Sergeant,Morningstar,Heater Shield,Gothic Plate,,False,50,"GF Armor,MaxInit3,MinInit+1,Rend,Seize: first",Random,58552,21475,13867,806,94700,0.6183,0.2268,0.9915,0.7317,22.54,2.70,19.85,1300,65000,900.80,9,20,ABF|Animal Husbandry|Armory|Carpentry|Gilded Foundry|Joinery|MWRend|Ministry|Ministry Mastery|Stable|Tannery|War College
"Sgt/Poleaxe/Gothic [GF, Outr:once, Rend]",Sergeant,Poleaxe,,Gothic Plate,,False,50,"GF Armor,Outrider: once,Rend",Random,57701,14925,12001,1473,86100,0.6702,0.1733,0.9829,0.7945,20.77,2.53,18.24,1500,75000,769.35,9,26,ABF|Animal Husbandry|Armory|Caravanery|Cipher Chamber|Gilded Foundry|MWRend|Outrider Intercept Post|Stable|Tannery|War College
"Sgt/Poleaxe/Gothic [Poison, GF, Rend]",Sergeant,Poleaxe,,Gothic Plate,,False,50,"GF Armor,Poison,Rend",Random,82449,15644,12186,821,111100,0.7421,0.1408,0.9926,0.8405,22.49,1.64,20.85,1500,75000,1099.32,8,19,ABF|Animal Husbandry|Armory|Gilded Foundry|MWRend|Stable|Tannery|Toxicarium|War College
"Sgt/Lance/Heater/Gothic [Poison, GF, Rend]",Sergeant,Lance,Heater Shield,Gothic Plate,,False,50,"GF Armor,Poison,Rend",Random,74460,18226,17596,818,111100,0.6702,0.1641,0.9926,0.8034,23.40,1.80,21.60,1300,65000,1145.54,10,19,ABF|Animal Husbandry|Armory|Carpentry|Gilded Foundry|Joinery|MWRend|Stable|Tannery|Toxicarium|War College
"Sgt/Lance3/Heater/Gothic [Poison, GF, Rend]",Sergeant,Lance3,Heater Shield,Gothic Plate,,False,50,"GF Armor,Poison,Rend",Random,74454,18154,17645,847,111100,0.6702,0.1634,0.9924,0.8040,23.39,1.81,21.58,1300,65000,1145.45,10,19,ABF|Animal Husbandry|Armory|Carpentry|Gilded Foundry|Joinery|MWRend|Stable|Tannery|Toxicarium|War College
"Sgt/Cavalry Spear/Heater/Gothic [Poison, GF, Rend]",Sergeant,Cavalry Spear,Heater Shield,Gothic Plate,,False,50,"GF Armor,Poison,Rend",Random,60421,28059,21762,858,111100,0.5438,0.2526,0.9923,0.6829,18.99,3.27,15.72,1300,65000,929.55,10,19,ABF|Animal Husbandry|Armory|Carpentry|Gilded Foundry|Joinery|MWRend|Stable|Tannery|Toxicarium|War College
"Sgt/Bastard/Heater/Gothic [Poison, GF, Rend]",Sergeant,Bastard Sword,Heater Shield,Gothic Plate,,False,50,"GF Armor,Poison,Rend",Random,73640,18747,17878,835,111100,0.6628,0.1687,0.9925,0.7971,22.81,1.91,20.89,1300,65000,1132.92,10,19,ABF|Animal Husbandry|Armory|Carpentry|Gilded Foundry|Joinery|MWRend|Stable|Tannery|Toxicarium|War College
"Sgt/Morningstar/Heater/Gothic [Poison, GF, Rend]",Sergeant,Morningstar,Heater Shield,Gothic Plate,,False,50,"GF Armor,Poison,Rend",Random,53172,30827,26268,833,111100,0.4786,0.2775,0.9925,0.6330,16.91,4.14,12.77,1300,65000,818.03,10,19,ABF|Animal Husbandry|Armory|Carpentry|Gilded Foundry|Joinery|MWRend|Stable|Tannery|Toxicarium|War College
"Sgt/Poleaxe/Gothic [Poison, MaxInit3, GF, Seize:1st, Rend]",Sergeant,Poleaxe,,Gothic Plate,,False,50,"GF Armor,MaxInit3,Poison,Rend,Seize: first",Random,72222,13920,7748,810,94700,0.7626,0.1470,0.9914,0.8384,24.01,1.64,22.37,1500,75000,962.96,9,23,ABF|Animal Husbandry|Armory|Gilded Foundry|MWRend|Ministry|Stable|Tannery|Toxicarium|War College
"Sgt/Poleaxe/Gothic [Poison, MaxInit3, MinInit+1, GF, Seize:1st, Rend]",Sergeant,Poleaxe,,Gothic Plate,,False,50,"GF Armor,MaxInit3,MinInit+1,Poison,Rend,Seize: first",Random,72994,13037,7942,727,94700,0.7708,0.1377,0.9923,0.8485,25.29,1.45,23.84,1500,75000,973.25,9,23,ABF|Animal Husbandry|Armory|Gilded Foundry|MWRend|Ministry|Ministry Mastery|Stable|Tannery|Toxicarium|War College
"Sgt/Poleaxe/Gothic [ApoHeal, GF, Rend, Regen 5, Reroll]",Sergeant,Poleaxe,,Gothic Plate,,False,50,"Apothecary Heal,GF Armor,Regenerate 5,Regenerate Reroll,Rend",Random,81438,13567,15285,810,111100,0.7330,0.1221,0.9927,0.8572,27.87,1.17,26.70,1500,75000,1085.84,8,22,ABF|Animal Husbandry|Apothecary|Armory|Gilded Foundry|Hospitaller|Infirmary|MWRend|Stable|Tannery|War College
"Sgt/Lance/Heater/Gothic [ApoHeal, GF, Rend, Regen 5, Reroll]",Sergeant,Lance,Heater Shield,Gothic Plate,,False,50,"Apothecary Heal,GF Armor,Regenerate 5,Regenerate Reroll,Rend",Random,66718,20745,22836,801,111100,0.6005,0.1867,0.9928,0.7628,24.30,2.01,22.29,1300,65000,1026.43,10,22,ABF|Animal Husbandry|Apothecary|Armory|Carpentry|Gilded Foundry|Hospitaller|Infirmary|Joinery|MWRend|Stable|Tannery|War College
"Sgt/Lance3/Heater/Gothic [ApoHeal, GF, Rend, Regen 5, Reroll]",Sergeant,Lance3,Heater Shield,Gothic Plate,,False,50,"Apothecary Heal,GF Armor,Regenerate 5,Regenerate Reroll,Rend",Random,66814,20679,22784,823,111100,0.6014,0.1861,0.9926,0.7636,24.35,2.01,22.35,1300,65000,1027.91,10,22,ABF|Animal Husbandry|Apothecary|Armory|Carpentry|Gilded Foundry|Hospitaller|Infirmary|Joinery|MWRend|Stable|Tannery|War College
"Sgt/Cavalry Spear/Heater/Gothic [ApoHeal, GF, Rend, Regen 5, Reroll]",Sergeant,Cavalry Spear,Heater Shield,Gothic Plate,,False,50,"Apothecary Heal,GF Armor,Regenerate 5,Regenerate Reroll,Rend",Random,51352,33517,25372,859,111100,0.4622,0.3017,0.9923,0.6051,18.61,4.66,13.95,1300,65000,790.03,10,22,ABF|Animal Husbandry|Apothecary|Armory|Carpentry|Gilded Foundry|Hospitaller|Infirmary|Joinery|MWRend|Stable|Tannery|War College
"Sgt/Bastard/Heater/Gothic [ApoHeal, GF, Rend, Regen 5, Reroll]",Sergeant,Bastard Sword,Heater Shield,Gothic Plate,,False,50,"Apothecary Heal,GF Armor,Regenerate 5,Regenerate Reroll,Rend",Random,66749,20628,22893,830,111100,0.6008,0.1857,0.9925,0.7639,24.13,2.02,22.11,1300,65000,1026.91,10,22,ABF|Animal Husbandry|Apothecary|Armory|Carpentry|Gilded Foundry|Hospitaller|Infirmary|Joinery|MWRend|Stable|Tannery|War College
"Sgt/Morningstar/Heater/Gothic [ApoHeal, GF, Rend, Regen 5, Reroll]",Sergeant,Morningstar,Heater Shield,Gothic Plate,,False,50,"Apothecary Heal,GF Armor,Regenerate 5,Regenerate Reroll,Rend",Random,49199,32172,28850,879,111100,0.4428,0.2896,0.9921,0.6046,17.89,4.13,13.76,1300,65000,756.91,10,22,ABF|Animal Husbandry|Apothecary|Armory|Carpentry|Gilded Foundry|Hospitaller|Infirmary|Joinery|MWRend|Stable|Tannery|War College
"Sgt/Poleaxe/Gothic [MaxInit3, ApoHeal, GF, Seize:1st, Rend, Regen 5, Reroll]",Sergeant,Poleaxe,,Gothic Plate,,False,50,"Apothecary Heal,GF Armor,MaxInit3,Regenerate 5,Regenerate Reroll,Rend,Seize: first",Random,70837,13493,9614,756,94700,0.7480,0.1425,0.9920,0.8400,28.90,1.34,27.55,1500,75000,944.49,9,26,ABF|Animal Husbandry|Apothecary|Armory|Gilded Foundry|Hospitaller|Infirmary|MWRend|Ministry|Stable|Tannery|War College
"Sgt/Poleaxe/Gothic [MaxInit3, ApoHeal, MinInit+1, GF, Seize:1st, Rend, Regen 5, Reroll]",Sergeant,Poleaxe,,Gothic Plate,,False,50,"Apothecary Heal,GF Armor,MaxInit3,MinInit+1,Regenerate 5,Regenerate Reroll,Rend,Seize: first",Random,70849,13442,9632,777,94700,0.7481,0.1419,0.9918,0.8405,29.48,1.32,28.15,1500,75000,944.65,9,26,ABF|Animal Husbandry|Apothecary|Armory|Gilded Foundry|Hospitaller|Infirmary|MWRend|Ministry|Ministry Mastery|Stable|Tannery|War College
"Sgt/Poleaxe/Gothic [Poison, ApoHeal, GF, Rend, Regen 5, Reroll]",Sergeant,Poleaxe,,Gothic Plate,,False,50,"Apothecary Heal,GF Armor,Poison,Regenerate 5,Regenerate Reroll,Rend",Random,85062,11567,13628,843,111100,0.7656,0.1041,0.9924,0.8803,29.41,0.97,28.44,1500,75000,1134.16,10,25,ABF|Animal Husbandry|Apothecary|Armory|Gilded Foundry|Hospitaller|Infirmary|MWRend|Stable|Tannery|Toxicarium|War College
"Sgt/Poleaxe/Gothic [GF, Unshakable, Rend]",Sergeant,Poleaxe,,Gothic Plate,,False,50,"GF Armor,Rend,Unshakable",Random,51092,9931,9575,652,71250,0.7171,0.1394,0.9908,0.8373,24.35,1.42,22.93,1500,75000,681.23,7,26,ABF|Animal Husbandry|Armory|Gilded Foundry|MWRend|Preceptory|Stable|Tannery|War College
"Sgt/Lance/Heater/Gothic [GF, Unshakable, Rend]",Sergeant,Lance,Heater Shield,Gothic Plate,,False,50,"GF Armor,Rend,Unshakable",Random,43016,12961,14591,682,71250,0.6037,0.1819,0.9904,0.7685,23.82,1.76,22.06,1300,65000,661.78,9,26,ABF|Animal Husbandry|Armory|Carpentry|Gilded Foundry|Joinery|MWRend|Preceptory|Stable|Tannery|War College
"Sgt/Lance3/Heater/Gothic [GF, Unshakable, Rend]",Sergeant,Lance3,Heater Shield,Gothic Plate,,False,50,"GF Armor,Rend,Unshakable",Random,43057,12913,14548,732,71250,0.6043,0.1812,0.9897,0.7693,23.88,1.79,22.09,1300,65000,662.42,9,26,ABF|Animal Husbandry|Armory|Carpentry|Gilded Foundry|Joinery|MWRend|Preceptory|Stable|Tannery|War College
"Sgt/Cavalry Spear/Heater/Gothic [GF, Unshakable, Rend]",Sergeant,Cavalry Spear,Heater Shield,Gothic Plate,,False,50,"GF Armor,Rend,Unshakable",Random,32430,21934,16120,766,71250,0.4552,0.3078,0.9892,0.5965,18.44,4.14,14.30,1300,65000,498.92,9,26,ABF|Animal Husbandry|Armory|Carpentry|Gilded Foundry|Joinery|MWRend|Preceptory|Stable|Tannery|War College
"Sgt/Bastard/Heater/Gothic [GF, Unshakable, Rend]",Sergeant,Bastard Sword,Heater Shield,Gothic Plate,,False,50,"GF Armor,Rend,Unshakable",Random,42599,13397,14580,674,71250,0.5979,0.1880,0.9905,0.7608,23.37,1.87,21.51,1300,65000,655.37,9,26,ABF|Animal Husbandry|Armory|Carpentry|Gilded Foundry|Joinery|MWRend|Preceptory|Stable|Tannery|War College
"Sgt/Morningstar/Heater/Gothic [GF, Unshakable, Rend]",Sergeant,Morningstar,Heater Shield,Gothic Plate,,False,50,"GF Armor,Rend,Unshakable",Random,31196,21289,18027,738,71250,0.4378,0.2988,0.9896,0.5944,18.05,4.01,14.04,1300,65000,479.94,9,26,ABF|Animal Husbandry|Armory|Carpentry|Gilded Foundry|Joinery|MWRend|Preceptory|Stable|Tannery|War College
"Sgt/Poleaxe/Gothic [ApoHeal, GF, Unshakable, Rend, Regen 5, Reroll]",Sergeant,Poleaxe,,Gothic Plate,,False,50,"Apothecary Heal,GF Armor,Regenerate 5,Regenerate Reroll,Rend,Unshakable",Random,52666,7742,10155,687,71250,0.7392,0.1087,0.9904,0.8718,31.26,0.95,30.31,1500,75000,702.21,9,26,ABF|Animal Husbandry|Apothecary|Armory|Gilded Foundry|Hospitaller|Infirmary|MWRend|Preceptory|Stable|Tannery|War College
"KT/Poleaxe/Gothic [GF, Steadfast, Unshakable, Rend]",Knight Templar,Poleaxe,,Gothic Plate,,False,50,"GF Armor,Rend,Steadfast,Unshakable",Random,69228,1192,213,617,71250,0.9716,0.0167,0.9913,0.9831,33.23,0.59,32.64,2000,100000,692.28,8,26,ABF|Animal Husbandry|Armory|Gilded Foundry|Hospitaller|MWRend|Preceptory|Preceptory KT|Stable|Tannery
"KT/Lance/Heater/Gothic [GF, Steadfast, Unshakable, Rend]",Knight Templar,Lance,Heater Shield,Gothic Plate,,False,50,"GF Armor,Rend,Steadfast,Unshakable",Random,70034,460,87,669,71250,0.9829,0.0065,0.9906,0.9935,37.71,0.46,37.25,1800,90000,778.16,10,26,ABF|Animal Husbandry|Armory|Carpentry|Gilded Foundry|Hospitaller|Joinery|MWRend|Preceptory|Preceptory KT|Stable|Tannery
"KT/Lance3/Heater/Gothic [GF, Steadfast, Unshakable, Rend]",Knight Templar,Lance3,Heater Shield,Gothic Plate,,False,50,"GF Armor,Rend,Steadfast,Unshakable",Random,70095,432,103,620,71250,0.9838,0.0061,0.9913,0.9939,37.73,0.43,37.30,1800,90000,778.83,10,26,ABF|Animal Husbandry|Armory|Carpentry|Gilded Foundry|Hospitaller|Joinery|MWRend|Preceptory|Preceptory KT|Stable|Tannery
"KT/Cavalry Spear/Heater/Gothic [GF, Steadfast, Unshakable, Rend]",Knight Templar,Cavalry Spear,Heater Shield,Gothic Plate,,False,50,"GF Armor,Rend,Steadfast,Unshakable",Random,69089,1158,298,705,71250,0.9697,0.0163,0.9901,0.9835,35.21,0.66,34.55,1800,90000,767.66,10,26,ABF|Animal Husbandry|Armory|Carpentry|Gilded Foundry|Hospitaller|Joinery|MWRend|Preceptory|Preceptory KT|Stable|Tannery
"KT/Bastard/Heater/Gothic [GF, Steadfast, Unshakable, Rend]",Knight Templar,Bastard Sword,Heater Shield,Gothic Plate,,False,50,"GF Armor,Rend,Steadfast,Unshakable",Random,69645,779,146,680,71250,0.9775,0.0109,0.9905,0.9889,36.93,0.54,36.39,1800,90000,773.83,10,26,ABF|Animal Husbandry|Armory|Carpentry|Gilded Foundry|Hospitaller|Joinery|MWRend|Preceptory|Preceptory KT|Stable|Tannery
"KT/Morningstar/Heater/Gothic [GF, Steadfast, Unshakable, Rend]",Knight Templar,Morningstar,Heater Shield,Gothic Plate,,False,50,"GF Armor,Rend,Steadfast,Unshakable",Random,67971,2007,483,789,71250,0.9540,0.0282,0.9889,0.9713,33.95,1.13,32.83,1800,90000,755.23,10,26,ABF|Animal Husbandry|Armory|Carpentry|Gilded Foundry|Hospitaller|Joinery|MWRend|Preceptory|Preceptory KT|Stable|Tannery
"KT/Poleaxe/Gothic [Steadfast, ApoHeal, GF, Unshakable, Rend, Regen 5, Reroll]",Knight Templar,Poleaxe,,Gothic Plate,,False,50,"Apothecary Heal,GF Armor,Regenerate 5,Regenerate Reroll,Rend,Steadfast,Unshakable",Random,70607,3,5,635,71250,0.9910,0.0000,0.9911,1.0000,41.16,0.33,40.82,2000,100000,706.07,9,26,ABF|Animal Husbandry|Apothecary|Armory|Gilded Foundry|Hospitaller|Infirmary|MWRend|Preceptory|Preceptory KT|Stable|Tannery
