name,retinue,weapon,shield,armor,ranged,has_tiltyard,size,extra_tags,upkeep_per_retinue,playstyle,tiltyard_mastery,pursuits,military_pursuit_count,domain_count
"MaA/FarmTools/Cloth [(NInd, RProw, NPie, NCun), Nimble]|M1",Man-at-Arms,Farm Tools,,Cloth,,False,25,"Immune Blocked,Nimble",2000,,False,Coliseum|Conditioning Field,1,3
"MaA/Cudgel/Cloth [(NInd, RProw, NPie, NCun), Nimble]|M1",Man-at-Arms,Cudgel,,Cloth,,False,25,"Immune Blocked,Nimble",2000,,False,Coliseum|Conditioning Field,1,3
"MaA/Pitchfork/Cloth [(NInd, RProw, NPie, NCun), Nimble]|M1",Man-at-Arms,Pitchfork,,Cloth,,False,25,"Immune Blocked,Nimble",2000,,False,Coliseum|Conditioning Field,1,3
"MaA/Pitchfork/Cloth [(NInd, EProw, NPie, NCun), Nimble, Riposte]|M1",Man-at-Arms,Pitchfork,,Cloth,,False,25,"Nimble,Parry,Improved Parry,Immune Blocked,Riposte",2000,,False,Coliseum|Conditioning Field|Grand Tournament,1,6
"MaA/FarmTools/Cloth [(NInd, RProw, NPie, NCun), Nimble]|M2",Man-at-Arms,Farm Tools,,Cloth,,False,25,"Immune Blocked,Nimble",2000,,False,Coliseum|Conditioning Field|Stable,2,3
"MaA/FarmTools/Cloth [RoPaM, (NInd, SProw, NPie, NCun), Nimble, Riposte]|M2",Man-at-Arms,Farm Tools,,Cloth,,False,25,"Immune Strain,Drilled,Nimble,Parry,Improved Parry,Immune Blocked,Riposte",2000,,False,Coliseum|Conditioning Field|Grand Tournament|Royal Pavilion|Tiltyard,2,10
"MaA/FarmTools/Buckler/Cloth [(RInd, RProw, NPie, NCun), Nimble]|M2",Man-at-Arms,Farm Tools,Buckler Shield,Cloth,,False,25,"Immune Blocked,Nimble",1800,,False,Carpentry|Coliseum|Conditioning Field|Joinery,2,6
"MaA/FarmTools/Leather [(NInd, RProw, NPie, NCun), Nimble]|M2",Man-at-Arms,Farm Tools,,Leather,,False,25,"Immune Blocked,Nimble",1800,,False,Animal Husbandry|Coliseum|Conditioning Field|Tannery,2,3
"MaA/Cudgel/Cloth [(NInd, RProw, NPie, NCun), Nimble]|M2",Man-at-Arms,Cudgel,,Cloth,,False,25,"Immune Blocked,Nimble",2000,,False,Coliseum|Conditioning Field|Stable,2,3
"MaA/Cudgel/Leather [(NInd, EProw, NPie, NCun), Nimble, Riposte]|M2",Man-at-Arms,Cudgel,,Leather,,False,25,"Nimble,Parry,Improved Parry,Immune Blocked,Riposte",1800,,False,Animal Husbandry|Coliseum|Conditioning Field|Grand Tournament|Tannery,2,6
"MaA/Pitchfork/Cloth [(NInd, RProw, NPie, NCun), Nimble]|M2",Man-at-Arms,Pitchfork,,Cloth,,False,25,"Immune Blocked,Nimble",2000,,False,Coliseum|Conditioning Field|Stable,2,3
"MaA/Pitchfork/Cloth [RoPaI, (NInd, SProw, NPie, NCun), Nimble]|M2",Man-at-Arms,Pitchfork,,Cloth,,False,25,"Immune Strain,Nimble,Parry,Immune Blocked",2000,,False,Coliseum|Conditioning Field|Royal Pavilion,2,10
"MaA/Pitchfork/Cloth [(NInd, EProw, NPie, NCun), Nimble, Riposte]|M2",Man-at-Arms,Pitchfork,,Cloth,,False,25,"Nimble,Parry,Improved Parry,Immune Blocked,Riposte",2000,,False,Coliseum|Conditioning Field|Grand Tournament|Stable,2,6
"MaA/Pitchfork/Leather [(NInd, RProw, NPie, NCun), Nimble]|M2",Man-at-Arms,Pitchfork,,Leather,,False,25,"Immune Blocked,Nimble",1800,,False,Animal Husbandry|Coliseum|Conditioning Field|Tannery,2,3
"MaA/Daggers/Cloth [(NInd, RProw, NPie, NCun), Nimble]|M2",Man-at-Arms,Daggers,,Cloth,,False,25,"Immune Blocked,Nimble",2000,,False,Coliseum|Conditioning Field|Furnace,2,3
"MaA/Daggers/Cloth [(NInd, EProw, NPie, NCun), Nimble, Riposte]|M2",Man-at-Arms,Daggers,,Cloth,,False,25,"Nimble,Parry,Improved Parry,Immune Blocked,Riposte",2000,,False,Coliseum|Conditioning Field|Furnace|Grand Tournament,2,6
"MaA/Pike/Cloth [(RInd, RProw, NPie, NCun), Nimble]|M2",Man-at-Arms,Pike,,Cloth,,False,25,"Immune Blocked,Nimble",2000,,False,Blacksmith|Coliseum|Conditioning Field|Furnace,2,6
"MaA/Halberd/Cloth [(RInd, RProw, NPie, NCun), Nimble]|M2",Man-at-Arms,Halberd,,Cloth,,False,25,"Immune Blocked,Nimble",2000,,False,Blacksmith|Coliseum|Conditioning Field|Furnace,2,6
"MaA/BattleAxe/Cloth [(RInd, RProw, NPie, NCun), Nimble]|M2",Man-at-Arms,Battle Axe,,Cloth,,False,25,"Immune Blocked,Nimble",2000,,False,Blacksmith|Coliseum|Conditioning Field|Furnace,2,6
"MaA/2HBastard/Cloth [(EInd, RProw, NPie, NCun), Nimble]|M2",Man-at-Arms,2HBastard,,Cloth,,False,25,"Immune Blocked,Nimble",2000,,False,Blacksmith|Coliseum|Conditioning Field|Forge|Furnace,2,9
"MaA/WarHammer/Cloth [(EInd, RProw, NPie, NCun), Nimble]|M2",Man-at-Arms,War Hammer,,Cloth,,False,25,"Immune Blocked,Nimble",2000,,False,Blacksmith|Coliseum|Conditioning Field|Forge|Furnace,2,9
"MaA/FarmTools/Cloth [(NInd, RProw, NPie, NCun), Nimble, Recover 8]|M3",Man-at-Arms,Farm Tools,,Cloth,,False,25,"Immune Blocked,Nimble,Recover 8",2000,,False,Apothecary|Coliseum|Conditioning Field|Herb Garden,3,3
"MaA/FarmTools/Cloth [RoPaM, (NInd, SProw, NPie, NCun), Nimble, Riposte]|M3",Man-at-Arms,Farm Tools,,Cloth,,False,25,"Immune Strain,Drilled,Nimble,Parry,Improved Parry,Immune Blocked,Riposte",2000,,False,Coliseum|Conditioning Field|Grand Tournament|Royal Pavilion|Stable|Tiltyard,3,10
"MaA/FarmTools/Buckler/Cloth [(RInd, RProw, NPie, NCun), Nimble]|M3",Man-at-Arms,Farm Tools,Buckler Shield,Cloth,,False,25,"Immune Blocked,Nimble",1800,,False,Carpentry|Coliseum|Conditioning Field|Joinery|Stable,3,6
"MaA/FarmTools/Targe/Cloth [(RInd, RProw, NPie, NCun), Nimble]|M3",Man-at-Arms,Farm Tools,Targe Shield,Cloth,,False,25,"Immune Blocked,Nimble",1800,,False,Blacksmith|Carpentry|Coliseum|Conditioning Field|Furnace|Joinery,3,6
"MaA/FarmTools/Tower/Cloth [(EInd, RProw, NPie, NCun), Nimble]|M3",Man-at-Arms,Farm Tools,Tower Shield,Cloth,,False,25,"Immune Blocked,Nimble",1800,,False,Blacksmith|Carpentry|Coliseum|Conditioning Field|Forge|Furnace|Joinery,3,9
"MaA/FarmTools/Leather [(NInd, RProw, NPie, NCun), Nimble]|M3",Man-at-Arms,Farm Tools,,Leather,,False,25,"Immune Blocked,Nimble",1800,,False,Animal Husbandry|Coliseum|Conditioning Field|Stable|Tannery,3,3
"MaA/FarmTools/Buckler/Leather [(RInd, RProw, NPie, NCun), Nimble]|M3",Man-at-Arms,Farm Tools,Buckler Shield,Leather,,False,25,"Immune Blocked,Nimble",1600,,False,Animal Husbandry|Carpentry|Coliseum|Conditioning Field|Joinery|Tannery,3,6
"MaA/FarmTools/Chain [(RInd, RProw, NPie, NCun), Nimble]|M3",Man-at-Arms,Farm Tools,,Chainmail,,False,25,"Immune Blocked,Nimble",1600,,False,Animal Husbandry|Armory|Blacksmith|Coliseum|Conditioning Field|Furnace|Tannery,3,6
"MaA/FarmTools/FullPlate [(EInd, RProw, NPie, NCun), Nimble, Temp]|M3",Man-at-Arms,Farm Tools,,Full Plate,,False,25,"Immune Blocked,Nimble,Planishing",1600,,False,Animal Husbandry|Armory|Blacksmith|Coliseum|Conditioning Field|Furnace|Gilded Foundry|Tannery,3,9
"MaA/Cudgel/Cloth [(NInd, RProw, NPie, NCun), Nimble, Recover 8]|M3",Man-at-Arms,Cudgel,,Cloth,,False,25,"Immune Blocked,Nimble,Recover 8",2000,,False,Apothecary|Coliseum|Conditioning Field|Herb Garden,3,3
"MaA/Cudgel/Leather [(NInd, EProw, NPie, NCun), Nimble, Riposte]|M3",Man-at-Arms,Cudgel,,Leather,,False,25,"Nimble,Parry,Improved Parry,Immune Blocked,Riposte",1800,,False,Animal Husbandry|Coliseum|Conditioning Field|Grand Tournament|Stable|Tannery,3,6
"MaA/Cudgel/Chain [(RInd, RProw, NPie, NCun), Nimble]|M3",Man-at-Arms,Cudgel,,Chainmail,,False,25,"Immune Blocked,Nimble",1600,,False,Animal Husbandry|Armory|Blacksmith|Coliseum|Conditioning Field|Furnace|Tannery,3,6
"MaA/Cudgel/FullPlate [(EInd, RProw, NPie, NCun), Nimble, Temp]|M3",Man-at-Arms,Cudgel,,Full Plate,,False,25,"Immune Blocked,Nimble,Planishing",1600,,False,Animal Husbandry|Armory|Blacksmith|Coliseum|Conditioning Field|Furnace|Gilded Foundry|Tannery,3,9
"MaA/Pitchfork/Cloth [(NInd, RProw, NPie, NCun), Nimble, Recover 8]|M3",Man-at-Arms,Pitchfork,,Cloth,,False,25,"Immune Blocked,Nimble,Recover 8",2000,,False,Apothecary|Coliseum|Conditioning Field|Herb Garden,3,3
"MaA/Pitchfork/Cloth [RoPaI, (NInd, SProw, NPie, NCun), Nimble]|M3",Man-at-Arms,Pitchfork,,Cloth,,False,25,"Immune Strain,Nimble,Parry,Immune Blocked",2000,,False,Coliseum|Conditioning Field|Royal Pavilion|Stable,3,10
"MaA/Pitchfork/Cloth [(NInd, EProw, NPie, NCun), Nimble, Recover 8, Riposte]|M3",Man-at-Arms,Pitchfork,,Cloth,,False,25,"Nimble,Parry,Improved Parry,Immune Blocked,Riposte,Recover 8",2000,,False,Apothecary|Coliseum|Conditioning Field|Grand Tournament|Herb Garden,3,6
"MaA/Pitchfork/Leather [(NInd, RProw, NPie, NCun), Nimble]|M3",Man-at-Arms,Pitchfork,,Leather,,False,25,"Immune Blocked,Nimble",1800,,False,Animal Husbandry|Coliseum|Conditioning Field|Stable|Tannery,3,3
"MaA/Pitchfork/Chain [(RInd, RProw, NPie, NCun), Nimble]|M3",Man-at-Arms,Pitchfork,,Chainmail,,False,25,"Immune Blocked,Nimble",1600,,False,Animal Husbandry|Armory|Blacksmith|Coliseum|Conditioning Field|Furnace|Tannery,3,6
"MaA/Pitchfork/FullPlate [(EInd, RProw, NPie, NCun), Nimble, Temp]|M3",Man-at-Arms,Pitchfork,,Full Plate,,False,25,"Immune Blocked,Nimble,Planishing",1600,,False,Animal Husbandry|Armory|Blacksmith|Coliseum|Conditioning Field|Furnace|Gilded Foundry|Tannery,3,9
"MaA/Daggers/Cloth [(EInd, RProw, NPie, NCun), Nimble, Serr]|M3",Man-at-Arms,Daggers,,Cloth,,False,25,"Immune Blocked,Nimble,Serrated",1800,,False,Blacksmith|Coliseum|Conditioning Field|Furnace|Master Workshop,3,9
"MaA/Daggers/Cloth [(EInd, EProw, NPie, NCun), Nimble, Riposte, Serr]|M3",Man-at-Arms,Daggers,,Cloth,,False,25,"Nimble,Parry,Improved Parry,Immune Blocked,Riposte,Serrated",1800,,False,Blacksmith|Coliseum|Conditioning Field|Furnace|Grand Tournament|Master Workshop,3,12
"MaA/Daggers/Leather [(NInd, RProw, NPie, NCun), Nimble]|M3",Man-at-Arms,Daggers,,Leather,,False,25,"Immune Blocked,Nimble",1800,,False,Animal Husbandry|Coliseum|Conditioning Field|Furnace|Tannery,3,3
"MaA/Daggers/Leather [(NInd, EProw, NPie, NCun), Nimble, Riposte]|M3",Man-at-Arms,Daggers,,Leather,,False,25,"Nimble,Parry,Improved Parry,Immune Blocked,Riposte",1800,,False,Animal Husbandry|Coliseum|Conditioning Field|Furnace|Grand Tournament|Tannery,3,6
"MaA/Daggers/Chain [(RInd, RProw, NPie, NCun), Nimble]|M3",Man-at-Arms,Daggers,,Chainmail,,False,25,"Immune Blocked,Nimble",1600,,False,Animal Husbandry|Armory|Blacksmith|Coliseum|Conditioning Field|Furnace|Tannery,3,6
"MaA/ShortSword/Targe/Cloth [(RInd, RProw, NPie, NCun), Nimble]|M3",Man-at-Arms,Short Sword,Targe Shield,Cloth,,False,25,"Immune Blocked,Nimble",1800,,False,Blacksmith|Carpentry|Coliseum|Conditioning Field|Furnace|Joinery,3,6
"MaA/ShortSword/Tower/Cloth [(EInd, RProw, NPie, NCun), Nimble]|M3",Man-at-Arms,Short Sword,Tower Shield,Cloth,,False,25,"Immune Blocked,Nimble",1800,,False,Blacksmith|Carpentry|Coliseum|Conditioning Field|Forge|Furnace|Joinery,3,9
"MaA/Spears/Targe/Cloth [(RInd, RProw, NPie, NCun), Nimble]|M3",Man-at-Arms,Spears,Targe Shield,Cloth,,False,25,"Immune Blocked,Nimble",1800,,False,Blacksmith|Carpentry|Coliseum|Conditioning Field|Furnace|Joinery,3,6
"MaA/Spears/Tower/Cloth [(EInd, RProw, NPie, NCun), Nimble]|M3",Man-at-Arms,Spears,Tower Shield,Cloth,,False,25,"Immune Blocked,Nimble",1800,,False,Blacksmith|Carpentry|Coliseum|Conditioning Field|Forge|Furnace|Joinery,3,9
"MaA/Arming/Tower/Cloth [(EInd, RProw, NPie, NCun), Nimble]|M3",Man-at-Arms,Arming Sword,Tower Shield,Cloth,,False,25,"Immune Blocked,Nimble",1800,,False,Blacksmith|Carpentry|Coliseum|Conditioning Field|Forge|Furnace|Joinery,3,9
"MaA/Pike/Cloth [(EInd, RProw, NPie, NCun), Nimble, Serr]|M3",Man-at-Arms,Pike,,Cloth,,False,25,"Immune Blocked,Nimble,Serrated",1800,,False,Blacksmith|Coliseum|Conditioning Field|Furnace|Master Workshop,3,9
"MaA/Pike/Cloth [(RInd, RProw, NPie, NCun), Nimble]|M3",Man-at-Arms,Pike,,Cloth,,False,25,"Immune Blocked,Nimble",2000,,False,Blacksmith|Coliseum|Conditioning Field|Furnace|Stable,3,6
"MaA/Pike/Cloth [PrI, (RInd, EProw, SPie, NCun), Nimble, Shake+1]|M3",Man-at-Arms,Pike,,Cloth,,False,25,"Nimble,Parry,Shake +1,Immune Blocked,Resolute",2000,,False,Blacksmith|Coliseum|Conditioning Field|Furnace|Preceptory,3,19
"MaA/Pike/Leather [(RInd, RProw, NPie, NCun), Nimble]|M3",Man-at-Arms,Pike,,Leather,,False,25,"Immune Blocked,Nimble",1800,,False,Animal Husbandry|Blacksmith|Coliseum|Conditioning Field|Furnace|Tannery,3,6
"MaA/Pike/Chain [(RInd, RProw, NPie, NCun), Nimble]|M3",Man-at-Arms,Pike,,Chainmail,,False,25,"Immune Blocked,Nimble",1600,,False,Animal Husbandry|Armory|Blacksmith|Coliseum|Conditioning Field|Furnace|Tannery,3,6
"MaA/Pike/Chain [(RInd, EProw, NPie, NCun), Nimble, Riposte]|M3",Man-at-Arms,Pike,,Chainmail,,False,25,"Nimble,Parry,Improved Parry,Immune Blocked,Riposte",1600,,False,Animal Husbandry|Armory|Blacksmith|Coliseum|Conditioning Field|Furnace|Grand Tournament|Tannery,3,9
"MaA/Pike/FullPlate [(EInd, RProw, NPie, NCun), Nimble, Temp]|M3",Man-at-Arms,Pike,,Full Plate,,False,25,"Immune Blocked,Nimble,Planishing",1600,,False,Animal Husbandry|Armory|Blacksmith|Coliseum|Conditioning Field|Furnace|Gilded Foundry|Tannery,3,9
"MaA/Flail/Tower/Cloth [(EInd, RProw, NPie, NCun), Nimble]|M3",Man-at-Arms,Flail,Tower Shield,Cloth,,False,25,"Immune Blocked,Nimble",1800,,False,Blacksmith|Carpentry|Coliseum|Conditioning Field|Forge|Furnace|Joinery,3,9
"MaA/Halberd/Cloth [(RInd, RProw, NPie, NCun), Nimble]|M3",Man-at-Arms,Halberd,,Cloth,,False,25,"Immune Blocked,Nimble",2000,,False,Blacksmith|Coliseum|Conditioning Field|Furnace|Stable,3,6
"MaA/Halberd/Cloth [(EInd, RProw, NPie, NCun), Nimble, Serr]|M3",Man-at-Arms,Halberd,,Cloth,,False,25,"Immune Blocked,Nimble,Serrated",1800,,False,Blacksmith|Coliseum|Conditioning Field|Furnace|Master Workshop,3,9
"MaA/Halberd/Cloth [RoPaM, (RInd, SProw, NPie, NCun), Nimble, Riposte]|M3",Man-at-Arms,Halberd,,Cloth,,False,25,"Immune Strain,Drilled,Nimble,Parry,Improved Parry,Immune Blocked,Riposte",2000,,False,Blacksmith|Coliseum|Conditioning Field|Furnace|Grand Tournament|Royal Pavilion|Tiltyard,3,13
"MaA/Halberd/Leather [(RInd, RProw, NPie, NCun), Nimble]|M3",Man-at-Arms,Halberd,,Leather,,False,25,"Immune Blocked,Nimble",1800,,False,Animal Husbandry|Blacksmith|Coliseum|Conditioning Field|Furnace|Tannery,3,6
"MaA/Halberd/Chain [(RInd, RProw, NPie, NCun), Nimble]|M3",Man-at-Arms,Halberd,,Chainmail,,False,25,"Immune Blocked,Nimble",1600,,False,Animal Husbandry|Armory|Blacksmith|Coliseum|Conditioning Field|Furnace|Tannery,3,6
"MaA/Halberd/FullPlate [(EInd, RProw, NPie, NCun), Nimble, Temp]|M3",Man-at-Arms,Halberd,,Full Plate,,False,25,"Immune Blocked,Nimble,Planishing",1600,,False,Animal Husbandry|Armory|Blacksmith|Coliseum|Conditioning Field|Furnace|Gilded Foundry|Tannery,3,9
"MaA/BattleAxe/Cloth [(RInd, RProw, NPie, NCun), Nimble]|M3",Man-at-Arms,Battle Axe,,Cloth,,False,25,"Immune Blocked,Nimble",2000,,False,Blacksmith|Coliseum|Conditioning Field|Furnace|Stable,3,6
"MaA/BattleAxe/Cloth [(EInd, RProw, NPie, NCun), Nimble, Serr]|M3",Man-at-Arms,Battle Axe,,Cloth,,False,25,"Immune Blocked,Nimble,Serrated",1800,,False,Blacksmith|Coliseum|Conditioning Field|Furnace|Master Workshop,3,9
"MaA/BattleAxe/Leather [(RInd, RProw, NPie, NCun), Nimble]|M3",Man-at-Arms,Battle Axe,,Leather,,False,25,"Immune Blocked,Nimble",1800,,False,Animal Husbandry|Blacksmith|Coliseum|Conditioning Field|Furnace|Tannery,3,6
"MaA/BattleAxe/FullPlate [(EInd, RProw, NPie, NCun), Nimble, Temp]|M3",Man-at-Arms,Battle Axe,,Full Plate,,False,25,"Immune Blocked,Nimble,Planishing",1600,,False,Animal Husbandry|Armory|Blacksmith|Coliseum|Conditioning Field|Furnace|Gilded Foundry|Tannery,3,9
"MaA/Cavalry Spear/Buckler/Cloth [(RInd, RProw, NPie, NCun), Nimble]|M3",Man-at-Arms,Cavalry Spear,Buckler Shield,Cloth,,False,25,"Immune Blocked,Nimble",1800,,False,Blacksmith|Carpentry|Coliseum|Conditioning Field|Furnace|Joinery,3,6
"MaA/Cavalry Spear/Targe/Cloth [(RInd, RProw, NPie, NCun), Nimble]|M3",Man-at-Arms,Cavalry Spear,Targe Shield,Cloth,,False,25,"Immune Blocked,Nimble",1800,,False,Blacksmith|Carpentry|Coliseum|Conditioning Field|Furnace|Joinery,3,6
"MaA/Morningstar/Tower/Cloth [(EInd, RProw, NPie, NCun), Nimble]|M3",Man-at-Arms,Morningstar,Tower Shield,Cloth,,False,25,"Immune Blocked,Nimble",1800,,False,Blacksmith|Carpentry|Coliseum|Conditioning Field|Forge|Furnace|Joinery,3,9
"MaA/Morningstar/Tower/Cloth [(EInd, EProw, NPie, NCun), Nimble, Riposte]|M3",Man-at-Arms,Morningstar,Tower Shield,Cloth,,False,25,"Nimble,Parry,Improved Parry,Immune Blocked,Riposte",1800,,False,Blacksmith|Carpentry|Coliseum|Conditioning Field|Forge|Furnace|Grand Tournament|Joinery,3,12
"MaA/Bastard/Tower/Cloth [(EInd, RProw, NPie, NCun), Nimble]|M3",Man-at-Arms,Bastard Sword,Tower Shield,Cloth,,False,25,"Immune Blocked,Nimble",1800,,False,Blacksmith|Carpentry|Coliseum|Conditioning Field|Forge|Furnace|Joinery,3,9
"MaA/2HBastard/Cloth [(EInd, RProw, NPie, NCun), Nimble, Serr]|M3",Man-at-Arms,2HBastard,,Cloth,,False,25,"Immune Blocked,Nimble,Serrated",1800,,False,Blacksmith|Coliseum|Conditioning Field|Forge|Furnace|Master Workshop,3,9
"MaA/2HBastard/Cloth [(EInd, RProw, NPie, NCun), Nimble]|M3",Man-at-Arms,2HBastard,,Cloth,,False,25,"Immune Blocked,Nimble",2000,,False,Blacksmith|Coliseum|Conditioning Field|Forge|Furnace|Stable,3,9
"MaA/2HBastard/Leather [(EInd, RProw, NPie, NCun), Nimble]|M3",Man-at-Arms,2HBastard,,Leather,,False,25,"Immune Blocked,Nimble",1800,,False,Animal Husbandry|Blacksmith|Coliseum|Conditioning Field|Forge|Furnace|Tannery,3,9
"MaA/2HBastard/Chain [(EInd, RProw, NPie, NCun), Nimble]|M3",Man-at-Arms,2HBastard,,Chainmail,,False,25,"Immune Blocked,Nimble",1600,,False,Animal Husbandry|Armory|Blacksmith|Coliseum|Conditioning Field|Forge|Furnace|Tannery,3,9
"MaA/2HBastard/FullPlate [(EInd, RProw, NPie, NCun), Nimble, Temp]|M3",Man-at-Arms,2HBastard,,Full Plate,,False,25,"Immune Blocked,Nimble,Planishing",1600,,False,Animal Husbandry|Armory|Blacksmith|Coliseum|Conditioning Field|Forge|Furnace|Gilded Foundry|Tannery,3,9
"MaA/2HBastard/FullPlate [(EInd, EProw, NPie, NCun), Nimble, Temp, Riposte]|M3",Man-at-Arms,2HBastard,,Full Plate,,False,25,"Nimble,Parry,Improved Parry,Planishing,Immune Blocked,Riposte",1600,,False,Animal Husbandry|Armory|Blacksmith|Coliseum|Conditioning Field|Forge|Furnace|Gilded Foundry|Grand Tournament|Tannery,3,12
"MaA/WarHammer/Cloth [(EInd, RProw, NPie, NCun), Nimble]|M3",Man-at-Arms,War Hammer,,Cloth,,False,25,"Immune Blocked,Nimble",2000,,False,Blacksmith|Coliseum|Conditioning Field|Forge|Furnace|Stable,3,9
"MaA/WarHammer/Leather [(EInd, RProw, NPie, NCun), Nimble]|M3",Man-at-Arms,War Hammer,,Leather,,False,25,"Immune Blocked,Nimble",1800,,False,Animal Husbandry|Blacksmith|Coliseum|Conditioning Field|Forge|Furnace|Tannery,3,9
"MaA/WarHammer/Chain [(EInd, RProw, NPie, NCun), Nimble]|M3",Man-at-Arms,War Hammer,,Chainmail,,False,25,"Immune Blocked,Nimble",1600,,False,Animal Husbandry|Armory|Blacksmith|Coliseum|Conditioning Field|Forge|Furnace|Tannery,3,9
"MaA/WarHammer/FullPlate [(EInd, RProw, NPie, NCun), Nimble, Temp]|M3",Man-at-Arms,War Hammer,,Full Plate,,False,25,"Immune Blocked,Nimble,Planishing",1600,,False,Animal Husbandry|Armory|Blacksmith|Coliseum|Conditioning Field|Forge|Furnace|Gilded Foundry|Tannery,3,9
"MaA/Lance/Buckler/Cloth [(EInd, RProw, NPie, NCun), Nimble]|M3",Man-at-Arms,Lance,Buckler Shield,Cloth,,False,25,"Immune Blocked,Nimble",1800,,False,Blacksmith|Carpentry|Coliseum|Conditioning Field|Forge|Furnace|Joinery,3,9
"MaA/Lance/Targe/Cloth [(EInd, RProw, NPie, NCun), Nimble]|M3",Man-at-Arms,Lance,Targe Shield,Cloth,,False,25,"Immune Blocked,Nimble",1800,,False,Blacksmith|Carpentry|Coliseum|Conditioning Field|Forge|Furnace|Joinery,3,9
"MaA/Arming/Tower/Chain [(EInd, RProw, NPie, NCun), Nimble]|M4",Man-at-Arms,Arming Sword,Tower Shield,Chainmail,,False,25,"Immune Blocked,Nimble",1400,,False,Animal Husbandry|Armory|Blacksmith|Carpentry|Coliseum|Conditioning Field|Forge|Furnace|Joinery|Tannery,4,9
"MaA/Cavalry Spear/Buckler/Chain [(RInd, RProw, NPie, NCun), Nimble]|M4",Man-at-Arms,Cavalry Spear,Buckler Shield,Chainmail,,False,25,"Immune Blocked,Nimble",1400,,False,Animal Husbandry|Armory|Blacksmith|Carpentry|Coliseum|Conditioning Field|Furnace|Joinery|Tannery,4,6
"MaA/FarmTools/Tower/Cloth [(EInd, RProw, NPie, NCun), Nimble]|M4",Man-at-Arms,Farm Tools,Tower Shield,Cloth,,False,25,"Immune Blocked,Nimble",1800,,False,Blacksmith|Carpentry|Coliseum|Conditioning Field|Forge|Furnace|Joinery|Stable,4,9
"MaA/Daggers/Chain [(EInd, RProw, NPie, NCun), Nimble, Serr]|M4",Man-at-Arms,Daggers,,Chainmail,,False,25,"Immune Blocked,Nimble,Serrated",1400,,False,Animal Husbandry|Armory|Blacksmith|Coliseum|Conditioning Field|Furnace|Master Workshop|Tannery,4,9
"MaA/WarHammer/FullPlate [RoPaM, (EInd, SProw, NPie, NCun), Nimble, Temp, Riposte]|M4",Man-at-Arms,War Hammer,,Full Plate,,False,25,"Immune Strain,Drilled,Improved Parry,Planishing,Immune Blocked,Parry,Riposte,Nimble",1600,,False,Animal Husbandry|Armory|Blacksmith|Coliseum|Conditioning Field|Forge|Furnace|Gilded Foundry|Grand Tournament|Royal Pavilion|Tannery|Tiltyard,4,16
"MaA/Lance/Kite/Leather [(EInd, EProw, NPie, NCun), Nimble, Riposte]|M4",Man-at-Arms,Lance,Kite Shield,Leather,,False,25,"Nimble,Parry,Improved Parry,Immune Blocked,Riposte",1400,,False,Animal Husbandry|Armory|Blacksmith|Carpentry|Coliseum|Conditioning Field|Forge|Furnace|Grand Tournament|Joinery|Tannery,4,12
"MaA/Cudgel/Chain [(RInd, RProw, NPie, NCun), Nimble]|M4",Man-at-Arms,Cudgel,,Chainmail,,False,25,"Immune Blocked,Nimble",1600,,False,Animal Husbandry|Armory|Blacksmith|Coliseum|Conditioning Field|Furnace|Stable|Tannery,4,6
"MaA/Bastard/Tower/Cloth [PrI, (EInd, EProw, SPie, NCun), Nimble, Shake+1]|M4",Man-at-Arms,Bastard Sword,Tower Shield,Cloth,,False,25,"Nimble,Parry,Shake +1,Immune Blocked,Resolute",1800,,False,Blacksmith|Carpentry|Coliseum|Conditioning Field|Forge|Furnace|Joinery|Preceptory,4,22
"MaA/Cavalry Spear/Buckler/FullPlate [(EInd, RProw, NPie, NCun), Nimble, Temp]|M4",Man-at-Arms,Cavalry Spear,Buckler Shield,Full Plate,,False,25,"Immune Blocked,Nimble,Planishing",1400,,False,Animal Husbandry|Armory|Blacksmith|Carpentry|Coliseum|Conditioning Field|Furnace|Gilded Foundry|Joinery|Tannery,4,9
"MaA/Daggers/Leather [(EInd, EProw, NPie, NCun), Nimble, Riposte, Serr]|M4",Man-at-Arms,Daggers,,Leather,,False,25,"Nimble,Parry,Improved Parry,Immune Blocked,Riposte,Serrated",1600,,False,Animal Husbandry|Blacksmith|Coliseum|Conditioning Field|Furnace|Grand Tournament|Master Workshop|Tannery,4,12
"MaA/Pike/Chain [(EInd, EProw, NPie, NCun), Nimble, Riposte, Serr]|M4",Man-at-Arms,Pike,,Chainmail,,False,25,"Nimble,Parry,Improved Parry,Immune Blocked,Riposte,Serrated",1400,,False,Animal Husbandry|Armory|Blacksmith|Coliseum|Conditioning Field|Furnace|Grand Tournament|Master Workshop|Tannery,4,12
"MaA/Pike/FullPlate [(EInd, RProw, NPie, NCun), Nimble, Temp, Serr]|M4",Man-at-Arms,Pike,,Full Plate,,False,25,"Immune Blocked,Nimble,Serrated,Planishing",1400,,False,Animal Husbandry|Armory|Blacksmith|Coliseum|Conditioning Field|Furnace|Gilded Foundry|Master Workshop|Tannery,4,9
"MaA/FarmTools/Targe/Leather [(RInd, RProw, NPie, NCun), Nimble]|M4",Man-at-Arms,Farm Tools,Targe Shield,Leather,,False,25,"Immune Blocked,Nimble",1600,,False,Animal Husbandry|Blacksmith|Carpentry|Coliseum|Conditioning Field|Furnace|Joinery|Tannery,4,6
"MaA/Spears/Targe/FullPlate [(EInd, RProw, NPie, NCun), Nimble, Temp]|M4",Man-at-Arms,Spears,Targe Shield,Full Plate,,False,25,"Immune Blocked,Nimble,Planishing",1400,,False,Animal Husbandry|Armory|Blacksmith|Carpentry|Coliseum|Conditioning Field|Furnace|Gilded Foundry|Joinery|Tannery,4,9
"MaA/HuntBow/Cloth [(NInd, EProw, NPie, NCun), Florentine, ImmU, Nimble]|M4",Man-at-Arms,Farm Tools,,Cloth,Hunting Bow,True,25,"Florentine,Nimble,Parry,Immune Blocked,Immune Unwieldy",1800,,False,Carpentry|Coliseum|Conditioning Field|Fletchery|Tiltyard,4,6
"MaA/Daggers/FullPlate [MiMiStI, (EInd, SProw, NPie, NCun), Nimble, Temp]|M4",Man-at-Arms,Daggers,,Full Plate,,False,25,"MaxInit3,Nimble,Seize: first,Parry,Planishing,Immune Blocked,+1I",1600,,False,Animal Husbandry|Armory|Blacksmith|Coliseum|Conditioning Field|Furnace|Gilded Foundry|Ministry of Military Strategy|Tannery,4,16
"MaA/BattleAxe/Cloth [(RInd, RProw, NPie, NCun), Nimble, Recover 8]|M4",Man-at-Arms,Battle Axe,,Cloth,,False,25,"Immune Blocked,Nimble,Recover 8",2000,,False,Apothecary|Blacksmith|Coliseum|Conditioning Field|Furnace|Herb Garden,4,6
"MaA/Halberd/Cloth [RoPaM, (EInd, SProw, NPie, NCun), Nimble, Riposte, Serr]|M4",Man-at-Arms,Halberd,,Cloth,,False,25,"Immune Strain,Drilled,Improved Parry,Immune Blocked,Parry,Riposte,Nimble,Serrated",1800,,False,Blacksmith|Coliseum|Conditioning Field|Furnace|Grand Tournament|Master Workshop|Royal Pavilion|Tiltyard,4,16
"MaA/Spears/Targe/Leather [(RInd, RProw, NPie, NCun), Nimble]|M4",Man-at-Arms,Spears,Targe Shield,Leather,,False,25,"Immune Blocked,Nimble",1600,,False,Animal Husbandry|Blacksmith|Carpentry|Coliseum|Conditioning Field|Furnace|Joinery|Tannery,4,6
"MaA/Cudgel/FullPlate [(EInd, RProw, NPie, NCun), Nimble, Temp, Serr]|M4",Man-at-Arms,Cudgel,,Full Plate,,False,25,"Immune Blocked,Nimble,Serrated,Planishing",1400,,False,Animal Husbandry|Armory|Blacksmith|Coliseum|Conditioning Field|Furnace|Gilded Foundry|Master Workshop|Tannery,4,9
"MaA/FarmTools/Chain [(EInd, RProw, NPie, NCun), Nimble, Serr]|M4",Man-at-Arms,Farm Tools,,Chainmail,,False,25,"Immune Blocked,Nimble,Serrated",1400,,False,Animal Husbandry|Armory|Blacksmith|Coliseum|Conditioning Field|Furnace|Master Workshop|Tannery,4,9
"MaA/BattleAxe/Chain [RoPaM, (RInd, SProw, NPie, NCun), Nimble, Riposte]|M4",Man-at-Arms,Battle Axe,,Chainmail,,False,25,"Immune Strain,Drilled,Nimble,Parry,Improved Parry,Immune Blocked,Riposte",1600,,False,Animal Husbandry|Armory|Blacksmith|Coliseum|Conditioning Field|Furnace|Grand Tournament|Royal Pavilion|Tannery|Tiltyard,4,13
"MaA/Spears/Tower/Cloth [(EInd, RProw, NPie, NCun), Nimble]|M4",Man-at-Arms,Spears,Tower Shield,Cloth,,False,25,"Immune Blocked,Nimble",1800,,False,Blacksmith|Carpentry|Coliseum|Conditioning Field|Forge|Furnace|Joinery|Stable,4,9
"MaA/Spears/Tower/Leather [(EInd, RProw, NPie, NCun), Nimble]|M4",Man-at-Arms,Spears,Tower Shield,Leather,,False,25,"Immune Blocked,Nimble",1600,,False,Animal Husbandry|Blacksmith|Carpentry|Coliseum|Conditioning Field|Forge|Furnace|Joinery|Tannery,4,9
"MaA/FarmTools/FullPlate [(EInd, RProw, NPie, NCun), Nimble, Temp, Serr]|M4",Man-at-Arms,Farm Tools,,Full Plate,,False,25,"Immune Blocked,Nimble,Serrated,Planishing",1400,,False,Animal Husbandry|Armory|Blacksmith|Coliseum|Conditioning Field|Furnace|Gilded Foundry|Master Workshop|Tannery,4,9
"MaA/FarmTools/Tower/Cloth [(EInd, RProw, NPie, NCun), Nimble, Serr]|M4",Man-at-Arms,Farm Tools,Tower Shield,Cloth,,False,25,"Immune Blocked,Nimble,Serrated",1600,,False,Blacksmith|Carpentry|Coliseum|Conditioning Field|Forge|Furnace|Joinery|Master Workshop,4,9
"MaA/Cavalry Spear/Targe/Cloth [(RInd, RProw, NPie, NCun), Nimble]|M4",Man-at-Arms,Cavalry Spear,Targe Shield,Cloth,,False,25,"Immune Blocked,Nimble",1800,,False,Blacksmith|Carpentry|Coliseum|Conditioning Field|Furnace|Joinery|Stable,4,6
"MaA/2HBastard/Leather [RoPaI, (EInd, SProw, NPie, NCun), Nimble]|M4",Man-at-Arms,2HBastard,,Leather,,False,25,"Immune Strain,Nimble,Parry,Immune Blocked",1800,,False,Animal Husbandry|Blacksmith|Coliseum|Conditioning Field|Forge|Furnace|Royal Pavilion|Tannery,4,16
"MaA/Arming/Tower/Leather [(EInd, RProw, NPie, NCun), Nimble]|M4",Man-at-Arms,Arming Sword,Tower Shield,Leather,,False,25,"Immune Blocked,Nimble",1600,,False,Animal Husbandry|Blacksmith|Carpentry|Coliseum|Conditioning Field|Forge|Furnace|Joinery|Tannery,4,9
"MaA/Pitchfork/Cloth [(NInd, EProw, EPie, NCun), Enduring, Nimble, Rec 6, Recover 7, Recover 8, Riposte, Shake+1]|M4",Man-at-Arms,Pitchfork,,Cloth,,False,25,"Recover 6,Improved Parry,Shake +1,Immune Blocked,Parry,Enduring,Riposte,Nimble,Recover 7,Recover 8",1900,,False,Alchemy|Apothecary|Coliseum|Conditioning Field|Grand Tournament|Herb Garden|Hospitaller|Infirmary|Stable,4,12
"MaA/Cudgel+HuntBow/Cloth (TY) [(NInd, EProw, NPie, NCun), Florentine, ImmU, Nimble]|M4",Man-at-Arms,Cudgel,,Cloth,Hunting Bow,True,25,"Florentine,Nimble,Parry,Immune Blocked,Immune Unwieldy",1800,,False,Carpentry|Coliseum|Conditioning Field|Fletchery|Tiltyard,4,6
"MaA/Daggers/Chain [(RInd, RProw, NPie, NCun), Nimble]|M4",Man-at-Arms,Daggers,,Chainmail,,False,25,"Immune Blocked,Nimble",1100,,False,Animal Husbandry|Armory|Blacksmith|Butchery|Coliseum|Conditioning Field|Furnace|Tannery,4,6
"MaA/ShortSword/Tower/Cloth [RoPaM, (EInd, SProw, NPie, NCun), Nimble, Riposte]|M4",Man-at-Arms,Short Sword,Tower Shield,Cloth,,False,25,"Immune Strain,Drilled,Nimble,Parry,Improved Parry,Immune Blocked,Riposte",1800,,False,Blacksmith|Carpentry|Coliseum|Conditioning Field|Forge|Furnace|Grand Tournament|Joinery|Royal Pavilion|Tiltyard,4,16
"MaA/Flail/Kite/Chain [(RInd, EProw, NPie, NCun), Nimble, Riposte]|M4",Man-at-Arms,Flail,Kite Shield,Chainmail,,False,25,"Nimble,Parry,Improved Parry,Immune Blocked,Riposte",1400,,False,Animal Husbandry|Armory|Blacksmith|Carpentry|Coliseum|Conditioning Field|Furnace|Grand Tournament|Joinery|Tannery,4,9
"MaA/FarmTools/Targe/Chain [(RInd, RProw, NPie, NCun), Nimble]|M4",Man-at-Arms,Farm Tools,Targe Shield,Chainmail,,False,25,"Immune Blocked,Nimble",1400,,False,Animal Husbandry|Armory|Blacksmith|Carpentry|Coliseum|Conditioning Field|Furnace|Joinery|Tannery,4,6
"MaA/FarmTools/FullPlate [(EInd, RProw, NPie, NCun), Nimble, Temp]|M4",Man-at-Arms,Farm Tools,,Full Plate,,False,25,"Immune Blocked,Nimble,Planishing",1600,,False,Animal Husbandry|Armory|Blacksmith|Coliseum|Conditioning Field|Furnace|Gilded Foundry|Stable|Tannery,4,9
"MaA/Morningstar/Tower/Cloth [(EInd, EProw, NPie, NCun), Nimble, Riposte]|M4",Man-at-Arms,Morningstar,Tower Shield,Cloth,,False,25,"Nimble,Parry,Improved Parry,Immune Blocked,Riposte",1800,,False,Blacksmith|Carpentry|Coliseum|Conditioning Field|Forge|Furnace|Grand Tournament|Joinery|Stable,4,12
"MaA/Bastard/Tower/Chain [(EInd, RProw, NPie, NCun), Nimble]|M4",Man-at-Arms,Bastard Sword,Tower Shield,Chainmail,,False,25,"Immune Blocked,Nimble",1400,,False,Animal Husbandry|Armory|Blacksmith|Carpentry|Coliseum|Conditioning Field|Forge|Furnace|Joinery|Tannery,4,9
"MaA/Arming/Kite/Leather [(RInd, RProw, NPie, NCun), Nimble]|M4",Man-at-Arms,Arming Sword,Kite Shield,Leather,,False,25,"Immune Blocked,Nimble",1400,,False,Animal Husbandry|Armory|Blacksmith|Carpentry|Coliseum|Conditioning Field|Furnace|Joinery|Tannery,4,6
"MaA/WarHammer/Leather [(EInd, RProw, NPie, NCun), Nimble]|M4",Man-at-Arms,War Hammer,,Leather,,False,25,"Immune Blocked,Nimble",1800,,False,Animal Husbandry|Blacksmith|Coliseum|Conditioning Field|Forge|Furnace|Stable|Tannery,4,9
"MaA/Lance/Buckler/FullPlate [(EInd, EProw, NPie, NCun), Nimble, Temp, Riposte]|M4",Man-at-Arms,Lance,Buckler Shield,Full Plate,,False,25,"Nimble,Parry,Improved Parry,Planishing,Immune Blocked,Riposte",1400,,False,Animal Husbandry|Armory|Blacksmith|Carpentry|Coliseum|Conditioning Field|Forge|Furnace|Gilded Foundry|Grand Tournament|Joinery|Tannery,4,12
"MaA/2HBastard/FullPlate [(EInd, EProw, NPie, NCun), Nimble, Temp, Riposte]|M4",Man-at-Arms,2HBastard,,Full Plate,,False,25,"Nimble,Parry,Improved Parry,Planishing,Immune Blocked,Riposte",1100,,False,Animal Husbandry|Armory|Blacksmith|Butchery|Coliseum|Conditioning Field|Forge|Furnace|Gilded Foundry|Grand Tournament|Tannery,4,12
"MaA/Cavalry Spear/Targe/FullPlate [(EInd, RProw, NPie, NCun), Nimble, Temp]|M4",Man-at-Arms,Cavalry Spear,Targe Shield,Full Plate,,False,25,"Immune Blocked,Nimble,Planishing",1400,,False,Animal Husbandry|Armory|Blacksmith|Carpentry|Coliseum|Conditioning Field|Furnace|Gilded Foundry|Joinery|Tannery,4,9
"MaA/2HBastard/Chain [(EInd, RProw, NPie, NCun), Nimble]|M4",Man-at-Arms,2HBastard,,Chainmail,,False,25,"Immune Blocked,Nimble",1600,,False,Animal Husbandry|Armory|Blacksmith|Coliseum|Conditioning Field|Forge|Furnace|Stable|Tannery,4,9
"MaA/Morningstar/Tower/Leather [(EInd, RProw, NPie, NCun), Nimble]|M4",Man-at-Arms,Morningstar,Tower Shield,Leather,,False,25,"Immune Blocked,Nimble",1600,,False,Animal Husbandry|Blacksmith|Carpentry|Coliseum|Conditioning Field|Forge|Furnace|Joinery|Tannery,4,9
"MaA/ShortSword/Kite/FullPlate [(EInd, RProw, NPie, NCun), Nimble, Temp]|M4",Man-at-Arms,Short Sword,Kite Shield,Full Plate,,False,25,"Immune Blocked,Nimble,Planishing",1400,,False,Animal Husbandry|Armory|Blacksmith|Carpentry|Coliseum|Conditioning Field|Furnace|Gilded Foundry|Joinery|Tannery,4,9
"MaA/Morningstar/Tower/Cloth [(EInd, RProw, NPie, NCun), Nimble, Serr]|M4",Man-at-Arms,Morningstar,Tower Shield,Cloth,,False,25,"Immune Blocked,Nimble,Serrated",1600,,False,Blacksmith|Carpentry|Coliseum|Conditioning Field|Forge|Furnace|Joinery|Master Workshop,4,9
"MaA/Daggers/Leather [(NInd, RProw, NPie, NCun), Nimble]|M4",Man-at-Arms,Daggers,,Leather,,False,25,"Immune Blocked,Nimble",1800,,False,Animal Husbandry|Coliseum|Conditioning Field|Furnace|Stable|Tannery,4,3
"MaA/Lance/Buckler/Chain [(EInd, RProw, NPie, NCun), Nimble]|M4",Man-at-Arms,Lance,Buckler Shield,Chainmail,,False,25,"Immune Blocked,Nimble",1400,,False,Animal Husbandry|Armory|Blacksmith|Carpentry|Coliseum|Conditioning Field|Forge|Furnace|Joinery|Tannery,4,9
"MaA/ShortSword/Targe/Cloth [(RInd, RProw, NPie, NCun), Nimble]|M4",Man-at-Arms,Short Sword,Targe Shield,Cloth,,False,25,"Immune Blocked,Nimble",1800,,False,Blacksmith|Carpentry|Coliseum|Conditioning Field|Furnace|Joinery|Stable,4,6
"MaA/Pitchfork/Cloth [(NInd, RProw, EPie, NCun), Enduring, Nimble, Rec 6, Recover 7, Recover 8, Shake+1]|M4",Man-at-Arms,Pitchfork,,Cloth,,False,25,"Nimble,Recover 6,Recover 7,Shake +1,Immune Blocked,Enduring,Recover 8",1900,,False,Alchemy|Apothecary|Coliseum|Conditioning Field|Herb Garden|Hospitaller|Infirmary|Stable,4,9
"MaA/Cudgel/Leather [(NInd, EProw, NPie, NCun), Nimble, Recover 8, Riposte]|M4",Man-at-Arms,Cudgel,,Leather,,False,25,"Nimble,Parry,Improved Parry,Immune Blocked,Riposte,Recover 8",1800,,False,Animal Husbandry|Apothecary|Coliseum|Conditioning Field|Grand Tournament|Herb Garden|Tannery,4,6
"MaA/FarmTools/Buckler/Leather [(RInd, RProw, NPie, NCun), Nimble]|M4",Man-at-Arms,Farm Tools,Buckler Shield,Leather,,False,25,"Immune Blocked,Nimble",1100,,False,Animal Husbandry|Butchery|Carpentry|Coliseum|Conditioning Field|Joinery|Tannery,4,6
"MaA/FarmTools/Kite/Cloth [(RInd, RProw, NPie, NCun), Nimble]|M4",Man-at-Arms,Farm Tools,Kite Shield,Cloth,,False,25,"Immune Blocked,Nimble",1400,,False,Armory|Blacksmith|Carpentry|Coliseum|Conditioning Field|Furnace|Joinery|Tannery,4,6
"MaA/Lance/Kite/Chain [(EInd, RProw, NPie, NCun), Nimble]|M4",Man-at-Arms,Lance,Kite Shield,Chainmail,,False,25,"Immune Blocked,Nimble",1400,,False,Animal Husbandry|Armory|Blacksmith|Carpentry|Coliseum|Conditioning Field|Forge|Furnace|Joinery|Tannery,4,9
"MaA/FarmTools/Leather [(NInd, RProw, NPie, NCun), Nimble, Recover 8]|M4",Man-at-Arms,Farm Tools,,Leather,,False,25,"Immune Blocked,Nimble,Recover 8",1800,,False,Animal Husbandry|Apothecary|Coliseum|Conditioning Field|Herb Garden|Tannery,4,3
"MaA/WarHammer/Chain [(EInd, RProw, NPie, NCun), Nimble]|M4",Man-at-Arms,War Hammer,,Chainmail,,False,25,"Immune Blocked,Nimble",1600,,False,Animal Husbandry|Armory|Blacksmith|Coliseum|Conditioning Field|Forge|Furnace|Stable|Tannery,4,9
"MaA/Lance/Targe/Cloth [(EInd, RProw, NPie, NCun), Nimble]|M4",Man-at-Arms,Lance,Targe Shield,Cloth,,False,25,"Immune Blocked,Nimble",1800,,False,Blacksmith|Carpentry|Coliseum|Conditioning Field|Forge|Furnace|Joinery|Stable,4,9
"MaA/Spears/Kite/FullPlate [(EInd, EProw, NPie, NCun), Nimble, Temp, Riposte]|M4",Man-at-Arms,Spears,Kite Shield,Full Plate,,False,25,"Nimble,Parry,Improved Parry,Planishing,Immune Blocked,Riposte",1400,,False,Animal Husbandry|Armory|Blacksmith|Carpentry|Coliseum|Conditioning Field|Furnace|Gilded Foundry|Grand Tournament|Joinery|Tannery,4,12
"MaA/Daggers/FullPlate [RoPaM, (EInd, SProw, NPie, NCun), Nimble, Temp, Riposte]|M4",Man-at-Arms,Daggers,,Full Plate,,False,25,"Immune Strain,Drilled,Improved Parry,Planishing,Immune Blocked,Parry,Riposte,Nimble",1600,,False,Animal Husbandry|Armory|Blacksmith|Coliseum|Conditioning Field|Furnace|Gilded Foundry|Grand Tournament|Royal Pavilion|Tannery|Tiltyard,4,16
"MaA/ShortSword/Targe/Cloth [(EInd, RProw, NPie, NCun), Nimble, Serr]|M4",Man-at-Arms,Short Sword,Targe Shield,Cloth,,False,25,"Immune Blocked,Nimble,Serrated",1600,,False,Blacksmith|Carpentry|Coliseum|Conditioning Field|Furnace|Joinery|Master Workshop,4,9
"MaA/Spears/Targe/Cloth [RoPaI, (RInd, SProw, NPie, NCun), Nimble]|M4",Man-at-Arms,Spears,Targe Shield,Cloth,,False,25,"Immune Strain,Nimble,Parry,Immune Blocked",1800,,False,Blacksmith|Carpentry|Coliseum|Conditioning Field|Furnace|Joinery|Royal Pavilion,4,13
"MaA/Cavalry Spear/Kite/Leather [(RInd, RProw, NPie, NCun), Nimble]|M4",Man-at-Arms,Cavalry Spear,Kite Shield,Leather,,False,25,"Immune Blocked,Nimble",1400,,False,Animal Husbandry|Armory|Blacksmith|Carpentry|Coliseum|Conditioning Field|Furnace|Joinery|Tannery,4,6
"MaA/Lance/Buckler/Cloth [(EInd, RProw, NPie, NCun), Nimble, Serr]|M4",Man-at-Arms,Lance,Buckler Shield,Cloth,,False,25,"Immune Blocked,Nimble,Serrated",1600,,False,Blacksmith|Carpentry|Coliseum|Conditioning Field|Forge|Furnace|Joinery|Master Workshop,4,9
"MaA/Bastard/Tower/FullPlate [(EInd, RProw, NPie, NCun), Nimble, Temp]|M4",Man-at-Arms,Bastard Sword,Tower Shield,Full Plate,,False,25,"Immune Blocked,Nimble,Planishing",1400,,False,Animal Husbandry|Armory|Blacksmith|Carpentry|Coliseum|Conditioning Field|Forge|Furnace|Gilded Foundry|Joinery|Tannery,4,9
"MaA/Lance/Targe/Cloth [(EInd, RProw, NPie, NCun), Nimble, Serr]|M4",Man-at-Arms,Lance,Targe Shield,Cloth,,False,25,"Immune Blocked,Nimble,Serrated",1600,,False,Blacksmith|Carpentry|Coliseum|Conditioning Field|Forge|Furnace|Joinery|Master Workshop,4,9
"MaA/Lance/Buckler/Leather [(EInd, RProw, NPie, NCun), Nimble]|M4",Man-at-Arms,Lance,Buckler Shield,Leather,,False,25,"Immune Blocked,Nimble",1600,,False,Animal Husbandry|Blacksmith|Carpentry|Coliseum|Conditioning Field|Forge|Furnace|Joinery|Tannery,4,9
"MaA/Halberd/Chain [PrI, (RInd, EProw, SPie, NCun), Nimble, Shake+1]|M4",Man-at-Arms,Halberd,,Chainmail,,False,25,"Nimble,Parry,Shake +1,Immune Blocked,Resolute",1600,,False,Animal Husbandry|Armory|Blacksmith|Coliseum|Conditioning Field|Furnace|Preceptory|Tannery,4,19
"MaA/Flail/Kite/FullPlate [(EInd, RProw, NPie, NCun), Nimble, Temp]|M4",Man-at-Arms,Flail,Kite Shield,Full Plate,,False,25,"Immune Blocked,Nimble,Planishing",1400,,False,Animal Husbandry|Armory|Blacksmith|Carpentry|Coliseum|Conditioning Field|Furnace|Gilded Foundry|Joinery|Tannery,4,9
"MaA/Lance/Buckler/Cloth [RoPaI, (EInd, SProw, NPie, NCun), Nimble]|M4",Man-at-Arms,Lance,Buckler Shield,Cloth,,False,25,"Immune Strain,Nimble,Parry,Immune Blocked",1800,,False,Blacksmith|Carpentry|Coliseum|Conditioning Field|Forge|Furnace|Joinery|Royal Pavilion,4,16
"MaA/FarmTools/Kite/Leather [(RInd, RProw, NPie, NCun), Nimble]|M4",Man-at-Arms,Farm Tools,Kite Shield,Leather,,False,25,"Immune Blocked,Nimble",1400,,False,Animal Husbandry|Armory|Blacksmith|Carpentry|Coliseum|Conditioning Field|Furnace|Joinery|Tannery,4,6
"MaA/Cavalry Spear/Kite/FullPlate [(EInd, RProw, NPie, NCun), Nimble, Temp]|M4",Man-at-Arms,Cavalry Spear,Kite Shield,Full Plate,,False,25,"Immune Blocked,Nimble,Planishing",1400,,False,Animal Husbandry|Armory|Blacksmith|Carpentry|Coliseum|Conditioning Field|Furnace|Gilded Foundry|Joinery|Tannery,4,9
"MaA/FarmTools/Targe/FullPlate [(EInd, RProw, NPie, NCun), Nimble, Temp]|M4",Man-at-Arms,Farm Tools,Targe Shield,Full Plate,,False,25,"Immune Blocked,Nimble,Planishing",1400,,False,Animal Husbandry|Armory|Blacksmith|Carpentry|Coliseum|Conditioning Field|Furnace|Gilded Foundry|Joinery|Tannery,4,9
"MaA/ShortSword/Targe/Leather [(RInd, RProw, NPie, NCun), Nimble]|M4",Man-at-Arms,Short Sword,Targe Shield,Leather,,False,25,"Immune Blocked,Nimble",1600,,False,Animal Husbandry|Blacksmith|Carpentry|Coliseum|Conditioning Field|Furnace|Joinery|Tannery,4,6
"MaA/FarmTools/Kite/Chain [(RInd, EProw, NPie, NCun), Nimble, Riposte]|M4",Man-at-Arms,Farm Tools,Kite Shield,Chainmail,,False,25,"Nimble,Parry,Improved Parry,Immune Blocked,Riposte",1400,,False,Animal Husbandry|Armory|Blacksmith|Carpentry|Coliseum|Conditioning Field|Furnace|Grand Tournament|Joinery|Tannery,4,9
"MaA/Pike/Cloth [(RInd, RProw, NPie, NCun), Nimble, Recover 8]|M4",Man-at-Arms,Pike,,Cloth,,False,25,"Immune Blocked,Nimble,Recover 8",2000,,False,Apothecary|Blacksmith|Coliseum|Conditioning Field|Furnace|Herb Garden,4,6
"MaA/Pike/FullPlate [(EInd, RProw, NPie, NCun), Nimble, Temp]|M4",Man-at-Arms,Pike,,Full Plate,,False,25,"Immune Blocked,Nimble,Planishing",1100,,False,Animal Husbandry|Armory|Blacksmith|Butchery|Coliseum|Conditioning Field|Furnace|Gilded Foundry|Tannery,4,9
"MaA/Spears/Kite/Leather [(RInd, RProw, NPie, NCun), Nimble]|M4",Man-at-Arms,Spears,Kite Shield,Leather,,False,25,"Immune Blocked,Nimble",1400,,False,Animal Husbandry|Armory|Blacksmith|Carpentry|Coliseum|Conditioning Field|Furnace|Joinery|Tannery,4,6
"MaA/FarmTools/Buckler/Chain [(RInd, EProw, NPie, NCun), Nimble, Riposte]|M4",Man-at-Arms,Farm Tools,Buckler Shield,Chainmail,,False,25,"Nimble,Parry,Improved Parry,Immune Blocked,Riposte",1400,,False,Animal Husbandry|Armory|Blacksmith|Carpentry|Coliseum|Conditioning Field|Furnace|Grand Tournament|Joinery|Tannery,4,9
"MaA/ShortSword/Tower/Leather [(EInd, RProw, NPie, NCun), Nimble]|M4",Man-at-Arms,Short Sword,Tower Shield,Leather,,False,25,"Immune Blocked,Nimble",1600,,False,Animal Husbandry|Blacksmith|Carpentry|Coliseum|Conditioning Field|Forge|Furnace|Joinery|Tannery,4,9
"MaA/2HBastard/Cloth [(EInd, RProw, NPie, NCun), Nimble, Recover 8]|M4",Man-at-Arms,2HBastard,,Cloth,,False,25,"Immune Blocked,Nimble,Recover 8",2000,,False,Apothecary|Blacksmith|Coliseum|Conditioning Field|Forge|Furnace|Herb Garden,4,9
"MaA/Lance/Targe/FullPlate [(EInd, RProw, NPie, NCun), Nimble, Temp]|M4",Man-at-Arms,Lance,Targe Shield,Full Plate,,False,25,"Immune Blocked,Nimble,Planishing",1400,,False,Animal Husbandry|Armory|Blacksmith|Carpentry|Coliseum|Conditioning Field|Forge|Furnace|Gilded Foundry|Joinery|Tannery,4,9
"MaA/FarmTools/Cloth [RoPaM, (NInd, SProw, NPie, NCun), Nimble, Recover 8, Riposte]|M4",Man-at-Arms,Farm Tools,,Cloth,,False,25,"Immune Strain,Drilled,Improved Parry,Immune Blocked,Parry,Riposte,Nimble,Recover 8",2000,,False,Apothecary|Coliseum|Conditioning Field|Grand Tournament|Herb Garden|Royal Pavilion|Tiltyard,4,10
"MaA/Cudgel/FullPlate [(EInd, RProw, NPie, NCun), Nimble, Temp]|M4",Man-at-Arms,Cudgel,,Full Plate,,False,25,"Immune Blocked,Nimble,Planishing",1100,,False,Animal Husbandry|Armory|Blacksmith|Butchery|Coliseum|Conditioning Field|Furnace|Gilded Foundry|Tannery,4,9
"MaA/Spears/Tower/FullPlate [(EInd, RProw, NPie, NCun), Nimble, Temp]|M4",Man-at-Arms,Spears,Tower Shield,Full Plate,,False,25,"Immune Blocked,Nimble,Planishing",1400,,False,Animal Husbandry|Armory|Blacksmith|Carpentry|Coliseum|Conditioning Field|Forge|Furnace|Gilded Foundry|Joinery|Tannery,4,9
"MaA/ShortSword/Kite/Chain [(RInd, EProw, NPie, NCun), Nimble, Riposte]|M4",Man-at-Arms,Short Sword,Kite Shield,Chainmail,,False,25,"Nimble,Parry,Improved Parry,Immune Blocked,Riposte",1400,,False,Animal Husbandry|Armory|Blacksmith|Carpentry|Coliseum|Conditioning Field|Furnace|Grand Tournament|Joinery|Tannery,4,9
"MaA/Arming/Tower/Cloth [(EInd, RProw, NPie, NCun), Nimble, Serr]|M4",Man-at-Arms,Arming Sword,Tower Shield,Cloth,,False,25,"Immune Blocked,Nimble,Serrated",1600,,False,Blacksmith|Carpentry|Coliseum|Conditioning Field|Forge|Furnace|Joinery|Master Workshop,4,9
"MaA/Cavalry Spear/Kite/Cloth [(RInd, RProw, NPie, NCun), Nimble]|M4",Man-at-Arms,Cavalry Spear,Kite Shield,Cloth,,False,25,"Immune Blocked,Nimble",1400,,False,Armory|Blacksmith|Carpentry|Coliseum|Conditioning Field|Furnace|Joinery|Tannery,4,6
"MaA/Pike/Cloth [PrI, (RInd, EProw, SPie, NCun), Nimble, Shake+1]|M4",Man-at-Arms,Pike,,Cloth,,False,25,"Nimble,Parry,Shake +1,Immune Blocked,Resolute",2000,,False,Blacksmith|Coliseum|Conditioning Field|Furnace|Preceptory|Stable,4,19
"MaA/Cudgel/Cloth [(NInd, RProw, EPie, NCun), Enduring, Nimble, Rec 6, Recover 7, Recover 8, Shake+1]|M4",Man-at-Arms,Cudgel,,Cloth,,False,25,"Nimble,Recover 6,Recover 7,Shake +1,Immune Blocked,Enduring,Recover 8",1900,,False,Alchemy|Apothecary|Coliseum|Conditioning Field|Herb Garden|Hospitaller|Infirmary|Stable,4,9
"MaA/Cavalry Spear/Targe/Cloth [(EInd, RProw, NPie, NCun), Nimble, Serr]|M4",Man-at-Arms,Cavalry Spear,Targe Shield,Cloth,,False,25,"Immune Blocked,Nimble,Serrated",1600,,False,Blacksmith|Carpentry|Coliseum|Conditioning Field|Furnace|Joinery|Master Workshop,4,9
"MaA/2HBastard/Leather [(EInd, RProw, NPie, NCun), Nimble]|M4",Man-at-Arms,2HBastard,,Leather,,False,25,"Immune Blocked,Nimble",1300,,False,Animal Husbandry|Blacksmith|Butchery|Coliseum|Conditioning Field|Forge|Furnace|Tannery,4,9
"MaA/Lance/Kite/Cloth [(EInd, RProw, NPie, NCun), Nimble]|M4",Man-at-Arms,Lance,Kite Shield,Cloth,,False,25,"Immune Blocked,Nimble",1400,,False,Armory|Blacksmith|Carpentry|Coliseum|Conditioning Field|Forge|Furnace|Joinery|Tannery,4,9
"MaA/ShortSword/Targe/FullPlate [(EInd, RProw, NPie, NCun), Nimble, Temp]|M4",Man-at-Arms,Short Sword,Targe Shield,Full Plate,,False,25,"Immune Blocked,Nimble,Planishing",1400,,False,Animal Husbandry|Armory|Blacksmith|Carpentry|Coliseum|Conditioning Field|Furnace|Gilded Foundry|Joinery|Tannery,4,9
"MaA/Halberd/Leather [(EInd, RProw, NPie, NCun), Nimble, Serr]|M4",Man-at-Arms,Halberd,,Leather,,False,25,"Immune Blocked,Nimble,Serrated",1600,,False,Animal Husbandry|Blacksmith|Coliseum|Conditioning Field|Furnace|Master Workshop|Tannery,4,9
"MaA/HuntBow/Cloth [(NInd, EProw, NPie, NCun), Florentine, ImmU, Nimble, Riposte]|M4",Man-at-Arms,Farm Tools,,Cloth,Hunting Bow,True,25,"Florentine,Nimble,Parry,Improved Parry,Immune Blocked,Riposte,Immune Unwieldy",1800,,False,Carpentry|Coliseum|Conditioning Field|Fletchery|Grand Tournament|Tiltyard,4,6
"MaA/Lance/Buckler/Cloth [OuInPoI, (EInd, RProw, NPie, SCun), Nimble]|M4",Man-at-Arms,Lance,Buckler Shield,Cloth,,False,25,"confers:Blocked,confers:Strain,Nimble,Immune Blocked,Outrider: once",1800,,False,Blacksmith|Carpentry|Coliseum|Conditioning Field|Forge|Furnace|Joinery|Outrider Intercept Post,4,19
"MaA/ShortSword/Kite/Leather [(RInd, RProw, NPie, NCun), Nimble]|M4",Man-at-Arms,Short Sword,Kite Shield,Leather,,False,25,"Immune Blocked,Nimble",1400,,False,Animal Husbandry|Armory|Blacksmith|Carpentry|Coliseum|Conditioning Field|Furnace|Joinery|Tannery,4,6
"MaA/WarHammer/Cloth [(EInd, RProw, NPie, NCun), Nimble, Recover 8]|M4",Man-at-Arms,War Hammer,,Cloth,,False,25,"Immune Blocked,Nimble,Recover 8",2000,,False,Apothecary|Blacksmith|Coliseum|Conditioning Field|Forge|Furnace|Herb Garden,4,9
"MaA/Pitchfork/Cloth [RoPaI, (NInd, SProw, NPie, NCun), Nimble, Recover 8]|M4",Man-at-Arms,Pitchfork,,Cloth,,False,25,"Immune Strain,Nimble,Parry,Immune Blocked,Recover 8",2000,,False,Apothecary|Coliseum|Conditioning Field|Herb Garden|Royal Pavilion,4,10
"MaA/Lance/Kite/FullPlate [(EInd, RProw, NPie, NCun), Nimble, Temp, Serr]|M5",Man-at-Arms,Lance,Kite Shield,Full Plate,,False,25,"Immune Blocked,Nimble,Serrated,Planishing",1200,,False,Animal Husbandry|Armory|Blacksmith|Carpentry|Coliseum|Conditioning Field|Forge|Furnace|Gilded Foundry|Joinery|Master Workshop|Tannery,5,9
"MaA/Lance/Buckler/Chain [(EInd, RProw, NPie, NCun), Nimble, Serr]|M5",Man-at-Arms,Lance,Buckler Shield,Chainmail,,False,25,"Immune Blocked,Nimble,Serrated",1200,,False,Animal Husbandry|Armory|Blacksmith|Carpentry|Coliseum|Conditioning Field|Forge|Furnace|Joinery|Master Workshop|Tannery,5,9
"MaA/WarHammer/Chain [MiMiStM, (EInd, SProw, NPie, NCun), Nimble]|M5",Man-at-Arms,War Hammer,,Chainmail,,False,25,"Improved Parry,+1TH,Crit 7,Immune Blocked,Parry,+1I,MaxInit3,Nimble,Seize: first",1600,,False,Animal Husbandry|Armory|Blacksmith|Coliseum|Conditioning Field|Forge|Furnace|Ministry of Military Strategy|Tannery|University|War College,5,16
"MaA/WarHammer/Chain [(EInd, RProw, NPie, NCun), Nimble, Recover 8]|M5",Man-at-Arms,War Hammer,,Chainmail,,False,25,"Immune Blocked,Nimble,Recover 8",1600,,False,Animal Husbandry|Apothecary|Armory|Blacksmith|Coliseum|Conditioning Field|Forge|Furnace|Herb Garden|Tannery,5,9
"MaA/FarmTools/Kite/Chain [(RInd, EProw, NPie, NCun), Nimble, Riposte]|M5",Man-at-Arms,Farm Tools,Kite Shield,Chainmail,,False,25,"Nimble,Parry,Improved Parry,Immune Blocked,Riposte",900,,False,Animal Husbandry|Armory|Blacksmith|Butchery|Carpentry|Coliseum|Conditioning Field|Furnace|Grand Tournament|Joinery|Tannery,5,9
"MaA/Cudgel+Crossbow/Cloth (TY) [(EInd, EProw, NPie, NCun), Florentine, ImmU, Nimble]|M5",Man-at-Arms,Cudgel,,Cloth,Crossbow,True,25,"Florentine,Nimble,Parry,Immune Blocked,Immune Unwieldy",1800,,False,Blacksmith|Carpentry|Coliseum|Conditioning Field|Fletchery|Forge|Furnace|Tiltyard,5,12
"MaA/Cavalry Spear/Buckler/FullPlate [(EInd, RProw, NPie, NCun), Nimble, Temp]|M5",Man-at-Arms,Cavalry Spear,Buckler Shield,Full Plate,,False,25,"Immune Blocked,Nimble,Planishing",900,,False,Animal Husbandry|Armory|Blacksmith|Butchery|Carpentry|Coliseum|Conditioning Field|Furnace|Gilded Foundry|Joinery|Tannery,5,9
"MaA/Cudgel+Javelin/Cloth (TY) [(RInd, EProw, NPie, NCun), Florentine, ImmU, Nimble]|M5",Man-at-Arms,Cudgel,,Cloth,Javelin,True,25,"Florentine,Nimble,Parry,Immune Blocked,Immune Unwieldy",1800,,False,Blacksmith|Carpentry|Coliseum|Conditioning Field|Fletchery|Furnace|Tiltyard,5,9
"MaA/Arming/Tower/Leather [(EInd, RProw, NPie, NCun), Nimble, Serr]|M5",Man-at-Arms,Arming Sword,Tower Shield,Leather,,False,25,"Immune Blocked,Nimble,Serrated",1400,,False,Animal Husbandry|Blacksmith|Carpentry|Coliseum|Conditioning Field|Forge|Furnace|Joinery|Master Workshop|Tannery,5,9
"MaA/Spears/Tower/Chain [(EInd, RProw, NPie, NCun), Nimble]|M5",Man-at-Arms,Spears,Tower Shield,Chainmail,,False,25,"Immune Blocked,Nimble",1400,,False,Animal Husbandry|Armory|Blacksmith|Carpentry|Coliseum|Conditioning Field|Forge|Furnace|Joinery|Stable|Tannery,5,9
"MaA/FarmTools/Targe/Chain [PrI, (RInd, EProw, SPie, NCun), Nimble, Shake+1]|M5",Man-at-Arms,Farm Tools,Targe Shield,Chainmail,,False,25,"Nimble,Parry,Shake +1,Immune Blocked,Resolute",1400,,False,Animal Husbandry|Armory|Blacksmith|Carpentry|Coliseum|Conditioning Field|Furnace|Joinery|Preceptory|Tannery,5,19
"MaA/Halberd/FullPlate [RoPaI, (EInd, SProw, NPie, NCun), Nimble, Temp, Serr]|M5",Man-at-Arms,Halberd,,Full Plate,,False,25,"Immune Strain,Nimble,Parry,Planishing,Immune Blocked,Serrated",1400,,False,Animal Husbandry|Armory|Blacksmith|Coliseum|Conditioning Field|Furnace|Gilded Foundry|Master Workshop|Royal Pavilion|Tannery,5,16
"MaA/Bastard+Crossbow/Tower/Cloth (TY) [RoPaM, (EInd, SProw, NPie, NCun), Florentine, ImmU, Nimble, Riposte]|M5",Man-at-Arms,Bastard Sword,Tower Shield,Cloth,Crossbow,True,25,"Immune Strain,Florentine,Drilled,Improved Parry,Immune Blocked,Parry,Riposte,Immune Unwieldy,Nimble",1600,,False,Blacksmith|Carpentry|Coliseum|Conditioning Field|Fletchery|Forge|Furnace|Grand Tournament|Joinery|Royal Pavilion|Tiltyard,5,16
"MaA/Daggers/Cloth [(NInd, RProw, EPie, NCun), Enduring, Nimble, Rec 6, Recover 7, Recover 8, Shake+1]|M5",Man-at-Arms,Daggers,,Cloth,,False,25,"Nimble,Recover 6,Recover 7,Shake +1,Immune Blocked,Enduring,Recover 8",1900,,False,Alchemy|Apothecary|Coliseum|Conditioning Field|Furnace|Herb Garden|Hospitaller|Infirmary|Stable,5,9
"MaA/Arming/Tower/Chain [(EInd, EProw, NPie, NCun), Nimble, Riposte, Serr]|M5",Man-at-Arms,Arming Sword,Tower Shield,Chainmail,,False,25,"Nimble,Parry,Improved Parry,Immune Blocked,Riposte,Serrated",1200,,False,Animal Husbandry|Armory|Blacksmith|Carpentry|Coliseum|Conditioning Field|Forge|Furnace|Grand Tournament|Joinery|Master Workshop|Tannery,5,12
"MaA/ShortSword/Targe/Leather [PrI, (RInd, EProw, SPie, NCun), Nimble, Shake+1]|M5",Man-at-Arms,Short Sword,Targe Shield,Leather,,False,25,"Nimble,Parry,Shake +1,Immune Blocked,Resolute",1600,,False,Animal Husbandry|Blacksmith|Carpentry|Coliseum|Conditioning Field|Furnace|Joinery|Preceptory|Tannery,5,19
"MaA/ShortSword/Targe/FullPlate [(EInd, RProw, NPie, NCun), Nimble, Temp]|M5",Man-at-Arms,Short Sword,Targe Shield,Full Plate,,False,25,"Immune Blocked,Nimble,Planishing",900,,False,Animal Husbandry|Armory|Blacksmith|Butchery|Carpentry|Coliseum|Conditioning Field|Furnace|Gilded Foundry|Joinery|Tannery,5,9
"MaA/WarHammer/Cloth [(EInd, RProw, EPie, NCun), Enduring, Nimble, Rec 6, Recover 7, Recover 8, Shake+1]|M5",Man-at-Arms,War Hammer,,Cloth,,False,25,"Nimble,Recover 6,Recover 7,Shake +1,Immune Blocked,Enduring,Recover 8",1900,,False,Alchemy|Apothecary|Blacksmith|Coliseum|Conditioning Field|Forge|Furnace|Herb Garden|Hospitaller|Infirmary|Stable,5,15
"MaA/FarmTools/Buckler/FullPlate [(EInd, RProw, NPie, NCun), Nimble, Temp]|M5",Man-at-Arms,Farm Tools,Buckler Shield,Full Plate,,False,25,"Immune Blocked,Nimble,Planishing",1400,,False,Animal Husbandry|Armory|Blacksmith|Carpentry|Coliseum|Conditioning Field|Furnace|Gilded Foundry|Joinery|Stable|Tannery,5,9
"MaA/Spears/Tower/FullPlate [(EInd, RProw, NPie, NCun), Nimble, Temp]|M5",Man-at-Arms,Spears,Tower Shield,Full Plate,,False,25,"Immune Blocked,Nimble,Planishing",900,,False,Animal Husbandry|Armory|Blacksmith|Butchery|Carpentry|Coliseum|Conditioning Field|Forge|Furnace|Gilded Foundry|Joinery|Tannery,5,9
"MaA/2HBastard/Cloth [OuInPoM, (EInd, RProw, NPie, SCun), Nimble]|M5",Man-at-Arms,2HBastard,,Cloth,,False,25,"confers:Blocked,confers:Strain,Nimble,Outrider: every,Immune Blocked",2000,,False,Blacksmith|Caravanery|Cipher Chamber|Coliseum|Conditioning Field|Forge|Furnace|Outrider Intercept Post,5,19
"MaA/Spears/Kite/FullPlate [(EInd, RProw, NPie, NCun), Nimble, Temp]|M5",Man-at-Arms,Spears,Kite Shield,Full Plate,,False,25,"Immune Blocked,Nimble,Planishing",1400,,False,Animal Husbandry|Armory|Blacksmith|Carpentry|Coliseum|Conditioning Field|Furnace|Gilded Foundry|Joinery|Stable|Tannery,5,9
"MaA/Lance/Buckler/FullPlate [(EInd, EProw, NPie, NCun), Nimble, Temp, Riposte, Serr]|M5",Man-at-Arms,Lance,Buckler Shield,Full Plate,,False,25,"Nimble,Parry,Improved Parry,Planishing,Immune Blocked,Riposte,Serrated",1200,,False,Animal Husbandry|Armory|Blacksmith|Carpentry|Coliseum|Conditioning Field|Forge|Furnace|Gilded Foundry|Grand Tournament|Joinery|Master Workshop|Tannery,5,12
"MaA/Cavalry Spear/Buckler/Cloth [(RInd, RProw, NPie, NCun), Nimble, Recover 8]|M5",Man-at-Arms,Cavalry Spear,Buckler Shield,Cloth,,False,25,"Immune Blocked,Nimble,Recover 8",1800,,False,Apothecary|Blacksmith|Carpentry|Coliseum|Conditioning Field|Furnace|Herb Garden|Joinery,5,6
"MaA/Flail+Crossbow/Cloth (TY) [(EInd, EProw, NPie, NCun), Florentine, ImmU, Nimble]|M5",Man-at-Arms,Flail,,Cloth,Crossbow,True,25,"Florentine,Nimble,Parry,Immune Blocked,Immune Unwieldy",1800,,False,Blacksmith|Carpentry|Coliseum|Conditioning Field|Fletchery|Forge|Furnace|Tiltyard,5,12
"MaA/FarmTools/Kite/Leather [(EInd, RProw, NPie, NCun), Nimble, Serr]|M5",Man-at-Arms,Farm Tools,Kite Shield,Leather,,False,25,"Immune Blocked,Nimble,Serrated",1200,,False,Animal Husbandry|Armory|Blacksmith|Carpentry|Coliseum|Conditioning Field|Furnace|Joinery|Master Workshop|Tannery,5,9
"MaA/Bastard+Longbow/Tower/Cloth (TY) [(EInd, EProw, NPie, NCun), Florentine, ImmU, Nimble]|M5",Man-at-Arms,Bastard Sword,Tower Shield,Cloth,Longbow,True,25,"Florentine,Nimble,Parry,Immune Blocked,Immune Unwieldy",1600,,False,Blacksmith|Carpentry|Coliseum|Conditioning Field|Fletchery|Forge|Furnace|Joinery|Tiltyard,5,12
"MaA/Lance/Targe/FullPlate [(EInd, RProw, NPie, NCun), Nimble, Temp, Serr]|M5",Man-at-Arms,Lance,Targe Shield,Full Plate,,False,25,"Immune Blocked,Nimble,Serrated,Planishing",1200,,False,Animal Husbandry|Armory|Blacksmith|Carpentry|Coliseum|Conditioning Field|Forge|Furnace|Gilded Foundry|Joinery|Master Workshop|Tannery,5,9
"MaA/Pike/Cloth [(RInd, RProw, EPie, NCun), Enduring, Nimble, Rec 6, Recover 7, Recover 8, Shake+1]|M5",Man-at-Arms,Pike,,Cloth,,False,25,"Nimble,Recover 6,Recover 7,Shake +1,Immune Blocked,Enduring,Recover 8",1900,,False,Alchemy|Apothecary|Blacksmith|Coliseum|Conditioning Field|Furnace|Herb Garden|Hospitaller|Infirmary|Stable,5,12
"MaA/ShortSword/Tower/Chain [RoPaI, (EInd, SProw, NPie, NCun), Nimble]|M5",Man-at-Arms,Short Sword,Tower Shield,Chainmail,,False,25,"Immune Strain,Nimble,Parry,Immune Blocked",1400,,False,Animal Husbandry|Armory|Blacksmith|Carpentry|Coliseum|Conditioning Field|Forge|Furnace|Joinery|Royal Pavilion|Tannery,5,16
"MaA/Spears/Targe/Cloth [(RInd, RProw, NPie, NCun), Nimble, Recover 8]|M5",Man-at-Arms,Spears,Targe Shield,Cloth,,False,25,"Immune Blocked,Nimble,Recover 8",1800,,False,Apothecary|Blacksmith|Carpentry|Coliseum|Conditioning Field|Furnace|Herb Garden|Joinery,5,6
"MaA/Spears+Crossbow/Tower/Cloth (TY) [(EInd, EProw, NPie, NCun), Florentine, ImmU, Nimble]|M5",Man-at-Arms,Spears,Tower Shield,Cloth,Crossbow,True,25,"Florentine,Nimble,Parry,Immune Blocked,Immune Unwieldy",1600,,False,Blacksmith|Carpentry|Coliseum|Conditioning Field|Fletchery|Forge|Furnace|Joinery|Tiltyard,5,12
"MaA/ShortSword/Tower/Cloth [RoPaM, (EInd, SProw, NPie, NCun), Nimble, Riposte, Serr]|M5",Man-at-Arms,Short Sword,Tower Shield,Cloth,,False,25,"Immune Strain,Drilled,Improved Parry,Immune Blocked,Parry,Riposte,Nimble,Serrated",1600,,False,Blacksmith|Carpentry|Coliseum|Conditioning Field|Forge|Furnace|Grand Tournament|Joinery|Master Workshop|Royal Pavilion|Tiltyard,5,16
"MaA/FarmTools/Targe/Chain [RoPaM, (RInd, SProw, NPie, NCun), Nimble, Riposte]|M5",Man-at-Arms,Farm Tools,Targe Shield,Chainmail,,False,25,"Immune Strain,Drilled,Nimble,Parry,Improved Parry,Immune Blocked,Riposte",1400,,False,Animal Husbandry|Armory|Blacksmith|Carpentry|Coliseum|Conditioning Field|Furnace|Grand Tournament|Joinery|Royal Pavilion|Tannery|Tiltyard,5,13
"MaA/Cavalry Spear/Kite/Chain [(EInd, RProw, NPie, NCun), Nimble, Serr]|M5",Man-at-Arms,Cavalry Spear,Kite Shield,Chainmail,,False,25,"Immune Blocked,Nimble,Serrated",1200,,False,Animal Husbandry|Armory|Blacksmith|Carpentry|Coliseum|Conditioning Field|Furnace|Joinery|Master Workshop|Tannery,5,9
"MaA/ShortSword+HuntBow/Targe/Cloth (TY) [(RInd, EProw, NPie, NCun), Florentine, ImmU, Nimble]|M5",Man-at-Arms,Short Sword,Targe Shield,Cloth,Hunting Bow,True,25,"Florentine,Nimble,Parry,Immune Blocked,Immune Unwieldy",1600,,False,Blacksmith|Carpentry|Coliseum|Conditioning Field|Fletchery|Furnace|Joinery|Tiltyard,5,9
"MaA/Arming/Kite/Chain [(RInd, RProw, NPie, NCun), Nimble]|M5",Man-at-Arms,Arming Sword,Kite Shield,Chainmail,,False,25,"Immune Blocked,Nimble",900,,False,Animal Husbandry|Armory|Blacksmith|Butchery|Carpentry|Coliseum|Conditioning Field|Furnace|Joinery|Tannery,5,6
"MaA/BattleAxe/Chain [RoPaM, (RInd, SProw, NPie, NCun), Nimble, Riposte]|M5",Man-at-Arms,Battle Axe,,Chainmail,,False,25,"Immune Strain,Drilled,Nimble,Parry,Improved Parry,Immune Blocked,Riposte",1100,,False,Animal Husbandry|Armory|Blacksmith|Butchery|Coliseum|Conditioning Field|Furnace|Grand Tournament|Royal Pavilion|Tannery|Tiltyard,5,13
"MaA/Pitchfork/Leather [(NInd, RProw, EPie, NCun), Enduring, Nimble, Rec 6, Recover 7, Recover 8, Shake+1]|M5",Man-at-Arms,Pitchfork,,Leather,,False,25,"Nimble,Recover 6,Recover 7,Shake +1,Immune Blocked,Enduring,Recover 8",1700,,False,Alchemy|Animal Husbandry|Apothecary|Coliseum|Conditioning Field|Herb Garden|Hospitaller|Infirmary|Stable|Tannery,5,9
"MaA/FarmTools/Targe/Leather [RoPaM, (RInd, SProw, NPie, NCun), Nimble, Riposte]|M5",Man-at-Arms,Farm Tools,Targe Shield,Leather,,False,25,"Immune Strain,Drilled,Nimble,Parry,Improved Parry,Immune Blocked,Riposte",1600,,False,Animal Husbandry|Blacksmith|Carpentry|Coliseum|Conditioning Field|Furnace|Grand Tournament|Joinery|Royal Pavilion|Tannery|Tiltyard,5,13
"MaA/WarHammer+HuntBow/Cloth (TY) [RoPaM, (EInd, SProw, NPie, NCun), Florentine, ImmU, Nimble, Riposte]|M5",Man-at-Arms,War Hammer,,Cloth,Hunting Bow,True,25,"Immune Strain,Florentine,Drilled,Improved Parry,Immune Blocked,Parry,Riposte,Immune Unwieldy,Nimble",1800,,False,Blacksmith|Carpentry|Coliseum|Conditioning Field|Fletchery|Forge|Furnace|Grand Tournament|Royal Pavilion|Tiltyard,5,16
"MaA/Morningstar/Tower/Leather [OuInPoI, (EInd, RProw, NPie, SCun), Nimble]|M5",Man-at-Arms,Morningstar,Tower Shield,Leather,,False,25,"confers:Blocked,confers:Strain,Nimble,Immune Blocked,Outrider: once",1600,,False,Animal Husbandry|Blacksmith|Carpentry|Coliseum|Conditioning Field|Forge|Furnace|Joinery|Outrider Intercept Post|Tannery,5,19
"MaA/Morningstar+Javelin/Tower/Cloth (TY) [(EInd, EProw, NPie, NCun), Florentine, ImmU, Nimble]|M5",Man-at-Arms,Morningstar,Tower Shield,Cloth,Javelin,True,25,"Florentine,Nimble,Parry,Immune Blocked,Immune Unwieldy",1600,,False,Blacksmith|Carpentry|Coliseum|Conditioning Field|Fletchery|Forge|Furnace|Joinery|Tiltyard,5,12
"MaA/Cudgel+HuntBow/Leather (TY) [(NInd, EProw, NPie, NCun), Florentine, ImmU, Nimble]|M5",Man-at-Arms,Cudgel,,Leather,Hunting Bow,True,25,"Florentine,Nimble,Parry,Immune Blocked,Immune Unwieldy",1600,,False,Animal Husbandry|Carpentry|Coliseum|Conditioning Field|Fletchery|Tannery|Tiltyard,5,6
"MaA/ShortSword/Kite/FullPlate [(EInd, RProw, NPie, NCun), Nimble, Temp]|M5",Man-at-Arms,Short Sword,Kite Shield,Full Plate,,False,25,"Immune Blocked,Nimble,Planishing",1400,,False,Animal Husbandry|Armory|Blacksmith|Carpentry|Coliseum|Conditioning Field|Furnace|Gilded Foundry|Joinery|Stable|Tannery,5,9
"MaA/Pitchfork/Chain [(RInd, RProw, NPie, NCun), Nimble, Recover 8]|M5",Man-at-Arms,Pitchfork,,Chainmail,,False,25,"Immune Blocked,Nimble,Recover 8",1600,,False,Animal Husbandry|Apothecary|Armory|Blacksmith|Coliseum|Conditioning Field|Furnace|Herb Garden|Tannery,5,6
"MaA/Pike/Chain [(RInd, EProw, NPie, NCun), Nimble, Recover 8, Riposte]|M5",Man-at-Arms,Pike,,Chainmail,,False,25,"Nimble,Parry,Improved Parry,Immune Blocked,Riposte,Recover 8",1600,,False,Animal Husbandry|Apothecary|Armory|Blacksmith|Coliseum|Conditioning Field|Furnace|Grand Tournament|Herb Garden|Tannery,5,9
"MaA/Pitchfork/Cloth [(NInd, RProw, EPie, NCun), Enduring, Nimble, Rec 6, Recover 7, Recover 8, Shake+1]|M5",Man-at-Arms,Pitchfork,,Cloth,,False,25,"Nimble,Recover 6,Recover 7,Shake +1,Immune Blocked,Enduring,Recover 8",1200,,False,Alchemy|Animal Husbandry|Apothecary|Butchery|Coliseum|Conditioning Field|Herb Garden|Hospitaller|Infirmary|Tannery,5,9
"MaA/FarmTools/Kite/Cloth [(EInd, RProw, NPie, NCun), Nimble, Serr]|M5",Man-at-Arms,Farm Tools,Kite Shield,Cloth,,False,25,"Immune Blocked,Nimble,Serrated",1200,,False,Armory|Blacksmith|Carpentry|Coliseum|Conditioning Field|Furnace|Joinery|Master Workshop|Tannery,5,9
"MaA/Spears/Targe/FullPlate [(EInd, RProw, NPie, NCun), Nimble, Temp, Serr]|M5",Man-at-Arms,Spears,Targe Shield,Full Plate,,False,25,"Immune Blocked,Nimble,Serrated,Planishing",1200,,False,Animal Husbandry|Armory|Blacksmith|Carpentry|Coliseum|Conditioning Field|Furnace|Gilded Foundry|Joinery|Master Workshop|Tannery,5,9
"MaA/Daggers+HuntBow/Cloth (TY) [(NInd, EProw, NPie, NCun), Florentine, ImmU, Nimble]|M5",Man-at-Arms,Daggers,,Cloth,Hunting Bow,True,25,"Florentine,Nimble,Parry,Immune Blocked,Immune Unwieldy",1800,,False,Carpentry|Coliseum|Conditioning Field|Fletchery|Furnace|Tiltyard,5,6
"MaA/Bastard/Tower/Chain [(EInd, RProw, NPie, NCun), Nimble, Serr]|M5",Man-at-Arms,Bastard Sword,Tower Shield,Chainmail,,False,25,"Immune Blocked,Nimble,Serrated",1200,,False,Animal Husbandry|Armory|Blacksmith|Carpentry|Coliseum|Conditioning Field|Forge|Furnace|Joinery|Master Workshop|Tannery,5,9
"MaA/Cavalry Spear/Kite/Chain [(RInd, RProw, NPie, NCun), Nimble]|M5",Man-at-Arms,Cavalry Spear,Kite Shield,Chainmail,,False,25,"Immune Blocked,Nimble",900,,False,Animal Husbandry|Armory|Blacksmith|Butchery|Carpentry|Coliseum|Conditioning Field|Furnace|Joinery|Tannery,5,6
"MaA/Lance/Buckler/Chain [(EInd, RProw, NPie, NCun), Nimble]|M5",Man-at-Arms,Lance,Buckler Shield,Chainmail,,False,25,"Immune Blocked,Nimble",1400,,False,Animal Husbandry|Armory|Blacksmith|Carpentry|Coliseum|Conditioning Field|Forge|Furnace|Joinery|Stable|Tannery,5,9
"MaA/Cudgel+HuntBow/Cloth (TY) [(NInd, EProw, NPie, NCun), Florentine, ImmU, Nimble]|M5",Man-at-Arms,Cudgel,,Cloth,Hunting Bow,True,25,"Florentine,Nimble,Parry,Immune Blocked,Immune Unwieldy",1800,,False,Carpentry|Coliseum|Conditioning Field|Fletchery|Stable|Tiltyard,5,6
"MaA/Spears+Crossbow/Tower/Cloth (TY) [RoPaM, (EInd, SProw, NPie, NCun), Florentine, ImmU, Nimble, Riposte]|M5",Man-at-Arms,Spears,Tower Shield,Cloth,Crossbow,True,25,"Immune Strain,Florentine,Drilled,Improved Parry,Immune Blocked,Parry,Riposte,Immune Unwieldy,Nimble",1600,,False,Blacksmith|Carpentry|Coliseum|Conditioning Field|Fletchery|Forge|Furnace|Grand Tournament|Joinery|Royal Pavilion|Tiltyard,5,16
"MaA/BattleAxe+Crossbow/Cloth (TY) [(EInd, EProw, NPie, NCun), Florentine, ImmU, Nimble]|M5",Man-at-Arms,Battle Axe,,Cloth,Crossbow,True,25,"Florentine,Nimble,Parry,Immune Blocked,Immune Unwieldy",1800,,False,Blacksmith|Carpentry|Coliseum|Conditioning Field|Fletchery|Forge|Furnace|Tiltyard,5,12
"MaA/Cavalry Spear/Kite/Leather [(RInd, RProw, NPie, NCun), Nimble]|M5",Man-at-Arms,Cavalry Spear,Kite Shield,Leather,,False,25,"Immune Blocked,Nimble",1400,,False,Animal Husbandry|Armory|Blacksmith|Carpentry|Coliseum|Conditioning Field|Furnace|Joinery|Stable|Tannery,5,6
"MaA/Lance/Buckler/Cloth [RoPaI, (EInd, SProw, NPie, NCun), Nimble, Serr]|M5",Man-at-Arms,Lance,Buckler Shield,Cloth,,False,25,"Immune Strain,Nimble,Parry,Immune Blocked,Serrated",1600,,False,Blacksmith|Carpentry|Coliseum|Conditioning Field|Forge|Furnace|Joinery|Master Workshop|Royal Pavilion,5,16
"MaA/Javelin/Cloth [(RInd, EProw, NPie, NCun), Florentine, ImmU, Nimble]|M5",Man-at-Arms,Farm Tools,,Cloth,Javelin,True,25,"Florentine,Nimble,Parry,Immune Blocked,Immune Unwieldy",1800,,False,Blacksmith|Carpentry|Coliseum|Conditioning Field|Fletchery|Furnace|Tiltyard,5,9
"MaA/WarHammer+HuntBow/Cloth (TY) [(EInd, EProw, NPie, NCun), Florentine, ImmU, Nimble]|M5",Man-at-Arms,War Hammer,,Cloth,Hunting Bow,True,25,"Florentine,Nimble,Parry,Immune Blocked,Immune Unwieldy",1800,,False,Blacksmith|Carpentry|Coliseum|Conditioning Field|Fletchery|Forge|Furnace|Tiltyard,5,12
"MaA/Halberd/Chain [(RInd, RProw, NPie, NCun), Nimble, Recover 8]|M5",Man-at-Arms,Halberd,,Chainmail,,False,25,"Immune Blocked,Nimble,Recover 8",1600,,False,Animal Husbandry|Apothecary|Armory|Blacksmith|Coliseum|Conditioning Field|Furnace|Herb Garden|Tannery,5,6
"MaA/Spears+HuntBow/Targe/Cloth (TY) [RoPaM, (RInd, SProw, NPie, NCun), Florentine, ImmU, Nimble, Riposte]|M5",Man-at-Arms,Spears,Targe Shield,Cloth,Hunting Bow,True,25,"Immune Strain,Florentine,Drilled,Improved Parry,Immune Blocked,Parry,Riposte,Immune Unwieldy,Nimble",1600,,False,Blacksmith|Carpentry|Coliseum|Conditioning Field|Fletchery|Furnace|Grand Tournament|Joinery|Royal Pavilion|Tiltyard,5,13
"MaA/Pitchfork+Longbow/Cloth (TY) [(NInd, EProw, NPie, NCun), Florentine, ImmU, Nimble]|M5",Man-at-Arms,Pitchfork,,Cloth,Longbow,True,25,"Florentine,Nimble,Parry,Immune Blocked,Immune Unwieldy",1800,,False,Carpentry|Coliseum|Conditioning Field|Fletchery|Furnace|Tiltyard,5,6
"MaA/Pike+Longbow/Cloth (TY) [(RInd, EProw, NPie, NCun), Florentine, ImmU, Nimble]|M5",Man-at-Arms,Pike,,Cloth,Longbow,True,25,"Florentine,Nimble,Parry,Immune Blocked,Immune Unwieldy",1800,,False,Blacksmith|Carpentry|Coliseum|Conditioning Field|Fletchery|Furnace|Tiltyard,5,9
"MaA/Spears+Crossbow/Cloth (TY) [(EInd, EProw, NPie, NCun), Florentine, ImmU, Nimble, Riposte]|M5",Man-at-Arms,Spears,,Cloth,Crossbow,True,25,"Florentine,Nimble,Parry,Improved Parry,Immune Blocked,Riposte,Immune Unwieldy",1800,,False,Blacksmith|Carpentry|Coliseum|Conditioning Field|Fletchery|Forge|Furnace|Grand Tournament|Tiltyard,5,12
"MaA/Halberd+HuntBow/Cloth (TY) [(RInd, EProw, NPie, NCun), Florentine, ImmU, Nimble]|M5",Man-at-Arms,Halberd,,Cloth,Hunting Bow,True,25,"Florentine,Nimble,Parry,Immune Blocked,Immune Unwieldy",1800,,False,Blacksmith|Carpentry|Coliseum|Conditioning Field|Fletchery|Furnace|Tiltyard,5,9
"MaA/Pike/Chain [(RInd, RProw, NPie, NCun), Nimble, Recover 8]|M5",Man-at-Arms,Pike,,Chainmail,,False,25,"Immune Blocked,Nimble,Recover 8",1600,,False,Animal Husbandry|Apothecary|Armory|Blacksmith|Coliseum|Conditioning Field|Furnace|Herb Garden|Tannery,5,6
"MaA/Arming/Tower/FullPlate [(EInd, RProw, NPie, NCun), Nimble, Temp]|M5",Man-at-Arms,Arming Sword,Tower Shield,Full Plate,,False,25,"Immune Blocked,Nimble,Planishing",900,,False,Animal Husbandry|Armory|Blacksmith|Butchery|Carpentry|Coliseum|Conditioning Field|Forge|Furnace|Gilded Foundry|Joinery|Tannery,5,9
"MaA/Morningstar/Tower/Cloth [OuInPoI, (EInd, RProw, NPie, SCun), Nimble, Serr]|M5",Man-at-Arms,Morningstar,Tower Shield,Cloth,,False,25,"confers:Blocked,confers:Strain,Nimble,Immune Blocked,Outrider: once,Serrated",1600,,False,Blacksmith|Carpentry|Coliseum|Conditioning Field|Forge|Furnace|Joinery|Master Workshop|Outrider Intercept Post,5,19
"MaA/ShortSword/Cloth (DW) [(NInd, EProw, NPie, NCun), DW, Florentine, ImmU, Nimble, Riposte]|M5",Man-at-Arms,Short Sword,,Cloth,,True,25,"Florentine,Improved Parry,Parry,Immune Blocked,Dual Wield,Riposte,Immune Unwieldy,Nimble",2000,,False,Carpentry|Coliseum|Conditioning Field|Fletchery|Furnace|Grand Tournament|Tiltyard,5,6
"MaA/Morningstar/Tower/Chain [(EInd, EProw, NPie, NCun), Nimble, Riposte]|M5",Man-at-Arms,Morningstar,Tower Shield,Chainmail,,False,25,"Nimble,Parry,Improved Parry,Immune Blocked,Riposte",900,,False,Animal Husbandry|Armory|Blacksmith|Butchery|Carpentry|Coliseum|Conditioning Field|Forge|Furnace|Grand Tournament|Joinery|Tannery,5,12
"MaA/Daggers/Cloth [OuInPoM, (NInd, RProw, NPie, SCun), Nimble]|M5",Man-at-Arms,Daggers,,Cloth,,False,25,"confers:Blocked,confers:Strain,Nimble,Outrider: every,Immune Blocked",2000,,False,Caravanery|Cipher Chamber|Coliseum|Conditioning Field|Furnace|Outrider Intercept Post,5,13
"MaA/ShortSword+Crossbow/Tower/Cloth (TY) [(EInd, EProw, NPie, NCun), Florentine, ImmU, Nimble, Riposte]|M5",Man-at-Arms,Short Sword,Tower Shield,Cloth,Crossbow,True,25,"Florentine,Nimble,Parry,Improved Parry,Immune Blocked,Riposte,Immune Unwieldy",1600,,False,Blacksmith|Carpentry|Coliseum|Conditioning Field|Fletchery|Forge|Furnace|Grand Tournament|Joinery|Tiltyard,5,12
"MaA/WarHammer/Leather [(EInd, RProw, NPie, NCun), Nimble, Recover 8]|M5",Man-at-Arms,War Hammer,,Leather,,False,25,"Immune Blocked,Nimble,Recover 8",1800,,False,Animal Husbandry|Apothecary|Blacksmith|Coliseum|Conditioning Field|Forge|Furnace|Herb Garden|Tannery,5,9
"MaA/HuntBow/Cloth [(NInd, EProw, NPie, NCun), Florentine, ImmU, Nimble]|M5",Man-at-Arms,Farm Tools,,Cloth,Hunting Bow,True,25,"Florentine,Nimble,Parry,Immune Blocked,Immune Unwieldy",1800,,False,Carpentry|Coliseum|Conditioning Field|Fletchery|Stable|Tiltyard,5,6
"MaA/Morningstar/Tower/Leather [(EInd, RProw, NPie, NCun), Nimble, Serr]|M5",Man-at-Arms,Morningstar,Tower Shield,Leather,,False,25,"Immune Blocked,Nimble,Serrated",1400,,False,Animal Husbandry|Blacksmith|Carpentry|Coliseum|Conditioning Field|Forge|Furnace|Joinery|Master Workshop|Tannery,5,9
"MaA/Spears/Kite/Chain [(EInd, RProw, NPie, NCun), Nimble, Serr]|M5",Man-at-Arms,Spears,Kite Shield,Chainmail,,False,25,"Immune Blocked,Nimble,Serrated",1200,,False,Animal Husbandry|Armory|Blacksmith|Carpentry|Coliseum|Conditioning Field|Furnace|Joinery|Master Workshop|Tannery,5,9
"MaA/Spears/Kite/Cloth [(RInd, RProw, NPie, NCun), Nimble]|M5",Man-at-Arms,Spears,Kite Shield,Cloth,,False,25,"Immune Blocked,Nimble",1400,,False,Armory|Blacksmith|Carpentry|Coliseum|Conditioning Field|Furnace|Joinery|Stable|Tannery,5,6
"MaA/Spears+Javelin/Tower/Cloth (TY) [(EInd, EProw, NPie, NCun), Florentine, ImmU, Nimble]|M5",Man-at-Arms,Spears,Tower Shield,Cloth,Javelin,True,25,"Florentine,Nimble,Parry,Immune Blocked,Immune Unwieldy",1600,,False,Blacksmith|Carpentry|Coliseum|Conditioning Field|Fletchery|Forge|Furnace|Joinery|Tiltyard,5,12
"MaA/ShortSword/Targe/Cloth [(RInd, RProw, NPie, NCun), Nimble, Recover 8]|M5",Man-at-Arms,Short Sword,Targe Shield,Cloth,,False,25,"Immune Blocked,Nimble,Recover 8",1800,,False,Apothecary|Blacksmith|Carpentry|Coliseum|Conditioning Field|Furnace|Herb Garden|Joinery,5,6
"MaA/Lance/Buckler/Leather [PrI, (EInd, EProw, SPie, NCun), Nimble, Shake+1]|M5",Man-at-Arms,Lance,Buckler Shield,Leather,,False,25,"Nimble,Parry,Shake +1,Immune Blocked,Resolute",1600,,False,Animal Husbandry|Blacksmith|Carpentry|Coliseum|Conditioning Field|Forge|Furnace|Joinery|Preceptory|Tannery,5,22
"MaA/Morningstar+Crossbow/Tower/Cloth (TY) [(EInd, EProw, NPie, NCun), Florentine, ImmU, Nimble]|M5",Man-at-Arms,Morningstar,Tower Shield,Cloth,Crossbow,True,25,"Florentine,Nimble,Parry,Immune Blocked,Immune Unwieldy",1600,,False,Blacksmith|Carpentry|Coliseum|Conditioning Field|Fletchery|Forge|Furnace|Joinery|Tiltyard,5,12
"MaA/Arming/Tower/Cloth [(EInd, RProw, NPie, NCun), Nimble, Recover 8]|M5",Man-at-Arms,Arming Sword,Tower Shield,Cloth,,False,25,"Immune Blocked,Nimble,Recover 8",1800,,False,Apothecary|Blacksmith|Carpentry|Coliseum|Conditioning Field|Forge|Furnace|Herb Garden|Joinery,5,9
"MaA/Spears/Kite/FullPlate [(EInd, EProw, NPie, NCun), Nimble, Temp, Riposte]|M5",Man-at-Arms,Spears,Kite Shield,Full Plate,,False,25,"Nimble,Parry,Improved Parry,Planishing,Immune Blocked,Riposte",900,,False,Animal Husbandry|Armory|Blacksmith|Butchery|Carpentry|Coliseum|Conditioning Field|Furnace|Gilded Foundry|Grand Tournament|Joinery|Tannery,5,12
"MaA/Poleaxe/Gothic [ABFM, (SInd, RProw, NPie, NCun), Nimble, Temp, Serr]|M5",Man-at-Arms,Poleaxe,,Gothic Plate,,False,25,"Nimble,ABF,Planishing,Immune Blocked,Serrated",900,,False,ABF|Animal Husbandry|Armory|Blacksmith|Coliseum|Conditioning Field|Forge|Furnace|Gilded Foundry|Master Workshop|Stable|Tannery,5,13
"MaA/Lance/Kite/Leather [(EInd, EProw, NPie, NCun), Nimble, Riposte]|M5",Man-at-Arms,Lance,Kite Shield,Leather,,False,25,"Nimble,Parry,Improved Parry,Immune Blocked,Riposte",1400,,False,Animal Husbandry|Armory|Blacksmith|Carpentry|Coliseum|Conditioning Field|Forge|Furnace|Grand Tournament|Joinery|Stable|Tannery,5,12
"MaA/Flail/Kite/Leather [(RInd, EProw, NPie, NCun), Nimble, Riposte]|M5",Man-at-Arms,Flail,Kite Shield,Leather,,False,25,"Nimble,Parry,Improved Parry,Immune Blocked,Riposte",1400,,False,Animal Husbandry|Armory|Blacksmith|Carpentry|Coliseum|Conditioning Field|Furnace|Grand Tournament|Joinery|Stable|Tannery,5,9
"MaA/ShortSword/Kite/FullPlate [(EInd, RProw, NPie, NCun), Nimble, Temp, Serr]|M5",Man-at-Arms,Short Sword,Kite Shield,Full Plate,,False,25,"Immune Blocked,Nimble,Serrated,Planishing",1200,,False,Animal Husbandry|Armory|Blacksmith|Carpentry|Coliseum|Conditioning Field|Furnace|Gilded Foundry|Joinery|Master Workshop|Tannery,5,9
"MaA/Cudgel/Cloth [(EInd, RProw, EPie, NCun), Enduring, Nimble, Rec 6, Recover 7, Recover 8, Serr, Shake+1]|M5",Man-at-Arms,Cudgel,,Cloth,,False,25,"Recover 6,Shake +1,Immune Blocked,Enduring,Nimble,Recover 7,Recover 8,Serrated",1700,,False,Alchemy|Apothecary|Blacksmith|Coliseum|Conditioning Field|Furnace|Herb Garden|Hospitaller|Infirmary|Master Workshop,5,15
"MaA/WarHammer+Longbow/Cloth (TY) [(EInd, EProw, NPie, NCun), Florentine, ImmU, Nimble, Riposte]|M5",Man-at-Arms,War Hammer,,Cloth,Longbow,True,25,"Florentine,Nimble,Parry,Improved Parry,Immune Blocked,Riposte,Immune Unwieldy",1800,,False,Blacksmith|Carpentry|Coliseum|Conditioning Field|Fletchery|Forge|Furnace|Grand Tournament|Tiltyard,5,12
"MaA/Bastard/Tower/Leather [(EInd, RProw, NPie, NCun), Nimble]|M5",Man-at-Arms,Bastard Sword,Tower Shield,Leather,,False,25,"Immune Blocked,Nimble",1100,,False,Animal Husbandry|Blacksmith|Butchery|Carpentry|Coliseum|Conditioning Field|Forge|Furnace|Joinery|Tannery,5,9
"MaA/WarHammer/Cloth [OuInPoM, (EInd, RProw, NPie, SCun), Nimble]|M5",Man-at-Arms,War Hammer,,Cloth,,False,25,"confers:Blocked,confers:Strain,Nimble,Outrider: every,Immune Blocked",2000,,False,Blacksmith|Caravanery|Cipher Chamber|Coliseum|Conditioning Field|Forge|Furnace|Outrider Intercept Post,5,19
"MaA/Spears/Targe/Leather [(EInd, RProw, NPie, NCun), Nimble, Serr]|M5",Man-at-Arms,Spears,Targe Shield,Leather,,False,25,"Immune Blocked,Nimble,Serrated",1400,,False,Animal Husbandry|Blacksmith|Carpentry|Coliseum|Conditioning Field|Furnace|Joinery|Master Workshop|Tannery,5,9
"MaA/ShortSword+Javelin/Targe/Cloth (TY) [(RInd, EProw, NPie, NCun), Florentine, ImmU, Nimble]|M5",Man-at-Arms,Short Sword,Targe Shield,Cloth,Javelin,True,25,"Florentine,Nimble,Parry,Immune Blocked,Immune Unwieldy",1600,,False,Blacksmith|Carpentry|Coliseum|Conditioning Field|Fletchery|Furnace|Joinery|Tiltyard,5,9
"MaA/Poleaxe/Cloth [ABFM, (SInd, RProw, NPie, NCun), Nimble, Temp, Serr]|M5",Man-at-Arms,Poleaxe,,Cloth,,False,25,"Nimble,ABF,Planishing,Immune Blocked,Serrated",900,,False,ABF|Armory|Blacksmith|Coliseum|Conditioning Field|Forge|Furnace|Gilded Foundry|Master Workshop|Stable|Tannery,5,13
"MaA/Cudgel/Chain [(RInd, RProw, NPie, NCun), Nimble, Recover 8]|M5",Man-at-Arms,Cudgel,,Chainmail,,False,25,"Immune Blocked,Nimble,Recover 8",1600,,False,Animal Husbandry|Apothecary|Armory|Blacksmith|Coliseum|Conditioning Field|Furnace|Herb Garden|Tannery,5,6
"MaA/Spears/Cloth (DW) [(NInd, EProw, NPie, NCun), DW, Florentine, ImmU, Nimble]|M5",Man-at-Arms,Spears,,Cloth,,True,25,"Florentine,Nimble,Parry,Immune Blocked,Dual Wield,Immune Unwieldy",2000,,False,Carpentry|Coliseum|Conditioning Field|Fletchery|Furnace|Tiltyard,5,6
"MaA/Flail/Kite/Chain [(EInd, EProw, NPie, NCun), Nimble, Riposte, Serr]|M5",Man-at-Arms,Flail,Kite Shield,Chainmail,,False,25,"Nimble,Parry,Improved Parry,Immune Blocked,Riposte,Serrated",1200,,False,Animal Husbandry|Armory|Blacksmith|Carpentry|Coliseum|Conditioning Field|Furnace|Grand Tournament|Joinery|Master Workshop|Tannery,5,12
"MaA/WarHammer/FullPlate [RoPaM, (EInd, SProw, NPie, NCun), Nimble, Temp, Riposte]|M5",Man-at-Arms,War Hammer,,Full Plate,,False,25,"Immune Strain,Drilled,Improved Parry,Planishing,Immune Blocked,Parry,Riposte,Nimble",1100,,False,Animal Husbandry|Armory|Blacksmith|Butchery|Coliseum|Conditioning Field|Forge|Furnace|Gilded Foundry|Grand Tournament|Royal Pavilion|Tannery|Tiltyard,5,16
"MaA/ShortSword+Javelin/Tower/Cloth (TY) [(EInd, EProw, NPie, NCun), Florentine, ImmU, Nimble]|M6",Man-at-Arms,Short Sword,Tower Shield,Cloth,Javelin,True,25,"Florentine,Nimble,Parry,Immune Blocked,Immune Unwieldy",1600,,False,Blacksmith|Carpentry|Coliseum|Conditioning Field|Fletchery|Forge|Furnace|Joinery|Stable|Tiltyard,6,12
"MaA/Cudgel+HuntBow/FullPlate (TY) [(EInd, EProw, NPie, NCun), Florentine, ImmU, Nimble, Temp]|M6",Man-at-Arms,Cudgel,,Full Plate,Hunting Bow,True,25,"Florentine,Nimble,Parry,Planishing,Immune Blocked,Immune Unwieldy",1400,,False,Animal Husbandry|Armory|Blacksmith|Carpentry|Coliseum|Conditioning Field|Fletchery|Furnace|Gilded Foundry|Tannery|Tiltyard,6,12
"MaA/Flail+Longbow/Kite/Chain (TY) [(RInd, EProw, NPie, NCun), Florentine, ImmU, Nimble]|M6",Man-at-Arms,Flail,Kite Shield,Chainmail,Longbow,True,25,"Florentine,Nimble,Parry,Immune Blocked,Immune Unwieldy",1200,,False,Animal Husbandry|Armory|Blacksmith|Carpentry|Coliseum|Conditioning Field|Fletchery|Furnace|Joinery|Tannery|Tiltyard,6,9
"MaA/2HBastard+Longbow/FullPlate (TY) [(EInd, EProw, NPie, NCun), Florentine, ImmU, Nimble, Temp, Riposte]|M6",Man-at-Arms,2HBastard,,Full Plate,Longbow,True,25,"Florentine,Improved Parry,Planishing,Immune Blocked,Parry,Riposte,Immune Unwieldy,Nimble",1400,,False,Animal Husbandry|Armory|Blacksmith|Carpentry|Coliseum|Conditioning Field|Fletchery|Forge|Furnace|Gilded Foundry|Grand Tournament|Tannery|Tiltyard,6,12
"MaA/Arming/Chain (DW) [(RInd, EProw, NPie, NCun), DW, Florentine, ImmU, Nimble, Riposte]|M6",Man-at-Arms,Arming Sword,,Chainmail,,True,25,"Florentine,Improved Parry,Parry,Immune Blocked,Dual Wield,Riposte,Immune Unwieldy,Nimble",1600,,False,Animal Husbandry|Armory|Blacksmith|Carpentry|Coliseum|Conditioning Field|Fletchery|Furnace|Grand Tournament|Tannery|Tiltyard,6,9
"MaA/FarmTools/Targe/Chain [RoPaM, (EInd, SProw, NPie, NCun), Nimble, Riposte, Serr]|M6",Man-at-Arms,Farm Tools,Targe Shield,Chainmail,,False,25,"Immune Strain,Drilled,Improved Parry,Immune Blocked,Parry,Riposte,Nimble,Serrated",1200,,False,Animal Husbandry|Armory|Blacksmith|Carpentry|Coliseum|Conditioning Field|Furnace|Grand Tournament|Joinery|Master Workshop|Royal Pavilion|Tannery|Tiltyard,6,16
"MaA/2HBastard/Chain [(EInd, RProw, EPie, NCun), Enduring, Nimble, Rec 6, Recover 7, Recover 8, Shake+1]|M6",Man-at-Arms,2HBastard,,Chainmail,,False,25,"Nimble,Recover 6,Recover 7,Shake +1,Immune Blocked,Enduring,Recover 8",1000,,False,Alchemy|Animal Husbandry|Apothecary|Armory|Blacksmith|Butchery|Coliseum|Conditioning Field|Forge|Furnace|Herb Garden|Hospitaller|Infirmary|Tannery,6,15
"MaA/Lance/Kite/FullPlate [(EInd, RProw, NPie, NCun), Nimble, Temp, Recover 8]|M6",Man-at-Arms,Lance,Kite Shield,Full Plate,,False,25,"Immune Blocked,Nimble,Recover 8,Planishing",1400,,False,Animal Husbandry|Apothecary|Armory|Blacksmith|Carpentry|Coliseum|Conditioning Field|Forge|Furnace|Gilded Foundry|Herb Garden|Joinery|Tannery,6,9
"MaA/Morningstar/FullPlate (DW) [(EInd, EProw, NPie, NCun), DW, Florentine, ImmU, Nimble, Temp]|M6",Man-at-Arms,Morningstar,,Full Plate,,True,25,"Florentine,Nimble,Parry,Planishing,Immune Blocked,Dual Wield,Immune Unwieldy",1600,,False,Animal Husbandry|Armory|Blacksmith|Carpentry|Coliseum|Conditioning Field|Fletchery|Forge|Furnace|Gilded Foundry|Tannery|Tiltyard,6,12
"MaA/Longbow/FullPlate [(EInd, EProw, NPie, NCun), Florentine, ImmU, Nimble, Temp, Riposte]|M6",Man-at-Arms,Farm Tools,,Full Plate,Longbow,True,25,"Florentine,Improved Parry,Planishing,Immune Blocked,Parry,Riposte,Immune Unwieldy,Nimble",1400,,False,Animal Husbandry|Armory|Blacksmith|Carpentry|Coliseum|Conditioning Field|Fletchery|Furnace|Gilded Foundry|Grand Tournament|Tannery|Tiltyard,6,12
"MaA/Spears/Targe/Cloth [(EInd, RProw, EPie, NCun), Enduring, Nimble, Rec 6, Recover 7, Recover 8, Serr, Shake+1]|M6",Man-at-Arms,Spears,Targe Shield,Cloth,,False,25,"Recover 6,Shake +1,Immune Blocked,Enduring,Nimble,Recover 7,Recover 8,Serrated",1500,,False,Alchemy|Apothecary|Blacksmith|Carpentry|Coliseum|Conditioning Field|Furnace|Herb Garden|Hospitaller|Infirmary|Joinery|Master Workshop,6,15
"MaA/Flail+Crossbow/Tower/Cloth (TY) [(EInd, EProw, NPie, NCun), Florentine, ImmU, Nimble]|M6",Man-at-Arms,Flail,Tower Shield,Cloth,Crossbow,True,25,"Florentine,Nimble,Parry,Immune Blocked,Immune Unwieldy",1600,,False,Blacksmith|Carpentry|Coliseum|Conditioning Field|Fletchery|Forge|Furnace|Joinery|Stable|Tiltyard,6,12
"MaA/Halberd/Cloth [RoPaM, (RInd, SProw, EPie, NCun), Enduring, Nimble, Rec 6, Recover 7, Recover 8, Riposte, Shake+1]|M6",Man-at-Arms,Halberd,,Cloth,,False,25,"Immune Strain,Drilled,Recover 6,Improved Parry,Shake +1,Immune Blocked,Parry,Enduring,Riposte,Nimble,Recover 7,Recover 8",1900,,False,Alchemy|Apothecary|Blacksmith|Coliseum|Conditioning Field|Furnace|Grand Tournament|Herb Garden|Hospitaller|Infirmary|Royal Pavilion|Stable|Tiltyard,6,19
"MaA/Arming/Cloth (DW) [(RInd, EProw, NPie, NCun), DW, Florentine, ImmU, Nimble]|M6",Man-at-Arms,Arming Sword,,Cloth,,True,25,"Florentine,Nimble,Parry,Immune Blocked,Dual Wield,Immune Unwieldy",2000,,False,Blacksmith|Carpentry|Coliseum|Conditioning Field|Fletchery|Furnace|Stable|Tiltyard,6,9
"MaA/Lance/Kite/Chain [(EInd, RProw, NPie, NCun), Nimble, Recover 8]|M6",Man-at-Arms,Lance,Kite Shield,Chainmail,,False,25,"Immune Blocked,Nimble,Recover 8",1400,,False,Animal Husbandry|Apothecary|Armory|Blacksmith|Carpentry|Coliseum|Conditioning Field|Forge|Furnace|Herb Garden|Joinery|Tannery,6,9
"MaA/BattleAxe/Gothic [ABFM, (SInd, RProw, NPie, NCun), Nimble, Temp, Serr]|M6",Man-at-Arms,Battle Axe,,Gothic Plate,,False,25,"Nimble,ABF,Planishing,Immune Blocked,Serrated",900,,False,ABF|Animal Husbandry|Armory|Blacksmith|Coliseum|Conditioning Field|Furnace|Gilded Foundry|Master Workshop|Stable|Tannery,6,13
"MaA/Spears/Kite/Cloth [(RInd, RProw, NPie, NCun), Nimble, Recover 8]|M6",Man-at-Arms,Spears,Kite Shield,Cloth,,False,25,"Immune Blocked,Nimble,Recover 8",1400,,False,Apothecary|Armory|Blacksmith|Carpentry|Coliseum|Conditioning Field|Furnace|Herb Garden|Joinery|Tannery,6,6
"MaA/ShortSword/Targe/FullPlate [PrI, (EInd, EProw, SPie, NCun), Nimble, Temp, Serr, Shake+1]|M6",Man-at-Arms,Short Sword,Targe Shield,Full Plate,,False,25,"Nimble,Parry,Shake +1,Planishing,Immune Blocked,Resolute,Serrated",1200,,False,Animal Husbandry|Armory|Blacksmith|Carpentry|Coliseum|Conditioning Field|Furnace|Gilded Foundry|Joinery|Master Workshop|Preceptory|Tannery,6,22
"MaA/HuntBow/Cloth [(NInd, EProw, NPie, NCun), Florentine, ImmU, Nimble, Recover 8]|M6",Man-at-Arms,Farm Tools,,Cloth,Hunting Bow,True,25,"Florentine,Nimble,Parry,Immune Blocked,Immune Unwieldy,Recover 8",1800,,False,Apothecary|Carpentry|Coliseum|Conditioning Field|Fletchery|Herb Garden|Tiltyard,6,6
"MaA/Cudgel/Cloth [(NInd, RProw, EPie, NCun), Enduring, Nimble, Rec 6, Recover 7, Recover 8, Shake+1]|M6",Man-at-Arms,Cudgel,,Cloth,,False,25,"Nimble,Recover 6,Recover 7,Shake +1,Immune Blocked,Enduring,Recover 8",1000,,False,Alchemy|Animal Husbandry|Apothecary|Butchery|Coliseum|Conditioning Field|Herb Garden|Hospitaller|Infirmary|Smokehouse|Tannery,6,9
"MaA/Arming+Crossbow/FullPlate (TY) [(EInd, EProw, NPie, NCun), Florentine, ImmU, Nimble, Temp]|M6",Man-at-Arms,Arming Sword,,Full Plate,Crossbow,True,25,"Florentine,Nimble,Parry,Planishing,Immune Blocked,Immune Unwieldy",1400,,False,Animal Husbandry|Armory|Blacksmith|Carpentry|Coliseum|Conditioning Field|Fletchery|Forge|Furnace|Gilded Foundry|Tannery|Tiltyard,6,12
"MaA/Flail+Longbow/Tower/Cloth (TY) [(EInd, EProw, NPie, NCun), Florentine, ImmU, Nimble]|M6",Man-at-Arms,Flail,Tower Shield,Cloth,Longbow,True,25,"Florentine,Nimble,Parry,Immune Blocked,Immune Unwieldy",1600,,False,Blacksmith|Carpentry|Coliseum|Conditioning Field|Fletchery|Forge|Furnace|Joinery|Stable|Tiltyard,6,12
"MaA/WarHammer/Cloth [(EInd, RProw, EPie, NCun), Enduring, Nimble, Rec 6, Recover 7, Recover 8, Serr, Shake+1]|M6",Man-at-Arms,War Hammer,,Cloth,,False,25,"Recover 6,Shake +1,Immune Blocked,Enduring,Nimble,Recover 7,Recover 8,Serrated",1700,,False,Alchemy|Apothecary|Blacksmith|Coliseum|Conditioning Field|Forge|Furnace|Herb Garden|Hospitaller|Infirmary|Master Workshop|Stable,6,15
"MaA/Estoc/Heater/Gothic [ABFM, (SInd, RProw, NPie, NCun), Nimble, Temp, Serr]|M6",Man-at-Arms,Estoc,Heater Shield,Gothic Plate,,False,25,"Nimble,ABF,Planishing,Immune Blocked,Serrated",700,,False,ABF|Animal Husbandry|Armory|Blacksmith|Carpentry|Coliseum|Conditioning Field|Forge|Furnace|Gilded Foundry|Joinery|Master Workshop|Stable|Tannery,6,13
"MaA/Bastard/Tower/Cloth [PrI, (EInd, EProw, SPie, NCun), Nimble, Recover 8, Shake+1]|M6",Man-at-Arms,Bastard Sword,Tower Shield,Cloth,,False,25,"Nimble,Parry,Shake +1,Immune Blocked,Resolute,Recover 8",1800,,False,Apothecary|Blacksmith|Carpentry|Coliseum|Conditioning Field|Forge|Furnace|Herb Garden|Joinery|Preceptory,6,22
"MaA/FarmTools/Kite/FullPlate [(EInd, RProw, NPie, NCun), Nimble, Temp, Recover 8]|M6",Man-at-Arms,Farm Tools,Kite Shield,Full Plate,,False,25,"Immune Blocked,Nimble,Recover 8,Planishing",1400,,False,Animal Husbandry|Apothecary|Armory|Blacksmith|Carpentry|Coliseum|Conditioning Field|Furnace|Gilded Foundry|Herb Garden|Joinery|Tannery,6,9
"MaA/Halberd/Leather [(RInd, RProw, EPie, NCun), Enduring, Nimble, Rec 6, Recover 7, Recover 8, Shake+1]|M6",Man-at-Arms,Halberd,,Leather,,False,25,"Nimble,Recover 6,Recover 7,Shake +1,Immune Blocked,Enduring,Recover 8",1200,,False,Alchemy|Animal Husbandry|Apothecary|Blacksmith|Butchery|Coliseum|Conditioning Field|Furnace|Herb Garden|Hospitaller|Infirmary|Tannery,6,12
"MaA/ShortSword/Targe/Chain [(RInd, RProw, NPie, NCun), Nimble, Recover 8]|M6",Man-at-Arms,Short Sword,Targe Shield,Chainmail,,False,25,"Immune Blocked,Nimble,Recover 8",1400,,False,Animal Husbandry|Apothecary|Armory|Blacksmith|Carpentry|Coliseum|Conditioning Field|Furnace|Herb Garden|Joinery|Tannery,6,6
"MaA/Spears+Crossbow/Cloth (TY) [(EInd, EProw, NPie, NCun), Florentine, ImmU, Nimble, Serr]|M6",Man-at-Arms,Spears,,Cloth,Crossbow,True,25,"Florentine,Nimble,Parry,Immune Blocked,Immune Unwieldy,Serrated",1600,,False,Blacksmith|Carpentry|Coliseum|Conditioning Field|Fletchery|Forge|Furnace|Master Workshop|Tiltyard,6,12
"MaA/ShortSword/FullPlate (DW) [(EInd, EProw, NPie, NCun), DW, Florentine, ImmU, Nimble, Temp]|M6",Man-at-Arms,Short Sword,,Full Plate,,True,25,"Florentine,Nimble,Parry,Planishing,Immune Blocked,Dual Wield,Immune Unwieldy",1600,,False,Animal Husbandry|Armory|Blacksmith|Carpentry|Coliseum|Conditioning Field|Fletchery|Furnace|Gilded Foundry|Tannery|Tiltyard,6,12
"MaA/Flail+Javelin/Kite/FullPlate (TY) [(EInd, EProw, NPie, NCun), Florentine, ImmU, Nimble, Temp]|M6",Man-at-Arms,Flail,Kite Shield,Full Plate,Javelin,True,25,"Florentine,Nimble,Parry,Planishing,Immune Blocked,Immune Unwieldy",1200,,False,Animal Husbandry|Armory|Blacksmith|Carpentry|Coliseum|Conditioning Field|Fletchery|Furnace|Gilded Foundry|Joinery|Tannery|Tiltyard,6,12
"MaA/Morningstar+Javelin/Tower/Cloth (TY) [(EInd, EProw, NPie, NCun), Florentine, ImmU, Nimble]|M6",Man-at-Arms,Morningstar,Tower Shield,Cloth,Javelin,True,25,"Florentine,Nimble,Parry,Immune Blocked,Immune Unwieldy",1600,,False,Blacksmith|Carpentry|Coliseum|Conditioning Field|Fletchery|Forge|Furnace|Joinery|Stable|Tiltyard,6,12
"MaA/Spears/Targe/Cloth [RoPaI, (RInd, SProw, NPie, NCun), Nimble, Recover 8]|M6",Man-at-Arms,Spears,Targe Shield,Cloth,,False,25,"Immune Strain,Nimble,Parry,Immune Blocked,Recover 8",1800,,False,Apothecary|Blacksmith|Carpentry|Coliseum|Conditioning Field|Furnace|Herb Garden|Joinery|Royal Pavilion,6,13
"MaA/Lance/Heater/Chain [ABFM, (SInd, EProw, NPie, NCun), Nimble, Temp, Riposte, Serr]|M6",Man-at-Arms,Lance,Heater Shield,Chainmail,,False,25,"ABF,Improved Parry,Planishing,Immune Blocked,Parry,Riposte,Nimble,Serrated",700,,False,ABF|Animal Husbandry|Armory|Blacksmith|Carpentry|Coliseum|Conditioning Field|Forge|Furnace|Gilded Foundry|Grand Tournament|Joinery|Master Workshop|Stable|Tannery,6,16
"MaA/Pike+Crossbow/Leather (TY) [(EInd, EProw, NPie, NCun), Florentine, ImmU, Nimble]|M6",Man-at-Arms,Pike,,Leather,Crossbow,True,25,"Florentine,Nimble,Parry,Immune Blocked,Immune Unwieldy",1600,,False,Animal Husbandry|Blacksmith|Carpentry|Coliseum|Conditioning Field|Fletchery|Forge|Furnace|Tannery|Tiltyard,6,12
"MaA/Poleaxe/Leather [ABFM, MiMiStI, (SInd, SProw, NPie, NCun), Nimble, Temp, Serr]|M6",Man-at-Arms,Poleaxe,,Leather,,False,25,"ABF,Planishing,Immune Blocked,Parry,+1I,MaxInit3,Nimble,Seize: first,Serrated",900,,False,ABF|Animal Husbandry|Armory|Blacksmith|Coliseum|Conditioning Field|Forge|Furnace|Gilded Foundry|Master Workshop|Ministry of Military Strategy|Stable|Tannery,6,20
"MaA/WarHammer+HuntBow/Chain (TY) [(EInd, EProw, NPie, NCun), Florentine, ImmU, Nimble]|M6",Man-at-Arms,War Hammer,,Chainmail,Hunting Bow,True,25,"Florentine,Nimble,Parry,Immune Blocked,Immune Unwieldy",1400,,False,Animal Husbandry|Armory|Blacksmith|Carpentry|Coliseum|Conditioning Field|Fletchery|Forge|Furnace|Tannery|Tiltyard,6,12
"MaA/Spears+Javelin/Kite/Chain (TY) [(RInd, EProw, NPie, NCun), Florentine, ImmU, Nimble]|M6",Man-at-Arms,Spears,Kite Shield,Chainmail,Javelin,True,25,"Florentine,Nimble,Parry,Immune Blocked,Immune Unwieldy",1200,,False,Animal Husbandry|Armory|Blacksmith|Carpentry|Coliseum|Conditioning Field|Fletchery|Furnace|Joinery|Tannery|Tiltyard,6,9
"MaA/Pitchfork+Longbow/FullPlate (TY) [(EInd, EProw, NPie, NCun), Florentine, ImmU, Nimble, Temp]|M6",Man-at-Arms,Pitchfork,,Full Plate,Longbow,True,25,"Florentine,Nimble,Parry,Planishing,Immune Blocked,Immune Unwieldy",1400,,False,Animal Husbandry|Armory|Blacksmith|Carpentry|Coliseum|Conditioning Field|Fletchery|Furnace|Gilded Foundry|Tannery|Tiltyard,6,12
"MaA/Arming+HuntBow/Kite/Cloth (TY) [RoPaM, (RInd, SProw, NPie, NCun), Florentine, ImmU, Nimble, Riposte]|M6",Man-at-Arms,Arming Sword,Kite Shield,Cloth,Hunting Bow,True,25,"Immune Strain,Florentine,Drilled,Improved Parry,Immune Blocked,Parry,Riposte,Immune Unwieldy,Nimble",1200,,False,Armory|Blacksmith|Carpentry|Coliseum|Conditioning Field|Fletchery|Furnace|Grand Tournament|Joinery|Royal Pavilion|Tannery|Tiltyard,6,13
"MaA/Bastard+Longbow/Tower/Leather (TY) [(EInd, EProw, NPie, NCun), Florentine, ImmU, Nimble]|M6",Man-at-Arms,Bastard Sword,Tower Shield,Leather,Longbow,True,25,"Florentine,Nimble,Parry,Immune Blocked,Immune Unwieldy",1400,,False,Animal Husbandry|Blacksmith|Carpentry|Coliseum|Conditioning Field|Fletchery|Forge|Furnace|Joinery|Tannery|Tiltyard,6,12
"MaA/Spears+Crossbow/Tower/FullPlate (TY) [(EInd, EProw, NPie, NCun), Florentine, ImmU, Nimble, Temp]|M6",Man-at-Arms,Spears,Tower Shield,Full Plate,Crossbow,True,25,"Florentine,Nimble,Parry,Planishing,Immune Blocked,Immune Unwieldy",1200,,False,Animal Husbandry|Armory|Blacksmith|Carpentry|Coliseum|Conditioning Field|Fletchery|Forge|Furnace|Gilded Foundry|Joinery|Tannery|Tiltyard,6,12
"MaA/ShortSword+Javelin/Tower/Chain (TY) [(EInd, EProw, NPie, NCun), Florentine, ImmU, Nimble]|M6",Man-at-Arms,Short Sword,Tower Shield,Chainmail,Javelin,True,25,"Florentine,Nimble,Parry,Immune Blocked,Immune Unwieldy",1200,,False,Animal Husbandry|Armory|Blacksmith|Carpentry|Coliseum|Conditioning Field|Fletchery|Forge|Furnace|Joinery|Tannery|Tiltyard,6,12
"MaA/Pitchfork+Crossbow/FullPlate (TY) [(EInd, EProw, NPie, NCun), Florentine, ImmU, Nimble, Temp]|M6",Man-at-Arms,Pitchfork,,Full Plate,Crossbow,True,25,"Florentine,Nimble,Parry,Planishing,Immune Blocked,Immune Unwieldy",1400,,False,Animal Husbandry|Armory|Blacksmith|Carpentry|Coliseum|Conditioning Field|Fletchery|Forge|Furnace|Gilded Foundry|Tannery|Tiltyard,6,12
"MaA/Cudgel/Chain [OuInPoM, (RInd, RProw, NPie, SCun), Nimble]|M6",Man-at-Arms,Cudgel,,Chainmail,,False,25,"confers:Blocked,confers:Strain,Nimble,Outrider: every,Immune Blocked",1600,,False,Animal Husbandry|Armory|Blacksmith|Caravanery|Cipher Chamber|Coliseum|Conditioning Field|Furnace|Outrider Intercept Post|Tannery,6,16
"MaA/Longbow/Cloth [RoPaI, (NInd, SProw, NPie, NCun), Florentine, ImmU, Nimble]|M6",Man-at-Arms,Farm Tools,,Cloth,Longbow,True,25,"Immune Strain,Florentine,Nimble,Parry,Immune Blocked,Immune Unwieldy",1800,,False,Carpentry|Coliseum|Conditioning Field|Fletchery|Furnace|Royal Pavilion|Tiltyard,6,10
"MaA/Flail+Crossbow/Cloth (TY) [(EInd, EProw, NPie, NCun), Florentine, ImmU, Nimble, Serr]|M6",Man-at-Arms,Flail,,Cloth,Crossbow,True,25,"Florentine,Nimble,Parry,Immune Blocked,Immune Unwieldy,Serrated",1600,,False,Blacksmith|Carpentry|Coliseum|Conditioning Field|Fletchery|Forge|Furnace|Master Workshop|Tiltyard,6,12
"MaA/2HBastard+HuntBow/Chain (TY) [(EInd, EProw, NPie, NCun), Florentine, ImmU, Nimble]|M6",Man-at-Arms,2HBastard,,Chainmail,Hunting Bow,True,25,"Florentine,Nimble,Parry,Immune Blocked,Immune Unwieldy",1400,,False,Animal Husbandry|Armory|Blacksmith|Carpentry|Coliseum|Conditioning Field|Fletchery|Forge|Furnace|Tannery|Tiltyard,6,12
"MaA/Arming+Longbow/Tower/Chain (TY) [(EInd, EProw, NPie, NCun), Florentine, ImmU, Nimble]|M6",Man-at-Arms,Arming Sword,Tower Shield,Chainmail,Longbow,True,25,"Florentine,Nimble,Parry,Immune Blocked,Immune Unwieldy",1200,,False,Animal Husbandry|Armory|Blacksmith|Carpentry|Coliseum|Conditioning Field|Fletchery|Forge|Furnace|Joinery|Tannery|Tiltyard,6,12
"MaA/Flail+Javelin/Kite/Leather (TY) [RoPaM, (RInd, SProw, NPie, NCun), Florentine, ImmU, Nimble, Riposte]|M6",Man-at-Arms,Flail,Kite Shield,Leather,Javelin,True,25,"Immune Strain,Florentine,Drilled,Improved Parry,Immune Blocked,Parry,Riposte,Immune Unwieldy,Nimble",1200,,False,Animal Husbandry|Armory|Blacksmith|Carpentry|Coliseum|Conditioning Field|Fletchery|Furnace|Grand Tournament|Joinery|Royal Pavilion|Tannery|Tiltyard,6,13
"MaA/ShortSword+HuntBow/Tower/Cloth (TY) [(EInd, EProw, NPie, NCun), Florentine, ImmU, Nimble, Serr]|M6",Man-at-Arms,Short Sword,Tower Shield,Cloth,Hunting Bow,True,25,"Florentine,Nimble,Parry,Immune Blocked,Immune Unwieldy,Serrated",1400,,False,Blacksmith|Carpentry|Coliseum|Conditioning Field|Fletchery|Forge|Furnace|Joinery|Master Workshop|Tiltyard,6,12
"MaA/Lance/Buckler/FullPlate [(EInd, EProw, NPie, NCun), Nimble, Temp, Recover 8, Riposte]|M6",Man-at-Arms,Lance,Buckler Shield,Full Plate,,False,25,"Nimble,Parry,Improved Parry,Planishing,Immune Blocked,Riposte,Recover 8",1400,,False,Animal Husbandry|Apothecary|Armory|Blacksmith|Carpentry|Coliseum|Conditioning Field|Forge|Furnace|Gilded Foundry|Grand Tournament|Herb Garden|Joinery|Tannery,6,12
"MaA/Flail+HuntBow/Kite/Chain (TY) [(RInd, EProw, NPie, NCun), Florentine, ImmU, Nimble]|M6",Man-at-Arms,Flail,Kite Shield,Chainmail,Hunting Bow,True,25,"Florentine,Nimble,Parry,Immune Blocked,Immune Unwieldy",1200,,False,Animal Husbandry|Armory|Blacksmith|Carpentry|Coliseum|Conditioning Field|Fletchery|Furnace|Joinery|Tannery|Tiltyard,6,9
"MaA/Estoc/Heater/Leather [ABFM, (SInd, RProw, NPie, NCun), Nimble, Temp, Serr]|M6",Man-at-Arms,Estoc,Heater Shield,Leather,,False,25,"Nimble,ABF,Planishing,Immune Blocked,Serrated",700,,False,ABF|Animal Husbandry|Armory|Blacksmith|Carpentry|Coliseum|Conditioning Field|Forge|Furnace|Gilded Foundry|Joinery|Master Workshop|Stable|Tannery,6,13
"MaA/Daggers+Longbow/Cloth (TY) [(EInd, EProw, NPie, NCun), Florentine, ImmU, Nimble, Serr]|M6",Man-at-Arms,Daggers,,Cloth,Longbow,True,25,"Florentine,Nimble,Parry,Immune Blocked,Immune Unwieldy,Serrated",1600,,False,Blacksmith|Carpentry|Coliseum|Conditioning Field|Fletchery|Furnace|Master Workshop|Tiltyard,6,12
"MaA/Crossbow/Leather [(EInd, EProw, NPie, NCun), Florentine, ImmU, Nimble, Riposte]|M6",Man-at-Arms,Farm Tools,,Leather,Crossbow,True,25,"Florentine,Nimble,Parry,Improved Parry,Immune Blocked,Riposte,Immune Unwieldy",1600,,False,Animal Husbandry|Blacksmith|Carpentry|Coliseum|Conditioning Field|Fletchery|Forge|Furnace|Grand Tournament|Tannery|Tiltyard,6,12
"MaA/ShortSword+Javelin/Tower/FullPlate (TY) [(EInd, EProw, NPie, NCun), Florentine, ImmU, Nimble, Temp]|M6",Man-at-Arms,Short Sword,Tower Shield,Full Plate,Javelin,True,25,"Florentine,Nimble,Parry,Planishing,Immune Blocked,Immune Unwieldy",1200,,False,Animal Husbandry|Armory|Blacksmith|Carpentry|Coliseum|Conditioning Field|Fletchery|Forge|Furnace|Gilded Foundry|Joinery|Tannery|Tiltyard,6,12
"MaA/Lance/Targe/Chain [(EInd, RProw, NPie, NCun), Nimble, Recover 8]|M6",Man-at-Arms,Lance,Targe Shield,Chainmail,,False,25,"Immune Blocked,Nimble,Recover 8",1400,,False,Animal Husbandry|Apothecary|Armory|Blacksmith|Carpentry|Coliseum|Conditioning Field|Forge|Furnace|Herb Garden|Joinery|Tannery,6,9
"MaA/WarHammer/Leather [(EInd, RProw, EPie, NCun), Enduring, Nimble, Rec 6, Recover 7, Recover 8, Serr, Shake+1]|M6",Man-at-Arms,War Hammer,,Leather,,False,25,"Recover 6,Shake +1,Immune Blocked,Enduring,Nimble,Recover 7,Recover 8,Serrated",1500,,False,Alchemy|Animal Husbandry|Apothecary|Blacksmith|Coliseum|Conditioning Field|Forge|Furnace|Herb Garden|Hospitaller|Infirmary|Master Workshop|Tannery,6,15
"MaA/Pitchfork+Javelin/Chain (TY) [(RInd, EProw, NPie, NCun), Florentine, ImmU, Nimble, Riposte]|M6",Man-at-Arms,Pitchfork,,Chainmail,Javelin,True,25,"Florentine,Nimble,Parry,Improved Parry,Immune Blocked,Riposte,Immune Unwieldy",1400,,False,Animal Husbandry|Armory|Blacksmith|Carpentry|Coliseum|Conditioning Field|Fletchery|Furnace|Grand Tournament|Tannery|Tiltyard,6,9
"MaA/WarHammer+Crossbow/Chain (TY) [RoPaM, (EInd, SProw, NPie, NCun), Florentine, ImmU, Nimble, Riposte]|M6",Man-at-Arms,War Hammer,,Chainmail,Crossbow,True,25,"Immune Strain,Florentine,Drilled,Improved Parry,Immune Blocked,Parry,Riposte,Immune Unwieldy,Nimble",1400,,False,Animal Husbandry|Armory|Blacksmith|Carpentry|Coliseum|Conditioning Field|Fletchery|Forge|Furnace|Grand Tournament|Royal Pavilion|Tannery|Tiltyard,6,16
"MaA/ShortSword+Javelin/Targe/Cloth (TY) [(EInd, EProw, NPie, NCun), Florentine, ImmU, Nimble, Serr]|M6",Man-at-Arms,Short Sword,Targe Shield,Cloth,Javelin,True,25,"Florentine,Nimble,Parry,Immune Blocked,Immune Unwieldy,Serrated",1400,,False,Blacksmith|Carpentry|Coliseum|Conditioning Field|Fletchery|Furnace|Joinery|Master Workshop|Tiltyard,6,12
"MaA/ShortSword+HuntBow/Kite/Leather (TY) [(RInd, EProw, NPie, NCun), Florentine, ImmU, Nimble]|M6",Man-at-Arms,Short Sword,Kite Shield,Leather,Hunting Bow,True,25,"Florentine,Nimble,Parry,Immune Blocked,Immune Unwieldy",1200,,False,Animal Husbandry|Armory|Blacksmith|Carpentry|Coliseum|Conditioning Field|Fletchery|Furnace|Joinery|Tannery|Tiltyard,6,9
"MaA/ShortSword/Targe/Cloth [OuInPoM, (RInd, RProw, NPie, SCun), Nimble]|M6",Man-at-Arms,Short Sword,Targe Shield,Cloth,,False,25,"confers:Blocked,confers:Strain,Nimble,Outrider: every,Immune Blocked",1800,,False,Blacksmith|Caravanery|Carpentry|Cipher Chamber|Coliseum|Conditioning Field|Furnace|Joinery|Outrider Intercept Post,6,16
"MaA/Pitchfork/Chain [(RInd, RProw, EPie, NCun), Enduring, Nimble, Rec 6, Recover 7, Recover 8, Shake+1]|M6",Man-at-Arms,Pitchfork,,Chainmail,,False,25,"Nimble,Recover 6,Recover 7,Shake +1,Immune Blocked,Enduring,Recover 8",1500,,False,Alchemy|Animal Husbandry|Apothecary|Armory|Blacksmith|Coliseum|Conditioning Field|Furnace|Herb Garden|Hospitaller|Infirmary|Stable|Tannery,6,12
"MaA/Flail+Crossbow/Tower/Leather (TY) [(EInd, EProw, NPie, NCun), Florentine, ImmU, Nimble]|M6",Man-at-Arms,Flail,Tower Shield,Leather,Crossbow,True,25,"Florentine,Nimble,Parry,Immune Blocked,Immune Unwieldy",1400,,False,Animal Husbandry|Blacksmith|Carpentry|Coliseum|Conditioning Field|Fletchery|Forge|Furnace|Joinery|Tannery|Tiltyard,6,12
"MaA/Spears+Javelin/Kite/Leather (TY) [(RInd, EProw, NPie, NCun), Florentine, ImmU, Nimble]|M6",Man-at-Arms,Spears,Kite Shield,Leather,Javelin,True,25,"Florentine,Nimble,Parry,Immune Blocked,Immune Unwieldy",1200,,False,Animal Husbandry|Armory|Blacksmith|Carpentry|Coliseum|Conditioning Field|Fletchery|Furnace|Joinery|Tannery|Tiltyard,6,9
"MaA/ShortSword+Crossbow/Chain (TY) [(EInd, EProw, NPie, NCun), Florentine, ImmU, Nimble]|M6",Man-at-Arms,Short Sword,,Chainmail,Crossbow,True,25,"Florentine,Nimble,Parry,Immune Blocked,Immune Unwieldy",1400,,False,Animal Husbandry|Armory|Blacksmith|Carpentry|Coliseum|Conditioning Field|Fletchery|Forge|Furnace|Tannery|Tiltyard,6,12
"MaA/Daggers+HuntBow/FullPlate (TY) [(EInd, EProw, NPie, NCun), Florentine, ImmU, Nimble, Temp]|M6",Man-at-Arms,Daggers,,Full Plate,Hunting Bow,True,25,"Florentine,Nimble,Parry,Planishing,Immune Blocked,Immune Unwieldy",1400,,False,Animal Husbandry|Armory|Blacksmith|Carpentry|Coliseum|Conditioning Field|Fletchery|Furnace|Gilded Foundry|Tannery|Tiltyard,6,12
"MaA/ShortSword+Javelin/Targe/Chain (TY) [(RInd, EProw, NPie, NCun), Florentine, ImmU, Nimble]|M6",Man-at-Arms,Short Sword,Targe Shield,Chainmail,Javelin,True,25,"Florentine,Nimble,Parry,Immune Blocked,Immune Unwieldy",1200,,False,Animal Husbandry|Armory|Blacksmith|Carpentry|Coliseum|Conditioning Field|Fletchery|Furnace|Joinery|Tannery|Tiltyard,6,9
"MaA/Pike/FullPlate [(EInd, RProw, EPie, NCun), Enduring, Nimble, Temp, Rec 6, Recover 7, Recover 8, Shake+1]|M6",Man-at-Arms,Pike,,Full Plate,,False,25,"Recover 6,Shake +1,Planishing,Immune Blocked,Enduring,Nimble,Recover 7,Recover 8",1000,,False,Alchemy|Animal Husbandry|Apothecary|Armory|Blacksmith|Butchery|Coliseum|Conditioning Field|Furnace|Gilded Foundry|Herb Garden|Hospitaller|Infirmary|Tannery,6,15
"MaA/FarmTools/Tower/Leather [(EInd, RProw, NPie, NCun), Nimble, Recover 8]|M6",Man-at-Arms,Farm Tools,Tower Shield,Leather,,False,25,"Immune Blocked,Nimble,Recover 8",1600,,False,Animal Husbandry|Apothecary|Blacksmith|Carpentry|Coliseum|Conditioning Field|Forge|Furnace|Herb Garden|Joinery|Tannery,6,9
"MaA/Pike+Javelin/Cloth (TY) [(EInd, EProw, NPie, NCun), Florentine, ImmU, Nimble, Serr]|M6",Man-at-Arms,Pike,,Cloth,Javelin,True,25,"Florentine,Nimble,Parry,Immune Blocked,Immune Unwieldy,Serrated",1600,,False,Blacksmith|Carpentry|Coliseum|Conditioning Field|Fletchery|Furnace|Master Workshop|Tiltyard,6,12
"MaA/Bastard+Javelin/Tower/Cloth (TY) [(EInd, EProw, NPie, NCun), Florentine, ImmU, Nimble, Serr]|M6",Man-at-Arms,Bastard Sword,Tower Shield,Cloth,Javelin,True,25,"Florentine,Nimble,Parry,Immune Blocked,Immune Unwieldy,Serrated",1400,,False,Blacksmith|Carpentry|Coliseum|Conditioning Field|Fletchery|Forge|Furnace|Joinery|Master Workshop|Tiltyard,6,12
"MaA/Flail+Javelin/Tower/FullPlate (TY) [RoPaM, (EInd, SProw, NPie, NCun), Florentine, ImmU, Nimble, Temp, Riposte]|M6",Man-at-Arms,Flail,Tower Shield,Full Plate,Javelin,True,25,"Immune Strain,Florentine,Drilled,Improved Parry,Planishing,Immune Blocked,Parry,Riposte,Immune Unwieldy,Nimble",1200,,False,Animal Husbandry|Armory|Blacksmith|Carpentry|Coliseum|Conditioning Field|Fletchery|Forge|Furnace|Gilded Foundry|Grand Tournament|Joinery|Royal Pavilion|Tannery|Tiltyard,6,16
"MaA/Arming+Longbow/Tower/Leather (TY) [(EInd, EProw, NPie, NCun), Florentine, ImmU, Nimble]|M6",Man-at-Arms,Arming Sword,Tower Shield,Leather,Longbow,True,25,"Florentine,Nimble,Parry,Immune Blocked,Immune Unwieldy",1400,,False,Animal Husbandry|Blacksmith|Carpentry|Coliseum|Conditioning Field|Fletchery|Forge|Furnace|Joinery|Tannery|Tiltyard,6,12
"MaA/Spears+HuntBow/Kite/Cloth (TY) [(RInd, EProw, NPie, NCun), Florentine, ImmU, Nimble]|M6",Man-at-Arms,Spears,Kite Shield,Cloth,Hunting Bow,True,25,"Florentine,Nimble,Parry,Immune Blocked,Immune Unwieldy",1200,,False,Armory|Blacksmith|Carpentry|Coliseum|Conditioning Field|Fletchery|Furnace|Joinery|Tannery|Tiltyard,6,9
"MaA/ShortSword/Tower/Cloth [RoPaM, (EInd, SProw, NPie, NCun), Nimble, Recover 8, Riposte]|M6",Man-at-Arms,Short Sword,Tower Shield,Cloth,,False,25,"Immune Strain,Drilled,Improved Parry,Immune Blocked,Parry,Riposte,Nimble,Recover 8",1800,,False,Apothecary|Blacksmith|Carpentry|Coliseum|Conditioning Field|Forge|Furnace|Grand Tournament|Herb Garden|Joinery|Royal Pavilion|Tiltyard,6,16
"MaA/Pike+Crossbow/FullPlate (TY) [(EInd, EProw, NPie, NCun), Florentine, ImmU, Nimble, Temp]|M6",Man-at-Arms,Pike,,Full Plate,Crossbow,True,25,"Florentine,Nimble,Parry,Planishing,Immune Blocked,Immune Unwieldy",1400,,False,Animal Husbandry|Armory|Blacksmith|Carpentry|Coliseum|Conditioning Field|Fletchery|Forge|Furnace|Gilded Foundry|Tannery|Tiltyard,6,12
"MaA/Cavalry Spear/Targe/Leather [(RInd, RProw, NPie, NCun), Nimble, Recover 8]|M6",Man-at-Arms,Cavalry Spear,Targe Shield,Leather,,False,25,"Immune Blocked,Nimble,Recover 8",1600,,False,Animal Husbandry|Apothecary|Blacksmith|Carpentry|Coliseum|Conditioning Field|Furnace|Herb Garden|Joinery|Tannery,6,6
"MaA/FarmTools/FullPlate [RoPaI, (EInd, SProw, NPie, NCun), Nimble, Temp, Recover 8]|M6",Man-at-Arms,Farm Tools,,Full Plate,,False,25,"Immune Strain,Nimble,Parry,Planishing,Immune Blocked,Recover 8",1600,,False,Animal Husbandry|Apothecary|Armory|Blacksmith|Coliseum|Conditioning Field|Furnace|Gilded Foundry|Herb Garden|Royal Pavilion|Tannery,6,16
"MaA/Bastard+Crossbow/Tower/Leather (TY) [(EInd, EProw, NPie, NCun), Florentine, ImmU, Nimble]|M6",Man-at-Arms,Bastard Sword,Tower Shield,Leather,Crossbow,True,25,"Florentine,Nimble,Parry,Immune Blocked,Immune Unwieldy",1400,,False,Animal Husbandry|Blacksmith|Carpentry|Coliseum|Conditioning Field|Fletchery|Forge|Furnace|Joinery|Tannery|Tiltyard,6,12
"MaA/Flail/Leather (DW) [RoPaM, (RInd, SProw, NPie, NCun), DW, Florentine, ImmU, Nimble, Riposte]|M6",Man-at-Arms,Flail,,Leather,,True,25,"Immune Strain,Florentine,Drilled,Improved Parry,Immune Blocked,Parry,Dual Wield,Riposte,Immune Unwieldy,Nimble",1800,,False,Animal Husbandry|Blacksmith|Carpentry|Coliseum|Conditioning Field|Fletchery|Furnace|Grand Tournament|Royal Pavilion|Tannery|Tiltyard,6,13
"MaA/ShortSword+Crossbow/Leather (TY) [(EInd, EProw, NPie, NCun), Florentine, ImmU, Nimble]|M6",Man-at-Arms,Short Sword,,Leather,Crossbow,True,25,"Florentine,Nimble,Parry,Immune Blocked,Immune Unwieldy",1600,,False,Animal Husbandry|Blacksmith|Carpentry|Coliseum|Conditioning Field|Fletchery|Forge|Furnace|Tannery|Tiltyard,6,12
"MaA/Pitchfork/FullPlate [RoPaM, (EInd, SProw, NPie, NCun), Nimble, Temp, Recover 8, Riposte]|M6",Man-at-Arms,Pitchfork,,Full Plate,,False,25,"Immune Strain,Drilled,Improved Parry,Planishing,Immune Blocked,Parry,Riposte,Nimble,Recover 8",1600,,False,Animal Husbandry|Apothecary|Armory|Blacksmith|Coliseum|Conditioning Field|Furnace|Gilded Foundry|Grand Tournament|Herb Garden|Royal Pavilion|Tannery|Tiltyard,6,16
"MaA/Bastard/Tower/Chain [(EInd, RProw, NPie, NCun), Nimble, Recover 8]|M6",Man-at-Arms,Bastard Sword,Tower Shield,Chainmail,,False,25,"Immune Blocked,Nimble,Recover 8",1400,,False,Animal Husbandry|Apothecary|Armory|Blacksmith|Carpentry|Coliseum|Conditioning Field|Forge|Furnace|Herb Garden|Joinery|Tannery,6,9
"MaA/Pike/Leather [(EInd, RProw, EPie, NCun), Enduring, Nimble, Rec 6, Recover 7, Recover 8, Serr, Shake+1]|M6",Man-at-Arms,Pike,,Leather,,False,25,"Recover 6,Shake +1,Immune Blocked,Enduring,Nimble,Recover 7,Recover 8,Serrated",1500,,False,Alchemy|Animal Husbandry|Apothecary|Blacksmith|Coliseum|Conditioning Field|Furnace|Herb Garden|Hospitaller|Infirmary|Master Workshop|Tannery,6,15
"MaA/WarHammer/Cloth [OuInPoM, (EInd, RProw, NPie, SCun), Nimble]|M6",Man-at-Arms,War Hammer,,Cloth,,False,25,"confers:Blocked,confers:Strain,Nimble,Outrider: every,Immune Blocked",2000,,False,Blacksmith|Caravanery|Cipher Chamber|Coliseum|Conditioning Field|Forge|Furnace|Outrider Intercept Post|Stable,6,19
"MaA/Lance/Heater/Chain [ABFM, (SInd, RProw, NPie, NCun), Nimble, Temp, Serr]|M6",Man-at-Arms,Lance,Heater Shield,Chainmail,,False,25,"Nimble,ABF,Planishing,Immune Blocked,Serrated",700,,False,ABF|Animal Husbandry|Armory|Blacksmith|Carpentry|Coliseum|Conditioning Field|Forge|Furnace|Gilded Foundry|Joinery|Master Workshop|Stable|Tannery,6,13
"MaA/Flail/Kite/Chain [(RInd, RProw, NPie, NCun), Nimble, Recover 8]|M6",Man-at-Arms,Flail,Kite Shield,Chainmail,,False,25,"Immune Blocked,Nimble,Recover 8",1400,,False,Animal Husbandry|Apothecary|Armory|Blacksmith|Carpentry|Coliseum|Conditioning Field|Furnace|Herb Garden|Joinery|Tannery,6,6
"MaA/Flail/FullPlate (DW) [(EInd, EProw, NPie, NCun), DW, Florentine, ImmU, Nimble, Temp]|M6",Man-at-Arms,Flail,,Full Plate,,True,25,"Florentine,Nimble,Parry,Planishing,Immune Blocked,Dual Wield,Immune Unwieldy",1600,,False,Animal Husbandry|Armory|Blacksmith|Carpentry|Coliseum|Conditioning Field|Fletchery|Furnace|Gilded Foundry|Tannery|Tiltyard,6,12
"MaA/Morningstar+Javelin/Tower/Cloth (TY) [(EInd, EProw, NPie, NCun), Florentine, ImmU, Nimble, Serr]|M6",Man-at-Arms,Morningstar,Tower Shield,Cloth,Javelin,True,25,"Florentine,Nimble,Parry,Immune Blocked,Immune Unwieldy,Serrated",1400,,False,Blacksmith|Carpentry|Coliseum|Conditioning Field|Fletchery|Forge|Furnace|Joinery|Master Workshop|Tiltyard,6,12
"MaA/Halberd+Crossbow/Cloth (TY) [(EInd, EProw, NPie, NCun), Florentine, ImmU, Nimble, Serr]|M6",Man-at-Arms,Halberd,,Cloth,Crossbow,True,25,"Florentine,Nimble,Parry,Immune Blocked,Immune Unwieldy,Serrated",1600,,False,Blacksmith|Carpentry|Coliseum|Conditioning Field|Fletchery|Forge|Furnace|Master Workshop|Tiltyard,6,12
"MaA/Spears+Longbow/Kite/Cloth (TY) [(RInd, EProw, NPie, NCun), Florentine, ImmU, Nimble]|M6",Man-at-Arms,Spears,Kite Shield,Cloth,Longbow,True,25,"Florentine,Nimble,Parry,Immune Blocked,Immune Unwieldy",1200,,False,Armory|Blacksmith|Carpentry|Coliseum|Conditioning Field|Fletchery|Furnace|Joinery|Tannery|Tiltyard,6,9
"MaA/ShortSword+Crossbow/Tower/FullPlate (TY) [(EInd, EProw, NPie, NCun), Florentine, ImmU, Nimble, Temp]|M6",Man-at-Arms,Short Sword,Tower Shield,Full Plate,Crossbow,True,25,"Florentine,Nimble,Parry,Planishing,Immune Blocked,Immune Unwieldy",1200,,False,Animal Husbandry|Armory|Blacksmith|Carpentry|Coliseum|Conditioning Field|Fletchery|Forge|Furnace|Gilded Foundry|Joinery|Tannery|Tiltyard,6,12
"MaA/BattleAxe/Cloth [(RInd, RProw, EPie, RCun), Enduring, Nimble, Poison, Rec 6, Recover 7, Recover 8, Shake+1]|M6",Man-at-Arms,Battle Axe,,Cloth,,False,25,"Recover 6,Shake +1,Immune Blocked,Enduring,Nimble,Recover 7,Poison,Recover 8",1800,,False,Academy|Alchemy|Apothecary|Blacksmith|Coliseum|Conditioning Field|Furnace|Herb Garden|Hospitaller|Infirmary|Toxicarium,6,15
"MaA/Arming/Cloth (DW) [(EInd, EProw, NPie, NCun), DW, Florentine, ImmU, Nimble, Serr]|M6",Man-at-Arms,Arming Sword,,Cloth,,True,25,"Florentine,Nimble,Parry,Immune Blocked,Dual Wield,Immune Unwieldy,Serrated",1800,,False,Blacksmith|Carpentry|Coliseum|Conditioning Field|Fletchery|Furnace|Master Workshop|Tiltyard,6,12
"MaA/Pitchfork/Leather [(EInd, RProw, EPie, NCun), Enduring, Nimble, Rec 6, Recover 7, Recover 8, Serr, Shake+1]|M6",Man-at-Arms,Pitchfork,,Leather,,False,25,"Recover 6,Shake +1,Immune Blocked,Enduring,Nimble,Recover 7,Recover 8,Serrated",1500,,False,Alchemy|Animal Husbandry|Apothecary|Blacksmith|Coliseum|Conditioning Field|Furnace|Herb Garden|Hospitaller|Infirmary|Master Workshop|Tannery,6,15
"MaA/Pike+Javelin/Leather (TY) [(RInd, EProw, NPie, NCun), Florentine, ImmU, Nimble]|M6",Man-at-Arms,Pike,,Leather,Javelin,True,25,"Florentine,Nimble,Parry,Immune Blocked,Immune Unwieldy",1600,,False,Animal Husbandry|Blacksmith|Carpentry|Coliseum|Conditioning Field|Fletchery|Furnace|Tannery|Tiltyard,6,9
"MaA/ShortSword/Targe/Leather [PrI, (RInd, EProw, SPie, NCun), Nimble, Shake+1]|M6",Man-at-Arms,Short Sword,Targe Shield,Leather,,False,25,"Nimble,Parry,Shake +1,Immune Blocked,Resolute",1100,,False,Animal Husbandry|Blacksmith|Butchery|Carpentry|Coliseum|Conditioning Field|Furnace|Joinery|Preceptory|Tannery,6,19
"MaA/Pike+HuntBow/FullPlate (TY) [(EInd, EProw, NPie, NCun), Florentine, ImmU, Nimble, Temp, Serr]|M7",Man-at-Arms,Pike,,Full Plate,Hunting Bow,True,25,"Florentine,Nimble,Parry,Planishing,Immune Blocked,Immune Unwieldy,Serrated",1200,,False,Animal Husbandry|Armory|Blacksmith|Carpentry|Coliseum|Conditioning Field|Fletchery|Furnace|Gilded Foundry|Master Workshop|Tannery|Tiltyard,7,12
"MaA/Javelin/FullPlate [(EInd, EProw, NPie, NCun), Florentine, ImmU, Nimble, Temp]|M7",Man-at-Arms,Farm Tools,,Full Plate,Javelin,True,25,"Florentine,Nimble,Parry,Planishing,Immune Blocked,Immune Unwieldy",1400,,False,Animal Husbandry|Armory|Blacksmith|Carpentry|Coliseum|Conditioning Field|Fletchery|Furnace|Gilded Foundry|Stable|Tannery|Tiltyard,7,12
"MaA/Flail/Tower/FullPlate [(EInd, RProw, EPie, NCun), Enduring, Nimble, Temp, Rec 6, Recover 7, Recover 8, Serr, Shake+1]|M7",Man-at-Arms,Flail,Tower Shield,Full Plate,,False,25,"Recover 6,Shake +1,Planishing,Immune Blocked,Enduring,Nimble,Recover 7,Recover 8,Serrated",1100,,False,Alchemy|Animal Husbandry|Apothecary|Armory|Blacksmith|Carpentry|Coliseum|Conditioning Field|Forge|Furnace|Gilded Foundry|Herb Garden|Hospitaller|Infirmary|Joinery|Master Workshop|Tannery,7,15
"MaA/Lance/Heater/Cloth [ABFM, (SInd, RProw, NPie, NCun), Nimble, Temp, Serr]|M7",Man-at-Arms,Lance,Heater Shield,Cloth,,False,25,"Nimble,ABF,Planishing,Immune Blocked,Serrated",200,,False,ABF|Animal Husbandry|Armory|Blacksmith|Butchery|Carpentry|Coliseum|Conditioning Field|Forge|Furnace|Gilded Foundry|Joinery|Master Workshop|Stable|Tannery,7,13
"MaA/Spears/Targe/Cloth [RoPaI, (EInd, SProw, EPie, NCun), Enduring, Nimble, Rec 6, Recover 7, Recover 8, Serr, Shake+1]|M7",Man-at-Arms,Spears,Targe Shield,Cloth,,False,25,"Immune Strain,Recover 6,Shake +1,Immune Blocked,Parry,Enduring,Nimble,Recover 7,Recover 8,Serrated",1500,,False,Alchemy|Apothecary|Blacksmith|Carpentry|Coliseum|Conditioning Field|Furnace|Herb Garden|Hospitaller|Infirmary|Joinery|Master Workshop|Royal Pavilion,7,22
"MaA/Spears/Cloth (DW) [PrI, (NInd, EProw, SPie, NCun), DW, Florentine, ImmU, Nimble, Shake+1]|M7",Man-at-Arms,Spears,,Cloth,,True,25,"Florentine,Shake +1,Parry,Immune Blocked,Dual Wield,Immune Unwieldy,Resolute,Nimble",2000,,False,Carpentry|Coliseum|Conditioning Field|Fletchery|Furnace|Preceptory|Stable|Tiltyard,7,16
"MaA/Flail+HuntBow/Kite/FullPlate (TY) [(EInd, EProw, NPie, NCun), Florentine, ImmU, Nimble, Temp]|M7",Man-at-Arms,Flail,Kite Shield,Full Plate,Hunting Bow,True,25,"Florentine,Nimble,Parry,Planishing,Immune Blocked,Immune Unwieldy",700,,False,Animal Husbandry|Armory|Blacksmith|Butchery|Carpentry|Coliseum|Conditioning Field|Fletchery|Furnace|Gilded Foundry|Joinery|Tannery|Tiltyard,7,12
"MaA/Pike/Gothic [ABFM, (SInd, RProw, NPie, NCun), Nimble, Temp, Serr]|M7",Man-at-Arms,Pike,,Gothic Plate,,False,25,"Nimble,ABF,Planishing,Immune Blocked,Serrated",400,,False,ABF|Animal Husbandry|Armory|Blacksmith|Butchery|Coliseum|Conditioning Field|Furnace|Gilded Foundry|Master Workshop|Stable|Tannery,7,13
"MaA/Pike/FullPlate [(EInd, RProw, EPie, NCun), Enduring, Nimble, Temp, Rec 6, Recover 7, Recover 8, Shake+1]|M7",Man-at-Arms,Pike,,Full Plate,,False,25,"Recover 6,Shake +1,Planishing,Immune Blocked,Enduring,Nimble,Recover 7,Recover 8",1000,,False,Alchemy|Animal Husbandry|Apothecary|Armory|Blacksmith|Butchery|Coliseum|Conditioning Field|Furnace|Gilded Foundry|Herb Garden|Hospitaller|Infirmary|Stable|Tannery,7,15
"MaA/Lance/Targe/FullPlate [(EInd, RProw, EPie, NCun), Enduring, Nimble, Temp, Rec 6, Recover 7, Recover 8, Serr, Shake+1]|M7",Man-at-Arms,Lance,Targe Shield,Full Plate,,False,25,"Recover 6,Shake +1,Planishing,Immune Blocked,Enduring,Nimble,Recover 7,Recover 8,Serrated",1100,,False,Alchemy|Animal Husbandry|Apothecary|Armory|Blacksmith|Carpentry|Coliseum|Conditioning Field|Forge|Furnace|Gilded Foundry|Herb Garden|Hospitaller|Infirmary|Joinery|Master Workshop|Tannery,7,15
"MaA/Flail/Tower/Leather [(EInd, RProw, EPie, NCun), Enduring, Nimble, Rec 6, Recover 7, Recover 8, Serr, Shake+1]|M7",Man-at-Arms,Flail,Tower Shield,Leather,,False,25,"Recover 6,Shake +1,Immune Blocked,Enduring,Nimble,Recover 7,Recover 8,Serrated",1300,,False,Alchemy|Animal Husbandry|Apothecary|Blacksmith|Carpentry|Coliseum|Conditioning Field|Forge|Furnace|Herb Garden|Hospitaller|Infirmary|Joinery|Master Workshop|Tannery,7,15
"MaA/Cudgel+Crossbow/Leather (TY) [(EInd, EProw, NPie, NCun), Florentine, ImmU, Nimble, Riposte]|M7",Man-at-Arms,Cudgel,,Leather,Crossbow,True,25,"Florentine,Nimble,Parry,Improved Parry,Immune Blocked,Riposte,Immune Unwieldy",1600,,False,Animal Husbandry|Blacksmith|Carpentry|Coliseum|Conditioning Field|Fletchery|Forge|Furnace|Grand Tournament|Stable|Tannery|Tiltyard,7,12
"MaA/FarmTools/Tower/Cloth [(EInd, RProw, EPie, NCun), Enduring, Nimble, Rec 6, Recover 7, Recover 8, Serr, Shake+1]|M7",Man-at-Arms,Farm Tools,Tower Shield,Cloth,,False,25,"Recover 6,Shake +1,Immune Blocked,Enduring,Nimble,Recover 7,Recover 8,Serrated",1500,,False,Alchemy|Apothecary|Blacksmith|Carpentry|Coliseum|Conditioning Field|Forge|Furnace|Herb Garden|Hospitaller|Infirmary|Joinery|Master Workshop|Stable,7,15
"MaA/Cudgel/Gothic [ABFM, (SInd, RProw, NPie, NCun), Nimble, Temp, Serr]|M7",Man-at-Arms,Cudgel,,Gothic Plate,,False,25,"Nimble,ABF,Planishing,Immune Blocked,Serrated",400,,False,ABF|Animal Husbandry|Armory|Blacksmith|Butchery|Coliseum|Conditioning Field|Furnace|Gilded Foundry|Master Workshop|Stable|Tannery,7,13
"MaA/Cudgel+HuntBow/Chain (TY) [(RInd, EProw, NPie, NCun), Florentine, ImmU, Nimble]|M7",Man-at-Arms,Cudgel,,Chainmail,Hunting Bow,True,25,"Florentine,Nimble,Parry,Immune Blocked,Immune Unwieldy",1400,,False,Animal Husbandry|Armory|Blacksmith|Carpentry|Coliseum|Conditioning Field|Fletchery|Furnace|Stable|Tannery|Tiltyard,7,9
"MaA/Pike/Chain [PrM, (RInd, EProw, SPie, NCun), Enduring, Nimble, Rec 6, Recover 7, Recover 8, Shake+1]|M7",Man-at-Arms,Pike,,Chainmail,,False,25,"Recover 6,Shake +1,Immune Blocked,Parry,Enduring,Resolute,Nimble,Recover 7,Recover 8",1500,,False,Abbey|Alchemy|Animal Husbandry|Apothecary|Armory|Blacksmith|Coliseum|Conditioning Field|Furnace|Herb Garden|Hospitaller|Infirmary|Monastery|Pilgrimage Site|Preceptory|Tannery,7,19
"MaA/Spears+Crossbow/Chain (TY) [(EInd, EProw, NPie, NCun), Florentine, ImmU, Nimble, Riposte, Serr]|M7",Man-at-Arms,Spears,,Chainmail,Crossbow,True,25,"Florentine,Improved Parry,Immune Blocked,Parry,Riposte,Immune Unwieldy,Nimble,Serrated",1200,,False,Animal Husbandry|Armory|Blacksmith|Carpentry|Coliseum|Conditioning Field|Fletchery|Forge|Furnace|Grand Tournament|Master Workshop|Tannery|Tiltyard,7,12
"MaA/Flail+Longbow/Tower/Chain (TY) [(EInd, EProw, NPie, NCun), Florentine, ImmU, Nimble, Serr]|M7",Man-at-Arms,Flail,Tower Shield,Chainmail,Longbow,True,25,"Florentine,Nimble,Parry,Immune Blocked,Immune Unwieldy,Serrated",1000,,False,Animal Husbandry|Armory|Blacksmith|Carpentry|Coliseum|Conditioning Field|Fletchery|Forge|Furnace|Joinery|Master Workshop|Tannery|Tiltyard,7,12
"MaA/Morningstar+HuntBow/Tower/Chain (TY) [(EInd, EProw, NPie, NCun), Florentine, ImmU, Nimble]|M7",Man-at-Arms,Morningstar,Tower Shield,Chainmail,Hunting Bow,True,25,"Florentine,Nimble,Parry,Immune Blocked,Immune Unwieldy",1200,,False,Animal Husbandry|Armory|Blacksmith|Carpentry|Coliseum|Conditioning Field|Fletchery|Forge|Furnace|Joinery|Stable|Tannery|Tiltyard,7,12
"MaA/Lance/Targe/Chain [(EInd, RProw, EPie, NCun), Enduring, Nimble, Rec 6, Recover 7, Recover 8, Shake+1]|M7",Man-at-Arms,Lance,Targe Shield,Chainmail,,False,25,"Nimble,Recover 6,Recover 7,Shake +1,Immune Blocked,Enduring,Recover 8",1300,,False,Alchemy|Animal Husbandry|Apothecary|Armory|Blacksmith|Carpentry|Coliseum|Conditioning Field|Forge|Furnace|Herb Garden|Hospitaller|Infirmary|Joinery|Stable|Tannery,7,15
"MaA/Arming+Javelin/Kite/Leather (TY) [(RInd, EProw, NPie, NCun), Florentine, ImmU, Nimble]|M7",Man-at-Arms,Arming Sword,Kite Shield,Leather,Javelin,True,25,"Florentine,Nimble,Parry,Immune Blocked,Immune Unwieldy",1200,,False,Animal Husbandry|Armory|Blacksmith|Carpentry|Coliseum|Conditioning Field|Fletchery|Furnace|Joinery|Stable|Tannery|Tiltyard,7,9
"MaA/Estoc/Heater/Cloth [ABFM, (SInd, EProw, NPie, NCun), Nimble, Temp, Riposte, Serr]|M7",Man-at-Arms,Estoc,Heater Shield,Cloth,,False,25,"ABF,Improved Parry,Planishing,Immune Blocked,Parry,Riposte,Nimble,Serrated",200,,False,ABF|Animal Husbandry|Armory|Blacksmith|Butchery|Carpentry|Coliseum|Conditioning Field|Forge|Furnace|Gilded Foundry|Grand Tournament|Joinery|Master Workshop|Stable|Tannery,7,16
"MaA/Daggers+Javelin/Chain (TY) [RoPaI, (RInd, SProw, NPie, NCun), Florentine, ImmU, Nimble]|M7",Man-at-Arms,Daggers,,Chainmail,Javelin,True,25,"Immune Strain,Florentine,Nimble,Parry,Immune Blocked,Immune Unwieldy",1400,,False,Animal Husbandry|Armory|Blacksmith|Carpentry|Coliseum|Conditioning Field|Fletchery|Furnace|Royal Pavilion|Tannery|Tiltyard,7,13
"MaA/Flail+HuntBow/Tower/Leather (TY) [(EInd, EProw, NPie, NCun), Florentine, ImmU, Nimble]|M7",Man-at-Arms,Flail,Tower Shield,Leather,Hunting Bow,True,25,"Florentine,Nimble,Parry,Immune Blocked,Immune Unwieldy",900,,False,Animal Husbandry|Blacksmith|Butchery|Carpentry|Coliseum|Conditioning Field|Fletchery|Forge|Furnace|Joinery|Tannery|Tiltyard,7,12
"MaA/Daggers+Javelin/Chain (TY) [(RInd, EProw, NPie, NCun), Florentine, ImmU, Nimble]|M7",Man-at-Arms,Daggers,,Chainmail,Javelin,True,25,"Florentine,Nimble,Parry,Immune Blocked,Immune Unwieldy",900,,False,Animal Husbandry|Armory|Blacksmith|Butchery|Carpentry|Coliseum|Conditioning Field|Fletchery|Furnace|Tannery|Tiltyard,7,9
"MaA/Arming+Longbow/Kite/Cloth (TY) [(EInd, EProw, NPie, NCun), Florentine, ImmU, Nimble, Serr]|M7",Man-at-Arms,Arming Sword,Kite Shield,Cloth,Longbow,True,25,"Florentine,Nimble,Parry,Immune Blocked,Immune Unwieldy,Serrated",1000,,False,Armory|Blacksmith|Carpentry|Coliseum|Conditioning Field|Fletchery|Furnace|Joinery|Master Workshop|Tannery|Tiltyard,7,12
"MaA/Arming+HuntBow/Tower/Chain (TY) [(EInd, EProw, NPie, NCun), Florentine, ImmU, Nimble]|M7",Man-at-Arms,Arming Sword,Tower Shield,Chainmail,Hunting Bow,True,25,"Florentine,Nimble,Parry,Immune Blocked,Immune Unwieldy",1200,,False,Animal Husbandry|Armory|Blacksmith|Carpentry|Coliseum|Conditioning Field|Fletchery|Forge|Furnace|Joinery|Stable|Tannery|Tiltyard,7,12
"MaA/FarmTools/Cloth [(EInd, RProw, EPie, RCun), Enduring, Nimble, Poison, Rec 6, Recover 7, Recover 8, Serr, Shake+1]|M7",Man-at-Arms,Farm Tools,,Cloth,,False,25,"Recover 6,Shake +1,Immune Blocked,Enduring,Nimble,Recover 7,Poison,Recover 8,Serrated",1600,,False,Academy|Alchemy|Apothecary|Blacksmith|Coliseum|Conditioning Field|Furnace|Herb Garden|Hospitaller|Infirmary|Master Workshop|Toxicarium,7,18
"MaA/Cudgel+Crossbow/Chain (TY) [(EInd, EProw, NPie, NCun), Florentine, ImmU, Nimble, Serr]|M7",Man-at-Arms,Cudgel,,Chainmail,Crossbow,True,25,"Florentine,Nimble,Parry,Immune Blocked,Immune Unwieldy,Serrated",1200,,False,Animal Husbandry|Armory|Blacksmith|Carpentry|Coliseum|Conditioning Field|Fletchery|Forge|Furnace|Master Workshop|Tannery|Tiltyard,7,12
"MaA/Pike+HuntBow/Cloth (TY) [(RInd, EProw, NPie, NCun), Florentine, ImmU, Nimble, Recover 8]|M7",Man-at-Arms,Pike,,Cloth,Hunting Bow,True,25,"Florentine,Nimble,Parry,Immune Blocked,Immune Unwieldy,Recover 8",1800,,False,Apothecary|Blacksmith|Carpentry|Coliseum|Conditioning Field|Fletchery|Furnace|Herb Garden|Tiltyard,7,9
"MaA/HuntBow/Cloth [OuInPoM, (NInd, EProw, NPie, SCun), Florentine, ImmU, Nimble]|M7",Man-at-Arms,Farm Tools,,Cloth,Hunting Bow,True,25,"Florentine,confers:Blocked,confers:Strain,Immune Blocked,Parry,Immune Unwieldy,Outrider: every,Nimble",1800,,False,Caravanery|Carpentry|Cipher Chamber|Coliseum|Conditioning Field|Fletchery|Outrider Intercept Post|Tiltyard,7,16
"MaA/Spears+Crossbow/Cloth (TY) [(EInd, EProw, NPie, NCun), Florentine, ImmU, Nimble, Recover 8]|M7",Man-at-Arms,Spears,,Cloth,Crossbow,True,25,"Florentine,Nimble,Parry,Immune Blocked,Immune Unwieldy,Recover 8",1800,,False,Apothecary|Blacksmith|Carpentry|Coliseum|Conditioning Field|Fletchery|Forge|Furnace|Herb Garden|Tiltyard,7,12
"MaA/BattleAxe+Crossbow/Cloth (TY) [(EInd, EProw, NPie, NCun), Florentine, ImmU, Nimble, Recover 8]|M7",Man-at-Arms,Battle Axe,,Cloth,Crossbow,True,25,"Florentine,Nimble,Parry,Immune Blocked,Immune Unwieldy,Recover 8",1800,,False,Apothecary|Blacksmith|Carpentry|Coliseum|Conditioning Field|Fletchery|Forge|Furnace|Herb Garden|Tiltyard,7,12
"MaA/ShortSword/Targe/Chain [(EInd, RProw, EPie, NCun), Enduring, Nimble, Rec 6, Recover 7, Recover 8, Serr, Shake+1]|M7",Man-at-Arms,Short Sword,Targe Shield,Chainmail,,False,25,"Recover 6,Shake +1,Immune Blocked,Enduring,Nimble,Recover 7,Recover 8,Serrated",1100,,False,Alchemy|Animal Husbandry|Apothecary|Armory|Blacksmith|Carpentry|Coliseum|Conditioning Field|Furnace|Herb Garden|Hospitaller|Infirmary|Joinery|Master Workshop|Tannery,7,15
"MaA/Flail+HuntBow/Tower/FullPlate (TY) [(EInd, EProw, NPie, NCun), Florentine, ImmU, Nimble, Temp]|M7",Man-at-Arms,Flail,Tower Shield,Full Plate,Hunting Bow,True,25,"Florentine,Nimble,Parry,Planishing,Immune Blocked,Immune Unwieldy",700,,False,Animal Husbandry|Armory|Blacksmith|Butchery|Carpentry|Coliseum|Conditioning Field|Fletchery|Forge|Furnace|Gilded Foundry|Joinery|Tannery|Tiltyard,7,12
"MaA/Spears+Crossbow/Tower/Cloth (TY) [RoPaM, (EInd, SProw, NPie, NCun), Florentine, ImmU, Nimble, Recover 8, Riposte]|M7",Man-at-Arms,Spears,Tower Shield,Cloth,Crossbow,True,25,"Immune Strain,Florentine,Drilled,Improved Parry,Immune Blocked,Parry,Riposte,Immune Unwieldy,Nimble,Recover 8",1600,,False,Apothecary|Blacksmith|Carpentry|Coliseum|Conditioning Field|Fletchery|Forge|Furnace|Grand Tournament|Herb Garden|Joinery|Royal Pavilion|Tiltyard,7,16
"MaA/ShortSword+HuntBow/Targe/FullPlate (TY) [(EInd, EProw, NPie, NCun), Florentine, ImmU, Nimble, Temp]|M7",Man-at-Arms,Short Sword,Targe Shield,Full Plate,Hunting Bow,True,25,"Florentine,Nimble,Parry,Planishing,Immune Blocked,Immune Unwieldy",700,,False,Animal Husbandry|Armory|Blacksmith|Butchery|Carpentry|Coliseum|Conditioning Field|Fletchery|Furnace|Gilded Foundry|Joinery|Tannery|Tiltyard,7,12
"MaA/WarHammer/Chain [MiMiStM, (EInd, SProw, NPie, NCun), Nimble, Recover 8]|M7",Man-at-Arms,War Hammer,,Chainmail,,False,25,"Improved Parry,+1TH,Crit 7,Immune Blocked,Parry,+1I,MaxInit3,Nimble,Seize: first,Recover 8",1600,,False,Animal Husbandry|Apothecary|Armory|Blacksmith|Coliseum|Conditioning Field|Forge|Furnace|Herb Garden|Ministry of Military Strategy|Tannery|University|War College,7,16
"MaA/Flail+Crossbow/Chain (TY) [MiMiStI, (EInd, SProw, NPie, NCun), Florentine, ImmU, Nimble]|M7",Man-at-Arms,Flail,,Chainmail,Crossbow,True,25,"Florentine,Immune Blocked,Parry,Immune Unwieldy,+1I,MaxInit3,Nimble,Seize: first",1400,,False,Animal Husbandry|Armory|Blacksmith|Carpentry|Coliseum|Conditioning Field|Fletchery|Forge|Furnace|Ministry of Military Strategy|Tannery|Tiltyard,7,16
"MaA/2HBastard+Longbow/FullPlate (TY) [(EInd, EProw, NPie, NCun), Florentine, ImmU, Nimble, Temp]|M7",Man-at-Arms,2HBastard,,Full Plate,Longbow,True,25,"Florentine,Nimble,Parry,Planishing,Immune Blocked,Immune Unwieldy",1400,,False,Animal Husbandry|Armory|Blacksmith|Carpentry|Coliseum|Conditioning Field|Fletchery|Forge|Furnace|Gilded Foundry|Stable|Tannery|Tiltyard,7,12
"MaA/Daggers+Crossbow/Chain (TY) [(EInd, EProw, NPie, NCun), Florentine, ImmU, Nimble]|M7",Man-at-Arms,Daggers,,Chainmail,Crossbow,True,25,"Florentine,Nimble,Parry,Immune Blocked,Immune Unwieldy",900,,False,Animal Husbandry|Armory|Blacksmith|Butchery|Carpentry|Coliseum|Conditioning Field|Fletchery|Forge|Furnace|Tannery|Tiltyard,7,12
"MaA/ShortSword/Targe/FullPlate [(EInd, RProw, EPie, NCun), Enduring, Nimble, Temp, Rec 6, Recover 7, Recover 8, Serr, Shake+1]|M7",Man-at-Arms,Short Sword,Targe Shield,Full Plate,,False,25,"Recover 6,Shake +1,Planishing,Immune Blocked,Enduring,Nimble,Recover 7,Recover 8,Serrated",1100,,False,Alchemy|Animal Husbandry|Apothecary|Armory|Blacksmith|Carpentry|Coliseum|Conditioning Field|Furnace|Gilded Foundry|Herb Garden|Hospitaller|Infirmary|Joinery|Master Workshop|Tannery,7,15
"MaA/2HBastard+Javelin/Chain (TY) [(EInd, EProw, NPie, NCun), Florentine, ImmU, Nimble]|M7",Man-at-Arms,2HBastard,,Chainmail,Javelin,True,25,"Florentine,Nimble,Parry,Immune Blocked,Immune Unwieldy",900,,False,Animal Husbandry|Armory|Blacksmith|Butchery|Carpentry|Coliseum|Conditioning Field|Fletchery|Forge|Furnace|Tannery|Tiltyard,7,12
"MaA/Arming/Chain (DW) [(RInd, EProw, NPie, NCun), DW, Florentine, ImmU, Nimble, Riposte]|M7",Man-at-Arms,Arming Sword,,Chainmail,,True,25,"Florentine,Improved Parry,Parry,Immune Blocked,Dual Wield,Riposte,Immune Unwieldy,Nimble",1100,,False,Animal Husbandry|Armory|Blacksmith|Butchery|Carpentry|Coliseum|Conditioning Field|Fletchery|Furnace|Grand Tournament|Tannery|Tiltyard,7,9
"MaA/Bastard+HuntBow/Tower/Cloth (TY) [(EInd, EProw, NPie, NCun), Florentine, ImmU, Nimble, Recover 8]|M7",Man-at-Arms,Bastard Sword,Tower Shield,Cloth,Hunting Bow,True,25,"Florentine,Nimble,Parry,Immune Blocked,Immune Unwieldy,Recover 8",1600,,False,Apothecary|Blacksmith|Carpentry|Coliseum|Conditioning Field|Fletchery|Forge|Furnace|Herb Garden|Joinery|Tiltyard,7,12
"MaA/Flail+Crossbow/Tower/Cloth (TY) [(EInd, EProw, NPie, NCun), Florentine, ImmU, Nimble, Recover 8]|M7",Man-at-Arms,Flail,Tower Shield,Cloth,Crossbow,True,25,"Florentine,Nimble,Parry,Immune Blocked,Immune Unwieldy,Recover 8",1600,,False,Apothecary|Blacksmith|Carpentry|Coliseum|Conditioning Field|Fletchery|Forge|Furnace|Herb Garden|Joinery|Tiltyard,7,12
"MaA/WarHammer+Longbow/FullPlate (TY) [MiMiStI, (EInd, SProw, NPie, NCun), Florentine, ImmU, Nimble, Temp]|M7",Man-at-Arms,War Hammer,,Full Plate,Longbow,True,25,"Florentine,Planishing,Immune Blocked,Parry,Immune Unwieldy,+1I,MaxInit3,Nimble,Seize: first",1400,,False,Animal Husbandry|Armory|Blacksmith|Carpentry|Coliseum|Conditioning Field|Fletchery|Forge|Furnace|Gilded Foundry|Ministry of Military Strategy|Tannery|Tiltyard,7,16
"MaA/Lance/Kite/Gothic [ABFM, (SInd, RProw, NPie, NCun), Nimble, Temp, Serr]|M7",Man-at-Arms,Lance,Kite Shield,Gothic Plate,,False,25,"Nimble,ABF,Planishing,Immune Blocked,Serrated",200,,False,ABF|Animal Husbandry|Armory|Blacksmith|Butchery|Carpentry|Coliseum|Conditioning Field|Forge|Furnace|Gilded Foundry|Joinery|Master Workshop|Stable|Tannery,7,13
"MaA/Pike+HuntBow/Chain (TY) [RoPaI, (RInd, SProw, NPie, NCun), Florentine, ImmU, Nimble]|M7",Man-at-Arms,Pike,,Chainmail,Hunting Bow,True,25,"Immune Strain,Florentine,Nimble,Parry,Immune Blocked,Immune Unwieldy",1400,,False,Animal Husbandry|Armory|Blacksmith|Carpentry|Coliseum|Conditioning Field|Fletchery|Furnace|Royal Pavilion|Tannery|Tiltyard,7,13
"MaA/Pitchfork+Crossbow/Chain (TY) [(EInd, EProw, NPie, NCun), Florentine, ImmU, Nimble]|M7",Man-at-Arms,Pitchfork,,Chainmail,Crossbow,True,25,"Florentine,Nimble,Parry,Immune Blocked,Immune Unwieldy",900,,False,Animal Husbandry|Armory|Blacksmith|Butchery|Carpentry|Coliseum|Conditioning Field|Fletchery|Forge|Furnace|Tannery|Tiltyard,7,12
"MaA/2HBastard+Crossbow/Leather (TY) [(EInd, EProw, NPie, NCun), Florentine, ImmU, Nimble]|M7",Man-at-Arms,2HBastard,,Leather,Crossbow,True,25,"Florentine,Nimble,Parry,Immune Blocked,Immune Unwieldy",1100,,False,Animal Husbandry|Blacksmith|Butchery|Carpentry|Coliseum|Conditioning Field|Fletchery|Forge|Furnace|Tannery|Tiltyard,7,12
"MaA/ShortSword+HuntBow/Tower/FullPlate (TY) [RoPaM, (EInd, SProw, NPie, NCun), Florentine, ImmU, Nimble, Temp, Riposte, Serr]|M7",Man-at-Arms,Short Sword,Tower Shield,Full Plate,Hunting Bow,True,25,"Immune Strain,Drilled,Florentine,Improved Parry,Planishing,Immune Blocked,Parry,Riposte,Immune Unwieldy,Nimble,Serrated",1000,,False,Animal Husbandry|Armory|Blacksmith|Carpentry|Coliseum|Conditioning Field|Fletchery|Forge|Furnace|Gilded Foundry|Grand Tournament|Joinery|Master Workshop|Royal Pavilion|Tannery|Tiltyard,7,16
"MaA/Lance/Targe/FullPlate [(EInd, RProw, EPie, NCun), Enduring, Nimble, Temp, Rec 6, Recover 7, Recover 8, Shake+1]|M7",Man-at-Arms,Lance,Targe Shield,Full Plate,,False,25,"Recover 6,Shake +1,Planishing,Immune Blocked,Enduring,Nimble,Recover 7,Recover 8",1300,,False,Alchemy|Animal Husbandry|Apothecary|Armory|Blacksmith|Carpentry|Coliseum|Conditioning Field|Forge|Furnace|Gilded Foundry|Herb Garden|Hospitaller|Infirmary|Joinery|Stable|Tannery,7,15
"MaA/Halberd/Cloth [(EInd, RProw, EPie, RCun), Enduring, Nimble, Poison, Rec 6, Recover 7, Recover 8, Serr, Shake+1]|M7",Man-at-Arms,Halberd,,Cloth,,False,25,"Recover 6,Shake +1,Immune Blocked,Enduring,Nimble,Recover 7,Poison,Recover 8,Serrated",1600,,False,Academy|Alchemy|Apothecary|Blacksmith|Coliseum|Conditioning Field|Furnace|Herb Garden|Hospitaller|Infirmary|Master Workshop|Toxicarium,7,18
"MaA/ShortSword+HuntBow/Tower/FullPlate (TY) [(EInd, EProw, NPie, NCun), Florentine, ImmU, Nimble, Temp]|M7",Man-at-Arms,Short Sword,Tower Shield,Full Plate,Hunting Bow,True,25,"Florentine,Nimble,Parry,Planishing,Immune Blocked,Immune Unwieldy",1200,,False,Animal Husbandry|Armory|Blacksmith|Carpentry|Coliseum|Conditioning Field|Fletchery|Forge|Furnace|Gilded Foundry|Joinery|Stable|Tannery|Tiltyard,7,12
"MaA/2HBastard+HuntBow/FullPlate (TY) [(EInd, EProw, NPie, NCun), Florentine, ImmU, Nimble, Temp, Serr]|M7",Man-at-Arms,2HBastard,,Full Plate,Hunting Bow,True,25,"Florentine,Nimble,Parry,Planishing,Immune Blocked,Immune Unwieldy,Serrated",1200,,False,Animal Husbandry|Armory|Blacksmith|Carpentry|Coliseum|Conditioning Field|Fletchery|Forge|Furnace|Gilded Foundry|Master Workshop|Tannery|Tiltyard,7,12
"MaA/Morningstar/Tower/Chain [PrM, (EInd, EProw, SPie, NCun), Nimble, Rec 6, Shake+1]|M7",Man-at-Arms,Morningstar,Tower Shield,Chainmail,,False,25,"Nimble,Recover 6,Parry,Shake +1,Immune Blocked,Resolute",1400,,False,Abbey|Animal Husbandry|Armory|Blacksmith|Carpentry|Coliseum|Conditioning Field|Forge|Furnace|Hospitaller|Joinery|Monastery|Pilgrimage Site|Preceptory|Tannery,7,22
"MaA/ShortSword/Kite/Cloth [(RInd, RProw, EPie, NCun), Enduring, Nimble, Rec 6, Recover 7, Recover 8, Shake+1]|M7",Man-at-Arms,Short Sword,Kite Shield,Cloth,,False,25,"Nimble,Recover 6,Recover 7,Shake +1,Immune Blocked,Enduring,Recover 8",1300,,False,Alchemy|Apothecary|Armory|Blacksmith|Carpentry|Coliseum|Conditioning Field|Furnace|Herb Garden|Hospitaller|Infirmary|Joinery|Stable|Tannery,7,12
"MaA/WarHammer+Longbow/FullPlate (TY) [(EInd, EProw, NPie, NCun), Florentine, ImmU, Nimble, Temp, Serr]|M7",Man-at-Arms,War Hammer,,Full Plate,Longbow,True,25,"Florentine,Nimble,Parry,Planishing,Immune Blocked,Immune Unwieldy,Serrated",1200,,False,Animal Husbandry|Armory|Blacksmith|Carpentry|Coliseum|Conditioning Field|Fletchery|Forge|Furnace|Gilded Foundry|Master Workshop|Tannery|Tiltyard,7,12
"MaA/Cudgel+Crossbow/FullPlate (TY) [MiMiStI, (EInd, SProw, NPie, NCun), Florentine, ImmU, Nimble, Temp]|M7",Man-at-Arms,Cudgel,,Full Plate,Crossbow,True,25,"Florentine,Planishing,Immune Blocked,Parry,Immune Unwieldy,+1I,MaxInit3,Nimble,Seize: first",1400,,False,Animal Husbandry|Armory|Blacksmith|Carpentry|Coliseum|Conditioning Field|Fletchery|Forge|Furnace|Gilded Foundry|Ministry of Military Strategy|Tannery|Tiltyard,7,16
"MaA/Flail+Longbow/Tower/Leather (TY) [(EInd, EProw, NPie, NCun), Florentine, ImmU, Nimble]|M7",Man-at-Arms,Flail,Tower Shield,Leather,Longbow,True,25,"Florentine,Nimble,Parry,Immune Blocked,Immune Unwieldy",900,,False,Animal Husbandry|Blacksmith|Butchery|Carpentry|Coliseum|Conditioning Field|Fletchery|Forge|Furnace|Joinery|Tannery|Tiltyard,7,12
"MaA/Flail/Kite/Gothic [ABFM, (SInd, RProw, NPie, NCun), Nimble, Temp, Serr]|M7",Man-at-Arms,Flail,Kite Shield,Gothic Plate,,False,25,"Nimble,ABF,Planishing,Immune Blocked,Serrated",700,,False,ABF|Animal Husbandry|Armory|Blacksmith|Carpentry|Coliseum|Conditioning Field|Furnace|Gilded Foundry|Joinery|Master Workshop|Stable|Tannery,7,13
"MaA/Estoc/Heater/Gothic [ABFM, PrI, (SInd, EProw, SPie, NCun), Nimble, Temp, Serr, Shake+1]|M7",Man-at-Arms,Estoc,Heater Shield,Gothic Plate,,False,25,"ABF,Shake +1,Planishing,Immune Blocked,Parry,Resolute,Nimble,Serrated",700,,False,ABF|Animal Husbandry|Armory|Blacksmith|Carpentry|Coliseum|Conditioning Field|Forge|Furnace|Gilded Foundry|Joinery|Master Workshop|Preceptory|Stable|Tannery,7,26
"MaA/Spears+Longbow/Kite/Chain (TY) [(RInd, EProw, NPie, NCun), Florentine, ImmU, Nimble]|M7",Man-at-Arms,Spears,Kite Shield,Chainmail,Longbow,True,25,"Florentine,Nimble,Parry,Immune Blocked,Immune Unwieldy",700,,False,Animal Husbandry|Armory|Blacksmith|Butchery|Carpentry|Coliseum|Conditioning Field|Fletchery|Furnace|Joinery|Tannery|Tiltyard,7,9
"MaA/Crossbow/Cloth [RoPaM, (EInd, SProw, NPie, NCun), Florentine, ImmU, Nimble, Recover 8, Riposte]|M7",Man-at-Arms,Farm Tools,,Cloth,Crossbow,True,25,"Immune Strain,Florentine,Drilled,Improved Parry,Immune Blocked,Parry,Riposte,Immune Unwieldy,Nimble,Recover 8",1800,,False,Apothecary|Blacksmith|Carpentry|Coliseum|Conditioning Field|Fletchery|Forge|Furnace|Grand Tournament|Herb Garden|Royal Pavilion|Tiltyard,7,16
"MaA/Pike+Javelin/FullPlate (TY) [RoPaM, (EInd, SProw, NPie, NCun), Florentine, ImmU, Nimble, Temp, Riposte]|M7",Man-at-Arms,Pike,,Full Plate,Javelin,True,25,"Immune Strain,Florentine,Drilled,Improved Parry,Planishing,Immune Blocked,Parry,Riposte,Immune Unwieldy,Nimble",1400,,False,Animal Husbandry|Armory|Blacksmith|Carpentry|Coliseum|Conditioning Field|Fletchery|Furnace|Gilded Foundry|Grand Tournament|Royal Pavilion|Stable|Tannery|Tiltyard,7,16
"MaA/FarmTools/Heater/FullPlate [ABFM, (SInd, RProw, NPie, NCun), Nimble, Temp, Serr]|M7",Man-at-Arms,Farm Tools,Heater Shield,Full Plate,,False,25,"Nimble,ABF,Planishing,Immune Blocked,Serrated",700,,False,ABF|Animal Husbandry|Armory|Blacksmith|Carpentry|Coliseum|Conditioning Field|Furnace|Gilded Foundry|Joinery|Master Workshop|Stable|Tannery,7,13
"MaA/Spears+Longbow/Targe/FullPlate (TY) [(EInd, EProw, NPie, NCun), Florentine, ImmU, Nimble, Temp]|M7",Man-at-Arms,Spears,Targe Shield,Full Plate,Longbow,True,25,"Florentine,Nimble,Parry,Planishing,Immune Blocked,Immune Unwieldy",700,,False,Animal Husbandry|Armory|Blacksmith|Butchery|Carpentry|Coliseum|Conditioning Field|Fletchery|Furnace|Gilded Foundry|Joinery|Tannery|Tiltyard,7,12
"MaA/Spears+Longbow/Kite/Cloth (TY) [(EInd, EProw, NPie, NCun), Florentine, ImmU, Nimble, Serr]|M7",Man-at-Arms,Spears,Kite Shield,Cloth,Longbow,True,25,"Florentine,Nimble,Parry,Immune Blocked,Immune Unwieldy,Serrated",1000,,False,Armory|Blacksmith|Carpentry|Coliseum|Conditioning Field|Fletchery|Furnace|Joinery|Master Workshop|Tannery|Tiltyard,7,12
"MaA/2HBastard+HuntBow/Cloth (TY) [(EInd, EProw, NPie, NCun), Florentine, ImmU, Nimble, Recover 8]|M7",Man-at-Arms,2HBastard,,Cloth,Hunting Bow,True,25,"Florentine,Nimble,Parry,Immune Blocked,Immune Unwieldy,Recover 8",1800,,False,Apothecary|Blacksmith|Carpentry|Coliseum|Conditioning Field|Fletchery|Forge|Furnace|Herb Garden|Tiltyard,7,12
"MaA/Poleaxe/Chain [ABFM, (SInd, RProw, NPie, NCun), Nimble, Temp, Recover 8, Serr]|M7",Man-at-Arms,Poleaxe,,Chainmail,,False,25,"Nimble,ABF,Planishing,Immune Blocked,Recover 8,Serrated",900,,False,ABF|Animal Husbandry|Apothecary|Armory|Blacksmith|Coliseum|Conditioning Field|Forge|Furnace|Gilded Foundry|Herb Garden|Master Workshop|Stable|Tannery,7,13
"MaA/Arming+Javelin/Tower/Chain (TY) [(EInd, EProw, NPie, NCun), Florentine, ImmU, Nimble, Serr]|M7",Man-at-Arms,Arming Sword,Tower Shield,Chainmail,Javelin,True,25,"Florentine,Nimble,Parry,Immune Blocked,Immune Unwieldy,Serrated",1000,,False,Animal Husbandry|Armory|Blacksmith|Carpentry|Coliseum|Conditioning Field|Fletchery|Forge|Furnace|Joinery|Master Workshop|Tannery|Tiltyard,7,12
"MaA/HuntBow/FullPlate [(EInd, EProw, NPie, NCun), Florentine, ImmU, Nimble, Temp]|M7",Man-at-Arms,Farm Tools,,Full Plate,Hunting Bow,True,25,"Florentine,Nimble,Parry,Planishing,Immune Blocked,Immune Unwieldy",1400,,False,Animal Husbandry|Armory|Blacksmith|Carpentry|Coliseum|Conditioning Field|Fletchery|Furnace|Gilded Foundry|Stable|Tannery|Tiltyard,7,12
"MaA/Arming+Longbow/Tower/Chain (TY) [OuInPoI, (EInd, EProw, NPie, SCun), Florentine, ImmU, Nimble]|M7",Man-at-Arms,Arming Sword,Tower Shield,Chainmail,Longbow,True,25,"Florentine,confers:Blocked,confers:Strain,Immune Blocked,Parry,Immune Unwieldy,Nimble,Outrider: once",1200,,False,Animal Husbandry|Armory|Blacksmith|Carpentry|Coliseum|Conditioning Field|Fletchery|Forge|Furnace|Joinery|Outrider Intercept Post|Tannery|Tiltyard,7,22
"MaA/Morningstar/Tower/Leather [MiMiStM, (EInd, SProw, NPie, NCun), Nimble]|M7",Man-at-Arms,Morningstar,Tower Shield,Leather,,False,25,"Improved Parry,+1TH,Crit 7,Immune Blocked,Parry,+1I,MaxInit3,Nimble,Seize: first",1100,,False,Animal Husbandry|Blacksmith|Butchery|Carpentry|Coliseum|Conditioning Field|Forge|Furnace|Joinery|Ministry of Military Strategy|Tannery|University|War College,7,16
"MaA/WarHammer+Crossbow/Chain (TY) [(EInd, EProw, NPie, NCun), Florentine, ImmU, Nimble]|M7",Man-at-Arms,War Hammer,,Chainmail,Crossbow,True,25,"Florentine,Nimble,Parry,Immune Blocked,Immune Unwieldy",900,,False,Animal Husbandry|Armory|Blacksmith|Butchery|Carpentry|Coliseum|Conditioning Field|Fletchery|Forge|Furnace|Tannery|Tiltyard,7,12
"MaA/BattleAxe+Longbow/Chain (TY) [(EInd, EProw, NPie, NCun), Florentine, ImmU, Nimble, Serr]|M7",Man-at-Arms,Battle Axe,,Chainmail,Longbow,True,25,"Florentine,Nimble,Parry,Immune Blocked,Immune Unwieldy,Serrated",1200,,False,Animal Husbandry|Armory|Blacksmith|Carpentry|Coliseum|Conditioning Field|Fletchery|Furnace|Master Workshop|Tannery|Tiltyard,7,12
"MaA/Spears+Longbow/Targe/Chain (TY) [(RInd, EProw, NPie, NCun), Florentine, ImmU, Nimble]|M7",Man-at-Arms,Spears,Targe Shield,Chainmail,Longbow,True,25,"Florentine,Nimble,Parry,Immune Blocked,Immune Unwieldy",700,,False,Animal Husbandry|Armory|Blacksmith|Butchery|Carpentry|Coliseum|Conditioning Field|Fletchery|Furnace|Joinery|Tannery|Tiltyard,7,9
"MaA/Morningstar+Javelin/Tower/Leather (TY) [(EInd, EProw, NPie, NCun), Florentine, ImmU, Nimble, Serr]|M7",Man-at-Arms,Morningstar,Tower Shield,Leather,Javelin,True,25,"Florentine,Nimble,Parry,Immune Blocked,Immune Unwieldy,Serrated",1200,,False,Animal Husbandry|Blacksmith|Carpentry|Coliseum|Conditioning Field|Fletchery|Forge|Furnace|Joinery|Master Workshop|Tannery|Tiltyard,7,12
"MaA/Morningstar+Longbow/Tower/Chain (TY) [(EInd, EProw, NPie, NCun), Florentine, ImmU, Nimble]|M7",Man-at-Arms,Morningstar,Tower Shield,Chainmail,Longbow,True,25,"Florentine,Nimble,Parry,Immune Blocked,Immune Unwieldy",1200,,False,Animal Husbandry|Armory|Blacksmith|Carpentry|Coliseum|Conditioning Field|Fletchery|Forge|Furnace|Joinery|Stable|Tannery|Tiltyard,7,12
"MaA/Spears+Crossbow/Chain (TY) [(EInd, EProw, NPie, NCun), Florentine, ImmU, Nimble, Riposte]|M7",Man-at-Arms,Spears,,Chainmail,Crossbow,True,25,"Florentine,Nimble,Parry,Improved Parry,Immune Blocked,Riposte,Immune Unwieldy",900,,False,Animal Husbandry|Armory|Blacksmith|Butchery|Carpentry|Coliseum|Conditioning Field|Fletchery|Forge|Furnace|Grand Tournament|Tannery|Tiltyard,7,12
"MaA/Flail+Longbow/Tower/FullPlate (TY) [(EInd, EProw, NPie, NCun), Florentine, ImmU, Nimble, Temp]|M7",Man-at-Arms,Flail,Tower Shield,Full Plate,Longbow,True,25,"Florentine,Nimble,Parry,Planishing,Immune Blocked,Immune Unwieldy",1200,,False,Animal Husbandry|Armory|Blacksmith|Carpentry|Coliseum|Conditioning Field|Fletchery|Forge|Furnace|Gilded Foundry|Joinery|Stable|Tannery|Tiltyard,7,12
"MaA/Pike+Crossbow/Cloth (TY) [PrI, (EInd, EProw, SPie, NCun), Florentine, ImmU, Nimble, Serr, Shake+1]|M7",Man-at-Arms,Pike,,Cloth,Crossbow,True,25,"Florentine,Shake +1,Immune Blocked,Parry,Resolute,Immune Unwieldy,Nimble,Serrated",1600,,False,Blacksmith|Carpentry|Coliseum|Conditioning Field|Fletchery|Forge|Furnace|Master Workshop|Preceptory|Tiltyard,7,22
"MaA/Daggers+Javelin/FullPlate (TY) [(EInd, EProw, NPie, NCun), Florentine, ImmU, Nimble, Temp, Serr]|M7",Man-at-Arms,Daggers,,Full Plate,Javelin,True,25,"Florentine,Nimble,Parry,Planishing,Immune Blocked,Immune Unwieldy,Serrated",1200,,False,Animal Husbandry|Armory|Blacksmith|Carpentry|Coliseum|Conditioning Field|Fletchery|Furnace|Gilded Foundry|Master Workshop|Tannery|Tiltyard,7,12
"MaA/Spears+Longbow/Tower/FullPlate (TY) [(EInd, EProw, NPie, NCun), Florentine, ImmU, Nimble, Temp, Serr]|M7",Man-at-Arms,Spears,Tower Shield,Full Plate,Longbow,True,25,"Florentine,Nimble,Parry,Planishing,Immune Blocked,Immune Unwieldy,Serrated",1000,,False,Animal Husbandry|Armory|Blacksmith|Carpentry|Coliseum|Conditioning Field|Fletchery|Forge|Furnace|Gilded Foundry|Joinery|Master Workshop|Tannery|Tiltyard,7,12
"MaA/Arming/Kite/Chain [(RInd, RProw, EPie, NCun), Enduring, Nimble, Rec 6, Recover 7, Recover 8, Shake+1]|M7",Man-at-Arms,Arming Sword,Kite Shield,Chainmail,,False,25,"Nimble,Recover 6,Recover 7,Shake +1,Immune Blocked,Enduring,Recover 8",800,,False,Alchemy|Animal Husbandry|Apothecary|Armory|Blacksmith|Butchery|Carpentry|Coliseum|Conditioning Field|Furnace|Herb Garden|Hospitaller|Infirmary|Joinery|Tannery,7,12
"MaA/BattleAxe+Javelin/Cloth (TY) [(RInd, EProw, NPie, NCun), Florentine, ImmU, Nimble, Recover 8]|M7",Man-at-Arms,Battle Axe,,Cloth,Javelin,True,25,"Florentine,Nimble,Parry,Immune Blocked,Immune Unwieldy,Recover 8",1800,,False,Apothecary|Blacksmith|Carpentry|Coliseum|Conditioning Field|Fletchery|Furnace|Herb Garden|Tiltyard,7,9
"MaA/BattleAxe+Javelin/Cloth (TY) [MiMiStM, (RInd, SProw, NPie, NCun), Florentine, ImmU, Nimble]|M7",Man-at-Arms,Battle Axe,,Cloth,Javelin,True,25,"Florentine,Improved Parry,+1TH,Crit 7,Immune Blocked,Parry,Immune Unwieldy,+1I,MaxInit3,Nimble,Seize: first",1800,,False,Blacksmith|Carpentry|Coliseum|Conditioning Field|Fletchery|Furnace|Ministry of Military Strategy|Tiltyard|University|War College,7,13
"MaA/Bastard/Tower/Leather [MiMiStI, (EInd, SProw, NPie, NCun), Nimble, Recover 8]|M7",Man-at-Arms,Bastard Sword,Tower Shield,Leather,,False,25,"MaxInit3,Nimble,Seize: first,Parry,Immune Blocked,+1I,Recover 8",1600,,False,Animal Husbandry|Apothecary|Blacksmith|Carpentry|Coliseum|Conditioning Field|Forge|Furnace|Herb Garden|Joinery|Ministry of Military Strategy|Tannery,7,16
"MaA/2HBastard+Javelin/FullPlate (TY) [(EInd, EProw, NPie, NCun), Florentine, ImmU, Nimble, Temp, Serr]|M7",Man-at-Arms,2HBastard,,Full Plate,Javelin,True,25,"Florentine,Nimble,Parry,Planishing,Immune Blocked,Immune Unwieldy,Serrated",1200,,False,Animal Husbandry|Armory|Blacksmith|Carpentry|Coliseum|Conditioning Field|Fletchery|Forge|Furnace|Gilded Foundry|Master Workshop|Tannery|Tiltyard,7,12
"MaA/ShortSword/Targe/FullPlate [PrI, (EInd, EProw, SPie, NCun), Nimble, Temp, Recover 8, Shake+1]|M7",Man-at-Arms,Short Sword,Targe Shield,Full Plate,,False,25,"Nimble,Parry,Shake +1,Planishing,Immune Blocked,Resolute,Recover 8",1400,,False,Animal Husbandry|Apothecary|Armory|Blacksmith|Carpentry|Coliseum|Conditioning Field|Furnace|Gilded Foundry|Herb Garden|Joinery|Preceptory|Tannery,7,22
"MaA/Bastard+Crossbow/Tower/FullPlate (TY) [(EInd, EProw, NPie, NCun), Florentine, ImmU, Nimble, Temp, Serr]|M7",Man-at-Arms,Bastard Sword,Tower Shield,Full Plate,Crossbow,True,25,"Florentine,Nimble,Parry,Planishing,Immune Blocked,Immune Unwieldy,Serrated",1000,,False,Animal Husbandry|Armory|Blacksmith|Carpentry|Coliseum|Conditioning Field|Fletchery|Forge|Furnace|Gilded Foundry|Joinery|Master Workshop|Tannery|Tiltyard,7,12
"MaA/Spears/Targe/FullPlate [OuInPoM, (EInd, RProw, NPie, SCun), Nimble, Temp]|M7",Man-at-Arms,Spears,Targe Shield,Full Plate,,False,25,"confers:Blocked,confers:Strain,Nimble,Outrider: every,Planishing,Immune Blocked",1400,,False,Animal Husbandry|Armory|Blacksmith|Caravanery|Carpentry|Cipher Chamber|Coliseum|Conditioning Field|Furnace|Gilded Foundry|Joinery|Outrider Intercept Post|Tannery,7,19
"MaA/Halberd+Crossbow/FullPlate (TY) [(EInd, EProw, NPie, NCun), Florentine, ImmU, Nimble, Temp]|M7",Man-at-Arms,Halberd,,Full Plate,Crossbow,True,25,"Florentine,Nimble,Parry,Planishing,Immune Blocked,Immune Unwieldy",900,,False,Animal Husbandry|Armory|Blacksmith|Butchery|Carpentry|Coliseum|Conditioning Field|Fletchery|Forge|Furnace|Gilded Foundry|Tannery|Tiltyard,7,12
"MaA/Spears/Heater/Chain [ABFM, (SInd, RProw, NPie, NCun), Nimble, Temp, Serr]|M7",Man-at-Arms,Spears,Heater Shield,Chainmail,,False,25,"Nimble,ABF,Planishing,Immune Blocked,Serrated",700,,False,ABF|Animal Husbandry|Armory|Blacksmith|Carpentry|Coliseum|Conditioning Field|Furnace|Gilded Foundry|Joinery|Master Workshop|Stable|Tannery,7,13
"MaA/FarmTools/Buckler/Chain [PrM, (RInd, EProw, SPie, NCun), Nimble, Rec 6, Shake+1]|M7",Man-at-Arms,Farm Tools,Buckler Shield,Chainmail,,False,25,"Nimble,Recover 6,Parry,Shake +1,Immune Blocked,Resolute",1400,,False,Abbey|Animal Husbandry|Armory|Blacksmith|Carpentry|Coliseum|Conditioning Field|Furnace|Hospitaller|Joinery|Monastery|Pilgrimage Site|Preceptory|Tannery,7,19
"MaA/Arming+Javelin/Kite/Cloth (TY) [(EInd, EProw, NPie, NCun), Florentine, ImmU, Nimble, Serr]|M7",Man-at-Arms,Arming Sword,Kite Shield,Cloth,Javelin,True,25,"Florentine,Nimble,Parry,Immune Blocked,Immune Unwieldy,Serrated",1000,,False,Armory|Blacksmith|Carpentry|Coliseum|Conditioning Field|Fletchery|Furnace|Joinery|Master Workshop|Tannery|Tiltyard,7,12
"MaA/BattleAxe+Crossbow/Leather (TY) [(EInd, EProw, NPie, NCun), Florentine, ImmU, Nimble, Serr]|M7",Man-at-Arms,Battle Axe,,Leather,Crossbow,True,25,"Florentine,Nimble,Parry,Immune Blocked,Immune Unwieldy,Serrated",1400,,False,Animal Husbandry|Blacksmith|Carpentry|Coliseum|Conditioning Field|Fletchery|Forge|Furnace|Master Workshop|Tannery|Tiltyard,7,12
"MaA/WarHammer+Crossbow/Chain (TY) [RoPaM, (EInd, SProw, NPie, NCun), Florentine, ImmU, Nimble, Riposte]|M7",Man-at-Arms,War Hammer,,Chainmail,Crossbow,True,25,"Immune Strain,Florentine,Drilled,Improved Parry,Immune Blocked,Parry,Riposte,Immune Unwieldy,Nimble",1400,,False,Animal Husbandry|Armory|Blacksmith|Carpentry|Coliseum|Conditioning Field|Fletchery|Forge|Furnace|Grand Tournament|Royal Pavilion|Stable|Tannery|Tiltyard,7,16
"MaA/ShortSword+Javelin/Targe/Cloth (TY) [(RInd, EProw, NPie, NCun), Florentine, ImmU, Nimble, Recover 8]|M7",Man-at-Arms,Short Sword,Targe Shield,Cloth,Javelin,True,25,"Florentine,Nimble,Parry,Immune Blocked,Immune Unwieldy,Recover 8",1600,,False,Apothecary|Blacksmith|Carpentry|Coliseum|Conditioning Field|Fletchery|Furnace|Herb Garden|Joinery|Tiltyard,7,9
"MaA/Morningstar/Tower/Cloth [(EInd, RProw, EPie, NCun), Enduring, Nimble, Rec 6, Recover 7, Recover 8, Serr, Shake+1]|M8",Man-at-Arms,Morningstar,Tower Shield,Cloth,,False,25,"Recover 6,Shake +1,Immune Blocked,Enduring,Nimble,Recover 7,Recover 8,Serrated",800,,False,Alchemy|Animal Husbandry|Apothecary|Blacksmith|Butchery|Carpentry|Coliseum|Conditioning Field|Forge|Furnace|Herb Garden|Hospitaller|Infirmary|Joinery|Master Workshop|Tannery,8,15
"MaA/Arquebus/Gothic [ABFM, (SInd, EProw, NPie, NCun), Florentine, ImmU, Nimble, Temp, Serr]|M8",Man-at-Arms,Farm Tools,,Gothic Plate,Arquebus,True,25,"Florentine,ABF,Planishing,Immune Blocked,Parry,Immune Unwieldy,Nimble,Serrated",700,,False,ABF|Animal Husbandry|Armory|Blacksmith|Carpentry|Coliseum|Conditioning Field|Fletchery|Forge|Furnace|Gilded Foundry|Master Workshop|Stable|Tannery|Tiltyard,8,16
"MaA/Cavalry Spear/Targe/Leather [(RInd, RProw, EPie, NCun), Enduring, Nimble, Rec 6, Recover 7, Recover 8, Shake+1]|M8",Man-at-Arms,Cavalry Spear,Targe Shield,Leather,,False,25,"Nimble,Recover 6,Recover 7,Shake +1,Immune Blocked,Enduring,Recover 8",800,,False,Alchemy|Animal Husbandry|Apothecary|Blacksmith|Butchery|Carpentry|Coliseum|Conditioning Field|Furnace|Herb Garden|Hospitaller|Infirmary|Joinery|Smokehouse|Tannery,8,12
"MaA/Pitchfork+Longbow/FullPlate (TY) [(EInd, EProw, NPie, NCun), Florentine, ImmU, Nimble, Temp, Recover 8]|M8",Man-at-Arms,Pitchfork,,Full Plate,Longbow,True,25,"Florentine,Nimble,Parry,Planishing,Immune Blocked,Immune Unwieldy,Recover 8",1400,,False,Animal Husbandry|Apothecary|Armory|Blacksmith|Carpentry|Coliseum|Conditioning Field|Fletchery|Furnace|Gilded Foundry|Herb Garden|Tannery|Tiltyard,8,12
"MaA/Spears+Longbow/Kite/Leather (TY) [(RInd, EProw, NPie, NCun), Florentine, ImmU, Nimble, Recover 8]|M8",Man-at-Arms,Spears,Kite Shield,Leather,Longbow,True,25,"Florentine,Nimble,Parry,Immune Blocked,Immune Unwieldy,Recover 8",1200,,False,Animal Husbandry|Apothecary|Armory|Blacksmith|Carpentry|Coliseum|Conditioning Field|Fletchery|Furnace|Herb Garden|Joinery|Tannery|Tiltyard,8,9
"MaA/Arming+HuntBow/Kite/Chain (TY) [(RInd, EProw, NPie, NCun), Florentine, ImmU, Nimble, Recover 8, Riposte]|M8",Man-at-Arms,Arming Sword,Kite Shield,Chainmail,Hunting Bow,True,25,"Florentine,Improved Parry,Immune Blocked,Parry,Riposte,Immune Unwieldy,Nimble,Recover 8",1200,,False,Animal Husbandry|Apothecary|Armory|Blacksmith|Carpentry|Coliseum|Conditioning Field|Fletchery|Furnace|Grand Tournament|Herb Garden|Joinery|Tannery|Tiltyard,8,9
"MaA/Morningstar+HuntBow/Heater/Cloth (TY) [ABFM, (SInd, EProw, NPie, NCun), Florentine, ImmU, Nimble, Temp, Serr]|M8",Man-at-Arms,Morningstar,Heater Shield,Cloth,Hunting Bow,True,25,"Florentine,ABF,Planishing,Immune Blocked,Parry,Immune Unwieldy,Nimble,Serrated",500,,False,ABF|Armory|Blacksmith|Carpentry|Coliseum|Conditioning Field|Fletchery|Forge|Furnace|Gilded Foundry|Joinery|Master Workshop|Stable|Tannery|Tiltyard,8,16
"MaA/2HBastard+Javelin/Gothic (TY) [ABFM, (SInd, EProw, NPie, NCun), Florentine, ImmU, Nimble, Temp, Serr]|M8",Man-at-Arms,2HBastard,,Gothic Plate,Javelin,True,25,"Florentine,ABF,Planishing,Immune Blocked,Parry,Immune Unwieldy,Nimble,Serrated",700,,False,ABF|Animal Husbandry|Armory|Blacksmith|Carpentry|Coliseum|Conditioning Field|Fletchery|Forge|Furnace|Gilded Foundry|Master Workshop|Stable|Tannery|Tiltyard,8,16
"MaA/Arming/Tower/Cloth [(EInd, RProw, EPie, RCun), Enduring, Nimble, Poison, Rec 6, Recover 7, Recover 8, Serr, Shake+1]|M8",Man-at-Arms,Arming Sword,Tower Shield,Cloth,,False,25,"Recover 6,Shake +1,Immune Blocked,Enduring,Nimble,Recover 7,Poison,Recover 8,Serrated",1400,,False,Academy|Alchemy|Apothecary|Blacksmith|Carpentry|Coliseum|Conditioning Field|Forge|Furnace|Herb Garden|Hospitaller|Infirmary|Joinery|Master Workshop|Toxicarium,8,18
"MaA/Lance/Heater/Cloth [ABFM, (SInd, RProw, NPie, NCun), Nimble, Temp, Recover 8, Serr]|M8",Man-at-Arms,Lance,Heater Shield,Cloth,,False,25,"Nimble,ABF,Planishing,Immune Blocked,Recover 8,Serrated",700,,False,ABF|Apothecary|Armory|Blacksmith|Carpentry|Coliseum|Conditioning Field|Forge|Furnace|Gilded Foundry|Herb Garden|Joinery|Master Workshop|Stable|Tannery,8,13
"MaA/Estoc/Chain (DW) [ABFM, (SInd, EProw, NPie, NCun), DW, Florentine, ImmU, Nimble, Temp, Serr]|M8",Man-at-Arms,Estoc,,Chainmail,,True,25,"Florentine,ABF,Planishing,Immune Blocked,Parry,Dual Wield,Immune Unwieldy,Nimble,Serrated",900,,False,ABF|Animal Husbandry|Armory|Blacksmith|Carpentry|Coliseum|Conditioning Field|Fletchery|Forge|Furnace|Gilded Foundry|Master Workshop|Stable|Tannery|Tiltyard,8,16
"MaA/Poleaxe+Crossbow/Chain (TY) [ABFM, (SInd, EProw, NPie, NCun), Florentine, ImmU, Nimble, Temp, Serr]|M8",Man-at-Arms,Poleaxe,,Chainmail,Crossbow,True,25,"Florentine,ABF,Planishing,Immune Blocked,Parry,Immune Unwieldy,Nimble,Serrated",700,,False,ABF|Animal Husbandry|Armory|Blacksmith|Carpentry|Coliseum|Conditioning Field|Fletchery|Forge|Furnace|Gilded Foundry|Master Workshop|Stable|Tannery|Tiltyard,8,16
"MaA/Spears+HuntBow/Tower/FullPlate (TY) [(EInd, EProw, NPie, NCun), Florentine, ImmU, Nimble, Temp, Recover 8]|M8",Man-at-Arms,Spears,Tower Shield,Full Plate,Hunting Bow,True,25,"Florentine,Nimble,Parry,Planishing,Immune Blocked,Immune Unwieldy,Recover 8",1200,,False,Animal Husbandry|Apothecary|Armory|Blacksmith|Carpentry|Coliseum|Conditioning Field|Fletchery|Forge|Furnace|Gilded Foundry|Herb Garden|Joinery|Tannery|Tiltyard,8,12
"MaA/Poleaxe+Arquebus/Chain (TY) [ABFM, (SInd, EProw, NPie, NCun), Florentine, ImmU, Nimble, Temp, Serr]|M8",Man-at-Arms,Poleaxe,,Chainmail,Arquebus,True,25,"Florentine,ABF,Planishing,Immune Blocked,Parry,Immune Unwieldy,Nimble,Serrated",700,,False,ABF|Animal Husbandry|Armory|Blacksmith|Carpentry|Coliseum|Conditioning Field|Fletchery|Forge|Furnace|Gilded Foundry|Master Workshop|Stable|Tannery|Tiltyard,8,16
"MaA/Flail/Kite/Leather [(EInd, RProw, EPie, NCun), Enduring, Nimble, Rec 6, Recover 7, Recover 8, Serr, Shake+1]|M8",Man-at-Arms,Flail,Kite Shield,Leather,,False,25,"Recover 6,Shake +1,Immune Blocked,Enduring,Nimble,Recover 7,Recover 8,Serrated",1100,,False,Alchemy|Animal Husbandry|Apothecary|Armory|Blacksmith|Carpentry|Coliseum|Conditioning Field|Furnace|Herb Garden|Hospitaller|Infirmary|Joinery|Master Workshop|Stable|Tannery,8,15
"MaA/ShortSword/Targe/FullPlate [PrI, (EInd, EProw, SPie, NCun), Enduring, Nimble, Temp, Rec 6, Recover 7, Recover 8, Serr, Shake+1]|M8",Man-at-Arms,Short Sword,Targe Shield,Full Plate,,False,25,"Recover 6,Shake +1,Planishing,Immune Blocked,Parry,Enduring,Resolute,Nimble,Recover 7,Recover 8,Serrated",1100,,False,Alchemy|Animal Husbandry|Apothecary|Armory|Blacksmith|Carpentry|Coliseum|Conditioning Field|Furnace|Gilded Foundry|Herb Garden|Hospitaller|Infirmary|Joinery|Master Workshop|Preceptory|Tannery,8,22
"MaA/ShortSword+Pilum/Tower/Leather (TY) [ABFM, (SInd, EProw, NPie, NCun), Florentine, ImmU, Nimble, Temp, Riposte, Serr]|M8",Man-at-Arms,Short Sword,Tower Shield,Leather,Pilum,True,25,"Florentine,ABF,Improved Parry,Planishing,Immune Blocked,Parry,Riposte,Immune Unwieldy,Nimble,Serrated",500,,False,ABF|Animal Husbandry|Armory|Blacksmith|Carpentry|Coliseum|Conditioning Field|Fletchery|Forge|Furnace|Gilded Foundry|Grand Tournament|Joinery|Master Workshop|Stable|Tannery|Tiltyard,8,16
"MaA/Lance/Buckler/Leather [PrI, (EInd, EProw, SPie, NCun), Enduring, Nimble, Rec 6, Recover 7, Recover 8, Serr, Shake+1]|M8",Man-at-Arms,Lance,Buckler Shield,Leather,,False,25,"Recover 6,Shake +1,Immune Blocked,Parry,Enduring,Resolute,Nimble,Recover 7,Recover 8,Serrated",1300,,False,Alchemy|Animal Husbandry|Apothecary|Blacksmith|Carpentry|Coliseum|Conditioning Field|Forge|Furnace|Herb Garden|Hospitaller|Infirmary|Joinery|Master Workshop|Preceptory|Tannery,8,22
"MaA/Spears+Arquebus/Kite/Gothic (TY) [ABFM, (SInd, EProw, NPie, NCun), Florentine, ImmU, Nimble, Temp, Serr]|M8",Man-at-Arms,Spears,Kite Shield,Gothic Plate,Arquebus,True,25,"Florentine,ABF,Planishing,Immune Blocked,Parry,Immune Unwieldy,Nimble,Serrated",500,,False,ABF|Animal Husbandry|Armory|Blacksmith|Carpentry|Coliseum|Conditioning Field|Fletchery|Forge|Furnace|Gilded Foundry|Joinery|Master Workshop|Stable|Tannery|Tiltyard,8,16
"MaA/Spears/Tower/Leather [(EInd, RProw, EPie, NCun), Enduring, Nimble, Rec 6, Recover 7, Recover 8, Shake+1]|M8",Man-at-Arms,Spears,Tower Shield,Leather,,False,25,"Nimble,Recover 6,Recover 7,Shake +1,Immune Blocked,Enduring,Recover 8",800,,False,Alchemy|Animal Husbandry|Apothecary|Blacksmith|Butchery|Carpentry|Coliseum|Conditioning Field|Forge|Furnace|Herb Garden|Hospitaller|Infirmary|Joinery|Smokehouse|Tannery,8,15
"MaA/ShortSword+Javelin/Tower/Cloth (TY) [(EInd, EProw, EPie, NCun), Enduring, Florentine, ImmU, Nimble, Rec 6, Recover 7, Recover 8, Serr, Shake+1]|M8",Man-at-Arms,Short Sword,Tower Shield,Cloth,Javelin,True,25,"Florentine,Recover 6,Shake +1,Immune Blocked,Parry,Enduring,Immune Unwieldy,Nimble,Recover 7,Recover 8,Serrated",1300,,False,Alchemy|Apothecary|Blacksmith|Carpentry|Coliseum|Conditioning Field|Fletchery|Forge|Furnace|Herb Garden|Hospitaller|Infirmary|Joinery|Master Workshop|Tiltyard,8,18
"MaA/Spears+Crossbow/Tower/Cloth (TY) [(EInd, EProw, EPie, NCun), Enduring, Florentine, ImmU, Nimble, Rec 6, Recover 7, Recover 8, Serr, Shake+1]|M8",Man-at-Arms,Spears,Tower Shield,Cloth,Crossbow,True,25,"Florentine,Recover 6,Shake +1,Immune Blocked,Parry,Enduring,Immune Unwieldy,Nimble,Recover 7,Recover 8,Serrated",1300,,False,Alchemy|Apothecary|Blacksmith|Carpentry|Coliseum|Conditioning Field|Fletchery|Forge|Furnace|Herb Garden|Hospitaller|Infirmary|Joinery|Master Workshop|Tiltyard,8,18
"MaA/Bastard+Javelin/Tower/Cloth (TY) [(EInd, EProw, EPie, NCun), Enduring, Florentine, ImmU, Nimble, Rec 6, Recover 7, Recover 8, Serr, Shake+1]|M8",Man-at-Arms,Bastard Sword,Tower Shield,Cloth,Javelin,True,25,"Florentine,Recover 6,Shake +1,Immune Blocked,Parry,Enduring,Immune Unwieldy,Nimble,Recover 7,Recover 8,Serrated",1300,,False,Alchemy|Apothecary|Blacksmith|Carpentry|Coliseum|Conditioning Field|Fletchery|Forge|Furnace|Herb Garden|Hospitaller|Infirmary|Joinery|Master Workshop|Tiltyard,8,18
"MaA/Estoc/Heater/FullPlate [ABFM, (SInd, RProw, NPie, NCun), Nimble, Temp, Recover 8, Serr]|M8",Man-at-Arms,Estoc,Heater Shield,Full Plate,,False,25,"Nimble,ABF,Planishing,Immune Blocked,Recover 8,Serrated",700,,False,ABF|Animal Husbandry|Apothecary|Armory|Blacksmith|Carpentry|Coliseum|Conditioning Field|Forge|Furnace|Gilded Foundry|Herb Garden|Joinery|Master Workshop|Stable|Tannery,8,13
"MaA/Flail/Kite/FullPlate [(EInd, RProw, EPie, NCun), Enduring, Nimble, Temp, Rec 6, Recover 7, Recover 8, Shake+1]|M8",Man-at-Arms,Flail,Kite Shield,Full Plate,,False,25,"Recover 6,Shake +1,Planishing,Immune Blocked,Enduring,Nimble,Recover 7,Recover 8",800,,False,Alchemy|Animal Husbandry|Apothecary|Armory|Blacksmith|Butchery|Carpentry|Coliseum|Conditioning Field|Furnace|Gilded Foundry|Herb Garden|Hospitaller|Infirmary|Joinery|Stable|Tannery,8,15
"MaA/Halberd+Javelin/Cloth (TY) [(RInd, EProw, EPie, NCun), Enduring, Florentine, ImmU, Nimble, Rec 6, Recover 7, Recover 8, Shake+1]|M8",Man-at-Arms,Halberd,,Cloth,Javelin,True,25,"Florentine,Recover 6,Shake +1,Immune Blocked,Parry,Enduring,Immune Unwieldy,Nimble,Recover 7,Recover 8",1700,,False,Alchemy|Apothecary|Blacksmith|Carpentry|Coliseum|Conditioning Field|Fletchery|Furnace|Herb Garden|Hospitaller|Infirmary|Stable|Tiltyard,8,15
"MaA/Spears+Arquebus/Targe/Gothic (TY) [ABFM, (SInd, EProw, NPie, NCun), Florentine, ImmU, Nimble, Temp, Riposte, Serr]|M8",Man-at-Arms,Spears,Targe Shield,Gothic Plate,Arquebus,True,25,"Florentine,ABF,Improved Parry,Planishing,Immune Blocked,Parry,Riposte,Immune Unwieldy,Nimble,Serrated",500,,False,ABF|Animal Husbandry|Armory|Blacksmith|Carpentry|Coliseum|Conditioning Field|Fletchery|Forge|Furnace|Gilded Foundry|Grand Tournament|Joinery|Master Workshop|Stable|Tannery|Tiltyard,8,16
"MaA/ShortSword/Heater/Leather [ABFM, (SInd, RProw, NPie, NCun), Nimble, Temp, Serr]|M8",Man-at-Arms,Short Sword,Heater Shield,Leather,,False,25,"Nimble,ABF,Planishing,Immune Blocked,Serrated",200,,False,ABF|Animal Husbandry|Armory|Blacksmith|Butchery|Carpentry|Coliseum|Conditioning Field|Furnace|Gilded Foundry|Joinery|Master Workshop|Stable|Tannery,8,13
"MaA/Flail/Heater/FullPlate [ABFM, (SInd, EProw, NPie, NCun), Nimble, Temp, Riposte, Serr]|M8",Man-at-Arms,Flail,Heater Shield,Full Plate,,False,25,"ABF,Improved Parry,Planishing,Immune Blocked,Parry,Riposte,Nimble,Serrated",200,,False,ABF|Animal Husbandry|Armory|Blacksmith|Butchery|Carpentry|Coliseum|Conditioning Field|Furnace|Gilded Foundry|Grand Tournament|Joinery|Master Workshop|Stable|Tannery,8,16
"MaA/Spears+Crossbow/Chain (TY) [(EInd, EProw, NPie, NCun), Florentine, ImmU, Nimble, Recover 8]|M8",Man-at-Arms,Spears,,Chainmail,Crossbow,True,25,"Florentine,Nimble,Parry,Immune Blocked,Immune Unwieldy,Recover 8",1400,,False,Animal Husbandry|Apothecary|Armory|Blacksmith|Carpentry|Coliseum|Conditioning Field|Fletchery|Forge|Furnace|Herb Garden|Tannery|Tiltyard,8,12
"MaA/Arming/Leather (DW) [PrI, (RInd, EProw, SPie, NCun), DW, Florentine, ImmU, Nimble, Shake+1]|M8",Man-at-Arms,Arming Sword,,Leather,,True,25,"Florentine,Shake +1,Parry,Immune Blocked,Dual Wield,Immune Unwieldy,Resolute,Nimble",1300,,False,Animal Husbandry|Blacksmith|Butchery|Carpentry|Coliseum|Conditioning Field|Fletchery|Furnace|Preceptory|Tannery|Tiltyard,8,19
"MaA/Arming+Pilum/Kite/FullPlate (TY) [ABFM, (SInd, EProw, NPie, NCun), Florentine, ImmU, Nimble, Temp, Riposte, Serr]|M8",Man-at-Arms,Arming Sword,Kite Shield,Full Plate,Pilum,True,25,"Florentine,ABF,Improved Parry,Planishing,Immune Blocked,Parry,Riposte,Immune Unwieldy,Nimble,Serrated",500,,False,ABF|Animal Husbandry|Armory|Blacksmith|Carpentry|Coliseum|Conditioning Field|Fletchery|Forge|Furnace|Gilded Foundry|Grand Tournament|Joinery|Master Workshop|Stable|Tannery|Tiltyard,8,16
"MaA/ShortSword+HuntBow/Tower/Cloth (TY) [(EInd, EProw, EPie, NCun), Enduring, Florentine, ImmU, Nimble, Rec 6, Recover 7, Recover 8, Shake+1]|M8",Man-at-Arms,Short Sword,Tower Shield,Cloth,Hunting Bow,True,25,"Florentine,Recover 6,Shake +1,Immune Blocked,Parry,Enduring,Immune Unwieldy,Nimble,Recover 7,Recover 8",1500,,False,Alchemy|Apothecary|Blacksmith|Carpentry|Coliseum|Conditioning Field|Fletchery|Forge|Furnace|Herb Garden|Hospitaller|Infirmary|Joinery|Stable|Tiltyard,8,18
"MaA/WarHammer+HuntBow/Gothic (TY) [ABFM, (SInd, EProw, NPie, NCun), Florentine, ImmU, Nimble, Temp, Serr]|M8",Man-at-Arms,War Hammer,,Gothic Plate,Hunting Bow,True,25,"Florentine,ABF,Planishing,Immune Blocked,Parry,Immune Unwieldy,Nimble,Serrated",700,,False,ABF|Animal Husbandry|Armory|Blacksmith|Carpentry|Coliseum|Conditioning Field|Fletchery|Forge|Furnace|Gilded Foundry|Master Workshop|Stable|Tannery|Tiltyard,8,16
"MaA/Halberd+Arquebus/FullPlate (TY) [ABFM, (SInd, EProw, NPie, NCun), Florentine, ImmU, Nimble, Temp, Serr]|M8",Man-at-Arms,Halberd,,Full Plate,Arquebus,True,25,"Florentine,ABF,Planishing,Immune Blocked,Parry,Immune Unwieldy,Nimble,Serrated",700,,False,ABF|Animal Husbandry|Armory|Blacksmith|Carpentry|Coliseum|Conditioning Field|Fletchery|Forge|Furnace|Gilded Foundry|Master Workshop|Stable|Tannery|Tiltyard,8,16
"MaA/WarHammer+Arquebus/Chain (TY) [ABFM, (SInd, EProw, NPie, NCun), Florentine, ImmU, Nimble, Temp, Serr]|M8",Man-at-Arms,War Hammer,,Chainmail,Arquebus,True,25,"Florentine,ABF,Planishing,Immune Blocked,Parry,Immune Unwieldy,Nimble,Serrated",700,,False,ABF|Animal Husbandry|Armory|Blacksmith|Carpentry|Coliseum|Conditioning Field|Fletchery|Forge|Furnace|Gilded Foundry|Master Workshop|Stable|Tannery|Tiltyard,8,16
"MaA/WarHammer+Longbow/Cloth (TY) [RoPaI, (EInd, SProw, NPie, NCun), Florentine, ImmU, Nimble, Recover 8]|M8",Man-at-Arms,War Hammer,,Cloth,Longbow,True,25,"Immune Strain,Florentine,Nimble,Parry,Immune Blocked,Immune Unwieldy,Recover 8",1800,,False,Apothecary|Blacksmith|Carpentry|Coliseum|Conditioning Field|Fletchery|Forge|Furnace|Herb Garden|Royal Pavilion|Tiltyard,8,16
"MaA/Flail+Crossbow/Tower/Cloth (TY) [(EInd, EProw, EPie, NCun), Enduring, Florentine, ImmU, Nimble, Rec 6, Recover 7, Recover 8, Serr, Shake+1]|M8",Man-at-Arms,Flail,Tower Shield,Cloth,Crossbow,True,25,"Florentine,Recover 6,Shake +1,Immune Blocked,Parry,Enduring,Immune Unwieldy,Nimble,Recover 7,Recover 8,Serrated",1300,,False,Alchemy|Apothecary|Blacksmith|Carpentry|Coliseum|Conditioning Field|Fletchery|Forge|Furnace|Herb Garden|Hospitaller|Infirmary|Joinery|Master Workshop|Tiltyard,8,18
"MaA/2HBastard+Crossbow/Cloth (TY) [(EInd, EProw, EPie, NCun), Enduring, Florentine, ImmU, Nimble, Rec 6, Recover 7, Recover 8, Shake+1]|M8",Man-at-Arms,2HBastard,,Cloth,Crossbow,True,25,"Florentine,Recover 6,Shake +1,Immune Blocked,Parry,Enduring,Immune Unwieldy,Nimble,Recover 7,Recover 8",1700,,False,Alchemy|Apothecary|Blacksmith|Carpentry|Coliseum|Conditioning Field|Fletchery|Forge|Furnace|Herb Garden|Hospitaller|Infirmary|Stable|Tiltyard,8,18
"MaA/Morningstar/Tower/Chain [RoPaM, (EInd, SProw, EPie, NCun), Enduring, Nimble, Rec 6, Recover 7, Recover 8, Riposte, Shake+1]|M8",Man-at-Arms,Morningstar,Tower Shield,Chainmail,,False,25,"Immune Strain,Drilled,Recover 6,Improved Parry,Shake +1,Immune Blocked,Parry,Enduring,Riposte,Nimble,Recover 7,Recover 8",800,,False,Alchemy|Animal Husbandry|Apothecary|Armory|Blacksmith|Butchery|Carpentry|Coliseum|Conditioning Field|Forge|Furnace|Grand Tournament|Herb Garden|Hospitaller|Infirmary|Joinery|Royal Pavilion|Tannery|Tiltyard,8,22
"MaA/Arming+HuntBow/Tower/Chain (TY) [(EInd, EProw, NPie, NCun), Florentine, ImmU, Nimble, Recover 8]|M8",Man-at-Arms,Arming Sword,Tower Shield,Chainmail,Hunting Bow,True,25,"Florentine,Nimble,Parry,Immune Blocked,Immune Unwieldy,Recover 8",1200,,False,Animal Husbandry|Apothecary|Armory|Blacksmith|Carpentry|Coliseum|Conditioning Field|Fletchery|Forge|Furnace|Herb Garden|Joinery|Tannery|Tiltyard,8,12
"MaA/Pike/Chain [PrM, (RInd, EProw, SPie, NCun), Nimble, Rec 6, Recover 8, Shake+1]|M8",Man-at-Arms,Pike,,Chainmail,,False,25,"Nimble,Recover 6,Parry,Shake +1,Immune Blocked,Resolute,Recover 8",1600,,False,Abbey|Animal Husbandry|Apothecary|Armory|Blacksmith|Coliseum|Conditioning Field|Furnace|Herb Garden|Hospitaller|Monastery|Pilgrimage Site|Preceptory|Tannery,8,19
"MaA/Estoc+Javelin/Heater/Leather (TY) [ABFM, (SInd, EProw, NPie, NCun), Florentine, ImmU, Nimble, Temp, Serr]|M8",Man-at-Arms,Estoc,Heater Shield,Leather,Javelin,True,25,"Florentine,ABF,Planishing,Immune Blocked,Parry,Immune Unwieldy,Nimble,Serrated",500,,False,ABF|Animal Husbandry|Armory|Blacksmith|Carpentry|Coliseum|Conditioning Field|Fletchery|Forge|Furnace|Gilded Foundry|Joinery|Master Workshop|Stable|Tannery|Tiltyard,8,16
"MaA/Halberd+Longbow/FullPlate (TY) [(EInd, EProw, NPie, NCun), Florentine, ImmU, Nimble, Temp, Recover 8]|M8",Man-at-Arms,Halberd,,Full Plate,Longbow,True,25,"Florentine,Nimble,Parry,Planishing,Immune Blocked,Immune Unwieldy,Recover 8",1400,,False,Animal Husbandry|Apothecary|Armory|Blacksmith|Carpentry|Coliseum|Conditioning Field|Fletchery|Furnace|Gilded Foundry|Herb Garden|Tannery|Tiltyard,8,12
"MaA/Arming+Crossbow/Tower/FullPlate (TY) [(EInd, EProw, NPie, NCun), Florentine, ImmU, Nimble, Temp, Recover 8, Riposte]|M8",Man-at-Arms,Arming Sword,Tower Shield,Full Plate,Crossbow,True,25,"Florentine,Improved Parry,Planishing,Immune Blocked,Parry,Riposte,Immune Unwieldy,Nimble,Recover 8",1200,,False,Animal Husbandry|Apothecary|Armory|Blacksmith|Carpentry|Coliseum|Conditioning Field|Fletchery|Forge|Furnace|Gilded Foundry|Grand Tournament|Herb Garden|Joinery|Tannery|Tiltyard,8,12
"MaA/Morningstar+Crossbow/Chain (TY) [(EInd, EProw, NPie, NCun), Florentine, ImmU, Nimble, Recover 8]|M8",Man-at-Arms,Morningstar,,Chainmail,Crossbow,True,25,"Florentine,Nimble,Parry,Immune Blocked,Immune Unwieldy,Recover 8",1400,,False,Animal Husbandry|Apothecary|Armory|Blacksmith|Carpentry|Coliseum|Conditioning Field|Fletchery|Forge|Furnace|Herb Garden|Tannery|Tiltyard,8,12
"MaA/Spears+HuntBow/Targe/Cloth (TY) [OuInPoI, (RInd, EProw, NPie, SCun), Florentine, ImmU, Nimble, Recover 8]|M8",Man-at-Arms,Spears,Targe Shield,Cloth,Hunting Bow,True,25,"Florentine,confers:Blocked,confers:Strain,Immune Blocked,Parry,Immune Unwieldy,Nimble,Outrider: once,Recover 8",1600,,False,Apothecary|Blacksmith|Carpentry|Coliseum|Conditioning Field|Fletchery|Furnace|Herb Garden|Joinery|Outrider Intercept Post|Tiltyard,8,19
"MaA/Spears+Crossbow/Chain (TY) [(EInd, EProw, NPie, NCun), Florentine, ImmU, Nimble, Recover 8, Riposte]|M8",Man-at-Arms,Spears,,Chainmail,Crossbow,True,25,"Florentine,Improved Parry,Immune Blocked,Parry,Riposte,Immune Unwieldy,Nimble,Recover 8",1400,,False,Animal Husbandry|Apothecary|Armory|Blacksmith|Carpentry|Coliseum|Conditioning Field|Fletchery|Forge|Furnace|Grand Tournament|Herb Garden|Tannery|Tiltyard,8,12
"MaA/FarmTools/Tower/FullPlate [OuInPoM, (EInd, RProw, NPie, SCun), Nimble, Temp]|M8",Man-at-Arms,Farm Tools,Tower Shield,Full Plate,,False,25,"confers:Blocked,confers:Strain,Nimble,Outrider: every,Planishing,Immune Blocked",1400,,False,Animal Husbandry|Armory|Blacksmith|Caravanery|Carpentry|Cipher Chamber|Coliseum|Conditioning Field|Forge|Furnace|Gilded Foundry|Joinery|Outrider Intercept Post|Stable|Tannery,8,19
"MaA/Halberd+Longbow/Leather (TY) [OuInPoI, (RInd, EProw, NPie, SCun), Florentine, ImmU, Nimble]|M8",Man-at-Arms,Halberd,,Leather,Longbow,True,25,"Florentine,confers:Blocked,confers:Strain,Immune Blocked,Parry,Immune Unwieldy,Nimble,Outrider: once",1600,,False,Animal Husbandry|Blacksmith|Carpentry|Coliseum|Conditioning Field|Fletchery|Furnace|Outrider Intercept Post|Stable|Tannery|Tiltyard,8,19
"MaA/Spears+Arquebus/Targe/Chain (TY) [ABFM, (SInd, EProw, NPie, NCun), Florentine, ImmU, Nimble, Temp, Serr]|M8",Man-at-Arms,Spears,Targe Shield,Chainmail,Arquebus,True,25,"Florentine,ABF,Planishing,Immune Blocked,Parry,Immune Unwieldy,Nimble,Serrated",500,,False,ABF|Animal Husbandry|Armory|Blacksmith|Carpentry|Coliseum|Conditioning Field|Fletchery|Forge|Furnace|Gilded Foundry|Joinery|Master Workshop|Stable|Tannery|Tiltyard,8,16
"MaA/Arming+Javelin/Tower/Cloth (TY) [RoPaM, (EInd, SProw, EPie, NCun), Enduring, Florentine, ImmU, Nimble, Rec 6, Recover 7, Recover 8, Riposte, Serr, Shake+1]|M8",Man-at-Arms,Arming Sword,Tower Shield,Cloth,Javelin,True,25,"Immune Strain,Drilled,Recover 6,Florentine,Improved Parry,Shake +1,Immune Blocked,Parry,Enduring,Immune Unwieldy,Riposte,Nimble,Recover 7,Recover 8,Serrated",1300,,False,Alchemy|Apothecary|Blacksmith|Carpentry|Coliseum|Conditioning Field|Fletchery|Forge|Furnace|Grand Tournament|Herb Garden|Hospitaller|Infirmary|Joinery|Master Workshop|Royal Pavilion|Tiltyard,8,22
"MaA/Arming+HuntBow/Kite/Chain (TY) [(RInd, EProw, NPie, NCun), Florentine, ImmU, Nimble, Recover 8]|M8",Man-at-Arms,Arming Sword,Kite Shield,Chainmail,Hunting Bow,True,25,"Florentine,Nimble,Parry,Immune Blocked,Immune Unwieldy,Recover 8",1200,,False,Animal Husbandry|Apothecary|Armory|Blacksmith|Carpentry|Coliseum|Conditioning Field|Fletchery|Furnace|Herb Garden|Joinery|Tannery|Tiltyard,8,9
"MaA/Arming+Pilum/Tower/Chain (TY) [ABFM, (SInd, EProw, NPie, NCun), Florentine, ImmU, Nimble, Temp, Serr]|M8",Man-at-Arms,Arming Sword,Tower Shield,Chainmail,Pilum,True,25,"Florentine,ABF,Planishing,Immune Blocked,Parry,Immune Unwieldy,Nimble,Serrated",500,,False,ABF|Animal Husbandry|Armory|Blacksmith|Carpentry|Coliseum|Conditioning Field|Fletchery|Forge|Furnace|Gilded Foundry|Joinery|Master Workshop|Stable|Tannery|Tiltyard,8,16
"MaA/Arming+Javelin/Tower/FullPlate (TY) [(EInd, EProw, NPie, NCun), Florentine, ImmU, Nimble, Temp, Recover 8, Riposte]|M8",Man-at-Arms,Arming Sword,Tower Shield,Full Plate,Javelin,True,25,"Florentine,Improved Parry,Planishing,Immune Blocked,Parry,Riposte,Immune Unwieldy,Nimble,Recover 8",1200,,False,Animal Husbandry|Apothecary|Armory|Blacksmith|Carpentry|Coliseum|Conditioning Field|Fletchery|Forge|Furnace|Gilded Foundry|Grand Tournament|Herb Garden|Joinery|Tannery|Tiltyard,8,12
"MaA/WarHammer+Javelin/Cloth (TY) [(EInd, EProw, EPie, NCun), Enduring, Florentine, ImmU, Nimble, Rec 6, Recover 7, Recover 8, Serr, Shake+1]|M8",Man-at-Arms,War Hammer,,Cloth,Javelin,True,25,"Florentine,Recover 6,Shake +1,Immune Blocked,Parry,Enduring,Immune Unwieldy,Nimble,Recover 7,Recover 8,Serrated",1500,,False,Alchemy|Apothecary|Blacksmith|Carpentry|Coliseum|Conditioning Field|Fletchery|Forge|Furnace|Herb Garden|Hospitaller|Infirmary|Master Workshop|Tiltyard,8,18
"MaA/Arming/Tower/Chain [(EInd, EProw, EPie, NCun), Enduring, Nimble, Rec 6, Recover 7, Recover 8, Riposte, Shake+1]|M8",Man-at-Arms,Arming Sword,Tower Shield,Chainmail,,False,25,"Recover 6,Improved Parry,Shake +1,Immune Blocked,Parry,Enduring,Riposte,Nimble,Recover 7,Recover 8",600,,False,Alchemy|Animal Husbandry|Apothecary|Armory|Blacksmith|Butchery|Carpentry|Coliseum|Conditioning Field|Forge|Furnace|Grand Tournament|Herb Garden|Hospitaller|Infirmary|Joinery|Smokehouse|Tannery,8,18
"MaA/Spears+Pilum/Kite/Gothic (TY) [ABFM, (SInd, EProw, NPie, NCun), Florentine, ImmU, Nimble, Temp, Serr]|M8",Man-at-Arms,Spears,Kite Shield,Gothic Plate,Pilum,True,25,"Florentine,ABF,Planishing,Immune Blocked,Parry,Immune Unwieldy,Nimble,Serrated",500,,False,ABF|Animal Husbandry|Armory|Blacksmith|Carpentry|Coliseum|Conditioning Field|Fletchery|Forge|Furnace|Gilded Foundry|Joinery|Master Workshop|Stable|Tannery|Tiltyard,8,16
"MaA/Poleaxe+HuntBow/Chain (TY) [ABFM, (SInd, EProw, NPie, NCun), Florentine, ImmU, Nimble, Temp, Riposte, Serr]|M8",Man-at-Arms,Poleaxe,,Chainmail,Hunting Bow,True,25,"Florentine,ABF,Improved Parry,Planishing,Immune Blocked,Parry,Riposte,Immune Unwieldy,Nimble,Serrated",700,,False,ABF|Animal Husbandry|Armory|Blacksmith|Carpentry|Coliseum|Conditioning Field|Fletchery|Forge|Furnace|Gilded Foundry|Grand Tournament|Master Workshop|Stable|Tannery|Tiltyard,8,16
"MaA/Poleaxe+Longbow/Cloth (TY) [ABFM, (SInd, EProw, NPie, NCun), Florentine, ImmU, Nimble, Temp, Serr]|M8",Man-at-Arms,Poleaxe,,Cloth,Longbow,True,25,"Florentine,ABF,Planishing,Immune Blocked,Parry,Immune Unwieldy,Nimble,Serrated",700,,False,ABF|Armory|Blacksmith|Carpentry|Coliseum|Conditioning Field|Fletchery|Forge|Furnace|Gilded Foundry|Master Workshop|Stable|Tannery|Tiltyard,8,16
"MaA/BattleAxe/Chain [MiMiStM, (RInd, SProw, EPie, RCun), Enduring, Nimble, Poison, Rec 6, Recover 7, Recover 8, Shake+1]|M8",Man-at-Arms,Battle Axe,,Chainmail,,False,25,"Recover 6,Improved Parry,Shake +1,+1TH,Crit 7,Immune Blocked,Enduring,+1I,Parry,MaxInit3,Nimble,Seize: first,Recover 7,Poison,Recover 8",1400,,False,Academy|Alchemy|Animal Husbandry|Apothecary|Armory|Blacksmith|Coliseum|Conditioning Field|Furnace|Herb Garden|Hospitaller|Infirmary|Ministry of Military Strategy|Tannery|Toxicarium|University|War College,8,22
"MaA/Morningstar+Javelin/Tower/Leather (TY) [(EInd, EProw, NPie, NCun), Florentine, ImmU, Nimble, Recover 8]|M8",Man-at-Arms,Morningstar,Tower Shield,Leather,Javelin,True,25,"Florentine,Nimble,Parry,Immune Blocked,Immune Unwieldy,Recover 8",1400,,False,Animal Husbandry|Apothecary|Blacksmith|Carpentry|Coliseum|Conditioning Field|Fletchery|Forge|Furnace|Herb Garden|Joinery|Tannery|Tiltyard,8,12
"MaA/FarmTools/Tower/Cloth [(EInd, RProw, EPie, NCun), Enduring, Nimble, Rec 6, Recover 7, Recover 8, Serr, Shake+1]|M8",Man-at-Arms,Farm Tools,Tower Shield,Cloth,,False,25,"Recover 6,Shake +1,Immune Blocked,Enduring,Nimble,Recover 7,Recover 8,Serrated",800,,False,Alchemy|Animal Husbandry|Apothecary|Blacksmith|Butchery|Carpentry|Coliseum|Conditioning Field|Forge|Furnace|Herb Garden|Hospitaller|Infirmary|Joinery|Master Workshop|Tannery,8,15
"MaA/ShortSword/Tower/Leather [(EInd, RProw, EPie, NCun), Enduring, Nimble, Rec 6, Recover 7, Recover 8, Shake+1]|M8",Man-at-Arms,Short Sword,Tower Shield,Leather,,False,25,"Nimble,Recover 6,Recover 7,Shake +1,Immune Blocked,Enduring,Recover 8",1000,,False,Alchemy|Animal Husbandry|Apothecary|Blacksmith|Butchery|Carpentry|Coliseum|Conditioning Field|Forge|Furnace|Herb Garden|Hospitaller|Infirmary|Joinery|Stable|Tannery,8,15
"MaA/Arming+Crossbow/Tower/Chain (TY) [(EInd, EProw, NPie, NCun), Florentine, ImmU, Nimble, Recover 8, Riposte]|M8",Man-at-Arms,Arming Sword,Tower Shield,Chainmail,Crossbow,True,25,"Florentine,Improved Parry,Immune Blocked,Parry,Riposte,Immune Unwieldy,Nimble,Recover 8",1200,,False,Animal Husbandry|Apothecary|Armory|Blacksmith|Carpentry|Coliseum|Conditioning Field|Fletchery|Forge|Furnace|Grand Tournament|Herb Garden|Joinery|Tannery|Tiltyard,8,12
"MaA/Lance/Buckler/Leather [(EInd, RProw, EPie, NCun), Enduring, Nimble, Rec 6, Recover 7, Recover 8, Shake+1]|M8",Man-at-Arms,Lance,Buckler Shield,Leather,,False,25,"Nimble,Recover 6,Recover 7,Shake +1,Immune Blocked,Enduring,Recover 8",1000,,False,Alchemy|Animal Husbandry|Apothecary|Blacksmith|Butchery|Carpentry|Coliseum|Conditioning Field|Forge|Furnace|Herb Garden|Hospitaller|Infirmary|Joinery|Stable|Tannery,8,15
"MaA/Pitchfork+Longbow/Cloth (TY) [(EInd, EProw, EPie, NCun), Enduring, Florentine, ImmU, Nimble, Rec 6, Recover 7, Recover 8, Riposte, Serr, Shake+1]|M8",Man-at-Arms,Pitchfork,,Cloth,Longbow,True,25,"Florentine,Recover 6,Improved Parry,Shake +1,Immune Blocked,Parry,Enduring,Immune Unwieldy,Riposte,Nimble,Recover 7,Recover 8,Serrated",1500,,False,Alchemy|Apothecary|Blacksmith|Carpentry|Coliseum|Conditioning Field|Fletchery|Furnace|Grand Tournament|Herb Garden|Hospitaller|Infirmary|Master Workshop|Tiltyard,8,18
"MaA/Flail+Javelin/Tower/Leather (TY) [(EInd, EProw, NPie, NCun), Florentine, ImmU, Nimble, Recover 8]|M8",Man-at-Arms,Flail,Tower Shield,Leather,Javelin,True,25,"Florentine,Nimble,Parry,Immune Blocked,Immune Unwieldy,Recover 8",1400,,False,Animal Husbandry|Apothecary|Blacksmith|Carpentry|Coliseum|Conditioning Field|Fletchery|Forge|Furnace|Herb Garden|Joinery|Tannery|Tiltyard,8,12
"MaA/Pike+Crossbow/Leather (TY) [(EInd, EProw, NPie, NCun), Florentine, ImmU, Nimble, Recover 8, Riposte]|M8",Man-at-Arms,Pike,,Leather,Crossbow,True,25,"Florentine,Improved Parry,Immune Blocked,Parry,Riposte,Immune Unwieldy,Nimble,Recover 8",1600,,False,Animal Husbandry|Apothecary|Blacksmith|Carpentry|Coliseum|Conditioning Field|Fletchery|Forge|Furnace|Grand Tournament|Herb Garden|Tannery|Tiltyard,8,12
"MaA/Cavalry Spear/Heater/Leather [RoPaM, ABFM, (SInd, SProw, NPie, NCun), Nimble, Temp, Riposte, Serr]|M8",Man-at-Arms,Cavalry Spear,Heater Shield,Leather,,False,25,"Immune Strain,Drilled,ABF,Improved Parry,Planishing,Immune Blocked,Parry,Riposte,Nimble,Serrated",700,,False,ABF|Animal Husbandry|Armory|Blacksmith|Carpentry|Coliseum|Conditioning Field|Furnace|Gilded Foundry|Grand Tournament|Joinery|Master Workshop|Royal Pavilion|Stable|Tannery|Tiltyard,8,20
"MaA/FarmTools/Heater/Cloth [ABFM, (SInd, RProw, NPie, NCun), Nimble, Temp, Serr]|M8",Man-at-Arms,Farm Tools,Heater Shield,Cloth,,False,25,"Nimble,ABF,Planishing,Immune Blocked,Serrated",200,,False,ABF|Animal Husbandry|Armory|Blacksmith|Butchery|Carpentry|Coliseum|Conditioning Field|Furnace|Gilded Foundry|Joinery|Master Workshop|Stable|Tannery,8,13
"MaA/Morningstar+Longbow/Tower/Cloth (TY) [(EInd, EProw, EPie, NCun), Enduring, Florentine, ImmU, Nimble, Rec 6, Recover 7, Recover 8, Serr, Shake+1]|M8",Man-at-Arms,Morningstar,Tower Shield,Cloth,Longbow,True,25,"Florentine,Recover 6,Shake +1,Immune Blocked,Parry,Enduring,Immune Unwieldy,Nimble,Recover 7,Recover 8,Serrated",1300,,False,Alchemy|Apothecary|Blacksmith|Carpentry|Coliseum|Conditioning Field|Fletchery|Forge|Furnace|Herb Garden|Hospitaller|Infirmary|Joinery|Master Workshop|Tiltyard,8,18
"MaA/ShortSword/Heater/Gothic [ABFM, (SInd, RProw, NPie, NCun), Nimble, Temp, Serr]|M8",Man-at-Arms,Short Sword,Heater Shield,Gothic Plate,,False,25,"Nimble,ABF,Planishing,Immune Blocked,Serrated",200,,False,ABF|Animal Husbandry|Armory|Blacksmith|Butchery|Carpentry|Coliseum|Conditioning Field|Furnace|Gilded Foundry|Joinery|Master Workshop|Stable|Tannery,8,13
"MaA/Arming+HuntBow/Kite/Cloth (TY) [(RInd, EProw, NPie, NCun), Florentine, ImmU, Nimble, Recover 8]|M8",Man-at-Arms,Arming Sword,Kite Shield,Cloth,Hunting Bow,True,25,"Florentine,Nimble,Parry,Immune Blocked,Immune Unwieldy,Recover 8",1200,,False,Apothecary|Armory|Blacksmith|Carpentry|Coliseum|Conditioning Field|Fletchery|Furnace|Herb Garden|Joinery|Tannery|Tiltyard,8,9
"MaA/Arming+Pilum/Heater/Leather (TY) [ABFM, (SInd, EProw, NPie, NCun), Florentine, ImmU, Nimble, Temp, Serr]|M8",Man-at-Arms,Arming Sword,Heater Shield,Leather,Pilum,True,25,"Florentine,ABF,Planishing,Immune Blocked,Parry,Immune Unwieldy,Nimble,Serrated",500,,False,ABF|Animal Husbandry|Armory|Blacksmith|Carpentry|Coliseum|Conditioning Field|Fletchery|Forge|Furnace|Gilded Foundry|Joinery|Master Workshop|Stable|Tannery|Tiltyard,8,16
"MaA/2HBastard+Crossbow/FullPlate (TY) [(EInd, EProw, NPie, NCun), Florentine, ImmU, Nimble, Temp, Recover 8]|M8",Man-at-Arms,2HBastard,,Full Plate,Crossbow,True,25,"Florentine,Nimble,Parry,Planishing,Immune Blocked,Immune Unwieldy,Recover 8",1400,,False,Animal Husbandry|Apothecary|Armory|Blacksmith|Carpentry|Coliseum|Conditioning Field|Fletchery|Forge|Furnace|Gilded Foundry|Herb Garden|Tannery|Tiltyard,8,12
"MaA/Arming+HuntBow/Tower/Cloth (TY) [MiMiStI, (EInd, SProw, NPie, NCun), Florentine, ImmU, Nimble, Recover 8]|M8",Man-at-Arms,Arming Sword,Tower Shield,Cloth,Hunting Bow,True,25,"Florentine,Immune Blocked,Parry,Immune Unwieldy,+1I,MaxInit3,Nimble,Seize: first,Recover 8",1600,,False,Apothecary|Blacksmith|Carpentry|Coliseum|Conditioning Field|Fletchery|Forge|Furnace|Herb Garden|Joinery|Ministry of Military Strategy|Tiltyard,8,16
"MaA/Pitchfork+Crossbow/Leather (TY) [(EInd, EProw, NPie, NCun), Florentine, ImmU, Nimble, Recover 8]|M8",Man-at-Arms,Pitchfork,,Leather,Crossbow,True,25,"Florentine,Nimble,Parry,Immune Blocked,Immune Unwieldy,Recover 8",1600,,False,Animal Husbandry|Apothecary|Blacksmith|Carpentry|Coliseum|Conditioning Field|Fletchery|Forge|Furnace|Herb Garden|Tannery|Tiltyard,8,12
"MaA/Spears+Arquebus/Targe/Leather (TY) [ABFM, (SInd, EProw, NPie, NCun), Florentine, ImmU, Nimble, Temp, Riposte, Serr]|M8",Man-at-Arms,Spears,Targe Shield,Leather,Arquebus,True,25,"Florentine,ABF,Improved Parry,Planishing,Immune Blocked,Parry,Riposte,Immune Unwieldy,Nimble,Serrated",500,,False,ABF|Animal Husbandry|Armory|Blacksmith|Carpentry|Coliseum|Conditioning Field|Fletchery|Forge|Furnace|Gilded Foundry|Grand Tournament|Joinery|Master Workshop|Stable|Tannery|Tiltyard,8,16
"MaA/Arming+Pilum/Kite/Gothic (TY) [ABFM, (SInd, EProw, NPie, NCun), Florentine, ImmU, Nimble, Temp, Serr]|M8",Man-at-Arms,Arming Sword,Kite Shield,Gothic Plate,Pilum,True,25,"Florentine,ABF,Planishing,Immune Blocked,Parry,Immune Unwieldy,Nimble,Serrated",500,,False,ABF|Animal Husbandry|Armory|Blacksmith|Carpentry|Coliseum|Conditioning Field|Fletchery|Forge|Furnace|Gilded Foundry|Joinery|Master Workshop|Stable|Tannery|Tiltyard,8,16
"MaA/Pike+Crossbow/Leather (TY) [(EInd, EProw, NPie, NCun), Florentine, ImmU, Nimble, Recover 8]|M8",Man-at-Arms,Pike,,Leather,Crossbow,True,25,"Florentine,Nimble,Parry,Immune Blocked,Immune Unwieldy,Recover 8",1600,,False,Animal Husbandry|Apothecary|Blacksmith|Carpentry|Coliseum|Conditioning Field|Fletchery|Forge|Furnace|Herb Garden|Tannery|Tiltyard,8,12
"MaA/FarmTools/Heater/Gothic [ABFM, (SInd, RProw, NPie, NCun), Nimble, Temp, Serr]|M8",Man-at-Arms,Farm Tools,Heater Shield,Gothic Plate,,False,25,"Nimble,ABF,Planishing,Immune Blocked,Serrated",200,,False,ABF|Animal Husbandry|Armory|Blacksmith|Butchery|Carpentry|Coliseum|Conditioning Field|Furnace|Gilded Foundry|Joinery|Master Workshop|Stable|Tannery,8,13
"MaA/Bastard+HuntBow/Tower/Leather (TY) [(EInd, EProw, NPie, NCun), Florentine, ImmU, Nimble, Recover 8]|M8",Man-at-Arms,Bastard Sword,Tower Shield,Leather,Hunting Bow,True,25,"Florentine,Nimble,Parry,Immune Blocked,Immune Unwieldy,Recover 8",1400,,False,Animal Husbandry|Apothecary|Blacksmith|Carpentry|Coliseum|Conditioning Field|Fletchery|Forge|Furnace|Herb Garden|Joinery|Tannery|Tiltyard,8,12
"MaA/Cudgel/Leather [(EInd, EProw, EPie, NCun), Enduring, Nimble, Rec 6, Recover 7, Recover 8, Riposte, Serr, Shake+1]|M8",Man-at-Arms,Cudgel,,Leather,,False,25,"Recover 6,Improved Parry,Shake +1,Immune Blocked,Parry,Enduring,Riposte,Nimble,Recover 7,Recover 8,Serrated",800,,False,Alchemy|Animal Husbandry|Apothecary|Blacksmith|Butchery|Coliseum|Conditioning Field|Furnace|Grand Tournament|Herb Garden|Hospitaller|Infirmary|Master Workshop|Smokehouse|Tannery,8,18
"MaA/BattleAxe+Longbow/Chain (TY) [(RInd, EProw, NPie, NCun), Florentine, ImmU, Nimble, Recover 8]|M8",Man-at-Arms,Battle Axe,,Chainmail,Longbow,True,25,"Florentine,Nimble,Parry,Immune Blocked,Immune Unwieldy,Recover 8",1400,,False,Animal Husbandry|Apothecary|Armory|Blacksmith|Carpentry|Coliseum|Conditioning Field|Fletchery|Furnace|Herb Garden|Tannery|Tiltyard,8,9
"MaA/Flail+Crossbow/Leather (TY) [MiMiStI, (EInd, SProw, NPie, NCun), Florentine, ImmU, Nimble]|M8",Man-at-Arms,Flail,,Leather,Crossbow,True,25,"Florentine,Immune Blocked,Parry,Immune Unwieldy,+1I,MaxInit3,Nimble,Seize: first",1600,,False,Animal Husbandry|Blacksmith|Carpentry|Coliseum|Conditioning Field|Fletchery|Forge|Furnace|Ministry of Military Strategy|Stable|Tannery|Tiltyard,8,16
"MaA/Longbow/FullPlate [PrI, (EInd, EProw, SPie, NCun), Florentine, ImmU, Nimble, Temp, Serr, Shake+1]|M8",Man-at-Arms,Farm Tools,,Full Plate,Longbow,True,25,"Florentine,Shake +1,Planishing,Immune Blocked,Parry,Resolute,Immune Unwieldy,Nimble,Serrated",1200,,False,Animal Husbandry|Armory|Blacksmith|Carpentry|Coliseum|Conditioning Field|Fletchery|Furnace|Gilded Foundry|Master Workshop|Preceptory|Tannery|Tiltyard,8,22
"MaA/Arming+Arquebus/Kite/FullPlate (TY) [ABFM, (SInd, EProw, NPie, NCun), Florentine, ImmU, Nimble, Temp, Serr]|M8",Man-at-Arms,Arming Sword,Kite Shield,Full Plate,Arquebus,True,25,"Florentine,ABF,Planishing,Immune Blocked,Parry,Immune Unwieldy,Nimble,Serrated",500,,False,ABF|Animal Husbandry|Armory|Blacksmith|Carpentry|Coliseum|Conditioning Field|Fletchery|Forge|Furnace|Gilded Foundry|Joinery|Master Workshop|Stable|Tannery|Tiltyard,8,16
"MaA/ShortSword/Targe/Cloth [(RInd, RProw, EPie, NCun), Enduring, Nimble, Rec 6, Recover 7, Recover 8, Shake+1]|M8",Man-at-Arms,Short Sword,Targe Shield,Cloth,,False,25,"Nimble,Recover 6,Recover 7,Shake +1,Immune Blocked,Enduring,Recover 8",1000,,False,Alchemy|Animal Husbandry|Apothecary|Blacksmith|Butchery|Carpentry|Coliseum|Conditioning Field|Furnace|Herb Garden|Hospitaller|Infirmary|Joinery|Stable|Tannery,8,12
"MaA/Pike+Arquebus/FullPlate (TY) [ABFM, (SInd, EProw, NPie, NCun), Florentine, ImmU, Nimble, Temp, Serr]|M8",Man-at-Arms,Pike,,Full Plate,Arquebus,True,25,"Florentine,ABF,Planishing,Immune Blocked,Parry,Immune Unwieldy,Nimble,Serrated",700,,False,ABF|Animal Husbandry|Armory|Blacksmith|Carpentry|Coliseum|Conditioning Field|Fletchery|Forge|Furnace|Gilded Foundry|Master Workshop|Stable|Tannery|Tiltyard,8,16
"MaA/ShortSword+Javelin/Targe/Cloth (TY) [(RInd, EProw, EPie, NCun), Enduring, Florentine, ImmU, Nimble, Rec 6, Recover 7, Recover 8, Shake+1]|M8",Man-at-Arms,Short Sword,Targe Shield,Cloth,Javelin,True,25,"Florentine,Recover 6,Shake +1,Immune Blocked,Parry,Enduring,Immune Unwieldy,Nimble,Recover 7,Recover 8",1500,,False,Alchemy|Apothecary|Blacksmith|Carpentry|Coliseum|Conditioning Field|Fletchery|Furnace|Herb Garden|Hospitaller|Infirmary|Joinery|Stable|Tiltyard,8,15
"MaA/Flail+Javelin/Tower/Cloth (TY) [MiMiStI, (EInd, SProw, NPie, NCun), Florentine, ImmU, Nimble, Recover 8]|M8",Man-at-Arms,Flail,Tower Shield,Cloth,Javelin,True,25,"Florentine,Immune Blocked,Parry,Immune Unwieldy,+1I,MaxInit3,Nimble,Seize: first,Recover 8",1600,,False,Apothecary|Blacksmith|Carpentry|Coliseum|Conditioning Field|Fletchery|Forge|Furnace|Herb Garden|Joinery|Ministry of Military Strategy|Tiltyard,8,16
"MaA/Pitchfork+Crossbow/Gothic (TY) [ABFM, (SInd, EProw, NPie, NCun), Florentine, ImmU, Nimble, Temp, Serr]|M8",Man-at-Arms,Pitchfork,,Gothic Plate,Crossbow,True,25,"Florentine,ABF,Planishing,Immune Blocked,Parry,Immune Unwieldy,Nimble,Serrated",700,,False,ABF|Animal Husbandry|Armory|Blacksmith|Carpentry|Coliseum|Conditioning Field|Fletchery|Forge|Furnace|Gilded Foundry|Master Workshop|Stable|Tannery|Tiltyard,8,16
"MaA/Lance/Heater/FullPlate [ABFM, (SInd, RProw, NPie, NCun), Nimble, Temp, Recover 8, Serr]|M8",Man-at-Arms,Lance,Heater Shield,Full Plate,,False,25,"Nimble,ABF,Planishing,Immune Blocked,Recover 8,Serrated",700,,False,ABF|Animal Husbandry|Apothecary|Armory|Blacksmith|Carpentry|Coliseum|Conditioning Field|Forge|Furnace|Gilded Foundry|Herb Garden|Joinery|Master Workshop|Stable|Tannery,8,13
"MaA/Morningstar/Heater/Leather [ABFM, (SInd, RProw, NPie, NCun), Nimble, Temp, Recover 8, Serr]|M8",Man-at-Arms,Morningstar,Heater Shield,Leather,,False,25,"Nimble,ABF,Planishing,Immune Blocked,Recover 8,Serrated",700,,False,ABF|Animal Husbandry|Apothecary|Armory|Blacksmith|Carpentry|Coliseum|Conditioning Field|Forge|Furnace|Gilded Foundry|Herb Garden|Joinery|Master Workshop|Stable|Tannery,8,13
"MaA/ShortSword+Crossbow/Tower/Cloth (TY) [MiMiStM, (EInd, SProw, NPie, NCun), Florentine, ImmU, Nimble, Serr]|M8",Man-at-Arms,Short Sword,Tower Shield,Cloth,Crossbow,True,25,"Florentine,Improved Parry,+1TH,Crit 7,Immune Blocked,Parry,Immune Unwieldy,+1I,MaxInit3,Nimble,Seize: first,Serrated",1400,,False,Blacksmith|Carpentry|Coliseum|Conditioning Field|Fletchery|Forge|Furnace|Joinery|Master Workshop|Ministry of Military Strategy|Tiltyard|University|War College,8,16
"MaA/Cavalry Spear/Heater/Chain [ABFM, (SInd, EProw, NPie, NCun), Nimble, Temp, Riposte, Serr]|M8",Man-at-Arms,Cavalry Spear,Heater Shield,Chainmail,,False,25,"ABF,Improved Parry,Planishing,Immune Blocked,Parry,Riposte,Nimble,Serrated",200,,False,ABF|Animal Husbandry|Armory|Blacksmith|Butchery|Carpentry|Coliseum|Conditioning Field|Furnace|Gilded Foundry|Grand Tournament|Joinery|Master Workshop|Stable|Tannery,8,16
"MaA/Halberd+Arquebus/Leather (TY) [ABFM, (SInd, EProw, NPie, NCun), Florentine, ImmU, Nimble, Temp, Serr]|M8",Man-at-Arms,Halberd,,Leather,Arquebus,True,25,"Florentine,ABF,Planishing,Immune Blocked,Parry,Immune Unwieldy,Nimble,Serrated",700,,False,ABF|Animal Husbandry|Armory|Blacksmith|Carpentry|Coliseum|Conditioning Field|Fletchery|Forge|Furnace|Gilded Foundry|Master Workshop|Stable|Tannery|Tiltyard,8,16
"MaA/FarmTools/FullPlate [RoPaI, (EInd, SProw, EPie, NCun), Enduring, Nimble, Temp, Rec 6, Recover 7, Recover 8, Shake+1]|M8",Man-at-Arms,Farm Tools,,Full Plate,,False,25,"Immune Strain,Recover 6,Shake +1,Planishing,Immune Blocked,Parry,Enduring,Nimble,Recover 7,Recover 8",800,,False,Alchemy|Animal Husbandry|Apothecary|Armory|Blacksmith|Butchery|Coliseum|Conditioning Field|Furnace|Gilded Foundry|Herb Garden|Hospitaller|Infirmary|Royal Pavilion|Smokehouse|Tannery,8,22
"MaA/Estoc+Arquebus/Heater/Chain (TY) [ABFM, (SInd, EProw, NPie, NCun), Florentine, ImmU, Nimble, Temp, Serr]|M8",Man-at-Arms,Estoc,Heater Shield,Chainmail,Arquebus,True,25,"Florentine,ABF,Planishing,Immune Blocked,Parry,Immune Unwieldy,Nimble,Serrated",500,,False,ABF|Animal Husbandry|Armory|Blacksmith|Carpentry|Coliseum|Conditioning Field|Fletchery|Forge|Furnace|Gilded Foundry|Joinery|Master Workshop|Stable|Tannery|Tiltyard,8,16
"Sgt/FarmTools/Cloth [(NInd, EProw, NPie, NCun), Nimble, Riposte]|M3",Sergeant,Farm Tools,,Cloth,,False,25,"Nimble,Parry,Improved Parry,Immune Blocked,Riposte",1800,,False,Academy|Coliseum|Conditioning Field|Grand Tournament|Levy Hall|War College,3,6
"Sgt/FarmTools/Cloth [(NInd, EProw, NPie, NCun), Nimble]|M3",Sergeant,Farm Tools,,Cloth,,False,25,"Immune Blocked,Nimble,Parry",1800,,False,Academy|Conditioning Field|Levy Hall|War College,3,6
"Sgt/FarmTools/Cloth [MiMiStM, (NInd, SProw, NPie, NCun)]|M3",Sergeant,Farm Tools,,Cloth,,False,25,"Improved Parry,+1TH,Crit 7,Immune Blocked,Parry,+1I,MaxInit3,Seize: first",1800,,False,Academy|Levy Hall|Ministry of Military Strategy|University|War College,3,10
"Sgt/Cudgel/Cloth [(NInd, EProw, NPie, NCun), Nimble]|M3",Sergeant,Cudgel,,Cloth,,False,25,"Immune Blocked,Nimble,Parry",1800,,False,Academy|Conditioning Field|Levy Hall|War College,3,6
"Sgt/Pitchfork/Cloth [(NInd, EProw, NPie, NCun), Nimble]|M3",Sergeant,Pitchfork,,Cloth,,False,25,"Immune Blocked,Nimble,Parry",1800,,False,Academy|Conditioning Field|Levy Hall|War College,3,6
"Sgt/Pitchfork/Cloth [MiMiStM, (NInd, SProw, NPie, NCun)]|M3",Sergeant,Pitchfork,,Cloth,,False,25,"Improved Parry,+1TH,Crit 7,Immune Blocked,Parry,+1I,MaxInit3,Seize: first",1800,,False,Academy|Levy Hall|Ministry of Military Strategy|University|War College,3,10
"Sgt/Pitchfork/Cloth [(NInd, EProw, NPie, NCun), Nimble, Riposte]|M3",Sergeant,Pitchfork,,Cloth,,False,25,"Nimble,Parry,Improved Parry,Immune Blocked,Riposte",1800,,False,Academy|Coliseum|Conditioning Field|Grand Tournament|Levy Hall|War College,3,6
"Sgt/FarmTools/Cloth [(NInd, EProw, NPie, RCun), Nimble, Poison, Riposte]|M4",Sergeant,Farm Tools,,Cloth,,False,25,"Nimble,Parry,Improved Parry,Immune Blocked,Riposte,Poison",1700,,False,Academy|Alchemy|Coliseum|Conditioning Field|Grand Tournament|Levy Hall|Toxicarium|War College,4,9
"Sgt/FarmTools/Cloth [(NInd, EProw, NPie, NCun), Nimble]|M4",Sergeant,Farm Tools,,Cloth,,False,25,"Immune Blocked,Nimble,Parry",1800,,False,Academy|Conditioning Field|Levy Hall|Stable|War College,4,6
"Sgt/FarmTools/Cloth [MiMiStM, (NInd, SProw, NPie, NCun)]|M4",Sergeant,Farm Tools,,Cloth,,False,25,"Improved Parry,+1TH,Crit 7,Immune Blocked,Parry,+1I,MaxInit3,Seize: first",1800,,False,Academy|Levy Hall|Ministry of Military Strategy|Stable|University|War College,4,10
"Sgt/FarmTools/Buckler/Cloth [(RInd, EProw, NPie, NCun), Nimble]|M4",Sergeant,Farm Tools,Buckler Shield,Cloth,,False,25,"Immune Blocked,Nimble,Parry",1600,,False,Academy|Carpentry|Conditioning Field|Joinery|Levy Hall|War College,4,9
"Sgt/FarmTools/Buckler/Cloth [MiMiStM, (RInd, SProw, NPie, NCun)]|M4",Sergeant,Farm Tools,Buckler Shield,Cloth,,False,25,"Improved Parry,+1TH,Crit 7,Immune Blocked,Parry,+1I,MaxInit3,Seize: first",1600,,False,Academy|Carpentry|Joinery|Levy Hall|Ministry of Military Strategy|University|War College,4,13
"Sgt/FarmTools/Leather [(NInd, EProw, NPie, NCun), Nimble]|M4",Sergeant,Farm Tools,,Leather,,False,25,"Immune Blocked,Nimble,Parry",1600,,False,Academy|Animal Husbandry|Conditioning Field|Levy Hall|Tannery|War College,4,6
"Sgt/Cudgel/Cloth [(NInd, EProw, NPie, NCun), Nimble]|M4",Sergeant,Cudgel,,Cloth,,False,25,"Immune Blocked,Nimble,Parry",1800,,False,Academy|Conditioning Field|Levy Hall|Stable|War College,4,6
"Sgt/Cudgel/Cloth [(NInd, EProw, NPie, RCun), Nimble, Poison]|M4",Sergeant,Cudgel,,Cloth,,False,25,"Immune Blocked,Nimble,Parry,Poison",1700,,False,Academy|Alchemy|Conditioning Field|Levy Hall|Toxicarium|War College,4,9
"Sgt/Cudgel/Leather [(NInd, EProw, NPie, NCun), Nimble]|M4",Sergeant,Cudgel,,Leather,,False,25,"Immune Blocked,Nimble,Parry",1600,,False,Academy|Animal Husbandry|Conditioning Field|Levy Hall|Tannery|War College,4,6
"Sgt/Cudgel/Leather [MiMiStM, (NInd, SProw, NPie, NCun)]|M4",Sergeant,Cudgel,,Leather,,False,25,"Improved Parry,+1TH,Crit 7,Immune Blocked,Parry,+1I,MaxInit3,Seize: first",1600,,False,Academy|Animal Husbandry|Levy Hall|Ministry of Military Strategy|Tannery|University|War College,4,10
"Sgt/Pitchfork/Cloth [(NInd, EProw, NPie, NCun), Nimble]|M4",Sergeant,Pitchfork,,Cloth,,False,25,"Immune Blocked,Nimble,Parry",1800,,False,Academy|Conditioning Field|Levy Hall|Stable|War College,4,6
"Sgt/Pitchfork/Cloth [MiMiStM, (NInd, SProw, NPie, RCun), Poison]|M4",Sergeant,Pitchfork,,Cloth,,False,25,"Improved Parry,+1TH,Crit 7,Immune Blocked,Parry,+1I,MaxInit3,Seize: first,Poison",1700,,False,Academy|Alchemy|Levy Hall|Ministry of Military Strategy|Toxicarium|University|War College,4,13
"Sgt/Pitchfork/Cloth [(NInd, EProw, NPie, NCun), Nimble, Riposte]|M4",Sergeant,Pitchfork,,Cloth,,False,25,"Nimble,Parry,Improved Parry,Immune Blocked,Riposte",1800,,False,Academy|Coliseum|Conditioning Field|Grand Tournament|Levy Hall|Stable|War College,4,6
"Sgt/Pitchfork/Leather [(NInd, EProw, NPie, NCun), Nimble]|M4",Sergeant,Pitchfork,,Leather,,False,25,"Immune Blocked,Nimble,Parry",1600,,False,Academy|Animal Husbandry|Conditioning Field|Levy Hall|Tannery|War College,4,6
"Sgt/Daggers/Cloth [MiMiStM, (NInd, SProw, NPie, NCun)]|M4",Sergeant,Daggers,,Cloth,,False,25,"Improved Parry,+1TH,Crit 7,Immune Blocked,Parry,+1I,MaxInit3,Seize: first",1800,,False,Academy|Furnace|Levy Hall|Ministry of Military Strategy|University|War College,4,10
"Sgt/Daggers/Cloth [(NInd, EProw, NPie, NCun), Nimble]|M4",Sergeant,Daggers,,Cloth,,False,25,"Immune Blocked,Nimble,Parry",1800,,False,Academy|Conditioning Field|Furnace|Levy Hall|War College,4,6
"Sgt/Pike/Cloth [(RInd, EProw, NPie, NCun), Nimble]|M4",Sergeant,Pike,,Cloth,,False,25,"Immune Blocked,Nimble,Parry",1800,,False,Academy|Blacksmith|Conditioning Field|Furnace|Levy Hall|War College,4,9
"Sgt/Pike/Cloth [PrI, (RInd, EProw, SPie, NCun), Shake+1]|M4",Sergeant,Pike,,Cloth,,False,25,"Immune Blocked,Parry,Resolute,Shake +1",1800,,False,Academy|Blacksmith|Furnace|Levy Hall|Preceptory|War College,4,19
"Sgt/Halberd/Cloth [(RInd, EProw, NPie, NCun), Nimble]|M4",Sergeant,Halberd,,Cloth,,False,25,"Immune Blocked,Nimble,Parry",1800,,False,Academy|Blacksmith|Conditioning Field|Furnace|Levy Hall|War College,4,9
"Sgt/BattleAxe/Cloth [(RInd, EProw, NPie, NCun), Nimble]|M4",Sergeant,Battle Axe,,Cloth,,False,25,"Immune Blocked,Nimble,Parry",1800,,False,Academy|Blacksmith|Conditioning Field|Furnace|Levy Hall|War College,4,9
"Sgt/BattleAxe/Cloth [(RInd, EProw, NPie, NCun), Nimble, Riposte]|M4",Sergeant,Battle Axe,,Cloth,,False,25,"Nimble,Parry,Improved Parry,Immune Blocked,Riposte",1800,,False,Academy|Blacksmith|Coliseum|Conditioning Field|Furnace|Grand Tournament|Levy Hall|War College,4,9
"Sgt/2HBastard/Cloth [(EInd, EProw, NPie, NCun), Nimble]|M4",Sergeant,2HBastard,,Cloth,,False,25,"Immune Blocked,Nimble,Parry",1800,,False,Academy|Blacksmith|Conditioning Field|Forge|Furnace|Levy Hall|War College,4,12
"Sgt/2HBastard/Cloth [MiMiStM, (EInd, SProw, NPie, NCun)]|M4",Sergeant,2HBastard,,Cloth,,False,25,"Improved Parry,+1TH,Crit 7,Immune Blocked,Parry,+1I,MaxInit3,Seize: first",1800,,False,Academy|Blacksmith|Forge|Furnace|Levy Hall|Ministry of Military Strategy|University|War College,4,16
"Sgt/WarHammer/Cloth [(EInd, EProw, NPie, NCun), Nimble]|M4",Sergeant,War Hammer,,Cloth,,False,25,"Immune Blocked,Nimble,Parry",1800,,False,Academy|Blacksmith|Conditioning Field|Forge|Furnace|Levy Hall|War College,4,12
"Sgt/FarmTools/Cloth [(NInd, EProw, NPie, NCun), Nimble, Recover 8, Riposte]|M5",Sergeant,Farm Tools,,Cloth,,False,25,"Nimble,Parry,Improved Parry,Immune Blocked,Riposte,Recover 8",1800,,False,Academy|Apothecary|Coliseum|Conditioning Field|Grand Tournament|Herb Garden|Levy Hall|War College,5,6
"Sgt/FarmTools/Cloth [(NInd, EProw, NPie, NCun), Nimble, Recover 8]|M5",Sergeant,Farm Tools,,Cloth,,False,25,"Immune Blocked,Nimble,Parry,Recover 8",1800,,False,Academy|Apothecary|Conditioning Field|Herb Garden|Levy Hall|War College,5,6
"Sgt/FarmTools/Cloth [MiMiStM, (NInd, SProw, NPie, NCun), Recover 8]|M5",Sergeant,Farm Tools,,Cloth,,False,25,"Improved Parry,+1TH,Crit 7,Immune Blocked,Parry,+1I,MaxInit3,Seize: first,Recover 8",1800,,False,Academy|Apothecary|Herb Garden|Levy Hall|Ministry of Military Strategy|University|War College,5,10
"Sgt/FarmTools/Buckler/Cloth [(RInd, EProw, NPie, NCun), Nimble]|M5",Sergeant,Farm Tools,Buckler Shield,Cloth,,False,25,"Immune Blocked,Nimble,Parry",1600,,False,Academy|Carpentry|Conditioning Field|Joinery|Levy Hall|Stable|War College,5,9
"Sgt/FarmTools/Buckler/Cloth [MiMiStM, (RInd, SProw, NPie, RCun), Poison]|M5",Sergeant,Farm Tools,Buckler Shield,Cloth,,False,25,"Improved Parry,+1TH,Crit 7,Immune Blocked,Parry,+1I,MaxInit3,Seize: first,Poison",1500,,False,Academy|Alchemy|Carpentry|Joinery|Levy Hall|Ministry of Military Strategy|Toxicarium|University|War College,5,16
"Sgt/FarmTools/Targe/Cloth [(RInd, EProw, NPie, NCun), Nimble]|M5",Sergeant,Farm Tools,Targe Shield,Cloth,,False,25,"Immune Blocked,Nimble,Parry",1600,,False,Academy|Blacksmith|Carpentry|Conditioning Field|Furnace|Joinery|Levy Hall|War College,5,9
"Sgt/FarmTools/Tower/Cloth [(EInd, EProw, NPie, NCun), Nimble]|M5",Sergeant,Farm Tools,Tower Shield,Cloth,,False,25,"Immune Blocked,Nimble,Parry",1600,,False,Academy|Blacksmith|Carpentry|Conditioning Field|Forge|Furnace|Joinery|Levy Hall|War College,5,12
"Sgt/FarmTools/Leather [(NInd, EProw, NPie, RCun), Nimble, Poison]|M5",Sergeant,Farm Tools,,Leather,,False,25,"Immune Blocked,Nimble,Parry,Poison",1500,,False,Academy|Alchemy|Animal Husbandry|Conditioning Field|Levy Hall|Tannery|Toxicarium|War College,5,9
"Sgt/FarmTools/Leather [(NInd, EProw, NPie, NCun), Nimble]|M5",Sergeant,Farm Tools,,Leather,,False,25,"Immune Blocked,Nimble,Parry",800,,False,Academy|Animal Husbandry|Butchery|Conditioning Field|Levy Hall|Tannery|War College,5,6
"Sgt/FarmTools/Buckler/Leather [(RInd, EProw, NPie, NCun), Nimble]|M5",Sergeant,Farm Tools,Buckler Shield,Leather,,False,25,"Immune Blocked,Nimble,Parry",1400,,False,Academy|Animal Husbandry|Carpentry|Conditioning Field|Joinery|Levy Hall|Tannery|War College,5,9
"Sgt/FarmTools/Chain [(RInd, EProw, NPie, NCun), Nimble]|M5",Sergeant,Farm Tools,,Chainmail,,False,25,"Immune Blocked,Nimble,Parry",1400,,False,Academy|Animal Husbandry|Armory|Blacksmith|Conditioning Field|Furnace|Levy Hall|Tannery|War College,5,9
"Sgt/FarmTools/FullPlate [MiMiStM, (EInd, SProw, NPie, NCun), Temp]|M5",Sergeant,Farm Tools,,Full Plate,,False,25,"Improved Parry,Planishing,+1TH,Crit 7,Immune Blocked,Parry,+1I,MaxInit3,Seize: first",1400,,False,Academy|Animal Husbandry|Armory|Blacksmith|Furnace|Gilded Foundry|Levy Hall|Ministry of Military Strategy|Tannery|University|War College,5,16
"Sgt/FarmTools/FullPlate [(EInd, EProw, NPie, NCun), Nimble, Temp]|M5",Sergeant,Farm Tools,,Full Plate,,False,25,"Immune Blocked,Nimble,Parry,Planishing",1400,,False,Academy|Animal Husbandry|Armory|Blacksmith|Conditioning Field|Furnace|Gilded Foundry|Levy Hall|Tannery|War College,5,12
"Sgt/Cudgel/Cloth [(NInd, EProw, NPie, NCun), Nimble, Recover 8]|M5",Sergeant,Cudgel,,Cloth,,False,25,"Immune Blocked,Nimble,Parry,Recover 8",1800,,False,Academy|Apothecary|Conditioning Field|Herb Garden|Levy Hall|War College,5,6
"Sgt/Cudgel/Leather [(NInd, EProw, NPie, NCun), Nimble]|M5",Sergeant,Cudgel,,Leather,,False,25,"Immune Blocked,Nimble,Parry",1600,,False,Academy|Animal Husbandry|Conditioning Field|Levy Hall|Stable|Tannery|War College,5,6
"Sgt/Cudgel/Leather [MiMiStM, (NInd, SProw, NPie, NCun)]|M5",Sergeant,Cudgel,,Leather,,False,25,"Improved Parry,+1TH,Crit 7,Immune Blocked,Parry,+1I,MaxInit3,Seize: first",800,,False,Academy|Animal Husbandry|Butchery|Levy Hall|Ministry of Military Strategy|Tannery|University|War College,5,10
"Sgt/Cudgel/Chain [MiMiStM, (RInd, SProw, NPie, NCun)]|M5",Sergeant,Cudgel,,Chainmail,,False,25,"Improved Parry,+1TH,Crit 7,Immune Blocked,Parry,+1I,MaxInit3,Seize: first",1400,,False,Academy|Animal Husbandry|Armory|Blacksmith|Furnace|Levy Hall|Ministry of Military Strategy|Tannery|University|War College,5,13
"Sgt/Cudgel/Chain [(RInd, EProw, NPie, NCun), Nimble]|M5",Sergeant,Cudgel,,Chainmail,,False,25,"Immune Blocked,Nimble,Parry",1400,,False,Academy|Animal Husbandry|Armory|Blacksmith|Conditioning Field|Furnace|Levy Hall|Tannery|War College,5,9
"Sgt/Cudgel/Chain [(RInd, EProw, NPie, NCun), Nimble, Riposte]|M5",Sergeant,Cudgel,,Chainmail,,False,25,"Nimble,Parry,Improved Parry,Immune Blocked,Riposte",1400,,False,Academy|Animal Husbandry|Armory|Blacksmith|Coliseum|Conditioning Field|Furnace|Grand Tournament|Levy Hall|Tannery|War College,5,9
"Sgt/Cudgel/FullPlate [(EInd, EProw, NPie, NCun), Nimble, Temp]|M5",Sergeant,Cudgel,,Full Plate,,False,25,"Immune Blocked,Nimble,Parry,Planishing",1400,,False,Academy|Animal Husbandry|Armory|Blacksmith|Conditioning Field|Furnace|Gilded Foundry|Levy Hall|Tannery|War College,5,12
"Sgt/Pitchfork/Cloth [(NInd, EProw, NPie, NCun), Nimble, Recover 8]|M5",Sergeant,Pitchfork,,Cloth,,False,25,"Immune Blocked,Nimble,Parry,Recover 8",1800,,False,Academy|Apothecary|Conditioning Field|Herb Garden|Levy Hall|War College,5,6
"Sgt/Pitchfork/Cloth [MiMiStM, (NInd, SProw, NPie, NCun), Recover 8]|M5",Sergeant,Pitchfork,,Cloth,,False,25,"Improved Parry,+1TH,Crit 7,Immune Blocked,Parry,+1I,MaxInit3,Seize: first,Recover 8",1800,,False,Academy|Apothecary|Herb Garden|Levy Hall|Ministry of Military Strategy|University|War College,5,10
"Sgt/Pitchfork/Cloth [(NInd, EProw, NPie, NCun), Nimble, Recover 8, Riposte]|M5",Sergeant,Pitchfork,,Cloth,,False,25,"Nimble,Parry,Improved Parry,Immune Blocked,Riposte,Recover 8",1800,,False,Academy|Apothecary|Coliseum|Conditioning Field|Grand Tournament|Herb Garden|Levy Hall|War College,5,6
"Sgt/Pitchfork/Leather [(NInd, EProw, NPie, NCun), Nimble]|M5",Sergeant,Pitchfork,,Leather,,False,25,"Immune Blocked,Nimble,Parry",1600,,False,Academy|Animal Husbandry|Conditioning Field|Levy Hall|Stable|Tannery|War College,5,6
"Sgt/Pitchfork/Leather [(NInd, EProw, NPie, RCun), Nimble, Poison]|M5",Sergeant,Pitchfork,,Leather,,False,25,"Immune Blocked,Nimble,Parry,Poison",1500,,False,Academy|Alchemy|Animal Husbandry|Conditioning Field|Levy Hall|Tannery|Toxicarium|War College,5,9
"Sgt/Pitchfork/Chain [(RInd, EProw, NPie, NCun), Nimble]|M5",Sergeant,Pitchfork,,Chainmail,,False,25,"Immune Blocked,Nimble,Parry",1400,,False,Academy|Animal Husbandry|Armory|Blacksmith|Conditioning Field|Furnace|Levy Hall|Tannery|War College,5,9
"Sgt/Pitchfork/FullPlate [(EInd, EProw, NPie, NCun), Nimble, Temp]|M5",Sergeant,Pitchfork,,Full Plate,,False,25,"Immune Blocked,Nimble,Parry,Planishing",1400,,False,Academy|Animal Husbandry|Armory|Blacksmith|Conditioning Field|Furnace|Gilded Foundry|Levy Hall|Tannery|War College,5,12
"Sgt/Daggers/Cloth [MiMiStM, (NInd, SProw, NPie, RCun), Poison]|M5",Sergeant,Daggers,,Cloth,,False,25,"Improved Parry,+1TH,Crit 7,Immune Blocked,Parry,+1I,MaxInit3,Seize: first,Poison",1700,,False,Academy|Alchemy|Furnace|Levy Hall|Ministry of Military Strategy|Toxicarium|University|War College,5,13
"Sgt/Daggers/Cloth [RoPaM, (NInd, SProw, NPie, NCun), Improved Parry]|M5",Sergeant,Daggers,,Cloth,,False,25,"Immune Strain,Drilled,Improved Parry,Parry,Immune Blocked",1800,,False,Academy|Furnace|Grand Tournament|Levy Hall|Royal Pavilion|Tiltyard|War College,5,10
"Sgt/Daggers/Cloth [(EInd, EProw, NPie, NCun), Nimble, Serr]|M5",Sergeant,Daggers,,Cloth,,False,25,"Immune Blocked,Nimble,Parry,Serrated",1600,,False,Academy|Blacksmith|Conditioning Field|Furnace|Levy Hall|Master Workshop|War College,5,12
"Sgt/Daggers/Leather [(NInd, EProw, NPie, NCun), Nimble]|M5",Sergeant,Daggers,,Leather,,False,25,"Immune Blocked,Nimble,Parry",1600,,False,Academy|Animal Husbandry|Conditioning Field|Furnace|Levy Hall|Tannery|War College,5,6
"Sgt/Daggers/Chain [(RInd, EProw, NPie, NCun), Nimble]|M5",Sergeant,Daggers,,Chainmail,,False,25,"Immune Blocked,Nimble,Parry",1400,,False,Academy|Animal Husbandry|Armory|Blacksmith|Conditioning Field|Furnace|Levy Hall|Tannery|War College,5,9
"Sgt/Daggers/FullPlate [(EInd, EProw, NPie, NCun), Nimble, Temp]|M5",Sergeant,Daggers,,Full Plate,,False,25,"Immune Blocked,Nimble,Parry,Planishing",1400,,False,Academy|Animal Husbandry|Armory|Blacksmith|Conditioning Field|Furnace|Gilded Foundry|Levy Hall|Tannery|War College,5,12
"Sgt/ShortSword/Targe/Cloth [(RInd, EProw, NPie, NCun), Nimble]|M5",Sergeant,Short Sword,Targe Shield,Cloth,,False,25,"Immune Blocked,Nimble,Parry",1600,,False,Academy|Blacksmith|Carpentry|Conditioning Field|Furnace|Joinery|Levy Hall|War College,5,9
"Sgt/ShortSword/Tower/Cloth [(EInd, EProw, NPie, NCun), Nimble]|M5",Sergeant,Short Sword,Tower Shield,Cloth,,False,25,"Immune Blocked,Nimble,Parry",1600,,False,Academy|Blacksmith|Carpentry|Conditioning Field|Forge|Furnace|Joinery|Levy Hall|War College,5,12
"Sgt/ShortSword/Tower/Cloth [(EInd, EProw, NPie, NCun), Nimble, Riposte]|M5",Sergeant,Short Sword,Tower Shield,Cloth,,False,25,"Nimble,Parry,Improved Parry,Immune Blocked,Riposte",1600,,False,Academy|Blacksmith|Carpentry|Coliseum|Conditioning Field|Forge|Furnace|Grand Tournament|Joinery|Levy Hall|War College,5,12
"Sgt/Spears/Targe/Cloth [OuInPoI, (RInd, EProw, NPie, SCun)]|M5",Sergeant,Spears,Targe Shield,Cloth,,False,25,"confers:Blocked,confers:Strain,Parry,Immune Blocked,Outrider: once",1600,,False,Academy|Blacksmith|Carpentry|Furnace|Joinery|Levy Hall|Outrider Intercept Post|War College,5,19
"Sgt/Spears/Targe/Cloth [(RInd, EProw, NPie, NCun), Nimble]|M5",Sergeant,Spears,Targe Shield,Cloth,,False,25,"Immune Blocked,Nimble,Parry",1600,,False,Academy|Blacksmith|Carpentry|Conditioning Field|Furnace|Joinery|Levy Hall|War College,5,9
"Sgt/Spears/Tower/Cloth [(EInd, EProw, NPie, NCun), Nimble]|M5",Sergeant,Spears,Tower Shield,Cloth,,False,25,"Immune Blocked,Nimble,Parry",1600,,False,Academy|Blacksmith|Carpentry|Conditioning Field|Forge|Furnace|Joinery|Levy Hall|War College,5,12
"Sgt/Spears/Tower/Cloth [MiMiStI, (EInd, SProw, NPie, NCun)]|M5",Sergeant,Spears,Tower Shield,Cloth,,False,25,"MaxInit3,Seize: first,Parry,+1I,Immune Blocked",1600,,False,Academy|Blacksmith|Carpentry|Forge|Furnace|Joinery|Levy Hall|Ministry of Military Strategy|War College,5,16
"Sgt/Arming/Tower/Cloth [(EInd, EProw, NPie, NCun), Nimble]|M5",Sergeant,Arming Sword,Tower Shield,Cloth,,False,25,"Immune Blocked,Nimble,Parry",1600,,False,Academy|Blacksmith|Carpentry|Conditioning Field|Forge|Furnace|Joinery|Levy Hall|War College,5,12
"Sgt/Pike/Cloth [(RInd, EProw, NPie, NCun), Nimble]|M5",Sergeant,Pike,,Cloth,,False,25,"Immune Blocked,Nimble,Parry",1800,,False,Academy|Blacksmith|Conditioning Field|Furnace|Levy Hall|Stable|War College,5,9
"Sgt/Pike/Cloth [(EInd, EProw, NPie, NCun), Nimble, Serr]|M5",Sergeant,Pike,,Cloth,,False,25,"Immune Blocked,Nimble,Parry,Serrated",1600,,False,Academy|Blacksmith|Conditioning Field|Furnace|Levy Hall|Master Workshop|War College,5,12
"Sgt/Pike/Cloth [PrI, (EInd, EProw, SPie, NCun), Serr, Shake+1]|M5",Sergeant,Pike,,Cloth,,False,25,"Parry,Shake +1,Immune Blocked,Resolute,Serrated",1600,,False,Academy|Blacksmith|Furnace|Levy Hall|Master Workshop|Preceptory|War College,5,22
"Sgt/Pike/Leather [(RInd, EProw, NPie, NCun), Nimble]|M5",Sergeant,Pike,,Leather,,False,25,"Immune Blocked,Nimble,Parry",1600,,False,Academy|Animal Husbandry|Blacksmith|Conditioning Field|Furnace|Levy Hall|Tannery|War College,5,9
"Sgt/Pike/Chain [(RInd, EProw, NPie, NCun), Nimble]|M5",Sergeant,Pike,,Chainmail,,False,25,"Immune Blocked,Nimble,Parry",1400,,False,Academy|Animal Husbandry|Armory|Blacksmith|Conditioning Field|Furnace|Levy Hall|Tannery|War College,5,9
"Sgt/Pike/FullPlate [(EInd, EProw, NPie, NCun), Nimble, Temp]|M5",Sergeant,Pike,,Full Plate,,False,25,"Immune Blocked,Nimble,Parry,Planishing",1400,,False,Academy|Animal Husbandry|Armory|Blacksmith|Conditioning Field|Furnace|Gilded Foundry|Levy Hall|Tannery|War College,5,12
"Sgt/Flail/Tower/Cloth [(EInd, EProw, NPie, NCun), Nimble]|M5",Sergeant,Flail,Tower Shield,Cloth,,False,25,"Immune Blocked,Nimble,Parry",1600,,False,Academy|Blacksmith|Carpentry|Conditioning Field|Forge|Furnace|Joinery|Levy Hall|War College,5,12
"Sgt/Halberd/Cloth [(EInd, EProw, NPie, NCun), Nimble, Serr]|M5",Sergeant,Halberd,,Cloth,,False,25,"Immune Blocked,Nimble,Parry,Serrated",1600,,False,Academy|Blacksmith|Conditioning Field|Furnace|Levy Hall|Master Workshop|War College,5,12
"Sgt/Halberd/Cloth [(RInd, EProw, NPie, NCun), Nimble]|M5",Sergeant,Halberd,,Cloth,,False,25,"Immune Blocked,Nimble,Parry",1800,,False,Academy|Blacksmith|Conditioning Field|Furnace|Levy Hall|Stable|War College,5,9
"Sgt/Halberd/Leather [(RInd, EProw, NPie, NCun), Nimble]|M5",Sergeant,Halberd,,Leather,,False,25,"Immune Blocked,Nimble,Parry",1600,,False,Academy|Animal Husbandry|Blacksmith|Conditioning Field|Furnace|Levy Hall|Tannery|War College,5,9
"Sgt/Halberd/Chain [(RInd, EProw, NPie, NCun), Nimble]|M5",Sergeant,Halberd,,Chainmail,,False,25,"Immune Blocked,Nimble,Parry",1400,,False,Academy|Animal Husbandry|Armory|Blacksmith|Conditioning Field|Furnace|Levy Hall|Tannery|War College,5,9
"Sgt/Halberd/FullPlate [(EInd, EProw, NPie, NCun), Nimble, Temp]|M5",Sergeant,Halberd,,Full Plate,,False,25,"Immune Blocked,Nimble,Parry,Planishing",1400,,False,Academy|Animal Husbandry|Armory|Blacksmith|Conditioning Field|Furnace|Gilded Foundry|Levy Hall|Tannery|War College,5,12
"Sgt/BattleAxe/Cloth [(RInd, EProw, NPie, RCun), Nimble, Poison]|M5",Sergeant,Battle Axe,,Cloth,,False,25,"Immune Blocked,Nimble,Parry,Poison",1700,,False,Academy|Alchemy|Blacksmith|Conditioning Field|Furnace|Levy Hall|Toxicarium|War College,5,12
"Sgt/BattleAxe/Cloth [(RInd, EProw, NPie, RCun), Nimble, Poison, Riposte]|M5",Sergeant,Battle Axe,,Cloth,,False,25,"Nimble,Parry,Improved Parry,Immune Blocked,Riposte,Poison",1700,,False,Academy|Alchemy|Blacksmith|Coliseum|Conditioning Field|Furnace|Grand Tournament|Levy Hall|Toxicarium|War College,5,12
"Sgt/BattleAxe/Leather [MiMiStI, (RInd, SProw, NPie, NCun)]|M5",Sergeant,Battle Axe,,Leather,,False,25,"MaxInit3,Seize: first,Parry,+1I,Immune Blocked",1600,,False,Academy|Animal Husbandry|Blacksmith|Furnace|Levy Hall|Ministry of Military Strategy|Tannery|War College,5,13
"Sgt/BattleAxe/Leather [(RInd, EProw, NPie, NCun), Nimble]|M5",Sergeant,Battle Axe,,Leather,,False,25,"Immune Blocked,Nimble,Parry",1600,,False,Academy|Animal Husbandry|Blacksmith|Conditioning Field|Furnace|Levy Hall|Tannery|War College,5,9
"Sgt/BattleAxe/Chain [(RInd, EProw, NPie, NCun), Nimble, Riposte]|M5",Sergeant,Battle Axe,,Chainmail,,False,25,"Nimble,Parry,Improved Parry,Immune Blocked,Riposte",1400,,False,Academy|Animal Husbandry|Armory|Blacksmith|Coliseum|Conditioning Field|Furnace|Grand Tournament|Levy Hall|Tannery|War College,5,9
"Sgt/BattleAxe/Chain [(RInd, EProw, NPie, NCun), Nimble]|M5",Sergeant,Battle Axe,,Chainmail,,False,25,"Immune Blocked,Nimble,Parry",1400,,False,Academy|Animal Husbandry|Armory|Blacksmith|Conditioning Field|Furnace|Levy Hall|Tannery|War College,5,9
"Sgt/BattleAxe/FullPlate [(EInd, EProw, NPie, NCun), Nimble, Temp]|M5",Sergeant,Battle Axe,,Full Plate,,False,25,"Immune Blocked,Nimble,Parry,Planishing",1400,,False,Academy|Animal Husbandry|Armory|Blacksmith|Conditioning Field|Furnace|Gilded Foundry|Levy Hall|Tannery|War College,5,12
"Sgt/BattleAxe/FullPlate [(EInd, EProw, NPie, NCun), Nimble, Temp, Riposte]|M5",Sergeant,Battle Axe,,Full Plate,,False,25,"Nimble,Parry,Improved Parry,Planishing,Immune Blocked,Riposte",1400,,False,Academy|Animal Husbandry|Armory|Blacksmith|Coliseum|Conditioning Field|Furnace|Gilded Foundry|Grand Tournament|Levy Hall|Tannery|War College,5,12
"Sgt/Cavalry Spear/Buckler/Cloth [(RInd, EProw, NPie, NCun), Nimble]|M5",Sergeant,Cavalry Spear,Buckler Shield,Cloth,,False,25,"Immune Blocked,Nimble,Parry",1600,,False,Academy|Blacksmith|Carpentry|Conditioning Field|Furnace|Joinery|Levy Hall|War College,5,9
"Sgt/Cavalry Spear/Buckler/Cloth [MiMiStM, (RInd, SProw, NPie, NCun)]|M5",Sergeant,Cavalry Spear,Buckler Shield,Cloth,,False,25,"Improved Parry,+1TH,Crit 7,Immune Blocked,Parry,+1I,MaxInit3,Seize: first",1600,,False,Academy|Blacksmith|Carpentry|Furnace|Joinery|Levy Hall|Ministry of Military Strategy|University|War College,5,13
"Sgt/Cavalry Spear/Targe/Cloth [(RInd, EProw, NPie, NCun), Nimble]|M5",Sergeant,Cavalry Spear,Targe Shield,Cloth,,False,25,"Immune Blocked,Nimble,Parry",1600,,False,Academy|Blacksmith|Carpentry|Conditioning Field|Furnace|Joinery|Levy Hall|War College,5,9
"Sgt/Morningstar/Tower/Cloth [(EInd, EProw, NPie, NCun), Nimble]|M5",Sergeant,Morningstar,Tower Shield,Cloth,,False,25,"Immune Blocked,Nimble,Parry",1600,,False,Academy|Blacksmith|Carpentry|Conditioning Field|Forge|Furnace|Joinery|Levy Hall|War College,5,12
"Sgt/Morningstar/Tower/Cloth [OuInPoI, (EInd, EProw, NPie, SCun)]|M5",Sergeant,Morningstar,Tower Shield,Cloth,,False,25,"confers:Blocked,confers:Strain,Parry,Immune Blocked,Outrider: once",1600,,False,Academy|Blacksmith|Carpentry|Forge|Furnace|Joinery|Levy Hall|Outrider Intercept Post|War College,5,22
"Sgt/Bastard/Tower/Cloth [(EInd, EProw, NPie, NCun), Nimble]|M5",Sergeant,Bastard Sword,Tower Shield,Cloth,,False,25,"Immune Blocked,Nimble,Parry",1600,,False,Academy|Blacksmith|Carpentry|Conditioning Field|Forge|Furnace|Joinery|Levy Hall|War College,5,12
"Sgt/2HBastard/Cloth [(EInd, EProw, NPie, RCun), Nimble, Poison]|M5",Sergeant,2HBastard,,Cloth,,False,25,"Immune Blocked,Nimble,Parry,Poison",1700,,False,Academy|Alchemy|Blacksmith|Conditioning Field|Forge|Furnace|Levy Hall|Toxicarium|War College,5,15
"Sgt/2HBastard/Cloth [(EInd, EProw, NPie, NCun), Nimble, Serr]|M5",Sergeant,2HBastard,,Cloth,,False,25,"Immune Blocked,Nimble,Parry,Serrated",1600,,False,Academy|Blacksmith|Conditioning Field|Forge|Furnace|Levy Hall|Master Workshop|War College,5,12
"Sgt/2HBastard/Cloth [MiMiStM, (EInd, SProw, NPie, RCun), Poison]|M5",Sergeant,2HBastard,,Cloth,,False,25,"Improved Parry,+1TH,Crit 7,Immune Blocked,Parry,+1I,MaxInit3,Seize: first,Poison",1700,,False,Academy|Alchemy|Blacksmith|Forge|Furnace|Levy Hall|Ministry of Military Strategy|Toxicarium|University|War College,5,19
"Sgt/2HBastard/Leather [(EInd, EProw, NPie, NCun), Nimble]|M5",Sergeant,2HBastard,,Leather,,False,25,"Immune Blocked,Nimble,Parry",1600,,False,Academy|Animal Husbandry|Blacksmith|Conditioning Field|Forge|Furnace|Levy Hall|Tannery|War College,5,12
"Sgt/2HBastard/Chain [(EInd, EProw, NPie, NCun), Nimble]|M5",Sergeant,2HBastard,,Chainmail,,False,25,"Immune Blocked,Nimble,Parry",1400,,False,Academy|Animal Husbandry|Armory|Blacksmith|Conditioning Field|Forge|Furnace|Levy Hall|Tannery|War College,5,12
"Sgt/2HBastard/FullPlate [(EInd, EProw, NPie, NCun), Nimble, Temp]|M5",Sergeant,2HBastard,,Full Plate,,False,25,"Immune Blocked,Nimble,Parry,Planishing",1400,,False,Academy|Animal Husbandry|Armory|Blacksmith|Conditioning Field|Forge|Furnace|Gilded Foundry|Levy Hall|Tannery|War College,5,12
"Sgt/WarHammer/Cloth [(EInd, EProw, NPie, RCun), Nimble, Poison]|M5",Sergeant,War Hammer,,Cloth,,False,25,"Immune Blocked,Nimble,Parry,Poison",1700,,False,Academy|Alchemy|Blacksmith|Conditioning Field|Forge|Furnace|Levy Hall|Toxicarium|War College,5,15
"Sgt/WarHammer/Cloth [(EInd, EProw, NPie, NCun), Nimble]|M5",Sergeant,War Hammer,,Cloth,,False,25,"Immune Blocked,Nimble,Parry",1800,,False,Academy|Blacksmith|Conditioning Field|Forge|Furnace|Levy Hall|Stable|War College,5,12
"Sgt/WarHammer/Cloth [(EInd, EProw, NPie, NCun), Nimble, Serr]|M5",Sergeant,War Hammer,,Cloth,,False,25,"Immune Blocked,Nimble,Parry,Serrated",1600,,False,Academy|Blacksmith|Conditioning Field|Forge|Furnace|Levy Hall|Master Workshop|War College,5,12
"Sgt/WarHammer/Leather [(EInd, EProw, NPie, NCun), Nimble]|M5",Sergeant,War Hammer,,Leather,,False,25,"Immune Blocked,Nimble,Parry",1600,,False,Academy|Animal Husbandry|Blacksmith|Conditioning Field|Forge|Furnace|Levy Hall|Tannery|War College,5,12
"Sgt/WarHammer/Leather [PrI, (EInd, EProw, SPie, NCun), Shake+1]|M5",Sergeant,War Hammer,,Leather,,False,25,"Immune Blocked,Parry,Resolute,Shake +1",1600,,False,Academy|Animal Husbandry|Blacksmith|Forge|Furnace|Levy Hall|Preceptory|Tannery|War College,5,22
"Sgt/WarHammer/Chain [(EInd, EProw, NPie, NCun), Nimble]|M5",Sergeant,War Hammer,,Chainmail,,False,25,"Immune Blocked,Nimble,Parry",1400,,False,Academy|Animal Husbandry|Armory|Blacksmith|Conditioning Field|Forge|Furnace|Levy Hall|Tannery|War College,5,12
"Sgt/WarHammer/Chain [OuInPoI, (EInd, EProw, NPie, SCun)]|M5",Sergeant,War Hammer,,Chainmail,,False,25,"confers:Blocked,confers:Strain,Parry,Immune Blocked,Outrider: once",1400,,False,Academy|Animal Husbandry|Armory|Blacksmith|Forge|Furnace|Levy Hall|Outrider Intercept Post|Tannery|War College,5,22
"Sgt/WarHammer/FullPlate [(EInd, EProw, NPie, NCun), Nimble, Temp, Riposte]|M5",Sergeant,War Hammer,,Full Plate,,False,25,"Nimble,Parry,Improved Parry,Planishing,Immune Blocked,Riposte",1400,,False,Academy|Animal Husbandry|Armory|Blacksmith|Coliseum|Conditioning Field|Forge|Furnace|Gilded Foundry|Grand Tournament|Levy Hall|Tannery|War College,5,12
"Sgt/WarHammer/FullPlate [(EInd, EProw, NPie, NCun), Nimble, Temp]|M5",Sergeant,War Hammer,,Full Plate,,False,25,"Immune Blocked,Nimble,Parry,Planishing",1400,,False,Academy|Animal Husbandry|Armory|Blacksmith|Conditioning Field|Forge|Furnace|Gilded Foundry|Levy Hall|Tannery|War College,5,12
"Sgt/Lance/Buckler/Cloth [(EInd, EProw, NPie, NCun), Nimble]|M5",Sergeant,Lance,Buckler Shield,Cloth,,False,25,"Immune Blocked,Nimble,Parry",1600,,False,Academy|Blacksmith|Carpentry|Conditioning Field|Forge|Furnace|Joinery|Levy Hall|War College,5,12
"Sgt/Lance/Targe/Cloth [(EInd, EProw, NPie, NCun), Nimble]|M5",Sergeant,Lance,Targe Shield,Cloth,,False,25,"Immune Blocked,Nimble,Parry",1600,,False,Academy|Blacksmith|Carpentry|Conditioning Field|Forge|Furnace|Joinery|Levy Hall|War College,5,12
"Sgt/ShortSword/Kite/Cloth [OuInPoI, (RInd, EProw, NPie, SCun)]|M6",Sergeant,Short Sword,Kite Shield,Cloth,,False,25,"confers:Blocked,confers:Strain,Parry,Immune Blocked,Outrider: once",1200,,False,Academy|Armory|Blacksmith|Carpentry|Furnace|Joinery|Levy Hall|Outrider Intercept Post|Tannery|War College,6,19
"Sgt/Spears/Kite/FullPlate [(EInd, EProw, NPie, NCun), Nimble, Temp, Riposte]|M6",Sergeant,Spears,Kite Shield,Full Plate,,False,25,"Nimble,Parry,Improved Parry,Planishing,Immune Blocked,Riposte",1200,,False,Academy|Animal Husbandry|Armory|Blacksmith|Carpentry|Coliseum|Conditioning Field|Furnace|Gilded Foundry|Grand Tournament|Joinery|Levy Hall|Tannery|War College,6,12
"Sgt/Cudgel/Leather [MiMiStM, (NInd, SProw, NPie, NCun), Recover 8]|M6",Sergeant,Cudgel,,Leather,,False,25,"Improved Parry,+1TH,Crit 7,Immune Blocked,Parry,+1I,MaxInit3,Seize: first,Recover 8",1600,,False,Academy|Animal Husbandry|Apothecary|Herb Garden|Levy Hall|Ministry of Military Strategy|Tannery|University|War College,6,10
"Sgt/ShortSword/Tower/Chain [RoPaI, (EInd, SProw, NPie, NCun)]|M6",Sergeant,Short Sword,Tower Shield,Chainmail,,False,25,"Immune Strain,Parry,Immune Blocked",1200,,False,Academy|Animal Husbandry|Armory|Blacksmith|Carpentry|Forge|Furnace|Joinery|Levy Hall|Royal Pavilion|Tannery|War College,6,16
"Sgt/Pitchfork/Cloth [(NInd, EProw, EPie, NCun), Enduring, Nimble, Rec 6, Recover 7, Recover 8, Riposte, Shake+1]|M6",Sergeant,Pitchfork,,Cloth,,False,25,"Recover 6,Improved Parry,Shake +1,Immune Blocked,Parry,Enduring,Riposte,Nimble,Recover 7,Recover 8",1700,,False,Academy|Alchemy|Apothecary|Coliseum|Conditioning Field|Grand Tournament|Herb Garden|Hospitaller|Infirmary|Levy Hall|Stable|War College,6,12
"Sgt/Pike/Cloth [PrI, (RInd, EProw, SPie, NCun), Recover 8, Shake+1]|M6",Sergeant,Pike,,Cloth,,False,25,"Parry,Shake +1,Immune Blocked,Resolute,Recover 8",1800,,False,Academy|Apothecary|Blacksmith|Furnace|Herb Garden|Levy Hall|Preceptory|War College,6,19
"Sgt/BattleAxe/FullPlate [(EInd, EProw, NPie, RCun), Nimble, Temp, Poison, Riposte]|M6",Sergeant,Battle Axe,,Full Plate,,False,25,"Nimble,Parry,Improved Parry,Planishing,Immune Blocked,Riposte,Poison",1300,,False,Academy|Alchemy|Animal Husbandry|Armory|Blacksmith|Coliseum|Conditioning Field|Furnace|Gilded Foundry|Grand Tournament|Levy Hall|Tannery|Toxicarium|War College,6,15
"Sgt/Cavalry Spear/Buckler/Cloth [(EInd, EProw, NPie, NCun), Nimble, Serr]|M6",Sergeant,Cavalry Spear,Buckler Shield,Cloth,,False,25,"Immune Blocked,Nimble,Parry,Serrated",1400,,False,Academy|Blacksmith|Carpentry|Conditioning Field|Furnace|Joinery|Levy Hall|Master Workshop|War College,6,12
"Sgt/Cudgel/Chain [(RInd, EProw, NPie, RCun), Nimble, Poison]|M6",Sergeant,Cudgel,,Chainmail,,False,25,"Immune Blocked,Nimble,Parry,Poison",1300,,False,Academy|Alchemy|Animal Husbandry|Armory|Blacksmith|Conditioning Field|Furnace|Levy Hall|Tannery|Toxicarium|War College,6,12
"Sgt/Cudgel/FullPlate [(EInd, EProw, NPie, NCun), Nimble, Temp, Serr]|M6",Sergeant,Cudgel,,Full Plate,,False,25,"Nimble,Parry,Planishing,Immune Blocked,Serrated",1200,,False,Academy|Animal Husbandry|Armory|Blacksmith|Conditioning Field|Furnace|Gilded Foundry|Levy Hall|Master Workshop|Tannery|War College,6,12
"Sgt/WarHammer/Chain [(EInd, EProw, NPie, RCun), Nimble, Poison]|M6",Sergeant,War Hammer,,Chainmail,,False,25,"Immune Blocked,Nimble,Parry,Poison",1300,,False,Academy|Alchemy|Animal Husbandry|Armory|Blacksmith|Conditioning Field|Forge|Furnace|Levy Hall|Tannery|Toxicarium|War College,6,15
"Sgt/Cavalry Spear/Buckler/Chain [(RInd, EProw, NPie, NCun), Nimble, Riposte]|M6",Sergeant,Cavalry Spear,Buckler Shield,Chainmail,,False,25,"Nimble,Parry,Improved Parry,Immune Blocked,Riposte",1200,,False,Academy|Animal Husbandry|Armory|Blacksmith|Carpentry|Coliseum|Conditioning Field|Furnace|Grand Tournament|Joinery|Levy Hall|Tannery|War College,6,9
"Sgt/Lance/Buckler/FullPlate [(EInd, EProw, NPie, NCun), Nimble, Temp]|M6",Sergeant,Lance,Buckler Shield,Full Plate,,False,25,"Immune Blocked,Nimble,Parry,Planishing",1200,,False,Academy|Animal Husbandry|Armory|Blacksmith|Carpentry|Conditioning Field|Forge|Furnace|Gilded Foundry|Joinery|Levy Hall|Tannery|War College,6,12
"Sgt/Morningstar/Tower/Chain [(EInd, EProw, NPie, NCun), Nimble]|M6",Sergeant,Morningstar,Tower Shield,Chainmail,,False,25,"Immune Blocked,Nimble,Parry",1200,,False,Academy|Animal Husbandry|Armory|Blacksmith|Carpentry|Conditioning Field|Forge|Furnace|Joinery|Levy Hall|Tannery|War College,6,12
"Sgt/Flail/Tower/Cloth [(EInd, EProw, NPie, NCun), Nimble, Serr]|M6",Sergeant,Flail,Tower Shield,Cloth,,False,25,"Immune Blocked,Nimble,Parry,Serrated",1400,,False,Academy|Blacksmith|Carpentry|Conditioning Field|Forge|Furnace|Joinery|Levy Hall|Master Workshop|War College,6,12
"Sgt/WarHammer/Leather [PrI, (EInd, EProw, SPie, NCun), Shake+1]|M6",Sergeant,War Hammer,,Leather,,False,25,"Immune Blocked,Parry,Resolute,Shake +1",1600,,False,Academy|Animal Husbandry|Blacksmith|Forge|Furnace|Levy Hall|Preceptory|Stable|Tannery|War College,6,22
"Sgt/FarmTools/Leather [(NInd, EProw, NPie, NCun), Nimble, Recover 8]|M6",Sergeant,Farm Tools,,Leather,,False,25,"Immune Blocked,Nimble,Parry,Recover 8",1600,,False,Academy|Animal Husbandry|Apothecary|Conditioning Field|Herb Garden|Levy Hall|Tannery|War College,6,6
"Sgt/Lance/Kite/FullPlate [OuInPoI, (EInd, EProw, NPie, SCun), Temp]|M6",Sergeant,Lance,Kite Shield,Full Plate,,False,25,"confers:Blocked,confers:Strain,Parry,Planishing,Immune Blocked,Outrider: once",1200,,False,Academy|Animal Husbandry|Armory|Blacksmith|Carpentry|Forge|Furnace|Gilded Foundry|Joinery|Levy Hall|Outrider Intercept Post|Tannery|War College,6,22
"Sgt/Cavalry Spear/Kite/Cloth [(RInd, EProw, NPie, NCun), Nimble]|M6",Sergeant,Cavalry Spear,Kite Shield,Cloth,,False,25,"Immune Blocked,Nimble,Parry",1200,,False,Academy|Armory|Blacksmith|Carpentry|Conditioning Field|Furnace|Joinery|Levy Hall|Tannery|War College,6,9
"Sgt/BattleAxe/FullPlate [(EInd, EProw, NPie, RCun), Nimble, Temp, Poison]|M6",Sergeant,Battle Axe,,Full Plate,,False,25,"Nimble,Parry,Planishing,Immune Blocked,Poison",1300,,False,Academy|Alchemy|Animal Husbandry|Armory|Blacksmith|Conditioning Field|Furnace|Gilded Foundry|Levy Hall|Tannery|Toxicarium|War College,6,15
"Sgt/Daggers/Chain [(EInd, EProw, NPie, NCun), Nimble, Serr]|M6",Sergeant,Daggers,,Chainmail,,False,25,"Immune Blocked,Nimble,Parry,Serrated",1200,,False,Academy|Animal Husbandry|Armory|Blacksmith|Conditioning Field|Furnace|Levy Hall|Master Workshop|Tannery|War College,6,12
"Sgt/FarmTools/Targe/Cloth [(EInd, EProw, NPie, NCun), Nimble, Serr]|M6",Sergeant,Farm Tools,Targe Shield,Cloth,,False,25,"Immune Blocked,Nimble,Parry,Serrated",1400,,False,Academy|Blacksmith|Carpentry|Conditioning Field|Furnace|Joinery|Levy Hall|Master Workshop|War College,6,12
"Sgt/FarmTools/Targe/Chain [(RInd, EProw, NPie, NCun), Nimble]|M6",Sergeant,Farm Tools,Targe Shield,Chainmail,,False,25,"Immune Blocked,Nimble,Parry",1200,,False,Academy|Animal Husbandry|Armory|Blacksmith|Carpentry|Conditioning Field|Furnace|Joinery|Levy Hall|Tannery|War College,6,9
"Sgt/ShortSword/Tower/Leather [(EInd, EProw, NPie, NCun), Nimble, Riposte]|M6",Sergeant,Short Sword,Tower Shield,Leather,,False,25,"Nimble,Parry,Improved Parry,Immune Blocked,Riposte",1400,,False,Academy|Animal Husbandry|Blacksmith|Carpentry|Coliseum|Conditioning Field|Forge|Furnace|Grand Tournament|Joinery|Levy Hall|Tannery|War College,6,12
"Sgt/Bastard/Tower/FullPlate [(EInd, EProw, NPie, NCun), Nimble, Temp]|M6",Sergeant,Bastard Sword,Tower Shield,Full Plate,,False,25,"Immune Blocked,Nimble,Parry,Planishing",1200,,False,Academy|Animal Husbandry|Armory|Blacksmith|Carpentry|Conditioning Field|Forge|Furnace|Gilded Foundry|Joinery|Levy Hall|Tannery|War College,6,12
"Sgt/Cavalry Spear/Kite/Chain [PrI, (RInd, EProw, SPie, NCun), Shake+1]|M6",Sergeant,Cavalry Spear,Kite Shield,Chainmail,,False,25,"Immune Blocked,Parry,Resolute,Shake +1",1200,,False,Academy|Animal Husbandry|Armory|Blacksmith|Carpentry|Furnace|Joinery|Levy Hall|Preceptory|Tannery|War College,6,19
"Sgt/Pike/Cloth [(RInd, EProw, NPie, NCun), Nimble, Recover 8]|M6",Sergeant,Pike,,Cloth,,False,25,"Immune Blocked,Nimble,Parry,Recover 8",1800,,False,Academy|Apothecary|Blacksmith|Conditioning Field|Furnace|Herb Garden|Levy Hall|War College,6,9
"Sgt/Arming/Kite/Chain [(RInd, EProw, NPie, NCun), Nimble]|M6",Sergeant,Arming Sword,Kite Shield,Chainmail,,False,25,"Immune Blocked,Nimble,Parry",1200,,False,Academy|Animal Husbandry|Armory|Blacksmith|Carpentry|Conditioning Field|Furnace|Joinery|Levy Hall|Tannery|War College,6,9
"Sgt/FarmTools/Kite/Chain [(RInd, EProw, NPie, NCun), Nimble]|M6",Sergeant,Farm Tools,Kite Shield,Chainmail,,False,25,"Immune Blocked,Nimble,Parry",1200,,False,Academy|Animal Husbandry|Armory|Blacksmith|Carpentry|Conditioning Field|Furnace|Joinery|Levy Hall|Tannery|War College,6,9
"Sgt/FarmTools/Chain [(RInd, EProw, NPie, NCun), Nimble]|M6",Sergeant,Farm Tools,,Chainmail,,False,25,"Immune Blocked,Nimble,Parry",1400,,False,Academy|Animal Husbandry|Armory|Blacksmith|Conditioning Field|Furnace|Levy Hall|Stable|Tannery|War College,6,9
"Sgt/ShortSword/Kite/Leather [(RInd, EProw, NPie, NCun), Nimble]|M6",Sergeant,Short Sword,Kite Shield,Leather,,False,25,"Immune Blocked,Nimble,Parry",1200,,False,Academy|Animal Husbandry|Armory|Blacksmith|Carpentry|Conditioning Field|Furnace|Joinery|Levy Hall|Tannery|War College,6,9
"Sgt/FarmTools/FullPlate [MiMiStM, (EInd, SProw, NPie, NCun), Temp, Serr]|M6",Sergeant,Farm Tools,,Full Plate,,False,25,"Improved Parry,Planishing,+1TH,Crit 7,Immune Blocked,Parry,+1I,MaxInit3,Seize: first,Serrated",1200,,False,Academy|Animal Husbandry|Armory|Blacksmith|Furnace|Gilded Foundry|Levy Hall|Master Workshop|Ministry of Military Strategy|Tannery|University|War College,6,16
"Sgt/Daggers/Chain [(RInd, EProw, NPie, NCun), Nimble]|M6",Sergeant,Daggers,,Chainmail,,False,25,"Immune Blocked,Nimble,Parry",600,,False,Academy|Animal Husbandry|Armory|Blacksmith|Butchery|Conditioning Field|Furnace|Levy Hall|Tannery|War College,6,9
"Sgt/Cudgel/Cloth [(NInd, EProw, EPie, RCun), Enduring, Nimble, Poison, Rec 6, Recover 7, Recover 8, Shake+1]|M6",Sergeant,Cudgel,,Cloth,,False,25,"Recover 6,Shake +1,Immune Blocked,Parry,Enduring,Nimble,Recover 7,Poison,Recover 8",1600,,False,Academy|Alchemy|Apothecary|Conditioning Field|Herb Garden|Hospitaller|Infirmary|Levy Hall|Toxicarium|War College,6,15
"Sgt/FarmTools/Buckler/Chain [(RInd, EProw, NPie, NCun), Nimble]|M6",Sergeant,Farm Tools,Buckler Shield,Chainmail,,False,25,"Immune Blocked,Nimble,Parry",1200,,False,Academy|Animal Husbandry|Armory|Blacksmith|Carpentry|Conditioning Field|Furnace|Joinery|Levy Hall|Tannery|War College,6,9
"Sgt/Spears/Targe/Chain [(RInd, EProw, NPie, NCun), Nimble]|M6",Sergeant,Spears,Targe Shield,Chainmail,,False,25,"Immune Blocked,Nimble,Parry",1200,,False,Academy|Animal Husbandry|Armory|Blacksmith|Carpentry|Conditioning Field|Furnace|Joinery|Levy Hall|Tannery|War College,6,9
"Sgt/ShortSword/Targe/Chain [(RInd, EProw, NPie, NCun), Nimble]|M6",Sergeant,Short Sword,Targe Shield,Chainmail,,False,25,"Immune Blocked,Nimble,Parry",1200,,False,Academy|Animal Husbandry|Armory|Blacksmith|Carpentry|Conditioning Field|Furnace|Joinery|Levy Hall|Tannery|War College,6,9
"Sgt/Bastard/Tower/Leather [(EInd, EProw, NPie, NCun), Nimble]|M6",Sergeant,Bastard Sword,Tower Shield,Leather,,False,25,"Immune Blocked,Nimble,Parry",1400,,False,Academy|Animal Husbandry|Blacksmith|Carpentry|Conditioning Field|Forge|Furnace|Joinery|Levy Hall|Tannery|War College,6,12
"Sgt/Cudgel/Chain [MiMiStM, (RInd, SProw, NPie, NCun)]|M6",Sergeant,Cudgel,,Chainmail,,False,25,"Improved Parry,+1TH,Crit 7,Immune Blocked,Parry,+1I,MaxInit3,Seize: first",1400,,False,Academy|Animal Husbandry|Armory|Blacksmith|Furnace|Levy Hall|Ministry of Military Strategy|Stable|Tannery|University|War College,6,13
"Sgt/Lance/Buckler/Chain [(EInd, EProw, NPie, NCun), Nimble]|M6",Sergeant,Lance,Buckler Shield,Chainmail,,False,25,"Immune Blocked,Nimble,Parry",1200,,False,Academy|Animal Husbandry|Armory|Blacksmith|Carpentry|Conditioning Field|Forge|Furnace|Joinery|Levy Hall|Tannery|War College,6,12
"Sgt/2HBastard/Cloth [(EInd, EProw, NPie, NCun), Nimble, Recover 8]|M6",Sergeant,2HBastard,,Cloth,,False,25,"Immune Blocked,Nimble,Parry,Recover 8",1800,,False,Academy|Apothecary|Blacksmith|Conditioning Field|Forge|Furnace|Herb Garden|Levy Hall|War College,6,12
"Sgt/Pike/Chain [(RInd, EProw, NPie, NCun), Nimble]|M6",Sergeant,Pike,,Chainmail,,False,25,"Immune Blocked,Nimble,Parry",600,,False,Academy|Animal Husbandry|Armory|Blacksmith|Butchery|Conditioning Field|Furnace|Levy Hall|Tannery|War College,6,9
"Sgt/Bastard/Tower/FullPlate [PrI, (EInd, EProw, SPie, NCun), Temp, Shake+1]|M6",Sergeant,Bastard Sword,Tower Shield,Full Plate,,False,25,"Parry,Shake +1,Planishing,Immune Blocked,Resolute",1200,,False,Academy|Animal Husbandry|Armory|Blacksmith|Carpentry|Forge|Furnace|Gilded Foundry|Joinery|Levy Hall|Preceptory|Tannery|War College,6,22
"Sgt/Lance/Kite/FullPlate [PrI, (EInd, EProw, SPie, NCun), Temp, Shake+1]|M6",Sergeant,Lance,Kite Shield,Full Plate,,False,25,"Parry,Shake +1,Planishing,Immune Blocked,Resolute",1200,,False,Academy|Animal Husbandry|Armory|Blacksmith|Carpentry|Forge|Furnace|Gilded Foundry|Joinery|Levy Hall|Preceptory|Tannery|War College,6,22
"Sgt/FarmTools/Buckler/FullPlate [(EInd, EProw, NPie, NCun), Nimble, Temp, Riposte]|M6",Sergeant,Farm Tools,Buckler Shield,Full Plate,,False,25,"Nimble,Parry,Improved Parry,Planishing,Immune Blocked,Riposte",1200,,False,Academy|Animal Husbandry|Armory|Blacksmith|Carpentry|Coliseum|Conditioning Field|Furnace|Gilded Foundry|Grand Tournament|Joinery|Levy Hall|Tannery|War College,6,12
"Sgt/FarmTools/Targe/Cloth [(RInd, EProw, NPie, RCun), Nimble, Poison]|M6",Sergeant,Farm Tools,Targe Shield,Cloth,,False,25,"Immune Blocked,Nimble,Parry,Poison",1500,,False,Academy|Alchemy|Blacksmith|Carpentry|Conditioning Field|Furnace|Joinery|Levy Hall|Toxicarium|War College,6,12
"Sgt/ShortSword/Kite/Leather [OuInPoI, (RInd, EProw, NPie, SCun)]|M6",Sergeant,Short Sword,Kite Shield,Leather,,False,25,"confers:Blocked,confers:Strain,Parry,Immune Blocked,Outrider: once",1200,,False,Academy|Animal Husbandry|Armory|Blacksmith|Carpentry|Furnace|Joinery|Levy Hall|Outrider Intercept Post|Tannery|War College,6,19
"Sgt/Morningstar/Tower/Cloth [(EInd, EProw, NPie, RCun), Nimble, Poison]|M6",Sergeant,Morningstar,Tower Shield,Cloth,,False,25,"Immune Blocked,Nimble,Parry,Poison",1500,,False,Academy|Alchemy|Blacksmith|Carpentry|Conditioning Field|Forge|Furnace|Joinery|Levy Hall|Toxicarium|War College,6,15
"Sgt/FarmTools/Chain [RoPaM, (RInd, SProw, NPie, NCun), Improved Parry]|M6",Sergeant,Farm Tools,,Chainmail,,False,25,"Immune Strain,Drilled,Improved Parry,Parry,Immune Blocked",1400,,False,Academy|Animal Husbandry|Armory|Blacksmith|Furnace|Grand Tournament|Levy Hall|Royal Pavilion|Tannery|Tiltyard|War College,6,13
"Sgt/2HBastard/FullPlate [RoPaM, (EInd, SProw, NPie, NCun), Improved Parry, Temp]|M6",Sergeant,2HBastard,,Full Plate,,False,25,"Immune Strain,Drilled,Parry,Improved Parry,Planishing,Immune Blocked",1400,,False,Academy|Animal Husbandry|Armory|Blacksmith|Forge|Furnace|Gilded Foundry|Grand Tournament|Levy Hall|Royal Pavilion|Tannery|Tiltyard|War College,6,16
"Sgt/Pitchfork/Cloth [MiMiStM, (NInd, SProw, EPie, NCun), Enduring, Rec 6, Recover 7, Recover 8, Shake+1]|M6",Sergeant,Pitchfork,,Cloth,,False,25,"Recover 6,Improved Parry,Shake +1,+1TH,Crit 7,Immune Blocked,Enduring,+1I,Parry,MaxInit3,Seize: first,Recover 7,Recover 8",1700,,False,Academy|Alchemy|Apothecary|Herb Garden|Hospitaller|Infirmary|Levy Hall|Ministry of Military Strategy|Stable|University|War College,6,16
"Sgt/BattleAxe/Leather [(EInd, EProw, NPie, NCun), Nimble, Serr]|M6",Sergeant,Battle Axe,,Leather,,False,25,"Immune Blocked,Nimble,Parry,Serrated",1400,,False,Academy|Animal Husbandry|Blacksmith|Conditioning Field|Furnace|Levy Hall|Master Workshop|Tannery|War College,6,12
"Sgt/Pike/Leather [(RInd, EProw, NPie, NCun), Nimble]|M6",Sergeant,Pike,,Leather,,False,25,"Immune Blocked,Nimble,Parry",1600,,False,Academy|Animal Husbandry|Blacksmith|Conditioning Field|Furnace|Levy Hall|Stable|Tannery|War College,6,9
"Sgt/Daggers/Leather [(NInd, EProw, NPie, NCun), Nimble]|M6",Sergeant,Daggers,,Leather,,False,25,"Immune Blocked,Nimble,Parry",1600,,False,Academy|Animal Husbandry|Conditioning Field|Furnace|Levy Hall|Stable|Tannery|War College,6,6
"Sgt/Pitchfork/FullPlate [(EInd, EProw, NPie, RCun), Nimble, Temp, Poison]|M6",Sergeant,Pitchfork,,Full Plate,,False,25,"Nimble,Parry,Planishing,Immune Blocked,Poison",1300,,False,Academy|Alchemy|Animal Husbandry|Armory|Blacksmith|Conditioning Field|Furnace|Gilded Foundry|Levy Hall|Tannery|Toxicarium|War College,6,15
"Sgt/ShortSword/Tower/Chain [(EInd, EProw, NPie, NCun), Nimble]|M6",Sergeant,Short Sword,Tower Shield,Chainmail,,False,25,"Immune Blocked,Nimble,Parry",1200,,False,Academy|Animal Husbandry|Armory|Blacksmith|Carpentry|Conditioning Field|Forge|Furnace|Joinery|Levy Hall|Tannery|War College,6,12
"Sgt/ShortSword/Tower/FullPlate [RoPaI, (EInd, SProw, NPie, NCun), Temp]|M6",Sergeant,Short Sword,Tower Shield,Full Plate,,False,25,"Immune Strain,Parry,Immune Blocked,Planishing",1200,,False,Academy|Animal Husbandry|Armory|Blacksmith|Carpentry|Forge|Furnace|Gilded Foundry|Joinery|Levy Hall|Royal Pavilion|Tannery|War College,6,16
"Sgt/Flail/Tower/Chain [(EInd, EProw, NPie, NCun), Nimble]|M6",Sergeant,Flail,Tower Shield,Chainmail,,False,25,"Immune Blocked,Nimble,Parry",1200,,False,Academy|Animal Husbandry|Armory|Blacksmith|Carpentry|Conditioning Field|Forge|Furnace|Joinery|Levy Hall|Tannery|War College,6,12
"Sgt/Bastard/Tower/Cloth [RoPaM, (EInd, SProw, NPie, NCun), Improved Parry]|M6",Sergeant,Bastard Sword,Tower Shield,Cloth,,False,25,"Immune Strain,Drilled,Improved Parry,Parry,Immune Blocked",1600,,False,Academy|Blacksmith|Carpentry|Forge|Furnace|Grand Tournament|Joinery|Levy Hall|Royal Pavilion|Tiltyard|War College,6,16
"Sgt/Halberd/FullPlate [(EInd, EProw, NPie, NCun), Nimble, Temp]|M6",Sergeant,Halberd,,Full Plate,,False,25,"Immune Blocked,Nimble,Parry,Planishing",600,,False,Academy|Animal Husbandry|Armory|Blacksmith|Butchery|Conditioning Field|Furnace|Gilded Foundry|Levy Hall|Tannery|War College,6,12
"Sgt/Lance/Buckler/Leather [(EInd, EProw, NPie, NCun), Nimble]|M6",Sergeant,Lance,Buckler Shield,Leather,,False,25,"Immune Blocked,Nimble,Parry",1400,,False,Academy|Animal Husbandry|Blacksmith|Carpentry|Conditioning Field|Forge|Furnace|Joinery|Levy Hall|Tannery|War College,6,12
"Sgt/Lance/Targe/FullPlate [(EInd, EProw, NPie, NCun), Nimble, Temp]|M6",Sergeant,Lance,Targe Shield,Full Plate,,False,25,"Immune Blocked,Nimble,Parry,Planishing",1200,,False,Academy|Animal Husbandry|Armory|Blacksmith|Carpentry|Conditioning Field|Forge|Furnace|Gilded Foundry|Joinery|Levy Hall|Tannery|War College,6,12
"Sgt/ShortSword/Tower/Cloth [(EInd, EProw, NPie, NCun), Nimble, Serr]|M6",Sergeant,Short Sword,Tower Shield,Cloth,,False,25,"Immune Blocked,Nimble,Parry,Serrated",1400,,False,Academy|Blacksmith|Carpentry|Conditioning Field|Forge|Furnace|Joinery|Levy Hall|Master Workshop|War College,6,12
"Sgt/Daggers/FullPlate [(EInd, EProw, NPie, NCun), Nimble, Temp]|M6",Sergeant,Daggers,,Full Plate,,False,25,"Immune Blocked,Nimble,Parry,Planishing",1400,,False,Academy|Animal Husbandry|Armory|Blacksmith|Conditioning Field|Furnace|Gilded Foundry|Levy Hall|Stable|Tannery|War College,6,12
"Sgt/Morningstar/Tower/Cloth [OuInPoI, (EInd, EProw, NPie, SCun), Poison]|M6",Sergeant,Morningstar,Tower Shield,Cloth,,False,25,"confers:Blocked,confers:Strain,Parry,Immune Blocked,Outrider: once,Poison",1500,,False,Academy|Alchemy|Blacksmith|Carpentry|Forge|Furnace|Joinery|Levy Hall|Outrider Intercept Post|Toxicarium|War College,6,22
"Sgt/Flail/Kite/FullPlate [RoPaI, (EInd, SProw, NPie, NCun), Temp]|M6",Sergeant,Flail,Kite Shield,Full Plate,,False,25,"Immune Strain,Parry,Immune Blocked,Planishing",1200,,False,Academy|Animal Husbandry|Armory|Blacksmith|Carpentry|Furnace|Gilded Foundry|Joinery|Levy Hall|Royal Pavilion|Tannery|War College,6,16
"Sgt/ShortSword/Kite/Chain [(RInd, EProw, NPie, NCun), Nimble]|M6",Sergeant,Short Sword,Kite Shield,Chainmail,,False,25,"Immune Blocked,Nimble,Parry",1200,,False,Academy|Animal Husbandry|Armory|Blacksmith|Carpentry|Conditioning Field|Furnace|Joinery|Levy Hall|Tannery|War College,6,9
"Sgt/Spears/Targe/Cloth [(EInd, EProw, NPie, NCun), Nimble, Serr]|M6",Sergeant,Spears,Targe Shield,Cloth,,False,25,"Immune Blocked,Nimble,Parry,Serrated",1400,,False,Academy|Blacksmith|Carpentry|Conditioning Field|Furnace|Joinery|Levy Hall|Master Workshop|War College,6,12
"Sgt/Spears/Tower/Leather [(EInd, EProw, NPie, NCun), Nimble]|M6",Sergeant,Spears,Tower Shield,Leather,,False,25,"Immune Blocked,Nimble,Parry",1400,,False,Academy|Animal Husbandry|Blacksmith|Carpentry|Conditioning Field|Forge|Furnace|Joinery|Levy Hall|Tannery|War College,6,12
"Sgt/FarmTools/Tower/Cloth [(EInd, EProw, NPie, NCun), Nimble]|M6",Sergeant,Farm Tools,Tower Shield,Cloth,,False,25,"Immune Blocked,Nimble,Parry",1600,,False,Academy|Blacksmith|Carpentry|Conditioning Field|Forge|Furnace|Joinery|Levy Hall|Stable|War College,6,12
"Sgt/Arming/Tower/Cloth [(EInd, EProw, NPie, RCun), Nimble, Poison]|M6",Sergeant,Arming Sword,Tower Shield,Cloth,,False,25,"Immune Blocked,Nimble,Parry,Poison",1500,,False,Academy|Alchemy|Blacksmith|Carpentry|Conditioning Field|Forge|Furnace|Joinery|Levy Hall|Toxicarium|War College,6,15
"Sgt/Spears/Tower/FullPlate [(EInd, EProw, NPie, NCun), Nimble, Temp]|M6",Sergeant,Spears,Tower Shield,Full Plate,,False,25,"Immune Blocked,Nimble,Parry,Planishing",1200,,False,Academy|Animal Husbandry|Armory|Blacksmith|Carpentry|Conditioning Field|Forge|Furnace|Gilded Foundry|Joinery|Levy Hall|Tannery|War College,6,12
"Sgt/FarmTools/Kite/FullPlate [(EInd, EProw, NPie, NCun), Nimble, Temp]|M6",Sergeant,Farm Tools,Kite Shield,Full Plate,,False,25,"Immune Blocked,Nimble,Parry,Planishing",1200,,False,Academy|Animal Husbandry|Armory|Blacksmith|Carpentry|Conditioning Field|Furnace|Gilded Foundry|Joinery|Levy Hall|Tannery|War College,6,12
"Sgt/FarmTools/Kite/Cloth [RoPaI, (RInd, SProw, NPie, NCun)]|M6",Sergeant,Farm Tools,Kite Shield,Cloth,,False,25,"Immune Strain,Parry,Immune Blocked",1200,,False,Academy|Armory|Blacksmith|Carpentry|Furnace|Joinery|Levy Hall|Royal Pavilion|Tannery|War College,6,13
"Sgt/FarmTools/FullPlate [(EInd, EProw, NPie, NCun), Nimble, Temp]|M6",Sergeant,Farm Tools,,Full Plate,,False,25,"Immune Blocked,Nimble,Parry,Planishing",600,,False,Academy|Animal Husbandry|Armory|Blacksmith|Butchery|Conditioning Field|Furnace|Gilded Foundry|Levy Hall|Tannery|War College,6,12
"Sgt/Morningstar/Tower/Leather [(EInd, EProw, NPie, NCun), Nimble]|M6",Sergeant,Morningstar,Tower Shield,Leather,,False,25,"Immune Blocked,Nimble,Parry",1400,,False,Academy|Animal Husbandry|Blacksmith|Carpentry|Conditioning Field|Forge|Furnace|Joinery|Levy Hall|Tannery|War College,6,12
"Sgt/Cavalry Spear/Buckler/FullPlate [(EInd, EProw, NPie, NCun), Nimble, Temp]|M6",Sergeant,Cavalry Spear,Buckler Shield,Full Plate,,False,25,"Immune Blocked,Nimble,Parry,Planishing",1200,,False,Academy|Animal Husbandry|Armory|Blacksmith|Carpentry|Conditioning Field|Furnace|Gilded Foundry|Joinery|Levy Hall|Tannery|War College,6,12
"Sgt/Daggers/Cloth [(NInd, EProw, NPie, NCun), Nimble, Recover 8]|M6",Sergeant,Daggers,,Cloth,,False,25,"Immune Blocked,Nimble,Parry,Recover 8",1800,,False,Academy|Apothecary|Conditioning Field|Furnace|Herb Garden|Levy Hall|War College,6,6
"Sgt/Spears/Targe/Cloth [OuInPoI, (EInd, EProw, NPie, SCun), Serr]|M6",Sergeant,Spears,Targe Shield,Cloth,,False,25,"confers:Blocked,confers:Strain,Parry,Immune Blocked,Outrider: once,Serrated",1400,,False,Academy|Blacksmith|Carpentry|Furnace|Joinery|Levy Hall|Master Workshop|Outrider Intercept Post|War College,6,22
"Sgt/Cavalry Spear/Targe/FullPlate [(EInd, EProw, NPie, NCun), Nimble, Temp]|M6",Sergeant,Cavalry Spear,Targe Shield,Full Plate,,False,25,"Immune Blocked,Nimble,Parry,Planishing",1200,,False,Academy|Animal Husbandry|Armory|Blacksmith|Carpentry|Conditioning Field|Furnace|Gilded Foundry|Joinery|Levy Hall|Tannery|War College,6,12
"Sgt/WarHammer/Cloth [(EInd, EProw, NPie, NCun), Nimble, Recover 8]|M6",Sergeant,War Hammer,,Cloth,,False,25,"Immune Blocked,Nimble,Parry,Recover 8",1800,,False,Academy|Apothecary|Blacksmith|Conditioning Field|Forge|Furnace|Herb Garden|Levy Hall|War College,6,12
"Sgt/Lance/Kite/Leather [MiMiStI, (EInd, SProw, NPie, NCun)]|M6",Sergeant,Lance,Kite Shield,Leather,,False,25,"MaxInit3,Seize: first,Parry,+1I,Immune Blocked",1200,,False,Academy|Animal Husbandry|Armory|Blacksmith|Carpentry|Forge|Furnace|Joinery|Levy Hall|Ministry of Military Strategy|Tannery|War College,6,16
"Sgt/Cavalry Spear/Targe/Cloth [(EInd, EProw, NPie, NCun), Nimble, Serr]|M6",Sergeant,Cavalry Spear,Targe Shield,Cloth,,False,25,"Immune Blocked,Nimble,Parry,Serrated",1400,,False,Academy|Blacksmith|Carpentry|Conditioning Field|Furnace|Joinery|Levy Hall|Master Workshop|War College,6,12
"Sgt/Pitchfork/Cloth [(NInd, EProw, EPie, RCun), Enduring, Nimble, Poison, Rec 6, Recover 7, Recover 8, Shake+1]|M6",Sergeant,Pitchfork,,Cloth,,False,25,"Recover 6,Shake +1,Immune Blocked,Parry,Enduring,Nimble,Recover 7,Poison,Recover 8",1600,,False,Academy|Alchemy|Apothecary|Conditioning Field|Herb Garden|Hospitaller|Infirmary|Levy Hall|Toxicarium|War College,6,15
"Sgt/Lance/Kite/Cloth [MiMiStI, (EInd, SProw, NPie, NCun)]|M6",Sergeant,Lance,Kite Shield,Cloth,,False,25,"MaxInit3,Seize: first,Parry,+1I,Immune Blocked",1200,,False,Academy|Armory|Blacksmith|Carpentry|Forge|Furnace|Joinery|Levy Hall|Ministry of Military Strategy|Tannery|War College,6,16
"Sgt/Bastard/Tower/Chain [(EInd, EProw, NPie, NCun), Nimble, Riposte]|M6",Sergeant,Bastard Sword,Tower Shield,Chainmail,,False,25,"Nimble,Parry,Improved Parry,Immune Blocked,Riposte",1200,,False,Academy|Animal Husbandry|Armory|Blacksmith|Carpentry|Coliseum|Conditioning Field|Forge|Furnace|Grand Tournament|Joinery|Levy Hall|Tannery|War College,6,12
"Sgt/Spears/Targe/Cloth [(RInd, EProw, NPie, NCun), Nimble]|M6",Sergeant,Spears,Targe Shield,Cloth,,False,25,"Immune Blocked,Nimble,Parry",1600,,False,Academy|Blacksmith|Carpentry|Conditioning Field|Furnace|Joinery|Levy Hall|Stable|War College,6,9
"Sgt/ShortSword/Tower/Cloth [(EInd, EProw, NPie, NCun), Nimble]|M6",Sergeant,Short Sword,Tower Shield,Cloth,,False,25,"Immune Blocked,Nimble,Parry",1600,,False,Academy|Blacksmith|Carpentry|Conditioning Field|Forge|Furnace|Joinery|Levy Hall|Stable|War College,6,12
"Sgt/FarmTools/Buckler/Cloth [MiMiStM, (RInd, SProw, NPie, NCun), Recover 8]|M6",Sergeant,Farm Tools,Buckler Shield,Cloth,,False,25,"Improved Parry,+1TH,Crit 7,Immune Blocked,Parry,+1I,MaxInit3,Seize: first,Recover 8",1600,,False,Academy|Apothecary|Carpentry|Herb Garden|Joinery|Levy Hall|Ministry of Military Strategy|University|War College,6,13
"Sgt/2HBastard/Cloth [MiMiStM, (EInd, SProw, NPie, NCun), Recover 8]|M6",Sergeant,2HBastard,,Cloth,,False,25,"Improved Parry,+1TH,Crit 7,Immune Blocked,Parry,+1I,MaxInit3,Seize: first,Recover 8",1800,,False,Academy|Apothecary|Blacksmith|Forge|Furnace|Herb Garden|Levy Hall|Ministry of Military Strategy|University|War College,6,16
"Sgt/Arming/Kite/FullPlate [(EInd, EProw, NPie, NCun), Nimble, Temp, Riposte]|M6",Sergeant,Arming Sword,Kite Shield,Full Plate,,False,25,"Nimble,Parry,Improved Parry,Planishing,Immune Blocked,Riposte",1200,,False,Academy|Animal Husbandry|Armory|Blacksmith|Carpentry|Coliseum|Conditioning Field|Furnace|Gilded Foundry|Grand Tournament|Joinery|Levy Hall|Tannery|War College,6,12
"Sgt/ShortSword/Kite/Cloth [MiMiStI, (RInd, SProw, NPie, NCun)]|M6",Sergeant,Short Sword,Kite Shield,Cloth,,False,25,"MaxInit3,Seize: first,Parry,+1I,Immune Blocked",1200,,False,Academy|Armory|Blacksmith|Carpentry|Furnace|Joinery|Levy Hall|Ministry of Military Strategy|Tannery|War College,6,13
"Sgt/Arming/Kite/Leather [OuInPoI, (RInd, EProw, NPie, SCun)]|M6",Sergeant,Arming Sword,Kite Shield,Leather,,False,25,"confers:Blocked,confers:Strain,Parry,Immune Blocked,Outrider: once",1200,,False,Academy|Animal Husbandry|Armory|Blacksmith|Carpentry|Furnace|Joinery|Levy Hall|Outrider Intercept Post|Tannery|War College,6,19
"Sgt/Lance/Kite/Leather [(EInd, EProw, NPie, NCun), Nimble]|M6",Sergeant,Lance,Kite Shield,Leather,,False,25,"Immune Blocked,Nimble,Parry",1200,,False,Academy|Animal Husbandry|Armory|Blacksmith|Carpentry|Conditioning Field|Forge|Furnace|Joinery|Levy Hall|Tannery|War College,6,12
"Sgt/2HBastard/Leather [(EInd, EProw, NPie, NCun), Nimble]|M6",Sergeant,2HBastard,,Leather,,False,25,"Immune Blocked,Nimble,Parry",800,,False,Academy|Animal Husbandry|Blacksmith|Butchery|Conditioning Field|Forge|Furnace|Levy Hall|Tannery|War College,6,12
"Sgt/Arming/Tower/FullPlate [(EInd, EProw, NPie, NCun), Nimble, Temp]|M6",Sergeant,Arming Sword,Tower Shield,Full Plate,,False,25,"Immune Blocked,Nimble,Parry,Planishing",1200,,False,Academy|Animal Husbandry|Armory|Blacksmith|Carpentry|Conditioning Field|Forge|Furnace|Gilded Foundry|Joinery|Levy Hall|Tannery|War College,6,12
"Sgt/Lance/Kite/Chain [MiMiStM, (EInd, SProw, NPie, NCun)]|M6",Sergeant,Lance,Kite Shield,Chainmail,,False,25,"Improved Parry,+1TH,Crit 7,Immune Blocked,Parry,+1I,MaxInit3,Seize: first",1200,,False,Academy|Animal Husbandry|Armory|Blacksmith|Carpentry|Forge|Furnace|Joinery|Levy Hall|Ministry of Military Strategy|Tannery|University|War College,6,16
"Sgt/Pitchfork/FullPlate [(EInd, EProw, NPie, NCun), Nimble, Temp, Serr]|M6",Sergeant,Pitchfork,,Full Plate,,False,25,"Nimble,Parry,Planishing,Immune Blocked,Serrated",1200,,False,Academy|Animal Husbandry|Armory|Blacksmith|Conditioning Field|Furnace|Gilded Foundry|Levy Hall|Master Workshop|Tannery|War College,6,12
"Sgt/FarmTools/Kite/Leather [(RInd, EProw, NPie, NCun), Nimble]|M6",Sergeant,Farm Tools,Kite Shield,Leather,,False,25,"Immune Blocked,Nimble,Parry",1200,,False,Academy|Animal Husbandry|Armory|Blacksmith|Carpentry|Conditioning Field|Furnace|Joinery|Levy Hall|Tannery|War College,6,9
"Sgt/Morningstar/Tower/FullPlate [(EInd, EProw, NPie, NCun), Nimble, Temp]|M6",Sergeant,Morningstar,Tower Shield,Full Plate,,False,25,"Immune Blocked,Nimble,Parry,Planishing",1200,,False,Academy|Animal Husbandry|Armory|Blacksmith|Carpentry|Conditioning Field|Forge|Furnace|Gilded Foundry|Joinery|Levy Hall|Tannery|War College,6,12
"Sgt/Spears/Targe/Chain [(RInd, EProw, NPie, NCun), Nimble]|M7",Sergeant,Spears,Targe Shield,Chainmail,,False,25,"Immune Blocked,Nimble,Parry",400,,False,Academy|Animal Husbandry|Armory|Blacksmith|Butchery|Carpentry|Conditioning Field|Furnace|Joinery|Levy Hall|Tannery|War College,7,9
"Sgt/Arming/Kite/Cloth [(EInd, EProw, NPie, NCun), Nimble, Serr]|M7",Sergeant,Arming Sword,Kite Shield,Cloth,,False,25,"Immune Blocked,Nimble,Parry,Serrated",1000,,False,Academy|Armory|Blacksmith|Carpentry|Conditioning Field|Furnace|Joinery|Levy Hall|Master Workshop|Tannery|War College,7,12
"Sgt/Arming/Tower/Cloth [(EInd, EProw, NPie, NCun), Nimble, Recover 8]|M7",Sergeant,Arming Sword,Tower Shield,Cloth,,False,25,"Immune Blocked,Nimble,Parry,Recover 8",1600,,False,Academy|Apothecary|Blacksmith|Carpentry|Conditioning Field|Forge|Furnace|Herb Garden|Joinery|Levy Hall|War College,7,12
"Sgt/Arming/Kite/FullPlate [(EInd, EProw, NPie, NCun), Nimble, Temp]|M7",Sergeant,Arming Sword,Kite Shield,Full Plate,,False,25,"Immune Blocked,Nimble,Parry,Planishing",1200,,False,Academy|Animal Husbandry|Armory|Blacksmith|Carpentry|Conditioning Field|Furnace|Gilded Foundry|Joinery|Levy Hall|Stable|Tannery|War College,7,12
"Sgt/Morningstar/Tower/FullPlate [(EInd, EProw, NPie, NCun), Nimble, Temp]|M7",Sergeant,Morningstar,Tower Shield,Full Plate,,False,25,"Immune Blocked,Nimble,Parry,Planishing",1200,,False,Academy|Animal Husbandry|Armory|Blacksmith|Carpentry|Conditioning Field|Forge|Furnace|Gilded Foundry|Joinery|Levy Hall|Stable|Tannery|War College,7,12
"Sgt/Flail/Tower/Chain [(EInd, EProw, NPie, NCun), Nimble, Serr]|M7",Sergeant,Flail,Tower Shield,Chainmail,,False,25,"Immune Blocked,Nimble,Parry,Serrated",1000,,False,Academy|Animal Husbandry|Armory|Blacksmith|Carpentry|Conditioning Field|Forge|Furnace|Joinery|Levy Hall|Master Workshop|Tannery|War College,7,12
"Sgt/ShortSword+Longbow/Tower/Cloth (TY) [(EInd, EProw, NPie, NCun), Florentine, ImmU, Nimble]|M7",Sergeant,Short Sword,Tower Shield,Cloth,Longbow,True,25,"Florentine,Nimble,Parry,Immune Blocked,Immune Unwieldy",1400,,False,Academy|Blacksmith|Carpentry|Coliseum|Conditioning Field|Fletchery|Forge|Furnace|Joinery|Levy Hall|Tiltyard|War College,7,12
"Sgt/Pitchfork/Cloth [MiMiStM, (NInd, SProw, EPie, RCun), Enduring, Poison, Rec 6, Recover 7, Recover 8, Shake+1]|M7",Sergeant,Pitchfork,,Cloth,,False,25,"Recover 6,Improved Parry,Shake +1,+1TH,Crit 7,Immune Blocked,Enduring,+1I,Parry,MaxInit3,Seize: first,Recover 7,Poison,Recover 8",1600,,False,Academy|Alchemy|Apothecary|Herb Garden|Hospitaller|Infirmary|Levy Hall|Ministry of Military Strategy|Stable|Toxicarium|University|War College,7,19
"Sgt/FarmTools/Tower/FullPlate [(EInd, EProw, NPie, RCun), Nimble, Temp, Poison]|M7",Sergeant,Farm Tools,Tower Shield,Full Plate,,False,25,"Nimble,Parry,Planishing,Immune Blocked,Poison",1100,,False,Academy|Alchemy|Animal Husbandry|Armory|Blacksmith|Carpentry|Conditioning Field|Forge|Furnace|Gilded Foundry|Joinery|Levy Hall|Tannery|Toxicarium|War College,7,15
"Sgt/Flail/Tower/Chain [(EInd, EProw, NPie, NCun), Nimble]|M7",Sergeant,Flail,Tower Shield,Chainmail,,False,25,"Immune Blocked,Nimble,Parry",1200,,False,Academy|Animal Husbandry|Armory|Blacksmith|Carpentry|Conditioning Field|Forge|Furnace|Joinery|Levy Hall|Stable|Tannery|War College,7,12
"Sgt/2HBastard+Longbow/Cloth (TY) [(EInd, EProw, NPie, NCun), Florentine, ImmU, Nimble]|M7",Sergeant,2HBastard,,Cloth,Longbow,True,25,"Florentine,Nimble,Parry,Immune Blocked,Immune Unwieldy",1600,,False,Academy|Blacksmith|Carpentry|Coliseum|Conditioning Field|Fletchery|Forge|Furnace|Levy Hall|Tiltyard|War College,7,12
"Sgt/Flail/Tower/Cloth [(EInd, EProw, NPie, NCun), Nimble, Recover 8]|M7",Sergeant,Flail,Tower Shield,Cloth,,False,25,"Immune Blocked,Nimble,Parry,Recover 8",1600,,False,Academy|Apothecary|Blacksmith|Carpentry|Conditioning Field|Forge|Furnace|Herb Garden|Joinery|Levy Hall|War College,7,12
"Sgt/FarmTools/Buckler/Cloth [MiMiStM, (RInd, SProw, EPie, RCun), Enduring, Poison, Rec 6, Recover 7, Recover 8, Shake+1]|M7",Sergeant,Farm Tools,Buckler Shield,Cloth,,False,25,"Recover 6,Improved Parry,Shake +1,+1TH,Crit 7,Immune Blocked,Enduring,+1I,Parry,MaxInit3,Seize: first,Recover 7,Poison,Recover 8",1400,,False,Academy|Alchemy|Apothecary|Carpentry|Herb Garden|Hospitaller|Infirmary|Joinery|Levy Hall|Ministry of Military Strategy|Toxicarium|University|War College,7,22
"Sgt/Spears/Targe/FullPlate [(EInd, EProw, NPie, NCun), Nimble, Temp]|M7",Sergeant,Spears,Targe Shield,Full Plate,,False,25,"Immune Blocked,Nimble,Parry,Planishing",1200,,False,Academy|Animal Husbandry|Armory|Blacksmith|Carpentry|Conditioning Field|Furnace|Gilded Foundry|Joinery|Levy Hall|Stable|Tannery|War College,7,12
"Sgt/FarmTools/Targe/Chain [MiMiStI, (RInd, SProw, NPie, RCun), Poison]|M7",Sergeant,Farm Tools,Targe Shield,Chainmail,,False,25,"MaxInit3,Seize: first,Parry,Immune Blocked,+1I,Poison",1100,,False,Academy|Alchemy|Animal Husbandry|Armory|Blacksmith|Carpentry|Furnace|Joinery|Levy Hall|Ministry of Military Strategy|Tannery|Toxicarium|War College,7,16
"Sgt/Arming/Kite/Cloth [(RInd, EProw, NPie, NCun), Nimble, Riposte]|M7",Sergeant,Arming Sword,Kite Shield,Cloth,,False,25,"Nimble,Parry,Improved Parry,Immune Blocked,Riposte",400,,False,Academy|Animal Husbandry|Armory|Blacksmith|Butchery|Carpentry|Coliseum|Conditioning Field|Furnace|Grand Tournament|Joinery|Levy Hall|Tannery|War College,7,9
"Sgt/Bastard+Crossbow/Tower/Cloth (TY) [(EInd, EProw, NPie, NCun), Florentine, ImmU, Nimble]|M7",Sergeant,Bastard Sword,Tower Shield,Cloth,Crossbow,True,25,"Florentine,Nimble,Parry,Immune Blocked,Immune Unwieldy",1400,,False,Academy|Blacksmith|Carpentry|Coliseum|Conditioning Field|Fletchery|Forge|Furnace|Joinery|Levy Hall|Tiltyard|War College,7,12
"Sgt/WarHammer/FullPlate [(EInd, EProw, NPie, NCun), Nimble, Temp, Recover 8]|M7",Sergeant,War Hammer,,Full Plate,,False,25,"Nimble,Parry,Planishing,Immune Blocked,Recover 8",1400,,False,Academy|Animal Husbandry|Apothecary|Armory|Blacksmith|Conditioning Field|Forge|Furnace|Gilded Foundry|Herb Garden|Levy Hall|Tannery|War College,7,12
"Sgt/Arming/Tower/Chain [(EInd, EProw, NPie, NCun), Nimble, Serr]|M7",Sergeant,Arming Sword,Tower Shield,Chainmail,,False,25,"Immune Blocked,Nimble,Parry,Serrated",1000,,False,Academy|Animal Husbandry|Armory|Blacksmith|Carpentry|Conditioning Field|Forge|Furnace|Joinery|Levy Hall|Master Workshop|Tannery|War College,7,12
"Sgt/ShortSword/Tower/Cloth [(EInd, EProw, NPie, NCun), Nimble, Recover 8]|M7",Sergeant,Short Sword,Tower Shield,Cloth,,False,25,"Immune Blocked,Nimble,Parry,Recover 8",1600,,False,Academy|Apothecary|Blacksmith|Carpentry|Conditioning Field|Forge|Furnace|Herb Garden|Joinery|Levy Hall|War College,7,12
"Sgt/Lance/Buckler/FullPlate [OuInPoI, (EInd, EProw, NPie, SCun), Temp]|M7",Sergeant,Lance,Buckler Shield,Full Plate,,False,25,"confers:Blocked,confers:Strain,Parry,Planishing,Immune Blocked,Outrider: once",1200,,False,Academy|Animal Husbandry|Armory|Blacksmith|Carpentry|Forge|Furnace|Gilded Foundry|Joinery|Levy Hall|Outrider Intercept Post|Stable|Tannery|War College,7,22
"Sgt/Cavalry Spear/Targe/Chain [(RInd, EProw, NPie, NCun), Nimble]|M7",Sergeant,Cavalry Spear,Targe Shield,Chainmail,,False,25,"Immune Blocked,Nimble,Parry",400,,False,Academy|Animal Husbandry|Armory|Blacksmith|Butchery|Carpentry|Conditioning Field|Furnace|Joinery|Levy Hall|Tannery|War College,7,9
"Sgt/Halberd+HuntBow/Cloth (TY) [(RInd, EProw, NPie, NCun), Florentine, ImmU, Nimble]|M7",Sergeant,Halberd,,Cloth,Hunting Bow,True,25,"Florentine,Nimble,Parry,Immune Blocked,Immune Unwieldy",1600,,False,Academy|Blacksmith|Carpentry|Coliseum|Conditioning Field|Fletchery|Furnace|Levy Hall|Tiltyard|War College,7,9
"Sgt/FarmTools/Cloth [MiMiStM, (NInd, SProw, EPie, NCun), Enduring, Rec 6, Recover 7, Recover 8, Shake+1]|M7",Sergeant,Farm Tools,,Cloth,,False,25,"Recover 6,Improved Parry,Shake +1,+1TH,Crit 7,Immune Blocked,Enduring,+1I,Parry,MaxInit3,Seize: first,Recover 7,Recover 8",700,,False,Academy|Alchemy|Animal Husbandry|Apothecary|Butchery|Herb Garden|Hospitaller|Infirmary|Levy Hall|Ministry of Military Strategy|Tannery|University|War College,7,16
"Sgt/Pitchfork/FullPlate [(EInd, EProw, NPie, NCun), Nimble, Temp, Recover 8]|M7",Sergeant,Pitchfork,,Full Plate,,False,25,"Nimble,Parry,Planishing,Immune Blocked,Recover 8",1400,,False,Academy|Animal Husbandry|Apothecary|Armory|Blacksmith|Conditioning Field|Furnace|Gilded Foundry|Herb Garden|Levy Hall|Tannery|War College,7,12
"Sgt/Pike/FullPlate [(EInd, EProw, NPie, NCun), Nimble, Temp, Recover 8]|M7",Sergeant,Pike,,Full Plate,,False,25,"Nimble,Parry,Planishing,Immune Blocked,Recover 8",1400,,False,Academy|Animal Husbandry|Apothecary|Armory|Blacksmith|Conditioning Field|Furnace|Gilded Foundry|Herb Garden|Levy Hall|Tannery|War College,7,12
"Sgt/Halberd+Longbow/Cloth (TY) [(RInd, EProw, NPie, NCun), Florentine, ImmU, Nimble]|M7",Sergeant,Halberd,,Cloth,Longbow,True,25,"Florentine,Nimble,Parry,Immune Blocked,Immune Unwieldy",1600,,False,Academy|Blacksmith|Carpentry|Coliseum|Conditioning Field|Fletchery|Furnace|Levy Hall|Tiltyard|War College,7,9
"Sgt/Cudgel/Chain [(RInd, EProw, NPie, NCun), Nimble, Recover 8]|M7",Sergeant,Cudgel,,Chainmail,,False,25,"Immune Blocked,Nimble,Parry,Recover 8",1400,,False,Academy|Animal Husbandry|Apothecary|Armory|Blacksmith|Conditioning Field|Furnace|Herb Garden|Levy Hall|Tannery|War College,7,9
"Sgt/Cavalry Spear/Kite/Cloth [(EInd, EProw, NPie, NCun), Nimble, Serr]|M7",Sergeant,Cavalry Spear,Kite Shield,Cloth,,False,25,"Immune Blocked,Nimble,Parry,Serrated",1000,,False,Academy|Armory|Blacksmith|Carpentry|Conditioning Field|Furnace|Joinery|Levy Hall|Master Workshop|Tannery|War College,7,12
"Sgt/Halberd+Crossbow/Cloth (TY) [(EInd, EProw, NPie, NCun), Florentine, ImmU, Nimble]|M7",Sergeant,Halberd,,Cloth,Crossbow,True,25,"Florentine,Nimble,Parry,Immune Blocked,Immune Unwieldy",1600,,False,Academy|Blacksmith|Carpentry|Coliseum|Conditioning Field|Fletchery|Forge|Furnace|Levy Hall|Tiltyard|War College,7,12
"Sgt/Morningstar+Javelin/Tower/Cloth (TY) [(EInd, EProw, NPie, NCun), Florentine, ImmU, Nimble]|M7",Sergeant,Morningstar,Tower Shield,Cloth,Javelin,True,25,"Florentine,Nimble,Parry,Immune Blocked,Immune Unwieldy",1400,,False,Academy|Blacksmith|Carpentry|Coliseum|Conditioning Field|Fletchery|Forge|Furnace|Joinery|Levy Hall|Tiltyard|War College,7,12
"Sgt/Spears/Kite/Leather [(EInd, EProw, NPie, NCun), Nimble, Serr]|M7",Sergeant,Spears,Kite Shield,Leather,,False,25,"Immune Blocked,Nimble,Parry,Serrated",1000,,False,Academy|Animal Husbandry|Armory|Blacksmith|Carpentry|Conditioning Field|Furnace|Joinery|Levy Hall|Master Workshop|Tannery|War College,7,12
"Sgt/Lance/Kite/FullPlate [PrI, (EInd, EProw, SPie, NCun), Temp, Shake+1]|M7",Sergeant,Lance,Kite Shield,Full Plate,,False,25,"Parry,Shake +1,Planishing,Immune Blocked,Resolute",1200,,False,Academy|Animal Husbandry|Armory|Blacksmith|Carpentry|Forge|Furnace|Gilded Foundry|Joinery|Levy Hall|Preceptory|Stable|Tannery|War College,7,22
"Sgt/Flail+Longbow/Tower/Cloth (TY) [(EInd, EProw, NPie, NCun), Florentine, ImmU, Nimble]|M7",Sergeant,Flail,Tower Shield,Cloth,Longbow,True,25,"Florentine,Nimble,Parry,Immune Blocked,Immune Unwieldy",1400,,False,Academy|Blacksmith|Carpentry|Coliseum|Conditioning Field|Fletchery|Forge|Furnace|Joinery|Levy Hall|Tiltyard|War College,7,12
"Sgt/ShortSword/Tower/Leather [(EInd, EProw, NPie, NCun), Nimble, Serr]|M7",Sergeant,Short Sword,Tower Shield,Leather,,False,25,"Immune Blocked,Nimble,Parry,Serrated",1200,,False,Academy|Animal Husbandry|Blacksmith|Carpentry|Conditioning Field|Forge|Furnace|Joinery|Levy Hall|Master Workshop|Tannery|War College,7,12
"Sgt/Arming+Crossbow/Cloth (TY) [(EInd, EProw, NPie, NCun), Florentine, ImmU, Nimble]|M7",Sergeant,Arming Sword,,Cloth,Crossbow,True,25,"Florentine,Nimble,Parry,Immune Blocked,Immune Unwieldy",1600,,False,Academy|Blacksmith|Carpentry|Coliseum|Conditioning Field|Fletchery|Forge|Furnace|Levy Hall|Tiltyard|War College,7,12
"Sgt/Arming/Kite/Leather [OuInPoI, (RInd, EProw, NPie, SCun)]|M7",Sergeant,Arming Sword,Kite Shield,Leather,,False,25,"confers:Blocked,confers:Strain,Parry,Immune Blocked,Outrider: once",400,,False,Academy|Animal Husbandry|Armory|Blacksmith|Butchery|Carpentry|Furnace|Joinery|Levy Hall|Outrider Intercept Post|Tannery|War College,7,19
"Sgt/FarmTools/FullPlate [(EInd, EProw, NPie, NCun), Nimble, Temp, Recover 8]|M7",Sergeant,Farm Tools,,Full Plate,,False,25,"Nimble,Parry,Planishing,Immune Blocked,Recover 8",1400,,False,Academy|Animal Husbandry|Apothecary|Armory|Blacksmith|Conditioning Field|Furnace|Gilded Foundry|Herb Garden|Levy Hall|Tannery|War College,7,12
"Sgt/WarHammer+Crossbow/Cloth (TY) [(EInd, EProw, NPie, NCun), Florentine, ImmU, Nimble]|M7",Sergeant,War Hammer,,Cloth,Crossbow,True,25,"Florentine,Nimble,Parry,Immune Blocked,Immune Unwieldy",1600,,False,Academy|Blacksmith|Carpentry|Coliseum|Conditioning Field|Fletchery|Forge|Furnace|Levy Hall|Tiltyard|War College,7,12
"Sgt/WarHammer+Javelin/Cloth (TY) [(EInd, EProw, NPie, NCun), Florentine, ImmU, Nimble]|M7",Sergeant,War Hammer,,Cloth,Javelin,True,25,"Florentine,Nimble,Parry,Immune Blocked,Immune Unwieldy",1600,,False,Academy|Blacksmith|Carpentry|Coliseum|Conditioning Field|Fletchery|Forge|Furnace|Levy Hall|Tiltyard|War College,7,12
"Sgt/FarmTools/Targe/Chain [MiMiStM, (EInd, SProw, NPie, NCun), Serr]|M7",Sergeant,Farm Tools,Targe Shield,Chainmail,,False,25,"Improved Parry,+1TH,Crit 7,Immune Blocked,Parry,+1I,MaxInit3,Seize: first,Serrated",1000,,False,Academy|Animal Husbandry|Armory|Blacksmith|Carpentry|Furnace|Joinery|Levy Hall|Master Workshop|Ministry of Military Strategy|Tannery|University|War College,7,16
"Sgt/Lance/Kite/Leather [(EInd, EProw, NPie, NCun), Nimble, Serr]|M7",Sergeant,Lance,Kite Shield,Leather,,False,25,"Immune Blocked,Nimble,Parry,Serrated",1000,,False,Academy|Animal Husbandry|Armory|Blacksmith|Carpentry|Conditioning Field|Forge|Furnace|Joinery|Levy Hall|Master Workshop|Tannery|War College,7,12
"Sgt/ShortSword/Targe/FullPlate [(EInd, EProw, NPie, NCun), Nimble, Temp]|M7",Sergeant,Short Sword,Targe Shield,Full Plate,,False,25,"Immune Blocked,Nimble,Parry,Planishing",1200,,False,Academy|Animal Husbandry|Armory|Blacksmith|Carpentry|Conditioning Field|Furnace|Gilded Foundry|Joinery|Levy Hall|Stable|Tannery|War College,7,12
"Sgt/2HBastard/Cloth [(EInd, EProw, EPie, NCun), Enduring, Nimble, Rec 6, Recover 7, Recover 8, Shake+1]|M7",Sergeant,2HBastard,,Cloth,,False,25,"Recover 6,Shake +1,Immune Blocked,Parry,Enduring,Nimble,Recover 7,Recover 8",1700,,False,Academy|Alchemy|Apothecary|Blacksmith|Conditioning Field|Forge|Furnace|Herb Garden|Hospitaller|Infirmary|Levy Hall|Stable|War College,7,18
"Sgt/Pike+Javelin/Cloth (TY) [(RInd, EProw, NPie, NCun), Florentine, ImmU, Nimble]|M7",Sergeant,Pike,,Cloth,Javelin,True,25,"Florentine,Nimble,Parry,Immune Blocked,Immune Unwieldy",1600,,False,Academy|Blacksmith|Carpentry|Coliseum|Conditioning Field|Fletchery|Furnace|Levy Hall|Tiltyard|War College,7,9
"Sgt/Pike/Cloth [PrI, (EInd, EProw, SPie, NCun), Enduring, Rec 6, Recover 7, Recover 8, Serr, Shake+1]|M7",Sergeant,Pike,,Cloth,,False,25,"Recover 6,Shake +1,Immune Blocked,Parry,Enduring,Resolute,Recover 7,Recover 8,Serrated",1500,,False,Academy|Alchemy|Apothecary|Blacksmith|Furnace|Herb Garden|Hospitaller|Infirmary|Levy Hall|Master Workshop|Preceptory|War College,7,22
"Sgt/HuntBow/Leather [RoPaM, (NInd, SProw, NPie, NCun), Florentine, ImmU, Nimble, Riposte]|M7",Sergeant,Farm Tools,,Leather,Hunting Bow,True,25,"Immune Strain,Florentine,Drilled,Improved Parry,Immune Blocked,Parry,Riposte,Immune Unwieldy,Nimble",1400,,False,Academy|Animal Husbandry|Carpentry|Coliseum|Conditioning Field|Fletchery|Grand Tournament|Levy Hall|Royal Pavilion|Tannery|Tiltyard|War College,7,10
"Sgt/ShortSword/Cloth (DW) [(NInd, EProw, NPie, NCun), DW, Florentine, ImmU, Nimble]|M7",Sergeant,Short Sword,,Cloth,,True,25,"Florentine,Nimble,Parry,Immune Blocked,Dual Wield,Immune Unwieldy",1800,,False,Academy|Carpentry|Coliseum|Conditioning Field|Fletchery|Furnace|Levy Hall|Tiltyard|War College,7,6
"Sgt/ShortSword/Tower/Chain [RoPaI, (EInd, SProw, NPie, NCun)]|M7",Sergeant,Short Sword,Tower Shield,Chainmail,,False,25,"Immune Strain,Parry,Immune Blocked",1200,,False,Academy|Animal Husbandry|Armory|Blacksmith|Carpentry|Forge|Furnace|Joinery|Levy Hall|Royal Pavilion|Stable|Tannery|War College,7,16
"Sgt/2HBastard/Gothic [ABFM, (SInd, EProw, NPie, NCun), Nimble, Temp, Serr]|M7",Sergeant,2HBastard,,Gothic Plate,,False,25,"Nimble,ABF,Parry,Planishing,Immune Blocked,Serrated",700,,False,ABF|Academy|Animal Husbandry|Armory|Blacksmith|Conditioning Field|Forge|Furnace|Gilded Foundry|Levy Hall|Master Workshop|Stable|Tannery|War College,7,16
"Sgt/Spears/Tower/Chain [(EInd, EProw, NPie, RCun), Nimble, Poison]|M7",Sergeant,Spears,Tower Shield,Chainmail,,False,25,"Immune Blocked,Nimble,Parry,Poison",1100,,False,Academy|Alchemy|Animal Husbandry|Armory|Blacksmith|Carpentry|Conditioning Field|Forge|Furnace|Joinery|Levy Hall|Tannery|Toxicarium|War College,7,15
"Sgt/Spears+Longbow/Tower/Cloth (TY) [(EInd, EProw, NPie, NCun), Florentine, ImmU, Nimble]|M7",Sergeant,Spears,Tower Shield,Cloth,Longbow,True,25,"Florentine,Nimble,Parry,Immune Blocked,Immune Unwieldy",1400,,False,Academy|Blacksmith|Carpentry|Coliseum|Conditioning Field|Fletchery|Forge|Furnace|Joinery|Levy Hall|Tiltyard|War College,7,12
"Sgt/WarHammer+Longbow/Cloth (TY) [RoPaM, (EInd, SProw, NPie, NCun), Florentine, ImmU, Nimble, Riposte]|M7",Sergeant,War Hammer,,Cloth,Longbow,True,25,"Immune Strain,Florentine,Drilled,Improved Parry,Immune Blocked,Parry,Riposte,Immune Unwieldy,Nimble",1600,,False,Academy|Blacksmith|Carpentry|Coliseum|Conditioning Field|Fletchery|Forge|Furnace|Grand Tournament|Levy Hall|Royal Pavilion|Tiltyard|War College,7,16
"Sgt/Pitchfork+Longbow/Cloth (TY) [(NInd, EProw, NPie, NCun), Florentine, ImmU, Nimble]|M7",Sergeant,Pitchfork,,Cloth,Longbow,True,25,"Florentine,Nimble,Parry,Immune Blocked,Immune Unwieldy",1600,,False,Academy|Carpentry|Coliseum|Conditioning Field|Fletchery|Furnace|Levy Hall|Tiltyard|War College,7,6
"Sgt/Daggers/Cloth [MiMiStM, (NInd, SProw, EPie, NCun), Enduring, Rec 6, Recover 7, Recover 8, Shake+1]|M7",Sergeant,Daggers,,Cloth,,False,25,"Recover 6,Improved Parry,Shake +1,+1TH,Crit 7,Immune Blocked,Enduring,+1I,Parry,MaxInit3,Seize: first,Recover 7,Recover 8",1700,,False,Academy|Alchemy|Apothecary|Furnace|Herb Garden|Hospitaller|Infirmary|Levy Hall|Ministry of Military Strategy|Stable|University|War College,7,16
"Sgt/Pike/FullPlate [PrM, (EInd, EProw, SPie, NCun), Temp, Rec 6, Shake+1]|M7",Sergeant,Pike,,Full Plate,,False,25,"Recover 6,Parry,Shake +1,Planishing,Immune Blocked,Resolute",1400,,False,Abbey|Academy|Animal Husbandry|Armory|Blacksmith|Furnace|Gilded Foundry|Hospitaller|Levy Hall|Monastery|Pilgrimage Site|Preceptory|Tannery|War College,7,22
"Sgt/Spears/Tower/Leather [(EInd, EProw, NPie, NCun), Nimble]|M7",Sergeant,Spears,Tower Shield,Leather,,False,25,"Immune Blocked,Nimble,Parry",600,,False,Academy|Animal Husbandry|Blacksmith|Butchery|Carpentry|Conditioning Field|Forge|Furnace|Joinery|Levy Hall|Tannery|War College,7,12
"Sgt/Cavalry Spear/Kite/Chain [(EInd, EProw, NPie, NCun), Nimble, Serr]|M7",Sergeant,Cavalry Spear,Kite Shield,Chainmail,,False,25,"Immune Blocked,Nimble,Parry,Serrated",1000,,False,Academy|Animal Husbandry|Armory|Blacksmith|Carpentry|Conditioning Field|Furnace|Joinery|Levy Hall|Master Workshop|Tannery|War College,7,12
"Sgt/FarmTools/Kite/Cloth [RoPaI, (RInd, SProw, NPie, NCun)]|M7",Sergeant,Farm Tools,Kite Shield,Cloth,,False,25,"Immune Strain,Parry,Immune Blocked",400,,False,Academy|Animal Husbandry|Armory|Blacksmith|Butchery|Carpentry|Furnace|Joinery|Levy Hall|Royal Pavilion|Tannery|War College,7,13
"Sgt/FarmTools/Buckler/FullPlate [(EInd, EProw, NPie, RCun), Nimble, Temp, Poison]|M7",Sergeant,Farm Tools,Buckler Shield,Full Plate,,False,25,"Nimble,Parry,Planishing,Immune Blocked,Poison",1100,,False,Academy|Alchemy|Animal Husbandry|Armory|Blacksmith|Carpentry|Conditioning Field|Furnace|Gilded Foundry|Joinery|Levy Hall|Tannery|Toxicarium|War College,7,15
"Sgt/Cavalry Spear/Kite/Chain [PrI, (RInd, EProw, SPie, NCun), Shake+1]|M7",Sergeant,Cavalry Spear,Kite Shield,Chainmail,,False,25,"Immune Blocked,Parry,Resolute,Shake +1",1200,,False,Academy|Animal Husbandry|Armory|Blacksmith|Carpentry|Furnace|Joinery|Levy Hall|Preceptory|Stable|Tannery|War College,7,19
"Sgt/Daggers/Leather [PrM, (NInd, EProw, SPie, NCun), Rec 6, Shake+1]|M7",Sergeant,Daggers,,Leather,,False,25,"Recover 6,Parry,Shake +1,Immune Blocked,Resolute",1600,,False,Abbey|Academy|Animal Husbandry|Furnace|Hospitaller|Levy Hall|Monastery|Pilgrimage Site|Preceptory|Tannery|War College,7,16
"Sgt/Cavalry Spear/Targe/FullPlate [MiMiStM, (EInd, SProw, NPie, NCun), Temp]|M7",Sergeant,Cavalry Spear,Targe Shield,Full Plate,,False,25,"Improved Parry,Planishing,+1TH,Crit 7,Immune Blocked,Parry,+1I,MaxInit3,Seize: first",400,,False,Academy|Animal Husbandry|Armory|Blacksmith|Butchery|Carpentry|Furnace|Gilded Foundry|Joinery|Levy Hall|Ministry of Military Strategy|Tannery|University|War College,7,16
"Sgt/2HBastard+Crossbow/Cloth (TY) [(EInd, EProw, NPie, NCun), Florentine, ImmU, Nimble]|M7",Sergeant,2HBastard,,Cloth,Crossbow,True,25,"Florentine,Nimble,Parry,Immune Blocked,Immune Unwieldy",1600,,False,Academy|Blacksmith|Carpentry|Coliseum|Conditioning Field|Fletchery|Forge|Furnace|Levy Hall|Tiltyard|War College,7,12
"Sgt/Lance/Buckler/Chain [(EInd, EProw, NPie, NCun), Nimble]|M7",Sergeant,Lance,Buckler Shield,Chainmail,,False,25,"Immune Blocked,Nimble,Parry",1200,,False,Academy|Animal Husbandry|Armory|Blacksmith|Carpentry|Conditioning Field|Forge|Furnace|Joinery|Levy Hall|Stable|Tannery|War College,7,12
"Sgt/Lance/Targe/Leather [(EInd, EProw, NPie, RCun), Nimble, Poison]|M7",Sergeant,Lance,Targe Shield,Leather,,False,25,"Immune Blocked,Nimble,Parry,Poison",1300,,False,Academy|Alchemy|Animal Husbandry|Blacksmith|Carpentry|Conditioning Field|Forge|Furnace|Joinery|Levy Hall|Tannery|Toxicarium|War College,7,15
"Sgt/BattleAxe/FullPlate [(EInd, EProw, NPie, NCun), Nimble, Temp, Recover 8, Riposte]|M7",Sergeant,Battle Axe,,Full Plate,,False,25,"Nimble,Parry,Improved Parry,Planishing,Immune Blocked,Riposte,Recover 8",1400,,False,Academy|Animal Husbandry|Apothecary|Armory|Blacksmith|Coliseum|Conditioning Field|Furnace|Gilded Foundry|Grand Tournament|Herb Garden|Levy Hall|Tannery|War College,7,12
"Sgt/Pitchfork/Chain [OuInPoM, (RInd, EProw, NPie, SCun)]|M7",Sergeant,Pitchfork,,Chainmail,,False,25,"confers:Blocked,confers:Strain,Parry,Outrider: every,Immune Blocked",1400,,False,Academy|Animal Husbandry|Armory|Blacksmith|Caravanery|Cipher Chamber|Furnace|Levy Hall|Outrider Intercept Post|Tannery|War College,7,19
"Sgt/ShortSword/Targe/Chain [(EInd, EProw, NPie, NCun), Nimble, Serr]|M7",Sergeant,Short Sword,Targe Shield,Chainmail,,False,25,"Immune Blocked,Nimble,Parry,Serrated",1000,,False,Academy|Animal Husbandry|Armory|Blacksmith|Carpentry|Conditioning Field|Furnace|Joinery|Levy Hall|Master Workshop|Tannery|War College,7,12
"Sgt/Pike/Cloth [(EInd, EProw, EPie, NCun), Enduring, Nimble, Rec 6, Recover 7, Recover 8, Serr, Shake+1]|M7",Sergeant,Pike,,Cloth,,False,25,"Recover 6,Shake +1,Immune Blocked,Parry,Enduring,Nimble,Recover 7,Recover 8,Serrated",1500,,False,Academy|Alchemy|Apothecary|Blacksmith|Conditioning Field|Furnace|Herb Garden|Hospitaller|Infirmary|Levy Hall|Master Workshop|War College,7,18
"Sgt/Spears/Tower/Cloth [(EInd, EProw, NPie, NCun), Nimble, Recover 8]|M7",Sergeant,Spears,Tower Shield,Cloth,,False,25,"Immune Blocked,Nimble,Parry,Recover 8",1600,,False,Academy|Apothecary|Blacksmith|Carpentry|Conditioning Field|Forge|Furnace|Herb Garden|Joinery|Levy Hall|War College,7,12
"Sgt/Flail+HuntBow/Tower/Cloth (TY) [(EInd, EProw, NPie, NCun), Florentine, ImmU, Nimble]|M7",Sergeant,Flail,Tower Shield,Cloth,Hunting Bow,True,25,"Florentine,Nimble,Parry,Immune Blocked,Immune Unwieldy",1400,,False,Academy|Blacksmith|Carpentry|Coliseum|Conditioning Field|Fletchery|Forge|Furnace|Joinery|Levy Hall|Tiltyard|War College,7,12
"Sgt/Arming+Crossbow/Tower/Cloth (TY) [(EInd, EProw, NPie, NCun), Florentine, ImmU, Nimble]|M7",Sergeant,Arming Sword,Tower Shield,Cloth,Crossbow,True,25,"Florentine,Nimble,Parry,Immune Blocked,Immune Unwieldy",1400,,False,Academy|Blacksmith|Carpentry|Coliseum|Conditioning Field|Fletchery|Forge|Furnace|Joinery|Levy Hall|Tiltyard|War College,7,12
"Sgt/Flail+Crossbow/Tower/Cloth (TY) [(EInd, EProw, NPie, NCun), Florentine, ImmU, Nimble]|M7",Sergeant,Flail,Tower Shield,Cloth,Crossbow,True,25,"Florentine,Nimble,Parry,Immune Blocked,Immune Unwieldy",1400,,False,Academy|Blacksmith|Carpentry|Coliseum|Conditioning Field|Fletchery|Forge|Furnace|Joinery|Levy Hall|Tiltyard|War College,7,12
"Sgt/Cudgel/Chain [(RInd, EProw, NPie, NCun), Nimble, Recover 8, Riposte]|M7",Sergeant,Cudgel,,Chainmail,,False,25,"Nimble,Parry,Improved Parry,Immune Blocked,Riposte,Recover 8",1400,,False,Academy|Animal Husbandry|Apothecary|Armory|Blacksmith|Coliseum|Conditioning Field|Furnace|Grand Tournament|Herb Garden|Levy Hall|Tannery|War College,7,9
"Sgt/Daggers+Crossbow/Cloth (TY) [(EInd, EProw, NPie, NCun), Florentine, ImmU, Nimble]|M7",Sergeant,Daggers,,Cloth,Crossbow,True,25,"Florentine,Nimble,Parry,Immune Blocked,Immune Unwieldy",1600,,False,Academy|Blacksmith|Carpentry|Coliseum|Conditioning Field|Fletchery|Forge|Furnace|Levy Hall|Tiltyard|War College,7,12
"Sgt/ShortSword/Cloth (DW) [(NInd, EProw, NPie, NCun), DW, Florentine, ImmU, Nimble, Riposte]|M7",Sergeant,Short Sword,,Cloth,,True,25,"Florentine,Improved Parry,Parry,Immune Blocked,Dual Wield,Riposte,Immune Unwieldy,Nimble",1800,,False,Academy|Carpentry|Coliseum|Conditioning Field|Fletchery|Furnace|Grand Tournament|Levy Hall|Tiltyard|War College,7,6
"Sgt/Arming/Kite/Chain [OuInPoI, (RInd, EProw, NPie, SCun)]|M7",Sergeant,Arming Sword,Kite Shield,Chainmail,,False,25,"confers:Blocked,confers:Strain,Parry,Immune Blocked,Outrider: once",1200,,False,Academy|Animal Husbandry|Armory|Blacksmith|Carpentry|Furnace|Joinery|Levy Hall|Outrider Intercept Post|Stable|Tannery|War College,7,19
"Sgt/Spears/Kite/Cloth [(EInd, EProw, NPie, NCun), Nimble, Serr]|M7",Sergeant,Spears,Kite Shield,Cloth,,False,25,"Immune Blocked,Nimble,Parry,Serrated",1000,,False,Academy|Armory|Blacksmith|Carpentry|Conditioning Field|Furnace|Joinery|Levy Hall|Master Workshop|Tannery|War College,7,12
"Sgt/Lance/Buckler/Cloth [(EInd, EProw, NPie, NCun), Nimble, Recover 8]|M7",Sergeant,Lance,Buckler Shield,Cloth,,False,25,"Immune Blocked,Nimble,Parry,Recover 8",1600,,False,Academy|Apothecary|Blacksmith|Carpentry|Conditioning Field|Forge|Furnace|Herb Garden|Joinery|Levy Hall|War College,7,12
"Sgt/Arming+HuntBow/Tower/Cloth (TY) [(EInd, EProw, NPie, NCun), Florentine, ImmU, Nimble]|M7",Sergeant,Arming Sword,Tower Shield,Cloth,Hunting Bow,True,25,"Florentine,Nimble,Parry,Immune Blocked,Immune Unwieldy",1400,,False,Academy|Blacksmith|Carpentry|Coliseum|Conditioning Field|Fletchery|Forge|Furnace|Joinery|Levy Hall|Tiltyard|War College,7,12
"Sgt/Cavalry Spear/Kite/Leather [(RInd, EProw, NPie, NCun), Nimble]|M7",Sergeant,Cavalry Spear,Kite Shield,Leather,,False,25,"Immune Blocked,Nimble,Parry",1200,,False,Academy|Animal Husbandry|Armory|Blacksmith|Carpentry|Conditioning Field|Furnace|Joinery|Levy Hall|Stable|Tannery|War College,7,9
"Sgt/Spears/Kite/Cloth [(RInd, EProw, NPie, RCun), Nimble, Poison]|M7",Sergeant,Spears,Kite Shield,Cloth,,False,25,"Immune Blocked,Nimble,Parry,Poison",1100,,False,Academy|Alchemy|Armory|Blacksmith|Carpentry|Conditioning Field|Furnace|Joinery|Levy Hall|Tannery|Toxicarium|War College,7,12
"Sgt/Arming/Tower/FullPlate [(EInd, EProw, NPie, NCun), Nimble, Temp]|M7",Sergeant,Arming Sword,Tower Shield,Full Plate,,False,25,"Immune Blocked,Nimble,Parry,Planishing",1200,,False,Academy|Animal Husbandry|Armory|Blacksmith|Carpentry|Conditioning Field|Forge|Furnace|Gilded Foundry|Joinery|Levy Hall|Stable|Tannery|War College,7,12
"Sgt/WarHammer/Chain [(EInd, EProw, NPie, NCun), Nimble, Recover 8]|M7",Sergeant,War Hammer,,Chainmail,,False,25,"Immune Blocked,Nimble,Parry,Recover 8",1400,,False,Academy|Animal Husbandry|Apothecary|Armory|Blacksmith|Conditioning Field|Forge|Furnace|Herb Garden|Levy Hall|Tannery|War College,7,12
"Sgt/Daggers+HuntBow/Cloth (TY) [(NInd, EProw, NPie, NCun), Florentine, ImmU, Nimble]|M7",Sergeant,Daggers,,Cloth,Hunting Bow,True,25,"Florentine,Nimble,Parry,Immune Blocked,Immune Unwieldy",1600,,False,Academy|Carpentry|Coliseum|Conditioning Field|Fletchery|Furnace|Levy Hall|Tiltyard|War College,7,6
"Sgt/Flail/Cloth (DW) [(RInd, EProw, NPie, NCun), DW, Florentine, ImmU, Nimble]|M7",Sergeant,Flail,,Cloth,,True,25,"Florentine,Nimble,Parry,Immune Blocked,Dual Wield,Immune Unwieldy",1800,,False,Academy|Blacksmith|Carpentry|Coliseum|Conditioning Field|Fletchery|Furnace|Levy Hall|Tiltyard|War College,7,9
"Sgt/Spears/Targe/Cloth [OuInPoI, (RInd, EProw, NPie, SCun), Recover 8]|M7",Sergeant,Spears,Targe Shield,Cloth,,False,25,"confers:Blocked,confers:Strain,Parry,Immune Blocked,Outrider: once,Recover 8",1600,,False,Academy|Apothecary|Blacksmith|Carpentry|Furnace|Herb Garden|Joinery|Levy Hall|Outrider Intercept Post|War College,7,19
"Sgt/FarmTools/FullPlate [MiMiStM, (EInd, SProw, NPie, NCun), Temp, Recover 8]|M7",Sergeant,Farm Tools,,Full Plate,,False,25,"Improved Parry,Planishing,+1TH,Crit 7,Immune Blocked,Parry,+1I,MaxInit3,Seize: first,Recover 8",1400,,False,Academy|Animal Husbandry|Apothecary|Armory|Blacksmith|Furnace|Gilded Foundry|Herb Garden|Levy Hall|Ministry of Military Strategy|Tannery|University|War College,7,16
"Sgt/FarmTools/Kite/Cloth [MiMiStM, (EInd, SProw, NPie, NCun), Serr]|M7",Sergeant,Farm Tools,Kite Shield,Cloth,,False,25,"Improved Parry,+1TH,Crit 7,Immune Blocked,Parry,+1I,MaxInit3,Seize: first,Serrated",1000,,False,Academy|Armory|Blacksmith|Carpentry|Furnace|Joinery|Levy Hall|Master Workshop|Ministry of Military Strategy|Tannery|University|War College,7,16
"Sgt/ShortSword/Tower/Chain [(EInd, EProw, NPie, NCun), Nimble]|M7",Sergeant,Short Sword,Tower Shield,Chainmail,,False,25,"Immune Blocked,Nimble,Parry",1200,,False,Academy|Animal Husbandry|Armory|Blacksmith|Carpentry|Conditioning Field|Forge|Furnace|Joinery|Levy Hall|Stable|Tannery|War College,7,12
"Sgt/FarmTools/Kite/FullPlate [(EInd, EProw, NPie, RCun), Nimble, Temp, Poison]|M7",Sergeant,Farm Tools,Kite Shield,Full Plate,,False,25,"Nimble,Parry,Planishing,Immune Blocked,Poison",1100,,False,Academy|Alchemy|Animal Husbandry|Armory|Blacksmith|Carpentry|Conditioning Field|Furnace|Gilded Foundry|Joinery|Levy Hall|Tannery|Toxicarium|War College,7,15
"Sgt/FarmTools/Buckler/FullPlate [(EInd, EProw, NPie, NCun), Nimble, Temp, Riposte]|M7",Sergeant,Farm Tools,Buckler Shield,Full Plate,,False,25,"Nimble,Parry,Improved Parry,Planishing,Immune Blocked,Riposte",400,,False,Academy|Animal Husbandry|Armory|Blacksmith|Butchery|Carpentry|Coliseum|Conditioning Field|Furnace|Gilded Foundry|Grand Tournament|Joinery|Levy Hall|Tannery|War College,7,12
"Sgt/ShortSword+Longbow/Targe/Cloth (TY) [(RInd, EProw, NPie, NCun), Florentine, ImmU, Nimble]|M7",Sergeant,Short Sword,Targe Shield,Cloth,Longbow,True,25,"Florentine,Nimble,Parry,Immune Blocked,Immune Unwieldy",1400,,False,Academy|Blacksmith|Carpentry|Coliseum|Conditioning Field|Fletchery|Furnace|Joinery|Levy Hall|Tiltyard|War College,7,9
"Sgt/FarmTools/Buckler/Cloth [(RInd, EProw, EPie, NCun), Enduring, Nimble, Rec 6, Recover 7, Recover 8, Shake+1]|M7",Sergeant,Farm Tools,Buckler Shield,Cloth,,False,25,"Recover 6,Shake +1,Immune Blocked,Parry,Enduring,Nimble,Recover 7,Recover 8",1500,,False,Academy|Alchemy|Apothecary|Carpentry|Conditioning Field|Herb Garden|Hospitaller|Infirmary|Joinery|Levy Hall|Stable|War College,7,15
"Sgt/Spears/Tower/Chain [(EInd, EProw, NPie, NCun), Nimble]|M7",Sergeant,Spears,Tower Shield,Chainmail,,False,25,"Immune Blocked,Nimble,Parry",1200,,False,Academy|Animal Husbandry|Armory|Blacksmith|Carpentry|Conditioning Field|Forge|Furnace|Joinery|Levy Hall|Stable|Tannery|War College,7,12
"Sgt/WarHammer/Gothic [ABFM, (SInd, EProw, NPie, NCun), Nimble, Temp, Serr]|M7",Sergeant,War Hammer,,Gothic Plate,,False,25,"Nimble,ABF,Parry,Planishing,Immune Blocked,Serrated",700,,False,ABF|Academy|Animal Husbandry|Armory|Blacksmith|Conditioning Field|Forge|Furnace|Gilded Foundry|Levy Hall|Master Workshop|Stable|Tannery|War College,7,16
"Sgt/Cavalry Spear/Targe/Leather [OuInPoI, (RInd, EProw, NPie, SCun), Poison]|M7",Sergeant,Cavalry Spear,Targe Shield,Leather,,False,25,"confers:Blocked,confers:Strain,Parry,Immune Blocked,Outrider: once,Poison",1300,,False,Academy|Alchemy|Animal Husbandry|Blacksmith|Carpentry|Furnace|Joinery|Levy Hall|Outrider Intercept Post|Tannery|Toxicarium|War College,7,19
"Sgt/Bastard/Tower/Chain [(EInd, EProw, NPie, NCun), Nimble, Riposte]|M7",Sergeant,Bastard Sword,Tower Shield,Chainmail,,False,25,"Nimble,Parry,Improved Parry,Immune Blocked,Riposte",400,,False,Academy|Animal Husbandry|Armory|Blacksmith|Butchery|Carpentry|Coliseum|Conditioning Field|Forge|Furnace|Grand Tournament|Joinery|Levy Hall|Tannery|War College,7,12
"Sgt/Pike/Leather [(RInd, EProw, NPie, NCun), Nimble, Recover 8]|M7",Sergeant,Pike,,Leather,,False,25,"Immune Blocked,Nimble,Parry,Recover 8",1600,,False,Academy|Animal Husbandry|Apothecary|Blacksmith|Conditioning Field|Furnace|Herb Garden|Levy Hall|Tannery|War College,7,9
"Sgt/Daggers+HuntBow/Cloth (TY) [(NInd, EProw, NPie, NCun), Florentine, ImmU, Nimble]|M8",Sergeant,Daggers,,Cloth,Hunting Bow,True,25,"Florentine,Nimble,Parry,Immune Blocked,Immune Unwieldy",1600,,False,Academy|Carpentry|Coliseum|Conditioning Field|Fletchery|Furnace|Levy Hall|Stable|Tiltyard|War College,8,6
"Sgt/Poleaxe/FullPlate [ABFM, (SInd, EProw, NPie, RCun), Nimble, Temp, Poison, Serr]|M8",Sergeant,Poleaxe,,Full Plate,,False,25,"Nimble,ABF,Parry,Planishing,Immune Blocked,Poison,Serrated",600,,False,ABF|Academy|Alchemy|Animal Husbandry|Armory|Blacksmith|Conditioning Field|Forge|Furnace|Gilded Foundry|Levy Hall|Master Workshop|Stable|Tannery|Toxicarium|War College,8,19
"Sgt/ShortSword+Longbow/Tower/FullPlate (TY) [(EInd, EProw, NPie, NCun), Florentine, ImmU, Nimble, Temp, Riposte]|M8",Sergeant,Short Sword,Tower Shield,Full Plate,Longbow,True,25,"Florentine,Improved Parry,Planishing,Immune Blocked,Parry,Riposte,Immune Unwieldy,Nimble",1000,,False,Academy|Animal Husbandry|Armory|Blacksmith|Carpentry|Coliseum|Conditioning Field|Fletchery|Forge|Furnace|Gilded Foundry|Grand Tournament|Joinery|Levy Hall|Tannery|Tiltyard|War College,8,12
"Sgt/ShortSword/Chain (DW) [(RInd, EProw, NPie, NCun), DW, Florentine, ImmU, Nimble]|M8",Sergeant,Short Sword,,Chainmail,,True,25,"Florentine,Nimble,Parry,Immune Blocked,Dual Wield,Immune Unwieldy",1400,,False,Academy|Animal Husbandry|Armory|Blacksmith|Carpentry|Coliseum|Conditioning Field|Fletchery|Furnace|Levy Hall|Tannery|Tiltyard|War College,8,9
"Sgt/ShortSword+Longbow/Kite/Leather (TY) [(RInd, EProw, NPie, NCun), Florentine, ImmU, Nimble]|M8",Sergeant,Short Sword,Kite Shield,Leather,Longbow,True,25,"Florentine,Nimble,Parry,Immune Blocked,Immune Unwieldy",1000,,False,Academy|Animal Husbandry|Armory|Blacksmith|Carpentry|Coliseum|Conditioning Field|Fletchery|Furnace|Joinery|Levy Hall|Tannery|Tiltyard|War College,8,9
"Sgt/Lance/Heater/Cloth [ABFM, (SInd, EProw, NPie, NCun), Nimble, Temp, Serr]|M8",Sergeant,Lance,Heater Shield,Cloth,,False,25,"Nimble,ABF,Parry,Planishing,Immune Blocked,Serrated",500,,False,ABF|Academy|Armory|Blacksmith|Carpentry|Conditioning Field|Forge|Furnace|Gilded Foundry|Joinery|Levy Hall|Master Workshop|Stable|Tannery|War College,8,16
"Sgt/Pitchfork/Leather [(NInd, EProw, EPie, RCun), Enduring, Nimble, Poison, Rec 6, Recover 7, Recover 8, Shake+1]|M8",Sergeant,Pitchfork,,Leather,,False,25,"Recover 6,Shake +1,Immune Blocked,Parry,Enduring,Nimble,Recover 7,Poison,Recover 8",1400,,False,Academy|Alchemy|Animal Husbandry|Apothecary|Conditioning Field|Herb Garden|Hospitaller|Infirmary|Levy Hall|Stable|Tannery|Toxicarium|War College,8,15
"Sgt/Flail+Javelin/Kite/Chain (TY) [(RInd, EProw, NPie, NCun), Florentine, ImmU, Nimble]|M8",Sergeant,Flail,Kite Shield,Chainmail,Javelin,True,25,"Florentine,Nimble,Parry,Immune Blocked,Immune Unwieldy",1000,,False,Academy|Animal Husbandry|Armory|Blacksmith|Carpentry|Coliseum|Conditioning Field|Fletchery|Furnace|Joinery|Levy Hall|Tannery|Tiltyard|War College,8,9
"Sgt/Spears/Kite/Cloth [(RInd, EProw, NPie, NCun), Nimble, Recover 8]|M8",Sergeant,Spears,Kite Shield,Cloth,,False,25,"Immune Blocked,Nimble,Parry,Recover 8",1200,,False,Academy|Apothecary|Armory|Blacksmith|Carpentry|Conditioning Field|Furnace|Herb Garden|Joinery|Levy Hall|Tannery|War College,8,9
"Sgt/Spears/Chain (DW) [(RInd, EProw, NPie, NCun), DW, Florentine, ImmU, Nimble]|M8",Sergeant,Spears,,Chainmail,,True,25,"Florentine,Nimble,Parry,Immune Blocked,Dual Wield,Immune Unwieldy",1400,,False,Academy|Animal Husbandry|Armory|Blacksmith|Carpentry|Coliseum|Conditioning Field|Fletchery|Furnace|Levy Hall|Tannery|Tiltyard|War College,8,9
"Sgt/Pitchfork+Longbow/FullPlate (TY) [(EInd, EProw, NPie, NCun), Florentine, ImmU, Nimble, Temp]|M8",Sergeant,Pitchfork,,Full Plate,Longbow,True,25,"Florentine,Nimble,Parry,Planishing,Immune Blocked,Immune Unwieldy",1200,,False,Academy|Animal Husbandry|Armory|Blacksmith|Carpentry|Coliseum|Conditioning Field|Fletchery|Furnace|Gilded Foundry|Levy Hall|Tannery|Tiltyard|War College,8,12
"Sgt/Halberd/Gothic [ABFM, (SInd, EProw, NPie, NCun), Nimble, Temp, Serr]|M8",Sergeant,Halberd,,Gothic Plate,,False,25,"Nimble,ABF,Parry,Planishing,Immune Blocked,Serrated",700,,False,ABF|Academy|Animal Husbandry|Armory|Blacksmith|Conditioning Field|Furnace|Gilded Foundry|Levy Hall|Master Workshop|Stable|Tannery|War College,8,16
"Sgt/Bastard+Javelin/Tower/Cloth (TY) [(EInd, EProw, NPie, RCun), Florentine, ImmU, Nimble, Poison]|M8",Sergeant,Bastard Sword,Tower Shield,Cloth,Javelin,True,25,"Florentine,Nimble,Parry,Immune Blocked,Immune Unwieldy,Poison",1300,,False,Academy|Alchemy|Blacksmith|Carpentry|Coliseum|Conditioning Field|Fletchery|Forge|Furnace|Joinery|Levy Hall|Tiltyard|Toxicarium|War College,8,15
"Sgt/Daggers+HuntBow/Cloth (TY) [(EInd, EProw, NPie, NCun), Florentine, ImmU, Nimble, Serr]|M8",Sergeant,Daggers,,Cloth,Hunting Bow,True,25,"Florentine,Nimble,Parry,Immune Blocked,Immune Unwieldy,Serrated",1400,,False,Academy|Blacksmith|Carpentry|Coliseum|Conditioning Field|Fletchery|Furnace|Levy Hall|Master Workshop|Tiltyard|War College,8,12
"Sgt/Daggers+Javelin/Leather (TY) [(RInd, EProw, NPie, NCun), Florentine, ImmU, Nimble]|M8",Sergeant,Daggers,,Leather,Javelin,True,25,"Florentine,Nimble,Parry,Immune Blocked,Immune Unwieldy",1400,,False,Academy|Animal Husbandry|Blacksmith|Carpentry|Coliseum|Conditioning Field|Fletchery|Furnace|Levy Hall|Tannery|Tiltyard|War College,8,9
"Sgt/ShortSword+HuntBow/Tower/Cloth (TY) [(EInd, EProw, NPie, NCun), Florentine, ImmU, Nimble, Serr]|M8",Sergeant,Short Sword,Tower Shield,Cloth,Hunting Bow,True,25,"Florentine,Nimble,Parry,Immune Blocked,Immune Unwieldy,Serrated",1200,,False,Academy|Blacksmith|Carpentry|Coliseum|Conditioning Field|Fletchery|Forge|Furnace|Joinery|Levy Hall|Master Workshop|Tiltyard|War College,8,12
"Sgt/Arming+Crossbow/Leather (TY) [RoPaM, (EInd, SProw, NPie, NCun), Florentine, ImmU, Nimble, Riposte]|M8",Sergeant,Arming Sword,,Leather,Crossbow,True,25,"Immune Strain,Florentine,Drilled,Improved Parry,Immune Blocked,Parry,Riposte,Immune Unwieldy,Nimble",1400,,False,Academy|Animal Husbandry|Blacksmith|Carpentry|Coliseum|Conditioning Field|Fletchery|Forge|Furnace|Grand Tournament|Levy Hall|Royal Pavilion|Tannery|Tiltyard|War College,8,16
"Sgt/Flail+Longbow/Tower/Cloth (TY) [(EInd, EProw, NPie, NCun), Florentine, ImmU, Nimble, Serr]|M8",Sergeant,Flail,Tower Shield,Cloth,Longbow,True,25,"Florentine,Nimble,Parry,Immune Blocked,Immune Unwieldy,Serrated",1200,,False,Academy|Blacksmith|Carpentry|Coliseum|Conditioning Field|Fletchery|Forge|Furnace|Joinery|Levy Hall|Master Workshop|Tiltyard|War College,8,12
"Sgt/Spears/FullPlate (DW) [RoPaM, (EInd, SProw, NPie, NCun), DW, Florentine, ImmU, Nimble, Temp, Riposte]|M8",Sergeant,Spears,,Full Plate,,True,25,"Immune Strain,Drilled,Florentine,Improved Parry,Planishing,Immune Blocked,Parry,Dual Wield,Riposte,Immune Unwieldy,Nimble",1400,,False,Academy|Animal Husbandry|Armory|Blacksmith|Carpentry|Coliseum|Conditioning Field|Fletchery|Furnace|Gilded Foundry|Grand Tournament|Levy Hall|Royal Pavilion|Tannery|Tiltyard|War College,8,16
"Sgt/FarmTools/Tower/Cloth [(EInd, EProw, EPie, NCun), Enduring, Nimble, Rec 6, Recover 7, Recover 8, Shake+1]|M8",Sergeant,Farm Tools,Tower Shield,Cloth,,False,25,"Recover 6,Shake +1,Immune Blocked,Parry,Enduring,Nimble,Recover 7,Recover 8",1500,,False,Academy|Alchemy|Apothecary|Blacksmith|Carpentry|Conditioning Field|Forge|Furnace|Herb Garden|Hospitaller|Infirmary|Joinery|Levy Hall|Stable|War College,8,18
"Sgt/Crossbow/FullPlate [(EInd, EProw, NPie, NCun), Florentine, ImmU, Nimble, Temp]|M8",Sergeant,Farm Tools,,Full Plate,Crossbow,True,25,"Florentine,Nimble,Parry,Planishing,Immune Blocked,Immune Unwieldy",1200,,False,Academy|Animal Husbandry|Armory|Blacksmith|Carpentry|Coliseum|Conditioning Field|Fletchery|Forge|Furnace|Gilded Foundry|Levy Hall|Tannery|Tiltyard|War College,8,12
"Sgt/Bastard/Heater/FullPlate [ABFM, (SInd, EProw, NPie, NCun), Nimble, Temp, Serr]|M8",Sergeant,Bastard Sword,Heater Shield,Full Plate,,False,25,"Nimble,ABF,Parry,Planishing,Immune Blocked,Serrated",500,,False,ABF|Academy|Animal Husbandry|Armory|Blacksmith|Carpentry|Conditioning Field|Forge|Furnace|Gilded Foundry|Joinery|Levy Hall|Master Workshop|Stable|Tannery|War College,8,16
"Sgt/FarmTools/Buckler/Cloth [MiMiStM, (RInd, SProw, EPie, RCun), Enduring, Poison, Rec 6, Recover 7, Recover 8, Shake+1]|M8",Sergeant,Farm Tools,Buckler Shield,Cloth,,False,25,"Recover 6,Improved Parry,Shake +1,+1TH,Crit 7,Immune Blocked,Enduring,+1I,Parry,MaxInit3,Seize: first,Recover 7,Poison,Recover 8",1400,,False,Academy|Alchemy|Apothecary|Carpentry|Herb Garden|Hospitaller|Infirmary|Joinery|Levy Hall|Ministry of Military Strategy|Stable|Toxicarium|University|War College,8,22
"Sgt/ShortSword/Cloth (DW) [MiMiStM, (NInd, SProw, NPie, NCun), DW, Florentine, ImmU, Nimble]|M8",Sergeant,Short Sword,,Cloth,,True,25,"Florentine,Improved Parry,+1TH,Crit 7,Immune Blocked,Parry,Immune Unwieldy,+1I,Dual Wield,MaxInit3,Nimble,Seize: first",1800,,False,Academy|Carpentry|Coliseum|Conditioning Field|Fletchery|Furnace|Levy Hall|Ministry of Military Strategy|Tiltyard|University|War College,8,10
"Sgt/ShortSword+Crossbow/Tower/Cloth (TY) [(EInd, EProw, NPie, NCun), Florentine, ImmU, Nimble]|M8",Sergeant,Short Sword,Tower Shield,Cloth,Crossbow,True,25,"Florentine,Nimble,Parry,Immune Blocked,Immune Unwieldy",1400,,False,Academy|Blacksmith|Carpentry|Coliseum|Conditioning Field|Fletchery|Forge|Furnace|Joinery|Levy Hall|Stable|Tiltyard|War College,8,12
"Sgt/ShortSword+Javelin/Kite/Cloth (TY) [(RInd, EProw, NPie, NCun), Florentine, ImmU, Nimble]|M8",Sergeant,Short Sword,Kite Shield,Cloth,Javelin,True,25,"Florentine,Nimble,Parry,Immune Blocked,Immune Unwieldy",1000,,False,Academy|Armory|Blacksmith|Carpentry|Coliseum|Conditioning Field|Fletchery|Furnace|Joinery|Levy Hall|Tannery|Tiltyard|War College,8,9
"Sgt/Spears+Longbow/Targe/Cloth (TY) [(EInd, EProw, NPie, NCun), Florentine, ImmU, Nimble, Serr]|M8",Sergeant,Spears,Targe Shield,Cloth,Longbow,True,25,"Florentine,Nimble,Parry,Immune Blocked,Immune Unwieldy,Serrated",1200,,False,Academy|Blacksmith|Carpentry|Coliseum|Conditioning Field|Fletchery|Furnace|Joinery|Levy Hall|Master Workshop|Tiltyard|War College,8,12
"Sgt/WarHammer+Longbow/Cloth (TY) [(EInd, EProw, NPie, NCun), Florentine, ImmU, Nimble]|M8",Sergeant,War Hammer,,Cloth,Longbow,True,25,"Florentine,Nimble,Parry,Immune Blocked,Immune Unwieldy",1600,,False,Academy|Blacksmith|Carpentry|Coliseum|Conditioning Field|Fletchery|Forge|Furnace|Levy Hall|Stable|Tiltyard|War College,8,12
"Sgt/BattleAxe+Longbow/FullPlate (TY) [(EInd, EProw, NPie, NCun), Florentine, ImmU, Nimble, Temp]|M8",Sergeant,Battle Axe,,Full Plate,Longbow,True,25,"Florentine,Nimble,Parry,Planishing,Immune Blocked,Immune Unwieldy",1200,,False,Academy|Animal Husbandry|Armory|Blacksmith|Carpentry|Coliseum|Conditioning Field|Fletchery|Furnace|Gilded Foundry|Levy Hall|Tannery|Tiltyard|War College,8,12
"Sgt/ShortSword+Longbow/Tower/Cloth (TY) [(EInd, EProw, NPie, RCun), Florentine, ImmU, Nimble, Poison]|M8",Sergeant,Short Sword,Tower Shield,Cloth,Longbow,True,25,"Florentine,Nimble,Parry,Immune Blocked,Immune Unwieldy,Poison",1300,,False,Academy|Alchemy|Blacksmith|Carpentry|Coliseum|Conditioning Field|Fletchery|Forge|Furnace|Joinery|Levy Hall|Tiltyard|Toxicarium|War College,8,15
"Sgt/Morningstar/Tower/FullPlate [RoPaM, (EInd, SProw, NPie, NCun), Improved Parry, Temp, Serr]|M8",Sergeant,Morningstar,Tower Shield,Full Plate,,False,25,"Immune Strain,Drilled,Parry,Improved Parry,Planishing,Immune Blocked,Serrated",1000,,False,Academy|Animal Husbandry|Armory|Blacksmith|Carpentry|Forge|Furnace|Gilded Foundry|Grand Tournament|Joinery|Levy Hall|Master Workshop|Royal Pavilion|Tannery|Tiltyard|War College,8,16
"Sgt/Cavalry Spear/Buckler/FullPlate [(EInd, EProw, NPie, NCun), Nimble, Temp, Recover 8]|M8",Sergeant,Cavalry Spear,Buckler Shield,Full Plate,,False,25,"Nimble,Parry,Planishing,Immune Blocked,Recover 8",1200,,False,Academy|Animal Husbandry|Apothecary|Armory|Blacksmith|Carpentry|Conditioning Field|Furnace|Gilded Foundry|Herb Garden|Joinery|Levy Hall|Tannery|War College,8,12
"Sgt/Pitchfork+Crossbow/Leather (TY) [(EInd, EProw, NPie, NCun), Florentine, ImmU, Nimble]|M8",Sergeant,Pitchfork,,Leather,Crossbow,True,25,"Florentine,Nimble,Parry,Immune Blocked,Immune Unwieldy",1400,,False,Academy|Animal Husbandry|Blacksmith|Carpentry|Coliseum|Conditioning Field|Fletchery|Forge|Furnace|Levy Hall|Tannery|Tiltyard|War College,8,12
"Sgt/Arming/Tower/Cloth [(EInd, EProw, EPie, NCun), Enduring, Nimble, Rec 6, Recover 7, Recover 8, Shake+1]|M8",Sergeant,Arming Sword,Tower Shield,Cloth,,False,25,"Recover 6,Shake +1,Immune Blocked,Parry,Enduring,Nimble,Recover 7,Recover 8",1500,,False,Academy|Alchemy|Apothecary|Blacksmith|Carpentry|Conditioning Field|Forge|Furnace|Herb Garden|Hospitaller|Infirmary|Joinery|Levy Hall|Stable|War College,8,18
"Sgt/Bastard/Tower/Chain [(EInd, EProw, NPie, NCun), Nimble, Recover 8]|M8",Sergeant,Bastard Sword,Tower Shield,Chainmail,,False,25,"Immune Blocked,Nimble,Parry,Recover 8",1200,,False,Academy|Animal Husbandry|Apothecary|Armory|Blacksmith|Carpentry|Conditioning Field|Forge|Furnace|Herb Garden|Joinery|Levy Hall|Tannery|War College,8,12
"Sgt/ShortSword+Javelin/Kite/Chain (TY) [(RInd, EProw, NPie, NCun), Florentine, ImmU, Nimble, Riposte]|M8",Sergeant,Short Sword,Kite Shield,Chainmail,Javelin,True,25,"Florentine,Nimble,Parry,Improved Parry,Immune Blocked,Riposte,Immune Unwieldy",1000,,False,Academy|Animal Husbandry|Armory|Blacksmith|Carpentry|Coliseum|Conditioning Field|Fletchery|Furnace|Grand Tournament|Joinery|Levy Hall|Tannery|Tiltyard|War College,8,9
"Sgt/ShortSword+Longbow/Kite/Chain (TY) [(RInd, EProw, NPie, NCun), Florentine, ImmU, Nimble]|M8",Sergeant,Short Sword,Kite Shield,Chainmail,Longbow,True,25,"Florentine,Nimble,Parry,Immune Blocked,Immune Unwieldy",1000,,False,Academy|Animal Husbandry|Armory|Blacksmith|Carpentry|Coliseum|Conditioning Field|Fletchery|Furnace|Joinery|Levy Hall|Tannery|Tiltyard|War College,8,9
"Sgt/Arming+Crossbow/Cloth (TY) [(EInd, EProw, NPie, NCun), Florentine, ImmU, Nimble, Serr]|M8",Sergeant,Arming Sword,,Cloth,Crossbow,True,25,"Florentine,Nimble,Parry,Immune Blocked,Immune Unwieldy,Serrated",1400,,False,Academy|Blacksmith|Carpentry|Coliseum|Conditioning Field|Fletchery|Forge|Furnace|Levy Hall|Master Workshop|Tiltyard|War College,8,12
"Sgt/ShortSword/Kite/FullPlate [MiMiStI, (EInd, SProw, NPie, NCun), Temp, Recover 8]|M8",Sergeant,Short Sword,Kite Shield,Full Plate,,False,25,"MaxInit3,Seize: first,Parry,Planishing,Immune Blocked,+1I,Recover 8",1200,,False,Academy|Animal Husbandry|Apothecary|Armory|Blacksmith|Carpentry|Furnace|Gilded Foundry|Herb Garden|Joinery|Levy Hall|Ministry of Military Strategy|Tannery|War College,8,16
"Sgt/Lance/Targe/Gothic [ABFM, (SInd, EProw, NPie, NCun), Nimble, Temp, Serr]|M8",Sergeant,Lance,Targe Shield,Gothic Plate,,False,25,"Nimble,ABF,Parry,Planishing,Immune Blocked,Serrated",500,,False,ABF|Academy|Animal Husbandry|Armory|Blacksmith|Carpentry|Conditioning Field|Forge|Furnace|Gilded Foundry|Joinery|Levy Hall|Master Workshop|Stable|Tannery|War College,8,16
"Sgt/Arming+Javelin/Tower/Chain (TY) [RoPaM, (EInd, SProw, NPie, NCun), Florentine, ImmU, Nimble, Riposte]|M8",Sergeant,Arming Sword,Tower Shield,Chainmail,Javelin,True,25,"Immune Strain,Drilled,Florentine,Improved Parry,Immune Blocked,Parry,Riposte,Immune Unwieldy,Nimble",1000,,False,Academy|Animal Husbandry|Armory|Blacksmith|Carpentry|Coliseum|Conditioning Field|Fletchery|Forge|Furnace|Grand Tournament|Joinery|Levy Hall|Royal Pavilion|Tannery|Tiltyard|War College,8,16
"Sgt/Arming+Longbow/Kite/Chain (TY) [RoPaM, (RInd, SProw, NPie, NCun), Florentine, ImmU, Nimble, Riposte]|M8",Sergeant,Arming Sword,Kite Shield,Chainmail,Longbow,True,25,"Immune Strain,Drilled,Florentine,Improved Parry,Immune Blocked,Parry,Riposte,Immune Unwieldy,Nimble",1000,,False,Academy|Animal Husbandry|Armory|Blacksmith|Carpentry|Coliseum|Conditioning Field|Fletchery|Furnace|Grand Tournament|Joinery|Levy Hall|Royal Pavilion|Tannery|Tiltyard|War College,8,13
"Sgt/Spears+Crossbow/Cloth (TY) [(EInd, EProw, NPie, NCun), Florentine, ImmU, Nimble, Serr]|M8",Sergeant,Spears,,Cloth,Crossbow,True,25,"Florentine,Nimble,Parry,Immune Blocked,Immune Unwieldy,Serrated",1400,,False,Academy|Blacksmith|Carpentry|Coliseum|Conditioning Field|Fletchery|Forge|Furnace|Levy Hall|Master Workshop|Tiltyard|War College,8,12
"Sgt/Daggers/Leather [(EInd, EProw, EPie, NCun), Enduring, Nimble, Rec 6, Recover 7, Recover 8, Serr, Shake+1]|M8",Sergeant,Daggers,,Leather,,False,25,"Recover 6,Shake +1,Immune Blocked,Parry,Enduring,Nimble,Recover 7,Recover 8,Serrated",1300,,False,Academy|Alchemy|Animal Husbandry|Apothecary|Blacksmith|Conditioning Field|Furnace|Herb Garden|Hospitaller|Infirmary|Levy Hall|Master Workshop|Tannery|War College,8,18
"Sgt/Spears+Crossbow/FullPlate (TY) [RoPaM, (EInd, SProw, NPie, NCun), Florentine, ImmU, Nimble, Temp, Riposte]|M8",Sergeant,Spears,,Full Plate,Crossbow,True,25,"Immune Strain,Drilled,Florentine,Improved Parry,Planishing,Immune Blocked,Parry,Riposte,Immune Unwieldy,Nimble",1200,,False,Academy|Animal Husbandry|Armory|Blacksmith|Carpentry|Coliseum|Conditioning Field|Fletchery|Forge|Furnace|Gilded Foundry|Grand Tournament|Levy Hall|Royal Pavilion|Tannery|Tiltyard|War College,8,16
"Sgt/Daggers+Longbow/FullPlate (TY) [(EInd, EProw, NPie, NCun), Florentine, ImmU, Nimble, Temp, Riposte]|M8",Sergeant,Daggers,,Full Plate,Longbow,True,25,"Florentine,Improved Parry,Planishing,Immune Blocked,Parry,Riposte,Immune Unwieldy,Nimble",1200,,False,Academy|Animal Husbandry|Armory|Blacksmith|Carpentry|Coliseum|Conditioning Field|Fletchery|Furnace|Gilded Foundry|Grand Tournament|Levy Hall|Tannery|Tiltyard|War College,8,12
"Sgt/ShortSword/FullPlate (DW) [(EInd, EProw, NPie, NCun), DW, Florentine, ImmU, Nimble, Temp]|M8",Sergeant,Short Sword,,Full Plate,,True,25,"Florentine,Nimble,Parry,Planishing,Immune Blocked,Dual Wield,Immune Unwieldy",1400,,False,Academy|Animal Husbandry|Armory|Blacksmith|Carpentry|Coliseum|Conditioning Field|Fletchery|Furnace|Gilded Foundry|Levy Hall|Tannery|Tiltyard|War College,8,12
"Sgt/Flail/Cloth (DW) [(EInd, EProw, NPie, NCun), DW, Florentine, ImmU, Nimble, Serr]|M8",Sergeant,Flail,,Cloth,,True,25,"Florentine,Nimble,Parry,Immune Blocked,Dual Wield,Immune Unwieldy,Serrated",1600,,False,Academy|Blacksmith|Carpentry|Coliseum|Conditioning Field|Fletchery|Furnace|Levy Hall|Master Workshop|Tiltyard|War College,8,12
"Sgt/BattleAxe+HuntBow/FullPlate (TY) [(EInd, EProw, NPie, NCun), Florentine, ImmU, Nimble, Temp, Riposte]|M8",Sergeant,Battle Axe,,Full Plate,Hunting Bow,True,25,"Florentine,Improved Parry,Planishing,Immune Blocked,Parry,Riposte,Immune Unwieldy,Nimble",1200,,False,Academy|Animal Husbandry|Armory|Blacksmith|Carpentry|Coliseum|Conditioning Field|Fletchery|Furnace|Gilded Foundry|Grand Tournament|Levy Hall|Tannery|Tiltyard|War College,8,12
"Sgt/2HBastard/Leather [(EInd, EProw, EPie, NCun), Enduring, Nimble, Rec 6, Recover 7, Recover 8, Shake+1]|M8",Sergeant,2HBastard,,Leather,,False,25,"Recover 6,Shake +1,Immune Blocked,Parry,Enduring,Nimble,Recover 7,Recover 8",1500,,False,Academy|Alchemy|Animal Husbandry|Apothecary|Blacksmith|Conditioning Field|Forge|Furnace|Herb Garden|Hospitaller|Infirmary|Levy Hall|Stable|Tannery|War College,8,18
"Sgt/Lance/Heater/Gothic [ABFM, (SInd, EProw, NPie, NCun), Nimble, Temp, Riposte, Serr]|M8",Sergeant,Lance,Heater Shield,Gothic Plate,,False,25,"ABF,Improved Parry,Planishing,Immune Blocked,Parry,Riposte,Nimble,Serrated",500,,False,ABF|Academy|Animal Husbandry|Armory|Blacksmith|Carpentry|Coliseum|Conditioning Field|Forge|Furnace|Gilded Foundry|Grand Tournament|Joinery|Levy Hall|Master Workshop|Stable|Tannery|War College,8,16
"Sgt/Pitchfork+Javelin/Leather (TY) [(RInd, EProw, NPie, NCun), Florentine, ImmU, Nimble]|M8",Sergeant,Pitchfork,,Leather,Javelin,True,25,"Florentine,Nimble,Parry,Immune Blocked,Immune Unwieldy",1400,,False,Academy|Animal Husbandry|Blacksmith|Carpentry|Coliseum|Conditioning Field|Fletchery|Furnace|Levy Hall|Tannery|Tiltyard|War College,8,9
"Sgt/Daggers+Crossbow/Chain (TY) [RoPaM, (EInd, SProw, NPie, NCun), Florentine, ImmU, Nimble, Riposte]|M8",Sergeant,Daggers,,Chainmail,Crossbow,True,25,"Immune Strain,Drilled,Florentine,Improved Parry,Immune Blocked,Parry,Riposte,Immune Unwieldy,Nimble",1200,,False,Academy|Animal Husbandry|Armory|Blacksmith|Carpentry|Coliseum|Conditioning Field|Fletchery|Forge|Furnace|Grand Tournament|Levy Hall|Royal Pavilion|Tannery|Tiltyard|War College,8,16
"Sgt/Bastard/Tower/Cloth [(EInd, EProw, EPie, NCun), Enduring, Nimble, Rec 6, Recover 7, Recover 8, Serr, Shake+1]|M8",Sergeant,Bastard Sword,Tower Shield,Cloth,,False,25,"Recover 6,Shake +1,Immune Blocked,Parry,Enduring,Nimble,Recover 7,Recover 8,Serrated",1300,,False,Academy|Alchemy|Apothecary|Blacksmith|Carpentry|Conditioning Field|Forge|Furnace|Herb Garden|Hospitaller|Infirmary|Joinery|Levy Hall|Master Workshop|War College,8,18
"Sgt/Arming/Tower/FullPlate [(EInd, EProw, NPie, NCun), Nimble, Temp, Recover 8]|M8",Sergeant,Arming Sword,Tower Shield,Full Plate,,False,25,"Nimble,Parry,Planishing,Immune Blocked,Recover 8",1200,,False,Academy|Animal Husbandry|Apothecary|Armory|Blacksmith|Carpentry|Conditioning Field|Forge|Furnace|Gilded Foundry|Herb Garden|Joinery|Levy Hall|Tannery|War College,8,12
"Sgt/HuntBow/Cloth [OuInPoI, (NInd, EProw, NPie, SCun), Florentine, ImmU, Nimble, Poison]|M8",Sergeant,Farm Tools,,Cloth,Hunting Bow,True,25,"Florentine,confers:Blocked,confers:Strain,Immune Blocked,Parry,Immune Unwieldy,Nimble,Outrider: once,Poison",1500,,False,Academy|Alchemy|Carpentry|Coliseum|Conditioning Field|Fletchery|Levy Hall|Outrider Intercept Post|Tiltyard|Toxicarium|War College,8,16
"Sgt/Spears+Javelin/Targe/Leather (TY) [(RInd, EProw, NPie, NCun), Florentine, ImmU, Nimble]|M8",Sergeant,Spears,Targe Shield,Leather,Javelin,True,25,"Florentine,Nimble,Parry,Immune Blocked,Immune Unwieldy",1200,,False,Academy|Animal Husbandry|Blacksmith|Carpentry|Coliseum|Conditioning Field|Fletchery|Furnace|Joinery|Levy Hall|Tannery|Tiltyard|War College,8,9
"Sgt/ShortSword/Tower/Chain [RoPaI, (EInd, SProw, NPie, NCun), Recover 8]|M8",Sergeant,Short Sword,Tower Shield,Chainmail,,False,25,"Immune Strain,Immune Blocked,Parry,Recover 8",1200,,False,Academy|Animal Husbandry|Apothecary|Armory|Blacksmith|Carpentry|Forge|Furnace|Herb Garden|Joinery|Levy Hall|Royal Pavilion|Tannery|War College,8,16
"Sgt/Cavalry Spear/Kite/Chain [PrI, (RInd, EProw, SPie, NCun), Recover 8, Shake+1]|M8",Sergeant,Cavalry Spear,Kite Shield,Chainmail,,False,25,"Parry,Shake +1,Immune Blocked,Resolute,Recover 8",1200,,False,Academy|Animal Husbandry|Apothecary|Armory|Blacksmith|Carpentry|Furnace|Herb Garden|Joinery|Levy Hall|Preceptory|Tannery|War College,8,19
"Sgt/Cudgel+Javelin/Chain (TY) [(RInd, EProw, NPie, NCun), Florentine, ImmU, Nimble]|M8",Sergeant,Cudgel,,Chainmail,Javelin,True,25,"Florentine,Nimble,Parry,Immune Blocked,Immune Unwieldy",1200,,False,Academy|Animal Husbandry|Armory|Blacksmith|Carpentry|Coliseum|Conditioning Field|Fletchery|Furnace|Levy Hall|Tannery|Tiltyard|War College,8,9
"Sgt/Lance/Kite/Cloth [MiMiStI, (EInd, SProw, NPie, NCun), Recover 8]|M8",Sergeant,Lance,Kite Shield,Cloth,,False,25,"MaxInit3,Seize: first,Parry,Immune Blocked,+1I,Recover 8",1200,,False,Academy|Apothecary|Armory|Blacksmith|Carpentry|Forge|Furnace|Herb Garden|Joinery|Levy Hall|Ministry of Military Strategy|Tannery|War College,8,16
"Sgt/Bastard/Tower/Gothic [ABFM, PrI, (SInd, EProw, SPie, NCun), Temp, Serr, Shake+1]|M8",Sergeant,Bastard Sword,Tower Shield,Gothic Plate,,False,25,"ABF,Parry,Shake +1,Planishing,Immune Blocked,Resolute,Serrated",500,,False,ABF|Academy|Animal Husbandry|Armory|Blacksmith|Carpentry|Forge|Furnace|Gilded Foundry|Joinery|Levy Hall|Master Workshop|Preceptory|Stable|Tannery|War College,8,26
"Sgt/Arming+Longbow/Tower/Cloth (TY) [(EInd, EProw, NPie, NCun), Florentine, ImmU, Nimble, Serr]|M8",Sergeant,Arming Sword,Tower Shield,Cloth,Longbow,True,25,"Florentine,Nimble,Parry,Immune Blocked,Immune Unwieldy,Serrated",1200,,False,Academy|Blacksmith|Carpentry|Coliseum|Conditioning Field|Fletchery|Forge|Furnace|Joinery|Levy Hall|Master Workshop|Tiltyard|War College,8,12
"Sgt/FarmTools/Kite/FullPlate [(EInd, EProw, NPie, NCun), Nimble, Temp, Recover 8]|M8",Sergeant,Farm Tools,Kite Shield,Full Plate,,False,25,"Nimble,Parry,Planishing,Immune Blocked,Recover 8",1200,,False,Academy|Animal Husbandry|Apothecary|Armory|Blacksmith|Carpentry|Conditioning Field|Furnace|Gilded Foundry|Herb Garden|Joinery|Levy Hall|Tannery|War College,8,12
"Sgt/Arming+Javelin/Tower/FullPlate (TY) [(EInd, EProw, NPie, NCun), Florentine, ImmU, Nimble, Temp]|M8",Sergeant,Arming Sword,Tower Shield,Full Plate,Javelin,True,25,"Florentine,Nimble,Parry,Planishing,Immune Blocked,Immune Unwieldy",1000,,False,Academy|Animal Husbandry|Armory|Blacksmith|Carpentry|Coliseum|Conditioning Field|Fletchery|Forge|Furnace|Gilded Foundry|Joinery|Levy Hall|Tannery|Tiltyard|War College,8,12
"Sgt/Lance/Targe/FullPlate [(EInd, EProw, NPie, NCun), Nimble, Temp, Recover 8]|M8",Sergeant,Lance,Targe Shield,Full Plate,,False,25,"Nimble,Parry,Planishing,Immune Blocked,Recover 8",1200,,False,Academy|Animal Husbandry|Apothecary|Armory|Blacksmith|Carpentry|Conditioning Field|Forge|Furnace|Gilded Foundry|Herb Garden|Joinery|Levy Hall|Tannery|War College,8,12
"Sgt/ShortSword/Kite/Chain [(RInd, EProw, NPie, NCun), Nimble, Recover 8]|M8",Sergeant,Short Sword,Kite Shield,Chainmail,,False,25,"Immune Blocked,Nimble,Parry,Recover 8",1200,,False,Academy|Animal Husbandry|Apothecary|Armory|Blacksmith|Carpentry|Conditioning Field|Furnace|Herb Garden|Joinery|Levy Hall|Tannery|War College,8,9
"Sgt/ShortSword+Crossbow/Tower/FullPlate (TY) [(EInd, EProw, NPie, NCun), Florentine, ImmU, Nimble, Temp, Riposte]|M8",Sergeant,Short Sword,Tower Shield,Full Plate,Crossbow,True,25,"Florentine,Improved Parry,Planishing,Immune Blocked,Parry,Riposte,Immune Unwieldy,Nimble",1000,,False,Academy|Animal Husbandry|Armory|Blacksmith|Carpentry|Coliseum|Conditioning Field|Fletchery|Forge|Furnace|Gilded Foundry|Grand Tournament|Joinery|Levy Hall|Tannery|Tiltyard|War College,8,12
"Sgt/Flail/Chain (DW) [(RInd, EProw, NPie, NCun), DW, Florentine, ImmU, Nimble]|M8",Sergeant,Flail,,Chainmail,,True,25,"Florentine,Nimble,Parry,Immune Blocked,Dual Wield,Immune Unwieldy",1400,,False,Academy|Animal Husbandry|Armory|Blacksmith|Carpentry|Coliseum|Conditioning Field|Fletchery|Furnace|Levy Hall|Tannery|Tiltyard|War College,8,9
"Sgt/Halberd+Crossbow/Cloth (TY) [(EInd, EProw, NPie, RCun), Florentine, ImmU, Nimble, Poison]|M8",Sergeant,Halberd,,Cloth,Crossbow,True,25,"Florentine,Nimble,Parry,Immune Blocked,Immune Unwieldy,Poison",1500,,False,Academy|Alchemy|Blacksmith|Carpentry|Coliseum|Conditioning Field|Fletchery|Forge|Furnace|Levy Hall|Tiltyard|Toxicarium|War College,8,15
"Sgt/Arming+Longbow/Tower/Chain (TY) [(EInd, EProw, NPie, NCun), Florentine, ImmU, Nimble]|M8",Sergeant,Arming Sword,Tower Shield,Chainmail,Longbow,True,25,"Florentine,Nimble,Parry,Immune Blocked,Immune Unwieldy",1000,,False,Academy|Animal Husbandry|Armory|Blacksmith|Carpentry|Coliseum|Conditioning Field|Fletchery|Forge|Furnace|Joinery|Levy Hall|Tannery|Tiltyard|War College,8,12
"Sgt/BattleAxe+Crossbow/Cloth (TY) [(EInd, EProw, NPie, NCun), Florentine, ImmU, Nimble, Serr]|M8",Sergeant,Battle Axe,,Cloth,Crossbow,True,25,"Florentine,Nimble,Parry,Immune Blocked,Immune Unwieldy,Serrated",1400,,False,Academy|Blacksmith|Carpentry|Coliseum|Conditioning Field|Fletchery|Forge|Furnace|Levy Hall|Master Workshop|Tiltyard|War College,8,12
"Sgt/Arming+Longbow/Kite/Cloth (TY) [(RInd, EProw, NPie, NCun), Florentine, ImmU, Nimble]|M8",Sergeant,Arming Sword,Kite Shield,Cloth,Longbow,True,25,"Florentine,Nimble,Parry,Immune Blocked,Immune Unwieldy",1000,,False,Academy|Armory|Blacksmith|Carpentry|Coliseum|Conditioning Field|Fletchery|Furnace|Joinery|Levy Hall|Tannery|Tiltyard|War College,8,9
"Sgt/ShortSword+Longbow/Kite/Cloth (TY) [(RInd, EProw, NPie, NCun), Florentine, ImmU, Nimble, Riposte]|M8",Sergeant,Short Sword,Kite Shield,Cloth,Longbow,True,25,"Florentine,Nimble,Parry,Improved Parry,Immune Blocked,Riposte,Immune Unwieldy",1000,,False,Academy|Armory|Blacksmith|Carpentry|Coliseum|Conditioning Field|Fletchery|Furnace|Grand Tournament|Joinery|Levy Hall|Tannery|Tiltyard|War College,8,9
"Sgt/Cudgel+HuntBow/Leather (TY) [(NInd, EProw, NPie, NCun), Florentine, ImmU, Nimble, Riposte]|M8",Sergeant,Cudgel,,Leather,Hunting Bow,True,25,"Florentine,Nimble,Parry,Improved Parry,Immune Blocked,Riposte,Immune Unwieldy",600,,False,Academy|Animal Husbandry|Butchery|Carpentry|Coliseum|Conditioning Field|Fletchery|Grand Tournament|Levy Hall|Tannery|Tiltyard|War College,8,6
"Sgt/Spears+HuntBow/Targe/Leather (TY) [(RInd, EProw, NPie, NCun), Florentine, ImmU, Nimble]|M8",Sergeant,Spears,Targe Shield,Leather,Hunting Bow,True,25,"Florentine,Nimble,Parry,Immune Blocked,Immune Unwieldy",1200,,False,Academy|Animal Husbandry|Blacksmith|Carpentry|Coliseum|Conditioning Field|Fletchery|Furnace|Joinery|Levy Hall|Tannery|Tiltyard|War College,8,9
"Sgt/Bastard+Javelin/Tower/Chain (TY) [(EInd, EProw, NPie, NCun), Florentine, ImmU, Nimble]|M8",Sergeant,Bastard Sword,Tower Shield,Chainmail,Javelin,True,25,"Florentine,Nimble,Parry,Immune Blocked,Immune Unwieldy",1000,,False,Academy|Animal Husbandry|Armory|Blacksmith|Carpentry|Coliseum|Conditioning Field|Fletchery|Forge|Furnace|Joinery|Levy Hall|Tannery|Tiltyard|War College,8,12
"Sgt/Halberd/Chain [(EInd, EProw, EPie, NCun), Enduring, Nimble, Rec 6, Recover 7, Recover 8, Serr, Shake+1]|M8",Sergeant,Halberd,,Chainmail,,False,25,"Recover 6,Shake +1,Immune Blocked,Parry,Enduring,Nimble,Recover 7,Recover 8,Serrated",1100,,False,Academy|Alchemy|Animal Husbandry|Apothecary|Armory|Blacksmith|Conditioning Field|Furnace|Herb Garden|Hospitaller|Infirmary|Levy Hall|Master Workshop|Tannery|War College,8,18
"Sgt/2HBastard+Crossbow/FullPlate (TY) [(EInd, EProw, NPie, NCun), Florentine, ImmU, Nimble, Temp]|M8",Sergeant,2HBastard,,Full Plate,Crossbow,True,25,"Florentine,Nimble,Parry,Planishing,Immune Blocked,Immune Unwieldy",1200,,False,Academy|Animal Husbandry|Armory|Blacksmith|Carpentry|Coliseum|Conditioning Field|Fletchery|Forge|Furnace|Gilded Foundry|Levy Hall|Tannery|Tiltyard|War College,8,12
"Sgt/Bastard/Heater/Chain [ABFM, (SInd, EProw, NPie, NCun), Nimble, Temp, Serr]|M8",Sergeant,Bastard Sword,Heater Shield,Chainmail,,False,25,"Nimble,ABF,Parry,Planishing,Immune Blocked,Serrated",500,,False,ABF|Academy|Animal Husbandry|Armory|Blacksmith|Carpentry|Conditioning Field|Forge|Furnace|Gilded Foundry|Joinery|Levy Hall|Master Workshop|Stable|Tannery|War College,8,16
"Sgt/Lance/Heater/Chain [ABFM, (SInd, EProw, NPie, NCun), Nimble, Temp, Serr]|M8",Sergeant,Lance,Heater Shield,Chainmail,,False,25,"Nimble,ABF,Parry,Planishing,Immune Blocked,Serrated",500,,False,ABF|Academy|Animal Husbandry|Armory|Blacksmith|Carpentry|Conditioning Field|Forge|Furnace|Gilded Foundry|Joinery|Levy Hall|Master Workshop|Stable|Tannery|War College,8,16
"Sgt/Morningstar+Longbow/Tower/FullPlate (TY) [(EInd, EProw, NPie, NCun), Florentine, ImmU, Nimble, Temp, Riposte]|M8",Sergeant,Morningstar,Tower Shield,Full Plate,Longbow,True,25,"Florentine,Improved Parry,Planishing,Immune Blocked,Parry,Riposte,Immune Unwieldy,Nimble",1000,,False,Academy|Animal Husbandry|Armory|Blacksmith|Carpentry|Coliseum|Conditioning Field|Fletchery|Forge|Furnace|Gilded Foundry|Grand Tournament|Joinery|Levy Hall|Tannery|Tiltyard|War College,8,12
"Sgt/Halberd+Javelin/Chain (TY) [(RInd, EProw, NPie, NCun), Florentine, ImmU, Nimble]|M8",Sergeant,Halberd,,Chainmail,Javelin,True,25,"Florentine,Nimble,Parry,Immune Blocked,Immune Unwieldy",1200,,False,Academy|Animal Husbandry|Armory|Blacksmith|Carpentry|Coliseum|Conditioning Field|Fletchery|Furnace|Levy Hall|Tannery|Tiltyard|War College,8,9
"Sgt/Flail+Javelin/Tower/Leather (TY) [(EInd, EProw, NPie, NCun), Florentine, ImmU, Nimble]|M8",Sergeant,Flail,Tower Shield,Leather,Javelin,True,25,"Florentine,Nimble,Parry,Immune Blocked,Immune Unwieldy",1200,,False,Academy|Animal Husbandry|Blacksmith|Carpentry|Coliseum|Conditioning Field|Fletchery|Forge|Furnace|Joinery|Levy Hall|Tannery|Tiltyard|War College,8,12
"Sgt/FarmTools/Tower/Chain [RoPaM, (EInd, SProw, NPie, NCun), Improved Parry, Serr]|M8",Sergeant,Farm Tools,Tower Shield,Chainmail,,False,25,"Immune Strain,Drilled,Parry,Improved Parry,Immune Blocked,Serrated",1000,,False,Academy|Animal Husbandry|Armory|Blacksmith|Carpentry|Forge|Furnace|Grand Tournament|Joinery|Levy Hall|Master Workshop|Royal Pavilion|Tannery|Tiltyard|War College,8,16
"Sgt/BattleAxe/Gothic [ABFM, (SInd, EProw, NPie, NCun), Nimble, Temp, Riposte, Serr]|M8",Sergeant,Battle Axe,,Gothic Plate,,False,25,"ABF,Improved Parry,Planishing,Immune Blocked,Parry,Riposte,Nimble,Serrated",700,,False,ABF|Academy|Animal Husbandry|Armory|Blacksmith|Coliseum|Conditioning Field|Furnace|Gilded Foundry|Grand Tournament|Levy Hall|Master Workshop|Stable|Tannery|War College,8,16
"Sgt/Pitchfork+Crossbow/Chain (TY) [(EInd, EProw, NPie, NCun), Florentine, ImmU, Nimble]|M8",Sergeant,Pitchfork,,Chainmail,Crossbow,True,25,"Florentine,Nimble,Parry,Immune Blocked,Immune Unwieldy",1200,,False,Academy|Animal Husbandry|Armory|Blacksmith|Carpentry|Coliseum|Conditioning Field|Fletchery|Forge|Furnace|Levy Hall|Tannery|Tiltyard|War College,8,12
"Sgt/Halberd+Longbow/Cloth (TY) [(RInd, EProw, NPie, NCun), Florentine, ImmU, Nimble, Riposte]|M8",Sergeant,Halberd,,Cloth,Longbow,True,25,"Florentine,Nimble,Parry,Improved Parry,Immune Blocked,Riposte,Immune Unwieldy",1600,,False,Academy|Blacksmith|Carpentry|Coliseum|Conditioning Field|Fletchery|Furnace|Grand Tournament|Levy Hall|Stable|Tiltyard|War College,8,9
"Sgt/Arming+Longbow/Tower/FullPlate (TY) [RoPaM, (EInd, SProw, NPie, NCun), Florentine, ImmU, Nimble, Temp, Riposte]|M8",Sergeant,Arming Sword,Tower Shield,Full Plate,Longbow,True,25,"Immune Strain,Drilled,Florentine,Improved Parry,Planishing,Immune Blocked,Parry,Riposte,Immune Unwieldy,Nimble",1000,,False,Academy|Animal Husbandry|Armory|Blacksmith|Carpentry|Coliseum|Conditioning Field|Fletchery|Forge|Furnace|Gilded Foundry|Grand Tournament|Joinery|Levy Hall|Royal Pavilion|Tannery|Tiltyard|War College,8,16
"Sgt/Flail+Longbow/Tower/Leather (TY) [(EInd, EProw, NPie, NCun), Florentine, ImmU, Nimble]|M8",Sergeant,Flail,Tower Shield,Leather,Longbow,True,25,"Florentine,Nimble,Parry,Immune Blocked,Immune Unwieldy",1200,,False,Academy|Animal Husbandry|Blacksmith|Carpentry|Coliseum|Conditioning Field|Fletchery|Forge|Furnace|Joinery|Levy Hall|Tannery|Tiltyard|War College,8,12
"Sgt/2HBastard/Cloth [(EInd, EProw, EPie, NCun), Enduring, Nimble, Rec 6, Recover 7, Recover 8, Serr, Shake+1]|M8",Sergeant,2HBastard,,Cloth,,False,25,"Recover 6,Shake +1,Immune Blocked,Parry,Enduring,Nimble,Recover 7,Recover 8,Serrated",1500,,False,Academy|Alchemy|Apothecary|Blacksmith|Conditioning Field|Forge|Furnace|Herb Garden|Hospitaller|Infirmary|Levy Hall|Master Workshop|Stable|War College,8,18
"Sgt/Pitchfork+HuntBow/Cloth (TY) [(NInd, EProw, NPie, NCun), Florentine, ImmU, Nimble, Recover 8, Riposte]|M8",Sergeant,Pitchfork,,Cloth,Hunting Bow,True,25,"Florentine,Improved Parry,Immune Blocked,Parry,Riposte,Immune Unwieldy,Nimble,Recover 8",1600,,False,Academy|Apothecary|Carpentry|Coliseum|Conditioning Field|Fletchery|Grand Tournament|Herb Garden|Levy Hall|Tiltyard|War College,8,6
"Sgt/ShortSword+HuntBow/Targe/FullPlate (TY) [(EInd, EProw, NPie, NCun), Florentine, ImmU, Nimble, Temp]|M8",Sergeant,Short Sword,Targe Shield,Full Plate,Hunting Bow,True,25,"Florentine,Nimble,Parry,Planishing,Immune Blocked,Immune Unwieldy",1000,,False,Academy|Animal Husbandry|Armory|Blacksmith|Carpentry|Coliseum|Conditioning Field|Fletchery|Furnace|Gilded Foundry|Joinery|Levy Hall|Tannery|Tiltyard|War College,8,12
"Sgt/2HBastard/Chain [(EInd, EProw, EPie, NCun), Enduring, Nimble, Rec 6, Recover 7, Recover 8, Serr, Shake+1]|M8",Sergeant,2HBastard,,Chainmail,,False,25,"Recover 6,Shake +1,Immune Blocked,Parry,Enduring,Nimble,Recover 7,Recover 8,Serrated",1100,,False,Academy|Alchemy|Animal Husbandry|Apothecary|Armory|Blacksmith|Conditioning Field|Forge|Furnace|Herb Garden|Hospitaller|Infirmary|Levy Hall|Master Workshop|Tannery|War College,8,18
"Sgt/Spears+Javelin/Tower/FullPlate (TY) [(EInd, EProw, NPie, NCun), Florentine, ImmU, Nimble, Temp]|M8",Sergeant,Spears,Tower Shield,Full Plate,Javelin,True,25,"Florentine,Nimble,Parry,Planishing,Immune Blocked,Immune Unwieldy",1000,,False,Academy|Animal Husbandry|Armory|Blacksmith|Carpentry|Coliseum|Conditioning Field|Fletchery|Forge|Furnace|Gilded Foundry|Joinery|Levy Hall|Tannery|Tiltyard|War College,8,12
"Sgt/Estoc/Heater/Cloth [ABFM, (SInd, EProw, NPie, NCun), Nimble, Temp, Riposte, Serr]|M8",Sergeant,Estoc,Heater Shield,Cloth,,False,25,"ABF,Improved Parry,Planishing,Immune Blocked,Parry,Riposte,Nimble,Serrated",500,,False,ABF|Academy|Armory|Blacksmith|Carpentry|Coliseum|Conditioning Field|Forge|Furnace|Gilded Foundry|Grand Tournament|Joinery|Levy Hall|Master Workshop|Stable|Tannery|War College,8,16
"Sgt/Cudgel+Javelin/Cloth (TY) [(EInd, EProw, NPie, NCun), Florentine, ImmU, Nimble, Serr]|M8",Sergeant,Cudgel,,Cloth,Javelin,True,25,"Florentine,Nimble,Parry,Immune Blocked,Immune Unwieldy,Serrated",1400,,False,Academy|Blacksmith|Carpentry|Coliseum|Conditioning Field|Fletchery|Furnace|Levy Hall|Master Workshop|Tiltyard|War College,8,12
"Sgt/Daggers+Javelin/Chain (TY) [(RInd, EProw, NPie, NCun), Florentine, ImmU, Nimble]|M8",Sergeant,Daggers,,Chainmail,Javelin,True,25,"Florentine,Nimble,Parry,Immune Blocked,Immune Unwieldy",1200,,False,Academy|Animal Husbandry|Armory|Blacksmith|Carpentry|Coliseum|Conditioning Field|Fletchery|Furnace|Levy Hall|Tannery|Tiltyard|War College,8,9
"Sgt/Spears+Crossbow/Cloth (TY) [(EInd, EProw, NPie, NCun), Florentine, ImmU, Nimble]|M8",Sergeant,Spears,,Cloth,Crossbow,True,25,"Florentine,Nimble,Parry,Immune Blocked,Immune Unwieldy",1600,,False,Academy|Blacksmith|Carpentry|Coliseum|Conditioning Field|Fletchery|Forge|Furnace|Levy Hall|Stable|Tiltyard|War College,8,12
"Sgt/Arming/Kite/Cloth [PrM, (RInd, EProw, SPie, NCun), Rec 6, Shake+1]|M8",Sergeant,Arming Sword,Kite Shield,Cloth,,False,25,"Recover 6,Parry,Shake +1,Immune Blocked,Resolute",1200,,False,Abbey|Academy|Armory|Blacksmith|Carpentry|Furnace|Hospitaller|Joinery|Levy Hall|Monastery|Pilgrimage Site|Preceptory|Tannery|War College,8,19
"KT/FarmTools/Cloth [PrM, (NInd, EProw, SPie, NCun), Nimble, Rec 6, Shake+1]|M4",Knight Templar,Farm Tools,,Cloth,,False,25,"Nimble,Recover 6,Parry,Shake +1,Immune Blocked,Resolute",2000,,False,Abbey|Conditioning Field|Hospitaller|Monastery|Pilgrimage Site|Preceptory,4,16
"KT/Cudgel/Cloth [PrM, (NInd, EProw, SPie, NCun), Nimble, Rec 6, Riposte, Shake+1]|M4",Knight Templar,Cudgel,,Cloth,,False,25,"Recover 6,Improved Parry,Shake +1,Immune Blocked,Parry,Riposte,Resolute,Nimble",2000,,False,Abbey|Coliseum|Conditioning Field|Grand Tournament|Hospitaller|Monastery|Pilgrimage Site|Preceptory,4,16
"KT/Cudgel/Cloth [PrM, (NInd, EProw, SPie, NCun), Nimble, Rec 6, Shake+1]|M4",Knight Templar,Cudgel,,Cloth,,False,25,"Nimble,Recover 6,Parry,Shake +1,Immune Blocked,Resolute",2000,,False,Abbey|Conditioning Field|Hospitaller|Monastery|Pilgrimage Site|Preceptory,4,16
"KT/Pitchfork/Cloth [PrM, (NInd, EProw, SPie, NCun), Nimble, Rec 6, Shake+1]|M4",Knight Templar,Pitchfork,,Cloth,,False,25,"Nimble,Recover 6,Parry,Shake +1,Immune Blocked,Resolute",2000,,False,Abbey|Conditioning Field|Hospitaller|Monastery|Pilgrimage Site|Preceptory,4,16
"KT/FarmTools/Cloth [PrM, (NInd, EProw, SPie, NCun), Enduring, Nimble, Rec 6, Recover 7, Recover 8, Shake+1]|M5",Knight Templar,Farm Tools,,Cloth,,False,25,"Recover 6,Shake +1,Immune Blocked,Parry,Enduring,Resolute,Nimble,Recover 7,Recover 8",1900,,False,Abbey|Alchemy|Apothecary|Conditioning Field|Herb Garden|Hospitaller|Infirmary|Monastery|Pilgrimage Site|Preceptory,5,16
"KT/FarmTools/Buckler/Cloth [PrM, (RInd, EProw, SPie, NCun), Nimble, Rec 6, Shake+1]|M5",Knight Templar,Farm Tools,Buckler Shield,Cloth,,False,25,"Nimble,Recover 6,Parry,Shake +1,Immune Blocked,Resolute",1800,,False,Abbey|Carpentry|Conditioning Field|Hospitaller|Joinery|Monastery|Pilgrimage Site|Preceptory,5,19
"KT/FarmTools/Buckler/Cloth [PrM, (RInd, EProw, SPie, NCun), Nimble, Rec 6, Riposte, Shake+1]|M5",Knight Templar,Farm Tools,Buckler Shield,Cloth,,False,25,"Recover 6,Improved Parry,Shake +1,Immune Blocked,Parry,Riposte,Resolute,Nimble",1800,,False,Abbey|Carpentry|Coliseum|Conditioning Field|Grand Tournament|Hospitaller|Joinery|Monastery|Pilgrimage Site|Preceptory,5,19
"KT/FarmTools/Leather [PrM, (NInd, EProw, SPie, NCun), Nimble, Rec 6, Riposte, Shake+1]|M5",Knight Templar,Farm Tools,,Leather,,False,25,"Recover 6,Improved Parry,Shake +1,Immune Blocked,Parry,Riposte,Resolute,Nimble",1800,,False,Abbey|Animal Husbandry|Coliseum|Conditioning Field|Grand Tournament|Hospitaller|Monastery|Pilgrimage Site|Preceptory|Tannery,5,16
"KT/FarmTools/Leather [PrM, (NInd, EProw, SPie, NCun), Nimble, Rec 6, Shake+1]|M5",Knight Templar,Farm Tools,,Leather,,False,25,"Nimble,Recover 6,Parry,Shake +1,Immune Blocked,Resolute",1800,,False,Abbey|Animal Husbandry|Conditioning Field|Hospitaller|Monastery|Pilgrimage Site|Preceptory|Tannery,5,16
"KT/Cudgel/Cloth [PrM, (NInd, EProw, SPie, NCun), Enduring, Nimble, Rec 6, Recover 7, Recover 8, Riposte, Shake+1]|M5",Knight Templar,Cudgel,,Cloth,,False,25,"Recover 6,Improved Parry,Shake +1,Immune Blocked,Parry,Enduring,Riposte,Resolute,Nimble,Recover 7,Recover 8",1900,,False,Abbey|Alchemy|Apothecary|Coliseum|Conditioning Field|Grand Tournament|Herb Garden|Hospitaller|Infirmary|Monastery|Pilgrimage Site|Preceptory,5,16
"KT/Cudgel/Cloth [PrM, MiMiStM, (NInd, SProw, SPie, NCun), Rec 6, Shake+1]|M5",Knight Templar,Cudgel,,Cloth,,False,25,"Recover 6,Improved Parry,Shake +1,+1TH,Crit 7,Immune Blocked,Parry,Resolute,+1I,MaxInit3,Seize: first",2000,,False,Abbey|Hospitaller|Ministry of Military Strategy|Monastery|Pilgrimage Site|Preceptory|University|War College,5,20
"KT/Cudgel/Cloth [PrM, (NInd, EProw, SPie, NCun), Enduring, Nimble, Rec 6, Recover 7, Recover 8, Shake+1]|M5",Knight Templar,Cudgel,,Cloth,,False,25,"Recover 6,Shake +1,Immune Blocked,Parry,Enduring,Resolute,Nimble,Recover 7,Recover 8",1900,,False,Abbey|Alchemy|Apothecary|Conditioning Field|Herb Garden|Hospitaller|Infirmary|Monastery|Pilgrimage Site|Preceptory,5,16
"KT/Cudgel/Leather [PrM, (NInd, EProw, SPie, NCun), Nimble, Rec 6, Shake+1]|M5",Knight Templar,Cudgel,,Leather,,False,25,"Nimble,Recover 6,Parry,Shake +1,Immune Blocked,Resolute",1800,,False,Abbey|Animal Husbandry|Conditioning Field|Hospitaller|Monastery|Pilgrimage Site|Preceptory|Tannery,5,16
"KT/Pitchfork/Cloth [PrM, (NInd, EProw, SPie, NCun), Enduring, Nimble, Rec 6, Recover 7, Recover 8, Shake+1]|M5",Knight Templar,Pitchfork,,Cloth,,False,25,"Recover 6,Shake +1,Immune Blocked,Parry,Enduring,Resolute,Nimble,Recover 7,Recover 8",1900,,False,Abbey|Alchemy|Apothecary|Conditioning Field|Herb Garden|Hospitaller|Infirmary|Monastery|Pilgrimage Site|Preceptory,5,16
"KT/Pitchfork/Leather [PrM, (NInd, EProw, SPie, NCun), Nimble, Rec 6, Shake+1]|M5",Knight Templar,Pitchfork,,Leather,,False,25,"Nimble,Recover 6,Parry,Shake +1,Immune Blocked,Resolute",1800,,False,Abbey|Animal Husbandry|Conditioning Field|Hospitaller|Monastery|Pilgrimage Site|Preceptory|Tannery,5,16
"KT/Daggers/Cloth [PrM, (NInd, EProw, SPie, NCun), Nimble, Rec 6, Shake+1]|M5",Knight Templar,Daggers,,Cloth,,False,25,"Nimble,Recover 6,Parry,Shake +1,Immune Blocked,Resolute",2000,,False,Abbey|Conditioning Field|Furnace|Hospitaller|Monastery|Pilgrimage Site|Preceptory,5,16
"KT/Pike/Cloth [PrM, (RInd, EProw, SPie, NCun), Nimble, Rec 6, Shake+1]|M5",Knight Templar,Pike,,Cloth,,False,25,"Nimble,Recover 6,Parry,Shake +1,Immune Blocked,Resolute",2000,,False,Abbey|Blacksmith|Conditioning Field|Furnace|Hospitaller|Monastery|Pilgrimage Site|Preceptory,5,19
"KT/Pike/Cloth [PrM, (RInd, EProw, SPie, NCun), Nimble, Rec 6, Riposte, Shake+1]|M5",Knight Templar,Pike,,Cloth,,False,25,"Recover 6,Improved Parry,Shake +1,Immune Blocked,Parry,Riposte,Resolute,Nimble",2000,,False,Abbey|Blacksmith|Coliseum|Conditioning Field|Furnace|Grand Tournament|Hospitaller|Monastery|Pilgrimage Site|Preceptory,5,19
"KT/Halberd/Cloth [PrM, (RInd, EProw, SPie, NCun), Nimble, Rec 6, Shake+1]|M5",Knight Templar,Halberd,,Cloth,,False,25,"Nimble,Recover 6,Parry,Shake +1,Immune Blocked,Resolute",2000,,False,Abbey|Blacksmith|Conditioning Field|Furnace|Hospitaller|Monastery|Pilgrimage Site|Preceptory,5,19
"KT/Halberd/Cloth [PrM, MiMiStI, (RInd, SProw, SPie, NCun), Rec 6, Shake+1]|M5",Knight Templar,Halberd,,Cloth,,False,25,"Recover 6,Shake +1,Immune Blocked,Parry,Resolute,+1I,MaxInit3,Seize: first",2000,,False,Abbey|Blacksmith|Furnace|Hospitaller|Ministry of Military Strategy|Monastery|Pilgrimage Site|Preceptory,5,23
"KT/Halberd/Cloth [PrM, (RInd, EProw, SPie, NCun), Nimble, Rec 6, Riposte, Shake+1]|M5",Knight Templar,Halberd,,Cloth,,False,25,"Recover 6,Improved Parry,Shake +1,Immune Blocked,Parry,Riposte,Resolute,Nimble",2000,,False,Abbey|Blacksmith|Coliseum|Conditioning Field|Furnace|Grand Tournament|Hospitaller|Monastery|Pilgrimage Site|Preceptory,5,19
"KT/BattleAxe/Cloth [PrM, (RInd, EProw, SPie, NCun), Nimble, Rec 6, Shake+1]|M5",Knight Templar,Battle Axe,,Cloth,,False,25,"Nimble,Recover 6,Parry,Shake +1,Immune Blocked,Resolute",2000,,False,Abbey|Blacksmith|Conditioning Field|Furnace|Hospitaller|Monastery|Pilgrimage Site|Preceptory,5,19
"KT/BattleAxe/Cloth [PrM, (RInd, EProw, SPie, NCun), Nimble, Rec 6, Riposte, Shake+1]|M5",Knight Templar,Battle Axe,,Cloth,,False,25,"Recover 6,Improved Parry,Shake +1,Immune Blocked,Parry,Riposte,Resolute,Nimble",2000,,False,Abbey|Blacksmith|Coliseum|Conditioning Field|Furnace|Grand Tournament|Hospitaller|Monastery|Pilgrimage Site|Preceptory,5,19
"KT/2HBastard/Cloth [PrM, (EInd, EProw, SPie, NCun), Nimble, Rec 6, Shake+1]|M5",Knight Templar,2HBastard,,Cloth,,False,25,"Nimble,Recover 6,Parry,Shake +1,Immune Blocked,Resolute",2000,,False,Abbey|Blacksmith|Conditioning Field|Forge|Furnace|Hospitaller|Monastery|Pilgrimage Site|Preceptory,5,22
"KT/2HBastard/Cloth [RoPaI, PrM, (EInd, SProw, SPie, NCun), Rec 6, Shake+1]|M5",Knight Templar,2HBastard,,Cloth,,False,25,"Immune Strain,Recover 6,Shake +1,Parry,Resolute,Immune Blocked",2000,,False,Abbey|Blacksmith|Forge|Furnace|Hospitaller|Monastery|Pilgrimage Site|Preceptory|Royal Pavilion,5,26
"KT/WarHammer/Cloth [PrM, (EInd, EProw, SPie, NCun), Nimble, Rec 6, Shake+1]|M5",Knight Templar,War Hammer,,Cloth,,False,25,"Nimble,Recover 6,Parry,Shake +1,Immune Blocked,Resolute",2000,,False,Abbey|Blacksmith|Conditioning Field|Forge|Furnace|Hospitaller|Monastery|Pilgrimage Site|Preceptory,5,22
"KT/FarmTools/Cloth [PrM, (NInd, EProw, SPie, NCun), Nimble, Rec 6, Recover 8, Shake+1]|M6",Knight Templar,Farm Tools,,Cloth,,False,25,"Nimble,Recover 6,Parry,Shake +1,Immune Blocked,Resolute,Recover 8",2000,,False,Abbey|Apothecary|Conditioning Field|Herb Garden|Hospitaller|Monastery|Pilgrimage Site|Preceptory,6,16
"KT/FarmTools/Buckler/Cloth [PrM, (RInd, EProw, SPie, NCun), Enduring, Nimble, Rec 6, Recover 7, Recover 8, Shake+1]|M6",Knight Templar,Farm Tools,Buckler Shield,Cloth,,False,25,"Recover 6,Shake +1,Immune Blocked,Parry,Enduring,Resolute,Nimble,Recover 7,Recover 8",1700,,False,Abbey|Alchemy|Apothecary|Carpentry|Conditioning Field|Herb Garden|Hospitaller|Infirmary|Joinery|Monastery|Pilgrimage Site|Preceptory,6,19
"KT/FarmTools/Buckler/Cloth [PrM, (RInd, EProw, SPie, NCun), Enduring, Nimble, Rec 6, Recover 7, Recover 8, Riposte, Shake+1]|M6",Knight Templar,Farm Tools,Buckler Shield,Cloth,,False,25,"Recover 6,Improved Parry,Shake +1,Immune Blocked,Parry,Enduring,Riposte,Resolute,Nimble,Recover 7,Recover 8",1700,,False,Abbey|Alchemy|Apothecary|Carpentry|Coliseum|Conditioning Field|Grand Tournament|Herb Garden|Hospitaller|Infirmary|Joinery|Monastery|Pilgrimage Site|Preceptory,6,19
"KT/FarmTools/Targe/Cloth [PrM, (RInd, EProw, SPie, NCun), Nimble, Rec 6, Shake+1]|M6",Knight Templar,Farm Tools,Targe Shield,Cloth,,False,25,"Nimble,Recover 6,Parry,Shake +1,Immune Blocked,Resolute",1800,,False,Abbey|Blacksmith|Carpentry|Conditioning Field|Furnace|Hospitaller|Joinery|Monastery|Pilgrimage Site|Preceptory,6,19
"KT/FarmTools/Targe/Cloth [PrM, MiMiStI, (RInd, SProw, SPie, NCun), Rec 6, Shake+1]|M6",Knight Templar,Farm Tools,Targe Shield,Cloth,,False,25,"Recover 6,Shake +1,Immune Blocked,Parry,Resolute,+1I,MaxInit3,Seize: first",1800,,False,Abbey|Blacksmith|Carpentry|Furnace|Hospitaller|Joinery|Ministry of Military Strategy|Monastery|Pilgrimage Site|Preceptory,6,23
"KT/FarmTools/Tower/Cloth [PrM, (EInd, EProw, SPie, NCun), Nimble, Rec 6, Shake+1]|M6",Knight Templar,Farm Tools,Tower Shield,Cloth,,False,25,"Nimble,Recover 6,Parry,Shake +1,Immune Blocked,Resolute",1800,,False,Abbey|Blacksmith|Carpentry|Conditioning Field|Forge|Furnace|Hospitaller|Joinery|Monastery|Pilgrimage Site|Preceptory,6,22
"KT/FarmTools/Tower/Cloth [RoPaI, PrM, (EInd, SProw, SPie, NCun), Rec 6, Shake+1]|M6",Knight Templar,Farm Tools,Tower Shield,Cloth,,False,25,"Immune Strain,Recover 6,Shake +1,Parry,Resolute,Immune Blocked",1800,,False,Abbey|Blacksmith|Carpentry|Forge|Furnace|Hospitaller|Joinery|Monastery|Pilgrimage Site|Preceptory|Royal Pavilion,6,26
"KT/FarmTools/Leather [PrM, (NInd, EProw, SPie, NCun), Enduring, Nimble, Rec 6, Recover 7, Recover 8, Riposte, Shake+1]|M6",Knight Templar,Farm Tools,,Leather,,False,25,"Recover 6,Improved Parry,Shake +1,Immune Blocked,Parry,Enduring,Riposte,Resolute,Nimble,Recover 7,Recover 8",1700,,False,Abbey|Alchemy|Animal Husbandry|Apothecary|Coliseum|Conditioning Field|Grand Tournament|Herb Garden|Hospitaller|Infirmary|Monastery|Pilgrimage Site|Preceptory|Tannery,6,16
"KT/FarmTools/Leather [PrM, (NInd, EProw, SPie, NCun), Enduring, Nimble, Rec 6, Recover 7, Recover 8, Shake+1]|M6",Knight Templar,Farm Tools,,Leather,,False,25,"Recover 6,Shake +1,Immune Blocked,Parry,Enduring,Resolute,Nimble,Recover 7,Recover 8",1700,,False,Abbey|Alchemy|Animal Husbandry|Apothecary|Conditioning Field|Herb Garden|Hospitaller|Infirmary|Monastery|Pilgrimage Site|Preceptory|Tannery,6,16
"KT/FarmTools/Buckler/Leather [PrM, (RInd, EProw, SPie, NCun), Nimble, Rec 6, Shake+1]|M6",Knight Templar,Farm Tools,Buckler Shield,Leather,,False,25,"Nimble,Recover 6,Parry,Shake +1,Immune Blocked,Resolute",1600,,False,Abbey|Animal Husbandry|Carpentry|Conditioning Field|Hospitaller|Joinery|Monastery|Pilgrimage Site|Preceptory|Tannery,6,19
"KT/FarmTools/Buckler/Leather [PrM, (RInd, EProw, SPie, NCun), Nimble, Rec 6, Riposte, Shake+1]|M6",Knight Templar,Farm Tools,Buckler Shield,Leather,,False,25,"Recover 6,Improved Parry,Shake +1,Immune Blocked,Parry,Riposte,Resolute,Nimble",1600,,False,Abbey|Animal Husbandry|Carpentry|Coliseum|Conditioning Field|Grand Tournament|Hospitaller|Joinery|Monastery|Pilgrimage Site|Preceptory|Tannery,6,19
"KT/FarmTools/Chain [PrM, (RInd, EProw, SPie, NCun), Nimble, Rec 6, Shake+1]|M6",Knight Templar,Farm Tools,,Chainmail,,False,25,"Nimble,Recover 6,Parry,Shake +1,Immune Blocked,Resolute",1600,,False,Abbey|Animal Husbandry|Armory|Blacksmith|Conditioning Field|Furnace|Hospitaller|Monastery|Pilgrimage Site|Preceptory|Tannery,6,19
"KT/FarmTools/Chain [RoPaI, PrM, (RInd, SProw, SPie, NCun), Rec 6, Shake+1]|M6",Knight Templar,Farm Tools,,Chainmail,,False,25,"Immune Strain,Recover 6,Shake +1,Parry,Resolute,Immune Blocked",1600,,False,Abbey|Animal Husbandry|Armory|Blacksmith|Furnace|Hospitaller|Monastery|Pilgrimage Site|Preceptory|Royal Pavilion|Tannery,6,23
"KT/FarmTools/FullPlate [PrM, (EInd, EProw, SPie, NCun), Nimble, Temp, Rec 6, Shake+1]|M6",Knight Templar,Farm Tools,,Full Plate,,False,25,"Nimble,Recover 6,Parry,Shake +1,Planishing,Immune Blocked,Resolute",1600,,False,Abbey|Animal Husbandry|Armory|Blacksmith|Conditioning Field|Furnace|Gilded Foundry|Hospitaller|Monastery|Pilgrimage Site|Preceptory|Tannery,6,22
"KT/Cudgel/Cloth [PrM, (NInd, EProw, SPie, NCun), Nimble, Rec 6, Recover 8, Riposte, Shake+1]|M6",Knight Templar,Cudgel,,Cloth,,False,25,"Recover 6,Improved Parry,Shake +1,Immune Blocked,Parry,Riposte,Resolute,Nimble,Recover 8",2000,,False,Abbey|Apothecary|Coliseum|Conditioning Field|Grand Tournament|Herb Garden|Hospitaller|Monastery|Pilgrimage Site|Preceptory,6,16
"KT/Cudgel/Cloth [PrM, MiMiStM, (NInd, SProw, SPie, NCun), Enduring, Rec 6, Recover 7, Recover 8, Shake+1]|M6",Knight Templar,Cudgel,,Cloth,,False,25,"Recover 6,Improved Parry,Shake +1,+1TH,Crit 7,Immune Blocked,Enduring,Resolute,+1I,Parry,MaxInit3,Recover 7,Seize: first,Recover 8",1900,,False,Abbey|Alchemy|Apothecary|Herb Garden|Hospitaller|Infirmary|Ministry of Military Strategy|Monastery|Pilgrimage Site|Preceptory|University|War College,6,20
"KT/Cudgel/Cloth [PrM, (NInd, EProw, SPie, NCun), Nimble, Rec 6, Recover 8, Shake+1]|M6",Knight Templar,Cudgel,,Cloth,,False,25,"Nimble,Recover 6,Parry,Shake +1,Immune Blocked,Resolute,Recover 8",2000,,False,Abbey|Apothecary|Conditioning Field|Herb Garden|Hospitaller|Monastery|Pilgrimage Site|Preceptory,6,16
"KT/Cudgel/Leather [PrM, (NInd, EProw, SPie, NCun), Enduring, Nimble, Rec 6, Recover 7, Recover 8, Shake+1]|M6",Knight Templar,Cudgel,,Leather,,False,25,"Recover 6,Shake +1,Immune Blocked,Parry,Enduring,Resolute,Nimble,Recover 7,Recover 8",1700,,False,Abbey|Alchemy|Animal Husbandry|Apothecary|Conditioning Field|Herb Garden|Hospitaller|Infirmary|Monastery|Pilgrimage Site|Preceptory|Tannery,6,16
"KT/Cudgel/Chain [PrM, (RInd, EProw, SPie, NCun), Nimble, Rec 6, Shake+1]|M6",Knight Templar,Cudgel,,Chainmail,,False,25,"Nimble,Recover 6,Parry,Shake +1,Immune Blocked,Resolute",1600,,False,Abbey|Animal Husbandry|Armory|Blacksmith|Conditioning Field|Furnace|Hospitaller|Monastery|Pilgrimage Site|Preceptory|Tannery,6,19
"KT/Cudgel/FullPlate [PrM, (EInd, EProw, SPie, NCun), Nimble, Temp, Rec 6, Shake+1]|M6",Knight Templar,Cudgel,,Full Plate,,False,25,"Nimble,Recover 6,Parry,Shake +1,Planishing,Immune Blocked,Resolute",1600,,False,Abbey|Animal Husbandry|Armory|Blacksmith|Conditioning Field|Furnace|Gilded Foundry|Hospitaller|Monastery|Pilgrimage Site|Preceptory|Tannery,6,22
"KT/Pitchfork/Cloth [PrM, (NInd, EProw, SPie, NCun), Nimble, Rec 6, Recover 8, Shake+1]|M6",Knight Templar,Pitchfork,,Cloth,,False,25,"Nimble,Recover 6,Parry,Shake +1,Immune Blocked,Resolute,Recover 8",2000,,False,Abbey|Apothecary|Conditioning Field|Herb Garden|Hospitaller|Monastery|Pilgrimage Site|Preceptory,6,16
"KT/Pitchfork/Leather [PrM, (NInd, EProw, SPie, NCun), Enduring, Nimble, Rec 6, Recover 7, Recover 8, Shake+1]|M6",Knight Templar,Pitchfork,,Leather,,False,25,"Recover 6,Shake +1,Immune Blocked,Parry,Enduring,Resolute,Nimble,Recover 7,Recover 8",1700,,False,Abbey|Alchemy|Animal Husbandry|Apothecary|Conditioning Field|Herb Garden|Hospitaller|Infirmary|Monastery|Pilgrimage Site|Preceptory|Tannery,6,16
"KT/Pitchfork/Chain [PrM, (RInd, EProw, SPie, NCun), Nimble, Rec 6, Shake+1]|M6",Knight Templar,Pitchfork,,Chainmail,,False,25,"Nimble,Recover 6,Parry,Shake +1,Immune Blocked,Resolute",1600,,False,Abbey|Animal Husbandry|Armory|Blacksmith|Conditioning Field|Furnace|Hospitaller|Monastery|Pilgrimage Site|Preceptory|Tannery,6,19
"KT/Pitchfork/FullPlate [PrM, (EInd, EProw, SPie, NCun), Nimble, Temp, Rec 6, Shake+1]|M6",Knight Templar,Pitchfork,,Full Plate,,False,25,"Nimble,Recover 6,Parry,Shake +1,Planishing,Immune Blocked,Resolute",1600,,False,Abbey|Animal Husbandry|Armory|Blacksmith|Conditioning Field|Furnace|Gilded Foundry|Hospitaller|Monastery|Pilgrimage Site|Preceptory|Tannery,6,22
"KT/Daggers/Cloth [PrM, (NInd, EProw, SPie, NCun), Enduring, Nimble, Rec 6, Recover 7, Recover 8, Shake+1]|M6",Knight Templar,Daggers,,Cloth,,False,25,"Recover 6,Shake +1,Immune Blocked,Parry,Enduring,Resolute,Nimble,Recover 7,Recover 8",1900,,False,Abbey|Alchemy|Apothecary|Conditioning Field|Furnace|Herb Garden|Hospitaller|Infirmary|Monastery|Pilgrimage Site|Preceptory,6,16
"KT/Daggers/Cloth [RoPaM, PrM, (NInd, SProw, SPie, NCun), Improved Parry, Rec 6, Shake+1]|M6",Knight Templar,Daggers,,Cloth,,False,25,"Immune Strain,Drilled,Recover 6,Improved Parry,Shake +1,Immune Blocked,Parry,Resolute",2000,,False,Abbey|Furnace|Grand Tournament|Hospitaller|Monastery|Pilgrimage Site|Preceptory|Royal Pavilion|Tiltyard,6,20
"KT/Daggers/Leather [PrM, (NInd, EProw, SPie, NCun), Nimble, Rec 6, Shake+1]|M6",Knight Templar,Daggers,,Leather,,False,25,"Nimble,Recover 6,Parry,Shake +1,Immune Blocked,Resolute",1800,,False,Abbey|Animal Husbandry|Conditioning Field|Furnace|Hospitaller|Monastery|Pilgrimage Site|Preceptory|Tannery,6,16
"KT/Daggers/Chain [PrM, (RInd, EProw, SPie, NCun), Nimble, Rec 6, Shake+1]|M6",Knight Templar,Daggers,,Chainmail,,False,25,"Nimble,Recover 6,Parry,Shake +1,Immune Blocked,Resolute",1600,,False,Abbey|Animal Husbandry|Armory|Blacksmith|Conditioning Field|Furnace|Hospitaller|Monastery|Pilgrimage Site|Preceptory|Tannery,6,19
"KT/Daggers/FullPlate [PrM, (EInd, EProw, SPie, NCun), Nimble, Temp, Rec 6, Shake+1]|M6",Knight Templar,Daggers,,Full Plate,,False,25,"Nimble,Recover 6,Parry,Shake +1,Planishing,Immune Blocked,Resolute",1600,,False,Abbey|Animal Husbandry|Armory|Blacksmith|Conditioning Field|Furnace|Gilded Foundry|Hospitaller|Monastery|Pilgrimage Site|Preceptory|Tannery,6,22
"KT/ShortSword/Targe/Cloth [PrM, MiMiStI, (RInd, SProw, SPie, NCun), Rec 6, Shake+1]|M6",Knight Templar,Short Sword,Targe Shield,Cloth,,False,25,"Recover 6,Shake +1,Immune Blocked,Parry,Resolute,+1I,MaxInit3,Seize: first",1800,,False,Abbey|Blacksmith|Carpentry|Furnace|Hospitaller|Joinery|Ministry of Military Strategy|Monastery|Pilgrimage Site|Preceptory,6,23
"KT/ShortSword/Targe/Cloth [PrM, (RInd, EProw, SPie, NCun), Nimble, Rec 6, Riposte, Shake+1]|M6",Knight Templar,Short Sword,Targe Shield,Cloth,,False,25,"Recover 6,Improved Parry,Shake +1,Immune Blocked,Parry,Riposte,Resolute,Nimble",1800,,False,Abbey|Blacksmith|Carpentry|Coliseum|Conditioning Field|Furnace|Grand Tournament|Hospitaller|Joinery|Monastery|Pilgrimage Site|Preceptory,6,19
"KT/ShortSword/Targe/Cloth [PrM, (RInd, EProw, SPie, NCun), Nimble, Rec 6, Shake+1]|M6",Knight Templar,Short Sword,Targe Shield,Cloth,,False,25,"Nimble,Recover 6,Parry,Shake +1,Immune Blocked,Resolute",1800,,False,Abbey|Blacksmith|Carpentry|Conditioning Field|Furnace|Hospitaller|Joinery|Monastery|Pilgrimage Site|Preceptory,6,19
"KT/ShortSword/Tower/Cloth [PrM, (EInd, EProw, SPie, NCun), Nimble, Rec 6, Shake+1]|M6",Knight Templar,Short Sword,Tower Shield,Cloth,,False,25,"Nimble,Recover 6,Parry,Shake +1,Immune Blocked,Resolute",1800,,False,Abbey|Blacksmith|Carpentry|Conditioning Field|Forge|Furnace|Hospitaller|Joinery|Monastery|Pilgrimage Site|Preceptory,6,22
"KT/Spears/Targe/Cloth [PrM, (RInd, EProw, SPie, NCun), Nimble, Rec 6, Shake+1]|M6",Knight Templar,Spears,Targe Shield,Cloth,,False,25,"Nimble,Recover 6,Parry,Shake +1,Immune Blocked,Resolute",1800,,False,Abbey|Blacksmith|Carpentry|Conditioning Field|Furnace|Hospitaller|Joinery|Monastery|Pilgrimage Site|Preceptory,6,19
"KT/Spears/Targe/Cloth [PrM, MiMiStI, (RInd, SProw, SPie, NCun), Rec 6, Shake+1]|M6",Knight Templar,Spears,Targe Shield,Cloth,,False,25,"Recover 6,Shake +1,Immune Blocked,Parry,Resolute,+1I,MaxInit3,Seize: first",1800,,False,Abbey|Blacksmith|Carpentry|Furnace|Hospitaller|Joinery|Ministry of Military Strategy|Monastery|Pilgrimage Site|Preceptory,6,23
"KT/Spears/Tower/Cloth [PrM, (EInd, EProw, SPie, NCun), Nimble, Rec 6, Shake+1]|M6",Knight Templar,Spears,Tower Shield,Cloth,,False,25,"Nimble,Recover 6,Parry,Shake +1,Immune Blocked,Resolute",1800,,False,Abbey|Blacksmith|Carpentry|Conditioning Field|Forge|Furnace|Hospitaller|Joinery|Monastery|Pilgrimage Site|Preceptory,6,22
"KT/Arming/Tower/Cloth [PrM, (EInd, EProw, SPie, NCun), Nimble, Rec 6, Shake+1]|M6",Knight Templar,Arming Sword,Tower Shield,Cloth,,False,25,"Nimble,Recover 6,Parry,Shake +1,Immune Blocked,Resolute",1800,,False,Abbey|Blacksmith|Carpentry|Conditioning Field|Forge|Furnace|Hospitaller|Joinery|Monastery|Pilgrimage Site|Preceptory,6,22
"KT/Pike/Cloth [PrM, (RInd, EProw, SPie, NCun), Enduring, Nimble, Rec 6, Recover 7, Recover 8, Shake+1]|M6",Knight Templar,Pike,,Cloth,,False,25,"Recover 6,Shake +1,Immune Blocked,Parry,Enduring,Resolute,Nimble,Recover 7,Recover 8",1900,,False,Abbey|Alchemy|Apothecary|Blacksmith|Conditioning Field|Furnace|Herb Garden|Hospitaller|Infirmary|Monastery|Pilgrimage Site|Preceptory,6,19
"KT/Pike/Cloth [PrM, (RInd, EProw, SPie, NCun), Enduring, Nimble, Rec 6, Recover 7, Recover 8, Riposte, Shake+1]|M6",Knight Templar,Pike,,Cloth,,False,25,"Recover 6,Improved Parry,Shake +1,Immune Blocked,Parry,Enduring,Riposte,Resolute,Nimble,Recover 7,Recover 8",1900,,False,Abbey|Alchemy|Apothecary|Blacksmith|Coliseum|Conditioning Field|Furnace|Grand Tournament|Herb Garden|Hospitaller|Infirmary|Monastery|Pilgrimage Site|Preceptory,6,19
"KT/Pike/Leather [PrM, (RInd, EProw, SPie, NCun), Nimble, Rec 6, Shake+1]|M6",Knight Templar,Pike,,Leather,,False,25,"Nimble,Recover 6,Parry,Shake +1,Immune Blocked,Resolute",1800,,False,Abbey|Animal Husbandry|Blacksmith|Conditioning Field|Furnace|Hospitaller|Monastery|Pilgrimage Site|Preceptory|Tannery,6,19
"KT/Pike/Chain [PrM, (RInd, EProw, SPie, NCun), Nimble, Rec 6, Riposte, Shake+1]|M6",Knight Templar,Pike,,Chainmail,,False,25,"Recover 6,Improved Parry,Shake +1,Immune Blocked,Parry,Riposte,Resolute,Nimble",1600,,False,Abbey|Animal Husbandry|Armory|Blacksmith|Coliseum|Conditioning Field|Furnace|Grand Tournament|Hospitaller|Monastery|Pilgrimage Site|Preceptory|Tannery,6,19
"KT/Pike/Chain [PrM, (RInd, EProw, SPie, NCun), Nimble, Rec 6, Shake+1]|M6",Knight Templar,Pike,,Chainmail,,False,25,"Nimble,Recover 6,Parry,Shake +1,Immune Blocked,Resolute",1600,,False,Abbey|Animal Husbandry|Armory|Blacksmith|Conditioning Field|Furnace|Hospitaller|Monastery|Pilgrimage Site|Preceptory|Tannery,6,19
"KT/Pike/FullPlate [PrM, (EInd, EProw, SPie, NCun), Nimble, Temp, Rec 6, Shake+1]|M6",Knight Templar,Pike,,Full Plate,,False,25,"Nimble,Recover 6,Parry,Shake +1,Planishing,Immune Blocked,Resolute",1600,,False,Abbey|Animal Husbandry|Armory|Blacksmith|Conditioning Field|Furnace|Gilded Foundry|Hospitaller|Monastery|Pilgrimage Site|Preceptory|Tannery,6,22
"KT/Flail/Tower/Cloth [PrM, (EInd, EProw, SPie, NCun), Nimble, Rec 6, Shake+1]|M6",Knight Templar,Flail,Tower Shield,Cloth,,False,25,"Nimble,Recover 6,Parry,Shake +1,Immune Blocked,Resolute",1800,,False,Abbey|Blacksmith|Carpentry|Conditioning Field|Forge|Furnace|Hospitaller|Joinery|Monastery|Pilgrimage Site|Preceptory,6,22
"KT/Halberd/Cloth [PrM, (RInd, EProw, SPie, NCun), Enduring, Nimble, Rec 6, Recover 7, Recover 8, Shake+1]|M6",Knight Templar,Halberd,,Cloth,,False,25,"Recover 6,Shake +1,Immune Blocked,Parry,Enduring,Resolute,Nimble,Recover 7,Recover 8",1900,,False,Abbey|Alchemy|Apothecary|Blacksmith|Conditioning Field|Furnace|Herb Garden|Hospitaller|Infirmary|Monastery|Pilgrimage Site|Preceptory,6,19
"KT/Halberd/Cloth [PrM, MiMiStI, (RInd, SProw, SPie, NCun), Enduring, Rec 6, Recover 7, Recover 8, Shake+1]|M6",Knight Templar,Halberd,,Cloth,,False,25,"Recover 6,Shake +1,Immune Blocked,Parry,Enduring,Resolute,+1I,MaxInit3,Recover 7,Seize: first,Recover 8",1900,,False,Abbey|Alchemy|Apothecary|Blacksmith|Furnace|Herb Garden|Hospitaller|Infirmary|Ministry of Military Strategy|Monastery|Pilgrimage Site|Preceptory,6,23
"KT/Halberd/Cloth [PrM, (RInd, EProw, SPie, NCun), Enduring, Nimble, Rec 6, Recover 7, Recover 8, Riposte, Shake+1]|M6",Knight Templar,Halberd,,Cloth,,False,25,"Recover 6,Improved Parry,Shake +1,Immune Blocked,Parry,Enduring,Riposte,Resolute,Nimble,Recover 7,Recover 8",1900,,False,Abbey|Alchemy|Apothecary|Blacksmith|Coliseum|Conditioning Field|Furnace|Grand Tournament|Herb Garden|Hospitaller|Infirmary|Monastery|Pilgrimage Site|Preceptory,6,19
"KT/Halberd/Leather [PrM, (RInd, EProw, SPie, NCun), Nimble, Rec 6, Shake+1]|M6",Knight Templar,Halberd,,Leather,,False,25,"Nimble,Recover 6,Parry,Shake +1,Immune Blocked,Resolute",1800,,False,Abbey|Animal Husbandry|Blacksmith|Conditioning Field|Furnace|Hospitaller|Monastery|Pilgrimage Site|Preceptory|Tannery,6,19
"KT/Halberd/Leather [PrM, (RInd, EProw, SPie, NCun), Nimble, Rec 6, Riposte, Shake+1]|M6",Knight Templar,Halberd,,Leather,,False,25,"Recover 6,Improved Parry,Shake +1,Immune Blocked,Parry,Riposte,Resolute,Nimble",1800,,False,Abbey|Animal Husbandry|Blacksmith|Coliseum|Conditioning Field|Furnace|Grand Tournament|Hospitaller|Monastery|Pilgrimage Site|Preceptory|Tannery,6,19
"KT/Halberd/Chain [PrM, (RInd, EProw, SPie, NCun), Nimble, Rec 6, Shake+1]|M6",Knight Templar,Halberd,,Chainmail,,False,25,"Nimble,Recover 6,Parry,Shake +1,Immune Blocked,Resolute",1600,,False,Abbey|Animal Husbandry|Armory|Blacksmith|Conditioning Field|Furnace|Hospitaller|Monastery|Pilgrimage Site|Preceptory|Tannery,6,19
"KT/Halberd/Chain [PrM, (RInd, EProw, SPie, NCun), Nimble, Rec 6, Riposte, Shake+1]|M6",Knight Templar,Halberd,,Chainmail,,False,25,"Recover 6,Improved Parry,Shake +1,Immune Blocked,Parry,Riposte,Resolute,Nimble",1600,,False,Abbey|Animal Husbandry|Armory|Blacksmith|Coliseum|Conditioning Field|Furnace|Grand Tournament|Hospitaller|Monastery|Pilgrimage Site|Preceptory|Tannery,6,19
"KT/Halberd/FullPlate [PrM, (EInd, EProw, SPie, NCun), Nimble, Temp, Rec 6, Shake+1]|M6",Knight Templar,Halberd,,Full Plate,,False,25,"Nimble,Recover 6,Parry,Shake +1,Planishing,Immune Blocked,Resolute",1600,,False,Abbey|Animal Husbandry|Armory|Blacksmith|Conditioning Field|Furnace|Gilded Foundry|Hospitaller|Monastery|Pilgrimage Site|Preceptory|Tannery,6,22
"KT/BattleAxe/Cloth [PrM, (RInd, EProw, SPie, NCun), Enduring, Nimble, Rec 6, Recover 7, Recover 8, Shake+1]|M6",Knight Templar,Battle Axe,,Cloth,,False,25,"Recover 6,Shake +1,Immune Blocked,Parry,Enduring,Resolute,Nimble,Recover 7,Recover 8",1900,,False,Abbey|Alchemy|Apothecary|Blacksmith|Conditioning Field|Furnace|Herb Garden|Hospitaller|Infirmary|Monastery|Pilgrimage Site|Preceptory,6,19
"KT/BattleAxe/Cloth [PrM, (RInd, EProw, SPie, NCun), Enduring, Nimble, Rec 6, Recover 7, Recover 8, Riposte, Shake+1]|M6",Knight Templar,Battle Axe,,Cloth,,False,25,"Recover 6,Improved Parry,Shake +1,Immune Blocked,Parry,Enduring,Riposte,Resolute,Nimble,Recover 7,Recover 8",1900,,False,Abbey|Alchemy|Apothecary|Blacksmith|Coliseum|Conditioning Field|Furnace|Grand Tournament|Herb Garden|Hospitaller|Infirmary|Monastery|Pilgrimage Site|Preceptory,6,19
"KT/BattleAxe/Leather [PrM, (RInd, EProw, SPie, NCun), Nimble, Rec 6, Shake+1]|M6",Knight Templar,Battle Axe,,Leather,,False,25,"Nimble,Recover 6,Parry,Shake +1,Immune Blocked,Resolute",1800,,False,Abbey|Animal Husbandry|Blacksmith|Conditioning Field|Furnace|Hospitaller|Monastery|Pilgrimage Site|Preceptory|Tannery,6,19
"KT/BattleAxe/Leather [PrM, (RInd, EProw, SPie, NCun), Nimble, Rec 6, Riposte, Shake+1]|M6",Knight Templar,Battle Axe,,Leather,,False,25,"Recover 6,Improved Parry,Shake +1,Immune Blocked,Parry,Riposte,Resolute,Nimble",1800,,False,Abbey|Animal Husbandry|Blacksmith|Coliseum|Conditioning Field|Furnace|Grand Tournament|Hospitaller|Monastery|Pilgrimage Site|Preceptory|Tannery,6,19
"KT/BattleAxe/Chain [PrM, (RInd, EProw, SPie, NCun), Nimble, Rec 6, Shake+1]|M6",Knight Templar,Battle Axe,,Chainmail,,False,25,"Nimble,Recover 6,Parry,Shake +1,Immune Blocked,Resolute",1600,,False,Abbey|Animal Husbandry|Armory|Blacksmith|Conditioning Field|Furnace|Hospitaller|Monastery|Pilgrimage Site|Preceptory|Tannery,6,19
"KT/BattleAxe/FullPlate [PrM, (EInd, EProw, SPie, NCun), Nimble, Temp, Rec 6, Shake+1]|M6",Knight Templar,Battle Axe,,Full Plate,,False,25,"Nimble,Recover 6,Parry,Shake +1,Planishing,Immune Blocked,Resolute",1600,,False,Abbey|Animal Husbandry|Armory|Blacksmith|Conditioning Field|Furnace|Gilded Foundry|Hospitaller|Monastery|Pilgrimage Site|Preceptory|Tannery,6,22
"KT/Cavalry Spear/Buckler/Cloth [PrM, (RInd, EProw, SPie, NCun), Nimble, Rec 6, Shake+1]|M6",Knight Templar,Cavalry Spear,Buckler Shield,Cloth,,False,25,"Nimble,Recover 6,Parry,Shake +1,Immune Blocked,Resolute",1800,,False,Abbey|Blacksmith|Carpentry|Conditioning Field|Furnace|Hospitaller|Joinery|Monastery|Pilgrimage Site|Preceptory,6,19
"KT/Cavalry Spear/Buckler/Cloth [PrM, (RInd, EProw, SPie, NCun), Nimble, Rec 6, Riposte, Shake+1]|M6",Knight Templar,Cavalry Spear,Buckler Shield,Cloth,,False,25,"Recover 6,Improved Parry,Shake +1,Immune Blocked,Parry,Riposte,Resolute,Nimble",1800,,False,Abbey|Blacksmith|Carpentry|Coliseum|Conditioning Field|Furnace|Grand Tournament|Hospitaller|Joinery|Monastery|Pilgrimage Site|Preceptory,6,19
"KT/Cavalry Spear/Targe/Cloth [PrM, (RInd, EProw, SPie, NCun), Nimble, Rec 6, Shake+1]|M6",Knight Templar,Cavalry Spear,Targe Shield,Cloth,,False,25,"Nimble,Recover 6,Parry,Shake +1,Immune Blocked,Resolute",1800,,False,Abbey|Blacksmith|Carpentry|Conditioning Field|Furnace|Hospitaller|Joinery|Monastery|Pilgrimage Site|Preceptory,6,19
"KT/Morningstar/Tower/Cloth [PrM, (EInd, EProw, SPie, NCun), Nimble, Rec 6, Shake+1]|M6",Knight Templar,Morningstar,Tower Shield,Cloth,,False,25,"Nimble,Recover 6,Parry,Shake +1,Immune Blocked,Resolute",1800,,False,Abbey|Blacksmith|Carpentry|Conditioning Field|Forge|Furnace|Hospitaller|Joinery|Monastery|Pilgrimage Site|Preceptory,6,22
"KT/Bastard/Tower/Cloth [PrM, (EInd, EProw, SPie, NCun), Nimble, Rec 6, Shake+1]|M6",Knight Templar,Bastard Sword,Tower Shield,Cloth,,False,25,"Nimble,Recover 6,Parry,Shake +1,Immune Blocked,Resolute",1800,,False,Abbey|Blacksmith|Carpentry|Conditioning Field|Forge|Furnace|Hospitaller|Joinery|Monastery|Pilgrimage Site|Preceptory,6,22
"KT/2HBastard/Cloth [PrM, (EInd, EProw, SPie, NCun), Enduring, Nimble, Rec 6, Recover 7, Recover 8, Shake+1]|M6",Knight Templar,2HBastard,,Cloth,,False,25,"Recover 6,Shake +1,Immune Blocked,Parry,Enduring,Resolute,Nimble,Recover 7,Recover 8",1900,,False,Abbey|Alchemy|Apothecary|Blacksmith|Conditioning Field|Forge|Furnace|Herb Garden|Hospitaller|Infirmary|Monastery|Pilgrimage Site|Preceptory,6,22
"KT/2HBastard/Cloth [RoPaI, PrM, (EInd, SProw, SPie, NCun), Enduring, Rec 6, Recover 7, Recover 8, Shake+1]|M6",Knight Templar,2HBastard,,Cloth,,False,25,"Immune Strain,Recover 6,Shake +1,Immune Blocked,Parry,Enduring,Resolute,Recover 7,Recover 8",1900,,False,Abbey|Alchemy|Apothecary|Blacksmith|Forge|Furnace|Herb Garden|Hospitaller|Infirmary|Monastery|Pilgrimage Site|Preceptory|Royal Pavilion,6,26
"KT/2HBastard/Leather [PrM, (EInd, EProw, SPie, NCun), Nimble, Rec 6, Shake+1]|M6",Knight Templar,2HBastard,,Leather,,False,25,"Nimble,Recover 6,Parry,Shake +1,Immune Blocked,Resolute",1800,,False,Abbey|Animal Husbandry|Blacksmith|Conditioning Field|Forge|Furnace|Hospitaller|Monastery|Pilgrimage Site|Preceptory|Tannery,6,22
"KT/2HBastard/Leather [PrM, (EInd, EProw, SPie, NCun), Nimble, Rec 6, Riposte, Shake+1]|M6",Knight Templar,2HBastard,,Leather,,False,25,"Recover 6,Improved Parry,Shake +1,Immune Blocked,Parry,Riposte,Resolute,Nimble",1800,,False,Abbey|Animal Husbandry|Blacksmith|Coliseum|Conditioning Field|Forge|Furnace|Grand Tournament|Hospitaller|Monastery|Pilgrimage Site|Preceptory|Tannery,6,22
"KT/2HBastard/Chain [PrM, (EInd, EProw, SPie, NCun), Nimble, Rec 6, Shake+1]|M6",Knight Templar,2HBastard,,Chainmail,,False,25,"Nimble,Recover 6,Parry,Shake +1,Immune Blocked,Resolute",1600,,False,Abbey|Animal Husbandry|Armory|Blacksmith|Conditioning Field|Forge|Furnace|Hospitaller|Monastery|Pilgrimage Site|Preceptory|Tannery,6,22
"KT/2HBastard/FullPlate [PrM, (EInd, EProw, SPie, NCun), Nimble, Temp, Rec 6, Shake+1]|M6",Knight Templar,2HBastard,,Full Plate,,False,25,"Nimble,Recover 6,Parry,Shake +1,Planishing,Immune Blocked,Resolute",1600,,False,Abbey|Animal Husbandry|Armory|Blacksmith|Conditioning Field|Forge|Furnace|Gilded Foundry|Hospitaller|Monastery|Pilgrimage Site|Preceptory|Tannery,6,22
"KT/WarHammer/Cloth [PrM, (EInd, EProw, SPie, NCun), Enduring, Nimble, Rec 6, Recover 7, Recover 8, Shake+1]|M6",Knight Templar,War Hammer,,Cloth,,False,25,"Recover 6,Shake +1,Immune Blocked,Parry,Enduring,Resolute,Nimble,Recover 7,Recover 8",1900,,False,Abbey|Alchemy|Apothecary|Blacksmith|Conditioning Field|Forge|Furnace|Herb Garden|Hospitaller|Infirmary|Monastery|Pilgrimage Site|Preceptory,6,22
"KT/WarHammer/Leather [PrM, (EInd, EProw, SPie, NCun), Nimble, Rec 6, Riposte, Shake+1]|M6",Knight Templar,War Hammer,,Leather,,False,25,"Recover 6,Improved Parry,Shake +1,Immune Blocked,Parry,Riposte,Resolute,Nimble",1800,,False,Abbey|Animal Husbandry|Blacksmith|Coliseum|Conditioning Field|Forge|Furnace|Grand Tournament|Hospitaller|Monastery|Pilgrimage Site|Preceptory|Tannery,6,22
"KT/WarHammer/Leather [PrM, (EInd, EProw, SPie, NCun), Nimble, Rec 6, Shake+1]|M6",Knight Templar,War Hammer,,Leather,,False,25,"Nimble,Recover 6,Parry,Shake +1,Immune Blocked,Resolute",1800,,False,Abbey|Animal Husbandry|Blacksmith|Conditioning Field|Forge|Furnace|Hospitaller|Monastery|Pilgrimage Site|Preceptory|Tannery,6,22
"KT/WarHammer/Chain [PrM, (EInd, EProw, SPie, NCun), Nimble, Rec 6, Shake+1]|M6",Knight Templar,War Hammer,,Chainmail,,False,25,"Nimble,Recover 6,Parry,Shake +1,Immune Blocked,Resolute",1600,,False,Abbey|Animal Husbandry|Armory|Blacksmith|Conditioning Field|Forge|Furnace|Hospitaller|Monastery|Pilgrimage Site|Preceptory|Tannery,6,22
"KT/WarHammer/FullPlate [PrM, (EInd, EProw, SPie, NCun), Nimble, Temp, Rec 6, Shake+1]|M6",Knight Templar,War Hammer,,Full Plate,,False,25,"Nimble,Recover 6,Parry,Shake +1,Planishing,Immune Blocked,Resolute",1600,,False,Abbey|Animal Husbandry|Armory|Blacksmith|Conditioning Field|Forge|Furnace|Gilded Foundry|Hospitaller|Monastery|Pilgrimage Site|Preceptory|Tannery,6,22
"KT/WarHammer/FullPlate [PrM, MiMiStI, (EInd, SProw, SPie, NCun), Temp, Rec 6, Shake+1]|M6",Knight Templar,War Hammer,,Full Plate,,False,25,"Recover 6,Shake +1,Planishing,Immune Blocked,Parry,Resolute,+1I,MaxInit3,Seize: first",1600,,False,Abbey|Animal Husbandry|Armory|Blacksmith|Forge|Furnace|Gilded Foundry|Hospitaller|Ministry of Military Strategy|Monastery|Pilgrimage Site|Preceptory|Tannery,6,26
"KT/Lance/Buckler/Cloth [PrM, (EInd, EProw, SPie, NCun), Nimble, Rec 6, Shake+1]|M6",Knight Templar,Lance,Buckler Shield,Cloth,,False,25,"Nimble,Recover 6,Parry,Shake +1,Immune Blocked,Resolute",1800,,False,Abbey|Blacksmith|Carpentry|Conditioning Field|Forge|Furnace|Hospitaller|Joinery|Monastery|Pilgrimage Site|Preceptory,6,22
"KT/Lance/Buckler/Cloth [PrM, (EInd, EProw, SPie, NCun), Nimble, Rec 6, Riposte, Shake+1]|M6",Knight Templar,Lance,Buckler Shield,Cloth,,False,25,"Recover 6,Improved Parry,Shake +1,Immune Blocked,Parry,Riposte,Resolute,Nimble",1800,,False,Abbey|Blacksmith|Carpentry|Coliseum|Conditioning Field|Forge|Furnace|Grand Tournament|Hospitaller|Joinery|Monastery|Pilgrimage Site|Preceptory,6,22
"KT/Lance/Targe/Cloth [PrM, MiMiStI, (EInd, SProw, SPie, NCun), Rec 6, Shake+1]|M6",Knight Templar,Lance,Targe Shield,Cloth,,False,25,"Recover 6,Shake +1,Immune Blocked,Parry,Resolute,+1I,MaxInit3,Seize: first",1800,,False,Abbey|Blacksmith|Carpentry|Forge|Furnace|Hospitaller|Joinery|Ministry of Military Strategy|Monastery|Pilgrimage Site|Preceptory,6,26
"KT/Lance/Targe/Cloth [PrM, (EInd, EProw, SPie, NCun), Nimble, Rec 6, Shake+1]|M6",Knight Templar,Lance,Targe Shield,Cloth,,False,25,"Nimble,Recover 6,Parry,Shake +1,Immune Blocked,Resolute",1800,,False,Abbey|Blacksmith|Carpentry|Conditioning Field|Forge|Furnace|Hospitaller|Joinery|Monastery|Pilgrimage Site|Preceptory,6,22
"KT/Lance/Kite/Leather [PrM, (EInd, EProw, SPie, NCun), Nimble, Rec 6, Shake+1]|M7",Knight Templar,Lance,Kite Shield,Leather,,False,25,"Nimble,Recover 6,Parry,Shake +1,Immune Blocked,Resolute",1400,,False,Abbey|Animal Husbandry|Armory|Blacksmith|Carpentry|Conditioning Field|Forge|Furnace|Hospitaller|Joinery|Monastery|Pilgrimage Site|Preceptory|Tannery,7,22
"KT/Daggers/Leather [PrM, (NInd, EProw, SPie, NCun), Enduring, Nimble, Rec 6, Recover 7, Recover 8, Shake+1]|M7",Knight Templar,Daggers,,Leather,,False,25,"Recover 6,Shake +1,Immune Blocked,Parry,Enduring,Resolute,Nimble,Recover 7,Recover 8",1700,,False,Abbey|Alchemy|Animal Husbandry|Apothecary|Conditioning Field|Furnace|Herb Garden|Hospitaller|Infirmary|Monastery|Pilgrimage Site|Preceptory|Tannery,7,16
"KT/Cavalry Spear/Buckler/Cloth [PrM, (RInd, EProw, SPie, NCun), Enduring, Nimble, Rec 6, Recover 7, Recover 8, Shake+1]|M7",Knight Templar,Cavalry Spear,Buckler Shield,Cloth,,False,25,"Recover 6,Shake +1,Immune Blocked,Parry,Enduring,Resolute,Nimble,Recover 7,Recover 8",1700,,False,Abbey|Alchemy|Apothecary|Blacksmith|Carpentry|Conditioning Field|Furnace|Herb Garden|Hospitaller|Infirmary|Joinery|Monastery|Pilgrimage Site|Preceptory,7,19
"KT/ShortSword/Kite/Leather [PrM, (RInd, EProw, SPie, NCun), Nimble, Rec 6, Shake+1]|M7",Knight Templar,Short Sword,Kite Shield,Leather,,False,25,"Nimble,Recover 6,Parry,Shake +1,Immune Blocked,Resolute",1400,,False,Abbey|Animal Husbandry|Armory|Blacksmith|Carpentry|Conditioning Field|Furnace|Hospitaller|Joinery|Monastery|Pilgrimage Site|Preceptory|Tannery,7,19
"KT/Cavalry Spear/Kite/FullPlate [RoPaI, PrM, (EInd, SProw, SPie, NCun), Temp, Rec 6, Shake+1]|M7",Knight Templar,Cavalry Spear,Kite Shield,Full Plate,,False,25,"Immune Strain,Recover 6,Parry,Shake +1,Planishing,Immune Blocked,Resolute",1400,,False,Abbey|Animal Husbandry|Armory|Blacksmith|Carpentry|Furnace|Gilded Foundry|Hospitaller|Joinery|Monastery|Pilgrimage Site|Preceptory|Royal Pavilion|Tannery,7,26
"KT/Arming/Kite/FullPlate [PrM, (EInd, EProw, SPie, NCun), Nimble, Temp, Rec 6, Shake+1]|M7",Knight Templar,Arming Sword,Kite Shield,Full Plate,,False,25,"Nimble,Recover 6,Parry,Shake +1,Planishing,Immune Blocked,Resolute",1400,,False,Abbey|Animal Husbandry|Armory|Blacksmith|Carpentry|Conditioning Field|Furnace|Gilded Foundry|Hospitaller|Joinery|Monastery|Pilgrimage Site|Preceptory|Tannery,7,22
"KT/Halberd/Cloth [PrM, (RInd, EProw, SPie, NCun), Nimble, Rec 6, Recover 8, Riposte, Shake+1]|M7",Knight Templar,Halberd,,Cloth,,False,25,"Recover 6,Improved Parry,Shake +1,Immune Blocked,Parry,Riposte,Resolute,Nimble,Recover 8",2000,,False,Abbey|Apothecary|Blacksmith|Coliseum|Conditioning Field|Furnace|Grand Tournament|Herb Garden|Hospitaller|Monastery|Pilgrimage Site|Preceptory,7,19
"KT/Halberd/Chain [RoPaM, PrM, (RInd, SProw, SPie, NCun), Improved Parry, Rec 6, Shake+1]|M7",Knight Templar,Halberd,,Chainmail,,False,25,"Immune Strain,Drilled,Recover 6,Improved Parry,Shake +1,Immune Blocked,Parry,Resolute",1600,,False,Abbey|Animal Husbandry|Armory|Blacksmith|Furnace|Grand Tournament|Hospitaller|Monastery|Pilgrimage Site|Preceptory|Royal Pavilion|Tannery|Tiltyard,7,23
"KT/FarmTools/Targe/Chain [PrM, OuInPoI, (RInd, EProw, SPie, SCun), Rec 6, Shake+1]|M7",Knight Templar,Farm Tools,Targe Shield,Chainmail,,False,25,"confers:Blocked,Recover 6,confers:Strain,Shake +1,Immune Blocked,Parry,Resolute,Outrider: once",1400,,False,Abbey|Animal Husbandry|Armory|Blacksmith|Carpentry|Furnace|Hospitaller|Joinery|Monastery|Outrider Intercept Post|Pilgrimage Site|Preceptory|Tannery,7,29
"KT/Spears/Kite/FullPlate [PrM, (EInd, EProw, SPie, NCun), Nimble, Temp, Rec 6, Shake+1]|M7",Knight Templar,Spears,Kite Shield,Full Plate,,False,25,"Nimble,Recover 6,Parry,Shake +1,Planishing,Immune Blocked,Resolute",1400,,False,Abbey|Animal Husbandry|Armory|Blacksmith|Carpentry|Conditioning Field|Furnace|Gilded Foundry|Hospitaller|Joinery|Monastery|Pilgrimage Site|Preceptory|Tannery,7,22
"KT/FarmTools/Kite/Chain [PrM, (RInd, EProw, SPie, NCun), Nimble, Rec 6, Shake+1]|M7",Knight Templar,Farm Tools,Kite Shield,Chainmail,,False,25,"Nimble,Recover 6,Parry,Shake +1,Immune Blocked,Resolute",1400,,False,Abbey|Animal Husbandry|Armory|Blacksmith|Carpentry|Conditioning Field|Furnace|Hospitaller|Joinery|Monastery|Pilgrimage Site|Preceptory|Tannery,7,19
"KT/Flail/Tower/Cloth [PrM, (EInd, EProw, SPie, NCun), Enduring, Nimble, Rec 6, Recover 7, Recover 8, Shake+1]|M7",Knight Templar,Flail,Tower Shield,Cloth,,False,25,"Recover 6,Shake +1,Immune Blocked,Parry,Enduring,Resolute,Nimble,Recover 7,Recover 8",1700,,False,Abbey|Alchemy|Apothecary|Blacksmith|Carpentry|Conditioning Field|Forge|Furnace|Herb Garden|Hospitaller|Infirmary|Joinery|Monastery|Pilgrimage Site|Preceptory,7,22
"KT/Pitchfork+HuntBow/Cloth (TY) [PrM, (NInd, EProw, SPie, NCun), Florentine, ImmU, Nimble, Rec 6, Riposte, Shake+1]|M7",Knight Templar,Pitchfork,,Cloth,Hunting Bow,True,25,"Florentine,Recover 6,Improved Parry,Shake +1,Immune Blocked,Parry,Riposte,Resolute,Immune Unwieldy,Nimble",1800,,False,Abbey|Carpentry|Coliseum|Conditioning Field|Fletchery|Grand Tournament|Hospitaller|Monastery|Pilgrimage Site|Preceptory|Tiltyard,7,16
"KT/BattleAxe/FullPlate [PrM, (EInd, EProw, SPie, NCun), Enduring, Nimble, Temp, Rec 6, Recover 7, Recover 8, Shake+1]|M7",Knight Templar,Battle Axe,,Full Plate,,False,25,"Recover 6,Shake +1,Planishing,Immune Blocked,Parry,Enduring,Resolute,Nimble,Recover 7,Recover 8",1500,,False,Abbey|Alchemy|Animal Husbandry|Apothecary|Armory|Blacksmith|Conditioning Field|Furnace|Gilded Foundry|Herb Garden|Hospitaller|Infirmary|Monastery|Pilgrimage Site|Preceptory|Tannery,7,22
"KT/Pitchfork/Leather [PrM, (NInd, EProw, SPie, NCun), Nimble, Rec 6, Recover 8, Shake+1]|M7",Knight Templar,Pitchfork,,Leather,,False,25,"Nimble,Recover 6,Parry,Shake +1,Immune Blocked,Resolute,Recover 8",1800,,False,Abbey|Animal Husbandry|Apothecary|Conditioning Field|Herb Garden|Hospitaller|Monastery|Pilgrimage Site|Preceptory|Tannery,7,16
"KT/Cudgel/FullPlate [RoPaM, PrM, (EInd, SProw, SPie, NCun), Improved Parry, Temp, Rec 6, Shake+1]|M7",Knight Templar,Cudgel,,Full Plate,,False,25,"Immune Strain,Drilled,Recover 6,Improved Parry,Shake +1,Planishing,Immune Blocked,Parry,Resolute",1600,,False,Abbey|Animal Husbandry|Armory|Blacksmith|Furnace|Gilded Foundry|Grand Tournament|Hospitaller|Monastery|Pilgrimage Site|Preceptory|Royal Pavilion|Tannery|Tiltyard,7,26
"KT/Cudgel+HuntBow/Cloth (TY) [RoPaM, PrM, (NInd, SProw, SPie, NCun), Florentine, ImmU, Nimble, Rec 6, Riposte, Shake+1]|M7",Knight Templar,Cudgel,,Cloth,Hunting Bow,True,25,"Immune Strain,Florentine,Drilled,Recover 6,Improved Parry,Shake +1,Immune Blocked,Parry,Riposte,Resolute,Immune Unwieldy,Nimble",1800,,False,Abbey|Carpentry|Coliseum|Conditioning Field|Fletchery|Grand Tournament|Hospitaller|Monastery|Pilgrimage Site|Preceptory|Royal Pavilion|Tiltyard,7,20
"KT/2HBastard/FullPlate [PrM, (EInd, EProw, SPie, NCun), Enduring, Nimble, Temp, Rec 6, Recover 7, Recover 8, Shake+1]|M7",Knight Templar,2HBastard,,Full Plate,,False,25,"Recover 6,Shake +1,Planishing,Immune Blocked,Parry,Enduring,Resolute,Nimble,Recover 7,Recover 8",1500,,False,Abbey|Alchemy|Animal Husbandry|Apothecary|Armory|Blacksmith|Conditioning Field|Forge|Furnace|Gilded Foundry|Herb Garden|Hospitaller|Infirmary|Monastery|Pilgrimage Site|Preceptory|Tannery,7,22
"KT/Bastard/Tower/Leather [PrM, (EInd, EProw, SPie, NCun), Nimble, Rec 6, Shake+1]|M7",Knight Templar,Bastard Sword,Tower Shield,Leather,,False,25,"Nimble,Recover 6,Parry,Shake +1,Immune Blocked,Resolute",1600,,False,Abbey|Animal Husbandry|Blacksmith|Carpentry|Conditioning Field|Forge|Furnace|Hospitaller|Joinery|Monastery|Pilgrimage Site|Preceptory|Tannery,7,22
"KT/Arming/Kite/Leather [PrM, (RInd, EProw, SPie, NCun), Nimble, Rec 6, Shake+1]|M7",Knight Templar,Arming Sword,Kite Shield,Leather,,False,25,"Nimble,Recover 6,Parry,Shake +1,Immune Blocked,Resolute",1400,,False,Abbey|Animal Husbandry|Armory|Blacksmith|Carpentry|Conditioning Field|Furnace|Hospitaller|Joinery|Monastery|Pilgrimage Site|Preceptory|Tannery,7,19
"KT/Spears/Tower/Chain [PrM, (EInd, EProw, SPie, NCun), Nimble, Rec 6, Shake+1]|M7",Knight Templar,Spears,Tower Shield,Chainmail,,False,25,"Nimble,Recover 6,Parry,Shake +1,Immune Blocked,Resolute",1400,,False,Abbey|Animal Husbandry|Armory|Blacksmith|Carpentry|Conditioning Field|Forge|Furnace|Hospitaller|Joinery|Monastery|Pilgrimage Site|Preceptory|Tannery,7,22
"KT/FarmTools/FullPlate [PrM, (EInd, EProw, SPie, NCun), Enduring, Nimble, Temp, Rec 6, Recover 7, Recover 8, Shake+1]|M7",Knight Templar,Farm Tools,,Full Plate,,False,25,"Recover 6,Shake +1,Planishing,Immune Blocked,Parry,Enduring,Resolute,Nimble,Recover 7,Recover 8",1500,,False,Abbey|Alchemy|Animal Husbandry|Apothecary|Armory|Blacksmith|Conditioning Field|Furnace|Gilded Foundry|Herb Garden|Hospitaller|Infirmary|Monastery|Pilgrimage Site|Preceptory|Tannery,7,22
"KT/Spears/Targe/Cloth [PrM, (RInd, EProw, SPie, NCun), Enduring, Nimble, Rec 6, Recover 7, Recover 8, Shake+1]|M7",Knight Templar,Spears,Targe Shield,Cloth,,False,25,"Recover 6,Shake +1,Immune Blocked,Parry,Enduring,Resolute,Nimble,Recover 7,Recover 8",1700,,False,Abbey|Alchemy|Apothecary|Blacksmith|Carpentry|Conditioning Field|Furnace|Herb Garden|Hospitaller|Infirmary|Joinery|Monastery|Pilgrimage Site|Preceptory,7,19
"KT/WarHammer/Cloth [PrM, (EInd, EProw, SPie, NCun), Nimble, Rec 6, Recover 8, Shake+1]|M7",Knight Templar,War Hammer,,Cloth,,False,25,"Nimble,Recover 6,Parry,Shake +1,Immune Blocked,Resolute,Recover 8",2000,,False,Abbey|Apothecary|Blacksmith|Conditioning Field|Forge|Furnace|Herb Garden|Hospitaller|Monastery|Pilgrimage Site|Preceptory,7,22
"KT/FarmTools/Buckler/Cloth [PrM, (RInd, EProw, SPie, NCun), Nimble, Rec 6, Recover 8, Riposte, Shake+1]|M7",Knight Templar,Farm Tools,Buckler Shield,Cloth,,False,25,"Recover 6,Improved Parry,Shake +1,Immune Blocked,Parry,Riposte,Resolute,Nimble,Recover 8",1800,,False,Abbey|Apothecary|Carpentry|Coliseum|Conditioning Field|Grand Tournament|Herb Garden|Hospitaller|Joinery|Monastery|Pilgrimage Site|Preceptory,7,19
"KT/Flail/Tower/FullPlate [PrM, (EInd, EProw, SPie, NCun), Nimble, Temp, Rec 6, Shake+1]|M7",Knight Templar,Flail,Tower Shield,Full Plate,,False,25,"Nimble,Recover 6,Parry,Shake +1,Planishing,Immune Blocked,Resolute",1400,,False,Abbey|Animal Husbandry|Armory|Blacksmith|Carpentry|Conditioning Field|Forge|Furnace|Gilded Foundry|Hospitaller|Joinery|Monastery|Pilgrimage Site|Preceptory|Tannery,7,22
"KT/Spears/Kite/Chain [PrM, (RInd, EProw, SPie, NCun), Nimble, Rec 6, Shake+1]|M7",Knight Templar,Spears,Kite Shield,Chainmail,,False,25,"Nimble,Recover 6,Parry,Shake +1,Immune Blocked,Resolute",1400,,False,Abbey|Animal Husbandry|Armory|Blacksmith|Carpentry|Conditioning Field|Furnace|Hospitaller|Joinery|Monastery|Pilgrimage Site|Preceptory|Tannery,7,19
"KT/FarmTools/Buckler/Cloth [PrM, (RInd, EProw, SPie, NCun), Nimble, Rec 6, Recover 8, Shake+1]|M7",Knight Templar,Farm Tools,Buckler Shield,Cloth,,False,25,"Nimble,Recover 6,Parry,Shake +1,Immune Blocked,Resolute,Recover 8",1800,,False,Abbey|Apothecary|Carpentry|Conditioning Field|Herb Garden|Hospitaller|Joinery|Monastery|Pilgrimage Site|Preceptory,7,19
"KT/ShortSword/Tower/Chain [PrM, MiMiStI, (EInd, SProw, SPie, NCun), Rec 6, Shake+1]|M7",Knight Templar,Short Sword,Tower Shield,Chainmail,,False,25,"Recover 6,Shake +1,Immune Blocked,Parry,Resolute,+1I,MaxInit3,Seize: first",1400,,False,Abbey|Animal Husbandry|Armory|Blacksmith|Carpentry|Forge|Furnace|Hospitaller|Joinery|Ministry of Military Strategy|Monastery|Pilgrimage Site|Preceptory|Tannery,7,26
"KT/Cudgel/Chain [PrM, (RInd, EProw, SPie, NCun), Enduring, Nimble, Rec 6, Recover 7, Recover 8, Shake+1]|M7",Knight Templar,Cudgel,,Chainmail,,False,25,"Recover 6,Shake +1,Immune Blocked,Parry,Enduring,Resolute,Nimble,Recover 7,Recover 8",1500,,False,Abbey|Alchemy|Animal Husbandry|Apothecary|Armory|Blacksmith|Conditioning Field|Furnace|Herb Garden|Hospitaller|Infirmary|Monastery|Pilgrimage Site|Preceptory|Tannery,7,19
"KT/ShortSword/Tower/FullPlate [PrM, (EInd, EProw, SPie, NCun), Nimble, Temp, Rec 6, Shake+1]|M7",Knight Templar,Short Sword,Tower Shield,Full Plate,,False,25,"Nimble,Recover 6,Parry,Shake +1,Planishing,Immune Blocked,Resolute",1400,,False,Abbey|Animal Husbandry|Armory|Blacksmith|Carpentry|Conditioning Field|Forge|Furnace|Gilded Foundry|Hospitaller|Joinery|Monastery|Pilgrimage Site|Preceptory|Tannery,7,22
"KT/Cavalry Spear/Buckler/Leather [PrM, OuInPoI, (RInd, EProw, SPie, SCun), Rec 6, Shake+1]|M7",Knight Templar,Cavalry Spear,Buckler Shield,Leather,,False,25,"confers:Blocked,Recover 6,confers:Strain,Shake +1,Immune Blocked,Parry,Resolute,Outrider: once",1600,,False,Abbey|Animal Husbandry|Blacksmith|Carpentry|Furnace|Hospitaller|Joinery|Monastery|Outrider Intercept Post|Pilgrimage Site|Preceptory|Tannery,7,29
"KT/WarHammer/FullPlate [PrM, MiMiStM, (EInd, SProw, SPie, NCun), Temp, Rec 6, Shake+1]|M7",Knight Templar,War Hammer,,Full Plate,,False,25,"Recover 6,Improved Parry,Shake +1,Planishing,+1TH,Crit 7,Immune Blocked,Parry,Resolute,+1I,MaxInit3,Seize: first",1600,,False,Abbey|Animal Husbandry|Armory|Blacksmith|Forge|Furnace|Gilded Foundry|Hospitaller|Ministry of Military Strategy|Monastery|Pilgrimage Site|Preceptory|Tannery|University|War College,7,26
"KT/FarmTools/Leather [PrM, (NInd, EProw, SPie, NCun), Nimble, Rec 6, Recover 8, Riposte, Shake+1]|M7",Knight Templar,Farm Tools,,Leather,,False,25,"Recover 6,Improved Parry,Shake +1,Immune Blocked,Parry,Riposte,Resolute,Nimble,Recover 8",1800,,False,Abbey|Animal Husbandry|Apothecary|Coliseum|Conditioning Field|Grand Tournament|Herb Garden|Hospitaller|Monastery|Pilgrimage Site|Preceptory|Tannery,7,16
"KT/Pike/Cloth [PrM, (RInd, EProw, SPie, NCun), Nimble, Rec 6, Recover 8, Riposte, Shake+1]|M7",Knight Templar,Pike,,Cloth,,False,25,"Recover 6,Improved Parry,Shake +1,Immune Blocked,Parry,Riposte,Resolute,Nimble,Recover 8",2000,,False,Abbey|Apothecary|Blacksmith|Coliseum|Conditioning Field|Furnace|Grand Tournament|Herb Garden|Hospitaller|Monastery|Pilgrimage Site|Preceptory,7,19
"KT/BattleAxe/Leather [PrM, (RInd, EProw, SPie, NCun), Enduring, Nimble, Rec 6, Recover 7, Recover 8, Shake+1]|M7",Knight Templar,Battle Axe,,Leather,,False,25,"Recover 6,Shake +1,Immune Blocked,Parry,Enduring,Resolute,Nimble,Recover 7,Recover 8",1700,,False,Abbey|Alchemy|Animal Husbandry|Apothecary|Blacksmith|Conditioning Field|Furnace|Herb Garden|Hospitaller|Infirmary|Monastery|Pilgrimage Site|Preceptory|Tannery,7,19
"KT/Cavalry Spear/Targe/Chain [PrM, OuInPoI, (RInd, EProw, SPie, SCun), Rec 6, Shake+1]|M7",Knight Templar,Cavalry Spear,Targe Shield,Chainmail,,False,25,"confers:Blocked,Recover 6,confers:Strain,Shake +1,Immune Blocked,Parry,Resolute,Outrider: once",1400,,False,Abbey|Animal Husbandry|Armory|Blacksmith|Carpentry|Furnace|Hospitaller|Joinery|Monastery|Outrider Intercept Post|Pilgrimage Site|Preceptory|Tannery,7,29
"KT/FarmTools/Cloth [PrM, (NInd, EProw, SPie, RCun), Enduring, Nimble, Poison, Rec 6, Recover 7, Recover 8, Shake+1]|M7",Knight Templar,Farm Tools,,Cloth,,False,25,"Recover 6,Shake +1,Immune Blocked,Parry,Enduring,Resolute,Nimble,Recover 7,Poison,Recover 8",1800,,False,Abbey|Academy|Alchemy|Apothecary|Conditioning Field|Herb Garden|Hospitaller|Infirmary|Monastery|Pilgrimage Site|Preceptory|Toxicarium,7,19
"KT/ShortSword/Targe/Cloth [PrM, (RInd, EProw, SPie, NCun), Enduring, Nimble, Rec 6, Recover 7, Recover 8, Shake+1]|M7",Knight Templar,Short Sword,Targe Shield,Cloth,,False,25,"Recover 6,Shake +1,Immune Blocked,Parry,Enduring,Resolute,Nimble,Recover 7,Recover 8",1700,,False,Abbey|Alchemy|Apothecary|Blacksmith|Carpentry|Conditioning Field|Furnace|Herb Garden|Hospitaller|Infirmary|Joinery|Monastery|Pilgrimage Site|Preceptory,7,19
"KT/Spears/Kite/Cloth [PrM, (RInd, EProw, SPie, NCun), Nimble, Rec 6, Shake+1]|M7",Knight Templar,Spears,Kite Shield,Cloth,,False,25,"Nimble,Recover 6,Parry,Shake +1,Immune Blocked,Resolute",1400,,False,Abbey|Armory|Blacksmith|Carpentry|Conditioning Field|Furnace|Hospitaller|Joinery|Monastery|Pilgrimage Site|Preceptory|Tannery,7,19
"KT/FarmTools/Targe/FullPlate [PrM, (EInd, EProw, SPie, NCun), Nimble, Temp, Rec 6, Shake+1]|M7",Knight Templar,Farm Tools,Targe Shield,Full Plate,,False,25,"Nimble,Recover 6,Parry,Shake +1,Planishing,Immune Blocked,Resolute",1400,,False,Abbey|Animal Husbandry|Armory|Blacksmith|Carpentry|Conditioning Field|Furnace|Gilded Foundry|Hospitaller|Joinery|Monastery|Pilgrimage Site|Preceptory|Tannery,7,22
"KT/FarmTools/Targe/Chain [PrM, (RInd, EProw, SPie, NCun), Nimble, Rec 6, Shake+1]|M7",Knight Templar,Farm Tools,Targe Shield,Chainmail,,False,25,"Nimble,Recover 6,Parry,Shake +1,Immune Blocked,Resolute",1400,,False,Abbey|Animal Husbandry|Armory|Blacksmith|Carpentry|Conditioning Field|Furnace|Hospitaller|Joinery|Monastery|Pilgrimage Site|Preceptory|Tannery,7,19
"KT/Flail/Kite/Leather [PrM, (RInd, EProw, SPie, NCun), Nimble, Rec 6, Shake+1]|M7",Knight Templar,Flail,Kite Shield,Leather,,False,25,"Nimble,Recover 6,Parry,Shake +1,Immune Blocked,Resolute",1400,,False,Abbey|Animal Husbandry|Armory|Blacksmith|Carpentry|Conditioning Field|Furnace|Hospitaller|Joinery|Monastery|Pilgrimage Site|Preceptory|Tannery,7,19
"KT/Morningstar/Tower/Cloth [RoPaM, PrM, (EInd, SProw, SPie, NCun), Improved Parry, Rec 6, Shake+1]|M7",Knight Templar,Morningstar,Tower Shield,Cloth,,False,25,"Immune Strain,Drilled,Recover 6,Improved Parry,Shake +1,Immune Blocked,Parry,Resolute",1800,,False,Abbey|Blacksmith|Carpentry|Forge|Furnace|Grand Tournament|Hospitaller|Joinery|Monastery|Pilgrimage Site|Preceptory|Royal Pavilion|Tiltyard,7,26
"KT/Cudgel/Leather [PrM, (NInd, EProw, SPie, NCun), Nimble, Rec 6, Recover 8, Shake+1]|M7",Knight Templar,Cudgel,,Leather,,False,25,"Nimble,Recover 6,Parry,Shake +1,Immune Blocked,Resolute,Recover 8",1800,,False,Abbey|Animal Husbandry|Apothecary|Conditioning Field|Herb Garden|Hospitaller|Monastery|Pilgrimage Site|Preceptory|Tannery,7,16
"KT/Lance/Targe/Cloth [PrM, (EInd, EProw, SPie, NCun), Enduring, Nimble, Rec 6, Recover 7, Recover 8, Shake+1]|M7",Knight Templar,Lance,Targe Shield,Cloth,,False,25,"Recover 6,Shake +1,Immune Blocked,Parry,Enduring,Resolute,Nimble,Recover 7,Recover 8",1700,,False,Abbey|Alchemy|Apothecary|Blacksmith|Carpentry|Conditioning Field|Forge|Furnace|Herb Garden|Hospitaller|Infirmary|Joinery|Monastery|Pilgrimage Site|Preceptory,7,22
"KT/ShortSword/Targe/Leather [PrM, (RInd, EProw, SPie, NCun), Nimble, Rec 6, Shake+1]|M7",Knight Templar,Short Sword,Targe Shield,Leather,,False,25,"Nimble,Recover 6,Parry,Shake +1,Immune Blocked,Resolute",1600,,False,Abbey|Animal Husbandry|Blacksmith|Carpentry|Conditioning Field|Furnace|Hospitaller|Joinery|Monastery|Pilgrimage Site|Preceptory|Tannery,7,19
"KT/2HBastard/FullPlate [PrM, MiMiStM, (EInd, SProw, SPie, NCun), Temp, Rec 6, Shake+1]|M7",Knight Templar,2HBastard,,Full Plate,,False,25,"Recover 6,Improved Parry,Shake +1,Planishing,+1TH,Crit 7,Immune Blocked,Parry,Resolute,+1I,MaxInit3,Seize: first",1600,,False,Abbey|Animal Husbandry|Armory|Blacksmith|Forge|Furnace|Gilded Foundry|Hospitaller|Ministry of Military Strategy|Monastery|Pilgrimage Site|Preceptory|Tannery|University|War College,7,26
"KT/Spears/Kite/Leather [PrM, (RInd, EProw, SPie, NCun), Nimble, Rec 6, Shake+1]|M7",Knight Templar,Spears,Kite Shield,Leather,,False,25,"Nimble,Recover 6,Parry,Shake +1,Immune Blocked,Resolute",1400,,False,Abbey|Animal Husbandry|Armory|Blacksmith|Carpentry|Conditioning Field|Furnace|Hospitaller|Joinery|Monastery|Pilgrimage Site|Preceptory|Tannery,7,19
"KT/Morningstar/Tower/Cloth [PrM, (EInd, EProw, SPie, NCun), Enduring, Nimble, Rec 6, Recover 7, Recover 8, Shake+1]|M7",Knight Templar,Morningstar,Tower Shield,Cloth,,False,25,"Recover 6,Shake +1,Immune Blocked,Parry,Enduring,Resolute,Nimble,Recover 7,Recover 8",1700,,False,Abbey|Alchemy|Apothecary|Blacksmith|Carpentry|Conditioning Field|Forge|Furnace|Herb Garden|Hospitaller|Infirmary|Joinery|Monastery|Pilgrimage Site|Preceptory,7,22
"KT/Cavalry Spear/Targe/FullPlate [PrM, (EInd, EProw, SPie, NCun), Nimble, Temp, Rec 6, Shake+1]|M7",Knight Templar,Cavalry Spear,Targe Shield,Full Plate,,False,25,"Nimble,Recover 6,Parry,Shake +1,Planishing,Immune Blocked,Resolute",1400,,False,Abbey|Animal Husbandry|Armory|Blacksmith|Carpentry|Conditioning Field|Furnace|Gilded Foundry|Hospitaller|Joinery|Monastery|Pilgrimage Site|Preceptory|Tannery,7,22
"KT/Flail/Tower/Leather [PrM, (EInd, EProw, SPie, NCun), Nimble, Rec 6, Shake+1]|M7",Knight Templar,Flail,Tower Shield,Leather,,False,25,"Nimble,Recover 6,Parry,Shake +1,Immune Blocked,Resolute",1600,,False,Abbey|Animal Husbandry|Blacksmith|Carpentry|Conditioning Field|Forge|Furnace|Hospitaller|Joinery|Monastery|Pilgrimage Site|Preceptory|Tannery,7,22
"KT/FarmTools/Targe/Leather [PrM, (RInd, EProw, SPie, NCun), Nimble, Rec 6, Shake+1]|M7",Knight Templar,Farm Tools,Targe Shield,Leather,,False,25,"Nimble,Recover 6,Parry,Shake +1,Immune Blocked,Resolute",1600,,False,Abbey|Animal Husbandry|Blacksmith|Carpentry|Conditioning Field|Furnace|Hospitaller|Joinery|Monastery|Pilgrimage Site|Preceptory|Tannery,7,19
"KT/Pike/Chain [PrM, (RInd, EProw, SPie, NCun), Enduring, Nimble, Rec 6, Recover 7, Recover 8, Riposte, Shake+1]|M7",Knight Templar,Pike,,Chainmail,,False,25,"Recover 6,Improved Parry,Shake +1,Immune Blocked,Parry,Enduring,Riposte,Resolute,Nimble,Recover 7,Recover 8",1500,,False,Abbey|Alchemy|Animal Husbandry|Apothecary|Armory|Blacksmith|Coliseum|Conditioning Field|Furnace|Grand Tournament|Herb Garden|Hospitaller|Infirmary|Monastery|Pilgrimage Site|Preceptory|Tannery,7,19
"KT/Pike/Leather [PrM, MiMiStM, (RInd, SProw, SPie, NCun), Rec 6, Shake+1]|M7",Knight Templar,Pike,,Leather,,False,25,"Recover 6,Improved Parry,Shake +1,+1TH,Crit 7,Immune Blocked,Parry,Resolute,+1I,MaxInit3,Seize: first",1800,,False,Abbey|Animal Husbandry|Blacksmith|Furnace|Hospitaller|Ministry of Military Strategy|Monastery|Pilgrimage Site|Preceptory|Tannery|University|War College,7,23
"KT/Cudgel+HuntBow/Cloth (TY) [PrM, (NInd, EProw, SPie, NCun), Florentine, ImmU, Nimble, Rec 6, Shake+1]|M7",Knight Templar,Cudgel,,Cloth,Hunting Bow,True,25,"Florentine,Recover 6,Shake +1,Immune Blocked,Parry,Resolute,Immune Unwieldy,Nimble",1800,,False,Abbey|Carpentry|Coliseum|Conditioning Field|Fletchery|Hospitaller|Monastery|Pilgrimage Site|Preceptory|Tiltyard,7,16
"KT/Pitchfork+HuntBow/Cloth (TY) [PrM, (NInd, EProw, SPie, NCun), Florentine, ImmU, Nimble, Rec 6, Shake+1]|M7",Knight Templar,Pitchfork,,Cloth,Hunting Bow,True,25,"Florentine,Recover 6,Shake +1,Immune Blocked,Parry,Resolute,Immune Unwieldy,Nimble",1800,,False,Abbey|Carpentry|Coliseum|Conditioning Field|Fletchery|Hospitaller|Monastery|Pilgrimage Site|Preceptory|Tiltyard,7,16
"KT/Pike/Cloth [PrM, (RInd, EProw, SPie, NCun), Nimble, Rec 6, Recover 8, Shake+1]|M7",Knight Templar,Pike,,Cloth,,False,25,"Nimble,Recover 6,Parry,Shake +1,Immune Blocked,Resolute,Recover 8",2000,,False,Abbey|Apothecary|Blacksmith|Conditioning Field|Furnace|Herb Garden|Hospitaller|Monastery|Pilgrimage Site|Preceptory,7,19
"KT/Arming/Kite/FullPlate [PrM, (EInd, EProw, SPie, NCun), Nimble, Temp, Rec 6, Riposte, Shake+1]|M7",Knight Templar,Arming Sword,Kite Shield,Full Plate,,False,25,"Recover 6,Improved Parry,Shake +1,Planishing,Immune Blocked,Parry,Riposte,Resolute,Nimble",1400,,False,Abbey|Animal Husbandry|Armory|Blacksmith|Carpentry|Coliseum|Conditioning Field|Furnace|Gilded Foundry|Grand Tournament|Hospitaller|Joinery|Monastery|Pilgrimage Site|Preceptory|Tannery,7,22
"KT/Pike/Leather [PrM, (RInd, EProw, SPie, NCun), Enduring, Nimble, Rec 6, Recover 7, Recover 8, Shake+1]|M7",Knight Templar,Pike,,Leather,,False,25,"Recover 6,Shake +1,Immune Blocked,Parry,Enduring,Resolute,Nimble,Recover 7,Recover 8",1700,,False,Abbey|Alchemy|Animal Husbandry|Apothecary|Blacksmith|Conditioning Field|Furnace|Herb Garden|Hospitaller|Infirmary|Monastery|Pilgrimage Site|Preceptory|Tannery,7,19
"KT/Cudgel/Cloth [PrM, MiMiStM, (NInd, SProw, SPie, NCun), Rec 6, Recover 8, Shake+1]|M7",Knight Templar,Cudgel,,Cloth,,False,25,"Recover 6,Improved Parry,Shake +1,+1TH,Crit 7,Immune Blocked,Parry,+1I,Resolute,MaxInit3,Seize: first,Recover 8",2000,,False,Abbey|Apothecary|Herb Garden|Hospitaller|Ministry of Military Strategy|Monastery|Pilgrimage Site|Preceptory|University|War College,7,20
"KT/ShortSword/Tower/Leather [PrM, (EInd, EProw, SPie, NCun), Nimble, Rec 6, Shake+1]|M7",Knight Templar,Short Sword,Tower Shield,Leather,,False,25,"Nimble,Recover 6,Parry,Shake +1,Immune Blocked,Resolute",1600,,False,Abbey|Animal Husbandry|Blacksmith|Carpentry|Conditioning Field|Forge|Furnace|Hospitaller|Joinery|Monastery|Pilgrimage Site|Preceptory|Tannery,7,22
"KT/Spears/Tower/Chain [PrM, (EInd, EProw, SPie, NCun), Nimble, Rec 6, Riposte, Shake+1]|M7",Knight Templar,Spears,Tower Shield,Chainmail,,False,25,"Recover 6,Improved Parry,Shake +1,Immune Blocked,Parry,Riposte,Resolute,Nimble",1400,,False,Abbey|Animal Husbandry|Armory|Blacksmith|Carpentry|Coliseum|Conditioning Field|Forge|Furnace|Grand Tournament|Hospitaller|Joinery|Monastery|Pilgrimage Site|Preceptory|Tannery,7,22
"KT/BattleAxe/Cloth [PrM, (RInd, EProw, SPie, NCun), Nimble, Rec 6, Recover 8, Riposte, Shake+1]|M7",Knight Templar,Battle Axe,,Cloth,,False,25,"Recover 6,Improved Parry,Shake +1,Immune Blocked,Parry,Riposte,Resolute,Nimble,Recover 8",2000,,False,Abbey|Apothecary|Blacksmith|Coliseum|Conditioning Field|Furnace|Grand Tournament|Herb Garden|Hospitaller|Monastery|Pilgrimage Site|Preceptory,7,19
"KT/Cavalry Spear/Kite/Chain [PrM, OuInPoI, (RInd, EProw, SPie, SCun), Rec 6, Shake+1]|M7",Knight Templar,Cavalry Spear,Kite Shield,Chainmail,,False,25,"confers:Blocked,Recover 6,confers:Strain,Shake +1,Immune Blocked,Parry,Resolute,Outrider: once",1400,,False,Abbey|Animal Husbandry|Armory|Blacksmith|Carpentry|Furnace|Hospitaller|Joinery|Monastery|Outrider Intercept Post|Pilgrimage Site|Preceptory|Tannery,7,29
"KT/FarmTools/Buckler/Leather [PrM, (RInd, EProw, SPie, NCun), Enduring, Nimble, Rec 6, Recover 7, Recover 8, Shake+1]|M7",Knight Templar,Farm Tools,Buckler Shield,Leather,,False,25,"Recover 6,Shake +1,Immune Blocked,Parry,Enduring,Resolute,Nimble,Recover 7,Recover 8",1500,,False,Abbey|Alchemy|Animal Husbandry|Apothecary|Carpentry|Conditioning Field|Herb Garden|Hospitaller|Infirmary|Joinery|Monastery|Pilgrimage Site|Preceptory|Tannery,7,19
"KT/Spears/Kite/Cloth [PrM, (RInd, EProw, SPie, NCun), Nimble, Rec 6, Riposte, Shake+1]|M7",Knight Templar,Spears,Kite Shield,Cloth,,False,25,"Recover 6,Improved Parry,Shake +1,Immune Blocked,Parry,Riposte,Resolute,Nimble",1400,,False,Abbey|Armory|Blacksmith|Carpentry|Coliseum|Conditioning Field|Furnace|Grand Tournament|Hospitaller|Joinery|Monastery|Pilgrimage Site|Preceptory|Tannery,7,19
"KT/Flail/Tower/Leather [PrM, (EInd, EProw, SPie, NCun), Nimble, Rec 6, Riposte, Shake+1]|M7",Knight Templar,Flail,Tower Shield,Leather,,False,25,"Recover 6,Improved Parry,Shake +1,Immune Blocked,Parry,Riposte,Resolute,Nimble",1600,,False,Abbey|Animal Husbandry|Blacksmith|Carpentry|Coliseum|Conditioning Field|Forge|Furnace|Grand Tournament|Hospitaller|Joinery|Monastery|Pilgrimage Site|Preceptory|Tannery,7,22
"KT/Halberd/Leather [PrM, (RInd, EProw, SPie, NCun), Enduring, Nimble, Rec 6, Recover 7, Recover 8, Shake+1]|M7",Knight Templar,Halberd,,Leather,,False,25,"Recover 6,Shake +1,Immune Blocked,Parry,Enduring,Resolute,Nimble,Recover 7,Recover 8",1700,,False,Abbey|Alchemy|Animal Husbandry|Apothecary|Blacksmith|Conditioning Field|Furnace|Herb Garden|Hospitaller|Infirmary|Monastery|Pilgrimage Site|Preceptory|Tannery,7,19
"KT/HuntBow/Cloth [PrM, (NInd, EProw, SPie, NCun), Florentine, ImmU, Nimble, Rec 6, Shake+1]|M7",Knight Templar,Farm Tools,,Cloth,Hunting Bow,True,25,"Florentine,Recover 6,Shake +1,Immune Blocked,Parry,Resolute,Immune Unwieldy,Nimble",1800,,False,Abbey|Carpentry|Coliseum|Conditioning Field|Fletchery|Hospitaller|Monastery|Pilgrimage Site|Preceptory|Tiltyard,7,16
"KT/Cavalry Spear/Targe/Leather [RoPaI, PrM, (RInd, SProw, SPie, NCun), Rec 6, Shake+1]|M7",Knight Templar,Cavalry Spear,Targe Shield,Leather,,False,25,"Immune Strain,Recover 6,Shake +1,Parry,Resolute,Immune Blocked",1600,,False,Abbey|Animal Husbandry|Blacksmith|Carpentry|Furnace|Hospitaller|Joinery|Monastery|Pilgrimage Site|Preceptory|Royal Pavilion|Tannery,7,23
"KT/Lance/Targe/Cloth [RoPaM, PrM, (EInd, SProw, SPie, NCun), Improved Parry, Rec 6, Shake+1]|M7",Knight Templar,Lance,Targe Shield,Cloth,,False,25,"Immune Strain,Drilled,Recover 6,Improved Parry,Shake +1,Immune Blocked,Parry,Resolute",1800,,False,Abbey|Blacksmith|Carpentry|Forge|Furnace|Grand Tournament|Hospitaller|Joinery|Monastery|Pilgrimage Site|Preceptory|Royal Pavilion|Tiltyard,7,26
"KT/Flail/Kite/Chain [PrM, (RInd, EProw, SPie, NCun), Nimble, Rec 6, Shake+1]|M7",Knight Templar,Flail,Kite Shield,Chainmail,,False,25,"Nimble,Recover 6,Parry,Shake +1,Immune Blocked,Resolute",1400,,False,Abbey|Animal Husbandry|Armory|Blacksmith|Carpentry|Conditioning Field|Furnace|Hospitaller|Joinery|Monastery|Pilgrimage Site|Preceptory|Tannery,7,19
"KT/Cavalry Spear/Buckler/Cloth [PrM, (RInd, EProw, SPie, NCun), Enduring, Nimble, Rec 6, Recover 7, Recover 8, Riposte, Shake+1]|M7",Knight Templar,Cavalry Spear,Buckler Shield,Cloth,,False,25,"Recover 6,Improved Parry,Shake +1,Immune Blocked,Parry,Enduring,Riposte,Resolute,Nimble,Recover 7,Recover 8",1700,,False,Abbey|Alchemy|Apothecary|Blacksmith|Carpentry|Coliseum|Conditioning Field|Furnace|Grand Tournament|Herb Garden|Hospitaller|Infirmary|Joinery|Monastery|Pilgrimage Site|Preceptory,7,19
"KT/Cavalry Spear/Buckler/Leather [PrM, (RInd, EProw, SPie, NCun), Nimble, Rec 6, Shake+1]|M7",Knight Templar,Cavalry Spear,Buckler Shield,Leather,,False,25,"Nimble,Recover 6,Parry,Shake +1,Immune Blocked,Resolute",1600,,False,Abbey|Animal Husbandry|Blacksmith|Carpentry|Conditioning Field|Furnace|Hospitaller|Joinery|Monastery|Pilgrimage Site|Preceptory|Tannery,7,19
"KT/Cavalry Spear/Targe/Chain [PrM, (RInd, EProw, SPie, NCun), Nimble, Rec 6, Shake+1]|M7",Knight Templar,Cavalry Spear,Targe Shield,Chainmail,,False,25,"Nimble,Recover 6,Parry,Shake +1,Immune Blocked,Resolute",1400,,False,Abbey|Animal Husbandry|Armory|Blacksmith|Carpentry|Conditioning Field|Furnace|Hospitaller|Joinery|Monastery|Pilgrimage Site|Preceptory|Tannery,7,19
"KT/Lance/Kite/Cloth [PrM, (EInd, EProw, SPie, NCun), Nimble, Rec 6, Shake+1]|M7",Knight Templar,Lance,Kite Shield,Cloth,,False,25,"Nimble,Recover 6,Parry,Shake +1,Immune Blocked,Resolute",1400,,False,Abbey|Armory|Blacksmith|Carpentry|Conditioning Field|Forge|Furnace|Hospitaller|Joinery|Monastery|Pilgrimage Site|Preceptory|Tannery,7,22
"KT/WarHammer/FullPlate [PrM, MiMiStI, (EInd, SProw, SPie, NCun), Enduring, Temp, Rec 6, Recover 7, Recover 8, Shake+1]|M7",Knight Templar,War Hammer,,Full Plate,,False,25,"Recover 6,Shake +1,Planishing,Immune Blocked,Parry,Enduring,+1I,Resolute,MaxInit3,Seize: first,Recover 7,Recover 8",1500,,False,Abbey|Alchemy|Animal Husbandry|Apothecary|Armory|Blacksmith|Forge|Furnace|Gilded Foundry|Herb Garden|Hospitaller|Infirmary|Ministry of Military Strategy|Monastery|Pilgrimage Site|Preceptory|Tannery,7,26
"KT/Pitchfork/Cloth [PrM, (NInd, EProw, SPie, RCun), Enduring, Nimble, Poison, Rec 6, Recover 7, Recover 8, Shake+1]|M7",Knight Templar,Pitchfork,,Cloth,,False,25,"Recover 6,Shake +1,Immune Blocked,Parry,Enduring,Resolute,Nimble,Recover 7,Poison,Recover 8",1800,,False,Abbey|Academy|Alchemy|Apothecary|Conditioning Field|Herb Garden|Hospitaller|Infirmary|Monastery|Pilgrimage Site|Preceptory|Toxicarium,7,19
"KT/Cudgel/FullPlate [PrM, (EInd, EProw, SPie, NCun), Enduring, Nimble, Temp, Rec 6, Recover 7, Recover 8, Shake+1]|M7",Knight Templar,Cudgel,,Full Plate,,False,25,"Recover 6,Shake +1,Planishing,Immune Blocked,Parry,Enduring,Resolute,Nimble,Recover 7,Recover 8",1500,,False,Abbey|Alchemy|Animal Husbandry|Apothecary|Armory|Blacksmith|Conditioning Field|Furnace|Gilded Foundry|Herb Garden|Hospitaller|Infirmary|Monastery|Pilgrimage Site|Preceptory|Tannery,7,22
"KT/FarmTools/Chain [RoPaI, PrM, (RInd, SProw, SPie, NCun), Enduring, Rec 6, Recover 7, Recover 8, Shake+1]|M7",Knight Templar,Farm Tools,,Chainmail,,False,25,"Immune Strain,Recover 6,Shake +1,Immune Blocked,Parry,Enduring,Resolute,Recover 7,Recover 8",1500,,False,Abbey|Alchemy|Animal Husbandry|Apothecary|Armory|Blacksmith|Furnace|Herb Garden|Hospitaller|Infirmary|Monastery|Pilgrimage Site|Preceptory|Royal Pavilion|Tannery,7,23
"KT/Cavalry Spear/Buckler/Chain [PrM, (RInd, EProw, SPie, NCun), Nimble, Rec 6, Shake+1]|M7",Knight Templar,Cavalry Spear,Buckler Shield,Chainmail,,False,25,"Nimble,Recover 6,Parry,Shake +1,Immune Blocked,Resolute",1400,,False,Abbey|Animal Husbandry|Armory|Blacksmith|Carpentry|Conditioning Field|Furnace|Hospitaller|Joinery|Monastery|Pilgrimage Site|Preceptory|Tannery,7,19
"KT/Arming/Kite/Chain [PrM, (RInd, EProw, SPie, NCun), Nimble, Rec 6, Shake+1]|M7",Knight Templar,Arming Sword,Kite Shield,Chainmail,,False,25,"Nimble,Recover 6,Parry,Shake +1,Immune Blocked,Resolute",1400,,False,Abbey|Animal Husbandry|Armory|Blacksmith|Carpentry|Conditioning Field|Furnace|Hospitaller|Joinery|Monastery|Pilgrimage Site|Preceptory|Tannery,7,19
"KT/BattleAxe/Cloth [PrM, (RInd, EProw, SPie, NCun), Nimble, Rec 6, Recover 8, Shake+1]|M7",Knight Templar,Battle Axe,,Cloth,,False,25,"Nimble,Recover 6,Parry,Shake +1,Immune Blocked,Resolute,Recover 8",2000,,False,Abbey|Apothecary|Blacksmith|Conditioning Field|Furnace|Herb Garden|Hospitaller|Monastery|Pilgrimage Site|Preceptory,7,19
"KT/Lance/Buckler/FullPlate [PrM, (EInd, EProw, SPie, NCun), Nimble, Temp, Rec 6, Shake+1]|M7",Knight Templar,Lance,Buckler Shield,Full Plate,,False,25,"Nimble,Recover 6,Parry,Shake +1,Planishing,Immune Blocked,Resolute",1400,,False,Abbey|Animal Husbandry|Armory|Blacksmith|Carpentry|Conditioning Field|Forge|Furnace|Gilded Foundry|Hospitaller|Joinery|Monastery|Pilgrimage Site|Preceptory|Tannery,7,22
"KT/FarmTools/Cloth [PrM, (EInd, EProw, SPie, NCun), Enduring, Nimble, Rec 6, Recover 7, Recover 8, Serr, Shake+1]|M7",Knight Templar,Farm Tools,,Cloth,,False,25,"Recover 6,Shake +1,Immune Blocked,Parry,Enduring,Resolute,Nimble,Recover 7,Recover 8,Serrated",1700,,False,Abbey|Alchemy|Apothecary|Blacksmith|Conditioning Field|Furnace|Herb Garden|Hospitaller|Infirmary|Master Workshop|Monastery|Pilgrimage Site|Preceptory,7,22
"KT/FarmTools/Buckler/FullPlate [PrM, (EInd, EProw, SPie, NCun), Nimble, Temp, Rec 6, Shake+1]|M7",Knight Templar,Farm Tools,Buckler Shield,Full Plate,,False,25,"Nimble,Recover 6,Parry,Shake +1,Planishing,Immune Blocked,Resolute",1400,,False,Abbey|Animal Husbandry|Armory|Blacksmith|Carpentry|Conditioning Field|Furnace|Gilded Foundry|Hospitaller|Joinery|Monastery|Pilgrimage Site|Preceptory|Tannery,7,22
"KT/FarmTools/Tower/Cloth [RoPaM, PrM, (EInd, SProw, SPie, NCun), Improved Parry, Rec 6, Shake+1]|M7",Knight Templar,Farm Tools,Tower Shield,Cloth,,False,25,"Immune Strain,Drilled,Recover 6,Improved Parry,Shake +1,Immune Blocked,Parry,Resolute",1800,,False,Abbey|Blacksmith|Carpentry|Forge|Furnace|Grand Tournament|Hospitaller|Joinery|Monastery|Pilgrimage Site|Preceptory|Royal Pavilion|Tiltyard,7,26
"KT/FarmTools/Leather [PrM, (NInd, EProw, SPie, NCun), Nimble, Rec 6, Recover 8, Shake+1]|M7",Knight Templar,Farm Tools,,Leather,,False,25,"Nimble,Recover 6,Parry,Shake +1,Immune Blocked,Resolute,Recover 8",1800,,False,Abbey|Animal Husbandry|Apothecary|Conditioning Field|Herb Garden|Hospitaller|Monastery|Pilgrimage Site|Preceptory|Tannery,7,16
"KT/Cudgel/Cloth [PrM, (NInd, EProw, SPie, NCun), Enduring, Nimble, Rec 6, Recover 7, Recover 8, Shake+1]|M7",Knight Templar,Cudgel,,Cloth,,False,25,"Recover 6,Shake +1,Immune Blocked,Parry,Enduring,Resolute,Nimble,Recover 7,Recover 8",1200,,False,Abbey|Alchemy|Animal Husbandry|Apothecary|Butchery|Conditioning Field|Herb Garden|Hospitaller|Infirmary|Monastery|Pilgrimage Site|Preceptory|Tannery,7,16
"KT/Cudgel/Leather [PrM, OuInPoM, (NInd, EProw, SPie, SCun), Rec 6, Shake+1]|M7",Knight Templar,Cudgel,,Leather,,False,25,"confers:Blocked,Recover 6,confers:Strain,Shake +1,Immune Blocked,Parry,Resolute,Outrider: every",1800,,False,Abbey|Animal Husbandry|Caravanery|Cipher Chamber|Hospitaller|Monastery|Outrider Intercept Post|Pilgrimage Site|Preceptory|Tannery,7,26
"KT/Pike/Chain [PrM, (RInd, EProw, SPie, NCun), Enduring, Nimble, Rec 6, Recover 7, Recover 8, Shake+1]|M7",Knight Templar,Pike,,Chainmail,,False,25,"Recover 6,Shake +1,Immune Blocked,Parry,Enduring,Resolute,Nimble,Recover 7,Recover 8",1500,,False,Abbey|Alchemy|Animal Husbandry|Apothecary|Armory|Blacksmith|Conditioning Field|Furnace|Herb Garden|Hospitaller|Infirmary|Monastery|Pilgrimage Site|Preceptory|Tannery,7,19
"KT/Flail/Kite/Cloth [PrM, (RInd, EProw, SPie, NCun), Nimble, Rec 6, Shake+1]|M7",Knight Templar,Flail,Kite Shield,Cloth,,False,25,"Nimble,Recover 6,Parry,Shake +1,Immune Blocked,Resolute",1400,,False,Abbey|Armory|Blacksmith|Carpentry|Conditioning Field|Furnace|Hospitaller|Joinery|Monastery|Pilgrimage Site|Preceptory|Tannery,7,19
"KT/Cavalry Spear/Targe/Cloth [PrM, (RInd, EProw, SPie, NCun), Enduring, Nimble, Rec 6, Recover 7, Recover 8, Shake+1]|M7",Knight Templar,Cavalry Spear,Targe Shield,Cloth,,False,25,"Recover 6,Shake +1,Immune Blocked,Parry,Enduring,Resolute,Nimble,Recover 7,Recover 8",1700,,False,Abbey|Alchemy|Apothecary|Blacksmith|Carpentry|Conditioning Field|Furnace|Herb Garden|Hospitaller|Infirmary|Joinery|Monastery|Pilgrimage Site|Preceptory,7,19
"KT/2HBastard/Chain [PrM, (EInd, EProw, SPie, NCun), Enduring, Nimble, Rec 6, Recover 7, Recover 8, Shake+1]|M7",Knight Templar,2HBastard,,Chainmail,,False,25,"Recover 6,Shake +1,Immune Blocked,Parry,Enduring,Resolute,Nimble,Recover 7,Recover 8",1500,,False,Abbey|Alchemy|Animal Husbandry|Apothecary|Armory|Blacksmith|Conditioning Field|Forge|Furnace|Herb Garden|Hospitaller|Infirmary|Monastery|Pilgrimage Site|Preceptory|Tannery,7,22
"KT/ShortSword/Targe/Chain [PrM, (RInd, EProw, SPie, NCun), Nimble, Rec 6, Shake+1]|M7",Knight Templar,Short Sword,Targe Shield,Chainmail,,False,25,"Nimble,Recover 6,Parry,Shake +1,Immune Blocked,Resolute",1400,,False,Abbey|Animal Husbandry|Armory|Blacksmith|Carpentry|Conditioning Field|Furnace|Hospitaller|Joinery|Monastery|Pilgrimage Site|Preceptory|Tannery,7,19
"KT/2HBastard/Cloth [PrM, (EInd, EProw, SPie, NCun), Nimble, Rec 6, Recover 8, Shake+1]|M7",Knight Templar,2HBastard,,Cloth,,False,25,"Nimble,Recover 6,Parry,Shake +1,Immune Blocked,Resolute,Recover 8",2000,,False,Abbey|Apothecary|Blacksmith|Conditioning Field|Forge|Furnace|Herb Garden|Hospitaller|Monastery|Pilgrimage Site|Preceptory,7,22
"KT/Lance/Targe/Chain [PrM, (EInd, EProw, SPie, NCun), Nimble, Rec 6, Shake+1]|M7",Knight Templar,Lance,Targe Shield,Chainmail,,False,25,"Nimble,Recover 6,Parry,Shake +1,Immune Blocked,Resolute",1400,,False,Abbey|Animal Husbandry|Armory|Blacksmith|Carpentry|Conditioning Field|Forge|Furnace|Hospitaller|Joinery|Monastery|Pilgrimage Site|Preceptory|Tannery,7,22
"KT/Spears/Tower/FullPlate [PrM, (EInd, EProw, SPie, NCun), Nimble, Temp, Rec 6, Shake+1]|M7",Knight Templar,Spears,Tower Shield,Full Plate,,False,25,"Nimble,Recover 6,Parry,Shake +1,Planishing,Immune Blocked,Resolute",1400,,False,Abbey|Animal Husbandry|Armory|Blacksmith|Carpentry|Conditioning Field|Forge|Furnace|Gilded Foundry|Hospitaller|Joinery|Monastery|Pilgrimage Site|Preceptory|Tannery,7,22
"KT/Pike/FullPlate [PrM, (EInd, EProw, SPie, NCun), Enduring, Nimble, Temp, Rec 6, Recover 7, Recover 8, Shake+1]|M7",Knight Templar,Pike,,Full Plate,,False,25,"Recover 6,Shake +1,Planishing,Immune Blocked,Parry,Enduring,Resolute,Nimble,Recover 7,Recover 8",1500,,False,Abbey|Alchemy|Animal Husbandry|Apothecary|Armory|Blacksmith|Conditioning Field|Furnace|Gilded Foundry|Herb Garden|Hospitaller|Infirmary|Monastery|Pilgrimage Site|Preceptory|Tannery,7,22
"KT/Cudgel/Chain [PrM, (RInd, EProw, SPie, NCun), Nimble, Rec 6, Recover 8, Shake+1]|M8",Knight Templar,Cudgel,,Chainmail,,False,25,"Nimble,Recover 6,Parry,Shake +1,Immune Blocked,Resolute,Recover 8",1600,,False,Abbey|Animal Husbandry|Apothecary|Armory|Blacksmith|Conditioning Field|Furnace|Herb Garden|Hospitaller|Monastery|Pilgrimage Site|Preceptory|Tannery,8,19
"KT/Longbow/Cloth [PrM, (NInd, EProw, SPie, NCun), Florentine, ImmU, Nimble, Rec 6, Shake+1]|M8",Knight Templar,Farm Tools,,Cloth,Longbow,True,25,"Florentine,Recover 6,Shake +1,Immune Blocked,Parry,Resolute,Immune Unwieldy,Nimble",1800,,False,Abbey|Carpentry|Coliseum|Conditioning Field|Fletchery|Furnace|Hospitaller|Monastery|Pilgrimage Site|Preceptory|Tiltyard,8,16
"KT/Daggers/Leather [PrM, (NInd, EProw, SPie, NCun), Nimble, Rec 6, Recover 8, Shake+1]|M8",Knight Templar,Daggers,,Leather,,False,25,"Nimble,Recover 6,Parry,Shake +1,Immune Blocked,Resolute,Recover 8",1800,,False,Abbey|Animal Husbandry|Apothecary|Conditioning Field|Furnace|Herb Garden|Hospitaller|Monastery|Pilgrimage Site|Preceptory|Tannery,8,16
"KT/2HBastard/Chain [PrM, (EInd, EProw, SPie, NCun), Nimble, Rec 6, Recover 8, Shake+1]|M8",Knight Templar,2HBastard,,Chainmail,,False,25,"Nimble,Recover 6,Parry,Shake +1,Immune Blocked,Resolute,Recover 8",1600,,False,Abbey|Animal Husbandry|Apothecary|Armory|Blacksmith|Conditioning Field|Forge|Furnace|Herb Garden|Hospitaller|Monastery|Pilgrimage Site|Preceptory|Tannery,8,22
"KT/Arming/Kite/Chain [PrM, (RInd, EProw, SPie, NCun), Enduring, Nimble, Rec 6, Recover 7, Recover 8, Shake+1]|M8",Knight Templar,Arming Sword,Kite Shield,Chainmail,,False,25,"Recover 6,Shake +1,Immune Blocked,Parry,Enduring,Resolute,Nimble,Recover 7,Recover 8",1300,,False,Abbey|Alchemy|Animal Husbandry|Apothecary|Armory|Blacksmith|Carpentry|Conditioning Field|Furnace|Herb Garden|Hospitaller|Infirmary|Joinery|Monastery|Pilgrimage Site|Preceptory|Tannery,8,19
"KT/ShortSword+Longbow/Tower/Cloth (TY) [PrM, (EInd, EProw, SPie, NCun), Florentine, ImmU, Nimble, Rec 6, Shake+1]|M8",Knight Templar,Short Sword,Tower Shield,Cloth,Longbow,True,25,"Florentine,Recover 6,Shake +1,Immune Blocked,Parry,Immune Unwieldy,Resolute,Nimble",1600,,False,Abbey|Blacksmith|Carpentry|Coliseum|Conditioning Field|Fletchery|Forge|Furnace|Hospitaller|Joinery|Monastery|Pilgrimage Site|Preceptory|Tiltyard,8,22
"KT/ShortSword/Tower/FullPlate [PrM, MiMiStM, (EInd, SProw, SPie, NCun), Temp, Rec 6, Shake+1]|M8",Knight Templar,Short Sword,Tower Shield,Full Plate,,False,25,"Recover 6,Improved Parry,Shake +1,Planishing,+1TH,Crit 7,Immune Blocked,Parry,+1I,Resolute,MaxInit3,Seize: first",1400,,False,Abbey|Animal Husbandry|Armory|Blacksmith|Carpentry|Forge|Furnace|Gilded Foundry|Hospitaller|Joinery|Ministry of Military Strategy|Monastery|Pilgrimage Site|Preceptory|Tannery|University|War College,8,26
"KT/Cavalry Spear/Buckler/Chain [PrM, MiMiStM, (RInd, SProw, SPie, NCun), Rec 6, Shake+1]|M8",Knight Templar,Cavalry Spear,Buckler Shield,Chainmail,,False,25,"Recover 6,Improved Parry,Shake +1,+1TH,Crit 7,Immune Blocked,Parry,Resolute,+1I,MaxInit3,Seize: first",1400,,False,Abbey|Animal Husbandry|Armory|Blacksmith|Carpentry|Furnace|Hospitaller|Joinery|Ministry of Military Strategy|Monastery|Pilgrimage Site|Preceptory|Tannery|University|War College,8,23
"KT/Halberd/Leather [PrM, (RInd, EProw, SPie, NCun), Nimble, Rec 6, Recover 8, Riposte, Shake+1]|M8",Knight Templar,Halberd,,Leather,,False,25,"Recover 6,Improved Parry,Shake +1,Immune Blocked,Parry,Riposte,Resolute,Nimble,Recover 8",1800,,False,Abbey|Animal Husbandry|Apothecary|Blacksmith|Coliseum|Conditioning Field|Furnace|Grand Tournament|Herb Garden|Hospitaller|Monastery|Pilgrimage Site|Preceptory|Tannery,8,19
"KT/Pitchfork/Chain [PrM, (RInd, EProw, SPie, NCun), Nimble, Rec 6, Recover 8, Shake+1]|M8",Knight Templar,Pitchfork,,Chainmail,,False,25,"Nimble,Recover 6,Parry,Shake +1,Immune Blocked,Resolute,Recover 8",1600,,False,Abbey|Animal Husbandry|Apothecary|Armory|Blacksmith|Conditioning Field|Furnace|Herb Garden|Hospitaller|Monastery|Pilgrimage Site|Preceptory|Tannery,8,19
"KT/Arming/Tower/Leather [PrM, (EInd, EProw, SPie, NCun), Enduring, Nimble, Rec 6, Recover 7, Recover 8, Shake+1]|M8",Knight Templar,Arming Sword,Tower Shield,Leather,,False,25,"Recover 6,Shake +1,Immune Blocked,Parry,Enduring,Resolute,Nimble,Recover 7,Recover 8",1500,,False,Abbey|Alchemy|Animal Husbandry|Apothecary|Blacksmith|Carpentry|Conditioning Field|Forge|Furnace|Herb Garden|Hospitaller|Infirmary|Joinery|Monastery|Pilgrimage Site|Preceptory|Tannery,8,22
"KT/Pike/FullPlate [PrM, (EInd, EProw, SPie, NCun), Nimble, Temp, Rec 6, Recover 8, Shake+1]|M8",Knight Templar,Pike,,Full Plate,,False,25,"Recover 6,Shake +1,Planishing,Immune Blocked,Parry,Resolute,Nimble,Recover 8",1600,,False,Abbey|Animal Husbandry|Apothecary|Armory|Blacksmith|Conditioning Field|Furnace|Gilded Foundry|Herb Garden|Hospitaller|Monastery|Pilgrimage Site|Preceptory|Tannery,8,22
"KT/Arming/Tower/Chain [PrM, MiMiStI, (EInd, SProw, SPie, NCun), Enduring, Rec 6, Recover 7, Recover 8, Shake+1]|M8",Knight Templar,Arming Sword,Tower Shield,Chainmail,,False,25,"Recover 6,Shake +1,Immune Blocked,Parry,Enduring,+1I,Resolute,MaxInit3,Seize: first,Recover 7,Recover 8",1300,,False,Abbey|Alchemy|Animal Husbandry|Apothecary|Armory|Blacksmith|Carpentry|Forge|Furnace|Herb Garden|Hospitaller|Infirmary|Joinery|Ministry of Military Strategy|Monastery|Pilgrimage Site|Preceptory|Tannery,8,26
"KT/Arming+Crossbow/Tower/Cloth (TY) [PrM, (EInd, EProw, SPie, NCun), Florentine, ImmU, Nimble, Rec 6, Shake+1]|M8",Knight Templar,Arming Sword,Tower Shield,Cloth,Crossbow,True,25,"Florentine,Recover 6,Shake +1,Immune Blocked,Parry,Immune Unwieldy,Resolute,Nimble",1600,,False,Abbey|Blacksmith|Carpentry|Coliseum|Conditioning Field|Fletchery|Forge|Furnace|Hospitaller|Joinery|Monastery|Pilgrimage Site|Preceptory|Tiltyard,8,22
"KT/Lance/Buckler/Chain [PrM, (EInd, EProw, SPie, NCun), Enduring, Nimble, Rec 6, Recover 7, Recover 8, Shake+1]|M8",Knight Templar,Lance,Buckler Shield,Chainmail,,False,25,"Recover 6,Shake +1,Immune Blocked,Parry,Enduring,Resolute,Nimble,Recover 7,Recover 8",1300,,False,Abbey|Alchemy|Animal Husbandry|Apothecary|Armory|Blacksmith|Carpentry|Conditioning Field|Forge|Furnace|Herb Garden|Hospitaller|Infirmary|Joinery|Monastery|Pilgrimage Site|Preceptory|Tannery,8,22
"KT/Arming/Kite/FullPlate [PrM, (EInd, EProw, SPie, NCun), Enduring, Nimble, Temp, Rec 6, Recover 7, Recover 8, Shake+1]|M8",Knight Templar,Arming Sword,Kite Shield,Full Plate,,False,25,"Recover 6,Shake +1,Planishing,Immune Blocked,Parry,Enduring,Resolute,Nimble,Recover 7,Recover 8",1300,,False,Abbey|Alchemy|Animal Husbandry|Apothecary|Armory|Blacksmith|Carpentry|Conditioning Field|Furnace|Gilded Foundry|Herb Garden|Hospitaller|Infirmary|Joinery|Monastery|Pilgrimage Site|Preceptory|Tannery,8,22
"KT/Cavalry Spear/Buckler/Cloth [PrM, (RInd, EProw, SPie, NCun), Nimble, Rec 6, Recover 8, Shake+1]|M8",Knight Templar,Cavalry Spear,Buckler Shield,Cloth,,False,25,"Nimble,Recover 6,Parry,Shake +1,Immune Blocked,Resolute,Recover 8",1800,,False,Abbey|Apothecary|Blacksmith|Carpentry|Conditioning Field|Furnace|Herb Garden|Hospitaller|Joinery|Monastery|Pilgrimage Site|Preceptory,8,19
"KT/BattleAxe+Javelin/Cloth (TY) [PrM, (RInd, EProw, SPie, NCun), Florentine, ImmU, Nimble, Rec 6, Shake+1]|M8",Knight Templar,Battle Axe,,Cloth,Javelin,True,25,"Florentine,Recover 6,Shake +1,Immune Blocked,Parry,Resolute,Immune Unwieldy,Nimble",1800,,False,Abbey|Blacksmith|Carpentry|Coliseum|Conditioning Field|Fletchery|Furnace|Hospitaller|Monastery|Pilgrimage Site|Preceptory|Tiltyard,8,19
"KT/Bastard+Longbow/Tower/Cloth (TY) [PrM, (EInd, EProw, SPie, NCun), Florentine, ImmU, Nimble, Rec 6, Riposte, Shake+1]|M8",Knight Templar,Bastard Sword,Tower Shield,Cloth,Longbow,True,25,"Florentine,Recover 6,Improved Parry,Shake +1,Immune Blocked,Parry,Riposte,Immune Unwieldy,Resolute,Nimble",1600,,False,Abbey|Blacksmith|Carpentry|Coliseum|Conditioning Field|Fletchery|Forge|Furnace|Grand Tournament|Hospitaller|Joinery|Monastery|Pilgrimage Site|Preceptory|Tiltyard,8,22
"KT/ShortSword/Targe/Chain [PrM, (RInd, EProw, SPie, NCun), Enduring, Nimble, Rec 6, Recover 7, Recover 8, Shake+1]|M8",Knight Templar,Short Sword,Targe Shield,Chainmail,,False,25,"Recover 6,Shake +1,Immune Blocked,Parry,Enduring,Resolute,Nimble,Recover 7,Recover 8",1300,,False,Abbey|Alchemy|Animal Husbandry|Apothecary|Armory|Blacksmith|Carpentry|Conditioning Field|Furnace|Herb Garden|Hospitaller|Infirmary|Joinery|Monastery|Pilgrimage Site|Preceptory|Tannery,8,19
"KT/Poleaxe/Gothic [ABFM, PrM, (SInd, EProw, SPie, NCun), Nimble, Temp, Rec 6, Serr, Shake+1]|M8",Knight Templar,Poleaxe,,Gothic Plate,,False,25,"ABF,Recover 6,Shake +1,Planishing,Immune Blocked,Parry,Resolute,Nimble,Serrated",900,,False,ABF|Abbey|Animal Husbandry|Armory|Blacksmith|Conditioning Field|Forge|Furnace|Gilded Foundry|Hospitaller|Master Workshop|Monastery|Pilgrimage Site|Preceptory|Stable|Tannery,8,26
"KT/Morningstar+Javelin/Tower/Cloth (TY) [PrM, (EInd, EProw, SPie, NCun), Florentine, ImmU, Nimble, Rec 6, Shake+1]|M8",Knight Templar,Morningstar,Tower Shield,Cloth,Javelin,True,25,"Florentine,Recover 6,Shake +1,Immune Blocked,Parry,Immune Unwieldy,Resolute,Nimble",1600,,False,Abbey|Blacksmith|Carpentry|Coliseum|Conditioning Field|Fletchery|Forge|Furnace|Hospitaller|Joinery|Monastery|Pilgrimage Site|Preceptory|Tiltyard,8,22
"KT/Cavalry Spear/Kite/Cloth [PrM, MiMiStM, (RInd, SProw, SPie, NCun), Rec 6, Shake+1]|M8",Knight Templar,Cavalry Spear,Kite Shield,Cloth,,False,25,"Recover 6,Improved Parry,Shake +1,+1TH,Crit 7,Immune Blocked,Parry,Resolute,+1I,MaxInit3,Seize: first",1400,,False,Abbey|Armory|Blacksmith|Carpentry|Furnace|Hospitaller|Joinery|Ministry of Military Strategy|Monastery|Pilgrimage Site|Preceptory|Tannery|University|War College,8,23
"KT/Cavalry Spear/Buckler/Leather [PrM, (RInd, EProw, SPie, NCun), Enduring, Nimble, Rec 6, Recover 7, Recover 8, Shake+1]|M8",Knight Templar,Cavalry Spear,Buckler Shield,Leather,,False,25,"Recover 6,Shake +1,Immune Blocked,Parry,Enduring,Resolute,Nimble,Recover 7,Recover 8",1500,,False,Abbey|Alchemy|Animal Husbandry|Apothecary|Blacksmith|Carpentry|Conditioning Field|Furnace|Herb Garden|Hospitaller|Infirmary|Joinery|Monastery|Pilgrimage Site|Preceptory|Tannery,8,19
"KT/FarmTools/Targe/Cloth [PrM, (RInd, EProw, SPie, NCun), Nimble, Rec 6, Recover 8, Shake+1]|M8",Knight Templar,Farm Tools,Targe Shield,Cloth,,False,25,"Nimble,Recover 6,Parry,Shake +1,Immune Blocked,Resolute,Recover 8",1800,,False,Abbey|Apothecary|Blacksmith|Carpentry|Conditioning Field|Furnace|Herb Garden|Hospitaller|Joinery|Monastery|Pilgrimage Site|Preceptory,8,19
"KT/ShortSword/Kite/Leather [PrM, MiMiStM, (RInd, SProw, SPie, NCun), Rec 6, Shake+1]|M8",Knight Templar,Short Sword,Kite Shield,Leather,,False,25,"Recover 6,Improved Parry,Shake +1,+1TH,Crit 7,Immune Blocked,Parry,Resolute,+1I,MaxInit3,Seize: first",1400,,False,Abbey|Animal Husbandry|Armory|Blacksmith|Carpentry|Furnace|Hospitaller|Joinery|Ministry of Military Strategy|Monastery|Pilgrimage Site|Preceptory|Tannery|University|War College,8,23
"KT/Arming/Cloth (DW) [PrM, (RInd, EProw, SPie, NCun), DW, Florentine, ImmU, Nimble, Rec 6, Shake+1]|M8",Knight Templar,Arming Sword,,Cloth,,True,25,"Florentine,Recover 6,Shake +1,Immune Blocked,Parry,Dual Wield,Resolute,Immune Unwieldy,Nimble",2000,,False,Abbey|Blacksmith|Carpentry|Coliseum|Conditioning Field|Fletchery|Furnace|Hospitaller|Monastery|Pilgrimage Site|Preceptory|Tiltyard,8,19
"KT/Halberd/Chain [RoPaM, PrM, (RInd, SProw, SPie, NCun), Enduring, Improved Parry, Rec 6, Recover 7, Recover 8, Shake+1]|M8",Knight Templar,Halberd,,Chainmail,,False,25,"Immune Strain,Drilled,Recover 6,Improved Parry,Shake +1,Immune Blocked,Parry,Enduring,Resolute,Recover 7,Recover 8",1500,,False,Abbey|Alchemy|Animal Husbandry|Apothecary|Armory|Blacksmith|Furnace|Grand Tournament|Herb Garden|Hospitaller|Infirmary|Monastery|Pilgrimage Site|Preceptory|Royal Pavilion|Tannery|Tiltyard,8,23
"KT/FarmTools/Tower/Cloth [RoPaI, PrM, (EInd, SProw, SPie, NCun), Rec 6, Recover 8, Shake+1]|M8",Knight Templar,Farm Tools,Tower Shield,Cloth,,False,25,"Immune Strain,Recover 6,Parry,Shake +1,Immune Blocked,Resolute,Recover 8",1800,,False,Abbey|Apothecary|Blacksmith|Carpentry|Forge|Furnace|Herb Garden|Hospitaller|Joinery|Monastery|Pilgrimage Site|Preceptory|Royal Pavilion,8,26
"KT/Arming/Kite/FullPlate [PrM, (EInd, EProw, SPie, NCun), Enduring, Nimble, Temp, Rec 6, Recover 7, Recover 8, Riposte, Shake+1]|M8",Knight Templar,Arming Sword,Kite Shield,Full Plate,,False,25,"Recover 6,Improved Parry,Shake +1,Planishing,Immune Blocked,Parry,Enduring,Resolute,Riposte,Nimble,Recover 7,Recover 8",1300,,False,Abbey|Alchemy|Animal Husbandry|Apothecary|Armory|Blacksmith|Carpentry|Coliseum|Conditioning Field|Furnace|Gilded Foundry|Grand Tournament|Herb Garden|Hospitaller|Infirmary|Joinery|Monastery|Pilgrimage Site|Preceptory|Tannery,8,22
"KT/Flail/Tower/Leather [PrM, (EInd, EProw, SPie, NCun), Enduring, Nimble, Rec 6, Recover 7, Recover 8, Riposte, Shake+1]|M8",Knight Templar,Flail,Tower Shield,Leather,,False,25,"Recover 6,Improved Parry,Shake +1,Immune Blocked,Parry,Enduring,Riposte,Resolute,Nimble,Recover 7,Recover 8",1500,,False,Abbey|Alchemy|Animal Husbandry|Apothecary|Blacksmith|Carpentry|Coliseum|Conditioning Field|Forge|Furnace|Grand Tournament|Herb Garden|Hospitaller|Infirmary|Joinery|Monastery|Pilgrimage Site|Preceptory|Tannery,8,22
"KT/ShortSword/Kite/Cloth [PrM, (RInd, EProw, SPie, NCun), Enduring, Nimble, Rec 6, Recover 7, Recover 8, Shake+1]|M8",Knight Templar,Short Sword,Kite Shield,Cloth,,False,25,"Recover 6,Shake +1,Immune Blocked,Parry,Enduring,Resolute,Nimble,Recover 7,Recover 8",1300,,False,Abbey|Alchemy|Apothecary|Armory|Blacksmith|Carpentry|Conditioning Field|Furnace|Herb Garden|Hospitaller|Infirmary|Joinery|Monastery|Pilgrimage Site|Preceptory|Tannery,8,19
"KT/Cudgel/Leather [PrM, OuInPoM, (NInd, EProw, SPie, SCun), Enduring, Rec 6, Recover 7, Recover 8, Shake+1]|M8",Knight Templar,Cudgel,,Leather,,False,25,"confers:Blocked,Recover 6,confers:Strain,Shake +1,Immune Blocked,Parry,Enduring,Resolute,Outrider: every,Recover 7,Recover 8",1700,,False,Abbey|Alchemy|Animal Husbandry|Apothecary|Caravanery|Cipher Chamber|Herb Garden|Hospitaller|Infirmary|Monastery|Outrider Intercept Post|Pilgrimage Site|Preceptory|Tannery,8,26
"KT/Bastard/Tower/Chain [PrM, (EInd, EProw, SPie, NCun), Enduring, Nimble, Rec 6, Recover 7, Recover 8, Shake+1]|M8",Knight Templar,Bastard Sword,Tower Shield,Chainmail,,False,25,"Recover 6,Shake +1,Immune Blocked,Parry,Enduring,Resolute,Nimble,Recover 7,Recover 8",1300,,False,Abbey|Alchemy|Animal Husbandry|Apothecary|Armory|Blacksmith|Carpentry|Conditioning Field|Forge|Furnace|Herb Garden|Hospitaller|Infirmary|Joinery|Monastery|Pilgrimage Site|Preceptory|Tannery,8,22
"KT/Flail+Longbow/Tower/Cloth (TY) [PrM, (EInd, EProw, SPie, NCun), Florentine, ImmU, Nimble, Rec 6, Shake+1]|M8",Knight Templar,Flail,Tower Shield,Cloth,Longbow,True,25,"Florentine,Recover 6,Shake +1,Immune Blocked,Parry,Immune Unwieldy,Resolute,Nimble",1600,,False,Abbey|Blacksmith|Carpentry|Coliseum|Conditioning Field|Fletchery|Forge|Furnace|Hospitaller|Joinery|Monastery|Pilgrimage Site|Preceptory|Tiltyard,8,22
"KT/FarmTools/Kite/FullPlate [RoPaM, PrM, (EInd, SProw, SPie, NCun), Improved Parry, Temp, Rec 6, Shake+1]|M8",Knight Templar,Farm Tools,Kite Shield,Full Plate,,False,25,"Immune Strain,Drilled,Recover 6,Improved Parry,Shake +1,Planishing,Immune Blocked,Parry,Resolute",1400,,False,Abbey|Animal Husbandry|Armory|Blacksmith|Carpentry|Furnace|Gilded Foundry|Grand Tournament|Hospitaller|Joinery|Monastery|Pilgrimage Site|Preceptory|Royal Pavilion|Tannery|Tiltyard,8,26
"KT/Spears/Tower/Cloth [PrM, (EInd, EProw, SPie, NCun), Nimble, Rec 6, Recover 8, Shake+1]|M8",Knight Templar,Spears,Tower Shield,Cloth,,False,25,"Nimble,Recover 6,Parry,Shake +1,Immune Blocked,Resolute,Recover 8",1800,,False,Abbey|Apothecary|Blacksmith|Carpentry|Conditioning Field|Forge|Furnace|Herb Garden|Hospitaller|Joinery|Monastery|Pilgrimage Site|Preceptory,8,22
"KT/Spears+Longbow/Targe/Cloth (TY) [PrM, (RInd, EProw, SPie, NCun), Florentine, ImmU, Nimble, Rec 6, Shake+1]|M8",Knight Templar,Spears,Targe Shield,Cloth,Longbow,True,25,"Florentine,Recover 6,Shake +1,Immune Blocked,Parry,Immune Unwieldy,Resolute,Nimble",1600,,False,Abbey|Blacksmith|Carpentry|Coliseum|Conditioning Field|Fletchery|Furnace|Hospitaller|Joinery|Monastery|Pilgrimage Site|Preceptory|Tiltyard,8,19
"KT/FarmTools/Kite/Cloth [PrM, (RInd, EProw, SPie, NCun), Enduring, Nimble, Rec 6, Recover 7, Recover 8, Shake+1]|M8",Knight Templar,Farm Tools,Kite Shield,Cloth,,False,25,"Recover 6,Shake +1,Immune Blocked,Parry,Enduring,Resolute,Nimble,Recover 7,Recover 8",1300,,False,Abbey|Alchemy|Apothecary|Armory|Blacksmith|Carpentry|Conditioning Field|Furnace|Herb Garden|Hospitaller|Infirmary|Joinery|Monastery|Pilgrimage Site|Preceptory|Tannery,8,19
"KT/ShortSword/Tower/Chain [PrM, MiMiStI, (EInd, SProw, SPie, NCun), Enduring, Rec 6, Recover 7, Recover 8, Shake+1]|M8",Knight Templar,Short Sword,Tower Shield,Chainmail,,False,25,"Recover 6,Shake +1,Immune Blocked,Parry,Enduring,+1I,Resolute,MaxInit3,Seize: first,Recover 7,Recover 8",1300,,False,Abbey|Alchemy|Animal Husbandry|Apothecary|Armory|Blacksmith|Carpentry|Forge|Furnace|Herb Garden|Hospitaller|Infirmary|Joinery|Ministry of Military Strategy|Monastery|Pilgrimage Site|Preceptory|Tannery,8,26
"KT/Daggers/Chain [PrM, (RInd, EProw, SPie, NCun), Nimble, Rec 6, Recover 8, Shake+1]|M8",Knight Templar,Daggers,,Chainmail,,False,25,"Nimble,Recover 6,Parry,Shake +1,Immune Blocked,Resolute,Recover 8",1600,,False,Abbey|Animal Husbandry|Apothecary|Armory|Blacksmith|Conditioning Field|Furnace|Herb Garden|Hospitaller|Monastery|Pilgrimage Site|Preceptory|Tannery,8,19
"KT/Poleaxe/Leather [ABFM, PrM, (SInd, EProw, SPie, NCun), Nimble, Temp, Rec 6, Serr, Shake+1]|M8",Knight Templar,Poleaxe,,Leather,,False,25,"ABF,Recover 6,Shake +1,Planishing,Immune Blocked,Parry,Resolute,Nimble,Serrated",900,,False,ABF|Abbey|Animal Husbandry|Armory|Blacksmith|Conditioning Field|Forge|Furnace|Gilded Foundry|Hospitaller|Master Workshop|Monastery|Pilgrimage Site|Preceptory|Stable|Tannery,8,26
"KT/Flail+HuntBow/Tower/Cloth (TY) [PrM, (EInd, EProw, SPie, NCun), Florentine, ImmU, Nimble, Rec 6, Shake+1]|M8",Knight Templar,Flail,Tower Shield,Cloth,Hunting Bow,True,25,"Florentine,Recover 6,Shake +1,Immune Blocked,Parry,Immune Unwieldy,Resolute,Nimble",1600,,False,Abbey|Blacksmith|Carpentry|Coliseum|Conditioning Field|Fletchery|Forge|Furnace|Hospitaller|Joinery|Monastery|Pilgrimage Site|Preceptory|Tiltyard,8,22
"KT/2HBastard/Gothic [ABFM, PrM, (SInd, EProw, SPie, NCun), Nimble, Temp, Rec 6, Serr, Shake+1]|M8",Knight Templar,2HBastard,,Gothic Plate,,False,25,"ABF,Recover 6,Shake +1,Planishing,Immune Blocked,Parry,Resolute,Nimble,Serrated",900,,False,ABF|Abbey|Animal Husbandry|Armory|Blacksmith|Conditioning Field|Forge|Furnace|Gilded Foundry|Hospitaller|Master Workshop|Monastery|Pilgrimage Site|Preceptory|Stable|Tannery,8,26
"KT/Arming/Tower/Cloth [PrM, (EInd, EProw, SPie, NCun), Nimble, Rec 6, Recover 8, Shake+1]|M8",Knight Templar,Arming Sword,Tower Shield,Cloth,,False,25,"Nimble,Recover 6,Parry,Shake +1,Immune Blocked,Resolute,Recover 8",1800,,False,Abbey|Apothecary|Blacksmith|Carpentry|Conditioning Field|Forge|Furnace|Herb Garden|Hospitaller|Joinery|Monastery|Pilgrimage Site|Preceptory,8,22
"KT/Halberd/FullPlate [PrM, (EInd, EProw, SPie, NCun), Nimble, Temp, Rec 6, Recover 8, Shake+1]|M8",Knight Templar,Halberd,,Full Plate,,False,25,"Recover 6,Shake +1,Planishing,Immune Blocked,Parry,Resolute,Nimble,Recover 8",1600,,False,Abbey|Animal Husbandry|Apothecary|Armory|Blacksmith|Conditioning Field|Furnace|Gilded Foundry|Herb Garden|Hospitaller|Monastery|Pilgrimage Site|Preceptory|Tannery,8,22
"KT/Lance/Kite/Chain [PrM, (EInd, EProw, SPie, NCun), Enduring, Nimble, Rec 6, Recover 7, Recover 8, Shake+1]|M8",Knight Templar,Lance,Kite Shield,Chainmail,,False,25,"Recover 6,Shake +1,Immune Blocked,Parry,Enduring,Resolute,Nimble,Recover 7,Recover 8",1300,,False,Abbey|Alchemy|Animal Husbandry|Apothecary|Armory|Blacksmith|Carpentry|Conditioning Field|Forge|Furnace|Herb Garden|Hospitaller|Infirmary|Joinery|Monastery|Pilgrimage Site|Preceptory|Tannery,8,22
"KT/Bastard/Tower/Cloth [PrM, OuInPoM, (EInd, EProw, SPie, SCun), Rec 6, Shake+1]|M8",Knight Templar,Bastard Sword,Tower Shield,Cloth,,False,25,"confers:Blocked,Recover 6,confers:Strain,Shake +1,Immune Blocked,Parry,Resolute,Outrider: every",1800,,False,Abbey|Blacksmith|Caravanery|Carpentry|Cipher Chamber|Forge|Furnace|Hospitaller|Joinery|Monastery|Outrider Intercept Post|Pilgrimage Site|Preceptory,8,32
"KT/HuntBow/Leather [PrM, (NInd, EProw, SPie, NCun), Florentine, ImmU, Nimble, Rec 6, Shake+1]|M8",Knight Templar,Farm Tools,,Leather,Hunting Bow,True,25,"Florentine,Recover 6,Shake +1,Immune Blocked,Parry,Resolute,Immune Unwieldy,Nimble",1600,,False,Abbey|Animal Husbandry|Carpentry|Coliseum|Conditioning Field|Fletchery|Hospitaller|Monastery|Pilgrimage Site|Preceptory|Tannery|Tiltyard,8,16
"KT/FarmTools/Targe/Cloth [PrM, MiMiStI, (RInd, SProw, SPie, NCun), Rec 6, Recover 8, Shake+1]|M8",Knight Templar,Farm Tools,Targe Shield,Cloth,,False,25,"Recover 6,Shake +1,Immune Blocked,Parry,Resolute,+1I,MaxInit3,Seize: first,Recover 8",1800,,False,Abbey|Apothecary|Blacksmith|Carpentry|Furnace|Herb Garden|Hospitaller|Joinery|Ministry of Military Strategy|Monastery|Pilgrimage Site|Preceptory,8,23
"KT/Halberd/Cloth [PrM, (RInd, EProw, SPie, RCun), Enduring, Nimble, Poison, Rec 6, Recover 7, Recover 8, Riposte, Shake+1]|M8",Knight Templar,Halberd,,Cloth,,False,25,"Recover 6,Improved Parry,Shake +1,Immune Blocked,Parry,Enduring,Riposte,Resolute,Nimble,Recover 7,Poison,Recover 8",1800,,False,Abbey|Academy|Alchemy|Apothecary|Blacksmith|Coliseum|Conditioning Field|Furnace|Grand Tournament|Herb Garden|Hospitaller|Infirmary|Monastery|Pilgrimage Site|Preceptory|Toxicarium,8,22
"KT/Cavalry Spear/Kite/Cloth [PrM, (RInd, EProw, SPie, NCun), Enduring, Nimble, Rec 6, Recover 7, Recover 8, Shake+1]|M8",Knight Templar,Cavalry Spear,Kite Shield,Cloth,,False,25,"Recover 6,Shake +1,Immune Blocked,Parry,Enduring,Resolute,Nimble,Recover 7,Recover 8",1300,,False,Abbey|Alchemy|Apothecary|Armory|Blacksmith|Carpentry|Conditioning Field|Furnace|Herb Garden|Hospitaller|Infirmary|Joinery|Monastery|Pilgrimage Site|Preceptory|Tannery,8,19
"KT/Arming/Kite/FullPlate [PrM, OuInPoI, (EInd, EProw, SPie, SCun), Enduring, Temp, Rec 6, Recover 7, Recover 8, Shake+1]|M8",Knight Templar,Arming Sword,Kite Shield,Full Plate,,False,25,"confers:Blocked,Recover 6,confers:Strain,Shake +1,Planishing,Immune Blocked,Parry,Enduring,Resolute,Recover 7,Outrider: once,Recover 8",1300,,False,Abbey|Alchemy|Animal Husbandry|Apothecary|Armory|Blacksmith|Carpentry|Furnace|Gilded Foundry|Herb Garden|Hospitaller|Infirmary|Joinery|Monastery|Outrider Intercept Post|Pilgrimage Site|Preceptory|Tannery,8,32
"KT/2HBastard/Leather [PrM, (EInd, EProw, SPie, NCun), Nimble, Rec 6, Recover 8, Shake+1]|M8",Knight Templar,2HBastard,,Leather,,False,25,"Nimble,Recover 6,Parry,Shake +1,Immune Blocked,Resolute,Recover 8",1800,,False,Abbey|Animal Husbandry|Apothecary|Blacksmith|Conditioning Field|Forge|Furnace|Herb Garden|Hospitaller|Monastery|Pilgrimage Site|Preceptory|Tannery,8,22
"KT/Pike/Leather [PrM, MiMiStM, (RInd, SProw, SPie, NCun), Enduring, Rec 6, Recover 7, Recover 8, Shake+1]|M8",Knight Templar,Pike,,Leather,,False,25,"Recover 6,Improved Parry,Shake +1,+1TH,Crit 7,Immune Blocked,Enduring,+1I,Resolute,Parry,MaxInit3,Seize: first,Recover 7,Recover 8",1700,,False,Abbey|Alchemy|Animal Husbandry|Apothecary|Blacksmith|Furnace|Herb Garden|Hospitaller|Infirmary|Ministry of Military Strategy|Monastery|Pilgrimage Site|Preceptory|Tannery|University|War College,8,23
"KT/Cavalry Spear/Kite/Leather [PrM, (RInd, EProw, SPie, NCun), Enduring, Nimble, Rec 6, Recover 7, Recover 8, Riposte, Shake+1]|M8",Knight Templar,Cavalry Spear,Kite Shield,Leather,,False,25,"Recover 6,Improved Parry,Shake +1,Immune Blocked,Parry,Enduring,Riposte,Resolute,Nimble,Recover 7,Recover 8",1300,,False,Abbey|Alchemy|Animal Husbandry|Apothecary|Armory|Blacksmith|Carpentry|Coliseum|Conditioning Field|Furnace|Grand Tournament|Herb Garden|Hospitaller|Infirmary|Joinery|Monastery|Pilgrimage Site|Preceptory|Tannery,8,19
"KT/Flail/Kite/FullPlate [PrM, (EInd, EProw, SPie, NCun), Enduring, Nimble, Temp, Rec 6, Recover 7, Recover 8, Shake+1]|M8",Knight Templar,Flail,Kite Shield,Full Plate,,False,25,"Recover 6,Shake +1,Planishing,Immune Blocked,Parry,Enduring,Resolute,Nimble,Recover 7,Recover 8",1300,,False,Abbey|Alchemy|Animal Husbandry|Apothecary|Armory|Blacksmith|Carpentry|Conditioning Field|Furnace|Gilded Foundry|Herb Garden|Hospitaller|Infirmary|Joinery|Monastery|Pilgrimage Site|Preceptory|Tannery,8,22
"KT/Spears+HuntBow/Targe/Cloth (TY) [PrM, (RInd, EProw, SPie, NCun), Florentine, ImmU, Nimble, Rec 6, Shake+1]|M8",Knight Templar,Spears,Targe Shield,Cloth,Hunting Bow,True,25,"Florentine,Recover 6,Shake +1,Immune Blocked,Parry,Immune Unwieldy,Resolute,Nimble",1600,,False,Abbey|Blacksmith|Carpentry|Coliseum|Conditioning Field|Fletchery|Furnace|Hospitaller|Joinery|Monastery|Pilgrimage Site|Preceptory|Tiltyard,8,19
"KT/Spears+HuntBow/Tower/Cloth (TY) [PrM, (EInd, EProw, SPie, NCun), Florentine, ImmU, Nimble, Rec 6, Shake+1]|M8",Knight Templar,Spears,Tower Shield,Cloth,Hunting Bow,True,25,"Florentine,Recover 6,Shake +1,Immune Blocked,Parry,Immune Unwieldy,Resolute,Nimble",1600,,False,Abbey|Blacksmith|Carpentry|Coliseum|Conditioning Field|Fletchery|Forge|Furnace|Hospitaller|Joinery|Monastery|Pilgrimage Site|Preceptory|Tiltyard,8,22
"KT/Javelin/Cloth [PrM, (RInd, EProw, SPie, NCun), Florentine, ImmU, Nimble, Rec 6, Riposte, Shake+1]|M8",Knight Templar,Farm Tools,,Cloth,Javelin,True,25,"Florentine,Recover 6,Improved Parry,Shake +1,Immune Blocked,Parry,Riposte,Resolute,Immune Unwieldy,Nimble",1800,,False,Abbey|Blacksmith|Carpentry|Coliseum|Conditioning Field|Fletchery|Furnace|Grand Tournament|Hospitaller|Monastery|Pilgrimage Site|Preceptory|Tiltyard,8,19
"KT/Bastard/Tower/Leather [PrM, (EInd, EProw, SPie, NCun), Enduring, Nimble, Rec 6, Recover 7, Recover 8, Shake+1]|M8",Knight Templar,Bastard Sword,Tower Shield,Leather,,False,25,"Recover 6,Shake +1,Immune Blocked,Parry,Enduring,Resolute,Nimble,Recover 7,Recover 8",1500,,False,Abbey|Alchemy|Animal Husbandry|Apothecary|Blacksmith|Carpentry|Conditioning Field|Forge|Furnace|Herb Garden|Hospitaller|Infirmary|Joinery|Monastery|Pilgrimage Site|Preceptory|Tannery,8,22
"KT/Lance/Targe/Cloth [PrM, MiMiStI, (EInd, SProw, SPie, NCun), Rec 6, Recover 8, Shake+1]|M8",Knight Templar,Lance,Targe Shield,Cloth,,False,25,"Recover 6,Shake +1,Immune Blocked,Parry,Resolute,+1I,MaxInit3,Seize: first,Recover 8",1800,,False,Abbey|Apothecary|Blacksmith|Carpentry|Forge|Furnace|Herb Garden|Hospitaller|Joinery|Ministry of Military Strategy|Monastery|Pilgrimage Site|Preceptory,8,26
"KT/WarHammer/Cloth [PrM, (EInd, EProw, SPie, NCun), Enduring, Nimble, Rec 6, Recover 7, Recover 8, Serr, Shake+1]|M8",Knight Templar,War Hammer,,Cloth,,False,25,"Recover 6,Shake +1,Immune Blocked,Parry,Enduring,Resolute,Nimble,Recover 7,Recover 8,Serrated",1700,,False,Abbey|Alchemy|Apothecary|Blacksmith|Conditioning Field|Forge|Furnace|Herb Garden|Hospitaller|Infirmary|Master Workshop|Monastery|Pilgrimage Site|Preceptory|Stable,8,22
"KT/Pike+Javelin/Cloth (TY) [PrM, (RInd, EProw, SPie, NCun), Florentine, ImmU, Nimble, Rec 6, Shake+1]|M8",Knight Templar,Pike,,Cloth,Javelin,True,25,"Florentine,Recover 6,Shake +1,Immune Blocked,Parry,Resolute,Immune Unwieldy,Nimble",1800,,False,Abbey|Blacksmith|Carpentry|Coliseum|Conditioning Field|Fletchery|Furnace|Hospitaller|Monastery|Pilgrimage Site|Preceptory|Tiltyard,8,19
"KT/Cudgel/Cloth [PrM, MiMiStM, (NInd, SProw, SPie, NCun), Enduring, Rec 6, Recover 7, Recover 8, Shake+1]|M8",Knight Templar,Cudgel,,Cloth,,False,25,"Recover 6,Improved Parry,Shake +1,+1TH,Crit 7,Immune Blocked,Enduring,+1I,Resolute,Parry,MaxInit3,Seize: first,Recover 7,Recover 8",1200,,False,Abbey|Alchemy|Animal Husbandry|Apothecary|Butchery|Herb Garden|Hospitaller|Infirmary|Ministry of Military Strategy|Monastery|Pilgrimage Site|Preceptory|Tannery|University|War College,8,20
"KT/Spears/Kite/Leather [PrM, (RInd, EProw, SPie, NCun), Enduring, Nimble, Rec 6, Recover 7, Recover 8, Shake+1]|M8",Knight Templar,Spears,Kite Shield,Leather,,False,25,"Recover 6,Shake +1,Immune Blocked,Parry,Enduring,Resolute,Nimble,Recover 7,Recover 8",1300,,False,Abbey|Alchemy|Animal Husbandry|Apothecary|Armory|Blacksmith|Carpentry|Conditioning Field|Furnace|Herb Garden|Hospitaller|Infirmary|Joinery|Monastery|Pilgrimage Site|Preceptory|Tannery,8,19
"KT/Morningstar/Tower/Leather [PrM, (EInd, EProw, SPie, NCun), Enduring, Nimble, Rec 6, Recover 7, Recover 8, Shake+1]|M8",Knight Templar,Morningstar,Tower Shield,Leather,,False,25,"Recover 6,Shake +1,Immune Blocked,Parry,Enduring,Resolute,Nimble,Recover 7,Recover 8",1500,,False,Abbey|Alchemy|Animal Husbandry|Apothecary|Blacksmith|Carpentry|Conditioning Field|Forge|Furnace|Herb Garden|Hospitaller|Infirmary|Joinery|Monastery|Pilgrimage Site|Preceptory|Tannery,8,22
"KT/Lance/Kite/Leather [PrM, (EInd, EProw, SPie, NCun), Enduring, Nimble, Rec 6, Recover 7, Recover 8, Shake+1]|M8",Knight Templar,Lance,Kite Shield,Leather,,False,25,"Recover 6,Shake +1,Immune Blocked,Parry,Enduring,Resolute,Nimble,Recover 7,Recover 8",1300,,False,Abbey|Alchemy|Animal Husbandry|Apothecary|Armory|Blacksmith|Carpentry|Conditioning Field|Forge|Furnace|Herb Garden|Hospitaller|Infirmary|Joinery|Monastery|Pilgrimage Site|Preceptory|Tannery,8,22
"KT/Poleaxe/FullPlate [ABFM, PrM, (SInd, EProw, SPie, NCun), Nimble, Temp, Rec 6, Serr, Shake+1]|M8",Knight Templar,Poleaxe,,Full Plate,,False,25,"ABF,Recover 6,Shake +1,Planishing,Immune Blocked,Parry,Resolute,Nimble,Serrated",900,,False,ABF|Abbey|Animal Husbandry|Armory|Blacksmith|Conditioning Field|Forge|Furnace|Gilded Foundry|Hospitaller|Master Workshop|Monastery|Pilgrimage Site|Preceptory|Stable|Tannery,8,26
"KT/BattleAxe/Leather [PrM, (RInd, EProw, SPie, NCun), Nimble, Rec 6, Recover 8, Shake+1]|M8",Knight Templar,Battle Axe,,Leather,,False,25,"Nimble,Recover 6,Parry,Shake +1,Immune Blocked,Resolute,Recover 8",1800,,False,Abbey|Animal Husbandry|Apothecary|Blacksmith|Conditioning Field|Furnace|Herb Garden|Hospitaller|Monastery|Pilgrimage Site|Preceptory|Tannery,8,19
"KT/Spears/Targe/Cloth [PrM, OuInPoM, (RInd, EProw, SPie, SCun), Rec 6, Shake+1]|M8",Knight Templar,Spears,Targe Shield,Cloth,,False,25,"confers:Blocked,Recover 6,confers:Strain,Shake +1,Immune Blocked,Parry,Resolute,Outrider: every",1800,,False,Abbey|Blacksmith|Caravanery|Carpentry|Cipher Chamber|Furnace|Hospitaller|Joinery|Monastery|Outrider Intercept Post|Pilgrimage Site|Preceptory,8,29
"KT/ShortSword/Cloth (DW) [PrM, (NInd, EProw, SPie, NCun), DW, Florentine, ImmU, Nimble, Rec 6, Shake+1]|M8",Knight Templar,Short Sword,,Cloth,,True,25,"Florentine,Recover 6,Shake +1,Immune Blocked,Parry,Dual Wield,Resolute,Immune Unwieldy,Nimble",2000,,False,Abbey|Carpentry|Coliseum|Conditioning Field|Fletchery|Furnace|Hospitaller|Monastery|Pilgrimage Site|Preceptory|Tiltyard,8,16
"KT/Pitchfork+HuntBow/Cloth (TY) [PrM, (NInd, EProw, SPie, NCun), Enduring, Florentine, ImmU, Nimble, Rec 6, Recover 7, Recover 8, Shake+1]|M8",Knight Templar,Pitchfork,,Cloth,Hunting Bow,True,25,"Florentine,Recover 6,Shake +1,Immune Blocked,Parry,Enduring,Resolute,Immune Unwieldy,Nimble,Recover 7,Recover 8",1700,,False,Abbey|Alchemy|Apothecary|Carpentry|Coliseum|Conditioning Field|Fletchery|Herb Garden|Hospitaller|Infirmary|Monastery|Pilgrimage Site|Preceptory|Tiltyard,8,16
"KT/BattleAxe/Chain [PrM, (RInd, EProw, SPie, NCun), Nimble, Rec 6, Recover 8, Shake+1]|M8",Knight Templar,Battle Axe,,Chainmail,,False,25,"Nimble,Recover 6,Parry,Shake +1,Immune Blocked,Resolute,Recover 8",1600,,False,Abbey|Animal Husbandry|Apothecary|Armory|Blacksmith|Conditioning Field|Furnace|Herb Garden|Hospitaller|Monastery|Pilgrimage Site|Preceptory|Tannery,8,19
"KT/Cudgel/Leather [PrM, (NInd, EProw, SPie, NCun), Enduring, Nimble, Rec 6, Recover 7, Recover 8, Shake+1]|M8",Knight Templar,Cudgel,,Leather,,False,25,"Recover 6,Shake +1,Immune Blocked,Parry,Enduring,Resolute,Nimble,Recover 7,Recover 8",1200,,False,Abbey|Alchemy|Animal Husbandry|Apothecary|Butchery|Conditioning Field|Herb Garden|Hospitaller|Infirmary|Monastery|Pilgrimage Site|Preceptory|Stable|Tannery,8,16
"KT/ShortSword/Targe/Cloth [PrM, (RInd, EProw, SPie, NCun), Nimble, Rec 6, Recover 8, Shake+1]|M8",Knight Templar,Short Sword,Targe Shield,Cloth,,False,25,"Nimble,Recover 6,Parry,Shake +1,Immune Blocked,Resolute,Recover 8",1800,,False,Abbey|Apothecary|Blacksmith|Carpentry|Conditioning Field|Furnace|Herb Garden|Hospitaller|Joinery|Monastery|Pilgrimage Site|Preceptory,8,19
"KT/Halberd/Cloth [PrM, MiMiStI, (RInd, SProw, SPie, NCun), Enduring, Rec 6, Recover 7, Recover 8, Shake+1]|M8",Knight Templar,Halberd,,Cloth,,False,25,"Recover 6,Shake +1,Immune Blocked,Parry,Enduring,Resolute,+1I,MaxInit3,Seize: first,Recover 7,Recover 8",1200,,False,Abbey|Alchemy|Animal Husbandry|Apothecary|Blacksmith|Butchery|Furnace|Herb Garden|Hospitaller|Infirmary|Ministry of Military Strategy|Monastery|Pilgrimage Site|Preceptory|Tannery,8,23
"KT/FarmTools/Buckler/Cloth [PrM, (RInd, EProw, SPie, RCun), Enduring, Nimble, Poison, Rec 6, Recover 7, Recover 8, Riposte, Shake+1]|M8",Knight Templar,Farm Tools,Buckler Shield,Cloth,,False,25,"Recover 6,Improved Parry,Shake +1,Immune Blocked,Parry,Enduring,Resolute,Riposte,Nimble,Recover 7,Poison,Recover 8",1600,,False,Abbey|Academy|Alchemy|Apothecary|Carpentry|Coliseum|Conditioning Field|Grand Tournament|Herb Garden|Hospitaller|Infirmary|Joinery|Monastery|Pilgrimage Site|Preceptory|Toxicarium,8,22
"KT/FarmTools/Buckler/Leather [PrM, OuInPoM, (RInd, EProw, SPie, SCun), Rec 6, Shake+1]|M8",Knight Templar,Farm Tools,Buckler Shield,Leather,,False,25,"confers:Blocked,Recover 6,confers:Strain,Shake +1,Immune Blocked,Parry,Resolute,Outrider: every",1600,,False,Abbey|Animal Husbandry|Caravanery|Carpentry|Cipher Chamber|Hospitaller|Joinery|Monastery|Outrider Intercept Post|Pilgrimage Site|Preceptory|Tannery,8,29
"KT/Spears+Longbow/Tower/Cloth (TY) [PrM, (EInd, EProw, SPie, NCun), Florentine, ImmU, Nimble, Rec 6, Shake+1]|M8",Knight Templar,Spears,Tower Shield,Cloth,Longbow,True,25,"Florentine,Recover 6,Shake +1,Immune Blocked,Parry,Immune Unwieldy,Resolute,Nimble",1600,,False,Abbey|Blacksmith|Carpentry|Coliseum|Conditioning Field|Fletchery|Forge|Furnace|Hospitaller|Joinery|Monastery|Pilgrimage Site|Preceptory|Tiltyard,8,22
"KT/BattleAxe/Leather [PrM, (RInd, EProw, SPie, NCun), Nimble, Rec 6, Recover 8, Riposte, Shake+1]|M8",Knight Templar,Battle Axe,,Leather,,False,25,"Recover 6,Improved Parry,Shake +1,Immune Blocked,Parry,Riposte,Resolute,Nimble,Recover 8",1800,,False,Abbey|Animal Husbandry|Apothecary|Blacksmith|Coliseum|Conditioning Field|Furnace|Grand Tournament|Herb Garden|Hospitaller|Monastery|Pilgrimage Site|Preceptory|Tannery,8,19
"KT/Spears/Kite/FullPlate [PrM, MiMiStM, (EInd, SProw, SPie, NCun), Temp, Rec 6, Shake+1]|M8",Knight Templar,Spears,Kite Shield,Full Plate,,False,25,"Recover 6,Improved Parry,Shake +1,Planishing,+1TH,Crit 7,Immune Blocked,Parry,+1I,Resolute,MaxInit3,Seize: first",1400,,False,Abbey|Animal Husbandry|Armory|Blacksmith|Carpentry|Furnace|Gilded Foundry|Hospitaller|Joinery|Ministry of Military Strategy|Monastery|Pilgrimage Site|Preceptory|Tannery|University|War College,8,26
"KT/Spears/Targe/Leather [PrM, (RInd, EProw, SPie, NCun), Enduring, Nimble, Rec 6, Recover 7, Recover 8, Shake+1]|M8",Knight Templar,Spears,Targe Shield,Leather,,False,25,"Recover 6,Shake +1,Immune Blocked,Parry,Enduring,Resolute,Nimble,Recover 7,Recover 8",1500,,False,Abbey|Alchemy|Animal Husbandry|Apothecary|Blacksmith|Carpentry|Conditioning Field|Furnace|Herb Garden|Hospitaller|Infirmary|Joinery|Monastery|Pilgrimage Site|Preceptory|Tannery,8,19
"KT/2HBastard+Crossbow/Cloth (TY) [PrM, (EInd, EProw, SPie, NCun), Florentine, ImmU, Nimble, Rec 6, Shake+1]|M8",Knight Templar,2HBastard,,Cloth,Crossbow,True,25,"Florentine,Recover 6,Shake +1,Immune Blocked,Parry,Immune Unwieldy,Resolute,Nimble",1800,,False,Abbey|Blacksmith|Carpentry|Coliseum|Conditioning Field|Fletchery|Forge|Furnace|Hospitaller|Monastery|Pilgrimage Site|Preceptory|Tiltyard,8,22
"KT/Pitchfork/Cloth [PrM, (NInd, EProw, SPie, RCun), Enduring, Nimble, Poison, Rec 6, Recover 7, Recover 8, Shake+1]|M8",Knight Templar,Pitchfork,,Cloth,,False,25,"Recover 6,Shake +1,Immune Blocked,Parry,Enduring,Resolute,Nimble,Recover 7,Poison,Recover 8",1800,,False,Abbey|Academy|Alchemy|Apothecary|Conditioning Field|Herb Garden|Hospitaller|Infirmary|Monastery|Pilgrimage Site|Preceptory|Stable|Toxicarium,8,19
"KT/BattleAxe/Cloth [PrM, (RInd, EProw, SPie, NCun), Enduring, Nimble, Rec 6, Recover 7, Recover 8, Shake+1]|M8",Knight Templar,Battle Axe,,Cloth,,False,25,"Recover 6,Shake +1,Immune Blocked,Parry,Enduring,Resolute,Nimble,Recover 7,Recover 8",1200,,False,Abbey|Alchemy|Animal Husbandry|Apothecary|Blacksmith|Butchery|Conditioning Field|Furnace|Herb Garden|Hospitaller|Infirmary|Monastery|Pilgrimage Site|Preceptory|Tannery,8,19
"KT/Spears+Crossbow/Cloth (TY) [PrM, (EInd, EProw, SPie, NCun), Florentine, ImmU, Nimble, Rec 6, Shake+1]|M8",Knight Templar,Spears,,Cloth,Crossbow,True,25,"Florentine,Recover 6,Shake +1,Immune Blocked,Parry,Immune Unwieldy,Resolute,Nimble",1800,,False,Abbey|Blacksmith|Carpentry|Coliseum|Conditioning Field|Fletchery|Forge|Furnace|Hospitaller|Monastery|Pilgrimage Site|Preceptory|Tiltyard,8,22
"KT/Cudgel+HuntBow/Leather (TY) [PrM, (NInd, EProw, SPie, NCun), Florentine, ImmU, Nimble, Rec 6, Riposte, Shake+1]|M8",Knight Templar,Cudgel,,Leather,Hunting Bow,True,25,"Florentine,Recover 6,Improved Parry,Shake +1,Immune Blocked,Parry,Riposte,Resolute,Immune Unwieldy,Nimble",1600,,False,Abbey|Animal Husbandry|Carpentry|Coliseum|Conditioning Field|Fletchery|Grand Tournament|Hospitaller|Monastery|Pilgrimage Site|Preceptory|Tannery|Tiltyard,8,16
"KT/Cudgel+Crossbow/Cloth (TY) [PrM, (EInd, EProw, SPie, NCun), Florentine, ImmU, Nimble, Rec 6, Shake+1]|M8",Knight Templar,Cudgel,,Cloth,Crossbow,True,25,"Florentine,Recover 6,Shake +1,Immune Blocked,Parry,Immune Unwieldy,Resolute,Nimble",1800,,False,Abbey|Blacksmith|Carpentry|Coliseum|Conditioning Field|Fletchery|Forge|Furnace|Hospitaller|Monastery|Pilgrimage Site|Preceptory|Tiltyard,8,22
"KT/HuntBow/Cloth [PrM, (NInd, EProw, SPie, NCun), Enduring, Florentine, ImmU, Nimble, Rec 6, Recover 7, Recover 8, Shake+1]|M8",Knight Templar,Farm Tools,,Cloth,Hunting Bow,True,25,"Florentine,Recover 6,Shake +1,Immune Blocked,Parry,Enduring,Resolute,Immune Unwieldy,Nimble,Recover 7,Recover 8",1700,,False,Abbey|Alchemy|Apothecary|Carpentry|Coliseum|Conditioning Field|Fletchery|Herb Garden|Hospitaller|Infirmary|Monastery|Pilgrimage Site|Preceptory|Tiltyard,8,16
"KT/2HBastard/Cloth [RoPaI, PrM, (EInd, SProw, SPie, NCun), Enduring, Rec 6, Recover 7, Recover 8, Shake+1]|M8",Knight Templar,2HBastard,,Cloth,,False,25,"Immune Strain,Recover 6,Shake +1,Immune Blocked,Parry,Enduring,Resolute,Recover 7,Recover 8",1200,,False,Abbey|Alchemy|Animal Husbandry|Apothecary|Blacksmith|Butchery|Forge|Furnace|Herb Garden|Hospitaller|Infirmary|Monastery|Pilgrimage Site|Preceptory|Royal Pavilion|Tannery,8,26
"KT/Daggers/Cloth [PrM, (EInd, EProw, SPie, NCun), Enduring, Nimble, Rec 6, Recover 7, Recover 8, Serr, Shake+1]|M8",Knight Templar,Daggers,,Cloth,,False,25,"Recover 6,Shake +1,Immune Blocked,Parry,Enduring,Resolute,Nimble,Recover 7,Recover 8,Serrated",1700,,False,Abbey|Alchemy|Apothecary|Blacksmith|Conditioning Field|Furnace|Herb Garden|Hospitaller|Infirmary|Master Workshop|Monastery|Pilgrimage Site|Preceptory|Stable,8,22
"KT/FarmTools/Leather [PrM, (NInd, EProw, SPie, RCun), Enduring, Nimble, Poison, Rec 6, Recover 7, Recover 8, Riposte, Shake+1]|M8",Knight Templar,Farm Tools,,Leather,,False,25,"Recover 6,Improved Parry,Shake +1,Immune Blocked,Parry,Enduring,Resolute,Riposte,Nimble,Recover 7,Poison,Recover 8",1600,,False,Abbey|Academy|Alchemy|Animal Husbandry|Apothecary|Coliseum|Conditioning Field|Grand Tournament|Herb Garden|Hospitaller|Infirmary|Monastery|Pilgrimage Site|Preceptory|Tannery|Toxicarium,8,19
"KT/Lance/Kite/FullPlate [PrM, (EInd, EProw, SPie, NCun), Enduring, Nimble, Temp, Rec 6, Recover 7, Recover 8, Shake+1]|M8",Knight Templar,Lance,Kite Shield,Full Plate,,False,25,"Recover 6,Shake +1,Planishing,Immune Blocked,Parry,Enduring,Resolute,Nimble,Recover 7,Recover 8",1300,,False,Abbey|Alchemy|Animal Husbandry|Apothecary|Armory|Blacksmith|Carpentry|Conditioning Field|Forge|Furnace|Gilded Foundry|Herb Garden|Hospitaller|Infirmary|Joinery|Monastery|Pilgrimage Site|Preceptory|Tannery,8,22
"KT/Cavalry Spear/Kite/Leather [PrM, (RInd, EProw, SPie, NCun), Enduring, Nimble, Rec 6, Recover 7, Recover 8, Shake+1]|M8",Knight Templar,Cavalry Spear,Kite Shield,Leather,,False,25,"Recover 6,Shake +1,Immune Blocked,Parry,Enduring,Resolute,Nimble,Recover 7,Recover 8",1300,,False,Abbey|Alchemy|Animal Husbandry|Apothecary|Armory|Blacksmith|Carpentry|Conditioning Field|Furnace|Herb Garden|Hospitaller|Infirmary|Joinery|Monastery|Pilgrimage Site|Preceptory|Tannery,8,19
"KT/Halberd/Chain [PrM, (RInd, EProw, SPie, NCun), Nimble, Rec 6, Recover 8, Riposte, Shake+1]|M8",Knight Templar,Halberd,,Chainmail,,False,25,"Recover 6,Improved Parry,Shake +1,Immune Blocked,Parry,Riposte,Resolute,Nimble,Recover 8",1600,,False,Abbey|Animal Husbandry|Apothecary|Armory|Blacksmith|Coliseum|Conditioning Field|Furnace|Grand Tournament|Herb Garden|Hospitaller|Monastery|Pilgrimage Site|Preceptory|Tannery,8,19
"KT/FarmTools/Chain [RoPaI, PrM, (RInd, SProw, SPie, NCun), Rec 6, Recover 8, Shake+1]|M8",Knight Templar,Farm Tools,,Chainmail,,False,25,"Immune Strain,Recover 6,Parry,Shake +1,Immune Blocked,Resolute,Recover 8",1600,,False,Abbey|Animal Husbandry|Apothecary|Armory|Blacksmith|Furnace|Herb Garden|Hospitaller|Monastery|Pilgrimage Site|Preceptory|Royal Pavilion|Tannery,8,23
"KT/Halberd+HuntBow/Cloth (TY) [PrM, (RInd, EProw, SPie, NCun), Florentine, ImmU, Nimble, Rec 6, Shake+1]|M8",Knight Templar,Halberd,,Cloth,Hunting Bow,True,25,"Florentine,Recover 6,Shake +1,Immune Blocked,Parry,Resolute,Immune Unwieldy,Nimble",1800,,False,Abbey|Blacksmith|Carpentry|Coliseum|Conditioning Field|Fletchery|Furnace|Hospitaller|Monastery|Pilgrimage Site|Preceptory|Tiltyard,8,19
"KT/Lance/Buckler/Leather [PrM, MiMiStM, (EInd, SProw, SPie, NCun), Rec 6, Shake+1]|M8",Knight Templar,Lance,Buckler Shield,Leather,,False,25,"Recover 6,Improved Parry,Shake +1,+1TH,Crit 7,Immune Blocked,Parry,Resolute,+1I,MaxInit3,Seize: first",1600,,False,Abbey|Animal Husbandry|Blacksmith|Carpentry|Forge|Furnace|Hospitaller|Joinery|Ministry of Military Strategy|Monastery|Pilgrimage Site|Preceptory|Tannery|University|War College,8,26
"KT/ShortSword+HuntBow/Tower/Cloth (TY) [PrM, (EInd, EProw, SPie, NCun), Florentine, ImmU, Nimble, Rec 6, Shake+1]|M8",Knight Templar,Short Sword,Tower Shield,Cloth,Hunting Bow,True,25,"Florentine,Recover 6,Shake +1,Immune Blocked,Parry,Immune Unwieldy,Resolute,Nimble",1600,,False,Abbey|Blacksmith|Carpentry|Coliseum|Conditioning Field|Fletchery|Forge|Furnace|Hospitaller|Joinery|Monastery|Pilgrimage Site|Preceptory|Tiltyard,8,22
